{"weekday-0-long":"الأحد","weekday-1-long":"الإثنين","weekday-2-long":"الثلاثاء","weekday-3-long":"الأربعاء","weekday-4-long":"الخميس","weekday-5-long":"الجمعة","weekday-6-long":"السبت","weekday-0-short":"أحد","weekday-1-short":"إثنين","weekday-2-short":"ثلاثاء","weekday-3-short":"أربعاء","weekday-4-short":"خميس","weekday-5-short":"جمعة","weekday-6-short":"سبت","month-0-long":"يناير","month-1-long":"فبراير","month-2-long":"مارس","month-3-long":"أبريل","month-4-long":"مايو","month-5-long":"يونيو","month-6-long":"يوليو","month-7-long":"أغسطس","month-8-long":"سبتمبر","month-9-long":"أكتوبر","month-10-long":"نوفمبر","month-11-long":"ديسمبر","month-0-genitive":"يناير","month-1-genitive":"فبراير","month-2-genitive":"مارس","month-3-genitive":"أبريل","month-4-genitive":"مايو","month-5-genitive":"يونيو","month-6-genitive":"يوليو","month-7-genitive":"أغسطس","month-8-genitive":"سبتمبر","month-9-genitive":"أكتوبر","month-10-genitive":"نوفمبر","month-11-genitive":"ديسمبر","month-0-short":"يناير","month-1-short":"فبراير","month-2-short":"مارس","month-3-short":"ابريل","month-4-short":"مايو","month-5-short":"يونيو","month-6-short":"يوليو","month-7-short":"أغسطس","month-8-short":"سبتمبر","month-9-short":"أكتوبر","month-10-short":"نوفمبر","month-11-short":"ديسمبر","minutes-ago-long":{"_index":["plural","value"],"_":{"zero":"الآن","one":"منذ دقيقة","two":"منذ {{value}} دقائق","few":"منذ {{value}} دقائق","many":"منذ {{value}} دقائق","other":"منذ {{value}} دقائق"}},"hours-ago-long":{"_index":["plural","value"],"_":{"zero":"الآن","one":"قبل ساعة واحدة","two":"منذ ساعتين","few":"قبل {{value}} ساعات","many":"قبل {{value}} ساعة","other":"قبل {{value}} ساعة"}},"days-ago-long":{"_index":["plural","value"],"_":{"zero":"اليوم","one":"الأمس","two":"قبل يومين","few":"قبل {{value}} أيام","many":"قبل {{value}} يوم","other":"قبل {{value}} يوم"}},"weeks-ago-long":{"_index":["plural","value"],"_":{"zero":"هذا الأسبوع","one":"الأسبوع الماضي","two":"منذ {{value}} أسابيع","few":"منذ {{value}} أسابيع","many":"منذ {{value}} أسابيع","other":"منذ {{value}} أسابيع"}},"months-ago-long":{"_index":["plural","value"],"_":{"zero":"هذا الشهر","one":"الشهر الماضي","two":"منذ {{value}} أشهر","few":"منذ {{value}} أشهر","many":"منذ {{value}} أشهر","other":"منذ {{value}} أشهر"}},"years-ago-long":{"_index":["plural","value"],"_":{"zero":"هذه السنة","one":"السنة الماضية","two":"منذ سنتين","few":"منذ {{value}} سنوات","many":"منذ {{value}} سنة","other":"منذ {{value}} سنة"}},"minutes-until-long":{"_index":["plural","value"],"_":{"zero":"الآن","one":"خلال دقيقة","two":"خلال دقيقتين","few":"خلال {{value}} دقائق","many":"خلال {{value}} دقيقة","other":"خلال {{value}} دقيقة"}},"hours-until-long":{"_index":["plural","value"],"_":{"zero":"الآن","one":"خلال ساعة","two":"خلال ساعتين","few":"خلال {{value}} ساعات","many":"خلال {{value}} ساعة","other":"خلال {{value}} ساعة"}},"days-until-long":{"_index":["plural","value"],"_":{"zero":"اليوم","one":"غداً","two":"خلال يومين","few":"خلال {{value}} أيام","many":"خلال {{value}} يوم","other":"خلال {{value}} يوم"}},"weeks-until-long":{"_index":["plural","value"],"_":{"zero":"هذا الأسبوع","one":"الأسبوع القادم","two":"خلال اسبوعين","few":"خلال {{value}} أسابيع","many":"خلال {{value}} أسبوع","other":"خلال {{value}} أسبوع"}},"months-until-long":{"_index":["plural","value"],"_":{"zero":"هذا الشهر","one":"الشهر القادم","two":"خلال شهرين","few":"خلال {{value}} أشهر","many":"خلال {{value}} شهر","other":"خلال {{value}} شهر"}},"years-until-long":{"_index":["plural","value"],"_":{"zero":"هذه السنة","one":"السنة القادمة","two":"خلال سنتين","few":"خلال {{value}} سنوات","many":"خلال {{value}} سنة","other":"خلال {{value}} سنة"}},"minutes-ago-short":{"_index":["plural","value"],"_":{"zero":"الآن","other":"منذ {{value}} دقيقة"}},"hours-ago-short":{"_index":["plural","value"],"_":{"zero":"الآن","other":"منذ {{value}} س"}},"days-ago-short":{"_index":["plural","value"],"_":{"zero":"اليوم","other":"منذ {{value}} ي"}},"minutes-until-short":{"_index":["plural","value"],"_":{"zero":"الآن","other":"خلال {{value}} د"}},"hours-until-short":{"_index":["plural","value"],"_":{"zero":"الآن","other":"خلال {{value}} س"}},"days-until-short":{"_index":["plural","value"],"_":{"zero":"اليوم","other":"خلال {{value}} ي"}},"incorrectDate":"(تاريخ غير صحيح)","dateTimeFormat_%c":"%a %b %e %Y %I:%M:%S %p","dateTimeFormat_%x":"%m/%d/%Y","dateTimeFormat_%X":"%I:%M:%S %p","shortTimeFormat":"%I:%M %p","shortDateTimeFormat":"%x %I:%M %p","weekStartsOnMonday":"0","time_am":"ص","time_pm":"م","reset":"إعادة ضبط","start":"بدء","stop":"إيقاف","cancel":"إلغاء","hour":"ساعة","hours":"ساعات","minute":"دقيقة","minutes":"دقائق","enable":"تفعيل","back":"رجوع","label":"مُلصق","alarm":"المنبه","timer":"مُؤقِّت","stopwatch":"ساعة التوقيف","alarmName":{"placeholder":"إسم المنبه"},"newAlarm":"New alarm","editAlarm":"تعديل منبه","pause":"إيقاف مؤقت","resume":"استمرار","lap":"دورة","lap-number":"دورة {{n}}","delete":"حذف","time":"الوقت","snooze-label":"غفوة","snooze-button":"غفوة","repeat":"تكرار","vibrate":"إهتزاز","close":"Close","save":"حِفظ","done":"تم","closeButton":{"ariaLabel":"Close"},"newAlarmButton":{"ariaLabel":"New alarm"},"alarm-volume-label":"System Alarm Volume","default":"إفتراضي","color":"اللون","sound":"الصوت","noSound":"بلا صوت","everyday":"كل يوم","weekdays":"أيام الأسبوع","weekends":"عطلة نهاية الأسبوع","never":"أبداً","vibrateOn":"فعَال","vibrateOff":"معطّل","plusMinute":"+1 دقيقة","dateFormat":"%A, %B %e","countdown-lessThanAnHour":"تم ضبط المنبه خلال <strong>{{minutes}}</strong> من الآن .","countdown-moreThanAnHour":"تم ضبط المنبه خلال {{hours}} {{minutes}} من الآن .","countdown-moreThanADay":"تم ضبط المنبه خلال {{hours}} {{minutes}} من الآن .","nMinutes":{"_index":["plural","n"],"_":{"zero":"أقل من دقيقة","two":"{{n}} دقيقتين.","few":"{{n}} دقائق .","many":"{{n}} دقائق .","other":"{{n}} دقائق ."}},"nHours":{"_index":["plural","n"],"_":{"zero":"اقل من ساعة","one":"<strong>{{n}} ساعة</strong>","two":"<strong>{{n}} ساعتين</strong>","few":"<strong>{{n}} ساعات</strong>","many":"<strong>{{n}} ساعات</strong>","other":"<strong>{{n}} ساعات</strong>"}},"nAndRemainHours":{"_index":["plural","n"],"_":{"zero":"ساعة مُتبقية","one":"و <strong>{{n}} ساعة</strong>","two":"و <strong>{{n}} ساعات</strong>","few":"و <strong>{{n}} ساعات</strong>","many":"و <strong>{{n}} ساعات</strong>","other":"و <strong>{{n}} ساعات</strong>"}},"nRemainDays":{"_index":["plural","n"],"_":{"zero":"يوم مُتبقي","one":"<strong>{{n}} ايام</strong>","two":"<strong>{{n}} أيام</strong>","few":"<strong>{{n}} أيام</strong>","many":"<strong>{{n}} يوم</strong>","other":"<strong>{{n}} يوم</strong>"}},"nRemainMinutes":{"_index":["plural","n"],"_":{"zero":"دقيقة مُتبقية","one":"و <strong>{{n}} دقيقة</strong>","two":"و <strong>{{n}} دقائق</strong>","few":"و <strong>{{n}} دقائق</strong>","many":"و <strong>{{n}} دقائق</strong>","other":"و <strong>{{n}} دقائق</strong>"}},"nSpinnerSeconds":{"_index":["plural","n"],"_":{"zero":"zero seconds","one":"one second","two":"{{n}} seconds","few":"{{n}} seconds","many":"{{n}} seconds","other":"{{n}} seconds"}},"nSpinnerMinutes":{"_index":["plural","n"],"_":{"zero":"zero minutes","one":"one minute","two":"{{n}} minutes","few":"{{n}} minutes","many":"{{n}} minutes","other":"{{n}} minutes"}},"nSpinnerHours":{"_index":["plural","n"],"_":{"zero":"zero hours","one":"{{n}} hour","two":"{{n}} hours","few":"{{n}} hours","many":"{{n}} hours","other":"{{n}} hours"}},"ac_classic_clock_alarm_opus":"طنين كلاسيكي","ac_classic_clock_alarm_prog_opus2":"ذبذبة تدريجية","ac_classic_clock_radio_opus":"نبض كلاسيكي","ac_normal_gem_echoes_opus":"جوهرة الاصداء","ac_soft_smooth_strings_opus":"Smooth Strings","ac_soft_humming_waves_opus":"موجات متلألئه","ac_normal_ringing_strings_opus":"Ringing Strings","ac_soft_into_the_void_opus":"في الفراغ"}