{"weekday-0-long":"diumenge","weekday-1-long":"dilluns","weekday-2-long":"dimarts","weekday-3-long":"dimecres","weekday-4-long":"dijous","weekday-5-long":"divendres","weekday-6-long":"dissabte","weekday-0-short":"dg","weekday-1-short":"dl","weekday-2-short":"dt","weekday-3-short":"dc","weekday-4-short":"dj","weekday-5-short":"dv","weekday-6-short":"ds","month-0-long":"gener","month-1-long":"febrer","month-2-long":"març","month-3-long":"abril","month-4-long":"maig","month-5-long":"juny","month-6-long":"juliol","month-7-long":"agost","month-8-long":"setembre","month-9-long":"octubre","month-10-long":"novembre","month-11-long":"desembre","month-0-genitive":"de gener","month-1-genitive":"de febrer","month-2-genitive":"de març","month-3-genitive":"d'abril","month-4-genitive":"de maig","month-5-genitive":"de juny","month-6-genitive":"de juliol","month-7-genitive":"d'agost","month-8-genitive":"de setembre","month-9-genitive":"d'octubre","month-10-genitive":"de novembre","month-11-genitive":"de desembre","month-0-short":"gen","month-1-short":"febr","month-2-short":"març","month-3-short":"abr","month-4-short":"maig","month-5-short":"juny","month-6-short":"jul","month-7-short":"ag","month-8-short":"set","month-9-short":"oct","month-10-short":"nov","month-11-short":"des","minutes-ago-long":{"_index":["plural","value"],"_":{"zero":"ara","one":"fa un minut","two":"fa {{value}} minuts","few":"fa {{value}} minuts","many":"fa {{value}} minuts","other":"fa {{value}} minuts"}},"hours-ago-long":{"_index":["plural","value"],"_":{"zero":"ara","one":"fa una hora","two":"fa {{value}} hores","few":"fa {{value}} hores","many":"fa {{value}} hores","other":"fa {{value}} hores"}},"days-ago-long":{"_index":["plural","value"],"_":{"zero":"avui","one":"ahir","two":"fa {{value}} dies","few":"fa {{value}} dies","many":"fa {{value}} dies","other":"fa {{value}} dies"}},"weeks-ago-long":{"_index":["plural","value"],"_":{"zero":"aquesta setmana","one":"la setmana passada","two":"fa {{value}} setmanes","few":"fa {{value}} setmanes","many":"fa {{value}} setmanes","other":"fa {{value}} setmanes"}},"months-ago-long":{"_index":["plural","value"],"_":{"zero":"aquest mes","one":"el mes passat","two":"fa {{value}} mesos","few":"fa {{value}} mesos","many":"fa {{value}} mesos","other":"fa {{value}} mesos"}},"years-ago-long":{"_index":["plural","value"],"_":{"zero":"enguany","one":"l'any passat","two":"fa {{value}} anys","few":"fa {{value}} anys","many":"fa {{value}} anys","other":"fa {{value}} anys"}},"minutes-until-long":{"_index":["plural","value"],"_":{"zero":"ara","one":"d'aquí un minut","two":"d'aquí {{value}} minuts","few":"d'aquí {{value}} minuts","many":"d'aquí {{value}} minuts","other":"d'aquí {{value}} minuts"}},"hours-until-long":{"_index":["plural","value"],"_":{"zero":"ara","one":"d'aquí una hora","two":"d'aquí {{value}} hores","few":"d'aquí {{value}} hores","many":"d'aquí {{value}} hores","other":"d'aquí {{value}} hores"}},"days-until-long":{"_index":["plural","value"],"_":{"zero":"avui","one":"demà","two":"d'aquí {{value}} dies","few":"d'aquí {{value}} dies","many":"d'aquí {{value}} dies","other":"d'aquí {{value}} dies"}},"weeks-until-long":{"_index":["plural","value"],"_":{"zero":"aquesta setmana","one":"la setmana que ve","two":"d'aquí {{value}} setmanes","few":"d'aquí {{value}} setmanes","many":"d'aquí {{value}} setmanes","other":"d'aquí {{value}} setmanes"}},"months-until-long":{"_index":["plural","value"],"_":{"zero":"aquest mes","one":"el mes que ve","two":"d'aquí {{value}} mesos","few":"d'aquí {{value}} mesos","many":"d'aquí {{value}} mesos","other":"d'aquí {{value}} mesos"}},"years-until-long":{"_index":["plural","value"],"_":{"zero":"enguany","one":"l'any que ve","two":"d'aquí {{value}} anys","few":"d'aquí {{value}} anys","many":"d'aquí {{value}} anys","other":"d'aquí {{value}} anys"}},"minutes-ago-short":{"_index":["plural","value"],"_":{"zero":"ara","other":"fa {{value}} m"}},"hours-ago-short":{"_index":["plural","value"],"_":{"zero":"ara","other":"fa {{value}} h"}},"days-ago-short":{"_index":["plural","value"],"_":{"zero":"avui","other":"fa {{value}} d"}},"minutes-until-short":{"_index":["plural","value"],"_":{"zero":"ara","other":"d'aquí {{value}} m"}},"hours-until-short":{"_index":["plural","value"],"_":{"zero":"ara","other":"d'aquí {{value}} h"}},"days-until-short":{"_index":["plural","value"],"_":{"zero":"avui","other":"d'aquí {{value}} d"}},"incorrectDate":"(data no vàlida)","dateTimeFormat_%c":"%a %e %Eb, %Y %H:%M:%S","dateTimeFormat_%x":"%d/%m/%Y","dateTimeFormat_%X":"%H:%M:%S","shortTimeFormat":"%H:%M","shortDateTimeFormat":"%x %H:%M","weekStartsOnMonday":"1","time_am":"am","time_pm":"pm","reset":"Reinicia","start":"Inicia","stop":"Atura","cancel":"Cancel·la","hour":"Hora","hours":"Hores","minute":"Minut","minutes":"Minuts","enable":"Activa","back":"Enrere","label":"Etiqueta","alarm":"Alarma","timer":"Temporitzador","stopwatch":"Cronòmetre","alarmName":{"placeholder":"Nom de l'alarma"},"newAlarm":"Alarma nova","editAlarm":"Edita l'alarma","pause":"Pausa","resume":"Reprèn","lap":"Volta","lap-number":"Volta {{n}}","delete":"Elimina","time":"Hora","snooze-label":"Ajorna","snooze-button":"Ajorna","repeat":"Repeteix","vibrate":"Vibració","close":"Tanca","save":"Desa","done":"Fet","closeButton":{"ariaLabel":"Close"},"newAlarmButton":{"ariaLabel":"New alarm"},"alarm-volume-label":"System Alarm Volume","default":"Per defecte","color":"Color","sound":"So","noSound":"Sense so","everyday":"Cada dia","weekdays":"Feiners","weekends":"Caps de setmana","never":"Mai","vibrateOn":"Activada","vibrateOff":"Desactivada","plusMinute":"+1 min.","dateFormat":"%A %e %Eb","countdown-lessThanAnHour":"L'alarma sonarà d'aquí <strong>{{minutes}}</strong>.","countdown-moreThanAnHour":"L'alarma sonarà d'aquí {{hours}} {{minutes}}.","countdown-moreThanADay":"L'alarma sonarà d'aquí {{days}} {{hours}}.","nMinutes":{"_index":["plural","n"],"_":{"zero":"menys d'un minut","one":"un minut","two":"{{n}} minuts","few":"{{n}} minuts","many":"{{n}} minuts","other":"{{n}} minuts"}},"nHours":{"_index":["plural","n"],"_":{"one":"<strong>{{n}} hora</strong>","two":"<strong>{{n}} hores</strong>","few":"<strong>{{n}} hores</strong>","many":"<strong>{{n}} hores</strong>","other":"<strong>{{n}} hores</strong>"}},"nAndRemainHours":{"_index":["plural","n"],"_":{"one":"i <strong>{{n}} hora</strong>","two":"i <strong>{{n}} hores</strong>","few":"i <strong>{{n}} hores</strong>","many":"i <strong>{{n}} hores</strong>","other":"i <strong>{{n}} hores</strong>"}},"nRemainDays":{"_index":["plural","n"],"_":{"one":"<strong>{{n}} dia</strong>","two":"<strong>{{n}} dies</strong>","few":"<strong>{{n}} dies</strong>","many":"<strong>{{n}} dies</strong>","other":"<strong>{{n}} dies</strong>"}},"nRemainMinutes":{"_index":["plural","n"],"_":{"one":"i <strong>{{n}} minut</strong>","two":"i <strong>{{n}} minuts</strong>","few":"i <strong>{{n}} minuts</strong>","many":"i <strong>{{n}} minuts</strong>","other":"i <strong>{{n}} minuts</strong>"}},"nSpinnerSeconds":{"_index":["plural","n"],"_":{"zero":"zero seconds","one":"one second","two":"{{n}} seconds","few":"{{n}} seconds","many":"{{n}} seconds","other":"{{n}} seconds"}},"nSpinnerMinutes":{"_index":["plural","n"],"_":{"zero":"zero minutes","one":"one minute","two":"{{n}} minutes","few":"{{n}} minutes","many":"{{n}} minutes","other":"{{n}} minutes"}},"nSpinnerHours":{"_index":["plural","n"],"_":{"zero":"zero hours","one":"{{n}} hour","two":"{{n}} hours","few":"{{n}} hours","many":"{{n}} hours","other":"{{n}} hours"}},"ac_classic_clock_alarm_opus":"Brunzit clàssic","ac_classic_clock_alarm_prog_opus2":"Pols progressiu","ac_classic_clock_radio_opus":"Pols clàssic","ac_normal_gem_echoes_opus":"Ecos de gemmes","ac_soft_smooth_strings_opus":"Cadenes suaus","ac_soft_humming_waves_opus":"Ones brillants","ac_normal_ringing_strings_opus":"Cadenes sonores","ac_soft_into_the_void_opus":"En el buit"}