{"weekday-0-long":"Neděle","weekday-1-long":"Pondělí","weekday-2-long":"Úterý","weekday-3-long":"Středa","weekday-4-long":"Čtvrtek","weekday-5-long":"Pátek","weekday-6-long":"Sobota","weekday-0-short":"Ne","weekday-1-short":"Po","weekday-2-short":"Út","weekday-3-short":"St","weekday-4-short":"Čt","weekday-5-short":"Pá","weekday-6-short":"So","month-0-long":"Leden","month-1-long":"Únor","month-2-long":"Březen","month-3-long":"Duben","month-4-long":"Květen","month-5-long":"Červen","month-6-long":"Červenec","month-7-long":"Srpen","month-8-long":"Září","month-9-long":"Říjen","month-10-long":"Listopad","month-11-long":"Prosinec","month-0-genitive":"Leden","month-1-genitive":"Únor","month-2-genitive":"Březen","month-3-genitive":"Duben","month-4-genitive":"Květen","month-5-genitive":"Červen","month-6-genitive":"Červenec","month-7-genitive":"Srpen","month-8-genitive":"Září","month-9-genitive":"Říjen","month-10-genitive":"Listopad","month-11-genitive":"Prosinec","month-0-short":"leden","month-1-short":"únor","month-2-short":"březen","month-3-short":"duben","month-4-short":"květen","month-5-short":"červen","month-6-short":"červenec","month-7-short":"srpen","month-8-short":"září","month-9-short":"říjen","month-10-short":"listopad","month-11-short":"prosinec","minutes-ago-long":{"_index":["plural","value"],"_":{"zero":"právě teď","one":"před minutou","two":"před 2 minutami","few":"před {{value}} minutami","many":"před {{value}} minutami","other":"před {{value}} minutami"}},"hours-ago-long":{"_index":["plural","value"],"_":{"zero":"právě teď","one":"před hodinou","two":"před 2 hodinami","few":"před {{value}} hodinami","many":"před {{value}} hodinami","other":"před {{value}} hodinami"}},"days-ago-long":{"_index":["plural","value"],"_":{"zero":"dnes","one":"včera","two":"předevčírem","few":"před {{value}} dny","many":"před {{value}} dny","other":"před {{value}} dny"}},"weeks-ago-long":{"_index":["plural","value"],"_":{"zero":"tento týden","one":"minutý týden","two":"před {{value}} týdny","few":"před {{value}} týdny","many":"před {{value}} týdny","other":"před {{value}} týdny"}},"months-ago-long":{"_index":["plural","value"],"_":{"zero":"tento měsíc","one":"minulý měsíc","two":"před {{value}} měsíci","few":"před {{value}} měsíci","many":"před {{value}} měsíci","other":"před {{value}} měsíci"}},"years-ago-long":{"_index":["plural","value"],"_":{"zero":"tento rok","one":"minulý rok","two":"před {{value}} roky","few":"před {{value}} roky","many":"před {{value}} roky","other":"před {{value}} roky"}},"minutes-until-long":{"_index":["plural","value"],"_":{"zero":"nyní","one":"za minutu","two":"za 2 minuty","few":"za {{value}} minuty","many":"za {{value}} minut","other":"za {{value}} minut"}},"hours-until-long":{"_index":["plural","value"],"_":{"zero":"nyní","one":"za hodinu","two":"za 2 hodiny","few":"za {{value}} hodiny","many":"za {{value}} hodin","other":"za {{value}} hodin"}},"days-until-long":{"_index":["plural","value"],"_":{"zero":"dnes","one":"zítra","two":"pozítří","few":"za {{value}} dny","many":"za {{value}} dnů","other":"za {{value}} dnů"}},"weeks-until-long":{"_index":["plural","value"],"_":{"zero":"tento týden","one":"příští týden","two":"za {{value}} týdny","few":"za {{value}} týdny","many":"za {{value}} týdnů","other":"za {{value}} týdnů"}},"months-until-long":{"_index":["plural","value"],"_":{"zero":"tento měsíc","one":"příští měsíc","two":"za {{value}} měsíce","few":"za {{value}} měsíce","many":"za {{value}} měsíců","other":"za {{value}} měsíců"}},"years-until-long":{"_index":["plural","value"],"_":{"zero":"tento rok","one":"příští rok","two":"za {{value}} roky","few":"za {{value}} roky","many":"za {{value}} roků","other":"za {{value}} roků"}},"minutes-ago-short":{"_index":["plural","value"],"_":{"zero":"právě teď","other":"před {{value}} min"}},"hours-ago-short":{"_index":["plural","value"],"_":{"zero":"právě teď","other":"před {{value}} hod"}},"days-ago-short":{"_index":["plural","value"],"_":{"zero":"dnes","other":"před {{value}} dny"}},"minutes-until-short":{"_index":["plural","value"],"_":{"zero":"nyní","other":"za {{value}} min"}},"hours-until-short":{"_index":["plural","value"],"_":{"zero":"nyní","other":"za {{value}} hod"}},"days-until-short":{"_index":["plural","value"],"_":{"zero":"dnes","other":"za {{value}} dny"}},"incorrectDate":"(neplatné datum)","dateTimeFormat_%c":"%a %e. %b %Y %H:%M:%S","dateTimeFormat_%x":"%e. %m. %Y","dateTimeFormat_%X":"%H:%M:%S","shortTimeFormat":"%H:%M","shortDateTimeFormat":"%x %H:%M","weekStartsOnMonday":"1","time_am":"AM","time_pm":"PM","reset":"Obnovit","start":"Spustit","stop":"Ukončit","cancel":"Zrušit","hour":"Hodina","hours":"Hodiny","minute":"Minuta","minutes":"Minuty","enable":"Povolit","back":"Zrušit","label":"Název","alarm":"Budík","timer":"Časovač","stopwatch":"Stopky","alarmName":{"placeholder":"Název budíku"},"newAlarm":"Nový budík","editAlarm":"Úprava budíku","pause":"Pozastavit","resume":"Pokračovat","lap":"Kolo","lap-number":"Kolo {{n}}","delete":"Smazat","time":"Čas","snooze-label":"Odložit","snooze-button":"Odložit","repeat":"Opakovat","vibrate":"Vibrace","close":"Zavřít","save":"Uložit","done":"Hotovo","closeButton":{"ariaLabel":"Close"},"newAlarmButton":{"ariaLabel":"New alarm"},"alarm-volume-label":"System Alarm Volume","default":"Výchozí","color":"Barva","sound":"Zvuk","noSound":"Bez zvuku","everyday":"Každý den","weekdays":"Pracovní dny","weekends":"Víkend","never":"Nikdy","vibrateOn":"Zapnuty","vibrateOff":"Vypnuty","plusMinute":"+1 Min","dateFormat":"%A %e. %B ","countdown-lessThanAnHour":"Budík se spustí za <strong>{{minutes}}</strong>.","countdown-moreThanAnHour":"Budík se spustí za {{hours}} {{minutes}}.","countdown-moreThanADay":"Budík se spustí za {{days}} {{hours}}.","nMinutes":{"_index":["plural","n"],"_":{"zero":"méně než minutu","one":"minutu","two":"dvě minuty","few":"{{n}} minuty","many":"{{n}} minut","other":"{{n}} minut"}},"nHours":{"_index":["plural","n"],"_":{"one":"<strong>{{n}} hodina</strong>","two":"<strong>{{n}} hodiny</strong>","few":"<strong>{{n}} hodiny</strong>","many":"<strong>{{n}} hodin</strong>","other":"<strong>{{n}} hodin</strong>"}},"nAndRemainHours":{"_index":["plural","n"],"_":{"one":"a <strong>hodinu</strong>","two":"a <strong>dvě hodiny</strong>","few":"a <strong>{{n}} hodiny</strong>","many":"a <strong>{{n}} hodin</strong>","other":"a <strong>{{n}} hodin</strong>"}},"nRemainDays":{"_index":["plural","n"],"_":{"one":"<strong>{{n}} den</strong>","two":"<strong>{{n}} dny</strong>","few":"<strong>{{n}} dny</strong>","many":"<strong>{{n}} dní</strong>","other":"<strong>{{n}} dní</strong>"}},"nRemainMinutes":{"_index":["plural","n"],"_":{"one":"a <strong>minutu</strong>","two":"a <strong>dvě minuty</strong>","few":"a <strong>{{n}} minuty</strong>","many":"a <strong>{{n}} minuty</strong>","other":"a <strong>{{n}} minut</strong>"}},"nSpinnerSeconds":{"_index":["plural","n"],"_":{"zero":"zero seconds","one":"one second","two":"{{n}} seconds","few":"{{n}} seconds","many":"{{n}} seconds","other":"{{n}} seconds"}},"nSpinnerMinutes":{"_index":["plural","n"],"_":{"zero":"zero minutes","one":"one minute","two":"{{n}} minutes","few":"{{n}} minutes","many":"{{n}} minutes","other":"{{n}} minutes"}},"nSpinnerHours":{"_index":["plural","n"],"_":{"zero":"zero hours","one":"{{n}} hour","two":"{{n}} hours","few":"{{n}} hours","many":"{{n}} hours","other":"{{n}} hours"}},"ac_classic_clock_alarm_opus":"Klasický bzučák","ac_classic_clock_alarm_prog_opus2":"Progresivní pulz","ac_classic_clock_radio_opus":"Klasický pulz","ac_normal_gem_echoes_opus":"Ozvěny krystalů","ac_soft_smooth_strings_opus":"Jemné struny","ac_soft_humming_waves_opus":"Chvějící se vlny","ac_normal_ringing_strings_opus":"Drnkající struny","ac_soft_into_the_void_opus":"Do nicoty"}