{"weekday-0-long":"Søndag","weekday-1-long":"Mandag","weekday-2-long":"Tirsdag","weekday-3-long":"Onsdag","weekday-4-long":"Torsdag","weekday-5-long":"Fredag","weekday-6-long":"Lørdag","weekday-0-short":"Søn","weekday-1-short":"Man","weekday-2-short":"Tir","weekday-3-short":"Ons","weekday-4-short":"Tor","weekday-5-short":"Fre","weekday-6-short":"Lør","month-0-long":"Januar","month-1-long":"Februar","month-2-long":"Marts","month-3-long":"April","month-4-long":"Maj","month-5-long":"Juni","month-6-long":"Juli","month-7-long":"August","month-8-long":"September","month-9-long":"Oktober","month-10-long":"November","month-11-long":"December","month-0-genitive":"januar","month-1-genitive":"februar","month-2-genitive":"marts","month-3-genitive":"april","month-4-genitive":"maj","month-5-genitive":"juni","month-6-genitive":"juli","month-7-genitive":"august","month-8-genitive":"september","month-9-genitive":"oktober","month-10-genitive":"november","month-11-genitive":"december","month-0-short":"Jan","month-1-short":"Feb","month-2-short":"Mar","month-3-short":"Apr","month-4-short":"Maj","month-5-short":"Jun","month-6-short":"Jul","month-7-short":"Aug","month-8-short":"Sep","month-9-short":"Okt","month-10-short":"Nov","month-11-short":"Dec","minutes-ago-long":{"_index":["plural","value"],"_":{"zero":"nu","one":"for et minut siden","two":"for {{value}} minutter siden","few":"for {{value}} minutter siden","many":"for {{value}} minutter siden","other":"for {{value}} minutter siden"}},"hours-ago-long":{"_index":["plural","value"],"_":{"zero":"nu","one":"for en time siden","two":"for {{value}} timer siden","few":"for {{value}} timer siden","many":"for {{value}} timer siden","other":"for {{value}} timer siden"}},"days-ago-long":{"_index":["plural","value"],"_":{"zero":"i dag","one":"i går","two":"for {{value}} dage siden","few":"for {{value}} dage siden","many":"for {{value}} dage siden","other":"for {{value}} dage siden"}},"weeks-ago-long":{"_index":["plural","value"],"_":{"zero":"denne uge","one":"sidste uge","two":"for {{value}} uger siden","few":"for {{value}} uger siden","many":"for {{value}} uger siden","other":"for {{value}} uger siden"}},"months-ago-long":{"_index":["plural","value"],"_":{"zero":"denne måned","one":"sidste måned","two":"for {{value}} måneder siden","few":"for {{value}} måneder siden","many":"for {{value}} måneder siden","other":"for {{value}} måneder siden"}},"years-ago-long":{"_index":["plural","value"],"_":{"zero":"dette år","one":"sidste år","two":"for {{value}} år siden","few":"for {{value}} år siden","many":"for {{value}} år siden","other":"for {{value}} år siden"}},"minutes-until-long":{"_index":["plural","value"],"_":{"zero":"nu","one":"om et minut","two":"om {{value}} minutter","few":"om {{value}} minutter","many":"om {{value}} minutter","other":"om {{value}} minutter"}},"hours-until-long":{"_index":["plural","value"],"_":{"zero":"nu","one":"om en time","two":"om {{value}} timer","few":"om {{value}} timer","many":"om {{value}} timer","other":"om {{value}} timer"}},"days-until-long":{"_index":["plural","value"],"_":{"zero":"i dag","one":"i morgen","two":"om {{value}} dage","few":"om {{value}} dage","many":"om {{value}} dage","other":"om {{value}} dage"}},"weeks-until-long":{"_index":["plural","value"],"_":{"zero":"denne uge","one":"næste uge","two":"om {{value}} uger","few":"om {{value}} uger","many":"om {{value}} uger","other":"om {{value}} uger"}},"months-until-long":{"_index":["plural","value"],"_":{"zero":"denne måned","one":"næste måned","two":"om {{value}} måneder","few":"om {{value}} måneder","many":"om {{value}} måneder","other":"om {{value}} måneder"}},"years-until-long":{"_index":["plural","value"],"_":{"zero":"i år","one":"næste år","two":"om {{value}} år","few":"om {{value}} år","many":"om {{value}} år","other":"om {{value}} år"}},"minutes-ago-short":{"_index":["plural","value"],"_":{"zero":"nu","other":"{{value}}m siden"}},"hours-ago-short":{"_index":["plural","value"],"_":{"zero":"nu","other":"{{value}}t siden"}},"days-ago-short":{"_index":["plural","value"],"_":{"zero":"i dag","other":"{{value}}d siden"}},"minutes-until-short":{"_index":["plural","value"],"_":{"zero":"nu","other":"om {{value}}m"}},"hours-until-short":{"_index":["plural","value"],"_":{"zero":"nu","other":"om {{value}}t"}},"days-until-short":{"_index":["plural","value"],"_":{"zero":"i dag","other":"om {{value}}d"}},"incorrectDate":"(forkert dato)","dateTimeFormat_%c":"%a d. %e. %b %Y %H:%M:%S","dateTimeFormat_%x":"%d-%m-%Y","dateTimeFormat_%X":"%H:%M:%S","shortTimeFormat":"%H:%M","shortDateTimeFormat":"%x %H:%M","weekStartsOnMonday":"1","time_am":"AM","time_pm":"PM","reset":"Nulstil","start":"Start","stop":"Stop","cancel":"Annuller","hour":"Time","hours":"Timer","minute":"Minut","minutes":"Minutter","enable":"Aktiver","back":"Tilbage","label":"Etikette","alarm":"Alarm","timer":"Minutur","stopwatch":"Stopur","alarmName":{"placeholder":"Alarmnavn"},"newAlarm":"Ny alarm","editAlarm":"Rediger alarm","pause":"Pause","resume":"Fortsæt","lap":"Mellemtid","lap-number":"Mellemtid {{n}}","delete":"Slet","time":"Tidspunkt","snooze-label":"Udsæt","snooze-button":"Udsæt","repeat":"Gentag","vibrate":"Vibrer","close":"Luk","save":"Gem","done":"Færdig","closeButton":{"ariaLabel":"Luk"},"newAlarmButton":{"ariaLabel":"Ny alarm"},"alarm-volume-label":"Lydstyrke for systemalarm","default":"Standard","color":"Farve","sound":"Lyd","noSound":"Ingen lyd","everyday":"Hver dag","weekdays":"Ugedage","weekends":"Weekender","never":"Aldrig","vibrateOn":"Aktiveret","vibrateOff":"Deaktiveret","plusMinute":"+1 min.","dateFormat":"%A, %e. %B","countdown-lessThanAnHour":"Alarmen er indstillet til <strong>{{minutes}}</strong> fra nu.","countdown-moreThanAnHour":"Alarmen er indstillet til {{hours}} {{minutes}} fra nu.","countdown-moreThanADay":"Alarmen er indstillet til {{days}} {{hours}} fra nu.","nMinutes":{"_index":["plural","n"],"_":{"zero":"mindre end et minut","one":"et minut","two":"{{n}} minutter","few":"{{n}} minutter","many":"{{n}} minutter","other":"{{n}} minutter"}},"nHours":{"_index":["plural","n"],"_":{"one":"<strong>{{n}} time</strong>","two":"<strong>{{n}} timer</strong>","few":"<strong>{{n}} timer</strong>","many":"<strong>{{n}} timer</strong>","other":"<strong>{{n}} timer</strong>"}},"nAndRemainHours":{"_index":["plural","n"],"_":{"one":"og <strong>{{n}} time</strong>","two":"og <strong>{{n}} timer</strong>","few":"og <strong>{{n}} timer</strong>","many":"og <strong>{{n}} timer</strong>","other":"og <strong>{{n}} timer</strong>"}},"nRemainDays":{"_index":["plural","n"],"_":{"one":"<strong>{{n}} dag</strong>","two":"<strong>{{n}} dage</strong>","few":"<strong>{{n}} dage</strong>","many":"<strong>{{n}} dage</strong>","other":"<strong>{{n}} dage</strong>"}},"nRemainMinutes":{"_index":["plural","n"],"_":{"one":"og <strong>{{n}} minut</strong>","two":"og <strong>{{n}} minutter</strong>","few":"og <strong>{{n}} minutter</strong>","many":"og <strong>{{n}} minutter</strong>","other":"og <strong>{{n}} minutter</strong>"}},"nSpinnerSeconds":{"_index":["plural","n"],"_":{"zero":"nul sekunder","one":"et sekund","two":"{{n}} sekunder","few":"{{n}} sekunder","many":"{{n}} sekunder","other":"{{n}} sekunder"}},"nSpinnerMinutes":{"_index":["plural","n"],"_":{"zero":"nul minutter","one":"et minut","two":"{{n}} minutter","few":"{{n}} minutter","many":"{{n}} minutter","other":"{{n}} minutter"}},"nSpinnerHours":{"_index":["plural","n"],"_":{"zero":"nul timer","one":"{{n}} time","two":"{{n}} timer","few":"{{n}} timer","many":"{{n}} timer","other":"{{n}} timer"}},"ac_classic_clock_alarm_opus":"Dobbelt-bip","ac_classic_clock_alarm_prog_opus2":"Pulse Progressive","ac_classic_clock_radio_opus":"Dobbelt-buzz","ac_normal_gem_echoes_opus":"Ædelstensekko","ac_soft_smooth_strings_opus":"Blød strengeleg","ac_soft_humming_waves_opus":"Simrende bølger","ac_normal_ringing_strings_opus":"Strengeleg","ac_soft_into_the_void_opus":"Ind i intetheden"}