{"weekday-0-long":"igandea","weekday-1-long":"astelehena","weekday-2-long":"asteartea","weekday-3-long":"asteazkena","weekday-4-long":"osteguna","weekday-5-long":"ostirala","weekday-6-long":"larunbata","weekday-0-short":"ig.","weekday-1-short":"al.","weekday-2-short":"ar.","weekday-3-short":"az.","weekday-4-short":"og.","weekday-5-short":"or.","weekday-6-short":"lr.","month-0-long":"urtarrila","month-1-long":"otsaila","month-2-long":"martxoa","month-3-long":"apirila","month-4-long":"maiatza","month-5-long":"ekaina","month-6-long":"uztaila","month-7-long":"abuztua","month-8-long":"iraila","month-9-long":"urria","month-10-long":"azaroa","month-11-long":"abendua","month-0-genitive":"urtarrila","month-1-genitive":"otsaila","month-2-genitive":"martxoa","month-3-genitive":"apirila","month-4-genitive":"maiatza","month-5-genitive":"ekaina","month-6-genitive":"uztaila","month-7-genitive":"abuztua","month-8-genitive":"iraila","month-9-genitive":"urria","month-10-genitive":"azaroa","month-11-genitive":"abendua","month-0-short":"urt","month-1-short":"ots","month-2-short":"mar","month-3-short":"api","month-4-short":"mai","month-5-short":"eka","month-6-short":"uzt","month-7-short":"abu","month-8-short":"ira","month-9-short":"urr","month-10-short":"aza","month-11-short":"abe","minutes-ago-long":{"_index":["plural","value"],"_":{"zero":"oraintxe bertan","one":"duela minutu bat","two":"duela {{value}} minutu","few":"duela {{value}} minutu","many":"duela {{value}} minutu","other":"duela {{value}} minutu"}},"hours-ago-long":{"_index":["plural","value"],"_":{"zero":"oraintxe bertan","one":"duela ordubete","two":"duela {{value}} ordu","few":"duela {{value}} ordu","many":"duela {{value}} ordu","other":"duela {{value}} ordu"}},"days-ago-long":{"_index":["plural","value"],"_":{"zero":"gaur","one":"atzo","two":"herenegun","few":"duela {{value}} egun","many":"duela {{value}} egun","other":"duela {{value}} egun"}},"weeks-ago-long":{"_index":["plural","value"],"_":{"zero":"aste honetan","one":"azken astean","two":"duela {{value}} aste","few":"duela {{value}} aste","many":"duela {{value}} aste","other":"duela {{value}} aste"}},"months-ago-long":{"_index":["plural","value"],"_":{"zero":"hilabete honetan","one":"azken hilabetean","two":"duela {{value}} hilabete","few":"duela {{value}} hilabete","many":"duela {{value}} hilabete","other":"duela {{value}} hilabete"}},"years-ago-long":{"_index":["plural","value"],"_":{"zero":"aurten","one":"iaz","two":"duela {{value}} urte","few":"duela {{value}} urte","many":"duela {{value}} urte","other":"duela {{value}} urte"}},"minutes-until-long":{"_index":["plural","value"],"_":{"zero":"orain","one":"minutu barru","two":"{{value}} minutu barru","few":"{{value}} minutu barru","many":"{{value}} minutu barru","other":"{{value}} minutu barru"}},"hours-until-long":{"_index":["plural","value"],"_":{"zero":"orain","one":"ordubete barru","two":"{{value}} ordu barru","few":"{{value}} ordu barru","many":"{{value}} ordu barru","other":"{{value}} ordu barru"}},"days-until-long":{"_index":["plural","value"],"_":{"zero":"gaur","one":"bihar","two":"etzi","few":"{{value}} egun barru","many":"{{value}} egun barru","other":"{{value}} egun barru"}},"weeks-until-long":{"_index":["plural","value"],"_":{"zero":"aste honetan","one":"hurrengo astean","two":"{{value}} aste barru","few":"{{value}} aste barru","many":"{{value}} aste barru","other":"{{value}} aste barru"}},"months-until-long":{"_index":["plural","value"],"_":{"zero":"hil honetan","one":"hurrengo hilean","two":"{{value}} hilabete barru","few":"{{value}} hilabete barru","many":"{{value}} hilabete barru","other":"{{value}} hilabete barru"}},"years-until-long":{"_index":["plural","value"],"_":{"zero":"aurten","one":"hurrengo urtean","two":"{{value}} urte barru","few":"{{value}} urte barru","many":"{{value}} urte barru","other":"{{value}} urte barru"}},"minutes-ago-short":{"_index":["plural","value"],"_":{"zero":"oraintxe bertan","other":"duela {{value}}m"}},"hours-ago-short":{"_index":["plural","value"],"_":{"zero":"oraintxe bertan","other":"duela {{value}}h"}},"days-ago-short":{"_index":["plural","value"],"_":{"zero":"gaur","other":"duela {{value}}eg."}},"minutes-until-short":{"_index":["plural","value"],"_":{"zero":"orain","other":"{{value}}m barru"}},"hours-until-short":{"_index":["plural","value"],"_":{"zero":"orain","other":"{{value}}h barru"}},"days-until-short":{"_index":["plural","value"],"_":{"zero":"gaur","other":"{{value}}eg. barru"}},"incorrectDate":"(data okerra)","dateTimeFormat_%c":"%a, %Y.eko %Bren %ea %H:%M:%S","dateTimeFormat_%x":"%Y/%m/%d","dateTimeFormat_%X":"%H:%M:%S","shortTimeFormat":"%H:%M","shortDateTimeFormat":"%x %H:%M","weekStartsOnMonday":"1","time_am":"AM","time_pm":"PM","reset":"Berrezarri","start":"Hasi","stop":"Gelditu","cancel":"Utzi","hour":"Ordua","hours":"Orduak","minute":"Minutua","minutes":"Minutuak","enable":"Gaitu","back":"Atzera","label":"Etiketa","alarm":"Alarma","timer":"Tenporizadorea","stopwatch":"Kronometroa","alarmName":{"placeholder":"Alarmaren izena"},"newAlarm":"Alarma berria","editAlarm":"Editatu alarma","pause":"Pausatu","resume":"Berrekin","lap":"Bira","lap-number":"{{n}}. bira","delete":"Ezabatu","time":"Denbora","snooze-label":"Utzi geroko","snooze-button":"Utzi geroko","repeat":"Errepikatu","vibrate":"Bibratu","close":"Itxi","save":"Gorde","done":"Eginda","closeButton":{"ariaLabel":"Close"},"newAlarmButton":{"ariaLabel":"New alarm"},"alarm-volume-label":"System Alarm Volume","default":"Lehenetsia","color":"Kolorea","sound":"Soinua","noSound":"Soinurik ez","everyday":"Egunero","weekdays":"Astegunetan","weekends":"Asteburuan","never":"Inoiz ez","vibrateOn":"Aktibatu","vibrateOff":"Desaktibatu","plusMinute":"+1 Min","dateFormat":"%A, %Bk %e","countdown-lessThanAnHour":"Alarma <strong>{{minutes}}</strong> barru hasiko da.","countdown-moreThanAnHour":"Alarma {{hours}} {{minutes}} barru hasiko da.","countdown-moreThanADay":"Alarma {{days}} {{hours}} barru hasiko da.","nMinutes":{"_index":["plural","n"],"_":{"zero":"minutu baino gutxiago","one":"minutu bat","two":"{{n}} minutu","few":"{{n}} minutu","many":"{{n}} minutu","other":"{{n}} minutu"}},"nHours":{"_index":["plural","n"],"_":{"one":"<strong>ordubete</strong>","two":"<strong>{{n}} ordu</strong>","few":"<strong>{{n}} ordu</strong>","many":"<strong>{{n}} ordu</strong>","other":"<strong>{{n}} ordu</strong>"}},"nAndRemainHours":{"_index":["plural","n"],"_":{"one":"eta <strong>ordubete</strong>","two":"eta <strong>{{n}} ordu</strong>","few":"eta <strong>{{n}} ordu</strong>","many":"eta <strong>{{n}} ordu</strong>","other":"eta <strong>{{n}} ordu</strong>"}},"nRemainDays":{"_index":["plural","n"],"_":{"one":"<strong>egun bat</strong>","two":"<strong>{{n}} egun</strong>","few":"<strong>{{n}} egun</strong>","many":"<strong>{{n}} egun</strong>","other":"<strong>{{n}} egun</strong>"}},"nRemainMinutes":{"_index":["plural","n"],"_":{"one":"eta <strong>minutu bat</strong>","two":"eta <strong>{{n}} minutu</strong>","few":"eta <strong>{{n}} minutu</strong>","many":"eta <strong>{{n}} minutu</strong>","other":"eta <strong>{{n}} minutu</strong>"}},"nSpinnerSeconds":{"_index":["plural","n"],"_":{"zero":"zero seconds","one":"one second","two":"{{n}} seconds","few":"{{n}} seconds","many":"{{n}} seconds","other":"{{n}} seconds"}},"nSpinnerMinutes":{"_index":["plural","n"],"_":{"zero":"zero minutes","one":"one minute","two":"{{n}} minutes","few":"{{n}} minutes","many":"{{n}} minutes","other":"{{n}} minutes"}},"nSpinnerHours":{"_index":["plural","n"],"_":{"zero":"zero hours","one":"{{n}} hour","two":"{{n}} hours","few":"{{n}} hours","many":"{{n}} hours","other":"{{n}} hours"}},"ac_classic_clock_alarm_opus":"Txirrin klasikoa","ac_classic_clock_alarm_prog_opus2":"Pultsu progresiboa","ac_classic_clock_radio_opus":"Pultsu klasikoa","ac_normal_gem_echoes_opus":"Harribitxi-oihartzunak","ac_soft_smooth_strings_opus":"Kate leunak","ac_soft_humming_waves_opus":"Olatu distiratsuak","ac_normal_ringing_strings_opus":"Kateen dangada","ac_soft_into_the_void_opus":"Hutsean"}