{"weekday-0-long":"Недела","weekday-1-long":"Понеделник","weekday-2-long":"Вторник","weekday-3-long":"Среда","weekday-4-long":"Четврток","weekday-5-long":"Петок","weekday-6-long":"Сабота","weekday-0-short":"Нед","weekday-1-short":"Пон","weekday-2-short":"Вто","weekday-3-short":"Сре","weekday-4-short":"Чет","weekday-5-short":"Пет","weekday-6-short":"Саб","month-0-long":"јануари","month-1-long":"февруари","month-2-long":"март","month-3-long":"април","month-4-long":"мај","month-5-long":"јуни","month-6-long":"јули","month-7-long":"август","month-8-long":"септември","month-9-long":"октомври","month-10-long":"ноември","month-11-long":"декември","month-0-genitive":"јануари","month-1-genitive":"февруари","month-2-genitive":"март","month-3-genitive":"април","month-4-genitive":"мај","month-5-genitive":"јуни","month-6-genitive":"јули","month-7-genitive":"август","month-8-genitive":"септември","month-9-genitive":"октомври","month-10-genitive":"ноември","month-11-genitive":"декември","month-0-short":"јан","month-1-short":"фев","month-2-short":"мар","month-3-short":"апр","month-4-short":"мај","month-5-short":"јун","month-6-short":"јул","month-7-short":"авг","month-8-short":"сеп","month-9-short":"окт","month-10-short":"ное","month-11-short":"дек","minutes-ago-long":{"_index":["plural","value"],"_":{"zero":"сега","one":"пред една минута","two":"пред {{value}} минути","few":"пред {{value}} минути","many":"пред {{value}} минути","other":"пред {{value}} минути"}},"hours-ago-long":{"_index":["plural","value"],"_":{"zero":"сега","one":"пред еден час","two":"пред {{value}} часа","few":"пред {{value}} часа","many":"пред {{value}} часови","other":"пред {{value}} часови"}},"days-ago-long":{"_index":["plural","value"],"_":{"zero":"денес","one":"вчера","two":"пред {{value}} дена","few":"пред {{value}} дена","many":"пред {{value}} денови","other":"пред {{value}} денови"}},"weeks-ago-long":{"_index":["plural","value"],"_":{"zero":"оваа недела","one":"минатата недела","two":"пред {{value}} недели","few":"пред {{value}} недели","many":"пред {{value}} недели","other":"пред {{value}} недели"}},"months-ago-long":{"_index":["plural","value"],"_":{"zero":"овој месец","one":"минатиот месец","two":"пред {{value}} месеци","few":"пред {{value}} месеци","many":"пред {{value}} месеци","other":"пред {{value}} месеци"}},"years-ago-long":{"_index":["plural","value"],"_":{"zero":"оваа година","one":"минатата година","two":"пред {{value}} години","few":"пред {{value}} години","many":"пред {{value}} години","other":"пред {{value}} години"}},"minutes-until-long":{"_index":["plural","value"],"_":{"zero":"сега","one":"за една минута","two":"за {{value}} минути","few":"за {{value}} минути","many":"за {{value}} минути","other":"за {{value}} минути"}},"hours-until-long":{"_index":["plural","value"],"_":{"zero":"сега","one":"за еден час","two":"за {{value}} часа","few":"за {{value}} часа","many":"за {{value}} часови","other":"за {{value}} часови"}},"days-until-long":{"_index":["plural","value"],"_":{"zero":"денес","one":"утре","two":"за {{value}} дена","few":"за {{value}} дена","many":"за {{value}} денови","other":"за {{value}} денови"}},"weeks-until-long":{"_index":["plural","value"],"_":{"zero":"оваа седмица","one":"следната седмица","two":"за {{value}} седмици","few":"за {{value}} седмици","many":"за {{value}} седмици","other":"за {{value}} седмици"}},"months-until-long":{"_index":["plural","value"],"_":{"zero":"овој месец","one":"следниот месец","two":"за {{value}} месеци","few":"за {{value}} месеци","many":"за {{value}} месеци","other":"за {{value}} месеци"}},"years-until-long":{"_index":["plural","value"],"_":{"zero":"оваа година","one":"следната година","two":"за {{value}} години","few":"за {{value}} години","many":"за {{value}} години","other":"за {{value}} години"}},"minutes-ago-short":{"_index":["plural","value"],"_":{"zero":"сега","other":"пред {{value}}m"}},"hours-ago-short":{"_index":["plural","value"],"_":{"zero":"сега","other":"пред {{value}}h"}},"days-ago-short":{"_index":["plural","value"],"_":{"zero":"денес","other":"пред {{value}}d"}},"minutes-until-short":{"_index":["plural","value"],"_":{"zero":"сега","other":"за {{value}}m"}},"hours-until-short":{"_index":["plural","value"],"_":{"zero":"сега","other":"за {{value}}h"}},"days-until-short":{"_index":["plural","value"],"_":{"zero":"денес","other":"за {{value}}d"}},"incorrectDate":"(неточен датум)","dateTimeFormat_%c":"%a %b %e %Y %H:%M:%S","dateTimeFormat_%x":"%d/%m/%Y","dateTimeFormat_%X":"%H:%M:%S","shortTimeFormat":"%H:%M","shortDateTimeFormat":"%x %H:%M","weekStartsOnMonday":"1","time_am":"AM","time_pm":"PM","reset":"Ресетирај","start":"Почни","stop":"Заврши","cancel":"Откажи","hour":"Час","hours":"часови","minute":"Минута","minutes":"Минути","enable":"Овозможи","back":"Назад","label":"Име","alarm":"Аларм","timer":"Тајмер","stopwatch":"Стоперка","alarmName":{"placeholder":"Име на алармот"},"newAlarm":"Нов аларм","editAlarm":"Уреди го алармот","pause":"Пауза","resume":"Продолжи","lap":"Круг","lap-number":"Круг бр. {{n}}","delete":"Избриши","time":"Време","snooze-label":"Спиј","snooze-button":"Спиј","repeat":"Повтори","vibrate":"Вибрирај","close":"Затвори","save":"Сними","done":"Заврши","closeButton":{"ariaLabel":"Close"},"newAlarmButton":{"ariaLabel":"New alarm"},"alarm-volume-label":"System Alarm Volume","default":"Основно","color":"Боја","sound":"Звук","noSound":"Без звук","everyday":"Секој ден","weekdays":"Работни денови","weekends":"Викенди","never":"Никогаш","vibrateOn":"Да","vibrateOff":"Не","plusMinute":"+1 мин","dateFormat":"%A, %e %B","countdown-lessThanAnHour":"Алармот е поставен за <strong>{{minutes}}</strong> од сега.","countdown-moreThanAnHour":"Алармот е поставен за {{hours}} {{minutes}} од сега.","countdown-moreThanADay":"Алармот е поставен за {{days}} {{hours}} од сега.","nMinutes":{"_index":["plural","n"],"_":{"zero":"помалку од една минута","one":"една минута","two":"{{n}} минути","few":"{{n}} минути","many":"{{n}} минути","other":"{{n}} минути"}},"nHours":{"_index":["plural","n"],"_":{"few":"<strong>{{n}} часови</strong>","many":"<strong>{{n}} часови</strong>","one":"<strong>{{n}} час</strong>","other":"<strong>{{n}} часови</strong>","two":"<strong>{{n}} часа</strong>","zero":"<strong>{{n}} часови</strong>"}},"nAndRemainHours":{"_index":["plural","n"],"_":{"few":"и <strong>{{n}} часови</strong>","many":"и <strong>{{n}} часови</strong>","one":"и <strong>{{n}} час</strong>","other":"и <strong>{{n}} часови</strong>","two":"и <strong>{{n}} часа</strong>","zero":"и <strong>{{n}} часови</strong>"}},"nRemainDays":{"_index":["plural","n"],"_":{"few":"<strong>{{n}} денови</strong>","many":"<strong>{{n}} денови</strong>","one":"<strong>{{n}} ден</strong>","other":"<strong>{{n}} денови</strong>","two":"<strong>{{n}} дена</strong>","zero":"<strong>{{n}} денови</strong>"}},"nRemainMinutes":{"_index":["plural","n"],"_":{"zero":"и <strong>{{n}} минути</strong>","one":"и <strong>{{n}} минута</strong>","two":"и <strong>{{n}} минути</strong>","few":"и <strong>{{n}} минути</strong>","many":"и <strong>{{n}} минути</strong>","other":"и <strong>{{n}} минути</strong>"}},"nSpinnerSeconds":{"_index":["plural","n"],"_":{"zero":"zero seconds","one":"one second","two":"{{n}} seconds","few":"{{n}} seconds","many":"{{n}} seconds","other":"{{n}} seconds"}},"nSpinnerMinutes":{"_index":["plural","n"],"_":{"zero":"zero minutes","one":"one minute","two":"{{n}} minutes","few":"{{n}} minutes","many":"{{n}} minutes","other":"{{n}} minutes"}},"nSpinnerHours":{"_index":["plural","n"],"_":{"zero":"zero hours","one":"{{n}} hour","two":"{{n}} hours","few":"{{n}} hours","many":"{{n}} hours","other":"{{n}} hours"}},"ac_classic_clock_alarm_opus":"Обично зуење","ac_classic_clock_alarm_prog_opus2":"Пулсирање со прогресија","ac_classic_clock_radio_opus":"Пулс","ac_normal_gem_echoes_opus":"Ехо","ac_soft_smooth_strings_opus":"Нежна гитара","ac_soft_humming_waves_opus":"Бранови","ac_normal_ringing_strings_opus":"Ѕвонлива гитара","ac_soft_into_the_void_opus":"Во празнината"}