{"weekday-0-long":"Niedziela","weekday-1-long":"Poniedziałek","weekday-2-long":"Wtorek","weekday-3-long":"Środa","weekday-4-long":"Czwartek","weekday-5-long":"Piątek","weekday-6-long":"Sobota","weekday-0-short":"Nd","weekday-1-short":"Pn","weekday-2-short":"Wt","weekday-3-short":"Śr","weekday-4-short":"Cz","weekday-5-short":"Pt","weekday-6-short":"Sb","month-0-long":"Styczeń","month-1-long":"Luty","month-2-long":"Marzec","month-3-long":"Kwiecień","month-4-long":"Maj","month-5-long":"Czerwiec","month-6-long":"Lipiec","month-7-long":"Sierpień","month-8-long":"Wrzesień","month-9-long":"Październik","month-10-long":"Listopad","month-11-long":"Grudzień","month-0-genitive":"stycznia","month-1-genitive":"lutego","month-2-genitive":"marca","month-3-genitive":"kwietnia","month-4-genitive":"maja","month-5-genitive":"czerwca","month-6-genitive":"lipca","month-7-genitive":"sierpnia","month-8-genitive":"września","month-9-genitive":"października","month-10-genitive":"listopada","month-11-genitive":"grudnia","month-0-short":"sty","month-1-short":"lut","month-2-short":"mar","month-3-short":"kwi","month-4-short":"maj","month-5-short":"cze","month-6-short":"lip","month-7-short":"sie","month-8-short":"wrz","month-9-short":"paź","month-10-short":"lis","month-11-short":"gru","minutes-ago-long":{"_index":["plural","value"],"_":{"zero":"w tym momencie","one":"przed minutą","two":"dwie minuty temu","few":"{{value}} minuty temu","many":"{{value}} minut temu","other":"{{value}} minut temu"}},"hours-ago-long":{"_index":["plural","value"],"_":{"zero":"w tej godzinie","one":"godzinę temu","two":"dwie godziny temu","few":"{{value}} godziny temu","many":"{{value}} godzin temu","other":"{{value}} godzin temu"}},"days-ago-long":{"_index":["plural","value"],"_":{"zero":"dzisiaj","one":"wczoraj","two":"przedwczoraj","few":"{{value}} dni temu","many":"{{value}} dni temu","other":"{{value}} dni temu"}},"weeks-ago-long":{"_index":["plural","value"],"_":{"zero":"w tym tygodniu","one":"w zeszłym tygodniu","two":"dwa tygodnie temu","few":"{{value}} tygodnie temu","many":"{{value}} tygodni temu","other":"{{value}} tygodni temu"}},"months-ago-long":{"_index":["plural","value"],"_":{"zero":"w tym miesiącu","one":"w zeszłym miesiącu","two":"dwa miesiące temu","few":"{{value}} miesiące temu","many":"{{value}} miesięcy temu","other":"{{value}} miesięcy temu"}},"years-ago-long":{"_index":["plural","value"],"_":{"zero":"w tym roku","one":"w zeszłym roku","two":"dwa lata temu","few":"{{value}} lata temu","many":"{{value}} lat temu","other":"{{value}} lat temu"}},"minutes-until-long":{"_index":["plural","value"],"_":{"zero":"teraz","one":"za minutę","two":"za dwie minuty","few":"za {{value}} minuty","many":"za {{value}} minut","other":"za {{value}} minut"}},"hours-until-long":{"_index":["plural","value"],"_":{"zero":"teraz","one":"za godzinę","two":"za dwie godziny","few":"za {{value}} godziny","many":"za {{value}} godzin","other":"za {{value}} godzin"}},"days-until-long":{"_index":["plural","value"],"_":{"zero":"dzisiaj","one":"jutro","two":"za dwa dni","few":"za {{value}} dni","many":"za {{value}} dni","other":"za {{value}} dni"}},"weeks-until-long":{"_index":["plural","value"],"_":{"zero":"w tym tygodniu","one":"w przyszłym tygodniu","two":"za dwa tygodnie","few":"za {{value}} tygodnie","many":"za {{value}} tygodni","other":"za {{value}} tygodni"}},"months-until-long":{"_index":["plural","value"],"_":{"zero":"w tym miesiącu","one":"w przyszłym miesiącu","two":"za dwa miesiące","few":"za {{value}} miesiące","many":"za {{value}} miesięcy","other":"za {{value}} miesięcy"}},"years-until-long":{"_index":["plural","value"],"_":{"zero":"w tym roku","one":"w przyszłym roku","two":"za dwa lata","few":"za {{value}} lata","many":"za {{value}} lat","other":"za {{value}} lat"}},"minutes-ago-short":{"_index":["plural","value"],"_":{"zero":"teraz","other":"{{value}} min temu"}},"hours-ago-short":{"_index":["plural","value"],"_":{"zero":"teraz","other":"{{value}} godz. temu"}},"days-ago-short":{"_index":["plural","value"],"_":{"zero":"dzisiaj","other":"{{value}} dni temu"}},"minutes-until-short":{"_index":["plural","value"],"_":{"zero":"teraz","other":"za {{value}} min"}},"hours-until-short":{"_index":["plural","value"],"_":{"zero":"teraz","other":"za {{value}} godz."}},"days-until-short":{"_index":["plural","value"],"_":{"zero":"dzisiaj","other":"za {{value}} dni"}},"incorrectDate":"(nieprawidłowa data)","dateTimeFormat_%c":"%a, %e %b %Y, %H:%M:%S","dateTimeFormat_%x":"%e.%m.%Y","dateTimeFormat_%X":"%H:%M:%S","shortTimeFormat":"%H:%M","shortDateTimeFormat":"%x %H:%M","weekStartsOnMonday":"1","time_am":"AM","time_pm":"PM","reset":"Resetuj","start":"Uruchom","stop":"Zatrzymaj","cancel":"Anuluj","hour":"Godzina","hours":"Godziny","minute":"Minuta","minutes":"Minuty","enable":"Włącz","back":"Cofnij","label":"Etykieta","alarm":"Alarm","timer":"Minutnik","stopwatch":"Stoper","alarmName":{"placeholder":"Nazwa alarmu"},"newAlarm":"Nowy alarm","editAlarm":"Edytuj alarm","pause":"Wstrzymaj","resume":"Wznów","lap":"Runda","lap-number":"{{n}} runda","delete":"Usuń","time":"Godzina","snooze-label":"Drzemka","snooze-button":"Drzemka","repeat":"Dni tygodnia","vibrate":"Wibracje","close":"Zamknij","save":"Zapisz","done":"Gotowe","closeButton":{"ariaLabel":"Close"},"newAlarmButton":{"ariaLabel":"New alarm"},"alarm-volume-label":"System Alarm Volume","default":"Domyślny","color":"Kolor","sound":"Dźwięk","noSound":"Bez dźwięku","everyday":"Każdego dnia","weekdays":"Dni robocze","weekends":"Weekendy","never":"Nigdy","vibrateOn":"Włączone","vibrateOff":"Wyłączone","plusMinute":"+ 1 min","dateFormat":"%A, %e %Eb","countdown-lessThanAnHour":"Ustawiony alarm uruchomi się za <strong>{{minutes}}</strong>","countdown-moreThanAnHour":"Ustawiony alarm uruchomi się za {{hours}} {{minutes}}","countdown-moreThanADay":"Ustawiony alarm uruchomi się za {{days}} {{hours}}","nMinutes":{"_index":["plural","n"],"_":{"zero":"niecałą minutę","one":"minutę","two":"{{n}} minuty","few":"{{n}} minuty","many":"{{n}} minut","other":"{{n}} minuty"}},"nHours":{"_index":["plural","n"],"_":{"one":"<strong>godzinę</strong>","two":"<strong>{{n}} godziny</strong>","few":"<strong>{{n}} godziny</strong>","many":"<strong>{{n}} godzin</strong>","other":"<strong>{{n}} godziny</strong>"}},"nAndRemainHours":{"_index":["plural","n"],"_":{"one":"i <strong>godzinę</strong>","two":"i <strong>{{n}} godziny</strong>","few":"i <strong>{{n}} godziny</strong>","many":"i <strong>{{n}} godzin</strong>"}},"nRemainDays":{"_index":["plural","n"],"_":{"one":"<strong>{{n}} dzień</strong>","two":"<strong>{{n}} dni</strong>","few":"<strong>{{n}} dni</strong>","many":"<strong>{{n}} dni</strong>"}},"nRemainMinutes":{"_index":["plural","n"],"_":{"one":"i <strong>minutę</strong>","two":"i <strong>{{n}} minuty</strong>","few":"i <strong>{{n}} minuty</strong>","many":"i <strong>{{n}} minut</strong>"}},"nSpinnerSeconds":{"_index":["plural","n"],"_":{"zero":"zero seconds","one":"one second","two":"{{n}} seconds","few":"{{n}} seconds","many":"{{n}} seconds","other":"{{n}} seconds"}},"nSpinnerMinutes":{"_index":["plural","n"],"_":{"zero":"zero minutes","one":"one minute","two":"{{n}} minutes","few":"{{n}} minutes","many":"{{n}} minutes","other":"{{n}} minutes"}},"nSpinnerHours":{"_index":["plural","n"],"_":{"zero":"zero hours","one":"{{n}} hour","two":"{{n}} hours","few":"{{n}} hours","many":"{{n}} hours","other":"{{n}} hours"}},"ac_classic_clock_alarm_opus":"Budzik tradycyjny","ac_classic_clock_alarm_prog_opus2":"Narastający alarm","ac_classic_clock_radio_opus":"Tradycyjny alarm","ac_normal_gem_echoes_opus":"Kryształowe echo","ac_soft_smooth_strings_opus":"Delikatne struny","ac_soft_humming_waves_opus":"Szumiące fale","ac_normal_ringing_strings_opus":"Dźwięczne struny","ac_soft_into_the_void_opus":"Przestrzeń"}