{"weekday-0-long":"Воскресенье","weekday-1-long":"Понедельник","weekday-2-long":"Вторник","weekday-3-long":"Среда","weekday-4-long":"Четверг","weekday-5-long":"Пятница","weekday-6-long":"Суббота","weekday-0-short":"Вс","weekday-1-short":"Пн","weekday-2-short":"Вт","weekday-3-short":"Ср","weekday-4-short":"Чт","weekday-5-short":"Пт","weekday-6-short":"Сб","month-0-long":"Январь","month-1-long":"Февраль","month-2-long":"Март","month-3-long":"Апрель","month-4-long":"Май","month-5-long":"Июнь","month-6-long":"Июль","month-7-long":"Август","month-8-long":"Сентябрь","month-9-long":"Октябрь","month-10-long":"Ноябрь","month-11-long":"Декабрь","month-0-genitive":"января","month-1-genitive":"февраля","month-2-genitive":"марта","month-3-genitive":"апреля","month-4-genitive":"мая","month-5-genitive":"июня","month-6-genitive":"июля","month-7-genitive":"августа","month-8-genitive":"сентября","month-9-genitive":"октября","month-10-genitive":"ноября","month-11-genitive":"декабря","month-0-short":"Январь","month-1-short":"Февраль","month-2-short":"Март","month-3-short":"Апрель","month-4-short":"Май","month-5-short":"Июнь","month-6-short":"Июль","month-7-short":"Август","month-8-short":"Сентябрь","month-9-short":"Октябрь","month-10-short":"Ноябрь","month-11-short":"Декабрь","minutes-ago-long":{"_index":["plural","value"],"_":{"zero":"прямо сейчас","one":"{{value}} минуту назад","two":"{{value}} минуты назад","few":"{{value}} минуты назад","many":"{{value}} минут назад","other":"{{value}} минут назад"}},"hours-ago-long":{"_index":["plural","value"],"_":{"zero":"прямо сейчас","one":"{{value}} час назад","two":"{{value}} часа назад","few":"{{value}} часа назад","many":"{{value}} часов назад","other":"{{value}} часов назад"}},"days-ago-long":{"_index":["plural","value"],"_":{"zero":"сегодня","one":"{{value}} день назад","two":"{{value}} дня назад","few":"{{value}} дня назад","many":"{{value}} дней назад","other":"{{value}} дней назад"}},"weeks-ago-long":{"_index":["plural","value"],"_":{"zero":"эта неделя","one":"{{value}} неделя назад","two":"{{value}} недели назад","few":"{{value}} недели назад","many":"{{value}} недель назад","other":"{{value}} недель назад"}},"months-ago-long":{"_index":["plural","value"],"_":{"zero":"этот месяц","one":"{{value}} месяц назад","two":"{{value}} месяца назад","few":"{{value}} месяца назад","many":"{{value}} месяцев назад","other":"{{value}} месяцев назад"}},"years-ago-long":{"_index":["plural","value"],"_":{"zero":"этот год","one":"{{value}} год назад","two":"{{value}} года назад","few":"{{value}} года назад","many":"{{value}} лет назад","other":"{{value}} лет назад"}},"minutes-until-long":{"_index":["plural","value"],"_":{"zero":"сейчас","one":"через {{value}} минуту","two":"через {{value}} минуты","few":"через {{value}} минуты","many":"через {{value}} минут","other":"через {{value}} минут"}},"hours-until-long":{"_index":["plural","value"],"_":{"zero":"сейчас","one":"через {{value}} час","two":"через {{value}} часа","few":"через {{value}} часа","many":"через {{value}} часов","other":"через {{value}} часов"}},"days-until-long":{"_index":["plural","value"],"_":{"zero":"сегодня","one":"через {{value}} день","two":"через {{value}} дня","few":"через {{value}} дня","many":"через {{value}} дней","other":"через {{value}} дней"}},"weeks-until-long":{"_index":["plural","value"],"_":{"zero":"эта неделя","one":"через {{value}} неделю","two":"через {{value}} недели","few":"через {{value}} недели","many":"через {{value}} недель","other":"через {{value}} недель"}},"months-until-long":{"_index":["plural","value"],"_":{"zero":"этот месяц","one":"через {{value}} месяц","two":"через {{value}} месяца","few":"через {{value}} месяца","many":"через {{value}} месяцев","other":"через {{value}} месяцев"}},"years-until-long":{"_index":["plural","value"],"_":{"zero":"этот год","one":"через {{value}} год","two":"через {{value}} года","few":"через {{value}} года","many":"через {{value}} лет","other":"через {{value}} лет"}},"minutes-ago-short":{"_index":["plural","value"],"_":{"zero":"сейчас","other":"{{value}}м назад"}},"hours-ago-short":{"_index":["plural","value"],"_":{"zero":"сейчас","other":"{{value}}ч назад"}},"days-ago-short":{"_index":["plural","value"],"_":{"zero":"сегодня","other":"{{value}}д назад"}},"minutes-until-short":{"_index":["plural","value"],"_":{"zero":"сейчас","other":"через {{value}}м"}},"hours-until-short":{"_index":["plural","value"],"_":{"zero":"сейчас","other":"через {{value}}ч"}},"days-until-short":{"_index":["plural","value"],"_":{"zero":"сегодня","other":"через {{value}}д"}},"incorrectDate":"(некорректная дата)","dateTimeFormat_%c":"%a, %e %Eb %Y, %H:%M:%S","dateTimeFormat_%x":"%d.%m.%Y","dateTimeFormat_%X":"%H:%M:%S","shortTimeFormat":"%H:%M","shortDateTimeFormat":"%x %H:%M","weekStartsOnMonday":"1","time_am":"AM","time_pm":"PM","reset":"Сброс","start":"Запустить","stop":"Остановить","cancel":"Отменить","hour":"Час","hours":"Часы","minute":"Минута","minutes":"Минуты","enable":"Включить","back":"Назад","label":"Метка","alarm":"Будильник","timer":"Таймер","stopwatch":"Секундомер","alarmName":{"placeholder":"Имя будильника"},"newAlarm":"Создание","editAlarm":"Изменение","pause":"Приостановить","resume":"Возобновить","lap":"Круг","lap-number":"Круг {{n}}","delete":"Удалить","time":"Время","snooze-label":"Вздремнуть","snooze-button":"Вздремнуть","repeat":"Повторять","vibrate":"Вибрация","close":"Закрыть","save":"Сохранить","done":"Готово","closeButton":{"ariaLabel":"Close"},"newAlarmButton":{"ariaLabel":"New alarm"},"alarm-volume-label":"System Alarm Volume","default":"По умолчанию","color":"Цвет","sound":"Звук","noSound":"Без звука","everyday":"Каждый день","weekdays":"Будни","weekends":"Выходные","never":"Никогда","vibrateOn":"Включена","vibrateOff":"Отключена","plusMinute":"+1 мин","dateFormat":"%A, %e %Eb","countdown-lessThanAnHour":"Будильник сработает через <strong>{{minutes}}</strong>.","countdown-moreThanAnHour":"Будильник сработает через {{hours}} {{minutes}}.","countdown-moreThanADay":"Будильник сработает через {{days}} {{hours}}.","nMinutes":{"_index":["plural","n"],"_":{"zero":"меньше чем минуту","one":"{{n}} минуту","two":"{{n}} минуты","few":"{{n}} минуты","many":"{{n}} минут","other":"{{n}} минут"}},"nHours":{"_index":["plural","n"],"_":{"zero":" ","one":"<strong>{{n}} час</strong>","two":"<strong>{{n}} часа</strong>","few":"<strong>{{n}} часа</strong>","many":"<strong>{{n}} часов</strong>","other":"<strong>{{n}} часов</strong>"}},"nAndRemainHours":{"_index":["plural","n"],"_":{"zero":" ","one":"и <strong>{{n}} час</strong>","two":"и <strong>{{n}} часа</strong>","few":"и <strong>{{n}} часа</strong>","many":"и <strong>{{n}} часов</strong>","other":"и <strong>{{n}} часов</strong>"}},"nRemainDays":{"_index":["plural","n"],"_":{"zero":" ","one":"<strong>{{n}} день</strong>","two":"<strong>{{n}} дня</strong>","few":"<strong>{{n}} дня</strong>","many":"<strong>{{n}} дней</strong>","other":"<strong>{{n}} дней</strong>"}},"nRemainMinutes":{"_index":["plural","n"],"_":{"zero":" ","one":"<strong>{{n}} минуту</strong>","two":"<strong>{{n}} минуты</strong>","few":"<strong>{{n}} минуты</strong>","many":"<strong>{{n}} минут</strong>","other":"<strong>{{n}} минут</strong>"}},"nSpinnerSeconds":{"_index":["plural","n"],"_":{"zero":"zero seconds","one":"one second","two":"{{n}} seconds","few":"{{n}} seconds","many":"{{n}} seconds","other":"{{n}} seconds"}},"nSpinnerMinutes":{"_index":["plural","n"],"_":{"zero":"zero minutes","one":"one minute","two":"{{n}} minutes","few":"{{n}} minutes","many":"{{n}} minutes","other":"{{n}} minutes"}},"nSpinnerHours":{"_index":["plural","n"],"_":{"zero":"zero hours","one":"{{n}} hour","two":"{{n}} hours","few":"{{n}} hours","many":"{{n}} hours","other":"{{n}} hours"}},"ac_classic_clock_alarm_opus":"Обычный гудок","ac_classic_clock_alarm_prog_opus2":"Нарастающий гудок","ac_classic_clock_radio_opus":"Зуммер","ac_normal_gem_echoes_opus":"Эхо самоцветов","ac_soft_smooth_strings_opus":"Мягкие струны","ac_soft_humming_waves_opus":"Мерцающие волны","ac_normal_ringing_strings_opus":"Звенящие струны","ac_soft_into_the_void_opus":"В пустоту"}