{"weekday-0-long":"Nedeľa","weekday-1-long":"Pondelok","weekday-2-long":"Utorok","weekday-3-long":"Streda","weekday-4-long":"Štvrtok","weekday-5-long":"Piatok","weekday-6-long":"Sobota","weekday-0-short":"Ne","weekday-1-short":"Po","weekday-2-short":"Ut","weekday-3-short":"St","weekday-4-short":"Št","weekday-5-short":"Pi","weekday-6-short":"So","month-0-long":"Január","month-1-long":"Február","month-2-long":"Marec","month-3-long":"Apríl","month-4-long":"Máj","month-5-long":"Jún","month-6-long":"Júl","month-7-long":"August","month-8-long":"September","month-9-long":"Október","month-10-long":"November","month-11-long":"December","month-0-genitive":"januára","month-1-genitive":"februára","month-2-genitive":"marca","month-3-genitive":"apríla","month-4-genitive":"mája","month-5-genitive":"júna","month-6-genitive":"júla","month-7-genitive":"augusta","month-8-genitive":"septembra","month-9-genitive":"októbra","month-10-genitive":"novembra","month-11-genitive":"decembra","month-0-short":"jan","month-1-short":"feb","month-2-short":"mar","month-3-short":"apr","month-4-short":"máj","month-5-short":"jún","month-6-short":"júl","month-7-short":"aug","month-8-short":"sep","month-9-short":"okt","month-10-short":"nov","month-11-short":"dec","minutes-ago-long":{"_index":["plural","value"],"_":{"zero":"teraz","one":"pred minútou","two":"pred {{value}} minútami","few":"pred {{value}} minútami","many":"pred {{value}} minútami","other":"pred {{value}} minútami"}},"hours-ago-long":{"_index":["plural","value"],"_":{"zero":"teraz","one":"pred hodinou","two":"pred {{value}} hodinami","few":"pred {{value}} hodinami","many":"pred {{value}} hodinami","other":"pred {{value}} hodinami"}},"days-ago-long":{"_index":["plural","value"],"_":{"zero":"dnes","one":"včera","two":"pred {{value}} dňami","few":"pred {{value}} dňami","many":"pred {{value}} dňami","other":"pred {{value}} dňami"}},"weeks-ago-long":{"_index":["plural","value"],"_":{"zero":"tento týždeň","one":"minulý týždeň","two":"pred {{value}} týždňami","few":"pred {{value}} týždňami","many":"pred {{value}} týždňami","other":"pred {{value}} týždňami"}},"months-ago-long":{"_index":["plural","value"],"_":{"zero":"tento mesiac","one":"minulý mesiac","two":"pred {{value}} mesiacmi","few":"pred {{value}} mesiacmi","many":"pred {{value}} mesiacmi","other":"pred {{value}} mesiacmi"}},"years-ago-long":{"_index":["plural","value"],"_":{"zero":"tento rok","one":"minulý rok","two":"pred {{value}} rokmi","few":"pred {{value}} rokmi","many":"pred {{value}} rokmi","other":"pred {{value}} rokmi"}},"minutes-until-long":{"_index":["plural","value"],"_":{"zero":"teraz","one":"o minútu","two":"o {{value}} minúty","few":"o {{value}} minúty","many":"o {{value}} minút","other":"o {{value}} minút"}},"hours-until-long":{"_index":["plural","value"],"_":{"zero":"teraz","one":"o hodinu","two":"o {{value}} hodiny","few":"o {{value}} hodiny","many":"o {{value}} hodín","other":"o {{value}} hodín"}},"days-until-long":{"_index":["plural","value"],"_":{"zero":"dnes","one":"zajtra","two":"o {{value}} dni","few":"o {{value}} dni","many":"o {{value}} dní","other":"o {{value}} dní"}},"weeks-until-long":{"_index":["plural","value"],"_":{"zero":"tento týždeň","one":"budúci týždeň","two":"o {{value}} týždne","few":"o {{value}} týždne","many":"o {{value}} týždňov","other":"o {{value}} týždňov"}},"months-until-long":{"_index":["plural","value"],"_":{"zero":"tento mesiac","one":"budúci mesiac","two":"o {{value}} mesiace","few":"o {{value}} mesiace","many":"o {{value}} mesiacov","other":"o {{value}} mesiacov"}},"years-until-long":{"_index":["plural","value"],"_":{"zero":"tento rok","one":"budúci rok","two":"o {{value}} roky","few":"o {{value}} roky","many":"o {{value}} rokov","other":"o {{value}} rokov"}},"minutes-ago-short":{"_index":["plural","value"],"_":{"zero":"teraz","other":"pred {{value}}m"}},"hours-ago-short":{"_index":["plural","value"],"_":{"zero":"teraz","other":"pred {{value}}h"}},"days-ago-short":{"_index":["plural","value"],"_":{"zero":"dnes","other":"pred {{value}}d"}},"minutes-until-short":{"_index":["plural","value"],"_":{"zero":"teraz","other":"o {{value}}m"}},"hours-until-short":{"_index":["plural","value"],"_":{"zero":"teraz","other":"o {{value}}h"}},"days-until-short":{"_index":["plural","value"],"_":{"zero":"dnes","other":"o {{value}}d"}},"incorrectDate":"(neplatný dátum)","dateTimeFormat_%c":"%a, %e. %b %Y %H:%M:%S","dateTimeFormat_%x":"%d.%m.%Y","dateTimeFormat_%X":"%H:%M:%S","shortTimeFormat":"%H:%M","shortDateTimeFormat":"%x %H:%M","weekStartsOnMonday":"1","time_am":"AM","time_pm":"PM","reset":"Vynulovať","start":"Spustiť","stop":"Zastaviť","cancel":"Zrušiť","hour":"Hodina","hours":"Hodiny","minute":"Minúta","minutes":"Minúty","enable":"Povoliť","back":"Naspäť","label":"Názov","alarm":"Budík","timer":"Časovač","stopwatch":"Stopky","alarmName":{"placeholder":"Názov budíka"},"newAlarm":"Nový budík","editAlarm":"Úprava budíka","pause":"Pozastaviť","resume":"Pokračovať","lap":"Kolo","lap-number":"Kolo {{n}}","delete":"Odstrániť","time":"Čas","snooze-label":"Odložiť","snooze-button":"Odložiť","repeat":"Opakovať","vibrate":"Vibrovanie","close":"Zavrieť","save":"Uložiť","done":"Hotovo","closeButton":{"ariaLabel":"Close"},"newAlarmButton":{"ariaLabel":"New alarm"},"alarm-volume-label":"System Alarm Volume","default":"Predvolené","color":"Farba","sound":"Zvuk","noSound":"Bez zvuku","everyday":"Každý deň","weekdays":"Pracovné dni","weekends":"Víkendy","never":"Nikdy","vibrateOn":"Zapnuté","vibrateOff":"Vypnuté","plusMinute":"+1 min","dateFormat":"%A, %e. %Eb","countdown-lessThanAnHour":"Tento budík sa spustí o <strong>{{minutes}}</strong>.","countdown-moreThanAnHour":"Tento budík sa spustí o {{hours}} {{minutes}}.","countdown-moreThanADay":"Tento budík sa spustí o {{days}} {{hours}}.","nMinutes":{"_index":["plural","n"],"_":{"zero":"menej ako minútu","one":"jednu minútu","two":"{{n}} minúty","few":"{{n}} minúty","many":"{{n}} minút","other":"{{n}} minút"}},"nHours":{"_index":["plural","n"],"_":{"one":"<strong>{{n}} hodinu</strong>","two":"<strong>{{n}} hodiny</strong>","few":"<strong>{{n}} hodiny</strong>","many":"<strong>{{n}} hodín</strong>","other":"<strong>{{n}} hodín</strong>"}},"nAndRemainHours":{"_index":["plural","n"],"_":{"one":"a <strong>{{n}} hodinu</strong>","two":"a <strong>{{n}} hodiny</strong>","few":"a <strong>{{n}} hodiny</strong>","many":"a <strong>{{n}} hodín</strong>","other":"a <strong>{{n}} hodín</strong>"}},"nRemainDays":{"_index":["plural","n"],"_":{"one":"<strong>{{n}} deň</strong>","two":"<strong>{{n}} dni</strong>","few":"<strong>{{n}} dni</strong>","many":"<strong>{{n}} dní</strong>","other":"<strong>{{n}} dní</strong>"}},"nRemainMinutes":{"_index":["plural","n"],"_":{"one":"a <strong>{{n}} minútu</strong>","two":"a <strong>{{n}} minúty</strong>","few":"a <strong>{{n}} minúty</strong>","many":"a <strong>{{n}} minút</strong>","other":"a <strong>{{n}} minút</strong>"}},"nSpinnerSeconds":{"_index":["plural","n"],"_":{"zero":"zero seconds","one":"one second","two":"{{n}} seconds","few":"{{n}} seconds","many":"{{n}} seconds","other":"{{n}} seconds"}},"nSpinnerMinutes":{"_index":["plural","n"],"_":{"zero":"zero minutes","one":"one minute","two":"{{n}} minutes","few":"{{n}} minutes","many":"{{n}} minutes","other":"{{n}} minutes"}},"nSpinnerHours":{"_index":["plural","n"],"_":{"zero":"zero hours","one":"{{n}} hour","two":"{{n}} hours","few":"{{n}} hours","many":"{{n}} hours","other":"{{n}} hours"}},"ac_classic_clock_alarm_opus":"Classic Buzz","ac_classic_clock_alarm_prog_opus2":"Pulse Progressive","ac_classic_clock_radio_opus":"Classic Pulse","ac_normal_gem_echoes_opus":"Gem Echoes","ac_soft_smooth_strings_opus":"Smooth Strings","ac_soft_humming_waves_opus":"Shimmering Waves","ac_normal_ringing_strings_opus":"Ringing Strings","ac_soft_into_the_void_opus":"Into the Void"}