{"weekday-0-long":"E diel","weekday-1-long":"E hënë","weekday-2-long":"E martë","weekday-3-long":"E mërkurë","weekday-4-long":"E enjte","weekday-5-long":"E premte","weekday-6-long":"E shtunë","weekday-0-short":"Die","weekday-1-short":"Hën","weekday-2-short":"Mar","weekday-3-short":"Mër","weekday-4-short":"Enj","weekday-5-short":"Pre","weekday-6-short":"Sht","month-0-long":"Janar","month-1-long":"Shkurt","month-2-long":"Mars","month-3-long":"Prill","month-4-long":"Maj","month-5-long":"Qershor","month-6-long":"Korrik","month-7-long":"Gusht","month-8-long":"Shtator","month-9-long":"Tetor","month-10-long":"Nëntor","month-11-long":"Dhjetor","month-0-genitive":"të Janarit","month-1-genitive":"të Shkurtit","month-2-genitive":"të Marsit","month-3-genitive":"të Prillit","month-4-genitive":"të Majit","month-5-genitive":"të Qershorit","month-6-genitive":"të Korrikut","month-7-genitive":"të Gushtit","month-8-genitive":"të Shtatorit","month-9-genitive":"të Tetorit","month-10-genitive":"të Nëntorit","month-11-genitive":"të Dhjetorit","month-0-short":"Jan","month-1-short":"Shk","month-2-short":"Mar","month-3-short":"Pri","month-4-short":"Maj","month-5-short":"Qer","month-6-short":"Kor","month-7-short":"Gus","month-8-short":"Sht","month-9-short":"Tet","month-10-short":"Nën","month-11-short":"Dhj","minutes-ago-long":{"_index":["plural","value"],"_":{"zero":"mu tani","one":"një minutë më parë","two":"{{value}} minuta më parë","few":"{{value}} minuta më parë","many":"{{value}} minuta më parë","other":"{{value}} minuta më parë"}},"hours-ago-long":{"_index":["plural","value"],"_":{"zero":"mu tani","one":"një orë më parë","two":"{{value}} orë më parë","few":"{{value}} orë më parë","many":"{{value}} orë më parë","other":"{{value}} orë më parë"}},"days-ago-long":{"_index":["plural","value"],"_":{"zero":"sot","one":"dje","two":"{{value}} ditë më parë","few":"{{value}} ditë më parë","many":"{{value}} ditë më parë","other":"{{value}} ditë më parë"}},"weeks-ago-long":{"_index":["plural","value"],"_":{"zero":"këtë javë","one":"javën e kaluar","two":"{{value}} javë më parë","few":"{{value}} javë më parë","many":"{{value}} javë më parë","other":"{{value}} javë më parë"}},"months-ago-long":{"_index":["plural","value"],"_":{"zero":"këtë muaj","one":"muajin e kaluar","two":"{{value}} muaj më parë","few":"{{value}} muaj më parë","many":"{{value}} muaj më parë","other":"{{value}} muaj më parë"}},"years-ago-long":{"_index":["plural","value"],"_":{"zero":"këtë vit","one":"vitin e kaluar","two":"{{value}} vite më parë","few":"{{value}} vite më parë","many":"{{value}} vite më parë","other":"{{value}} vite më parë"}},"minutes-until-long":{"_index":["plural","value"],"_":{"zero":"tani","one":"për një minutë","two":"për {{value}} minuta","few":"për {{value}} minuta","many":"për {{value}} minuta","other":"për {{value}} minuta"}},"hours-until-long":{"_index":["plural","value"],"_":{"zero":"tani","one":"për një orë","two":"për {{value}} orë","few":"për {{value}} orë","many":"për {{value}} orë","other":"për {{value}} orë"}},"days-until-long":{"_index":["plural","value"],"_":{"zero":"sot","one":"nesër","two":"për {{value}} ditë","few":"për {{value}} ditë","many":"për {{value}} ditë","other":"për {{value}} ditë"}},"weeks-until-long":{"_index":["plural","value"],"_":{"zero":"këtë javë","one":"javën pasuese","two":"për {{value}} javë","few":"për {{value}} javë","many":"për {{value}} javë","other":"për {{value}} javë"}},"months-until-long":{"_index":["plural","value"],"_":{"zero":"këtë muaj","one":"muajin pasues","two":"për {{value}} muaj","few":"për {{value}} muaj","many":"për {{value}} muaj","other":"për {{value}} muaj"}},"years-until-long":{"_index":["plural","value"],"_":{"zero":"këtë vit","one":"vitin pasues","two":"për {{value}} vjet","few":"për {{value}} vjet","many":"për {{value}} vjet","other":"për {{value}} vjet"}},"minutes-ago-short":{"_index":["plural","value"],"_":{"zero":"mu tani","other":"{{value}}m më parë"}},"hours-ago-short":{"_index":["plural","value"],"_":{"zero":"mu tani","other":"{{value}}h më parë"}},"days-ago-short":{"_index":["plural","value"],"_":{"zero":"sot","other":"{{value}}d më parë"}},"minutes-until-short":{"_index":["plural","value"],"_":{"zero":"tani","other":"për {{value}}m"}},"hours-until-short":{"_index":["plural","value"],"_":{"zero":"tani","other":"për {{value}}h"}},"days-until-short":{"_index":["plural","value"],"_":{"zero":"sot","other":"për {{value}}d"}},"incorrectDate":"(datë e pasaktë)","dateTimeFormat_%c":"%a %e %b %Y %I:%M:%S %p","dateTimeFormat_%x":"%m/%d/%Y","dateTimeFormat_%X":"%I:%M:%S %p","shortTimeFormat":"%I:%M %p","shortDateTimeFormat":"%x %I:%M %p","weekStartsOnMonday":"0","time_am":"AM","time_pm":"PM","reset":"Nga e Para","start":"Nise","stop":"Ndale","cancel":"Anuloje","hour":"Orë","hours":"Orë","minute":"Minutë","minutes":"Minuta","enable":"Aktivizoje","back":"Mbrapsht","label":"Etiketë","alarm":"Alarm","timer":"Afatmatës","stopwatch":"Kohëmatës","alarmName":{"placeholder":"Emër alarmi"},"newAlarm":"Alarm i ri","editAlarm":"Përpunoni alarmin","pause":"Pushim","resume":"Rinise","lap":"Xhiro","lap-number":"Xhirua {{n}}","delete":"Fshije","time":"Kohë","snooze-label":"Dremitje","snooze-button":"Dremitje","repeat":"Përsërite","vibrate":"Dridhu","close":"Mbylle","save":"Ruaje","done":"U bë","closeButton":{"ariaLabel":"Close"},"newAlarmButton":{"ariaLabel":"New alarm"},"alarm-volume-label":"System Alarm Volume","default":"Parazgjedhje","color":"Ngjyrë","sound":"Tingull","noSound":"Pa Tingull","everyday":"Përditë","weekdays":"Ditë jave","weekends":"Fundjava","never":"Kurrë","vibrateOn":"On","vibrateOff":"Off","plusMinute":"+1 Min","dateFormat":"%A, %e %B","countdown-lessThanAnHour":"Alarmi është vendosur për <strong>{{minutes}}</strong> nga tani.","countdown-moreThanAnHour":"Alarmi është vendosur për {{hours}} {{minutes}} nga tani.","countdown-moreThanADay":"Alarmi është vendosur për {{days}} {{hours}} nga tani.","nMinutes":{"_index":["plural","n"],"_":{"zero":"më pak se një minutë","one":"një minutë","two":"{{n}} minuta","few":"{{n}} minuta","many":"{{n}} minuta","other":"{{n}} minuta"}},"nHours":{"_index":["plural","n"],"_":{"one":"<strong>{{n}} orë</strong>","two":"<strong>{{n}} orë</strong>","few":"<strong>{{n}} orë</strong>","many":"<strong>{{n}} orë</strong>","other":"<strong>{{n}} orë</strong>"}},"nAndRemainHours":{"_index":["plural","n"],"_":{"one":"edhe <strong>{{n}} orë</strong>","two":"edhe <strong>{{n}} orë</strong>","few":"edhe <strong>{{n}} orë</strong>","many":"edhe <strong>{{n}} orë</strong>","other":"edhe <strong>{{n}} orë</strong>"}},"nRemainDays":{"_index":["plural","n"],"_":{"one":"<strong>{{n}} ditë</strong>","two":"<strong>{{n}} ditë</strong>","few":"<strong>{{n}} ditë</strong>","many":"<strong>{{n}} ditë</strong>","other":"<strong>{{n}} ditë</strong>"}},"nRemainMinutes":{"_index":["plural","n"],"_":{"one":"edhe <strong>{{n}} minutë</strong>","two":"edhe <strong>{{n}} minuta</strong>","few":"edhe <strong>{{n}} minuta</strong>","many":"edhe <strong>{{n}} minuta</strong>","other":"edhe <strong>{{n}} minuta</strong>"}},"nSpinnerSeconds":{"_index":["plural","n"],"_":{"zero":"zero seconds","one":"one second","two":"{{n}} seconds","few":"{{n}} seconds","many":"{{n}} seconds","other":"{{n}} seconds"}},"nSpinnerMinutes":{"_index":["plural","n"],"_":{"zero":"zero minutes","one":"one minute","two":"{{n}} minutes","few":"{{n}} minutes","many":"{{n}} minutes","other":"{{n}} minutes"}},"nSpinnerHours":{"_index":["plural","n"],"_":{"zero":"zero hours","one":"{{n}} hour","two":"{{n}} hours","few":"{{n}} hours","many":"{{n}} hours","other":"{{n}} hours"}},"ac_classic_clock_alarm_opus":"Zhurmë Klasike","ac_classic_clock_alarm_prog_opus2":"Pulsim Progresiv","ac_classic_clock_radio_opus":"Pulsim Klasik","ac_normal_gem_echoes_opus":"Jehonë Perlash","ac_soft_smooth_strings_opus":"Tela të Ëmbël","ac_soft_humming_waves_opus":"Valë Vezulluese","ac_normal_ringing_strings_opus":"Tela Tringëllues","ac_soft_into_the_void_opus":"Nëpër Zbrazëtirë"}