{"weekday-0-long":"Недеља","weekday-1-long":"Понедељак","weekday-2-long":"Уторак","weekday-3-long":"Среда","weekday-4-long":"Четвртак","weekday-5-long":"Петак","weekday-6-long":"Субота","weekday-0-short":"Нед","weekday-1-short":"Пон","weekday-2-short":"Уто","weekday-3-short":"Сре","weekday-4-short":"Чет","weekday-5-short":"Пет","weekday-6-short":"Суб","month-0-long":"јануар","month-1-long":"фебруар","month-2-long":"март","month-3-long":"април","month-4-long":"мај","month-5-long":"јун","month-6-long":"јул","month-7-long":"август","month-8-long":"септембар","month-9-long":"октобар","month-10-long":"новембар","month-11-long":"децембар","month-0-genitive":"јануара","month-1-genitive":"фебруара","month-2-genitive":"марта","month-3-genitive":"априла","month-4-genitive":"маја","month-5-genitive":"јуна","month-6-genitive":"јула","month-7-genitive":"августа","month-8-genitive":"септембра","month-9-genitive":"октобра","month-10-genitive":"новембра","month-11-genitive":"децембра","month-0-short":"јан","month-1-short":"феб","month-2-short":"мар","month-3-short":"апр","month-4-short":"мај","month-5-short":"јун","month-6-short":"јул","month-7-short":"авг","month-8-short":"сеп","month-9-short":"окт","month-10-short":"нов","month-11-short":"дец","minutes-ago-long":{"_index":["plural","value"],"_":{"zero":"управо","one":"пре минут","two":"пре {{value}} минута","few":"пре {{value}} минута","many":"пре {{value}} минута","other":"пре {{value}} минута"}},"hours-ago-long":{"_index":["plural","value"],"_":{"zero":"управо","one":"пре сат времена","two":"пре {{value}} сата","few":"пре {{value}} сати","many":"пре {{value}} сати","other":"пре {{value}} сати"}},"days-ago-long":{"_index":["plural","value"],"_":{"zero":"данас","one":"јуче","two":"пре {{value}} дана","few":"пре {{value}} дана","many":"пре {{value}} дана","other":"пре {{value}} дана"}},"weeks-ago-long":{"_index":["plural","value"],"_":{"zero":"ове недеље","one":"прошле недеље","two":"пре {{value}} недеље","few":"пре {{value}} недеља","many":"пре {{value}} недеља","other":"пре {{value}} недеља"}},"months-ago-long":{"_index":["plural","value"],"_":{"zero":"овог месеца","one":"прошлог месеца","two":"пре {{value}} месеца","few":"пре {{value}} месеци","many":"пре {{value}} месеци","other":"пре {{value}} месеци"}},"years-ago-long":{"_index":["plural","value"],"_":{"zero":"ове године","one":"прошле године","two":"пре {{value}} године","few":"пре {{value}} година","many":"пре {{value}} година","other":"пре {{value}} година"}},"minutes-until-long":{"_index":["plural","value"],"_":{"zero":"управо","one":"за један минут","two":"за {{value}} минута","few":"за {{value}} минута","many":"за {{value}} минута","other":"за {{value}} минута"}},"hours-until-long":{"_index":["plural","value"],"_":{"zero":"управо","one":"за сат времена","two":"за {{value}} сата","few":"за {{value}} сати","many":"за {{value}} сати","other":"за {{value}} сати"}},"days-until-long":{"_index":["plural","value"],"_":{"zero":"данас","one":"сутра","two":"за {{value}} дана","few":"за {{value}} дана","many":"за {{value}} дана","other":"за {{value}} дана"}},"weeks-until-long":{"_index":["plural","value"],"_":{"zero":"ове недеље","one":"следеће недеље","two":"за {{value}} недеље","few":"за {{value}} недеља","many":"за {{value}} недеља","other":"за {{value}} недеља"}},"months-until-long":{"_index":["plural","value"],"_":{"zero":"овог месеца","one":"следећег месеца","two":"за {{value}} месеца","few":"за {{value}} месеци","many":"за {{value}} месеци","other":"за {{value}} месеци"}},"years-until-long":{"_index":["plural","value"],"_":{"zero":"ове године","one":"следеће године","two":"за {{value}} године","few":"за {{value}} година","many":"за {{value}} година","other":"за {{value}} година"}},"minutes-ago-short":{"_index":["plural","value"],"_":{"zero":"управо","other":"пре {{value}}м"}},"hours-ago-short":{"_index":["plural","value"],"_":{"zero":"управо","other":"пре {{value}}с"}},"days-ago-short":{"_index":["plural","value"],"_":{"zero":"данас","other":"пре {{value}}д"}},"minutes-until-short":{"_index":["plural","value"],"_":{"zero":"управо","other":"за {{value}}м"}},"hours-until-short":{"_index":["plural","value"],"_":{"zero":"управо","other":"за {{value}}с"}},"days-until-short":{"_index":["plural","value"],"_":{"zero":"данас","other":"за {{value}}д"}},"incorrectDate":"(нетачан датум)","dateTimeFormat_%c":"%a %e %b %Y %H:%M:%S","dateTimeFormat_%x":"%d.%m.%Y","dateTimeFormat_%X":"%H:%M:%S","shortTimeFormat":"%H:%M","shortDateTimeFormat":"%x %H:%M","weekStartsOnMonday":"1","time_am":"AM","time_pm":"PM","reset":"Поништи","start":"Почни","stop":"Заустави","cancel":"Откажи","hour":"Сат","hours":"Сата","minute":"Минут","minutes":"Минутa","enable":"Омогући","back":"Назад","label":"Наслов","alarm":"Будилник","timer":"Тајмер","stopwatch":"Штоперица","alarmName":{"placeholder":"Будилник"},"newAlarm":"Нови будилник","editAlarm":"Изменa","pause":"Паузирај","resume":"Настави","lap":"Круг","lap-number":"Круг {{n}}","delete":"Обриши","time":"Време","snooze-label":"Одложи","snooze-button":"Одложи","repeat":"Понови","vibrate":"Вибрација","close":"Затвори","save":"Сними","done":"Завршено","closeButton":{"ariaLabel":"Затвори"},"newAlarmButton":{"ariaLabel":"Нови будилник"},"alarm-volume-label":"Системски аларми","default":"Подразумевано","color":"Боја","sound":"Звук","noSound":"Без звука","everyday":"Сваки дан","weekdays":"Радним данима","weekends":"Викендом","never":"Никада","vibrateOn":"Укључена","vibrateOff":"Искључена","plusMinute":"+1 мин","dateFormat":"%A, %e %B ","countdown-lessThanAnHour":"Будилник ће се активирати за <strong>{{minutes}}</strong> од овог тренутка.","countdown-moreThanAnHour":"Будилник ће се активирати за {{hours}} {{minutes}} од овог тренутка.","countdown-moreThanADay":"Будилник ће се активирати за {{days}} {{hours}} од овог тренутка.","nMinutes":{"_index":["plural","n"],"_":{"zero":"мање од минута","one":"један минут","two":"{{n}} минута","few":"{{n}} минута","many":"{{n}} минута","other":"{{n}} минута"}},"nHours":{"_index":["plural","n"],"_":{"one":"<strong>{{n}} сат</strong>","two":"<strong>{{n}} сата</strong>","few":"<strong>{{n}} сати</strong>","many":"<strong>{{n}} сати</strong>","other":"<strong>{{n}} сати</strong>"}},"nAndRemainHours":{"_index":["plural","n"],"_":{"one":"и <strong>{{n}} сат</strong>","two":"и <strong>{{n}} сата</strong>","few":"и <strong>{{n}} сати</strong>","many":"и <strong>{{n}} сати</strong>","other":"и <strong>{{n}} сати</strong>"}},"nRemainDays":{"_index":["plural","n"],"_":{"one":"<strong>{{n}} дан</strong>","two":"<strong>{{n}} дана</strong>","few":"<strong>{{n}} дана</strong>","many":"<strong>{{n}} дана</strong>","other":"<strong>{{n}} дана</strong>"}},"nRemainMinutes":{"_index":["plural","n"],"_":{"one":"и <strong>{{n}} минут</strong>","two":"и <strong>{{n}} минута</strong>","few":"и <strong>{{n}} минута</strong>","many":"и <strong>{{n}} минута</strong>","other":"и <strong>{{n}} минута</strong>"}},"nSpinnerSeconds":{"_index":["plural","n"],"_":{"zero":"нула секунди","one":"1 секунд","two":"{{n}} секунде","few":"{{n}} секунди","many":"{{n}} секунди","other":"{{n}} секунди"}},"nSpinnerMinutes":{"_index":["plural","n"],"_":{"zero":"нула минута","one":"1 минут","two":"{{n}} минута","few":"{{n}} минута","many":"{{n}} минута","other":"{{n}} минута"}},"nSpinnerHours":{"_index":["plural","n"],"_":{"zero":"нула сата","one":"{{n}} сат","two":"{{n}} сата","few":"{{n}} сати","many":"{{n}} сати","other":"{{n}} сати"}},"ac_classic_clock_alarm_opus":"Classic Buzz","ac_classic_clock_alarm_prog_opus2":"Pulse Progressive","ac_classic_clock_radio_opus":"Classic Pulse","ac_normal_gem_echoes_opus":"Gem Echoes","ac_soft_smooth_strings_opus":"Smooth Strings","ac_soft_humming_waves_opus":"Shimmering Waves","ac_normal_ringing_strings_opus":"Ringing Strings","ac_soft_into_the_void_opus":"Into the Void"}