{"weekday-0-long":"Söndag","weekday-1-long":"Måndag","weekday-2-long":"Tisdag","weekday-3-long":"Onsdag","weekday-4-long":"Torsdag","weekday-5-long":"Fredag","weekday-6-long":"Lördag","weekday-0-short":"Sön","weekday-1-short":"Mån","weekday-2-short":"Tis","weekday-3-short":"Ons","weekday-4-short":"Tor","weekday-5-short":"Fre","weekday-6-short":"Lör","month-0-long":"Januari","month-1-long":"Februari","month-2-long":"Mars","month-3-long":"April","month-4-long":"Maj","month-5-long":"Juni","month-6-long":"Juli","month-7-long":"Augusti","month-8-long":"September","month-9-long":"Oktober","month-10-long":"November","month-11-long":"December","month-0-genitive":"Januari","month-1-genitive":"Februari","month-2-genitive":"Mars","month-3-genitive":"April","month-4-genitive":"Maj","month-5-genitive":"Juni","month-6-genitive":"Juli","month-7-genitive":"Augusti","month-8-genitive":"September","month-9-genitive":"Oktober","month-10-genitive":"November","month-11-genitive":"December","month-0-short":"Jan","month-1-short":"Feb","month-2-short":"Mar","month-3-short":"Apr","month-4-short":"Maj","month-5-short":"Jun","month-6-short":"Jul","month-7-short":"Aug","month-8-short":"Sep","month-9-short":"Okt","month-10-short":"Nov","month-11-short":"Dec","minutes-ago-long":{"_index":["plural","value"],"_":{"zero":"nyss","one":"en minut sen","two":"{{value}} minuter sen","few":"{{value}} minuter sen","many":"{{value}} minuter sen","other":"{{value}} minuter sen"}},"hours-ago-long":{"_index":["plural","value"],"_":{"zero":"nyss","one":"en timme sen","two":"{{value}} timmar sen","few":"{{value}} timmar sen","many":"{{value}} timmar sen","other":"{{value}} timmar sen"}},"days-ago-long":{"_index":["plural","value"],"_":{"zero":"idag","one":"igår","two":"{{value}} dagar sen","few":"{{value}} dagar sen","many":"{{value}} dagar sen","other":"{{value}} dagar sen"}},"weeks-ago-long":{"_index":["plural","value"],"_":{"zero":"denna vecka","one":"förra veckan","two":"{{value}} veckor sen","few":"{{value}} veckor sen","many":"{{value}} veckor sen","other":"{{value}} veckor sen"}},"months-ago-long":{"_index":["plural","value"],"_":{"zero":"denna månad","one":"förra månaden","two":"{{value}} månader sen","few":"{{value}} månader sen","many":"{{value}} månader sen","other":"{{value}} månader sen"}},"years-ago-long":{"_index":["plural","value"],"_":{"zero":"detta år","one":"förra året","two":"{{value}} år sen","few":"{{value}} år sen","many":"{{value}} år sen","other":"{{value}} år sen"}},"minutes-until-long":{"_index":["plural","value"],"_":{"zero":"nu","one":"om en minut","two":"om {{value}} minuter","few":"om {{value}} minuter","many":"om {{value}} minuter","other":"om {{value}} minuter"}},"hours-until-long":{"_index":["plural","value"],"_":{"zero":"nu","one":"om en timme","two":"om {{value}} timmar","few":"om {{value}} timmar","many":"om {{value}} timmar","other":"om {{value}} timmar"}},"days-until-long":{"_index":["plural","value"],"_":{"zero":"idag","one":"imorgon","two":"om {{value}} dagar","few":"om {{value}} dagar","many":"om {{value}} dagar","other":"om {{value}} dagar"}},"weeks-until-long":{"_index":["plural","value"],"_":{"zero":"denna vecka","one":"nästa vecka","two":"om {{value}} veckor","few":"om {{value}} veckor","many":"om {{value}} veckor","other":"om {{value}} veckor"}},"months-until-long":{"_index":["plural","value"],"_":{"zero":"denna månad","one":"nästa månad","two":"om {{value}} månader","few":"om {{value}} månader","many":"om {{value}} månader","other":"om {{value}} månader"}},"years-until-long":{"_index":["plural","value"],"_":{"zero":"detta år","one":"nästa år","two":"om {{value}} år","few":"om {{value}} år","many":"om {{value}} år","other":"om {{value}} år"}},"minutes-ago-short":{"_index":["plural","value"],"_":{"zero":"nyss","other":"{{value}}min sen"}},"hours-ago-short":{"_index":["plural","value"],"_":{"zero":"nyss","other":"{{value}}tim. sen"}},"days-ago-short":{"_index":["plural","value"],"_":{"zero":"idag","other":"{{value}}dygn sen"}},"minutes-until-short":{"_index":["plural","value"],"_":{"zero":"nu","other":"om {{value}}min"}},"hours-until-short":{"_index":["plural","value"],"_":{"zero":"nu","other":"om {{value}}tim."}},"days-until-short":{"_index":["plural","value"],"_":{"zero":"idag","other":"om {{value}}dygn"}},"incorrectDate":"(felaktigt datum)","dateTimeFormat_%c":"%a %e %b %Y %H:%M:%S","dateTimeFormat_%x":"%d/%m/%Y","dateTimeFormat_%X":"%H:%M:%S","shortTimeFormat":"%H:%M","shortDateTimeFormat":"%x %H:%M","weekStartsOnMonday":"1","time_am":"AM","time_pm":"PM","reset":"Återställ","start":"Start","stop":"Stopp","cancel":"Avbryt","hour":"Timme","hours":"Timmar","minute":"Minut","minutes":"Minuter","enable":"Aktivera","back":"Tillbaka","label":"Titel","alarm":"Alarm","timer":"Timer","stopwatch":"Stoppur","alarmName":{"placeholder":"Alarmnamn"},"newAlarm":"Nytt alarm","editAlarm":"Redigera alarm","pause":"Paus","resume":"Fortsätt","lap":"Varv","lap-number":"Varv {{n}}","delete":"Ta bort","time":"Tid","snooze-label":"Snooze","snooze-button":"Snooze","repeat":"Upprepa","vibrate":"Vibrera","close":"Stäng","save":"Spara","done":"Klar","closeButton":{"ariaLabel":"Stäng"},"newAlarmButton":{"ariaLabel":"Nytt alarm"},"alarm-volume-label":"Systemets alarmvolym","default":"Standard","color":"Färg","sound":"Ljud","noSound":"Inget ljud","everyday":"Dagligen","weekdays":"Vardagar","weekends":"Helger","never":"Aldrig","vibrateOn":"På","vibrateOff":"Av","plusMinute":"+1 min","dateFormat":"%A, %e %B","countdown-lessThanAnHour":"Alarmet är inställt på <strong>{{minutes}}</strong> från nu.","countdown-moreThanAnHour":"Alarmet är inställt på {{hours}} {{minutes}} från nu.","countdown-moreThanADay":"Alarmet är inställt på {{days}} {{hours}} från nu.","nMinutes":{"_index":["plural","n"],"_":{"zero":"mindre än en minut","one":"en minut","two":"{{n}} minuter","few":"{{n}} minuter","many":"{{n}} minuter","other":"{{n}} minuter"}},"nHours":{"_index":["plural","n"],"_":{"one":"<strong>{{n}} timme</strong>","two":"<strong>{{n}} timmar</strong>","few":"<strong>{{n}} timmar</strong>","many":"<strong>{{n}} timmar</strong>","other":"<strong>{{n}} timmar</strong>"}},"nAndRemainHours":{"_index":["plural","n"],"_":{"one":"och <strong>{{n}} timme</strong>","two":"och <strong>{{n}} timmar</strong>","few":"och <strong>{{n}} timmar</strong>","many":"och <strong>{{n}} timmar</strong>","other":"och <strong>{{n}} timmar</strong>"}},"nRemainDays":{"_index":["plural","n"],"_":{"one":"<strong>{{n}} dag</strong>","two":"<strong>{{n}} dagar</strong>","few":"<strong>{{n}} dagar</strong>","many":"<strong>{{n}} dagar</strong>","other":"<strong>{{n}} dagar</strong>"}},"nRemainMinutes":{"_index":["plural","n"],"_":{"one":"och <strong>{{n}} minut</strong>","two":"och <strong>{{n}} minuter</strong>","few":"och <strong>{{n}} minuter</strong>","many":"och <strong>{{n}} minuter</strong>","other":"och <strong>{{n}} minuter</strong>"}},"nSpinnerSeconds":{"_index":["plural","n"],"_":{"zero":"noll sekunder","one":"en sekund","two":"{{n}} sekunder","few":"{{n}} sekunder","many":"{{n}} sekunder","other":"{{n}} sekunder"}},"nSpinnerMinutes":{"_index":["plural","n"],"_":{"zero":"noll minuter","one":"en minut","two":"{{n}} minuter","few":"{{n}} minuter","many":"{{n}} minuter","other":"{{n}} minuter"}},"nSpinnerHours":{"_index":["plural","n"],"_":{"zero":"noll timmar","one":"{{n}} timme","two":"{{n}} timmar","few":"{{n}} timmar","many":"{{n}} timmar","other":"{{n}} timmar"}},"ac_classic_clock_alarm_opus":"Classic Buzz","ac_classic_clock_alarm_prog_opus2":"Pulse Progressive","ac_classic_clock_radio_opus":"Classic Pulse","ac_normal_gem_echoes_opus":"Gem Echoes","ac_soft_smooth_strings_opus":"Smooth Strings","ac_soft_humming_waves_opus":"Shimmering Waves","ac_normal_ringing_strings_opus":"Ringing Strings","ac_soft_into_the_void_opus":"Into the Void"}