{"weekday-0-long":"Pazar","weekday-1-long":"Pazartesi","weekday-2-long":"Salı","weekday-3-long":"Çarşamba","weekday-4-long":"Perşembe","weekday-5-long":"Cuma","weekday-6-long":"Cumartesi","weekday-0-short":"Pzr","weekday-1-short":"Pzt","weekday-2-short":"Sal","weekday-3-short":"Çar","weekday-4-short":"Per","weekday-5-short":"Cum","weekday-6-short":"Cmt","month-0-long":"Ocak","month-1-long":"Şubat","month-2-long":"Mart","month-3-long":"Nisan","month-4-long":"Mayıs","month-5-long":"Haziran","month-6-long":"Temmuz","month-7-long":"Ağustos","month-8-long":"Eylül","month-9-long":"Ekim","month-10-long":"Kasım","month-11-long":"Aralık","month-0-genitive":"Ocak","month-1-genitive":"Şubat","month-2-genitive":"Mart","month-3-genitive":"Nisan","month-4-genitive":"Mayıs","month-5-genitive":"Haziran","month-6-genitive":"Temmuz","month-7-genitive":"Ağustos","month-8-genitive":"Eylül","month-9-genitive":"Ekim","month-10-genitive":"Kasım","month-11-genitive":"Aralık","month-0-short":"Oca","month-1-short":"Şub","month-2-short":"Mar","month-3-short":"Nis","month-4-short":"May","month-5-short":"Haz","month-6-short":"Tem","month-7-short":"Ağu","month-8-short":"Eyl","month-9-short":"Eki","month-10-short":"Kas","month-11-short":"Ara","minutes-ago-long":{"_index":["plural","value"],"_":{"zero":"biraz önce","one":"bir dakika önce","two":"{{value}} dakika önce","few":"{{value}} dakika önce","many":"{{value}} dakika önce","other":"{{value}} dakika önce"}},"hours-ago-long":{"_index":["plural","value"],"_":{"zero":"biraz önce","one":"bir saat önce","two":"{{value}} saat önce","few":"{{value}} saat önce","many":"{{value}} saat önce","other":"{{value}} saat önce"}},"days-ago-long":{"_index":["plural","value"],"_":{"zero":"bugün","one":"dün","two":"{{value}} gün önce","few":"{{value}} gün önce","many":"{{value}} gün önce","other":"{{value}} gün önce"}},"weeks-ago-long":{"_index":["plural","value"],"_":{"zero":"bu hafta","one":"geçen hafta","two":"{{value}} hafta önce","few":"{{value}} hafta önce","many":"{{value}} hafta önce","other":"{{value}} hafta önce"}},"months-ago-long":{"_index":["plural","value"],"_":{"zero":"bu ay","one":"geçen ay","two":"{{value}} ay önce","few":"{{value}} ay önce","many":"{{value}} ay önce","other":"{{value}} ay önce"}},"years-ago-long":{"_index":["plural","value"],"_":{"zero":"bu yıl","one":"geçen yıl","two":"{{value}} yıl önce","few":"{{value}} yıl önce","many":"{{value}} yıl önce","other":"{{value}} yıl önce"}},"minutes-until-long":{"_index":["plural","value"],"_":{"zero":"şimdi","one":"bir dakika önce","two":"{{value}} dakika içinde","few":"{{value}} dakika içinde","many":"{{value}} dakika içinde","other":"{{value}} dakika içinde"}},"hours-until-long":{"_index":["plural","value"],"_":{"zero":"şimdi","one":"bir saat içinde","two":"{{value}} saat içinde","few":"{{value}} saat içinde","many":"{{value}} saat içinde","other":"{{value}} saat içinde"}},"days-until-long":{"_index":["plural","value"],"_":{"zero":"bugün","one":"dün","two":"{{value}} gün içinde","few":"{{value}} gün içinde","many":"{{value}} gün içinde","other":"{{value}} gün içinde"}},"weeks-until-long":{"_index":["plural","value"],"_":{"zero":"bu hafta","one":"gelecek hafta","two":"{{value}} hafta içinde","few":"{{value}} hafta içinde","many":"{{value}} hafta içinde","other":"{{value}} hafta içinde"}},"months-until-long":{"_index":["plural","value"],"_":{"zero":"bu ay","one":"gelecek ay","two":"{{value}} ay içinde","few":"{{value}} ay içinde","many":"{{value}} ay içinde","other":"{{value}} ay içinde"}},"years-until-long":{"_index":["plural","value"],"_":{"zero":"bu yıl","one":"gelecek yıl","two":"{{value}} yıl içinde","few":"{{value}} yıl içinde","many":"{{value}} yıl içinde","other":"{{value}} yıl içinde"}},"minutes-ago-short":{"_index":["plural","value"],"_":{"zero":"biraz önce","other":"{{value}} dk önce"}},"hours-ago-short":{"_index":["plural","value"],"_":{"zero":"biraz önce","other":"{{value}} saat önce"}},"days-ago-short":{"_index":["plural","value"],"_":{"zero":"bugün","other":"{{value}} gün önce"}},"minutes-until-short":{"_index":["plural","value"],"_":{"zero":"şimdi","other":"{{value}} dk içinde"}},"hours-until-short":{"_index":["plural","value"],"_":{"zero":"şimdi","other":"{{value}} saat içinde"}},"days-until-short":{"_index":["plural","value"],"_":{"zero":"bugün","other":"{{value}} gün içinde"}},"incorrectDate":"(geçersiz tarih)","dateTimeFormat_%c":"%e %b %Y %a %H:%M:%S","dateTimeFormat_%x":"%d/%m/%Y","dateTimeFormat_%X":"%H:%M:%S","shortTimeFormat":"%H:%M","shortDateTimeFormat":"%x %H:%M","weekStartsOnMonday":"1","time_am":"ÖÖ","time_pm":"ÖS","reset":"Sıfırla","start":"Başlat","stop":"Durdur","cancel":"İptal","hour":"Saat","hours":"Saat","minute":"Dakika","minutes":"Dakika","enable":"Etkinleştir","back":"Geri","label":"Etiket","alarm":"Alarm","timer":"Geri sayım","stopwatch":"Kronometre","alarmName":{"placeholder":"Alarm adı"},"newAlarm":"Yeni alarm","editAlarm":"Alarmı düzenle","pause":"Duraklat","resume":"Devam et","lap":"Tur","lap-number":"{{n}}. tur","delete":"Sil","time":"Saat","snooze-label":"Ertele","snooze-button":"Ertele","repeat":"Tekrarla","vibrate":"Titreşim","close":"Kapat","save":"Kaydet","done":"Bitti","closeButton":{"ariaLabel":"Close"},"newAlarmButton":{"ariaLabel":"New alarm"},"alarm-volume-label":"System Alarm Volume","default":"Varsayılan","color":"Renk","sound":"Ses","noSound":"Ses yok","everyday":"Her gün","weekdays":"Hafta içi","weekends":"Hafta sonu","never":"Asla","vibrateOn":"Açık","vibrateOff":"Kapalı","plusMinute":"+1 dk.","dateFormat":"%e %B %A","countdown-lessThanAnHour":"Alarm şu andan <strong>{{minutes}}</strong> sonrasına ayarlandı.","countdown-moreThanAnHour":"Alarm şu andan {{hours}} {{minutes}} sonrasına ayarlandı.","countdown-moreThanADay":"Alarm şu andan {{days}} {{hours}} sonrasına ayarlandı.","nMinutes":{"_index":["plural","n"],"_":{"zero":"bir dakikadan daha az","one":"bir dakika","two":"{{n}} dakika","few":"{{n}} dakika","many":"{{n}} dakika","other":"{{n}} dakika"}},"nHours":{"_index":["plural","n"],"_":{"one":"<strong>{{n}} saat</strong>","two":"<strong>{{n}} saat</strong>","few":"<strong>{{n}} saat</strong>","many":"<strong>{{n}} saat</strong>","other":"<strong>{{n}} saat</strong>"}},"nAndRemainHours":{"_index":["plural","n"],"_":{"one":"<strong>{{n}} saat</strong>","two":"<strong>{{n}} saat</strong>","few":"<strong>{{n}} saat</strong>","many":"<strong>{{n}} saat</strong>","other":"<strong>{{n}} saat</strong>"}},"nRemainDays":{"_index":["plural","n"],"_":{"one":"<strong>{{n}} gün</strong>","two":"<strong>{{n}} gün</strong>","few":"<strong>{{n}} gün</strong>","many":"<strong>{{n}} gün</strong>","other":"<strong>{{n}} gün</strong>"}},"nRemainMinutes":{"_index":["plural","n"],"_":{"one":"ve <strong>{{n}} dakika</strong>","two":"ve <strong>{{n}} dakika</strong>","few":"ve <strong>{{n}} dakika</strong>","many":"ve <strong>{{n}} dakika</strong>","other":"ve <strong>{{n}} dakika</strong>"}},"nSpinnerSeconds":{"_index":["plural","n"],"_":{"zero":"zero seconds","one":"one second","two":"{{n}} seconds","few":"{{n}} seconds","many":"{{n}} seconds","other":"{{n}} seconds"}},"nSpinnerMinutes":{"_index":["plural","n"],"_":{"zero":"zero minutes","one":"one minute","two":"{{n}} minutes","few":"{{n}} minutes","many":"{{n}} minutes","other":"{{n}} minutes"}},"nSpinnerHours":{"_index":["plural","n"],"_":{"zero":"zero hours","one":"{{n}} hour","two":"{{n}} hours","few":"{{n}} hours","many":"{{n}} hours","other":"{{n}} hours"}},"ac_classic_clock_alarm_opus":"Klasik Vızıltı","ac_classic_clock_alarm_prog_opus2":"Artan Nabız","ac_classic_clock_radio_opus":"Klasik Nabız","ac_normal_gem_echoes_opus":"Mücevher Ekosu","ac_soft_smooth_strings_opus":"Yumuşak Yaylar","ac_soft_humming_waves_opus":"Parlayan Dalgalar","ac_normal_ringing_strings_opus":"Çınlayan Yaylar","ac_soft_into_the_void_opus":"Boşluğa Doğru"}