{"weekday-0-long":"星期日","weekday-1-long":"星期一","weekday-2-long":"星期二","weekday-3-long":"星期三","weekday-4-long":"星期四","weekday-5-long":"星期五","weekday-6-long":"星期六","weekday-0-short":"周日","weekday-1-short":"周一","weekday-2-short":"周二","weekday-3-short":"周三","weekday-4-short":"周四","weekday-5-short":"周五","weekday-6-short":"周六","month-0-long":"1 月","month-1-long":"2 月","month-2-long":"3 月","month-3-long":"4 月","month-4-long":"5 月","month-5-long":"6 月","month-6-long":"7 月","month-7-long":"8 月","month-8-long":"9 月","month-9-long":"10 月","month-10-long":"11 月","month-11-long":"12 月","month-0-genitive":"一月","month-1-genitive":"二月","month-2-genitive":"三月","month-3-genitive":"四月","month-4-genitive":"五月","month-5-genitive":"六月","month-6-genitive":"七月","month-7-genitive":"八月","month-8-genitive":"九月","month-9-genitive":"十月","month-10-genitive":"十一月","month-11-genitive":"十二月","month-0-short":"1 月","month-1-short":"2 月","month-2-short":"3 月","month-3-short":"4 月","month-4-short":"5 月","month-5-short":"6 月","month-6-short":"7 月","month-7-short":"8 月","month-8-short":"9 月","month-9-short":"10 月","month-10-short":"11 月","month-11-short":"12 月","minutes-ago-long":{"_index":["plural","value"],"_":{"zero":"刚才","one":"1 分钟前","two":"{{ value }} 分钟前","few":"{{ value }} 分钟前","many":"{{ value }} 分钟前","other":"{{ value }} 分钟前"}},"hours-ago-long":{"_index":["plural","value"],"_":{"zero":"刚才","one":"1 小时前","two":"{{ value }} 小时前","few":"{{ value }} 小时前","many":"{{ value }} 小时前","other":"{{ value }} 小时前"}},"days-ago-long":{"_index":["plural","value"],"_":{"zero":"今天","one":"昨天","two":"{{value}} 天前","few":"{{value}} 天前","many":"{{value}} 天前","other":"{{value}} 天前"}},"weeks-ago-long":{"_index":["plural","value"],"_":{"zero":"本周","one":"上周","two":"{{value}} 周前","few":"{{value}} 周前","many":"{{value}} 周前","other":"{{value}} 周前"}},"months-ago-long":{"_index":["plural","value"],"_":{"zero":"本月","one":"上月","two":"{{value}} 个月前","few":"{{value}} 个月前","many":"{{value}} 个月前","other":"{{value}} 个月前"}},"years-ago-long":{"_index":["plural","value"],"_":{"zero":"今年","one":"去年","two":"{{value}} 年前","few":"{{value}} 年前","many":"{{value}} 年前","other":"{{value}} 年前"}},"minutes-until-long":{"_index":["plural","value"],"_":{"zero":"现在","one":"1 分钟内","two":"剩{{value}}分钟","few":"剩{{value}}分钟","many":"剩{{value}}分钟","other":"剩{{value}}分钟"}},"hours-until-long":{"_index":["plural","value"],"_":{"zero":"现在","one":"1 小时内","two":"剩{{value}}小时","few":"剩{{value}}小时","many":"剩{{value}}小时","other":"剩{{value}}小时"}},"days-until-long":{"_index":["plural","value"],"_":{"zero":"今天","one":"明天","two":"剩{{value}}天","few":"剩{{value}}天","many":"剩{{value}}天","other":"剩{{value}}天"}},"weeks-until-long":{"_index":["plural","value"],"_":{"zero":"本周","one":"下周","two":"剩{{value}}周","few":"剩{{value}}周","many":"剩{{value}}周","other":"剩{{value}}周"}},"months-until-long":{"_index":["plural","value"],"_":{"zero":"本月","one":"下月","two":"剩{{value}}个月","few":"剩{{value}}个月","many":"剩{{value}}个月","other":"剩{{value}}个月"}},"years-until-long":{"_index":["plural","value"],"_":{"zero":"今年","one":"明年","two":"剩{{value}}年","few":"剩{{value}}年","many":"剩{{value}}年","other":"剩{{value}}年"}},"minutes-ago-short":{"_index":["plural","value"],"_":{"zero":"刚才","other":"{{value}} 分钟前"}},"hours-ago-short":{"_index":["plural","value"],"_":{"zero":"刚才","other":"{{value}}小时前"}},"days-ago-short":{"_index":["plural","value"],"_":{"zero":"今天","other":"{{value}} 天前"}},"minutes-until-short":{"_index":["plural","value"],"_":{"zero":"现在","other":"剩{{value}}分钟"}},"hours-until-short":{"_index":["plural","value"],"_":{"zero":"现在","other":"剩{{value}}小时"}},"days-until-short":{"_index":["plural","value"],"_":{"zero":"今天","other":"剩{{value}}天"}},"incorrectDate":"（日期不正确）","dateTimeFormat_%c":"%Y 年 %b %e 日 %a %H:%M:%S","dateTimeFormat_%x":"%Y/%m/%d","dateTimeFormat_%X":"%H:%M:%S","shortTimeFormat":"%H:%M","shortDateTimeFormat":"%x %H:%M","weekStartsOnMonday":"0","time_am":"上午","time_pm":"下午","reset":"重置","start":"开始","stop":"停止","cancel":"取消","hour":"小时","hours":"小时","minute":"分钟","minutes":"分钟","enable":"启用","back":"后退","label":"标签","alarm":"闹钟","timer":"计时器","stopwatch":"秒表","alarmName":{"placeholder":"闹钟名称"},"newAlarm":"添加闹钟","editAlarm":"编辑闹钟","pause":"暂停","resume":"继续","lap":"圈","lap-number":"{{n}} 圈","delete":"删除","time":"时间","snooze-label":"小睡","snooze-button":"小睡","repeat":"重复","vibrate":"振动","close":"关闭","save":"保存","done":"完成","closeButton":{"ariaLabel":"关闭"},"newAlarmButton":{"ariaLabel":"添加闹钟"},"alarm-volume-label":"系统闹钟音量","default":"默认","color":"颜色","sound":"铃声","noSound":"无声","everyday":"每天","weekdays":"工作日","weekends":"周末","never":"永不","vibrateOn":"开","vibrateOff":"关","plusMinute":"+1 分钟","dateFormat":"%B %e 日 %A","countdown-lessThanAnHour":"距离此闹钟响起还有 <strong>{{minutes}}</strong>。","countdown-moreThanAnHour":"距离此闹钟响起还有 {{hours}} {{minutes}}。","countdown-moreThanADay":"距离此闹钟响起还有 {{days}} {{hours}}。","nMinutes":{"_index":["plural","n"],"_":{"zero":"1 分钟不到","one":"1 分钟","two":"{{n}} 分钟","few":"{{n}} 分钟","many":"{{n}} 分钟","other":"{{n}} 分钟"}},"nHours":{"_index":["plural","n"],"_":{"one":"<strong>{{n}} 小时</strong>","two":"<strong>{{n}} 小时</strong>","few":"<strong>{{n}} 小时</strong>","many":"<strong>{{n}} 小时</strong>","other":"<strong>{{n}} 小时</strong>"}},"nAndRemainHours":{"_index":["plural","n"],"_":{"one":"以及<strong>{{n}} 小时</strong>","two":"以及 <strong>{{n}} 小时</strong>","few":"以及 <strong>{{n}} 小时</strong>","many":"以及 <strong>{{n}} 小时</strong>","other":"以及 <strong>{{n}} 小时</strong>"}},"nRemainDays":{"_index":["plural","n"],"_":{"one":"<strong>{{n}} 天</strong>","two":"<strong>{{n}} 天</strong>","few":"<strong>{{n}} 天</strong>","many":"<strong>{{n}} 天</strong>","other":"<strong>{{n}} 天</strong>"}},"nRemainMinutes":{"_index":["plural","n"],"_":{"one":"<strong>{{n}} 分钟</strong>","two":"<strong>{{n}} 分钟</strong>","few":"<strong>{{n}} 分钟</strong>","many":"<strong>{{n}} 分钟</strong>","other":"<strong>{{n}} 分钟</strong>"}},"nSpinnerSeconds":{"_index":["plural","n"],"_":{"zero":"0 秒","one":"1 秒","two":"{{n}} 秒","few":"{{n}} 秒","many":"{{n}} 秒","other":"{{n}} 秒"}},"nSpinnerMinutes":{"_index":["plural","n"],"_":{"zero":"0 分钟","one":"1 分钟","two":"{{n}} 分钟","few":"{{n}} 分钟","many":"{{n}} 分钟","other":"{{n}} 分钟"}},"nSpinnerHours":{"_index":["plural","n"],"_":{"zero":"0 小时","one":"{{n}} 小时","two":"{{n}} 小时","few":"{{n}} 小时","many":"{{n}} 小时","other":"{{n}} 小时"}},"ac_classic_clock_alarm_opus":"经典蜂鸣","ac_classic_clock_alarm_prog_opus2":"渐进脉冲","ac_classic_clock_radio_opus":"经典脉冲","ac_normal_gem_echoes_opus":"宝石回音","ac_soft_smooth_strings_opus":"平滑串音","ac_soft_humming_waves_opus":"闪烁声波","ac_normal_ringing_strings_opus":"串铃","ac_soft_into_the_void_opus":"进入虚空"}