{"bluetooth":"بلوتوث","confirmation":"تأكيد","bluetooth-status-description":"البلوتوث غير مفعَل","turn-bluetooth-on":"هل تريد تفعيل البلوتوث؟","cancel":"ألغِ","turn-on":"فعّل","error-transfer-title":"فشل نقل الملف عبر البلوتوث","error-transfer-settings":"فشل نقل الملف عبر البلوتوث. تحقق من أن إعدادات البلوتوث صحيحة.","ok":"موافق","bluetooth-paired-devices":"الأجهزة المقترنة","bluetooth-devices-in-area":"أجهزة قريبة منك","device-status-tap-connect":"أنقر للإتصال","device-status-pairing":"جارِ الاقتران مع جهاز…","device-status-waiting":"في إنتظار جهاز آخر...","device-status-paired":"تم الاقتران","device-status-connecting":"جارِ الاتصال","device-status-connected":"مُتصل","search-for-device":"البحث عن اجهزة...","search-device":"إبحث عن أجهزة","unnamed-device":"جهاز مجهول ","error-pair-title":"تعذّر الاقتران مع أي جهاز","error-pair-pincode":"تعذّر الاقتران مع الجهاز. تحقق من صحة كود PIN","error-pair-toofast":"تعذَر الاقتران مع الجهاز بسبب كثرة الطلبات المُرسلة."}