{"bluetooth":"Bluetooth","confirmation":"Потвърждение","bluetooth-status-description":"Bluetooth е спрян","turn-bluetooth-on":"Искате ли да включите Bluetooth?","cancel":"Отказ","turn-on":"Включване","error-transfer-title":"Bluetooth файловият трансфер е неуспешен","error-transfer-settings":"Bluetooth файловият трансфер е неуспешен. Проверете дали Bluetooth настройките са правилни.","ok":"Добре","bluetooth-paired-devices":"Сдвоени устройства","bluetooth-devices-in-area":"Близки устройства","device-status-tap-connect":"Натиснете, за да се свържете","device-status-pairing":"Сдвояване с устройство…","device-status-waiting":"Изчакване на отсрещното устройство…","device-status-paired":"Сдвоено","device-status-connecting":"Свързване…","device-status-connected":"Свързано","search-for-device":"Търсене на устройства…","search-device":"Търсене на устройство","unnamed-device":"Непознато устройство","error-pair-title":"Неуспешно сдвояване на устройства","error-pair-pincode":"Неуспешно сдвояване. Проверете да ли PIN-а е правилен.","error-pair-toofast":"Неуспешно сдвояване. Твърде много заявки."}