{"bluetooth":"ব্লুটুথ","confirmation":"নিশ্চিতকরণ","bluetooth-status-description":"ব্লুটুথ নিষ্ক্রিয় করা হয়েছে","turn-bluetooth-on":"আপনি কি ব্লুটুথ চালু করতে চান?","cancel":"বাতিল","turn-on":"চালু করুন","error-transfer-title":"ব্লটুথ ফাইল স্থানান্তর ব্যর্থ হয়েছে","error-transfer-settings":"ব্লটুথ ফাইল স্থানান্তর ব্যর্থ হয়েছে। ব্লুটুথ সেটিংস ঠিক আছে কিনা দেখুন।","ok":"ঠিক আছে","bluetooth-paired-devices":"জুটিবদ্ধ ডিভাইস","bluetooth-devices-in-area":"সীমার মধ্যে সব ডিভাইস","device-status-tap-connect":"সংযুক্ত করতে ট্যাপ করুন","device-status-pairing":"ডিভাইসের সাথে জুটিবদ্ধ হচ্ছে…","device-status-waiting":"অপর ডিভাইসের জন্য অপেক্ষমান…","device-status-paired":"জুটিবদ্ধ","device-status-connecting":"সংযুক্ত হচ্ছে…","device-status-connected":"সংযুক্ত","search-for-device":"ডিভাইসের জন্য অনুসন্ধান করা হচ্ছে...","search-device":"ডিভাইস অনুসন্ধান করুন","unnamed-device":"অজানা ডিভাইস","error-pair-title":"ডিভাইস জুটিবদ্ধ করা সম্ভব নয়","error-pair-pincode":"এই ডিভাইসের সাথে জুটিবদ্ধ হওয়া সম্ভব নয়। PIN সঠিক কিনা পরীক্ষা করুন।","error-pair-toofast":"এই ডিভাইসের সাথে জুটিবদ্ধ হওয়া সম্ভব নয়। মাত্রাতিরিক্ত অনুরোধ রয়েছে।"}