{"bluetooth":"Bluetooth","confirmation":"Confirmació","bluetooth-status-description":"El Bluetooth està desactivat","turn-bluetooth-on":"Voleu activar el Bluetooth?","cancel":"Cancel·la","turn-on":"Activa","error-transfer-title":"La transferència Bluetooth ha fallat","error-transfer-settings":"La transferència Bluetooth ha fallat. Comproveu que els paràmetres de Bluetooth siguin correctes.","ok":"D'acord","bluetooth-paired-devices":"Dispositius aparellats","bluetooth-devices-in-area":"Dispositius propers","device-status-tap-connect":"Toqueu per connectar","device-status-pairing":"S'està aparellant amb el dispositiu…","device-status-waiting":"S'està esperant l'altre dispositiu…","device-status-paired":"Aparellat","device-status-connecting":"S'està connectant…","device-status-connected":"Connectat","search-for-device":"S'estan cercant dispositius…","search-device":"Cerca dispositius","unnamed-device":"Dispositiu desconegut","error-pair-title":"No s'han pogut aparellar els dispositius","error-pair-pincode":"No s'han pogut aparellar els dispositius. Verifiqueu que el PIN introduït és correcte.","error-pair-toofast":"No s'han pogut aparellar els dispositius. Massa sol·licituds."}