{"bluetooth":"Bluetooth","confirmation":"Potvrzení","bluetooth-status-description":"Bluetooth je zakázán","turn-bluetooth-on":"Chcete zapnout Bluetooth?","cancel":"Zrušit","turn-on":"Zapnout","error-transfer-title":"Chyba při přenos souborů pomocí Bluetooth","error-transfer-settings":"Přenos souborů pomocí Bluetooth skončil chybou. Zkontrolujte správnost nastavení Bluetooth.","ok":"OK ","bluetooth-paired-devices":"Spárovaná zařízení","bluetooth-devices-in-area":"Zařízení v okolí","device-status-tap-connect":"Pro připojení klepněte","device-status-pairing":"Párování s zařízení","device-status-waiting":"Čeká se na zařízení…","device-status-paired":"Spárováno","device-status-connecting":"Připojování…","device-status-connected":"Připojeno","search-for-device":"Hledání zařízení…","search-device":"Hledání zařízení","unnamed-device":"Neznámé zařízení","error-pair-title":"Nepodařilo se spárovat zařízení","error-pair-pincode":"Nepodařilo se spárovat zařízení. Zkontrolujte, že je PIN správný.","error-pair-toofast":"Nepodařilo se spárovat zařízení. Velké množství požadavků."}