{"bluetooth":"Bluetooth","confirmation":"Bekræft","bluetooth-status-description":"Bluetooth er deaktiveret","turn-bluetooth-on":"Vil du aktivere Bluetooth?","cancel":"Annuller","turn-on":"Aktiver","error-transfer-title":"Filoverførsel via Bluetooth mislykkedes","error-transfer-settings":"Filoverførsel via Bluetooth mislykkedes. Kontroller dine indstillinger for Bluetooth.","ok":"OK","bluetooth-paired-devices":"Parrede enheder","bluetooth-devices-in-area":"Enheder i området","device-status-tap-connect":"Tryk for at forbinde","device-status-pairing":"Parrer med enhed","device-status-waiting":"Venter på enhed…","device-status-paired":"Parret","device-status-connecting":"Forbinder…","device-status-connected":"Forbundet","search-for-device":"Søger efter enheder…","search-device":"Søg efter enheder","unnamed-device":"Ukendt enhed","error-pair-title":"Kan ikke parre enheder","error-pair-pincode":"Kan ikke parre med enheden. Tjek, at du benytter den korrekte pinkode.","error-pair-toofast":"Kan ikke parre med enheden. For mange forespørgsler."}