{"bluetooth":"Bluetooth","confirmation":"Bestätigung","bluetooth-status-description":"Bluetooth ist deaktiviert","turn-bluetooth-on":"Soll Bluetooth aktiviert werden?","cancel":"Abbrechen","turn-on":"Aktivieren","error-transfer-title":"Bluetooth-Dateitransfer fehlgeschlagen","error-transfer-settings":"Dateitransfer per Bluetooth schlug fehl. Überprüfen Sie die Bluetooth-Einstellungen.","ok":"OK","bluetooth-paired-devices":"Gekoppelte Geräte","bluetooth-devices-in-area":"Verfügbare Geräte","device-status-tap-connect":"Zum Verbinden antippen","device-status-pairing":"Warten auf Gerät…","device-status-waiting":"Warten auf anderes Gerät…","device-status-paired":"Gekoppelt","device-status-connecting":"Verbinden…","device-status-connected":"Verbunden","search-for-device":"Nach Geräten wird gesucht…","search-device":"Nach Geräten suchen","unnamed-device":"Unbekanntes Gerät","error-pair-title":"Geräte konnten nicht gekoppelt werden","error-pair-pincode":"Konnte nicht mit Gerät koppeln. Überprüfen Sie die PIN auf Korrektheit.","error-pair-toofast":"Konnte nicht mit Gerät koppeln. Zu viele Anfragen."}