{"bluetooth":"Bluetooth","confirmation":"Επιβεβαίωση","bluetooth-status-description":"Το Bluetooth είναι απενεργοποιημένο","turn-bluetooth-on":"Θέλετε να ενεργοποιήσετε το Bluetooth;","cancel":"Ακύρωση","turn-on":"Ενεργοποίηση","error-transfer-title":"Η αποστολή αρχείου μέσω bluetooth απέτυχε","error-transfer-settings":"Η αποστολή αρχείου μέσω bluetooth απέτυχε. Ελέγξτε την ορθότητα των ρυθμίσεων του bluetooth.","ok":"ΟΚ","bluetooth-paired-devices":"Συζευγμένες συσκευές","bluetooth-devices-in-area":"Συσκευές στο χώρο","device-status-tap-connect":"Πατήστε για σύνδεση","device-status-pairing":"Σύζευξη με την συσκευή…","device-status-waiting":"Αναμονή για την άλλη συσκευή…","device-status-paired":"Συζευγμένη","device-status-connecting":"Συνδέεται…","device-status-connected":"Συνδεδεμένη","search-for-device":"Αναζήτηση συσκευών…","search-device":"Αναζήτηση για συσκευές","unnamed-device":"Άγνωστη συσκευή","error-pair-title":"Αδυναμία σύζευξης των συσκευών","error-pair-pincode":"Αδυναμία σύζευξης με την συσκευή. Ελέγξτε ότι το PIN είναι σωστό.","error-pair-toofast":"Αδυναμία σύζευξης με την συσκευή. Πάρα πολλά αιτήματα."}