{"bluetooth":"Bluetooth","confirmation":"Confirmation","bluetooth-status-description":"Bluetooth is disabled","turn-bluetooth-on":"Do you want to turn Bluetooth on?","cancel":"Cancel","turn-on":"Turn On","error-transfer-title":"Bluetooth file transfer failed","error-transfer-settings":"Bluetooth file transfer failed. Check that the Bluetooth settings are correct.","ok":"OK","bluetooth-paired-devices":"Paired devices","bluetooth-devices-in-area":"Devices in the area","device-status-tap-connect":"Tap to connect","device-status-pairing":"Pairing with device…","device-status-waiting":"Waiting for other device…","device-status-paired":"Paired","device-status-connecting":"Connecting…","device-status-connected":"Connected","search-for-device":"Searching for devices…","search-device":"Search for devices","unnamed-device":"Unknown device","error-pair-title":"Unable to pair devices","error-pair-pincode":"Unable to pair with the device. Check that the PIN is correct.","error-pair-toofast":"Unable to pair with the device. Too many requests."}