{"bluetooth":"Bluetooth","confirmation":"Confirmación","bluetooth-status-description":"El Bluetooth está desactivado","turn-bluetooth-on":"¿Le gustaría activar el Bluetooth?","cancel":"Cancelar","turn-on":"Activar","error-transfer-title":"Error en la transferencia Bluetooth","error-transfer-settings":"Hubo un error en la transferencia Bluetooth. Compruebe que su configuración de Bluetooth es correcta.","ok":"Aceptar","bluetooth-paired-devices":"Dispositivos vinculados","bluetooth-devices-in-area":"Dispositivos en el área","device-status-tap-connect":"Pulse para conectar","device-status-pairing":"Vinculando dispositivos…","device-status-waiting":"Esperando a otro dispositivo…","device-status-paired":"Vinculados","device-status-connecting":"Conectando…","device-status-connected":"Conectado","search-for-device":"Buscando dispositivos…","search-device":"Buscar dispositivos","unnamed-device":"Dispositivo desconocido","error-pair-title":"Imposible vincular los dispositivos","error-pair-pincode":"Imposible vincular el dispositivo. Compruebe que el PIN es correcto.","error-pair-toofast":"Imposible vincular con el dispositivo. Demasiadas peticiones."}