{"bluetooth":"Bluetooth","confirmation":"Berrespena","bluetooth-status-description":"Bluetooth-a desgaituta dago","turn-bluetooth-on":"Bluetooth-a piztu nahi duzu?","cancel":"Utzi","turn-on":"Piztu","error-transfer-title":"Huts egin du Bluetooth bidezko fitxategi-transferentziak","error-transfer-settings":"Huts egin du Bluetooth bidezko fitxategi-transferentziak. Egiaztatu Bluetooth-ezarpenak zuzenak direla.","ok":"Ados","bluetooth-paired-devices":"Parekatutako gailuak","bluetooth-devices-in-area":"Inguruko gailuak","device-status-tap-connect":"Sakatu konektatzeko","device-status-pairing":"Gailuarekin parekatzen…","device-status-waiting":"Beste gailuari itxoiten…","device-status-paired":"Parekatuta","device-status-connecting":"Konektatzen…","device-status-connected":"Konektatuta","search-for-device":"Gailuak bilatzen…","search-device":"Bilatu gailuak","unnamed-device":"Gailu ezezaguna","error-pair-title":"Ezin dira gailuak parekatu","error-pair-pincode":"Ezin da gailuarekin parekatu. Egiaztatu PINa zuzena dela.","error-pair-toofast":"Ezin da gailuarekin parekatu. Eskaera gehiegi."}