{"bluetooth":"Bluetooth","confirmation":"Confirmation","bluetooth-status-description":"Le Bluetooth est désactivé","turn-bluetooth-on":"Voulez-vous activer le Bluetooth ?","cancel":"Annuler","turn-on":"Activer","error-transfer-title":"Échec du transfert par Bluetooth","error-transfer-settings":"Échec du transfert du fichier par Bluetooth. Vérifiez que les paramètres Bluetooth sont corrects.","ok":"OK","bluetooth-paired-devices":"Appareils associés","bluetooth-devices-in-area":"Appareils à proximité","device-status-tap-connect":"Appuyer pour établir la connexion","device-status-pairing":"Association avec l’appareil…","device-status-waiting":"En attente de l’autre appareil…","device-status-paired":"Associé","device-status-connecting":"Connexion…","device-status-connected":"Connecté","search-for-device":"Recherche d’appareils…","search-device":"Rechercher des appareils","unnamed-device":"Appareil inconnu","error-pair-title":"Impossible d’associer les appareils","error-pair-pincode":"Impossible de s’associer avec l’appareil. Vérifiez que le code PIN est correct.","error-pair-toofast":"Impossible de s’associer avec l’appareil. Demandes trop nombreuses."}