{"bluetooth":"Bluetooth","confirmation":"Confirmación","bluetooth-status-description":"O Bluetooth está desactivado","turn-bluetooth-on":"Quere activar o Bluetooth?","cancel":"Cancelar","turn-on":"Activar","error-transfer-title":"Fallou a transferencia Bluetooth","error-transfer-settings":"Fallou a transferencia Bluetooth do ficheiro. Comprobe que a configuración do Bluetooth é correcta.","ok":"Aceptar","bluetooth-paired-devices":"Dispositivos asociados","bluetooth-devices-in-area":"Dispositivos na área","device-status-tap-connect":"Toque para conectar","device-status-pairing":"Asociando dispositivo…","device-status-waiting":"Agardando polo outro dispositivo…","device-status-paired":"Asociados","device-status-connecting":"Conectando…","device-status-connected":"Conectado","search-for-device":"Buscando dispositivos…","search-device":"Buscar dispositivos","unnamed-device":"Dispositivo descoñecido","error-pair-title":"Imposíbel asociar os dispositivos","error-pair-pincode":"Foi imposíbel asociar o dispositivo. Comprobe que o PIN é correcto.","error-pair-toofast":"Foi imposíbel asociar o dispositivo. Demasiadas solicitudes."}