{"bluetooth":"Bluetooth","confirmation":"Potvrda","bluetooth-status-description":"Bluetooth je isključen","turn-bluetooth-on":"Želite li uključiti Bluetooth?","cancel":"Otkaži","turn-on":"Uključi","error-transfer-title":"Prijenos podataka putem Bluetootha nije uspio","error-transfer-settings":"Prijenos podataka putem Bluetootha nije uspio. Provjerite jesu li Bluetooth postavke ispravne.","ok":"U redu","bluetooth-paired-devices":"Upareni uređaji","bluetooth-devices-in-area":"Uređaji u blizini","device-status-tap-connect":"Pritisnite za povezivanje","device-status-pairing":"Uparivanje uređaja…","device-status-waiting":"Čekanje drugog uređaja…","device-status-paired":"Uparen","device-status-connecting":"Povezivanje…","device-status-connected":"Povezan","search-for-device":"Traženje uređaja…","search-device":"Traži uređaje","unnamed-device":"Nepoznat uređaj","error-pair-title":"Uparivanje nije moguće","error-pair-pincode":"Uređaje nije moguće upariti. Provjerite je li PIN ispravan.","error-pair-toofast":"Uređaje nije moguće upariti. Previše zahtjeva."}