{"bluetooth":"Bluetooth","confirmation":"Megerősítés","bluetooth-status-description":"A Bluetooth kikapcsolva","turn-bluetooth-on":"Be szeretné kapcsolni a Bluetooth kapcsolatot?","cancel":"Mégse","turn-on":"Bekapcsolás","error-transfer-title":"A Bluetooth fájlátvitel meghiúsult","error-transfer-settings":"A Bluetooth fájlátvitel meghiúsult. Ellenőrizze a Bluetooth beállítások helyességét.","ok":"OK","bluetooth-paired-devices":"Párosított eszközök","bluetooth-devices-in-area":"Közeli eszközök","device-status-tap-connect":"Koppintson a csatlakozáshoz","device-status-pairing":"Párosítás eszközzel…","device-status-waiting":"Várakozás a másik eszközre…","device-status-paired":"Párosítva","device-status-connecting":"Csatlakozás…","device-status-connected":"Kapcsolódva","search-for-device":"Eszközök keresése…","search-device":"Eszközök keresése","unnamed-device":"Ismeretlen eszköz","error-pair-title":"Az eszközök nem párosíthatók","error-pair-pincode":"A párosítás nem sikerült az eszközzel. Ellenőrizze a PIN-t.","error-pair-toofast":"Az eszközzel párosítás sikertelen. Túl sok kérés."}