{"bluetooth":"Bluetooth","confirmation":"Conferma","bluetooth-status-description":"Il bluetooth è disattivato","turn-bluetooth-on":"Attivare il bluetooth?","cancel":"Annulla","turn-on":"Attiva","error-transfer-title":"Trasferimento file bluetooth non riuscito","error-transfer-settings":"Trasferimento bluetooth non riuscito. Verificare che le impostazioni bluetooth siano corrette.","ok":"OK","bluetooth-paired-devices":"Dispositivi associati","bluetooth-devices-in-area":"Dispositivi in zona","device-status-tap-connect":"Tocca per connettere","device-status-pairing":"Associazione dispositivo…","device-status-waiting":"In attesa dell’altro dispositivo…","device-status-paired":"Associato","device-status-connecting":"Connessione…","device-status-connected":"Connesso","search-for-device":"Ricerca dispositivi…","search-device":"Ricerca dispositivi","unnamed-device":"Dispositivo sconosciuto","error-pair-title":"Impossibile associare i dispositivi","error-pair-pincode":"Impossibile associare i dispositivi. Verificare che il PIN sia corretto.","error-pair-toofast":"Impossibile associare il dispositivo. Numero eccessivo di richieste."}