{"bluetooth":"Bluetooth","confirmation":"確認","bluetooth-status-description":"Bluetooth が無効です","turn-bluetooth-on":"Bluetooth を ON にしますか？","cancel":"キャンセル","turn-on":"ON にする","error-transfer-title":"Bluetooth ファイル転送失敗","error-transfer-settings":"Bluetooth ファイル転送に失敗しました。Bluetooth の設定が正しいか確認してください。","ok":"OK","bluetooth-paired-devices":"ペアリングされたデバイス","bluetooth-devices-in-area":"通信エリア内のデバイス","device-status-tap-connect":"タップして接続","device-status-pairing":"デバイスとペアリング中…","device-status-waiting":"他のデバイスを待機中…","device-status-paired":"ペアリング完了","device-status-connecting":"接続中…","device-status-connected":"接続完了","search-for-device":"デバイスを検索中…","search-device":"デバイスの検索","unnamed-device":"不明なデバイス","error-pair-title":"デバイスとペアリングできません","error-pair-pincode":"デバイスとペアリングできません。PIN コードが正しいか確認してください。","error-pair-toofast":"デバイスとペアリングできません。要求が多すぎます。"}