{"bluetooth":"블루투스","confirmation":"확인","bluetooth-status-description":"블루투스가 꺼져 있음","turn-bluetooth-on":"블루투스를 켜시겠습니까?","cancel":"취소","turn-on":"켜기","error-transfer-title":"블루투스 파일 전송 실패","error-transfer-settings":"블루투스 파일 전송이 실패했습니다. 블루투스 설정이 올바른지 확인해 보십시오.","ok":"예","bluetooth-paired-devices":"연결한 기기","bluetooth-devices-in-area":"근처에 있는 기기","device-status-tap-connect":"탭해서 연결","device-status-pairing":"기기와 연결하는 중…","device-status-waiting":"다른 기기를 기다리는 중…","device-status-paired":"연결 완료","device-status-connecting":"연결중…","device-status-connected":"연결됨","search-for-device":"기기를 찾는 중…","search-device":"기기 찾기","unnamed-device":"알 수 없는 기기","error-pair-title":"기기와 연결할 수 없음","error-pair-pincode":"기기와 연결할 수 없습니다. PIN이 맞는지 확인해 보세요.","error-pair-toofast":"기기와 연결할 수 없습니다. 요청이 너무 많습니다."}