{"bluetooth":"Bluetooth","confirmation":"Patvirtinkite","bluetooth-status-description":"„Bluetooth“ ryšys išjungtas","turn-bluetooth-on":"Ar norite įjungti „Bluetooth“ ryšį?","cancel":"Atsisakyti","turn-on":"Įjungti","error-transfer-title":"Failo persiųsti per „Bluetooth“ nepavyko","error-transfer-settings":"Failo persiųsti per „Bluetooth“ nepavyko. Patikrinkite, ar teisingos „Bluetooth“ nuostatos.","ok":"Gerai","bluetooth-paired-devices":"Susieti įrenginiai","bluetooth-devices-in-area":"Įrenginiai netoliese","device-status-tap-connect":"Bakstelėkite, kad būtų prisijungta","device-status-pairing":"Siejamasi su įrenginiu…","device-status-waiting":"Laukiama kito įrenginio…","device-status-paired":"Susisieta","device-status-connecting":"Jungiamasi…","device-status-connected":"Prisijungta","search-for-device":"Ieškoma įrenginių…","search-device":"Ieškoti įrenginių","unnamed-device":"Nežinomas įrenginys","error-pair-title":"Susieti įrenginių nepavyko","error-pair-pincode":"Susisieti su kitu įrenginiu nepavyko. Patikrinkite, ar įvedėte teisingą PIN kodą.","error-pair-toofast":"Susisieti su kitu įrenginiu nepavyko. Pateikta per daug užklausų."}