{"bluetooth":"Bluetooth","confirmation":"Потврда","bluetooth-status-description":"Bluetooth е оневозможен","turn-bluetooth-on":"Сакате да вклучите Bluetooth?","cancel":"Откажи","turn-on":"Вклучи","error-transfer-title":"Преносот на податоци преку Bluetooth не успеа","error-transfer-settings":"Преносот на податоци преку Bluetooth не успеа. Проверете дали поставките за Bluetooth се точни.","ok":"Во ред","bluetooth-paired-devices":"Спарени уреди","bluetooth-devices-in-area":"Уреди во близина","device-status-tap-connect":"Допрете за поврзување","device-status-pairing":"Спарувам со уред…","device-status-waiting":"Чекам на другиот уред…","device-status-paired":"Спарен","device-status-connecting":"Се поврзува…","device-status-connected":"Поврзан","search-for-device":"Пребарувам уреди…","search-device":"Пребарајте уреди","unnamed-device":"Непознат уред","error-pair-title":"Не е можно да се спарат уредите","error-pair-pincode":"Не можам да се спарам со уредот. Проверете го пин-кодот.","error-pair-toofast":"Не можам да се спарам со уредот. Премногу барања."}