{"bluetooth":"Bluetooth","confirmation":"Pengesahan","bluetooth-status-description":"Bluetooth dilumpuhkan","turn-bluetooth-on":"Adakah anda mahu untuk membuka blutooth?","cancel":"Batal","turn-on":"Hidupkan","error-transfer-title":"Penghantaran fail bluetooth gagal","error-transfer-settings":"Penghantaran fail bluetooth gagal. Semak sama ada tetapan bluetooh adalah betul.","ok":"OK","bluetooth-paired-devices":"Peranti digandingkan","bluetooth-devices-in-area":"Peranti dalam kawasan","device-status-tap-connect":"Tap untuk sambung","device-status-pairing":"Menggandingkan peranti…","device-status-waiting":"Menanti peranti yang lain…","device-status-paired":"Digandingkan","device-status-connecting":"Menyambung…","device-status-connected":"Bersambung","search-for-device":"Mencari peranti...","search-device":"Carian peranti","unnamed-device":"Peranti tidak dikenali","error-pair-title":"Tidak dapat menggandingkan peranti","error-pair-pincode":"Tidak dapat menggandingkan peranti. Semak sama ada PIN betul.","error-pair-toofast":"Tidak dapat menggandingkan peranti. Terlalu banyak permintaan."}