{"bluetooth":"ब्लुटुथ","confirmation":"यकिन","bluetooth-status-description":"ब्लुटुथ अक्षम भएको छ","turn-bluetooth-on":"के तपाईँ ब्लुटुथ सुरु गर्न चहानुहुन्छ?","cancel":"रद्द गर्नुहोस्","turn-on":"सुचारु गर्नुहोस्","error-transfer-title":"ब्लुटुथ फाइल स्थानान्तर गर्न असफल भयो","error-transfer-settings":"ब्लुटुथ फाइल स्थानान्तर गर्न असफल भयो। ब्लुटुथ सेटिङहरू ठिक छन् भनेर जाँच्नुहोस्।","ok":"ठीक छ","bluetooth-paired-devices":"जडान गरेको यन्त्रहरु","bluetooth-devices-in-area":"यो ठाउँमा भएको यन्त्रहरु","device-status-tap-connect":"जडान गर्न थिच्नुहोस्","device-status-pairing":"यन्त्रसँग जोडि बनाउँदै...","device-status-waiting":"अर्को यन्त्रको प्रतिक्षा गर्दै","device-status-paired":"जोडि मिलाइएको","device-status-connecting":"जडान हुँदैछ…","device-status-connected":"जडान गरियो","search-for-device":"यन्त्रहरु खोज्दै...","search-device":"यन्त्रहरुको खोजी गर्नुहोस्","unnamed-device":"अज्ञात यन्त्र","error-pair-title":"यन्त्रहरु बिच सम्पर्क स्थापना हुन सकेन।","error-pair-pincode":"सम्पर्क स्थापना हुन सकेन। पिन नम्बर जाँच्नुहोस्।","error-pair-toofast":"ैधेरै अनुरोधहरुका कारण सम्पर्क स्थापना हुन सकेन।"}