{"bluetooth":"Bluetooth","confirmation":"Bevestiging","bluetooth-status-description":"Bluetooth is uitgeschakeld","turn-bluetooth-on":"Wilt u Bluetooth inschakelen?","cancel":"Annuleren","turn-on":"Inschakelen","error-transfer-title":"Bluetooth-bestandsoverdracht mislukt","error-transfer-settings":"Bluetooth-bestandsoverdracht is mislukt. Controleer of de Bluetooth-instellingen juist zijn.","ok":"OK","bluetooth-paired-devices":"Gekoppelde apparaten","bluetooth-devices-in-area":"Apparaten in de omgeving","device-status-tap-connect":"Tik om te verbinden","device-status-pairing":"Koppelen met apparaat…","device-status-waiting":"Wachten op andere apparaat…","device-status-paired":"Gekoppeld","device-status-connecting":"Verbinden…","device-status-connected":"Verbonden","search-for-device":"Zoeken naar apparaten…","search-device":"Zoeken naar apparaten","unnamed-device":"Onbekend apparaat","error-pair-title":"Kan apparaten niet koppelen","error-pair-pincode":"Kan niet koppelen met het apparaat. Controleer of de pincode juist is.","error-pair-toofast":"Kan niet koppelen met het apparaat. Te veel aanvragen."}