{"bluetooth":"ਬਲਿਊਟੁੱਥ","confirmation":"ਪੁਸ਼ਟੀ","bluetooth-status-description":"ਬਲਿਊਟੁੱਥ ਚਾਲੂ ਹੈ","turn-bluetooth-on":"ਕੀ ਤੁਸੀਂ ਬਲਿਊਟੁੱਥ ਚਾਲੂ ਕਰਨਾ ਚਾਹੁੰਦੇ ਹੋ?","cancel":"ਰੱਦ ਕਰੋ","turn-on":"ਚਾਲੂ ਹੈ","error-transfer-title":"ਬਲਿਊਟੁੱਥ ਫਾਇਲ ਟਰਾਂਸਫਰ ਫੇਲ੍ਹ ਹੈ","error-transfer-settings":"ਬਲਿਊਟੁੱਥ ਫਾਇਲ ਟਰਾਂਸਫਰ ਫੇਲ੍ਹ ਹੈ। ਜਾਂਚ ਕਰੋ ਕਿ ਬਲਿਊਟੁੱਥ ਸੈਟਿੰਗ ਠੀਕ ਹਨ।","ok":"ਠੀਕ ਹੈ","bluetooth-paired-devices":"ਪੇਅਰ ਕੀਤੇ ਯੰਤਰ","bluetooth-devices-in-area":"ਖੇਤਰ ਵਿੱਚ ਯੰਤਰ","device-status-tap-connect":"ਕੁਨੈਕਟ ਕਰਨ ਲਈ ਛੂਹੋ","device-status-pairing":"…ਯੰਤਰ ਨਾਲ ਪੇਅਰ ਕੀਤਾ ਜਾ ਰਿਹਾ ਹੈ","device-status-waiting":"…ਹੋਰ ਯੰਤਰ ਦੀ ਉਡੀਕ ਕੀਤੀ ਜਾ ਰਹੀ ਹੈ","device-status-paired":"ਪੇਅਰ ਹੈ","device-status-connecting":"…ਕੁਨੈਕਟ ਕੀਤਾ ਜਾ ਰਿਹਾ ਹੈ","device-status-connected":"ਕੁਨੈਕਟ ਹੈ","search-for-device":"…ਜੰਤਰਾਂ ਲਈ ਖੋਜ ਜਾਰੀ ਹੈ","search-device":"ਯੰਤਰਾਂ ਲਈ ਖੋਜ","unnamed-device":"ਅਣਜਾਣ ਯੰਤਰ","error-pair-title":"ਯੰਤਰ ਪੇਅਰ ਕਰਨ ਲਈ ਅਸਮਰੱਥ।","error-pair-pincode":"ਯੰਤਰ ਨੂੰ ਪੇਅਰ ਕਰਨ ਲਈ ਅਸਮਰੱਥ ਹੈ। ਜਾਂਚ ਕਰੋ ਕਿ ਪਿੰਨ ਠੀਕ ਹੈ","error-pair-toofast":"ਯੰਤਰ ਨੂੰ ਪੇਅਰ ਕਰਨ ਲਈ ਅਸਮਰੱਥ ਹੈ। ਬਹੁਤ ਸਾਰੀਆਂ ਬੇਨਤੀਆਂ ਹਨ।"}