{"bluetooth":"Bluetooth","confirmation":"Potwierdzenie","bluetooth-status-description":"Bluetooth jest wyłączony","turn-bluetooth-on":"Włączyć Bluetooth?","cancel":"Nie","turn-on":"Tak","error-transfer-title":"Przesyłanie pliku przez Bluetooth nie powiodło się","error-transfer-settings":"Przesyłanie pliku przez Bluetooth nie powiodło się. Sprawdź, czy ustawienia Bluetooth są poprawne.","ok":"OK","bluetooth-paired-devices":"Sparowane urządzenia","bluetooth-devices-in-area":"Urządzenia w zasięgu","device-status-tap-connect":"Pacnij, aby połączyć","device-status-pairing":"Parowanie z urządzeniem","device-status-waiting":"Oczekiwanie na drugie urządzenie…","device-status-paired":"Sparowano","device-status-connecting":"Łączenie…","device-status-connected":"Połączono","search-for-device":"Wyszukiwanie urządzeń…","search-device":"Wyszukaj urządzenia","unnamed-device":"Nieznane urządzenie","error-pair-title":"Nie udało się sparować urządzeń","error-pair-pincode":"Nie udało się sparować z urządzeniem. Sprawdź, czy kod PIN jest prawidłowy.","error-pair-toofast":"Nie udało się sparować z urządzeniem. Zbyt wiele prób."}