{"bluetooth":"Bluetooth","confirmation":"Confirmação","bluetooth-status-description":"O Bluetooth está desativado","turn-bluetooth-on":"Deseja ativar o Bluetooth?","cancel":"Cancelar","turn-on":"Ativar","error-transfer-title":"Falha ao transferir o arquivo via Bluetooth","error-transfer-settings":"Falha ao transferir o arquivo via Bluetooth. Verfique se suas configurações Bluetooth estão corretas.","ok":"OK","bluetooth-paired-devices":"Dispositivos pareados","bluetooth-devices-in-area":"Dispositivos na área","device-status-tap-connect":"Toque para conectar","device-status-pairing":"Pareando com o dispositivo…","device-status-waiting":"Esperando pelo dispositivo…","device-status-paired":"Pareado","device-status-connecting":"Conectando…","device-status-connected":"Conectado","search-for-device":"Buscando dispositivos…","search-device":"Buscar dispositivos","unnamed-device":"Dispositivo desconhecido","error-pair-title":"Não foi possível parear","error-pair-pincode":"Não foi possível parear. Confira se o PIN está correto.","error-pair-toofast":"Não foi possível parear. Requisições demais foram feitas."}