{"bluetooth":"Bluetooth","confirmation":"Confirmare","bluetooth-status-description":"Bluetooth este dezactivat","turn-bluetooth-on":"Dorești să pornești Bluetooth?","cancel":"Renunță","turn-on":"Pornește","error-transfer-title":"Transferul de fișiere prin Bluetooth a eșuat","error-transfer-settings":"Transferul de fișiere prin Bluetooth a eșuat. Verifică dacă setările Bluetooth sunt corecte.","ok":"Ok","bluetooth-paired-devices":"Dispozitive asociate","bluetooth-devices-in-area":"Dispozitive din zonă","device-status-tap-connect":"Apasă pentru conectare","device-status-pairing":"Se asociază cu dispozitivul…","device-status-waiting":"Se așteaptă după celălalt dispozitiv…","device-status-paired":"Asociat","device-status-connecting":"Conectare…","device-status-connected":"Conectat","search-for-device":"Se caută dispozitive…","search-device":"Caută dispozitive","unnamed-device":"Dispozitiv necunoscut","error-pair-title":"Nu se pot asocia dispozitive","error-pair-pincode":"Nu se poate asocia cu dispozitivul. Verifică ca codul PIN să fie corect.","error-pair-toofast":"Nu s-a putut asocia cu dispozitivul. Prea multe cereri."}