{"bluetooth":"Bluetooth","confirmation":"Подтверждение","bluetooth-status-description":"Bluetooth отключён","turn-bluetooth-on":"Вы хотите включить Bluetooth?","cancel":"Отмена","turn-on":"Включить","error-transfer-title":"Передача файла через Bluetooth не удалась","error-transfer-settings":"Передача файла через Bluetooth не удалась. Проверьте корректность настроек Bluetooth.","ok":"OK","bluetooth-paired-devices":"Связанные устройства","bluetooth-devices-in-area":"Близлежащие устройства","device-status-tap-connect":"Нажмите для соединения","device-status-pairing":"Связь с устройством…","device-status-waiting":"Ожидание другого устройства…","device-status-paired":"Связаны","device-status-connecting":"Соединение…","device-status-connected":"Соединено","search-for-device":"Поиск устройств…","search-device":"Поиск устройств","unnamed-device":"Неизвестное устройство","error-pair-title":"Не удалось связать устройства","error-pair-pincode":"Не удалось связаться с устройством. Проверьте корректность PIN.","error-pair-toofast":"Не удалось связаться с устройством. Слишком много запросов."}