{"bluetooth":"Bluetooth","confirmation":"Potvrdenie","bluetooth-status-description":"Bluetooth je vypnutý","turn-bluetooth-on":"Chcete zapnúť Bluetooth?","cancel":"Zrušiť","turn-on":"Zapnúť","error-transfer-title":"Prenos súboru cez Bluetooth zlyhal","error-transfer-settings":"Prenos súboru cez Bluetooth zlyhal. Skontrolujte nastavenia Bluetooth.","ok":"OK","bluetooth-paired-devices":"Spárované zariadenia","bluetooth-devices-in-area":"Zariadenia v okolí","device-status-tap-connect":"Ťuknutím sa pripojíte","device-status-pairing":"Prebieha párovanie so zariadením…","device-status-waiting":"Čaká sa na druhé zariadenie…","device-status-paired":"Spárované","device-status-connecting":"Pripája sa…","device-status-connected":"Pripojené","search-for-device":"Vyhľadávajú sa zariadenia…","search-device":"Vyhľadať zariadenia","unnamed-device":"Neznáme zariadenie","error-pair-title":"Nie je možné spárovať zariadenia","error-pair-pincode":"Nie je možné spárovať zariadenia. Skontrolujte platnosť zadaného kódu PIN.","error-pair-toofast":"Nie je možné spárovať zariadenia. Príliš veľa požiadaviek."}