{"bluetooth":"Bluetooth","confirmation":"Ripohim","bluetooth-status-description":"Bluetooth-i është i çaktivizuar","turn-bluetooth-on":"Doni ta aktivizoni Bluetooth-in?","cancel":"Anuloje","turn-on":"Aktivizoje","error-transfer-title":"Shpërngulja Bluetooth e kartelës dështoi","error-transfer-settings":"Shpërngulja Bluetooth e kartelës dështoi. Kontrolloni nëse janë të sakta rregullimet për Bluetooth-in.","ok":"OK","bluetooth-paired-devices":"Pajisje të çiftuara","bluetooth-devices-in-area":"Pajisje brenda zonës","device-status-tap-connect":"Prekeni që të lidhet","device-status-pairing":"Po çiftohet me pajisje…","device-status-waiting":"Po pritet për pajisjen tjetër…","device-status-paired":"U çiftua","device-status-connecting":"Po lidhet…","device-status-connected":"U lidhur","search-for-device":"Po kërkohet për pajisje…","search-device":"Kërkoni për pajisje","unnamed-device":"Pajisje e panjohur","error-pair-title":"Nuk arrin të çiftojë pajisje","error-pair-pincode":"Nuk çiftohet dot me pajisje. Kontrolloni nëse PIN-i është i saktë.","error-pair-toofast":"Nuk çiftohet dot me pajisje. Shumë kërkesa."}