{"bluetooth":"Bluetooth","confirmation":"Потврда","bluetooth-status-description":"Bluetooth је искључен","turn-bluetooth-on":"Да ли желите да укључите Bluetooth?","cancel":"Откажи","turn-on":"Укључи","error-transfer-title":"Bluetooth пренос датотека неуспешан","error-transfer-settings":"Bluetooth пренос датотека неуспешан. Проверите да ли су Bluetooth поставке исправнe.","ok":"У реду","bluetooth-paired-devices":"Упарени уређаји","bluetooth-devices-in-area":"Уређаји у околини","device-status-tap-connect":"Притисните за повезивање","device-status-pairing":"Упаривање са уређајем…","device-status-waiting":"Чекам други уређај…","device-status-paired":"Упарен","device-status-connecting":"Повезивање…","device-status-connected":"Повезано","search-for-device":"Тражење уређаја…","search-device":"Тражи уређаје","unnamed-device":"Непознат уређај","error-pair-title":"Упаривање није могуће","error-pair-pincode":"Није могуће упарити уређаје. Проверите да ли је PIN исправан.","error-pair-toofast":"Није могуће упарити уређаје. Превише захтева."}