{"bluetooth":"Bluetooth","confirmation":"Potvrda","bluetooth-status-description":"Bluetooth je isključen","turn-bluetooth-on":"Da li želite da uključite Bluetooth?","cancel":"Otkaži","turn-on":"Uključi","error-transfer-title":"Bluetooth prenos datoteka neuspešan","error-transfer-settings":"Bluetooth prenos datoteka neuspešan. Proverite da li su Bluetooth postavke ispravne.","ok":"U redu","bluetooth-paired-devices":"Upareni uređaji","bluetooth-devices-in-area":"Uređaji u okolini","device-status-tap-connect":"Pritisnite za povezivanje","device-status-pairing":"Uparivanje sa uređajem…","device-status-waiting":"Čekam drugi uređaj…","device-status-paired":"Uparen","device-status-connecting":"Povezivanje…","device-status-connected":"Povezano","search-for-device":"Traženje uređaja…","search-device":"Traži uređaje","unnamed-device":"Nepoznat uređaj","error-pair-title":"Uparivanje nije moguće","error-pair-pincode":"Nije moguće upariti uređaje. Proverite da li je PIN ispravan.","error-pair-toofast":"Nije moguće upariti uređaje. Previše zahteva."}