{"bluetooth":"Bluetooth","confirmation":"Bekräftelse","bluetooth-status-description":"Bluetooth är inaktiverat","turn-bluetooth-on":"Vill du aktivera Bluetooth?","cancel":"Avbryt","turn-on":"Aktivera","error-transfer-title":"Bluetooth filöverföring misslyckades","error-transfer-settings":"Bluetooth filöverföring misslyckades. Kontrollera att Bluetooth-inställningarna är korrekta.","ok":"OK","bluetooth-paired-devices":"Ihopkopplade enheter","bluetooth-devices-in-area":"Enheter i området","device-status-tap-connect":"Peka för att ansluta","device-status-pairing":"Kopplar ihop med enheten…","device-status-waiting":"Väntar på andra enheten…","device-status-paired":"Ihopkopplad","device-status-connecting":"Ansluter…","device-status-connected":"Ansluten","search-for-device":"Söker efter enheter…","search-device":"Sök efter enheter","unnamed-device":"Okänd enhet","error-pair-title":"Ihopkoppling av enheter misslyckades.","error-pair-pincode":"Ihopkoppling med enhet misslyckades. Kontrollera att PIN-koden är korrekt.","error-pair-toofast":"Ihopkoppling med enhet misslyckades. Alltför många förfrågningar."}