{"bluetooth":"Bluetooth","confirmation":"Onay","bluetooth-status-description":"Bluetooth devre dışı","turn-bluetooth-on":"Bluetooth'u açmak istiyor musunuz?","cancel":"İptal","turn-on":"Aç","error-transfer-title":"Bluetooth dosya aktarımı başarısız oldu","error-transfer-settings":"Bluetooth dosya aktarımı başarısız oldu. Bluetooth ayarlarının doğruluğunu kontrol edin.","ok":"Tamam","bluetooth-paired-devices":"Eşleştirilmiş aygıtlar","bluetooth-devices-in-area":"Etraftaki aygıtlar","device-status-tap-connect":"Bağlanmak için dokunun","device-status-pairing":"Aygıtla eşleştiriliyor…","device-status-waiting":"Diğer aygıt bekleniyor…","device-status-paired":"Eşleştirildi","device-status-connecting":"Bağlanıyor…","device-status-connected":"Bağlandı","search-for-device":"Aygıtlar aranıyor…","search-device":"Aygıtları ara","unnamed-device":"Bilinmeyen aygıt","error-pair-title":"Aygıtlar eşleştirilemedi","error-pair-pincode":"Aygıtla eşleştirilemedi. PIN'i kontrol edin.","error-pair-toofast":"Aygıtla eşleştirilemedi. Çok fazla istek."}