{"bluetooth":"蓝牙","confirmation":"确认","bluetooth-status-description":"蓝牙已禁用","turn-bluetooth-on":"要打开蓝牙吗？","cancel":"取消","turn-on":"打开","error-transfer-title":"蓝牙文件传输失败","error-transfer-settings":"蓝牙文件传输失败。请检查蓝牙设置是否正确。","ok":"确定","bluetooth-paired-devices":"已配对的设备","bluetooth-devices-in-area":"附近的设备","device-status-tap-connect":"轻触以连接","device-status-pairing":"与设备配对","device-status-waiting":"正在等待其他设备…","device-status-paired":"已配对","device-status-connecting":"正在连接...","device-status-connected":"已连接。","search-for-device":"正在搜索设备…","search-device":"搜索设备","unnamed-device":"未知设备","error-pair-title":"无法与设备配对","error-pair-pincode":"无法与设备配对，请检查 PIN 是否正确。","error-pair-toofast":"无法配对设备，请求过多。"}