{"number-selected2":{"_index":["plural","n"],"_":{"zero":"Маркиране","one":"{{ n }} маркирано","two":"{{ n }} маркирани","few":"{{ n }} маркирани","many":"{{ n }} маркирани","other":"{{ n }} маркирани"}},"delete-photo?":"Да бъде ли изтрита снимката?","delete-video?":"Да бъде ли изтрито видеото?","delete-n-items?":{"_index":["plural","n"],"_":{"zero":"Няма маркирани","one":"Изтриване на маркираните елементи?","two":"Изтриване на {{ n }} елемента?","few":"Изтриване на {{ n }} елемента?","many":"Изтриване на {{ n }} елемента?","other":"Изтриване на {{ n }} елемента?"}},"pickoneimage2":"Маркиране","cropimage":"Изрязване","cancel":"Отказ","delete":"Изтриване","ok":"Добре","edit":"Редактиране","save":"Запис","done":"Готово","exposure":"Експонация","crop":"Изрязване","effects":"Ефекти","borders":"Контури","enhance-on":"Включено автоматично подобряване","enhance-off":"Изключено автоматично подобряване","original":"Оригинално","blackandwhite":"Черно и бяло","sepia":"Сепия","freeform":"Свободна форма","portrait":"Портрет","landscape":"Пейзаж","square":"Квадрат","emptygallery2-title":"Липсват снимки и клипове","emptygallery2-text":"Използвайте приложението Камера, за да започнете.","emptygallery2-title-pick":"No photos","nocard3-title":"Липсва карта памет","nocard4-text":"Insert a memory card to use this app.","pluggedin2-title":"Картата памет се използва в момента","pluggedin2-text":"Разкачете телефона, за да използвате това приложение.","scanning-title":"Сканиране","scanning-text":"Търсене на снимки и видеа.","upgrade-title":"Надграждане на базата данни","upgrade-text":"Моля, изчакайте, докато Галерия надгради своята база данни.","share-noprovider":"Този тип изображение не може да бъде споделен.","memorycardfull":"Не могат да бъдат редактирани снимки: картата памет е пълна.","imagetoobig":"Изображението е твърде голямо, за да бъде показано на това устройство.","imageinvalid":"Изображението е невалидно или повредено и не може да бъде показано.","saved":"{{filename}} запазен в Галерия","overlay-camera-button":"Отвори Камера","name-label":"Име","size-label":"Размер","image-type-label":"Тип на изображението","date-taken-label":"Дата на заснемане","resolution-label":"Резолюция","close-button":"Затваряне","byteUnit-B":"Bytes","byteUnit-KB":"KB","byteUnit-MB":"MB","byteUnit-GB":"GB","gallery":"Gallery","preview":"Preview","date-group-header":"%B %Y","weekday-0-long":"Неделя","weekday-1-long":"Понеделник","weekday-2-long":"Вторник","weekday-3-long":"Сряда","weekday-4-long":"Четвъртък","weekday-5-long":"Петък","weekday-6-long":"Събота","weekday-0-short":"Нед","weekday-1-short":"Пон","weekday-2-short":"Вт","weekday-3-short":"Ср","weekday-4-short":"Чет","weekday-5-short":"Пет","weekday-6-short":"Съб","month-0-long":"Януари","month-1-long":"Февруари","month-2-long":"Maрт","month-3-long":"Aприл","month-4-long":"Май","month-5-long":"Юни","month-6-long":"Юли","month-7-long":"Август","month-8-long":"Септември","month-9-long":"Oктомври","month-10-long":"Ноември","month-11-long":"Декември","month-0-genitive":"Януари","month-1-genitive":"Февруари","month-2-genitive":"Maрт","month-3-genitive":"Aприл","month-4-genitive":"Май","month-5-genitive":"Юни","month-6-genitive":"Юли","month-7-genitive":"Август","month-8-genitive":"Септември","month-9-genitive":"Oктомври","month-10-genitive":"Ноември","month-11-genitive":"Декември","month-0-short":"Ян","month-1-short":"Фев","month-2-short":"Мар","month-3-short":"Апр","month-4-short":"Май","month-5-short":"Юни","month-6-short":"Юли","month-7-short":"Авг","month-8-short":"Сеп","month-9-short":"Окт","month-10-short":"Ное","month-11-short":"Дек","minutes-ago-long":{"_index":["plural","value"],"_":{"zero":"в момента","one":"преди минута","two":"преди {{value}} минути","few":"преди {{value}} минути","many":"преди {{value}} минути","other":"преди {{value}} минути"}},"hours-ago-long":{"_index":["plural","value"],"_":{"zero":"в момента","one":"преди час","two":"преди {{value}} часа","few":"преди {{value}} часа","many":"преди {{value}} часа","other":"преди {{value}} часа"}},"days-ago-long":{"_index":["plural","value"],"_":{"zero":"днес","one":"вчера","two":"преди {{value}} дни","few":"преди {{value}} дни","many":"преди {{value}} дни","other":"преди {{value}} дни"}},"weeks-ago-long":{"_index":["plural","value"],"_":{"zero":"тази седмица","one":"миналата седмица","two":"преди {{value}} седмици","few":"преди {{value}} седмици","many":"преди {{value}} седмици","other":"преди {{value}} седмици"}},"months-ago-long":{"_index":["plural","value"],"_":{"zero":"този месец","one":"миналия месец","two":"преди {{value}} месеца","few":"преди {{value}} месеца","many":"преди {{value}} месеца","other":"преди {{value}} месеца"}},"years-ago-long":{"_index":["plural","value"],"_":{"zero":"тази година","one":"миналата година","two":"преди {{value}} години","few":"преди {{value}} години","many":"преди {{value}} години","other":"преди {{value}} години"}},"minutes-until-long":{"_index":["plural","value"],"_":{"zero":"now","one":"in a minute","two":"in {{value}} minutes","few":"in {{value}} minutes","many":"in {{value}} minutes","other":"in {{value}} minutes"}},"hours-until-long":{"_index":["plural","value"],"_":{"zero":"сега","one":"до един час","two":"след {{value}} часа","few":"след {{value}} часа","many":"след {{value}} часа","other":"след {{value}} часа"}},"days-until-long":{"_index":["plural","value"],"_":{"zero":"днес","one":"утре","two":"след {{value}} дни","few":"след {{value}} дни","many":"след {{value}} дни","other":"след {{value}} дни"}},"weeks-until-long":{"_index":["plural","value"],"_":{"zero":"тази седмица","one":"другата седмица","two":"след {{value}} седмици","few":"след {{value}} седмици","many":"след {{value}} седмици","other":"след {{value}} седмици"}},"months-until-long":{"_index":["plural","value"],"_":{"zero":"този месец","one":"другия месец","two":"след {{value}} месеца","few":"след {{value}} месеца","many":"след {{value}} месеца","other":"след {{value}} месеца"}},"years-until-long":{"_index":["plural","value"],"_":{"zero":"тази година","one":"следващата година","two":"след {{value}} години","few":"след {{value}} години","many":"след {{value}} години","other":"след {{value}} години"}},"minutes-ago-short":{"_index":["plural","value"],"_":{"zero":"в момента","other":"преди {{value}}мин."}},"hours-ago-short":{"_index":["plural","value"],"_":{"zero":"в момента","other":"преди {{value}}ч."}},"days-ago-short":{"_index":["plural","value"],"_":{"zero":"днес","other":"преди {{value}}дни"}},"minutes-until-short":{"_index":["plural","value"],"_":{"zero":"сега","other":"след {{value}}мин."}},"hours-until-short":{"_index":["plural","value"],"_":{"zero":"сега","other":"след {{value}}ч."}},"days-until-short":{"_index":["plural","value"],"_":{"zero":"днес","other":"след {{value}}дни"}},"incorrectDate":"(невалидна дата)","dateTimeFormat_%c":"%a, %e %b %Y %H:%M:%S","dateTimeFormat_%x":"%d %m %Y","dateTimeFormat_%X":"%H:%M:%S","shortTimeFormat":"%H:%M","shortDateTimeFormat":"%x %H:%M","weekStartsOnMonday":"1","time_am":"AM","time_pm":"PM"}