{"number-selected2":{"_index":["plural","n"],"_":{"zero":"নির্বাচন করুন","one":"{{ n }} টি নির্বাচিত","two":"{{ n }} টি নির্বাচিত","few":"{{ n }} টি নির্বাচিত","many":"{{ n }} টি নির্বাচিত","other":"{{ n }} টি নির্বাচিত"}},"delete-photo?":"ছবি মুছবেন?","delete-video?":"ছবি মুছবেন?","delete-n-items?":{"_index":["plural","n"],"_":{"zero":"কিছুই নির্বাচিত নেই","one":"নির্বাচিতগুলো মুছবেন?","two":"{{ n }} টি মুছবেন?","few":"{{ n }} টি মুছবেন?","many":"{{ n }} টি মুছবেন?","other":"{{ n }} টি মুছবেন?"}},"pickoneimage2":"নির্বাচন করুন","cropimage":"কেঁটে ছোট করা","cancel":"বাতিল","delete":"অপসারণ","ok":"ঠিক আছে","edit":"সম্পাদনা","save":"সংরক্ষন","done":"সম্পন্ন","exposure":"এক্সপোজার","crop":"কেঁটে ছোট করা","effects":"ইফেক্টসমূহ","borders":"সীমানা","enhance-on":"স্বতঃ উন্নয়ন চালু","enhance-off":"স্বতঃ উন্নয়ন বন্ধ","original":"আসল","blackandwhite":"সাদা-কালো","sepia":"কালচে বাদামী","freeform":"ফ্রী-ফর্ম","portrait":"লম্বালম্বি","landscape":"আড়াআড়ি","square":"বর্গাকার","emptygallery2-title":"ছবি বা ভিডিও নেই","emptygallery2-text":"ক্যামেরা অ্যাপ দিয়ে শুরু করুন।","emptygallery2-title-pick":"No photos","nocard3-title":"মেমরি কার্ড নেই","nocard4-text":"Insert a memory card to use this app.","pluggedin2-title":"মেমরি কার্ড ব্যস্ত","pluggedin2-text":"ছবি দেখতে ফোন থেকে ইউএসবি খুলুন।","scanning-title":"স্ক্যানিং","scanning-text":"ছবি এবং ভিডিওগুলো খোঁজা হচ্ছে।","upgrade-title":"ডাটাবেজ হালনাগাদ","upgrade-text":"অনুগ্রহ করে গ্যালারীর ডাটাবেজ হালনাগাদ হওয়া পর্যন্ত অপেক্ষা করুন।","share-noprovider":"এই ধরনের ছবির ফাইল শেয়ার করা যাচ্ছে না।","memorycardfull":"ছবি সম্পাদনা করা যাচ্ছে না: মেমরি কার্ড পূর্ণ।","imagetoobig":"ছবিটি এতো বড়ো যে এই যন্ত্রে দেখানো সম্ভব নয়।","imageinvalid":"ছবিটি অচল বা নষ্ট তাই দেখানো সম্ভব নয়।","saved":"{{filename}} গ্যালারীতে সংরক্ষিত হয়েছে","overlay-camera-button":"ক্যামেরায় যাও","name-label":"নাম","size-label":"আকার","image-type-label":"ছবির ধরন","date-taken-label":"তোলার তারিখ","resolution-label":"রেজুলেশন","close-button":"বন্ধ","byteUnit-B":"বাইট","byteUnit-KB":"KB","byteUnit-MB":"MB","byteUnit-GB":"GB","gallery":"Gallery","preview":"Preview","date-group-header":"%B %Y","weekday-0-long":"রবিবার","weekday-1-long":"সোমবার","weekday-2-long":"মঙ্গলবার","weekday-3-long":"বুধবার","weekday-4-long":"বৃহস্পতিবার","weekday-5-long":"শুক্রবার","weekday-6-long":"শনিবার","weekday-0-short":"রবি","weekday-1-short":"সোম","weekday-2-short":"মঙ্গল","weekday-3-short":"বুধ","weekday-4-short":"বৃহঃ","weekday-5-short":"শুক্র","weekday-6-short":"শনি","month-0-long":"জানুয়ারি","month-1-long":"ফেব্রুয়ারি","month-2-long":"মার্চ","month-3-long":"এপ্রিল","month-4-long":"মে","month-5-long":"জুন","month-6-long":"জুলাই","month-7-long":"আগস্ট","month-8-long":"সেপ্টেম্বর","month-9-long":"অক্টোবর","month-10-long":"নভেম্বর","month-11-long":"ডিসেম্বর","month-0-genitive":"জানুয়ারি","month-1-genitive":"ফেব্রুয়ারি","month-2-genitive":"মার্চ","month-3-genitive":"এপ্রিল","month-4-genitive":"মে","month-5-genitive":"জুন","month-6-genitive":"জুলাই","month-7-genitive":"আগস্ট","month-8-genitive":"সেপ্টেম্বর","month-9-genitive":"অক্টোবর","month-10-genitive":"নভেম্বর","month-11-genitive":"ডিসেম্বর","month-0-short":"জানু","month-1-short":"ফেব্রু","month-2-short":"মার্চ","month-3-short":"এপ্রিল","month-4-short":"মে","month-5-short":"জুন","month-6-short":"জুলাই","month-7-short":"আগস্ট","month-8-short":"সেপ্ট","month-9-short":"অক্টো","month-10-short":"নভে","month-11-short":"ডিসে","minutes-ago-long":{"_index":["plural","value"],"_":{"zero":"এইমাত্র","one":"১ মিনিট পূর্বে","two":"{{value}} মিনিট পূর্বে","few":"{{value}} মিনিট পূর্বে","many":"{{value}} মিনিট পূর্বে","other":"{{value}} মিনিট পূর্বে"}},"hours-ago-long":{"_index":["plural","value"],"_":{"zero":"এইমাত্র","one":"১ ঘন্টা পূর্বে","two":"{{value}} ঘন্টা পূর্বে","few":"{{value}} ঘন্টা পূর্বে","many":"{{value}} ঘন্টা পূর্বে","other":"{{value}} ঘন্টা পূর্বে"}},"days-ago-long":{"_index":["plural","value"],"_":{"zero":"আজ","one":"গতকাল","two":"{{value}} দিন পূর্বে","few":"{{value}} দিন পূর্বে","many":"{{value}} দিন পূর্বে","other":"{{value}} দিন পূর্বে"}},"weeks-ago-long":{"_index":["plural","value"],"_":{"zero":"এই সপ্তাহে","one":"গত সপ্তাহ","two":"{{value}} সপ্তাহ পূর্বে","few":"{{value}} সপ্তাহ পূর্বে","many":"{{value}} সপ্তাহ পূর্বে","other":"{{value}} সপ্তাহ পূর্বে"}},"months-ago-long":{"_index":["plural","value"],"_":{"zero":"চলতি মাস","one":"গত মাস","two":"{{value}} মাস পূর্বে","few":"{{value}} মাস পূর্বে","many":"{{value}} মাস পূর্বে","other":"{{value}} মাস পূর্বে"}},"years-ago-long":{"_index":["plural","value"],"_":{"zero":"এই বছর","one":"গত বছর","two":"{{value}} বছর আগে","few":"{{value}} বছর পূর্বে","many":"{{value}} বছর পূর্বে","other":"{{value}} বছর পূর্বে"}},"minutes-until-long":{"_index":["plural","value"],"_":{"zero":"এখন","one":"এক মিনিটের মধ্যে","two":"{{value}} মিনিটের মধ্যে","few":"{{value}} মিনিটের মধ্যে","many":"{{value}} মিনিটের মধ্যে","other":"{{value}} মিনিটের মধ্যে"}},"hours-until-long":{"_index":["plural","value"],"_":{"zero":"এখন","one":"এক ঘন্টার মধ্যে","two":"{{value}} ঘন্টার মধ্যে","few":"{{value}} ঘন্টার মধ্যে","many":"{{value}} ঘন্টার মধ্যে","other":"{{value}} ঘন্টার মধ্যে"}},"days-until-long":{"_index":["plural","value"],"_":{"zero":"আজ","one":"আগামীকাল","two":"{{value}} দিনের মধ্যে","few":"{{value}} দিনের মধ্যে","many":"{{value}} দিনের মধ্যে","other":"{{value}} দিনের মধ্যে"}},"weeks-until-long":{"_index":["plural","value"],"_":{"zero":"চলতি সপ্তাহ","one":"পরবর্তী সপ্তাহ","two":"{{value}} সপ্তাহের মধ্যে","few":"{{value}} সপ্তাহের মধ্যে","many":"{{value}} সপ্তাহের মধ্যে","other":"{{value}} সপ্তাহের মধ্যে"}},"months-until-long":{"_index":["plural","value"],"_":{"zero":"এই মাস","one":"পরবর্তী মাস","two":"{{value}} মাসের মধ্যে","few":"{{value}} মাসের মধ্যে","many":"{{value}} মাসের মধ্যে","other":"{{value}} মাসের মধ্যে"}},"years-until-long":{"_index":["plural","value"],"_":{"zero":"এই বছর","one":"আগামী বছর","two":"{{value}} বছরের মধ্যে","few":"{{value}} বছরের মধ্যে","many":"{{value}} বছরের মধ্যে","other":"{{value}} বছরের মধ্যে"}},"minutes-ago-short":{"_index":["plural","value"],"_":{"zero":"এইমাত্র","other":"{{value}}মি. পূর্বে"}},"hours-ago-short":{"_index":["plural","value"],"_":{"zero":"এইমাত্র","other":"{{value}}ঘ. পূর্বে"}},"days-ago-short":{"_index":["plural","value"],"_":{"zero":"আজ","other":"{{value}}দিন পূর্বে"}},"minutes-until-short":{"_index":["plural","value"],"_":{"zero":"এখন","other":"{{value}} মিনিটের মধ্যে"}},"hours-until-short":{"_index":["plural","value"],"_":{"zero":"এখন","other":"{{value}}ঘন্টার মধ্যে"}},"days-until-short":{"_index":["plural","value"],"_":{"zero":"আজ","other":"{{value}}দিনের মধ্যে"}},"incorrectDate":"(ভুল তারিখ)","dateTimeFormat_%c":"%a %b %e %Y %I:%M:%S %p","dateTimeFormat_%x":"%m/%d/%Y","dateTimeFormat_%X":"%I:%M:%S %p","shortTimeFormat":"%I:%M %p","shortDateTimeFormat":"%x %I:%M %p","weekStartsOnMonday":"0","time_am":"AM","time_pm":"PM"}