{"number-selected2":{"_index":["plural","n"],"_":{"zero":"Trieu","one":"{{ n }} seleccionada","two":"{{ n }} seleccionades","few":"{{ n }} seleccionades","many":"{{ n }} seleccionades","other":"{{ n }} seleccionades"}},"delete-photo?":"Voleu eliminar la foto?","delete-video?":"Voleu eliminar el vídeo?","delete-n-items?":{"_index":["plural","n"],"_":{"zero":"No heu seleccionat res","one":"Voleu eliminar l'element seleccionat?","two":"Voleu eliminar {{ n }} elements?","few":"Voleu eliminar {{ n }} elements?","many":"Voleu eliminar {{ n }} elements?","other":"Voleu eliminar {{ n }} elements?"}},"pickoneimage2":"Trieu","cropimage":"Retalla","cancel":"Cancel·la","delete":"Elimina","ok":"D'acord","edit":"Edita","save":"Desa","done":"Fet","exposure":"Exposició","crop":"Retalla","effects":"Efectes","borders":"Vores","enhance-on":"Millora automàtica activada","enhance-off":"Millora automàtica desactivada","original":"Original","blackandwhite":"Blanc i negre","sepia":"Sèpia","freeform":"Forma lliure","portrait":"Vertical","landscape":"Apaïsat","square":"Quadrat","emptygallery2-title":"No hi ha fotos ni vídeos","emptygallery2-text":"Utilitzeu l'aplicació Càmera per començar.","emptygallery2-title-pick":"No hi ha fotos","nocard3-title":"No hi ha cap targeta de memòria","nocard4-text":"Inseriu una targeta de memòria per utilitzar l'aplicació.","pluggedin2-title":"La targeta de memòria és en ús","pluggedin2-text":"Desconnecteu el telèfon per utilitzar l'aplicació.","scanning-title":"Escaneig","scanning-text":"Cerca de fotos i vídeos.","upgrade-title":"Actualització de base de dades","upgrade-text":"Espereu mentre s'actualitza la base de dades de la galeria.","share-noprovider":"No es pot compartir aquest tipus de fitxer d'imatge.","memorycardfull":"No es poden editar les fotos: la targeta de memòria és plena.","imagetoobig":"La imatge és massa gran per mostrar-la en el dispositiu.","imageinvalid":"La imatge no és vàlida o està malmesa i no es pot mostrar.","saved":"S'ha desat {{filename}} a la galeria","overlay-camera-button":"Vés a la Càmera","name-label":"Nom","size-label":"Mida","image-type-label":"Tipus d'imatge","date-taken-label":"Data de captura","resolution-label":"Resolució","close-button":"Tanca","byteUnit-B":"Bytes","byteUnit-KB":"kB","byteUnit-MB":"MB","byteUnit-GB":"GB","gallery":"Galeria","preview":"Previsualització","date-group-header":"%B de %Y","weekday-0-long":"diumenge","weekday-1-long":"dilluns","weekday-2-long":"dimarts","weekday-3-long":"dimecres","weekday-4-long":"dijous","weekday-5-long":"divendres","weekday-6-long":"dissabte","weekday-0-short":"dg","weekday-1-short":"dl","weekday-2-short":"dt","weekday-3-short":"dc","weekday-4-short":"dj","weekday-5-short":"dv","weekday-6-short":"ds","month-0-long":"gener","month-1-long":"febrer","month-2-long":"març","month-3-long":"abril","month-4-long":"maig","month-5-long":"juny","month-6-long":"juliol","month-7-long":"agost","month-8-long":"setembre","month-9-long":"octubre","month-10-long":"novembre","month-11-long":"desembre","month-0-genitive":"de gener","month-1-genitive":"de febrer","month-2-genitive":"de març","month-3-genitive":"d'abril","month-4-genitive":"de maig","month-5-genitive":"de juny","month-6-genitive":"de juliol","month-7-genitive":"d'agost","month-8-genitive":"de setembre","month-9-genitive":"d'octubre","month-10-genitive":"de novembre","month-11-genitive":"de desembre","month-0-short":"gen","month-1-short":"febr","month-2-short":"març","month-3-short":"abr","month-4-short":"maig","month-5-short":"juny","month-6-short":"jul","month-7-short":"ag","month-8-short":"set","month-9-short":"oct","month-10-short":"nov","month-11-short":"des","minutes-ago-long":{"_index":["plural","value"],"_":{"zero":"ara","one":"fa un minut","two":"fa {{value}} minuts","few":"fa {{value}} minuts","many":"fa {{value}} minuts","other":"fa {{value}} minuts"}},"hours-ago-long":{"_index":["plural","value"],"_":{"zero":"ara","one":"fa una hora","two":"fa {{value}} hores","few":"fa {{value}} hores","many":"fa {{value}} hores","other":"fa {{value}} hores"}},"days-ago-long":{"_index":["plural","value"],"_":{"zero":"avui","one":"ahir","two":"fa {{value}} dies","few":"fa {{value}} dies","many":"fa {{value}} dies","other":"fa {{value}} dies"}},"weeks-ago-long":{"_index":["plural","value"],"_":{"zero":"aquesta setmana","one":"la setmana passada","two":"fa {{value}} setmanes","few":"fa {{value}} setmanes","many":"fa {{value}} setmanes","other":"fa {{value}} setmanes"}},"months-ago-long":{"_index":["plural","value"],"_":{"zero":"aquest mes","one":"el mes passat","two":"fa {{value}} mesos","few":"fa {{value}} mesos","many":"fa {{value}} mesos","other":"fa {{value}} mesos"}},"years-ago-long":{"_index":["plural","value"],"_":{"zero":"enguany","one":"l'any passat","two":"fa {{value}} anys","few":"fa {{value}} anys","many":"fa {{value}} anys","other":"fa {{value}} anys"}},"minutes-until-long":{"_index":["plural","value"],"_":{"zero":"ara","one":"d'aquí un minut","two":"d'aquí {{value}} minuts","few":"d'aquí {{value}} minuts","many":"d'aquí {{value}} minuts","other":"d'aquí {{value}} minuts"}},"hours-until-long":{"_index":["plural","value"],"_":{"zero":"ara","one":"d'aquí una hora","two":"d'aquí {{value}} hores","few":"d'aquí {{value}} hores","many":"d'aquí {{value}} hores","other":"d'aquí {{value}} hores"}},"days-until-long":{"_index":["plural","value"],"_":{"zero":"avui","one":"demà","two":"d'aquí {{value}} dies","few":"d'aquí {{value}} dies","many":"d'aquí {{value}} dies","other":"d'aquí {{value}} dies"}},"weeks-until-long":{"_index":["plural","value"],"_":{"zero":"aquesta setmana","one":"la setmana que ve","two":"d'aquí {{value}} setmanes","few":"d'aquí {{value}} setmanes","many":"d'aquí {{value}} setmanes","other":"d'aquí {{value}} setmanes"}},"months-until-long":{"_index":["plural","value"],"_":{"zero":"aquest mes","one":"el mes que ve","two":"d'aquí {{value}} mesos","few":"d'aquí {{value}} mesos","many":"d'aquí {{value}} mesos","other":"d'aquí {{value}} mesos"}},"years-until-long":{"_index":["plural","value"],"_":{"zero":"enguany","one":"l'any que ve","two":"d'aquí {{value}} anys","few":"d'aquí {{value}} anys","many":"d'aquí {{value}} anys","other":"d'aquí {{value}} anys"}},"minutes-ago-short":{"_index":["plural","value"],"_":{"zero":"ara","other":"fa {{value}} m"}},"hours-ago-short":{"_index":["plural","value"],"_":{"zero":"ara","other":"fa {{value}} h"}},"days-ago-short":{"_index":["plural","value"],"_":{"zero":"avui","other":"fa {{value}} d"}},"minutes-until-short":{"_index":["plural","value"],"_":{"zero":"ara","other":"d'aquí {{value}} m"}},"hours-until-short":{"_index":["plural","value"],"_":{"zero":"ara","other":"d'aquí {{value}} h"}},"days-until-short":{"_index":["plural","value"],"_":{"zero":"avui","other":"d'aquí {{value}} d"}},"incorrectDate":"(data no vàlida)","dateTimeFormat_%c":"%a %e %Eb, %Y %H:%M:%S","dateTimeFormat_%x":"%d/%m/%Y","dateTimeFormat_%X":"%H:%M:%S","shortTimeFormat":"%H:%M","shortDateTimeFormat":"%x %H:%M","weekStartsOnMonday":"1","time_am":"am","time_pm":"pm"}