{"number-selected2":{"_index":["plural","n"],"_":{"zero":"Επιλογή","one":"{{ n }} επιλεγμένο","two":"{{ n }} επιλεγμένα","few":"{{ n }} επιλεγμένα","many":"{{ n }} επιλεγμένα","other":"{{ n }} επιλεγμένα"}},"delete-photo?":"Διαγραφή φωτογραφίας;","delete-video?":"Διαγραφή βίντεο;","delete-n-items?":{"_index":["plural","n"],"_":{"zero":"Κανένα επιλεγμένο","one":"Διαγραφή επιλεγμένου αντικειμένου;","two":"Διαγραφή {{ n }} αντικειμένων;","few":"Διαγραφή {{ n }} αντικειμένων;","many":"Διαγραφή {{ n }} αντικειμένων;","other":"Διαγραφή {{ n }} αντικειμένων;"}},"pickoneimage2":"Επιλογή","cropimage":"Περικοπή","cancel":"Ακύρωση","delete":"Διαγραφή","ok":"ΟΚ","edit":"Επεξεργασία","save":"Αποθήκευση","done":"ΟΚ","exposure":"Έκθεση","crop":"Περικοπή","effects":"Εφέ","borders":"Πλαίσιο","enhance-on":"Αυτόματη βελτίωση ενεργή","enhance-off":"Αυτόματη βελτίωση ανενεργή","original":"Πρωτότυπο","blackandwhite":"Ασπρόμαυρο","sepia":"Σέπια","freeform":"Ελεύθερη μορφή","portrait":"Πορτραίτο","landscape":"Τοπίο","square":"Τετράγωνο","emptygallery2-title":"Δεν βρέθηκαν φωτογραφίες ή βίντεο","emptygallery2-text":"Χρησιμοποιήστε την εφαρμογή της κάμερας για να ξεκινήσετε.","emptygallery2-title-pick":"No photos","nocard3-title":"Δεν βρέθηκε κάρτα μνήμης","nocard4-text":"Insert a memory card to use this app.","pluggedin2-title":"Κάρτα μνήμης σε χρήση","pluggedin2-text":"Αποσυνδέστε το τηλέφωνο σας για να χρησιμοποιήσετε αυτή την εφαρμογή.","scanning-title":"Σάρωση","scanning-text":"Γίνεται αναζήτηση για βίντεο και φωτογραφίες.","upgrade-title":"Αναβάθμιση Βάσης","upgrade-text":"Παρακαλούμε περιμένετε όσο ενημερώνεται η βάση των Πολυμέσων.","share-noprovider":"Αδυναμία διαμοιρασμού του συγκεκριμένου τύπου εικόνας.","memorycardfull":"Δεν μπορεί να γίνει επεξεργασία εικόνων: η κάρτα μνήμης είναι γεμάτη.","imagetoobig":"Η εικόνα είναι πολύ μεγάλη για να εμφανιστεί σε αυτή τη συσκευή.","imageinvalid":"Η εικόνα είναι κατεστραμμένη ή μη έγκυρη και δεν μπορεί να εμφανιστεί.","saved":"Το αρχείο {{filename}} αποθηκεύτηκε στα Πολυμέσα","overlay-camera-button":"Μετάβαση στην Κάμερα","name-label":"Όνομα","size-label":"Μέγεθος","image-type-label":"Τύπος εικόνας","date-taken-label":"Ημερομηνία λήψης","resolution-label":"Ανάλυση","close-button":"Κλείσιμο","byteUnit-B":"Bytes","byteUnit-KB":"KB","byteUnit-MB":"MB","byteUnit-GB":"GB","gallery":"Gallery","preview":"Preview","date-group-header":"%B %Y","weekday-0-long":"Κυριακή","weekday-1-long":"Δευτέρα","weekday-2-long":"Τρίτη","weekday-3-long":"Τετάρτη","weekday-4-long":"Πέμπτη","weekday-5-long":"Παρασκευή","weekday-6-long":"Σάββατο","weekday-0-short":"Κυρ","weekday-1-short":"Δευ","weekday-2-short":"Τρι","weekday-3-short":"Τετ","weekday-4-short":"Πεμ","weekday-5-short":"Παρ","weekday-6-short":"Σαβ","month-0-long":"Ιανουάριος","month-1-long":"Φεβρουάριος","month-2-long":"Μάρτιος","month-3-long":"Απρίλιος","month-4-long":"Μάιος","month-5-long":"Ιούνιος","month-6-long":"Ιούλιος","month-7-long":"Αύγουστος","month-8-long":"Σεπτέμβριος","month-9-long":"Οκτώβριος","month-10-long":"Νοέμβριος","month-11-long":"Δεκέμβριος","month-0-genitive":"Ιανουαρίου","month-1-genitive":"Φεβρουαρίου","month-2-genitive":"Μαρτίου","month-3-genitive":"Απριλίου","month-4-genitive":"Μαΐου","month-5-genitive":"Ιουνίου","month-6-genitive":"Ιουλίου","month-7-genitive":"Αυγούστου","month-8-genitive":"Σεπτεμβρίου","month-9-genitive":"Οκτωβρίου","month-10-genitive":"Νοεμβρίου","month-11-genitive":"Δεκεμβρίου","month-0-short":"Ιαν","month-1-short":"Φεβ","month-2-short":"Μαρ","month-3-short":"Απρ","month-4-short":"Μάι","month-5-short":"Ιουν","month-6-short":"Ιουλ","month-7-short":"Αυγ","month-8-short":"Σεπ","month-9-short":"Οκτ","month-10-short":"Νοε","month-11-short":"Δεκ","minutes-ago-long":{"_index":["plural","value"],"_":{"zero":"μόλις τώρα","one":"πριν από ένα λεπτό","two":"πριν από {{value}} λεπτά","few":"πριν από {{value}} λεπτά","many":"πριν από {{value}} λεπτά","other":"πριν από {{value}} λεπτά"}},"hours-ago-long":{"_index":["plural","value"],"_":{"zero":"μόλις τώρα","one":"πριν από μία ώρα","two":"πριν από {{value}} ώρες","few":"πριν από {{value}} ώρες","many":"πριν από {{value}} ώρες","other":"πριν από {{value}} ώρες"}},"days-ago-long":{"_index":["plural","value"],"_":{"zero":"σήμερα","one":"χθες","two":"πριν από {{value}} ημέρες","few":"πριν από {{value}} ημέρες","many":"πριν από {{value}} ημέρες","other":"πριν από {{value}} ημέρες"}},"weeks-ago-long":{"_index":["plural","value"],"_":{"zero":"αυτή την εβδομάδα","one":"την τελευταία εβδομάδα","two":"πριν από {{value}} εβδομάδες","few":"πριν από {{value}} εβδομάδες","many":"πριν από {{value}} εβδομάδες","other":"πριν από {{value}} εβδομάδες"}},"months-ago-long":{"_index":["plural","value"],"_":{"zero":"αυτό τον μήνα","one":"τον τελευταίο μήνα","two":"πριν από {{value}} μήνες","few":"πριν από {{value}} μήνες","many":"πριν από {{value}} μήνες","other":"πριν από {{value}} μήνες"}},"years-ago-long":{"_index":["plural","value"],"_":{"zero":"αυτό το έτος","one":"το περασμένο έτος","two":"πριν από {{value}} χρόνια","few":"πριν από {{value}} χρόνια","many":"πριν από {{value}} χρόνια","other":"πριν από {{value}} χρόνια"}},"minutes-until-long":{"_index":["plural","value"],"_":{"zero":"τώρα","one":"σε ένα λεπτό","two":"σε {{value}} λεπτά","few":"σε {{value}} λεπτά","many":"σε {{value}} λεπτά","other":"σε {{value}} λεπτά"}},"hours-until-long":{"_index":["plural","value"],"_":{"zero":"τώρα","one":"σε μία ώρα","two":"σε {{value}} ώρες","few":"σε {{value}} ώρες","many":"σε {{value}} ώρες","other":"σε {{value}} ώρες"}},"days-until-long":{"_index":["plural","value"],"_":{"zero":"σήμερα","one":"αύριο","two":"σε {{value}} ημέρες","few":"σε {{value}} ημέρες","many":"σε {{value}} ημέρες","other":"σε {{value}} ημέρες"}},"weeks-until-long":{"_index":["plural","value"],"_":{"zero":"αυτή την εβδομάδα","one":"την επόμενη εβδομάδα","two":"σε {{value}} εβδομάδες","few":"σε {{value}} εβδομάδες","many":"σε {{value}} εβδομάδες","other":"σε {{value}} εβδομάδες"}},"months-until-long":{"_index":["plural","value"],"_":{"zero":"αυτό τον μήνα","one":"στον επόμενο μήνα","two":"σε {{value}} μήνες","few":"σε {{value}} μήνες","many":"σε {{value}} μήνες","other":"σε {{value}} μήνες"}},"years-until-long":{"_index":["plural","value"],"_":{"zero":"αυτό το έτος","one":"επόμενο έτος","two":"σε {{value}} έτη","few":"σε {{value}} έτη","many":"σε {{value}} έτη","other":"σε {{value}} έτη"}},"minutes-ago-short":{"_index":["plural","value"],"_":{"zero":"τώρα","other":"πριν {{value}}′"}},"hours-ago-short":{"_index":["plural","value"],"_":{"zero":"τώρα","other":"πριν {{value}} ώρ."}},"days-ago-short":{"_index":["plural","value"],"_":{"zero":"σήμερα","other":"πριν {{value}} ημ."}},"minutes-until-short":{"_index":["plural","value"],"_":{"zero":"τώρα","other":"σε {{value}}′"}},"hours-until-short":{"_index":["plural","value"],"_":{"zero":"τώρα","other":"σε {{value}} ώρ."}},"days-until-short":{"_index":["plural","value"],"_":{"zero":"σήμερα","other":"σε {{value}} ημ."}},"incorrectDate":"(λάθος ημερομηνία)","dateTimeFormat_%c":"%a, %e %Eb %Y, %H:%M:%S","dateTimeFormat_%x":"%d/%m/%Y","dateTimeFormat_%X":"%H:%M:%S","shortTimeFormat":"%H:%M","shortDateTimeFormat":"%x %H:%M","weekStartsOnMonday":"0","time_am":"AM","time_pm":"PM"}