{"number-selected2":{"_index":["plural","n"],"_":{"zero":"선택","one":"{{ n }}개 선택","two":"{{ n }}개 선택","few":"{{ n }}개 선택","many":"{{ n }}개 선택","other":"{{ n }}개 선택"}},"delete-photo?":"사진을 삭제하시겠습니까?","delete-video?":"동영상을 삭제하시겠습니까?","delete-n-items?":{"_index":["plural","n"],"_":{"zero":"선택한 것 없음","one":"선택한 것을 삭제하시겠습니까?","two":"선택한 {{ n }}개를 삭제하시겠습니까?","few":"선택한 {{ n }}개를 삭제하시겠습니까?","many":"선택한 {{ n }}개를 삭제하시겠습니까?","other":"선택한 {{ n }}개를 삭제하시겠습니까?"}},"pickoneimage2":"선택","cropimage":"자르기","cancel":"취소","delete":"삭제","ok":"확인","edit":"편집","save":"저장","done":"완료","exposure":"노출","crop":"자르기","effects":"효과","borders":"테두리","enhance-on":"자동 보정 켜기","enhance-off":"자동 보정 끄기","original":"원본","blackandwhite":"흑백","sepia":"세피아","freeform":"자유형","portrait":"세로","landscape":"가로","square":"정사각형","emptygallery2-title":"사진이나 동영상이 없음","emptygallery2-text":"카메라 앱을 실행해서 시작하십시오.","emptygallery2-title-pick":"사진 없음","nocard3-title":"메모리 카드 없음","nocard4-text":"이 앱을 사용하기 위해 메모리 카드를 삽입하시오.","pluggedin2-title":"메모리 카드 사용 중","pluggedin2-text":"이 앱을 사용하려면 폰을 뽑으십시오.","scanning-title":"찾는중","scanning-text":"사진과 동영상을 찾고 있습니다.","upgrade-title":"데이터베이스 업그레이드","upgrade-text":"갤러리 데이터베이스를 갱신하고 있습니다. 잠시만 기다려 주세요.","share-noprovider":"이 파일 형식의 이미지를 공유할 수 없습니다.","memorycardfull":"이미지를 편집할 수 없음: 메모리 카드가 가득 참.","imagetoobig":"이미지가 너무 커서 이 장치에서는 볼 수 없습니다.","imageinvalid":"이미지가 손상되어 볼 수 없습니다.","saved":"{{filename}} 파일이 갤러리로 저장됨","overlay-camera-button":"카메라로 가기","name-label":"파일명","size-label":"크기","image-type-label":"이미지 형식","date-taken-label":"찍은 날짜","resolution-label":"해상도","close-button":"닫기","byteUnit-B":"바이트","byteUnit-KB":"KB","byteUnit-MB":"MB","byteUnit-GB":"GB","gallery":"갤러리","preview":"미리보기","date-group-header":"%Y년 %B","weekday-0-long":"일요일","weekday-1-long":"월요일","weekday-2-long":"화요일","weekday-3-long":"수요일","weekday-4-long":"목요일","weekday-5-long":"금요일","weekday-6-long":"토요일","weekday-0-short":"일","weekday-1-short":"월","weekday-2-short":"화","weekday-3-short":"수","weekday-4-short":"목","weekday-5-short":"금","weekday-6-short":"토","month-0-long":"1월","month-1-long":"2월","month-2-long":"3월","month-3-long":"4월","month-4-long":"5월","month-5-long":"6월","month-6-long":"7월","month-7-long":"8월","month-8-long":"9월","month-9-long":"10월","month-10-long":"11월","month-11-long":"12월","month-0-genitive":"1월","month-1-genitive":"2월","month-2-genitive":"3월","month-3-genitive":"4월","month-4-genitive":"5월","month-5-genitive":"6월","month-6-genitive":"7월","month-7-genitive":"8월","month-8-genitive":"9월","month-9-genitive":"10월","month-10-genitive":"11월","month-11-genitive":"12월","month-0-short":"1월","month-1-short":"2월","month-2-short":"3월","month-3-short":"4월","month-4-short":"5월","month-5-short":"6월","month-6-short":"7월","month-7-short":"8월","month-8-short":"9월","month-9-short":"10월","month-10-short":"11월","month-11-short":"12월","minutes-ago-long":{"_index":["plural","value"],"_":{"zero":"지금","one":"1분 전","two":"{{value}}분 전","few":"{{value}}분 전","many":"{{value}}분 전","other":"{{value}}분 전"}},"hours-ago-long":{"_index":["plural","value"],"_":{"zero":"지금","one":"1시간 전","two":"{{value}}시간 전","few":"{{value}}시간 전","many":"{{value}}시간 전","other":"{{value}}시간 전"}},"days-ago-long":{"_index":["plural","value"],"_":{"zero":"오늘","one":"어제","two":"{{value}}일 전","few":"{{value}}일 전","many":"{{value}}일 전","other":"{{value}}일 전"}},"weeks-ago-long":{"_index":["plural","value"],"_":{"zero":"이번 주","one":"지난 주","two":"{{value}}주 전","few":"{{value}}주 전","many":"{{value}}주 전","other":"{{value}}주 전"}},"months-ago-long":{"_index":["plural","value"],"_":{"zero":"이번 달","one":"지난 달","two":"{{value}}개월 전","few":"{{value}}개월 전","many":"{{value}}개월 전","other":"{{value}}개월 전"}},"years-ago-long":{"_index":["plural","value"],"_":{"zero":"올해","one":"작년","two":"{{value}}년 전","few":"{{value}}년 전","many":"{{value}}년 전","other":"{{value}}년 전"}},"minutes-until-long":{"_index":["plural","value"],"_":{"zero":"지금","one":"1분 후","two":"{{value}}분 후","few":"{{value}}분 후","many":"{{value}}분 후","other":"{{value}}분 후"}},"hours-until-long":{"_index":["plural","value"],"_":{"zero":"지금","one":"한 시간 후","two":"{{value}}시간 후","few":"{{value}}시간 후","many":"{{value}}시간 후","other":"{{value}}시간 후"}},"days-until-long":{"_index":["plural","value"],"_":{"zero":"오늘","one":"내일","two":"{{value}}일 후","few":"{{value}}일 후","many":"{{value}}일 후","other":"{{value}}일 후"}},"weeks-until-long":{"_index":["plural","value"],"_":{"zero":"이번 주","one":"다음 주","two":"{{value}}주 후","few":"{{value}}주 후","many":"{{value}}주 후","other":"{{value}}주 후"}},"months-until-long":{"_index":["plural","value"],"_":{"zero":"이번 달","one":"다음 달","two":"{{value}}개월 후","few":"{{value}}개월 후","many":"{{value}}개월 후","other":"{{value}}개월 후"}},"years-until-long":{"_index":["plural","value"],"_":{"zero":"올해","one":"내년","two":"{{value}}년 후","few":"{{value}}년 후","many":"{{value}}년 후","other":"{{value}}년 후"}},"minutes-ago-short":{"_index":["plural","value"],"_":{"zero":"지금","other":"{{value}}분 전"}},"hours-ago-short":{"_index":["plural","value"],"_":{"zero":"지금","other":"{{value}}시간 전"}},"days-ago-short":{"_index":["plural","value"],"_":{"zero":"오늘","other":"{{value}}일 전"}},"minutes-until-short":{"_index":["plural","value"],"_":{"zero":"지금","other":"{{value}}분 후"}},"hours-until-short":{"_index":["plural","value"],"_":{"zero":"지금","other":"{{value}}시간 후"}},"days-until-short":{"_index":["plural","value"],"_":{"zero":"오늘","other":"{{value}}일 후"}},"incorrectDate":"(잘못된 날짜)","dateTimeFormat_%c":"%Y년 %B %e일 %a %I:%M:%S %p","dateTimeFormat_%x":"%Y/%m/%d","dateTimeFormat_%X":"%I:%M:%S %p","shortTimeFormat":"%I:%M %p","shortDateTimeFormat":"%x %I:%M %p","weekStartsOnMonday":"0","time_am":"오전","time_pm":"오후"}