{"number-selected2":{"_index":["plural","n"],"_":{"zero":"ਚੁਣੋ","one":"{{ n }} ਚੁਣੀਆਂ","two":"{{ n }} ਚੁਣੀਆਂ","few":"{{ n }} ਚੁਣੀਆਂ","many":"{{ n }} ਚੁਣੀਆਂ","other":"{{ n }} ਚੁਣੀਆਂ"}},"delete-photo?":"ਫੋਟੋ ਹਟਾਉਣੀ ਹੈ?","delete-video?":"ਵਿਡੀਓ ਹਟਾਉਣੀ ਹੈ?","delete-n-items?":{"_index":["plural","n"],"_":{"zero":"ਕੁਝ ਨਹੀਂ ਚੁਣਿਆ","one":"ਚੁਣੀ ਆਈਟਮ ਹਟਾਉਣੀ ਹੈ?","two":"{{ n }} ਆਈਟਮਾਂ ਹਟਾਉਣੀਆਂ ਹਨ?","few":"{{ n }} ਆਈਟਮਾਂ ਹਟਾਉਣੀਆਂ ਹਨ?","many":"{{ n }} ਆਈਟਮਾਂ ਹਟਾਉਣੀਆਂ ਹਨ?","other":"{{ n }} ਆਈਟਮਾਂ ਹਟਾਉਣੀਆਂ ਹਨ?"}},"pickoneimage2":"ਚੁਣੋ","cropimage":"ਕੀਤੀ ਚੋਣ ਕੱਟੋ","cancel":"ਰੱਦ ਕਰੋ","delete":"ਹਟਾਓ","ok":"ਠੀਕ ਹੈ","edit":"ਸੋਧ","save":"ਸੰਭਾਲੋ","done":"ਮੁਕੰਮਲ","exposure":"Exposure","crop":"ਕੀਤੀ ਚੋਣ ਕੱਟੋ","effects":"ਪ੍ਰਭਾਵ","borders":"ਹਾਸ਼ੀਏ","enhance-on":"ਆਟੋ-ਇੰਹਾਂਸ ਚਾਲੂ","enhance-off":"ਆਟੋ-ਇੰਹਾਂਸ ਬੰਦ","original":"ਅਸਲੀ","blackandwhite":"B&W","sepia":"Sepia","freeform":"Freeform","portrait":"ਪੋਰਟਰੇਟ","landscape":"ਲੈਂਡਸਕੇਪ","square":"ਵਰਗ","emptygallery2-title":"ਕੋਈ ਫੋਟੋ ਜਾਂ ਵਿਡੀਓ ਨਹੀਂ","emptygallery2-text":"ਸ਼ੁਰੂ ਕਰਨ ਲਈ ਕੈਮਰਾ ਐਪ ਵਰਤੋਂ","emptygallery2-title-pick":"ਕੋਈ ਫੋਟੋ ਨਹੀਂ","nocard3-title":"ਮੈਮੋਰੀ ਕਾਰਡ ਨਹੀਂ","nocard4-text":"ਇਹ ਐਪ ਵਰਤਣ ਲਈ ਮੈਮੋਰੀ ਕਾਰਡ ਪਾਉ।","pluggedin2-title":"ਮੈਮੋਰੀ ਕਾਰਡ ਵਰਤਿਆ ਜਾ ਰਿਹਾ ਹੈ","pluggedin2-text":"ਇਹ ਐਪ ਵਰਤਣ ਲਈ ਫੋਨ ਦਾ ਪਲੱਗ ਕੱਢੋ","scanning-title":"ਜਾਂਚ ਜਾਰੀ ਹੈ","scanning-text":"ਫੋਟੋ ਅਤੇ ਵਿਡੀਓ ਲੱਭੀਆਂ ਜਾ ਰਹੀਆਂ ਹਨ।","upgrade-title":"ਡਾਟਾਬੇਸ ਅੱਪਗਰੇਡ","upgrade-text":"ਗੈਲਰੀ ਨੂੰ ਆਪਣਾ ਡਾਟਾਬੇਸ ਅੱਪਡੇਟ ਕਰਨ ਤੱਕ ਉਡੀਕੋ।","share-noprovider":"ਇਹ ਚਿੱਤਰ ਫਾਇਲ ਕਿਸਮ ਸਾਂਝੀ ਨਹੀਂ ਕੀਤੀ ਜਾ ਸਕਦੀ।","memorycardfull":"ਫੋਟੋ ਸੋਧੀ ਨਹੀਂ ਜਾ ਸਕਦੀ: ਮੈਮੋਰੀ ਕਾਰਡ ਭਰ ਗਿਆ ਹੈ।","imagetoobig":"ਚਿੱਤਰ ਫਾਇਲ ਇਹ ਯੰਤਰ ਉੱਤੇ ਵਿਖਾਉਣ ਲਈ ਬਹੁਤ ਵੱਡੀ ਹੈ।","imageinvalid":"ਚਿੱਤਰ ਕਿਸਮ ਗਲਤ ਹੈ ਜਾਂ ਖ਼ਰਾਬ ਹੈ ਅਤੇ ਵਿਖਾਈ ਨਹੀਂ ਜਾ ਸਕਦੀ।","saved":"{{filename}} ਗੈਲਰੀ ਵਿੱਚ ਸੰਭਾਲੀ ਗਈ","overlay-camera-button":"ਕੈਮਰੇ ਉਤੇ ਜਾਓ","name-label":"ਨਾਂ","size-label":"ਆਕਾਰ","image-type-label":"ਚਿੱਤਰ ਕਿਸਮ","date-taken-label":"ਖਿੱਚਣ ਮਿਤੀ","resolution-label":"ਰੈਜ਼ੋਲੂਸ਼ਨ","close-button":"ਬੰਦ ਕਰੋ","byteUnit-B":"ਬਾਈਟ","byteUnit-KB":"KB","byteUnit-MB":"MB","byteUnit-GB":"GB","gallery":"ਗੈਲਰੀ","preview":"ਝਲਕ","date-group-header":"%B %Y","weekday-0-long":"ਐਤਵਾਰ","weekday-1-long":"ਸੋਮਵਾਰ","weekday-2-long":"ਮੰਗਲਵਾਰ","weekday-3-long":"ਬੁੱਧਵਾਰ","weekday-4-long":"ਵੀਰਵਾਰ","weekday-5-long":"ਸ਼ੁੱਕਰਵਾਰ","weekday-6-long":"ਸ਼ਨਿੱਚਰਵਾਰ","weekday-0-short":"ਐਤ","weekday-1-short":"ਸੋਮ","weekday-2-short":"ਮੰਗਲ","weekday-3-short":"ਬੁੱਧ","weekday-4-short":"ਵੀਰ","weekday-5-short":"ਸ਼ੁੱਕਰ","weekday-6-short":"ਸ਼ਨਿੱ","month-0-long":"ਜਨਵਰੀ","month-1-long":"ਫਰਵਰੀ","month-2-long":"ਮਾਰਚ","month-3-long":"ਅਪਰੈਲ","month-4-long":"ਮਈ","month-5-long":"ਜੂਨ","month-6-long":"ਜੁਲਾਈ","month-7-long":"ਅਗਸਤ","month-8-long":"ਸਤੰਬਰ","month-9-long":"ਅਕਤੂਬਰ","month-10-long":"ਨਵੰਬਰ","month-11-long":"ਦਸੰਬਰ","month-0-genitive":"ਜਨਵਰੀ","month-1-genitive":"ਫਰਵਰੀ","month-2-genitive":"ਮਾਰਚ","month-3-genitive":"ਅਪਰੈਲ","month-4-genitive":"ਮਈ","month-5-genitive":"ਜੂਨ","month-6-genitive":"ਜੁਲਾਈ","month-7-genitive":"ਅਗਸਤ","month-8-genitive":"ਸਤੰਬਰ","month-9-genitive":"ਅਕਤੂਬਰ","month-10-genitive":"ਨਵੰਬਰ","month-11-genitive":"ਦਸੰਬਰ","month-0-short":"ਜਨ","month-1-short":"ਫਰ","month-2-short":"ਮਾਰ","month-3-short":"ਅਪ","month-4-short":"ਮਈ","month-5-short":"ਜੂਨ","month-6-short":"ਜੁਲਾ","month-7-short":"ਅਗ","month-8-short":"ਸਤੰ","month-9-short":"ਅਕਤੂ","month-10-short":"ਨਵੰ","month-11-short":"ਦਸੰ","minutes-ago-long":{"_index":["plural","value"],"_":{"zero":"ਹੁਣੇ ਹੀਂ","one":"ਮਿੰਟ ਕੁ ਪਹਿਲਾਂ","two":"{{value}} ਮਿੰਟ ਪਹਿਲਾਂ","few":"{{value}} ਮਿੰਟ ਪਹਿਲਾਂ","many":"{{value}} ਮਿੰਟ ਪਹਿਲਾਂ","other":"{{value}}  ਮਿੰਟ ਪਹਿਲਾਂ"}},"hours-ago-long":{"_index":["plural","value"],"_":{"zero":"ਹੁਣੇ ਹੀ","one":"ਘੰਟਾ ਪਹਿਲਾਂ","two":"{{value}} ਘੰਟੇ ਪਹਿਲਾਂ","few":"{{value}} ਘੰਟੇ ਪਹਿਲਾਂ","many":"{{value}} ਘੰਟੇ ਪਹਿਲਾਂ","other":"{{value}} ਘੰਟੇ ਪਹਿਲਾਂ"}},"days-ago-long":{"_index":["plural","value"],"_":{"zero":"ਅੱਜ","one":"ਕੱਲ੍ਹ","two":"{{value}} ਦਿਨ ਪਹਿਲਾਂ","few":"{{value}} ਦਿਨ ਪਹਿਲਾਂ","many":"{{value}} ਦਿਨ ਪਹਿਲਾਂ","other":"{{value}} ਦਿਨ ਪਹਿਲਾਂ"}},"weeks-ago-long":{"_index":["plural","value"],"_":{"zero":"ਇਹ ਹਫ਼ਤੇ","one":"ਪਿਛਲੇ ਹਫ਼ਤੇ","two":"{{value}} ਹਫ਼ਤੇ ਪਹਿਲਾਂ","few":"{{value}} ਹਫ਼ਤੇ ਪਹਿਲਾਂ","many":"{{value}} ਹਫ਼ਤੇ ਪਹਿਲਾਂ","other":"{{value}} ਹਫ਼ਤੇ ਪਹਿਲਾਂ"}},"months-ago-long":{"_index":["plural","value"],"_":{"zero":"ਇਹ ਮਹੀਨੇ","one":"ਪਿਛਲੇ ਮਹੀਨੇ","two":"{{value}} ਮਹੀਨੇ ਪਹਿਲਾਂ","few":"{{value}} ਮਹੀਨੇ ਪਹਿਲਾਂ","many":"{{value}} ਮਹੀਨੇ ਪਹਿਲਾਂ","other":"{{value}} ਮਹੀਨੇ ਪਹਿਲਾਂ"}},"years-ago-long":{"_index":["plural","value"],"_":{"zero":"ਇਹ ਸਾਲ","one":"ਪਿਛਲੇ ਸਾਲ","two":"{{value}} ਸਾਲ ਪਹਿਲਾਂ","few":"{{value}} ਸਾਲ ਪਹਿਲਾਂ","many":"{{value}} ਸਾਲ ਪਹਿਲਾਂ","other":"{{value}} ਸਾਲ ਪਹਿਲਾਂ"}},"minutes-until-long":{"_index":["plural","value"],"_":{"zero":"ਹੁਣ","one":"ਮਿੰਟ ਵਿੱਚ","two":"{{value}} ਮਿੰਟਾਂ ਵਿੱਚ","few":"{{value}} ਮਿੰਟਾਂ ਵਿੱਚ","many":"{{value}} ਮਿੰਟਾਂ ਵਿੱਚ","other":"{{value}} ਮਿੰਟਾਂ ਵਿੱਚ"}},"hours-until-long":{"_index":["plural","value"],"_":{"zero":"ਹੁਣ","one":"ਇੱਕ ਘੰਟੇ ਵਿੱਚ","two":"{{value}} ਘੰਟਿਆਂ ਵਿੱਚ","few":"{{value}} ਘੰਟਿਆਂ ਵਿੱਚ","many":"{{value}} ਘੰਟਿਆਂ ਵਿੱਚ","other":"{{value}} ਘੰਟਿਆਂ ਵਿੱਚ"}},"days-until-long":{"_index":["plural","value"],"_":{"zero":"ਅੱਜ","one":"ਭਲਕੇ","two":"{{value}} ਦਿਨਾਂ ਵਿੱਚ","few":"{{value}} ਦਿਨਾਂ ਵਿੱਚ","many":"{{value}} ਦਿਨਾਂ ਵਿੱਚ","other":"{{value}} ਦਿਨਾਂ ਵਿੱਚ"}},"weeks-until-long":{"_index":["plural","value"],"_":{"zero":"ਇਸ ਹਫ਼ਤੇ","one":"ਅਗਲੇ ਹਫ਼ਤੇ","two":"{{value}} ਹਫ਼ਤਿਆਂ ਵਿੱਚ","few":"{{value}} ਹਫ਼ਤਿਆਂ ਵਿੱਚ","many":"{{value}} ਹਫ਼ਤਿਆਂ ਵਿੱਚ","other":"{{value}} ਹਫ਼ਤਿਆਂ ਵਿੱਚ"}},"months-until-long":{"_index":["plural","value"],"_":{"zero":"ਇਸ ਮਹੀਨੇ","one":"ਅਗਲੇ ਮਹੀਨੇ","two":"{{value}} ਮਹੀਨਿਆਂ ਵਿੱਚ","few":"{{value}} ਮਹੀਨਿਆਂ ਵਿੱਚ","many":"{{value}} ਮਹੀਨਿਆਂ ਵਿੱਚ","other":"{{value}} ਮਹੀਨਿਆਂ ਵਿੱਚ"}},"years-until-long":{"_index":["plural","value"],"_":{"zero":"ਇਸ ਸਾਲ","one":"ਅਗਲੇ ਸਾਲ","two":"{{value}} ਸਾਲਾਂ ਵਿੱਚ","few":"{{value}} ਸਾਲਾਂ ਵਿੱਚ","many":"{{value}} ਸਾਲਾਂ ਵਿੱਚ","other":"{{value}} ਸਾਲਾਂ ਵਿੱਚ"}},"minutes-ago-short":{"_index":["plural","value"],"_":{"zero":"ਹੁਣੇ ਹੀ","other":"{{value}}ਮਿੰ ਪਹਿਲਾਂ"}},"hours-ago-short":{"_index":["plural","value"],"_":{"zero":"ਹੁਣੇ ਹੀਂ","other":"{{value}}ਘੰ ਪਹਿਲਾਂ"}},"days-ago-short":{"_index":["plural","value"],"_":{"zero":"ਅੱਜ","other":"{{value}}ਦਿ ਪਹਿਲਾਂ"}},"minutes-until-short":{"_index":["plural","value"],"_":{"zero":"ਹੁਣ","other":"{{value}}ਮਿੰ ਵਿੱਚ"}},"hours-until-short":{"_index":["plural","value"],"_":{"zero":"ਹੁਣ","other":"{{value}}ਘੰ ਵਿੱਚ"}},"days-until-short":{"_index":["plural","value"],"_":{"zero":"ਅੱਜ","other":"{{value}}ਦਿ ਵਿੱਚ"}},"incorrectDate":"(ਗਲਤ ਮਿਤੀ)","dateTimeFormat_%c":"%a %e %b  %Y %I:%M:%S %p","dateTimeFormat_%x":"%d/%m/%Y","dateTimeFormat_%X":"%I:%M:%S %p","shortTimeFormat":"%I:%M %p","shortDateTimeFormat":"%x %I:%M %p","weekStartsOnMonday":"1","time_am":"ਸਵੇਰੇ","time_pm":"ਸ਼ਾਮ"}