{"number-selected2":{"_index":["plural","n"],"_":{"zero":"Выбрать","one":"Выбран {{ n }}","two":"Выбрано {{ n }}","few":"Выбрано {{ n }}","many":"Выбрано {{ n }}","other":"Выбрано {{ n }}"}},"delete-photo?":"Удалить фото?","delete-video?":"Удалить видео?","delete-n-items?":{"_index":["plural","n"],"_":{"zero":"Ничего не выбрано","one":"Удалить {{ n }} файл?","two":"Удалить {{ n }} файла?","few":"Удалить {{ n }} файла?","many":"Удалить {{ n }} файлов?","other":"Удалить {{ n }} файлов?"}},"pickoneimage2":"Выбрать","cropimage":"Обрезать","cancel":"Отмена","delete":"Удалить","ok":"OK","edit":"Правка","save":"Сохранить","done":"Готово","exposure":"Экспозиция","crop":"Обрезать","effects":"Эффекты","borders":"Границы","enhance-on":"Автоусиление вкл.","enhance-off":"Автоусиление откл.","original":"Оригинал","blackandwhite":"Ч/Б","sepia":"Сепия","freeform":"Полотно","portrait":"Книжная","landscape":"Альбомная","square":"Квадрат","emptygallery2-title":"Нет фото или видео","emptygallery2-text":"Для начала съемки используйте приложение Камера.","emptygallery2-title-pick":"Нет фото","nocard3-title":"Нет карты памяти","nocard4-text":"Для использования этого приложения вставьте карту памяти.","pluggedin2-title":"Карта памяти сейчас используется","pluggedin2-text":"Для использования этого приложения, отсоедините телефон.","scanning-title":"Сканирование","scanning-text":"Поиск фото и видео.","upgrade-title":"Обновление базы данных","upgrade-text":"Пожалуйста, подождите, пока Галерея обновляет свою базу данных.","share-noprovider":"Не удалось поделиться этим типом файла изображения.","memorycardfull":"Не могу редактировать фото: нет места на карте памяти.","imagetoobig":"Изображение слишком велико для отображения на этом устройстве.","imageinvalid":"Изображение некорректно или искажено и не может быть отображено.","saved":"{{filename}} сохранено в Галерею","overlay-camera-button":"Перейти к Камере","name-label":"Имя","size-label":"Размер","image-type-label":"Тип изображения","date-taken-label":"Дата съёмки","resolution-label":"Разрешение","close-button":"Закрыть","byteUnit-B":"байт","byteUnit-KB":"КБ","byteUnit-MB":"МБ","byteUnit-GB":"ГБ","gallery":"Галерея","preview":"Предпросмотр","date-group-header":"%B %Y","weekday-0-long":"Воскресенье","weekday-1-long":"Понедельник","weekday-2-long":"Вторник","weekday-3-long":"Среда","weekday-4-long":"Четверг","weekday-5-long":"Пятница","weekday-6-long":"Суббота","weekday-0-short":"Вс","weekday-1-short":"Пн","weekday-2-short":"Вт","weekday-3-short":"Ср","weekday-4-short":"Чт","weekday-5-short":"Пт","weekday-6-short":"Сб","month-0-long":"Январь","month-1-long":"Февраль","month-2-long":"Март","month-3-long":"Апрель","month-4-long":"Май","month-5-long":"Июнь","month-6-long":"Июль","month-7-long":"Август","month-8-long":"Сентябрь","month-9-long":"Октябрь","month-10-long":"Ноябрь","month-11-long":"Декабрь","month-0-genitive":"января","month-1-genitive":"февраля","month-2-genitive":"марта","month-3-genitive":"апреля","month-4-genitive":"мая","month-5-genitive":"июня","month-6-genitive":"июля","month-7-genitive":"августа","month-8-genitive":"сентября","month-9-genitive":"октября","month-10-genitive":"ноября","month-11-genitive":"декабря","month-0-short":"Январь","month-1-short":"Февраль","month-2-short":"Март","month-3-short":"Апрель","month-4-short":"Май","month-5-short":"Июнь","month-6-short":"Июль","month-7-short":"Август","month-8-short":"Сентябрь","month-9-short":"Октябрь","month-10-short":"Ноябрь","month-11-short":"Декабрь","minutes-ago-long":{"_index":["plural","value"],"_":{"zero":"прямо сейчас","one":"{{value}} минуту назад","two":"{{value}} минуты назад","few":"{{value}} минуты назад","many":"{{value}} минут назад","other":"{{value}} минут назад"}},"hours-ago-long":{"_index":["plural","value"],"_":{"zero":"прямо сейчас","one":"{{value}} час назад","two":"{{value}} часа назад","few":"{{value}} часа назад","many":"{{value}} часов назад","other":"{{value}} часов назад"}},"days-ago-long":{"_index":["plural","value"],"_":{"zero":"сегодня","one":"{{value}} день назад","two":"{{value}} дня назад","few":"{{value}} дня назад","many":"{{value}} дней назад","other":"{{value}} дней назад"}},"weeks-ago-long":{"_index":["plural","value"],"_":{"zero":"эта неделя","one":"{{value}} неделя назад","two":"{{value}} недели назад","few":"{{value}} недели назад","many":"{{value}} недель назад","other":"{{value}} недель назад"}},"months-ago-long":{"_index":["plural","value"],"_":{"zero":"этот месяц","one":"{{value}} месяц назад","two":"{{value}} месяца назад","few":"{{value}} месяца назад","many":"{{value}} месяцев назад","other":"{{value}} месяцев назад"}},"years-ago-long":{"_index":["plural","value"],"_":{"zero":"этот год","one":"{{value}} год назад","two":"{{value}} года назад","few":"{{value}} года назад","many":"{{value}} лет назад","other":"{{value}} лет назад"}},"minutes-until-long":{"_index":["plural","value"],"_":{"zero":"сейчас","one":"через {{value}} минуту","two":"через {{value}} минуты","few":"через {{value}} минуты","many":"через {{value}} минут","other":"через {{value}} минут"}},"hours-until-long":{"_index":["plural","value"],"_":{"zero":"сейчас","one":"через {{value}} час","two":"через {{value}} часа","few":"через {{value}} часа","many":"через {{value}} часов","other":"через {{value}} часов"}},"days-until-long":{"_index":["plural","value"],"_":{"zero":"сегодня","one":"через {{value}} день","two":"через {{value}} дня","few":"через {{value}} дня","many":"через {{value}} дней","other":"через {{value}} дней"}},"weeks-until-long":{"_index":["plural","value"],"_":{"zero":"эта неделя","one":"через {{value}} неделю","two":"через {{value}} недели","few":"через {{value}} недели","many":"через {{value}} недель","other":"через {{value}} недель"}},"months-until-long":{"_index":["plural","value"],"_":{"zero":"этот месяц","one":"через {{value}} месяц","two":"через {{value}} месяца","few":"через {{value}} месяца","many":"через {{value}} месяцев","other":"через {{value}} месяцев"}},"years-until-long":{"_index":["plural","value"],"_":{"zero":"этот год","one":"через {{value}} год","two":"через {{value}} года","few":"через {{value}} года","many":"через {{value}} лет","other":"через {{value}} лет"}},"minutes-ago-short":{"_index":["plural","value"],"_":{"zero":"сейчас","other":"{{value}}м назад"}},"hours-ago-short":{"_index":["plural","value"],"_":{"zero":"сейчас","other":"{{value}}ч назад"}},"days-ago-short":{"_index":["plural","value"],"_":{"zero":"сегодня","other":"{{value}}д назад"}},"minutes-until-short":{"_index":["plural","value"],"_":{"zero":"сейчас","other":"через {{value}}м"}},"hours-until-short":{"_index":["plural","value"],"_":{"zero":"сейчас","other":"через {{value}}ч"}},"days-until-short":{"_index":["plural","value"],"_":{"zero":"сегодня","other":"через {{value}}д"}},"incorrectDate":"(некорректная дата)","dateTimeFormat_%c":"%a, %e %Eb %Y, %H:%M:%S","dateTimeFormat_%x":"%d.%m.%Y","dateTimeFormat_%X":"%H:%M:%S","shortTimeFormat":"%H:%M","shortDateTimeFormat":"%x %H:%M","weekStartsOnMonday":"1","time_am":"AM","time_pm":"PM"}