{"number-selected2":{"_index":["plural","n"],"_":{"zero":"Zvoľte","one":"{{ n }} označená","two":"{{ n }} označené","few":"{{ n }} označené","many":"{{ n }} označených","other":"{{ n }} označených"}},"delete-photo?":"Naozaj chcete odstrániť fotografiu?","delete-video?":"Naozaj chcete odstrániť video?","delete-n-items?":{"_index":["plural","n"],"_":{"zero":"Žiadny výber","one":"Odstrániť vybranú položku?","two":"Odstrániť tieto {{ n }} položky?","few":"Odstrániť tieto {{ n }} položky?","many":"Odstrániť týchto {{ n }} položiek?","other":"Odstrániť týchto {{ n }} položiek?"}},"pickoneimage2":"Výber","cropimage":"Orezať","cancel":"Zrušiť","delete":"Odstrániť","ok":"OK","edit":"Upraviť","save":"Uložiť","done":"Hotovo","exposure":"Expozícia","crop":"Orezať","effects":"Efekty","borders":"Okraje","enhance-on":"Automatické vylepšenie zapnuté","enhance-off":"Automatické vylepšenie vypnuté","original":"Originál","blackandwhite":"ČB","sepia":"Sépia","freeform":"Štandard","portrait":"Portrét","landscape":"Krajina","square":"Štvorec","emptygallery2-title":"Žiadne fotografie alebo videá","emptygallery2-text":"Začnite použitím aplikácie Fotoaparát.","emptygallery2-title-pick":"Žiadne fotografie","nocard3-title":"Pamäťová karta sa nenašla","nocard4-text":"Ak chcete použiť túto aplikáciu, vložte pamäťovú kartu.","pluggedin2-title":"Pamäťová karta sa používa","pluggedin2-text":"Ak chcete používať túto aplikáciu, odpojte telefón.","scanning-title":"Vyhľadáva sa","scanning-text":"Vyhľadávajú sa fotografie a videá…","upgrade-title":"Aktualizácia databázy","upgrade-text":"Počkajte, kým aplikácia Galéria aktualizuje svoju databázu.","share-noprovider":"Tento typ obrazových súborov nie je možné zdieľať.","memorycardfull":"Fotografie nie je možné upraviť: pamäťová karta je plná.","imagetoobig":"Obrázok je príliš veľký na zobrazenie na tomto zariadení.","imageinvalid":"Obrázok je neplatný alebo poškodený a nemôže byť zobrazený.","saved":"Obrázok {{filename}} uložený do Galérie","overlay-camera-button":"Prejsť na Fotoaparát","name-label":"Názov","size-label":"Veľkosť","image-type-label":"Typ obrázka","date-taken-label":"Vytvorený","resolution-label":"Rozlíšenie","close-button":"Zavrieť","byteUnit-B":"bajtov","byteUnit-KB":"kB","byteUnit-MB":"MB","byteUnit-GB":"GB","gallery":"Galéria","preview":"Náhľad","date-group-header":"%B %Y","weekday-0-long":"Nedeľa","weekday-1-long":"Pondelok","weekday-2-long":"Utorok","weekday-3-long":"Streda","weekday-4-long":"Štvrtok","weekday-5-long":"Piatok","weekday-6-long":"Sobota","weekday-0-short":"Ne","weekday-1-short":"Po","weekday-2-short":"Ut","weekday-3-short":"St","weekday-4-short":"Št","weekday-5-short":"Pi","weekday-6-short":"So","month-0-long":"Január","month-1-long":"Február","month-2-long":"Marec","month-3-long":"Apríl","month-4-long":"Máj","month-5-long":"Jún","month-6-long":"Júl","month-7-long":"August","month-8-long":"September","month-9-long":"Október","month-10-long":"November","month-11-long":"December","month-0-genitive":"januára","month-1-genitive":"februára","month-2-genitive":"marca","month-3-genitive":"apríla","month-4-genitive":"mája","month-5-genitive":"júna","month-6-genitive":"júla","month-7-genitive":"augusta","month-8-genitive":"septembra","month-9-genitive":"októbra","month-10-genitive":"novembra","month-11-genitive":"decembra","month-0-short":"jan","month-1-short":"feb","month-2-short":"mar","month-3-short":"apr","month-4-short":"máj","month-5-short":"jún","month-6-short":"júl","month-7-short":"aug","month-8-short":"sep","month-9-short":"okt","month-10-short":"nov","month-11-short":"dec","minutes-ago-long":{"_index":["plural","value"],"_":{"zero":"teraz","one":"pred minútou","two":"pred {{value}} minútami","few":"pred {{value}} minútami","many":"pred {{value}} minútami","other":"pred {{value}} minútami"}},"hours-ago-long":{"_index":["plural","value"],"_":{"zero":"teraz","one":"pred hodinou","two":"pred {{value}} hodinami","few":"pred {{value}} hodinami","many":"pred {{value}} hodinami","other":"pred {{value}} hodinami"}},"days-ago-long":{"_index":["plural","value"],"_":{"zero":"dnes","one":"včera","two":"pred {{value}} dňami","few":"pred {{value}} dňami","many":"pred {{value}} dňami","other":"pred {{value}} dňami"}},"weeks-ago-long":{"_index":["plural","value"],"_":{"zero":"tento týždeň","one":"minulý týždeň","two":"pred {{value}} týždňami","few":"pred {{value}} týždňami","many":"pred {{value}} týždňami","other":"pred {{value}} týždňami"}},"months-ago-long":{"_index":["plural","value"],"_":{"zero":"tento mesiac","one":"minulý mesiac","two":"pred {{value}} mesiacmi","few":"pred {{value}} mesiacmi","many":"pred {{value}} mesiacmi","other":"pred {{value}} mesiacmi"}},"years-ago-long":{"_index":["plural","value"],"_":{"zero":"tento rok","one":"minulý rok","two":"pred {{value}} rokmi","few":"pred {{value}} rokmi","many":"pred {{value}} rokmi","other":"pred {{value}} rokmi"}},"minutes-until-long":{"_index":["plural","value"],"_":{"zero":"teraz","one":"o minútu","two":"o {{value}} minúty","few":"o {{value}} minúty","many":"o {{value}} minút","other":"o {{value}} minút"}},"hours-until-long":{"_index":["plural","value"],"_":{"zero":"teraz","one":"o hodinu","two":"o {{value}} hodiny","few":"o {{value}} hodiny","many":"o {{value}} hodín","other":"o {{value}} hodín"}},"days-until-long":{"_index":["plural","value"],"_":{"zero":"dnes","one":"zajtra","two":"o {{value}} dni","few":"o {{value}} dni","many":"o {{value}} dní","other":"o {{value}} dní"}},"weeks-until-long":{"_index":["plural","value"],"_":{"zero":"tento týždeň","one":"budúci týždeň","two":"o {{value}} týždne","few":"o {{value}} týždne","many":"o {{value}} týždňov","other":"o {{value}} týždňov"}},"months-until-long":{"_index":["plural","value"],"_":{"zero":"tento mesiac","one":"budúci mesiac","two":"o {{value}} mesiace","few":"o {{value}} mesiace","many":"o {{value}} mesiacov","other":"o {{value}} mesiacov"}},"years-until-long":{"_index":["plural","value"],"_":{"zero":"tento rok","one":"budúci rok","two":"o {{value}} roky","few":"o {{value}} roky","many":"o {{value}} rokov","other":"o {{value}} rokov"}},"minutes-ago-short":{"_index":["plural","value"],"_":{"zero":"teraz","other":"pred {{value}}m"}},"hours-ago-short":{"_index":["plural","value"],"_":{"zero":"teraz","other":"pred {{value}}h"}},"days-ago-short":{"_index":["plural","value"],"_":{"zero":"dnes","other":"pred {{value}}d"}},"minutes-until-short":{"_index":["plural","value"],"_":{"zero":"teraz","other":"o {{value}}m"}},"hours-until-short":{"_index":["plural","value"],"_":{"zero":"teraz","other":"o {{value}}h"}},"days-until-short":{"_index":["plural","value"],"_":{"zero":"dnes","other":"o {{value}}d"}},"incorrectDate":"(neplatný dátum)","dateTimeFormat_%c":"%a, %e. %b %Y %H:%M:%S","dateTimeFormat_%x":"%d.%m.%Y","dateTimeFormat_%X":"%H:%M:%S","shortTimeFormat":"%H:%M","shortDateTimeFormat":"%x %H:%M","weekStartsOnMonday":"1","time_am":"AM","time_pm":"PM"}