{"number-selected2":{"_index":["plural","n"],"_":{"zero":"Përzgjidhni","one":"{{ n }} e përzgjedhur","two":"{{ n }} të përzgjedhura","few":"{{ n }} të përzgjedhura","many":"{{ n }} të përzgjedhura","other":"{{ n }} të përzgjedhura"}},"delete-photo?":"Të fshihet fotoja?","delete-video?":"Të fshihet videoja?","delete-n-items?":{"_index":["plural","n"],"_":{"zero":"Nuk është përzgjedhur gjë","one":"Të fshihet objekti i përzgjedhur?","two":"Të fshihen {{ n }} objektet?","few":"Të fshihen {{ n }} objektet?","many":"Të fshihen {{ n }} objektet?","other":"Të fshihen {{ n }} objektet?"}},"pickoneimage2":"Përzgjidhni","cropimage":"Qethe","cancel":"Anuloje","delete":"Fshije","ok":"OK","edit":"Përpunojeni","save":"Ruaje","done":"U bë","exposure":"Ekspozim","crop":"Qethe","effects":"Efekte","borders":"Anë","enhance-on":"Vetë-zgjerimi on","enhance-off":"Vetë-zgjerimi off","original":"Origjinali","blackandwhite":"B & Z","sepia":"Sepia","freeform":"Formë e lirë","portrait":"Portret","landscape":"Peizazh","square":"Kuadrat","emptygallery2-title":"Pa foto ose video","emptygallery2-text":"Përdorni zbatimin Kamera që t'ia filloni.","emptygallery2-title-pick":"Pa foto","nocard3-title":"Pa kartë kujtese","nocard4-text":"Që të përdorni këtë zbatim, futni një kartë kujtese.","pluggedin2-title":"Kartë kujtese në përdorim","pluggedin2-text":"Që të përdorni këtë zbatim, hiqeni telefonin nga priza.","scanning-title":"Kontroll","scanning-text":"Po shihet për foto dhe video.","upgrade-title":"Përmirësim baze të dhënash","upgrade-text":"Ju lutemi, prisni teksa Galeria përditëson bazën e vet të të dhënave.","share-noprovider":"Ky lloj kartele figurash nuk ndahet dot me të tjerët.","memorycardfull":"Fotot nuk përpunohen dot: karta e kujtesës është plot.","imagetoobig":"Figura është shumë e madhe për shfaqje në këtë pajisje.","imageinvalid":"Figura është e pavlefshme ose e dëmtuar dhe nuk mund të shfaqet.","saved":"{{filename}} u ruajt te Galeria","overlay-camera-button":"Kalo te Kamera","name-label":"Emër","size-label":"Madhësi","image-type-label":"Lloj Figure","date-taken-label":"Datë Shkrepjeje","resolution-label":"Qartësi","close-button":"Mbylle","byteUnit-B":"Bajte","byteUnit-KB":"KB","byteUnit-MB":"MB","byteUnit-GB":"GB","gallery":"Galeri","preview":"Paraparje","date-group-header":"%B %Y","weekday-0-long":"E diel","weekday-1-long":"E hënë","weekday-2-long":"E martë","weekday-3-long":"E mërkurë","weekday-4-long":"E enjte","weekday-5-long":"E premte","weekday-6-long":"E shtunë","weekday-0-short":"Die","weekday-1-short":"Hën","weekday-2-short":"Mar","weekday-3-short":"Mër","weekday-4-short":"Enj","weekday-5-short":"Pre","weekday-6-short":"Sht","month-0-long":"Janar","month-1-long":"Shkurt","month-2-long":"Mars","month-3-long":"Prill","month-4-long":"Maj","month-5-long":"Qershor","month-6-long":"Korrik","month-7-long":"Gusht","month-8-long":"Shtator","month-9-long":"Tetor","month-10-long":"Nëntor","month-11-long":"Dhjetor","month-0-genitive":"të Janarit","month-1-genitive":"të Shkurtit","month-2-genitive":"të Marsit","month-3-genitive":"të Prillit","month-4-genitive":"të Majit","month-5-genitive":"të Qershorit","month-6-genitive":"të Korrikut","month-7-genitive":"të Gushtit","month-8-genitive":"të Shtatorit","month-9-genitive":"të Tetorit","month-10-genitive":"të Nëntorit","month-11-genitive":"të Dhjetorit","month-0-short":"Jan","month-1-short":"Shk","month-2-short":"Mar","month-3-short":"Pri","month-4-short":"Maj","month-5-short":"Qer","month-6-short":"Kor","month-7-short":"Gus","month-8-short":"Sht","month-9-short":"Tet","month-10-short":"Nën","month-11-short":"Dhj","minutes-ago-long":{"_index":["plural","value"],"_":{"zero":"mu tani","one":"një minutë më parë","two":"{{value}} minuta më parë","few":"{{value}} minuta më parë","many":"{{value}} minuta më parë","other":"{{value}} minuta më parë"}},"hours-ago-long":{"_index":["plural","value"],"_":{"zero":"mu tani","one":"një orë më parë","two":"{{value}} orë më parë","few":"{{value}} orë më parë","many":"{{value}} orë më parë","other":"{{value}} orë më parë"}},"days-ago-long":{"_index":["plural","value"],"_":{"zero":"sot","one":"dje","two":"{{value}} ditë më parë","few":"{{value}} ditë më parë","many":"{{value}} ditë më parë","other":"{{value}} ditë më parë"}},"weeks-ago-long":{"_index":["plural","value"],"_":{"zero":"këtë javë","one":"javën e kaluar","two":"{{value}} javë më parë","few":"{{value}} javë më parë","many":"{{value}} javë më parë","other":"{{value}} javë më parë"}},"months-ago-long":{"_index":["plural","value"],"_":{"zero":"këtë muaj","one":"muajin e kaluar","two":"{{value}} muaj më parë","few":"{{value}} muaj më parë","many":"{{value}} muaj më parë","other":"{{value}} muaj më parë"}},"years-ago-long":{"_index":["plural","value"],"_":{"zero":"këtë vit","one":"vitin e kaluar","two":"{{value}} vite më parë","few":"{{value}} vite më parë","many":"{{value}} vite më parë","other":"{{value}} vite më parë"}},"minutes-until-long":{"_index":["plural","value"],"_":{"zero":"tani","one":"për një minutë","two":"për {{value}} minuta","few":"për {{value}} minuta","many":"për {{value}} minuta","other":"për {{value}} minuta"}},"hours-until-long":{"_index":["plural","value"],"_":{"zero":"tani","one":"për një orë","two":"për {{value}} orë","few":"për {{value}} orë","many":"për {{value}} orë","other":"për {{value}} orë"}},"days-until-long":{"_index":["plural","value"],"_":{"zero":"sot","one":"nesër","two":"për {{value}} ditë","few":"për {{value}} ditë","many":"për {{value}} ditë","other":"për {{value}} ditë"}},"weeks-until-long":{"_index":["plural","value"],"_":{"zero":"këtë javë","one":"javën pasuese","two":"për {{value}} javë","few":"për {{value}} javë","many":"për {{value}} javë","other":"për {{value}} javë"}},"months-until-long":{"_index":["plural","value"],"_":{"zero":"këtë muaj","one":"muajin pasues","two":"për {{value}} muaj","few":"për {{value}} muaj","many":"për {{value}} muaj","other":"për {{value}} muaj"}},"years-until-long":{"_index":["plural","value"],"_":{"zero":"këtë vit","one":"vitin pasues","two":"për {{value}} vjet","few":"për {{value}} vjet","many":"për {{value}} vjet","other":"për {{value}} vjet"}},"minutes-ago-short":{"_index":["plural","value"],"_":{"zero":"mu tani","other":"{{value}}m më parë"}},"hours-ago-short":{"_index":["plural","value"],"_":{"zero":"mu tani","other":"{{value}}h më parë"}},"days-ago-short":{"_index":["plural","value"],"_":{"zero":"sot","other":"{{value}}d më parë"}},"minutes-until-short":{"_index":["plural","value"],"_":{"zero":"tani","other":"për {{value}}m"}},"hours-until-short":{"_index":["plural","value"],"_":{"zero":"tani","other":"për {{value}}h"}},"days-until-short":{"_index":["plural","value"],"_":{"zero":"sot","other":"për {{value}}d"}},"incorrectDate":"(datë e pasaktë)","dateTimeFormat_%c":"%a %e %b %Y %I:%M:%S %p","dateTimeFormat_%x":"%m/%d/%Y","dateTimeFormat_%X":"%I:%M:%S %p","shortTimeFormat":"%I:%M %p","shortDateTimeFormat":"%x %I:%M %p","weekStartsOnMonday":"0","time_am":"AM","time_pm":"PM"}