{"number-selected2":{"_index":["plural","n"],"_":{"zero":"Означи","one":"{{ n }} је означена","two":"{{ n }} су означене","few":"{{ n }} је означено","many":"{{ n }} је означено","other":"{{ n }} је означено"}},"delete-photo?":"Обрисати слику?","delete-video?":"Обрисати видео?","delete-n-items?":{"_index":["plural","n"],"_":{"zero":"Ништа није означено","one":"Обрисати означену ставку?","two":"Обрисати {{ n }} ставке?","few":"Обрисати {{ n }} ставки?","many":"Обрисати {{ n }} ставки?","other":"Обрисати {{ n }} ставки?"}},"pickoneimage2":"Означи","cropimage":"Исеци","cancel":"Откажи","delete":"Обриши","ok":"У реду","edit":"Уреди","save":"Сачувај","done":"Готово","exposure":"Експозиција","crop":"Исеци","effects":"Ефекти","borders":"Оквири","enhance-on":"ауто-побољшање укључено","enhance-off":"ауто-побољшање искључено","original":"Оригинал","blackandwhite":"Црно-бела","sepia":"Sepia","freeform":"Ручно","portrait":"Усправно","landscape":"Положено","square":"Квадрат","emptygallery2-title":"Нема слика или видеа","emptygallery2-text":"Користите апликацију камере да бисте започели.","emptygallery2-title-pick":"Нема слика","nocard3-title":"Нема меморијске картице","nocard4-text":"Уметните меморијску картицу за коришћење ове апликације.","pluggedin2-title":"Меморијска картица је тренутно у употреби","pluggedin2-text":"Откачите прикључак са телефона да бисте користили ову апликацију.","scanning-title":"Скенирање","scanning-text":"Претрага фотографија и видео снимака.","upgrade-title":"Надоградња базе","upgrade-text":"Молим Вас сачекајте док Галерија не ажурира своју базу.","share-noprovider":"Ова врста слике се не може делити.","memorycardfull":"Није могуће уређивати слике: меморијска картица је пуна.","imagetoobig":"Слика је превише велика да би била приказана на овом уређају.","imageinvalid":"Слика није валидна или је неисправна и не може бити приказана.","saved":"{{filename}} је снимљен","overlay-camera-button":"Камера","name-label":"Назив","size-label":"Величина","image-type-label":"Тип слике","date-taken-label":"Датум сликања","resolution-label":"Резолуција","close-button":"Затвори","byteUnit-B":"бајтова","byteUnit-KB":"KB","byteUnit-MB":"MB","byteUnit-GB":"GB","gallery":"Галерија","preview":"Приказ","date-group-header":"%B %Y","weekday-0-long":"Недеља","weekday-1-long":"Понедељак","weekday-2-long":"Уторак","weekday-3-long":"Среда","weekday-4-long":"Четвртак","weekday-5-long":"Петак","weekday-6-long":"Субота","weekday-0-short":"Нед","weekday-1-short":"Пон","weekday-2-short":"Уто","weekday-3-short":"Сре","weekday-4-short":"Чет","weekday-5-short":"Пет","weekday-6-short":"Суб","month-0-long":"јануар","month-1-long":"фебруар","month-2-long":"март","month-3-long":"април","month-4-long":"мај","month-5-long":"јун","month-6-long":"јул","month-7-long":"август","month-8-long":"септембар","month-9-long":"октобар","month-10-long":"новембар","month-11-long":"децембар","month-0-genitive":"јануара","month-1-genitive":"фебруара","month-2-genitive":"марта","month-3-genitive":"априла","month-4-genitive":"маја","month-5-genitive":"јуна","month-6-genitive":"јула","month-7-genitive":"августа","month-8-genitive":"септембра","month-9-genitive":"октобра","month-10-genitive":"новембра","month-11-genitive":"децембра","month-0-short":"јан","month-1-short":"феб","month-2-short":"мар","month-3-short":"апр","month-4-short":"мај","month-5-short":"јун","month-6-short":"јул","month-7-short":"авг","month-8-short":"сеп","month-9-short":"окт","month-10-short":"нов","month-11-short":"дец","minutes-ago-long":{"_index":["plural","value"],"_":{"zero":"управо","one":"пре минут","two":"пре {{value}} минута","few":"пре {{value}} минута","many":"пре {{value}} минута","other":"пре {{value}} минута"}},"hours-ago-long":{"_index":["plural","value"],"_":{"zero":"управо","one":"пре сат времена","two":"пре {{value}} сата","few":"пре {{value}} сати","many":"пре {{value}} сати","other":"пре {{value}} сати"}},"days-ago-long":{"_index":["plural","value"],"_":{"zero":"данас","one":"јуче","two":"пре {{value}} дана","few":"пре {{value}} дана","many":"пре {{value}} дана","other":"пре {{value}} дана"}},"weeks-ago-long":{"_index":["plural","value"],"_":{"zero":"ове недеље","one":"прошле недеље","two":"пре {{value}} недеље","few":"пре {{value}} недеља","many":"пре {{value}} недеља","other":"пре {{value}} недеља"}},"months-ago-long":{"_index":["plural","value"],"_":{"zero":"овог месеца","one":"прошлог месеца","two":"пре {{value}} месеца","few":"пре {{value}} месеци","many":"пре {{value}} месеци","other":"пре {{value}} месеци"}},"years-ago-long":{"_index":["plural","value"],"_":{"zero":"ове године","one":"прошле године","two":"пре {{value}} године","few":"пре {{value}} година","many":"пре {{value}} година","other":"пре {{value}} година"}},"minutes-until-long":{"_index":["plural","value"],"_":{"zero":"управо","one":"за један минут","two":"за {{value}} минута","few":"за {{value}} минута","many":"за {{value}} минута","other":"за {{value}} минута"}},"hours-until-long":{"_index":["plural","value"],"_":{"zero":"управо","one":"за сат времена","two":"за {{value}} сата","few":"за {{value}} сати","many":"за {{value}} сати","other":"за {{value}} сати"}},"days-until-long":{"_index":["plural","value"],"_":{"zero":"данас","one":"сутра","two":"за {{value}} дана","few":"за {{value}} дана","many":"за {{value}} дана","other":"за {{value}} дана"}},"weeks-until-long":{"_index":["plural","value"],"_":{"zero":"ове недеље","one":"следеће недеље","two":"за {{value}} недеље","few":"за {{value}} недеља","many":"за {{value}} недеља","other":"за {{value}} недеља"}},"months-until-long":{"_index":["plural","value"],"_":{"zero":"овог месеца","one":"следећег месеца","two":"за {{value}} месеца","few":"за {{value}} месеци","many":"за {{value}} месеци","other":"за {{value}} месеци"}},"years-until-long":{"_index":["plural","value"],"_":{"zero":"ове године","one":"следеће године","two":"за {{value}} године","few":"за {{value}} година","many":"за {{value}} година","other":"за {{value}} година"}},"minutes-ago-short":{"_index":["plural","value"],"_":{"zero":"управо","other":"пре {{value}}м"}},"hours-ago-short":{"_index":["plural","value"],"_":{"zero":"управо","other":"пре {{value}}с"}},"days-ago-short":{"_index":["plural","value"],"_":{"zero":"данас","other":"пре {{value}}д"}},"minutes-until-short":{"_index":["plural","value"],"_":{"zero":"управо","other":"за {{value}}м"}},"hours-until-short":{"_index":["plural","value"],"_":{"zero":"управо","other":"за {{value}}с"}},"days-until-short":{"_index":["plural","value"],"_":{"zero":"данас","other":"за {{value}}д"}},"incorrectDate":"(нетачан датум)","dateTimeFormat_%c":"%a %e %b %Y %H:%M:%S","dateTimeFormat_%x":"%d.%m.%Y","dateTimeFormat_%X":"%H:%M:%S","shortTimeFormat":"%H:%M","shortDateTimeFormat":"%x %H:%M","weekStartsOnMonday":"1","time_am":"AM","time_pm":"PM"}