{"number-selected2":{"_index":["plural","n"],"_":{"zero":"Markera","one":"{{ n }} markerad","two":"{{ n }} markerade","few":"{{ n }} markerade","many":"{{ n }} markerade","other":"{{ n }} markerade"}},"delete-photo?":"Ta bort bild?","delete-video?":"Ta bort video?","delete-n-items?":{"_index":["plural","n"],"_":{"zero":"Inget markerat","one":"Ta bort markerat objekt?","two":"Ta bort {{ n }} objekt?","few":"Ta bort {{ n }} objekt?","many":"Ta bort {{ n }} objekt?","other":"Ta bort {{ n }} objekt?"}},"pickoneimage2":"Välj","cropimage":"Beskär","cancel":"Avbryt","delete":"Ta bort","ok":"OK","edit":"Redigera","save":"Spara","done":"Klar","exposure":"Exponering","crop":"Beskär","effects":"Effekter","borders":"Kanter","enhance-on":"Auto-förbättra på","enhance-off":"Auto-förbättra av","original":"Original","blackandwhite":"Svartvit","sepia":"Sepia","freeform":"Frihand","portrait":"Stående","landscape":"Liggande","square":"Fyrkant","emptygallery2-title":"Inga bilder eller videor","emptygallery2-text":"Använd kamera-appen för att komma igång","emptygallery2-title-pick":"Inga bilder","nocard3-title":"Inget minneskort","nocard4-text":"Sätt in ett minneskort för att använda denna app.","pluggedin2-title":"Minneskort används","pluggedin2-text":"Koppla ut telefonen för att använda appen.","scanning-title":"Skannar","scanning-text":"Söker efter foton och videor.","upgrade-title":"Databasuppgradering","upgrade-text":"Vänta medan Galleri uppdaterar sin databas.","share-noprovider":"Kan inte dela ","memorycardfull":"Kan inte redigera bilder: Minneskortet är fullt.","imagetoobig":"Bilden är för stor för att visas på enheten.","imageinvalid":"Bilden är ogiltig eller skadad och kan inte visas.","saved":"{{filename}} sparad till Galleri","overlay-camera-button":"Gå till Kamera","name-label":"Namn","size-label":"Storlek","image-type-label":"Bildtyp","date-taken-label":"Datum taget","resolution-label":"Upplösning","close-button":"Stäng","byteUnit-B":"byte","byteUnit-KB":"kB","byteUnit-MB":"MB","byteUnit-GB":"GB","gallery":"Galleri","preview":"Förhandsgranska","date-group-header":"%B %Y","weekday-0-long":"Söndag","weekday-1-long":"Måndag","weekday-2-long":"Tisdag","weekday-3-long":"Onsdag","weekday-4-long":"Torsdag","weekday-5-long":"Fredag","weekday-6-long":"Lördag","weekday-0-short":"Sön","weekday-1-short":"Mån","weekday-2-short":"Tis","weekday-3-short":"Ons","weekday-4-short":"Tor","weekday-5-short":"Fre","weekday-6-short":"Lör","month-0-long":"Januari","month-1-long":"Februari","month-2-long":"Mars","month-3-long":"April","month-4-long":"Maj","month-5-long":"Juni","month-6-long":"Juli","month-7-long":"Augusti","month-8-long":"September","month-9-long":"Oktober","month-10-long":"November","month-11-long":"December","month-0-genitive":"Januari","month-1-genitive":"Februari","month-2-genitive":"Mars","month-3-genitive":"April","month-4-genitive":"Maj","month-5-genitive":"Juni","month-6-genitive":"Juli","month-7-genitive":"Augusti","month-8-genitive":"September","month-9-genitive":"Oktober","month-10-genitive":"November","month-11-genitive":"December","month-0-short":"Jan","month-1-short":"Feb","month-2-short":"Mar","month-3-short":"Apr","month-4-short":"Maj","month-5-short":"Jun","month-6-short":"Jul","month-7-short":"Aug","month-8-short":"Sep","month-9-short":"Okt","month-10-short":"Nov","month-11-short":"Dec","minutes-ago-long":{"_index":["plural","value"],"_":{"zero":"nyss","one":"en minut sen","two":"{{value}} minuter sen","few":"{{value}} minuter sen","many":"{{value}} minuter sen","other":"{{value}} minuter sen"}},"hours-ago-long":{"_index":["plural","value"],"_":{"zero":"nyss","one":"en timme sen","two":"{{value}} timmar sen","few":"{{value}} timmar sen","many":"{{value}} timmar sen","other":"{{value}} timmar sen"}},"days-ago-long":{"_index":["plural","value"],"_":{"zero":"idag","one":"igår","two":"{{value}} dagar sen","few":"{{value}} dagar sen","many":"{{value}} dagar sen","other":"{{value}} dagar sen"}},"weeks-ago-long":{"_index":["plural","value"],"_":{"zero":"denna vecka","one":"förra veckan","two":"{{value}} veckor sen","few":"{{value}} veckor sen","many":"{{value}} veckor sen","other":"{{value}} veckor sen"}},"months-ago-long":{"_index":["plural","value"],"_":{"zero":"denna månad","one":"förra månaden","two":"{{value}} månader sen","few":"{{value}} månader sen","many":"{{value}} månader sen","other":"{{value}} månader sen"}},"years-ago-long":{"_index":["plural","value"],"_":{"zero":"detta år","one":"förra året","two":"{{value}} år sen","few":"{{value}} år sen","many":"{{value}} år sen","other":"{{value}} år sen"}},"minutes-until-long":{"_index":["plural","value"],"_":{"zero":"nu","one":"om en minut","two":"om {{value}} minuter","few":"om {{value}} minuter","many":"om {{value}} minuter","other":"om {{value}} minuter"}},"hours-until-long":{"_index":["plural","value"],"_":{"zero":"nu","one":"om en timme","two":"om {{value}} timmar","few":"om {{value}} timmar","many":"om {{value}} timmar","other":"om {{value}} timmar"}},"days-until-long":{"_index":["plural","value"],"_":{"zero":"idag","one":"imorgon","two":"om {{value}} dagar","few":"om {{value}} dagar","many":"om {{value}} dagar","other":"om {{value}} dagar"}},"weeks-until-long":{"_index":["plural","value"],"_":{"zero":"denna vecka","one":"nästa vecka","two":"om {{value}} veckor","few":"om {{value}} veckor","many":"om {{value}} veckor","other":"om {{value}} veckor"}},"months-until-long":{"_index":["plural","value"],"_":{"zero":"denna månad","one":"nästa månad","two":"om {{value}} månader","few":"om {{value}} månader","many":"om {{value}} månader","other":"om {{value}} månader"}},"years-until-long":{"_index":["plural","value"],"_":{"zero":"detta år","one":"nästa år","two":"om {{value}} år","few":"om {{value}} år","many":"om {{value}} år","other":"om {{value}} år"}},"minutes-ago-short":{"_index":["plural","value"],"_":{"zero":"nyss","other":"{{value}}min sen"}},"hours-ago-short":{"_index":["plural","value"],"_":{"zero":"nyss","other":"{{value}}tim. sen"}},"days-ago-short":{"_index":["plural","value"],"_":{"zero":"idag","other":"{{value}}dygn sen"}},"minutes-until-short":{"_index":["plural","value"],"_":{"zero":"nu","other":"om {{value}}min"}},"hours-until-short":{"_index":["plural","value"],"_":{"zero":"nu","other":"om {{value}}tim."}},"days-until-short":{"_index":["plural","value"],"_":{"zero":"idag","other":"om {{value}}dygn"}},"incorrectDate":"(felaktigt datum)","dateTimeFormat_%c":"%a %e %b %Y %H:%M:%S","dateTimeFormat_%x":"%d/%m/%Y","dateTimeFormat_%X":"%H:%M:%S","shortTimeFormat":"%H:%M","shortDateTimeFormat":"%x %H:%M","weekStartsOnMonday":"1","time_am":"AM","time_pm":"PM"}