{"number-selected2":{"_index":["plural","n"],"_":{"zero":"Seç","one":"{{ n }} seçildi","two":"{{ n }} seçildi","few":"{{ n }} seçildi","many":"{{ n }} seçildi","other":"{{ n }} seçildi"}},"delete-photo?":"Fotoğraf silinsin mi?","delete-video?":"Video silinsin mi?","delete-n-items?":{"_index":["plural","n"],"_":{"zero":"Hiçbir şey seçilmedi","one":"Seçili öge silinsin mi?","two":"{{ n }} öge silinsin mi?","few":"{{ n }} öge silinsin mi?","many":"{{ n }} öge silinsin mi?","other":"{{ n }} öge silinsin mi?"}},"pickoneimage2":"Seç","cropimage":"Kırp","cancel":"İptal","delete":"Sil","ok":"Tamam","edit":"Düzenle","save":"Kaydet","done":"Bitti","exposure":"Pozlama","crop":"Kırp","effects":"Efektler","borders":"Kenarlıklar","enhance-on":"Otomatik düzeltme açık","enhance-off":"Otomatik düzeltme kapalı","original":"Orijinal","blackandwhite":"Siyah-Beyaz","sepia":"Sepya","freeform":"Serbest form","portrait":"Dikey","landscape":"Yatay","square":"Kare","emptygallery2-title":"Fotoğraf veya video yok","emptygallery2-text":"Başlamak için Kamera uygulamasını kullanın.","emptygallery2-title-pick":"Fotoğraf yok","nocard3-title":"Bellek kartı yok","nocard4-text":"Bu uygulamayı kullanmak için bir bellek kartı takın.","pluggedin2-title":"Bellek kartı kullanımda","pluggedin2-text":"Bu uygulamayı kullanmak için telefonun fişini çekin.","scanning-title":"Taranıyor","scanning-text":"Fotoğraf ve videolar aranıyor.","upgrade-title":"Veritabanı Yükseltme","upgrade-text":"Galeri veritabanı yükseltilirken lütfen bekleyin.","share-noprovider":"Bu resim dosyası türü paylaşılamıyor.","memorycardfull":"Fotoğraflar düzenlenemiyor: Bellek kartı dolu.","imagetoobig":"Resim bu aygıtta görüntülemek için çok büyük.","imageinvalid":"Resim geçersiz veya bozuk ve görüntülenemez.","saved":"{{filename}} Galeri'ye kaydedildi","overlay-camera-button":"Kamera'ya git","name-label":"Ad","size-label":"Boyut","image-type-label":"Resim türü","date-taken-label":"Çekildiği tarih","resolution-label":"Çözünürlük","close-button":"Kapat","byteUnit-B":"Bayt","byteUnit-KB":"KB","byteUnit-MB":"MB","byteUnit-GB":"GB","gallery":"Galeri","preview":"Ön izleme","date-group-header":"%B %Y","weekday-0-long":"Pazar","weekday-1-long":"Pazartesi","weekday-2-long":"Salı","weekday-3-long":"Çarşamba","weekday-4-long":"Perşembe","weekday-5-long":"Cuma","weekday-6-long":"Cumartesi","weekday-0-short":"Pzr","weekday-1-short":"Pzt","weekday-2-short":"Sal","weekday-3-short":"Çar","weekday-4-short":"Per","weekday-5-short":"Cum","weekday-6-short":"Cmt","month-0-long":"Ocak","month-1-long":"Şubat","month-2-long":"Mart","month-3-long":"Nisan","month-4-long":"Mayıs","month-5-long":"Haziran","month-6-long":"Temmuz","month-7-long":"Ağustos","month-8-long":"Eylül","month-9-long":"Ekim","month-10-long":"Kasım","month-11-long":"Aralık","month-0-genitive":"Ocak","month-1-genitive":"Şubat","month-2-genitive":"Mart","month-3-genitive":"Nisan","month-4-genitive":"Mayıs","month-5-genitive":"Haziran","month-6-genitive":"Temmuz","month-7-genitive":"Ağustos","month-8-genitive":"Eylül","month-9-genitive":"Ekim","month-10-genitive":"Kasım","month-11-genitive":"Aralık","month-0-short":"Oca","month-1-short":"Şub","month-2-short":"Mar","month-3-short":"Nis","month-4-short":"May","month-5-short":"Haz","month-6-short":"Tem","month-7-short":"Ağu","month-8-short":"Eyl","month-9-short":"Eki","month-10-short":"Kas","month-11-short":"Ara","minutes-ago-long":{"_index":["plural","value"],"_":{"zero":"biraz önce","one":"bir dakika önce","two":"{{value}} dakika önce","few":"{{value}} dakika önce","many":"{{value}} dakika önce","other":"{{value}} dakika önce"}},"hours-ago-long":{"_index":["plural","value"],"_":{"zero":"biraz önce","one":"bir saat önce","two":"{{value}} saat önce","few":"{{value}} saat önce","many":"{{value}} saat önce","other":"{{value}} saat önce"}},"days-ago-long":{"_index":["plural","value"],"_":{"zero":"bugün","one":"dün","two":"{{value}} gün önce","few":"{{value}} gün önce","many":"{{value}} gün önce","other":"{{value}} gün önce"}},"weeks-ago-long":{"_index":["plural","value"],"_":{"zero":"bu hafta","one":"geçen hafta","two":"{{value}} hafta önce","few":"{{value}} hafta önce","many":"{{value}} hafta önce","other":"{{value}} hafta önce"}},"months-ago-long":{"_index":["plural","value"],"_":{"zero":"bu ay","one":"geçen ay","two":"{{value}} ay önce","few":"{{value}} ay önce","many":"{{value}} ay önce","other":"{{value}} ay önce"}},"years-ago-long":{"_index":["plural","value"],"_":{"zero":"bu yıl","one":"geçen yıl","two":"{{value}} yıl önce","few":"{{value}} yıl önce","many":"{{value}} yıl önce","other":"{{value}} yıl önce"}},"minutes-until-long":{"_index":["plural","value"],"_":{"zero":"şimdi","one":"bir dakika önce","two":"{{value}} dakika içinde","few":"{{value}} dakika içinde","many":"{{value}} dakika içinde","other":"{{value}} dakika içinde"}},"hours-until-long":{"_index":["plural","value"],"_":{"zero":"şimdi","one":"bir saat içinde","two":"{{value}} saat içinde","few":"{{value}} saat içinde","many":"{{value}} saat içinde","other":"{{value}} saat içinde"}},"days-until-long":{"_index":["plural","value"],"_":{"zero":"bugün","one":"dün","two":"{{value}} gün içinde","few":"{{value}} gün içinde","many":"{{value}} gün içinde","other":"{{value}} gün içinde"}},"weeks-until-long":{"_index":["plural","value"],"_":{"zero":"bu hafta","one":"gelecek hafta","two":"{{value}} hafta içinde","few":"{{value}} hafta içinde","many":"{{value}} hafta içinde","other":"{{value}} hafta içinde"}},"months-until-long":{"_index":["plural","value"],"_":{"zero":"bu ay","one":"gelecek ay","two":"{{value}} ay içinde","few":"{{value}} ay içinde","many":"{{value}} ay içinde","other":"{{value}} ay içinde"}},"years-until-long":{"_index":["plural","value"],"_":{"zero":"bu yıl","one":"gelecek yıl","two":"{{value}} yıl içinde","few":"{{value}} yıl içinde","many":"{{value}} yıl içinde","other":"{{value}} yıl içinde"}},"minutes-ago-short":{"_index":["plural","value"],"_":{"zero":"biraz önce","other":"{{value}} dk önce"}},"hours-ago-short":{"_index":["plural","value"],"_":{"zero":"biraz önce","other":"{{value}} saat önce"}},"days-ago-short":{"_index":["plural","value"],"_":{"zero":"bugün","other":"{{value}} gün önce"}},"minutes-until-short":{"_index":["plural","value"],"_":{"zero":"şimdi","other":"{{value}} dk içinde"}},"hours-until-short":{"_index":["plural","value"],"_":{"zero":"şimdi","other":"{{value}} saat içinde"}},"days-until-short":{"_index":["plural","value"],"_":{"zero":"bugün","other":"{{value}} gün içinde"}},"incorrectDate":"(geçersiz tarih)","dateTimeFormat_%c":"%e %b %Y %a %H:%M:%S","dateTimeFormat_%x":"%d/%m/%Y","dateTimeFormat_%X":"%H:%M:%S","shortTimeFormat":"%H:%M","shortDateTimeFormat":"%x %H:%M","weekStartsOnMonday":"1","time_am":"ÖÖ","time_pm":"ÖS"}