{"number-selected2":{"_index":["plural","n"],"_":{"zero":"选择","one":"已选择 {{ n }} 张","two":"已选择 {{ n }} 张","few":"已选择 {{ n }} 张","many":"已选择 {{ n }} 张","other":"已选择 {{ n }} 张"}},"delete-photo?":"要删除照片吗？","delete-video?":"要删除视频吗？","delete-n-items?":{"_index":["plural","n"],"_":{"zero":"未选择","one":"要删除所选的项目吗？","two":"要删除所选的  {{ n }} 个项目吗？","few":"要删除所选的  {{ n }} 个项目吗？","many":"要删除所选的  {{ n }} 个项目吗？","other":"要删除所选的  {{ n }} 个项目吗？"}},"pickoneimage2":"选择","cropimage":"修剪","cancel":"取消","delete":"删除","ok":"确定","edit":"编辑","save":"保存","done":"完成","exposure":"曝光度","crop":"修剪","effects":"特效","borders":"边框","enhance-on":"自动增强开","enhance-off":"自动增强关","original":"原始","blackandwhite":"黑白","sepia":"棕褐","freeform":"自由变形","portrait":"纵向","landscape":"横向","square":"正方形","emptygallery2-title":"没有照片或视频","emptygallery2-text":"使用“相机”应用拍摄以便开始使用。","emptygallery2-title-pick":"没有照片","nocard3-title":"没有存储卡","nocard4-text":"插入存储卡以使用这个应用。","pluggedin2-title":"存储卡正在使用","pluggedin2-text":"拔出手机以便使用这个应用。","scanning-title":"扫描中","scanning-text":"正在查询相片和视频。","upgrade-title":"数据库升级","upgrade-text":"相册数据库正在更新，请稍等。","share-noprovider":"无法分享此照片文件格式。","memorycardfull":"无法编辑照片：存储卡已满。","imagetoobig":"图像太大，无法显示在此设备上。","imageinvalid":"图像无效或损坏，无法显示。","saved":"{{filename}} 已保存到相册","overlay-camera-button":"前往相机","name-label":"类别","size-label":"大小","image-type-label":"图像类型","date-taken-label":"拍摄日期","resolution-label":"分辨率","close-button":"关闭","byteUnit-B":"字节","byteUnit-KB":"kB","byteUnit-MB":"MB","byteUnit-GB":"GB","gallery":"相册","preview":"预览","date-group-header":"%Y年%m月","weekday-0-long":"星期日","weekday-1-long":"星期一","weekday-2-long":"星期二","weekday-3-long":"星期三","weekday-4-long":"星期四","weekday-5-long":"星期五","weekday-6-long":"星期六","weekday-0-short":"周日","weekday-1-short":"周一","weekday-2-short":"周二","weekday-3-short":"周三","weekday-4-short":"周四","weekday-5-short":"周五","weekday-6-short":"周六","month-0-long":"1 月","month-1-long":"2 月","month-2-long":"3 月","month-3-long":"4 月","month-4-long":"5 月","month-5-long":"6 月","month-6-long":"7 月","month-7-long":"8 月","month-8-long":"9 月","month-9-long":"10 月","month-10-long":"11 月","month-11-long":"12 月","month-0-genitive":"一月","month-1-genitive":"二月","month-2-genitive":"三月","month-3-genitive":"四月","month-4-genitive":"五月","month-5-genitive":"六月","month-6-genitive":"七月","month-7-genitive":"八月","month-8-genitive":"九月","month-9-genitive":"十月","month-10-genitive":"十一月","month-11-genitive":"十二月","month-0-short":"1 月","month-1-short":"2 月","month-2-short":"3 月","month-3-short":"4 月","month-4-short":"5 月","month-5-short":"6 月","month-6-short":"7 月","month-7-short":"8 月","month-8-short":"9 月","month-9-short":"10 月","month-10-short":"11 月","month-11-short":"12 月","minutes-ago-long":{"_index":["plural","value"],"_":{"zero":"刚才","one":"1 分钟前","two":"{{ value }} 分钟前","few":"{{ value }} 分钟前","many":"{{ value }} 分钟前","other":"{{ value }} 分钟前"}},"hours-ago-long":{"_index":["plural","value"],"_":{"zero":"刚才","one":"1 小时前","two":"{{ value }} 小时前","few":"{{ value }} 小时前","many":"{{ value }} 小时前","other":"{{ value }} 小时前"}},"days-ago-long":{"_index":["plural","value"],"_":{"zero":"今天","one":"昨天","two":"{{value}} 天前","few":"{{value}} 天前","many":"{{value}} 天前","other":"{{value}} 天前"}},"weeks-ago-long":{"_index":["plural","value"],"_":{"zero":"本周","one":"上周","two":"{{value}} 周前","few":"{{value}} 周前","many":"{{value}} 周前","other":"{{value}} 周前"}},"months-ago-long":{"_index":["plural","value"],"_":{"zero":"本月","one":"上月","two":"{{value}} 个月前","few":"{{value}} 个月前","many":"{{value}} 个月前","other":"{{value}} 个月前"}},"years-ago-long":{"_index":["plural","value"],"_":{"zero":"今年","one":"去年","two":"{{value}} 年前","few":"{{value}} 年前","many":"{{value}} 年前","other":"{{value}} 年前"}},"minutes-until-long":{"_index":["plural","value"],"_":{"zero":"现在","one":"1 分钟内","two":"剩{{value}}分钟","few":"剩{{value}}分钟","many":"剩{{value}}分钟","other":"剩{{value}}分钟"}},"hours-until-long":{"_index":["plural","value"],"_":{"zero":"现在","one":"1 小时内","two":"剩{{value}}小时","few":"剩{{value}}小时","many":"剩{{value}}小时","other":"剩{{value}}小时"}},"days-until-long":{"_index":["plural","value"],"_":{"zero":"今天","one":"明天","two":"剩{{value}}天","few":"剩{{value}}天","many":"剩{{value}}天","other":"剩{{value}}天"}},"weeks-until-long":{"_index":["plural","value"],"_":{"zero":"本周","one":"下周","two":"剩{{value}}周","few":"剩{{value}}周","many":"剩{{value}}周","other":"剩{{value}}周"}},"months-until-long":{"_index":["plural","value"],"_":{"zero":"本月","one":"下月","two":"剩{{value}}个月","few":"剩{{value}}个月","many":"剩{{value}}个月","other":"剩{{value}}个月"}},"years-until-long":{"_index":["plural","value"],"_":{"zero":"今年","one":"明年","two":"剩{{value}}年","few":"剩{{value}}年","many":"剩{{value}}年","other":"剩{{value}}年"}},"minutes-ago-short":{"_index":["plural","value"],"_":{"zero":"刚才","other":"{{value}} 分钟前"}},"hours-ago-short":{"_index":["plural","value"],"_":{"zero":"刚才","other":"{{value}}小时前"}},"days-ago-short":{"_index":["plural","value"],"_":{"zero":"今天","other":"{{value}} 天前"}},"minutes-until-short":{"_index":["plural","value"],"_":{"zero":"现在","other":"剩{{value}}分钟"}},"hours-until-short":{"_index":["plural","value"],"_":{"zero":"现在","other":"剩{{value}}小时"}},"days-until-short":{"_index":["plural","value"],"_":{"zero":"今天","other":"剩{{value}}天"}},"incorrectDate":"（日期不正确）","dateTimeFormat_%c":"%Y 年 %b %e 日 %a %H:%M:%S","dateTimeFormat_%x":"%Y/%m/%d","dateTimeFormat_%X":"%H:%M:%S","shortTimeFormat":"%H:%M","shortDateTimeFormat":"%x %H:%M","weekStartsOnMonday":"0","time_am":"上午","time_pm":"下午"}