{"Showbiz":"Шоубизнес","Social":"Социални","Games":"Игри","Music":"Музика","wrapper-search-name":"{{topic}} на {{name}}","contextmenu-add-wallpaper":"Смяна на тапет","contextmenu-add-smart-collections":"Добавяне на умни колекции","delete-title":"Изтриване на {{name}}","delete-body":"{{name}} и данните му ще бъдат изтрити.","delete":"Изтриване","cancel":"Отказ","remove-title-2":"Премахване {{name}}","remove-body":"Премахване на {{name}} от началния екран?","remove":"Премахване","longDateFormat":"%A, %e %B","download":"Изтегляне","restart-download-title":"Рестартиране на изтеглянето","restart-download-body":"Искате ли да изтеглите {{name}}?","loadingEvme2":"Зареждане…","evme-searchbar-default":{"_":"Всичко…","placeholder":"Мисля за…"},"evme-searchbar-default2":{"_":"Мисля за…","placeholder":"Мисля за…"},"evme-searchbar-clear":"Връщане","evme-searchbar-title":"Всичко","evme-helper-default":"Въведете каквато и да е тема или заявка за търсене","evme-helper-default2":"Въведете каквато и да е тема или ключова дума","evme-helper-dismiss":"Прекратяване","evme-helper-no-refine":"Няма намерени опции","evme-helper-history-title":"История:","evme-helper-history-link":"История","evme-helper-history-clear":"Изчистване на историята","evme-helper-didyoumean-title":"Може би имахте предвид:","evme-helper-refine-title":"Може би имахте предвид:","evme-helper-title-prefix":"Всичко","evme-helper-title-empty":"Всичко","evme-apps-market-download":"Сваляне","evme-apps-market-more-apps":"Още приложения","evme-apps-loading-app":"Зареждане…","evme-appsmore-loading":"Зареждане…","evme-alert-app-install-confirm":"Добавяне на {{name}} на началния екран?","evme-alert-app-install-exists":"{{name}} е вече на началния екран","evme-alert-offline-smart-collections-more":"Свържете се с интернет, за да добавите още Умни колекции","evme-alert-save-wallpaper":"Поставяне като фон?","evme-alert-no-more-smart-collections":"Липсват Умни колекции за добавяне","evme-banner-app-install-success":"{{name}} е добавено на началния екран","evme-banner-save-wallpaper":"Фонът е поставен успешно","evme-shortcuts-more":"Повече","evme-collectionssuggest-loading":"Зареждане…","evme-collectionssuggest-loading-cancel":"Отказ","evme-collectionssuggest-prompt-create-custom":"Създайте своя Умна колекция","evme-backgroundimage-source-label":"Източник:","evme-collection-title-prefix":"Всичко","evme-collection-title-suffix":"Телефон","evme-collection-loading-more":"Зареждане…","evme-connectionmessage-apps":"Свържете се с интернет, за да свалите приложения за {{query}}","evme-connectionmessage-apps-has-installed":"Свържете се с интернет, за да свалите дори повече приложения за {{query}}","evme-tips-app-explain":{"innerHTML":"Намерете любимите си неща, с най-готините приложения."},"evme-tips-searchbar-focus":{"innerHTML":"Например - намерете любимия си изпълнител или група…"},"evme-tips-exact-results":{"innerHTML":"Това са приложенията за <b>{{query}}</b>,<br /><br /> натиснете върху която и да е икона, за да я отворите."},"evme-shortcut-custom":"Персонализирана...","evme-shortcut-id-astrology":"Астрология","evme-shortcut-id-autos":"Автомобили","evme-shortcut-id-beauty":"Красота","evme-shortcut-id-books":"Книги","evme-shortcut-id-celebs":"Знаменитости","evme-shortcut-id-daily-deals":"Дневни оферти","evme-shortcut-id-dating":"Запознанства","evme-shortcut-id-electronics":"Електроника","evme-shortcut-id-email":"Ел. поща","evme-shortcut-id-entertainment":"Забавление","evme-shortcut-id-environment":"Околна среда","evme-shortcut-id-fashion":"Мода","evme-shortcut-id-funny":"Забавно","evme-shortcut-id-games":"Игри","evme-shortcut-id-government":"Правителство","evme-shortcut-id-health":"Здраве","evme-shortcut-id-jobs":"Работа","evme-shortcut-id-local":"Местни","evme-shortcut-id-maps":"Карти","evme-shortcut-id-movies":"Филми","evme-shortcut-id-music":"Музика","evme-shortcut-id-new-apps":"Нови приложения","evme-shortcut-id-news":"Новини","evme-shortcut-id-photography":"Фотография","evme-shortcut-id-recipes":"Рецепти","evme-shortcut-id-restaurants":"Ресторанти","evme-shortcut-id-shopping":"Пазаруване","evme-shortcut-id-social":"Социално","evme-shortcut-id-sports":"Спортове","evme-shortcut-id-tech-news":"Технически новини","evme-shortcut-id-top-apps":"Най-добри приложения","evme-shortcut-id-travel":"Пътуване","evme-shortcut-id-tv":"Телевизия","evme-shortcut-id-video":"Видео","evme-shortcut-id-utilities":"Инструменти","evme-shortcut-id-weather":"Времето","evme-add-to-top-of-collection":"Add to top of collection","evme-save-to-homescreen":"Save to Homescreen","edit-dialog-header":"Edit","edit-dialog-name":"Website name","edit-dialog-url":"Address","edit-dialog-cancel":"Cancel","edit-dialog-done":"Done"}