{"Showbiz":"শোবিজ","Social":"সামাজিক","Games":"গেমস","Music":"গান","wrapper-search-name":"{{topic}}, {{name}}","contextmenu-add-wallpaper":"ওয়ালপেপার পরিবর্তন","contextmenu-add-smart-collections":"স্মার্ট সংগ্রহ হিসেবে যোগ করুন","delete-title":"{{name}} অপসারণ","delete-body":"{{name}} ও এর সব তথ্য অপসারিত হবে।","delete":"অপসারণ","cancel":"বাতিল","remove-title-2":"{{name}} অপসারন","remove-body":"{{name}} মূল স্ক্রিন থেকে অপসারণ করবেন?","remove":"অপসারন","longDateFormat":"%A, %B %e","download":"ডাউনলোড","restart-download-title":"পুনরায় ডাউনলোড শুরু করুন","restart-download-body":"আপনি কি {{name}} ডাউনলোড করবেন?","loadingEvme2":"লোড করা হচ্ছে...","evme-searchbar-default":"সবকিছু...","evme-searchbar-default2":{"_":"I’m thinking of…","placeholder":"I’m thinking of…"},"evme-searchbar-clear":"পূর্ববর্তী","evme-searchbar-title":"সবকিছু","evme-helper-default":"যেকোন বিষয় বা অনুসন্ধান এর শব্দ দিন","evme-helper-default2":"যেকোনো বিষয় বা শব্দ দিন","evme-helper-dismiss":"বাতিল","evme-helper-no-refine":"কোনো বিষয় পাওয়া যায়নি","evme-helper-history-title":"ইতিহাস:","evme-helper-history-link":"ইতিহাস","evme-helper-history-clear":"ইতিহাস পরিষ্কার কর","evme-helper-didyoumean-title":"আপনি কি বোঝাতে চাচ্ছেন:","evme-helper-refine-title":"আপনি কি বোঝাতে চাচ্ছেন:","evme-helper-title-prefix":"সবকিছু","evme-helper-title-empty":"সবকিছু","evme-apps-market-download":"ডাউনলোড","evme-apps-market-more-apps":"আরো এপ","evme-apps-loading-app":"লোড করা হচ্ছে...","evme-appsmore-loading":"লোড করা হচ্ছে...","evme-alert-app-install-confirm":"মূল স্ক্রিনে {{name}} যোগ করবেন?","evme-alert-app-install-exists":"{{name}} নামটি ইতিমধ্যে মূল স্ক্রিনে আছে","evme-alert-offline-smart-collections-more":"আরো স্মার্ট সংগ্রহ যোগ করতে ইন্টারনেটে সংযুক্ত হোন","evme-alert-save-wallpaper":"ওয়ালপেপার হিসেবে নির্ধারণ করবেন?","evme-alert-no-more-smart-collections":"যোগ করার জন্য কোনো স্মার্ট সংগ্রহ নেই","evme-banner-app-install-success":"{{name}} মূল স্ক্রিনে যুক্ত","evme-banner-save-wallpaper":"ওয়ালপেপার নির্ধারণ সফল হয়েছে","evme-shortcuts-more":"আরো","evme-collectionssuggest-loading":"লোড করা হচ্ছে…","evme-collectionssuggest-loading-cancel":"বাতিল","evme-collectionssuggest-prompt-create-custom":"আপনার নিজস্ব স্মার্ট সংগ্রহ তৈরি করুন","evme-backgroundimage-source-label":"উৎস:","evme-collection-title-prefix":"সবকিছু","evme-collection-title-suffix":"ফোন","evme-collection-loading-more":"লোড করা হচ্ছে…","evme-connectionmessage-apps":"{{query}} এর এপ পেতে ইন্টারনেটে যুক্ত হন","evme-connectionmessage-apps-has-installed":"{{query}} এর আরো এপ পেতে ইন্টারনেটে যুক্ত হন","evme-tips-app-explain":{"innerHTML":"এপগুলো সব বিষয় যা আপনার প্রিয় সেগুলো দেখুন।"},"evme-tips-searchbar-focus":{"innerHTML":"উদাহরন স্বরুপ, আপনার প্রিয় গায়ক বা ব্যন্ড খুজুন..."},"evme-tips-exact-results":{"innerHTML":"<b>{{query}}</b>,<br /><br /> এর জন্য এপ হচ্ছে এগুলো, ওপেন করতে যেকোনটি ট্যাপ করুন।"},"evme-shortcut-custom":"Custom…","evme-shortcut-id-astrology":"জ্যোতিষশাস্ত্র","evme-shortcut-id-autos":"গাড়ি","evme-shortcut-id-beauty":"সৌন্দর্য্য","evme-shortcut-id-books":"বই","evme-shortcut-id-celebs":"সেলিব্রেটি","evme-shortcut-id-daily-deals":"প্রতিদিনের সবকিছু","evme-shortcut-id-dating":"ডেটিং","evme-shortcut-id-electronics":"ইলেকট্রনিক সামগ্রী","evme-shortcut-id-email":"ই-মেইল","evme-shortcut-id-entertainment":"বিনোদন","evme-shortcut-id-environment":"পরিবেশ","evme-shortcut-id-fashion":"ফ্যাশন","evme-shortcut-id-funny":"মজার","evme-shortcut-id-games":"খেলা","evme-shortcut-id-government":"সরকার","evme-shortcut-id-health":"স্বাস্থ্য","evme-shortcut-id-jobs":"চাকরী","evme-shortcut-id-local":"স্থানীয়","evme-shortcut-id-maps":"মানচিত্র","evme-shortcut-id-movies":"চলচ্চিত্র","evme-shortcut-id-music":"সঙ্গীত","evme-shortcut-id-new-apps":"নতুন এপ","evme-shortcut-id-news":"সংবাদ","evme-shortcut-id-photography":"ফটোগ্রাফি","evme-shortcut-id-recipes":"রান্না","evme-shortcut-id-restaurants":"রেষ্টুরেন্ট","evme-shortcut-id-shopping":"কেনাকাটা","evme-shortcut-id-social":"সামাজিক","evme-shortcut-id-sports":"খেলাধুলা","evme-shortcut-id-tech-news":"প্রযুক্তি বার্তা","evme-shortcut-id-top-apps":"শীর্ষ এপ","evme-shortcut-id-travel":"ভ্রমণ","evme-shortcut-id-tv":"টিভি","evme-shortcut-id-video":"ভিডিও","evme-shortcut-id-utilities":"আনুষঙ্গিক","evme-shortcut-id-weather":"আবহাওয়া","evme-add-to-top-of-collection":"তালিকার উপরে যোগ কর","evme-save-to-homescreen":"হোমস্ক্রিনে সংরক্ষণ কর","edit-dialog-header":"Edit","edit-dialog-name":"Website name","edit-dialog-url":"Address","edit-dialog-cancel":"Cancel","edit-dialog-done":"Done"}