{"Showbiz":"Espectacles","Social":"Social","Games":"Jocs","Music":"Música","wrapper-search-name":"{{topic}} a {{name}}","contextmenu-add-wallpaper":"Canvia el fons de pantalla","contextmenu-add-smart-collections":"Afegeix col·leccions intel·ligents","delete-title":"Elimina {{name}}","delete-body":"S'eliminarà {{name}} i totes les seves dades.","delete":"Elimina","cancel":"Cancel·la","remove-title-2":"Elimina {{name}}","remove-body":"Voleu eliminar «{{name}}» de la pantalla d'inici?","remove":"Elimina","longDateFormat":"%A %e %Eb","download":"Baixa","restart-download-title":"Reinicia la baixada","restart-download-body":"Voleu baixar {{name}}?","loadingEvme2":"S'està carregant…","evme-searchbar-default":{"_":"Tot…","placeholder":"Estic interessat en…"},"evme-searchbar-default2":{"_":"Estic interessat en…","placeholder":"Estic interessat en…"},"evme-searchbar-clear":"Torna","evme-searchbar-title":"Tot","evme-helper-default":"Introduïu un tema o consulta","evme-helper-default2":"Introduïu un tema o paraula clau","evme-helper-dismiss":"Descarta","evme-helper-no-refine":"No s'ha trobat cap opció","evme-helper-history-title":"Historial:","evme-helper-history-link":"Historial","evme-helper-history-clear":"Esborra l'historial","evme-helper-didyoumean-title":"Potser volíeu dir:","evme-helper-refine-title":"Potser volíeu dir:","evme-helper-title-prefix":"Tot","evme-helper-title-empty":"Tot","evme-apps-market-download":"Baixa","evme-apps-market-more-apps":"Més aplicacions","evme-apps-loading-app":"S'està carregant…","evme-appsmore-loading":"S'està carregant…","evme-alert-app-install-confirm":"Voleu afegir {{name}} a la pantalla d'inici?","evme-alert-app-install-exists":"{{name}} ja s'ha afegit a la pantalla d'inici","evme-alert-offline-smart-collections-more":"Connecteu-vos a Internet per afegir més col·leccions intel·ligents","evme-alert-save-wallpaper":"Voleu definir com a fons de pantalla?","evme-alert-no-more-smart-collections":"No hi ha cap col·lecció intel·ligent per afegir","evme-banner-app-install-success":"S'ha afegit {{name}} a la pantalla d'inici","evme-banner-save-wallpaper":"El fons de pantalla s'ha definit correctament","evme-shortcuts-more":"Més","evme-collectionssuggest-loading":"S'està carregant…","evme-collectionssuggest-loading-cancel":"Cancel·la","evme-collectionssuggest-prompt-create-custom":"Creeu la vostra col·lecció intel·ligent","evme-backgroundimage-source-label":"Codi font:","evme-collection-title-prefix":"Tot","evme-collection-title-suffix":"Telèfon","evme-collection-loading-more":"S'està carregant…","evme-connectionmessage-apps":"Connecteu-vos a Internet per obtenir aplicacions per a {{query}}","evme-connectionmessage-apps-has-installed":"Connecteu-vos a Internet per obtenir encara més aplicacions per a {{query}}","evme-tips-app-explain":{"innerHTML":"Trobeu les coses que us agraden amb les millors aplicacions."},"evme-tips-searchbar-focus":{"innerHTML":"Per exemple, cerqueu el vostre cantant o grup preferits…"},"evme-tips-exact-results":{"innerHTML":"Aquestes són les aplicacions per a <b>{{query}}</b>.<br /><br /> Toqueu qualsevol icona per obrir-la."},"evme-shortcut-custom":"Personalitzat…","evme-shortcut-id-astrology":"Astrologia","evme-shortcut-id-autos":"Cotxes","evme-shortcut-id-beauty":"Bellesa","evme-shortcut-id-books":"Llibres","evme-shortcut-id-celebs":"Famosos","evme-shortcut-id-daily-deals":"Ofertes","evme-shortcut-id-dating":"Cites","evme-shortcut-id-electronics":"Electrònica","evme-shortcut-id-email":"Correu","evme-shortcut-id-entertainment":"Entreteniment","evme-shortcut-id-environment":"Medi ambient","evme-shortcut-id-fashion":"Moda","evme-shortcut-id-funny":"Divertit","evme-shortcut-id-games":"Jocs","evme-shortcut-id-government":"Governamental","evme-shortcut-id-health":"Salut","evme-shortcut-id-jobs":"Feina","evme-shortcut-id-local":"Local","evme-shortcut-id-maps":"Mapes","evme-shortcut-id-movies":"Pel·lícules","evme-shortcut-id-music":"Música","evme-shortcut-id-new-apps":"Noves aplicacions","evme-shortcut-id-news":"Notícies","evme-shortcut-id-photography":"Fotografia","evme-shortcut-id-recipes":"Receptes","evme-shortcut-id-restaurants":"Restaurants","evme-shortcut-id-shopping":"Compres","evme-shortcut-id-social":"Social","evme-shortcut-id-sports":"Esports","evme-shortcut-id-tech-news":"Notícies tecnològiques","evme-shortcut-id-top-apps":"Populars","evme-shortcut-id-travel":"Viatge","evme-shortcut-id-tv":"TV","evme-shortcut-id-video":"Vídeo","evme-shortcut-id-utilities":"Utilitats","evme-shortcut-id-weather":"Temps","evme-add-to-top-of-collection":"Afegeix a l'inici de la col·lecció","evme-save-to-homescreen":"Desa a la pantalla d'inici","edit-dialog-header":"Edita","edit-dialog-name":"Nom del lloc web","edit-dialog-url":"Adreça","edit-dialog-cancel":"Cancel·la","edit-dialog-done":"Fet"}