{"Showbiz":"Showbiz","Social":"Sociální","Games":"Hry","Music":"Hudba","wrapper-search-name":"{{topic}} v {{name}}","contextmenu-add-wallpaper":"Změna tapety","contextmenu-add-smart-collections":"Přidání chytré sbírky","delete-title":"Smazat {{name}}","delete-body":"Aplikace {{name}} a všechna její data budou smazána.","delete":"Smazat","cancel":"Zrušit","remove-title-2":"Odebrání {{name}}","remove-body":"Odebrat web {{name}} z domovské obrazovky?","remove":"Odebrat","longDateFormat":"%A %e. %B ","download":"Stáhnout","restart-download-title":"Obnovit stahování","restart-download-body":"Chcete stáhnout aplikaci {{name}}?","loadingEvme2":"Nahrávání…","evme-searchbar-default":{"_":"Vše…","placeholder":"Myslím na…"},"evme-searchbar-default2":{"_":"Myslím na…","placeholder":"Myslím na…"},"evme-searchbar-clear":"Zpět","evme-searchbar-title":"Vše","evme-helper-default":"Vložte téma nebo klíčové slovo","evme-helper-default2":"Vložte téma nebo klíčové slovo","evme-helper-dismiss":"Odmítnout","evme-helper-no-refine":"Nebyly nalezeny žádné možnosti","evme-helper-history-title":"Historie:","evme-helper-history-link":"Historie","evme-helper-history-clear":"Smazat historii","evme-helper-didyoumean-title":"Mysleli jste:","evme-helper-refine-title":"Mysleli jste:","evme-helper-title-prefix":"Vše v","evme-helper-title-empty":"Všechno","evme-apps-market-download":"Stáhnout","evme-apps-market-more-apps":"Více aplikací","evme-apps-loading-app":"Nahrávání…","evme-appsmore-loading":"Nahrávání…","evme-alert-app-install-confirm":"Přidat {{name}} na domovskou obrazovku?","evme-alert-app-install-exists":"Aplikace {{name}} již byla přidána na domovskou obrazovku","evme-alert-offline-smart-collections-more":"Pro přidání více chytrých sbírek se připojte k Internetu","evme-alert-save-wallpaper":"Nastavit jako tapetu?","evme-alert-no-more-smart-collections":"Žádné chytré sbírky k přidání","evme-banner-app-install-success":"{{name}} byl(a) přidána na domovskou obrazovku","evme-banner-save-wallpaper":"Tapeta byla úspěšně nastavena","evme-shortcuts-more":"Více","evme-collectionssuggest-loading":"Nahrávání…","evme-collectionssuggest-loading-cancel":"Zrušit","evme-collectionssuggest-prompt-create-custom":"Vytvořit svou vlastní chytrou sbírku","evme-backgroundimage-source-label":"Zdroj:","evme-collection-title-prefix":"Všechno","evme-collection-title-suffix":"Telefon","evme-collection-loading-more":"Nahrávání…","evme-connectionmessage-apps":"Pro získání aplikace pro „{{query}}“ je nutné se připojit Internetu","evme-connectionmessage-apps-has-installed":"Pro získání dalších aplikací pro „{{query}}“ je nutné se připojit Internetu","evme-tips-app-explain":{"innerHTML":"Nalezněte pomocí skvělých aplikací věci, které máte rádi."},"evme-tips-searchbar-focus":{"innerHTML":"Nalezněte například svého oblíbeného zpěváka či skupinu…"},"evme-tips-exact-results":{"innerHTML":"Pro dotaz <b>{{query}} byly nalezeny tyto aplikace</b>,<br /><br /> pro spuštění klepněte na ikonu."},"evme-shortcut-custom":"Vlastní...","evme-shortcut-id-astrology":"Astrologie","evme-shortcut-id-autos":"Auta","evme-shortcut-id-beauty":"Krása","evme-shortcut-id-books":"Knihy","evme-shortcut-id-celebs":"Celebrity","evme-shortcut-id-daily-deals":"Slevomaty","evme-shortcut-id-dating":"Seznamka","evme-shortcut-id-electronics":"Elektronika","evme-shortcut-id-email":"Pošta","evme-shortcut-id-entertainment":"Zábava","evme-shortcut-id-environment":"Prostředí","evme-shortcut-id-fashion":"Móda","evme-shortcut-id-funny":"Zábava","evme-shortcut-id-games":"Hry","evme-shortcut-id-government":"Stát","evme-shortcut-id-health":"Zdraví","evme-shortcut-id-jobs":"Práce","evme-shortcut-id-local":"Místní","evme-shortcut-id-maps":"Mapy","evme-shortcut-id-movies":"Filmy","evme-shortcut-id-music":"Hudba","evme-shortcut-id-new-apps":"Aplikace","evme-shortcut-id-news":"Novinky","evme-shortcut-id-photography":"Fotografie","evme-shortcut-id-recipes":"Recepty","evme-shortcut-id-restaurants":"Restaurace","evme-shortcut-id-shopping":"Nákup","evme-shortcut-id-social":"Sociální sítě","evme-shortcut-id-sports":"Sport","evme-shortcut-id-tech-news":"Technologie","evme-shortcut-id-top-apps":"Nejlepší aplikace","evme-shortcut-id-travel":"Cestování","evme-shortcut-id-tv":"Televize","evme-shortcut-id-video":"Video","evme-shortcut-id-utilities":"Nástroje","evme-shortcut-id-weather":"Počasí","evme-add-to-top-of-collection":"Přidat navrch sbírky","evme-save-to-homescreen":"Uložit na úvodní obrazovku","edit-dialog-header":"Upravit","edit-dialog-name":"Název webové stránky","edit-dialog-url":"Adresa","edit-dialog-cancel":"Zrušit","edit-dialog-done":"Hotovo"}