{"Showbiz":"Showbiz","Social":"Social","Games":"Spil","Music":"Musik","wrapper-search-name":"{{topic}} på {{name}}","contextmenu-add-wallpaper":"Skift baggrund","contextmenu-add-smart-collections":"Tilføj smarte samlinger","delete-title":"Slet {{name}}","delete-body":"{{name}} og alle app'ens data vil blive slettet.","delete":"Slet","cancel":"Annuller","remove-title-2":"Fjern {{name}}","remove-body":"Fjern {{name}} fra startskærmen?","remove":"Fjern","longDateFormat":"%A d. %e. %B","download":"Hent","restart-download-title":"Genstart hentning","restart-download-body":"Vil du hente {{name}}?","loadingEvme2":"Indlæser…","evme-searchbar-default":{"_":"Alle…","placeholder":"Søg i alle…"},"evme-searchbar-default2":{"_":"Søg i alle…","placeholder":"Søg i alle…"},"evme-searchbar-clear":"Tilbage","evme-searchbar-title":"Alle","evme-helper-default":"Indtast et emne eller en søgeterm","evme-helper-default2":"Indtast et emne eller en søgeterm","evme-helper-dismiss":"Slå fra","evme-helper-no-refine":"Ingen indstillinger","evme-helper-history-title":"Historik:","evme-helper-history-link":"Historik","evme-helper-history-clear":"Ryd historik","evme-helper-didyoumean-title":"Mente du:","evme-helper-refine-title":"Mente du:","evme-helper-title-prefix":"Alle","evme-helper-title-empty":"Alt","evme-apps-market-download":"Hent","evme-apps-market-more-apps":"Flere apps","evme-apps-loading-app":"Indlæser…","evme-appsmore-loading":"Indlæser…","evme-alert-app-install-confirm":"Føj {{name}} til startskærmen?","evme-alert-app-install-exists":"{{name}} er allerede føjet til startskærmen","evme-alert-offline-smart-collections-more":"Forbind til internettet for at tilføje flere smarte samlinger","evme-alert-save-wallpaper":"Brug som baggrundsbillede?","evme-alert-no-more-smart-collections":"Ingen smarte samlinger at tilføje","evme-banner-app-install-success":"{{name}} er føjet til startskærmen","evme-banner-save-wallpaper":"Baggrundsbillede opdateret","evme-shortcuts-more":"Flere","evme-collectionssuggest-loading":"Indlæser…","evme-collectionssuggest-loading-cancel":"Annuller","evme-collectionssuggest-prompt-create-custom":"Opret din egen smarte samling","evme-backgroundimage-source-label":"Kilde:","evme-collection-title-prefix":"Alle","evme-collection-title-suffix":"Telefon","evme-collection-loading-more":"Indlæser…","evme-connectionmessage-apps":"Søgeterm: {{query}}. Forbind til internettet for at finde apps","evme-connectionmessage-apps-has-installed":"Søgeterm: {{query}}. Forbind til internettet for at finde flere apps","evme-tips-app-explain":{"innerHTML":"Find ting af interesse med de bedste apps."},"evme-tips-searchbar-focus":{"innerHTML":"Find fx din yndlingssanger eller band…"},"evme-tips-exact-results":{"innerHTML":"Disse apps er til <b>{{query}}</b>,<br /><br /> tryk på en ikon for at åbne app'en."},"evme-shortcut-custom":"Brugerdefineret...","evme-shortcut-id-astrology":"Astrologi","evme-shortcut-id-autos":"Biler","evme-shortcut-id-beauty":"Skønhed","evme-shortcut-id-books":"Bøger","evme-shortcut-id-celebs":"Kendte","evme-shortcut-id-daily-deals":"Daglige tilbud","evme-shortcut-id-dating":"Dating","evme-shortcut-id-electronics":"Elektronik","evme-shortcut-id-email":"Mail","evme-shortcut-id-entertainment":"Underholdning","evme-shortcut-id-environment":"Miljø","evme-shortcut-id-fashion":"Mode","evme-shortcut-id-funny":"Sjovt","evme-shortcut-id-games":"Spil","evme-shortcut-id-government":"Myndigheder","evme-shortcut-id-health":"Helbred","evme-shortcut-id-jobs":"Arbejde","evme-shortcut-id-local":"Lokal","evme-shortcut-id-maps":"Kort","evme-shortcut-id-movies":"Film","evme-shortcut-id-music":"Musik","evme-shortcut-id-new-apps":"Nye apps","evme-shortcut-id-news":"Nyheder","evme-shortcut-id-photography":"Fotografering","evme-shortcut-id-recipes":"Opskrifter","evme-shortcut-id-restaurants":"Restauranter","evme-shortcut-id-shopping":"Indkøb","evme-shortcut-id-social":"Social","evme-shortcut-id-sports":"Sport","evme-shortcut-id-tech-news":"Teknologiske nyheder","evme-shortcut-id-top-apps":"Mest populære apps","evme-shortcut-id-travel":"Rejse","evme-shortcut-id-tv":"TV","evme-shortcut-id-video":"Video","evme-shortcut-id-utilities":"Hjælpeprogrammer","evme-shortcut-id-weather":"Vejr","evme-add-to-top-of-collection":"Tilføj øverst i samlingen","evme-save-to-homescreen":"Gem på startskærm","edit-dialog-header":"Rediger","edit-dialog-name":"Webstedets navn","edit-dialog-url":"Adresse","edit-dialog-cancel":"Annuller","edit-dialog-done":"Færdig"}