{"Showbiz":"Showbiz","Social":"Sozial","Games":"Spiele","Music":"Musik","wrapper-search-name":"{{topic}} auf {{name}}","contextmenu-add-wallpaper":"Hintergrund ändern","contextmenu-add-smart-collections":"Intelligente Sammlung hinzufügen","delete-title":"{{name}} deinstallieren","delete-body":"{{name}} und seine Daten werden gelöscht.","delete":"Löschen","cancel":"Abbrechen","remove-title-2":"{{name}} entfernen","remove-body":"{{name}} vom Startbildschirm entfernen?","remove":"Entfernen","longDateFormat":"%A, %e. %B","download":"Herunterladen","restart-download-title":"Download neu starten","restart-download-body":"Soll {{name}} heruntergeladen werden?","loadingEvme2":"Wird geladen…","evme-searchbar-default":{"_":"Everything…","placeholder":"Ich suche nach…"},"evme-searchbar-default2":{"_":"Ich suche nach…","placeholder":"Ich suche nach…"},"evme-searchbar-clear":"Zurück","evme-searchbar-title":"Everything","evme-helper-default":"Thema oder Suchanfrage eingeben","evme-helper-default2":"Thema oder Stichwort eingeben","evme-helper-dismiss":"Ignorieren","evme-helper-no-refine":"Keine Vorschläge gefunden","evme-helper-history-title":"Chronik:","evme-helper-history-link":"Chronik","evme-helper-history-clear":"Chronik löschen","evme-helper-didyoumean-title":"Meinten Sie:","evme-helper-refine-title":"Meinten Sie:","evme-helper-title-prefix":"Everything","evme-helper-title-empty":"Everything","evme-apps-market-download":"Herunterladen","evme-apps-market-more-apps":"Mehr Apps","evme-apps-loading-app":"Wird geladen…","evme-appsmore-loading":"Wird geladen…","evme-alert-app-install-confirm":"{{name}} zum Startbildschirm hinzufügen?","evme-alert-app-install-exists":"{{name}} wurde bereits zum Startbildschirm hinzugefügt","evme-alert-offline-smart-collections-more":"Stellen Sie eine Internetverbindung her, um mehr Intelligente Sammlungen anzuzeigen.","evme-alert-save-wallpaper":"Als Hintergrundbild verwenden?","evme-alert-no-more-smart-collections":"Keine weiteren Intelligenten Sammlungen zum Hinzufügen","evme-banner-app-install-success":"{{name}} wurde zum Startbildschirm hinzugefügt","evme-banner-save-wallpaper":"Hintergrundbild erfolgreich übernommen","evme-shortcuts-more":"Mehr","evme-collectionssuggest-loading":"Wird geladen…","evme-collectionssuggest-loading-cancel":"Abbrechen","evme-collectionssuggest-prompt-create-custom":"Erstellen Sie Ihre eigene Intelligente Sammlung","evme-backgroundimage-source-label":"Quelle:","evme-collection-title-prefix":"Everything","evme-collection-title-suffix":"Handy","evme-collection-loading-more":"Wird geladen…","evme-connectionmessage-apps":"Stellen Sie eine Internetverbindung her, um Apps für {{query}} zu erhalten.","evme-connectionmessage-apps-has-installed":"Stellen Sie eine Internetverbindung her, um noch mehr Apps für {{query}} zu erhalten.","evme-tips-app-explain":{"innerHTML":"Finden Sie mit den coolsten Apps die Dinge, die Sie am meisten mögen."},"evme-tips-searchbar-focus":{"innerHTML":"Finden Sie zum Beispiel Ihren Lieblingssänger oder Ihre Lieblingsband…"},"evme-tips-exact-results":{"innerHTML":"Das sind die Apps für <b>{{query}}</b>,<br /><br /> klicken Sie auf ein Symbol, um sie zu öffnen."},"evme-shortcut-custom":"Eigene…","evme-shortcut-id-astrology":"Astrologie","evme-shortcut-id-autos":"Autos","evme-shortcut-id-beauty":"Aussehen","evme-shortcut-id-books":"Bücher","evme-shortcut-id-celebs":"Promis","evme-shortcut-id-daily-deals":"Tägliche Angebote","evme-shortcut-id-dating":"Partnersuche","evme-shortcut-id-electronics":"Elektronik","evme-shortcut-id-email":"E-Mail","evme-shortcut-id-entertainment":"Unterhaltung","evme-shortcut-id-environment":"Umwelt","evme-shortcut-id-fashion":"Mode","evme-shortcut-id-funny":"Spaß","evme-shortcut-id-games":"Spiele","evme-shortcut-id-government":"Staat","evme-shortcut-id-health":"Gesundheit","evme-shortcut-id-jobs":"Jobs","evme-shortcut-id-local":"Lokal","evme-shortcut-id-maps":"Karten","evme-shortcut-id-movies":"Filme","evme-shortcut-id-music":"Musik","evme-shortcut-id-new-apps":"Neue Apps","evme-shortcut-id-news":"Nachrichten","evme-shortcut-id-photography":"Fotografie","evme-shortcut-id-recipes":"Rezepte","evme-shortcut-id-restaurants":"Restaurants","evme-shortcut-id-shopping":"Einkaufen","evme-shortcut-id-social":"Sozial","evme-shortcut-id-sports":"Sport","evme-shortcut-id-tech-news":"Technik Nachrichten","evme-shortcut-id-top-apps":"Top-Apps","evme-shortcut-id-travel":"Reisen","evme-shortcut-id-tv":"TV","evme-shortcut-id-video":"Video","evme-shortcut-id-utilities":"Werkzeuge","evme-shortcut-id-weather":"Wetter","evme-add-to-top-of-collection":"An Anfang der Sammlung verschieben","evme-save-to-homescreen":"Zu Startbildschirm hinzufügen","edit-dialog-header":"Bearbeiten","edit-dialog-name":"Webseitenname","edit-dialog-url":"Adresse","edit-dialog-cancel":"Abbrechen","edit-dialog-done":"Fertig"}