{"Showbiz":"Showbiz","Social":"Επικοινωνία","Games":"Παιχνίδια","Music":"Μουσική","wrapper-search-name":"{{topic}} στο {{name}}","contextmenu-add-wallpaper":"Αλλαγή ταπετσαρίας","contextmenu-add-smart-collections":"Προσθήκη έξυπνων συλλογών","delete-title":"Διαγραφή εφαρμογής","delete-body":"Η εφαρμογή «{{name}}» και όλα της τα δεδομένα θα διαγραφούν.","delete":"Διαγραφή","cancel":"Ακύρωση","remove-title-2":"Αφαίρεση συνδέσμου","remove-body":"Αφαίρεση του συνδέσμου «{{name}}» από την αρχική οθόνη;","remove":"Αφαίρεση","longDateFormat":"%A, %e %Eb %Y","download":"Λήψη","restart-download-title":"Επανεκκίνηση λήψης","restart-download-body":"Επιθυμείτε να κατεβάσετε το {{name}};","loadingEvme2":"Φόρτωση…","evme-searchbar-default":{"_":"Τα πάντα για…","placeholder":"Ψάχνω για…"},"evme-searchbar-default2":{"_":"Ψάχνω για…","placeholder":"Ψάχνω για… "},"evme-searchbar-clear":"Πίσω","evme-searchbar-title":"Τα πάντα για","evme-helper-default":"Εισάγετε θέμα ή ερώτημα αναζήτησης","evme-helper-default2":"Εισάγετε θέμα ή λέξη κλειδί","evme-helper-dismiss":"Απόρριψη","evme-helper-no-refine":"Δεν βρέθηκαν επιλογές","evme-helper-history-title":"Ιστορικό:","evme-helper-history-link":"Ιστορικό","evme-helper-history-clear":"Εκκαθάριση ιστορικού","evme-helper-didyoumean-title":"Μήπως εννοείτε:","evme-helper-refine-title":"Μήπως εννοείτε:","evme-helper-title-prefix":"Τα πάντα:","evme-helper-title-empty":"Τα πάντα:","evme-apps-market-download":"Λήψη","evme-apps-market-more-apps":"Περισσότερες εφαρμογές","evme-apps-loading-app":"Φόρτωση…","evme-appsmore-loading":"Φόρτωση…","evme-alert-app-install-confirm":"Προσθήκη {{name}} στην αρχική οθόνη;","evme-alert-app-install-exists":"Η εφαρμογή {{name}} έχει ήδη προστεθεί στην αρχική οθόνη","evme-alert-offline-smart-collections-more":"Συνδεθείτε στο διαδίκτυο για να προσθέσετε περισσότερες έξυπνες συλλογές","evme-alert-save-wallpaper":"Ορισμός ως ταπετσαρία","evme-alert-no-more-smart-collections":"Δεν υπάρχουν έξυπνες συλλογές για προσθήκη","evme-banner-app-install-success":"Το {{name}} προστέθηκε στην αρχική οθόνη","evme-banner-save-wallpaper":"Η ταπετσαρία ορίστηκε επιτυχώς","evme-shortcuts-more":"Περισσότερα","evme-collectionssuggest-loading":"Φόρτωση…","evme-collectionssuggest-loading-cancel":"Ακύρωση","evme-collectionssuggest-prompt-create-custom":"Δημιουργήστε τη δική σας έξυπνη συλλογή","evme-backgroundimage-source-label":"Προέλευση:","evme-collection-title-prefix":"Τα πάντα:","evme-collection-title-suffix":"Τηλέφωνο","evme-collection-loading-more":"Φόρτωση…","evme-connectionmessage-apps":"Συνδεθείτε στο διαδίκτυο για να λάβετε εφαρμογές για «{{query}}»","evme-connectionmessage-apps-has-installed":"Συνδεθείτε στο διαδίκτυο για να λάβετε περισσότερες εφαρμογές για «{{query}}»","evme-tips-app-explain":{"innerHTML":"Βρείτε πράγματα που σας αρέσουν με τις καλύτερες εφαρμογές."},"evme-tips-searchbar-focus":{"innerHTML":"Για παράδειγμα, αναζητήστε τον αγαπημένο σας καλλιτέχνη ή συγκρότημα…"},"evme-tips-exact-results":{"innerHTML":"Αυτές είναι οι εφαρμογές για <b>{{query}}</b>,<br /><br /> πατήστε ένα εικονίδιο για να το ανοίξετε."},"evme-shortcut-custom":"Προσαρμοσμένο...","evme-shortcut-id-astrology":"Αστρολογία","evme-shortcut-id-autos":"Αυτοκίνητα","evme-shortcut-id-beauty":"Ομορφιά","evme-shortcut-id-books":"Βιβλία","evme-shortcut-id-celebs":"Διασημότητες","evme-shortcut-id-daily-deals":"Προσφορές","evme-shortcut-id-dating":"Ραντεβού","evme-shortcut-id-electronics":"Ηλεκτρονικά","evme-shortcut-id-email":"Ηλ. Ταχυδρομείο","evme-shortcut-id-entertainment":"Διασκέδαση","evme-shortcut-id-environment":"Περιβάλλον","evme-shortcut-id-fashion":"Μόδα","evme-shortcut-id-funny":"Αστεία","evme-shortcut-id-games":"Παιχνίδια","evme-shortcut-id-government":"Κυβέρνηση","evme-shortcut-id-health":"Υγεία","evme-shortcut-id-jobs":"Δουλειές","evme-shortcut-id-local":"Τοπικά","evme-shortcut-id-maps":"Χάρτες","evme-shortcut-id-movies":"Ταινίες","evme-shortcut-id-music":"Μουσική","evme-shortcut-id-new-apps":"Νέες εφαρμογές","evme-shortcut-id-news":"Ειδήσεις","evme-shortcut-id-photography":"Φωτογραφία","evme-shortcut-id-recipes":"Συνταγές","evme-shortcut-id-restaurants":"Εστιατόρια","evme-shortcut-id-shopping":"Αγορές","evme-shortcut-id-social":"Κοινωνικά","evme-shortcut-id-sports":"Αθλητικά","evme-shortcut-id-tech-news":"Ειδήσεις Τεχνολογίας","evme-shortcut-id-top-apps":"Δημοφιλείς εφαρμογές","evme-shortcut-id-travel":"Ταξίδια","evme-shortcut-id-tv":"Τηλεόραση","evme-shortcut-id-video":"Βίντεο","evme-shortcut-id-utilities":"Χρήσιμα","evme-shortcut-id-weather":"Καιρός","evme-add-to-top-of-collection":"Προσθήκη στην κορυφή της συλλογής","evme-save-to-homescreen":"Προσθήκη στην αρχική οθόνη","edit-dialog-header":"Edit","edit-dialog-name":"Website name","edit-dialog-url":"Address","edit-dialog-cancel":"Cancel","edit-dialog-done":"Done"}