{"Showbiz":"Showbiz","Social":"Social","Games":"Games","Music":"Music","wrapper-search-name":"{{topic}} on {{name}}","contextmenu-add-wallpaper":"Change Wallpaper","contextmenu-add-smart-collections":"Add Smart Collections","delete-title":"Delete {{name}}","delete-body":"{{name}} and all of its data will be deleted.","delete":"Delete","cancel":"Cancel","remove-title-2":"Remove {{name}}","remove-body":"Remove {{name}} from the homescreen?","remove":"Remove","longDateFormat":"%A, %B %e","download":"Download","restart-download-title":"Restart Download","restart-download-body":"Do you want to download {{name}}?","loadingEvme2":"Loading…","evme-searchbar-default":{"_":"Everything…","placeholder":"I’m thinking of…"},"evme-searchbar-default2":{"_":"I’m thinking of…","placeholder":"I’m thinking of…"},"evme-searchbar-clear":"Back","evme-searchbar-title":"Everything","evme-helper-default":"Enter any topic or search query","evme-helper-default2":"Enter any topic or keyword","evme-helper-dismiss":"Dismiss","evme-helper-no-refine":"No options found","evme-helper-history-title":"History:","evme-helper-history-link":"History","evme-helper-history-clear":"Clear history","evme-helper-didyoumean-title":"Did you mean:","evme-helper-refine-title":"Did you mean:","evme-helper-title-prefix":"Everything","evme-helper-title-empty":"Everything","evme-apps-market-download":"Download","evme-apps-market-more-apps":"More Apps","evme-apps-loading-app":"Loading…","evme-appsmore-loading":"Loading…","evme-alert-app-install-confirm":"Add {{name}} to Home Screen?","evme-alert-app-install-exists":"{{name}} was already added to Home Screen","evme-alert-offline-smart-collections-more":"Connect to the internet to add more Smart Collections","evme-alert-save-wallpaper":"Set as wallpaper?","evme-alert-no-more-smart-collections":"No Smart Collections to add","evme-banner-app-install-success":"{{name}} added to Home Screen","evme-banner-save-wallpaper":"Wallpaper set successfully","evme-shortcuts-more":"More","evme-collectionssuggest-loading":"Loading…","evme-collectionssuggest-loading-cancel":"Cancel","evme-collectionssuggest-prompt-create-custom":"Create your own Smart Collection","evme-backgroundimage-source-label":"Source:","evme-collection-title-prefix":"Everything","evme-collection-title-suffix":"Phone","evme-collection-loading-more":"Loading…","evme-connectionmessage-apps":"Connect to the internet to get apps for {{query}}","evme-connectionmessage-apps-has-installed":"Connect to the internet to get even more apps for {{query}}","evme-tips-app-explain":{"innerHTML":"Find the things you love with the coolest apps."},"evme-tips-searchbar-focus":{"innerHTML":"For example, find your favorite singer or band…"},"evme-tips-exact-results":{"innerHTML":"These are the apps for <b>{{query}}</b>,<br /><br /> tap any icon to open it."},"evme-shortcut-custom":"Custom…","evme-shortcut-id-astrology":"Astrology","evme-shortcut-id-autos":"Autos","evme-shortcut-id-beauty":"Beauty","evme-shortcut-id-books":"Books","evme-shortcut-id-celebs":"Celebs","evme-shortcut-id-daily-deals":"Daily Deals","evme-shortcut-id-dating":"Dating","evme-shortcut-id-electronics":"Electronics","evme-shortcut-id-email":"Email","evme-shortcut-id-entertainment":"Entertainment","evme-shortcut-id-environment":"Environment","evme-shortcut-id-fashion":"Fashion","evme-shortcut-id-funny":"Funny","evme-shortcut-id-games":"Games","evme-shortcut-id-government":"Government","evme-shortcut-id-health":"Health","evme-shortcut-id-jobs":"Jobs","evme-shortcut-id-local":"Local","evme-shortcut-id-maps":"Maps","evme-shortcut-id-movies":"Movies","evme-shortcut-id-music":"Music","evme-shortcut-id-new-apps":"New Apps","evme-shortcut-id-news":"News","evme-shortcut-id-photography":"Photography","evme-shortcut-id-recipes":"Recipes","evme-shortcut-id-restaurants":"Restaurants","evme-shortcut-id-shopping":"Shopping","evme-shortcut-id-social":"Social","evme-shortcut-id-sports":"Sports","evme-shortcut-id-tech-news":"Tech News","evme-shortcut-id-top-apps":"Top Apps","evme-shortcut-id-travel":"Travel","evme-shortcut-id-tv":"TV","evme-shortcut-id-video":"Video","evme-shortcut-id-utilities":"Utilities","evme-shortcut-id-weather":"Weather","evme-add-to-top-of-collection":"Add to top of collection","evme-save-to-homescreen":"Save to Homescreen","edit-dialog-header":"Edit","edit-dialog-name":"Website name","edit-dialog-url":"Address","edit-dialog-cancel":"Cancel","edit-dialog-done":"Done"}