{"Showbiz":"Ikuskizuna","Social":"Soziala","Games":"Jokuak","Music":"Musika","wrapper-search-name":"{{topic}} {{name}}(r)i buruz","contextmenu-add-wallpaper":"Aldatu horma-papera","contextmenu-add-smart-collections":"Gehitu bilduma dinamikoak","delete-title":"Ezabatu {{name}}","delete-body":"{{name}} eta bere datu guztiak ezabatuko dira.","delete":"Ezabatu","cancel":"Utzi","remove-title-2":"Kendu {{name}}","remove-body":"Kendu {{name}} hasierako pantailatik?","remove":"Kendu","longDateFormat":"%A, %Bk %e","download":"Deskargatu","restart-download-title":"Berrabiarazi deskarga","restart-download-body":"{{name}} deskargatu nahi duzu?","loadingEvme2":"Kargatzen…","evme-searchbar-default":{"_":"Dena…","placeholder":"Hau dabilkit buruan…"},"evme-searchbar-default2":{"_":"Hau dabilkit buruan…","placeholder":"Hau dabilkit buruan…"},"evme-searchbar-clear":"Atzera","evme-searchbar-title":"Dena","evme-helper-default":"Idatzi edozein gai edo bilaketa","evme-helper-default2":"Sartu edozein gai edo gako-hitz","evme-helper-dismiss":"Itxi","evme-helper-no-refine":"Ez da aukerarik aurkitu","evme-helper-history-title":"Historia:","evme-helper-history-link":"Historia","evme-helper-history-clear":"Garbitu historia","evme-helper-didyoumean-title":"Hau esan nahi zenuen:","evme-helper-refine-title":"Hau esan nahi zenuen:","evme-helper-title-prefix":"Dena","evme-helper-title-empty":"Dena","evme-apps-market-download":"Deskargatu","evme-apps-market-more-apps":"Aplikazio gehiago","evme-apps-loading-app":"Kargatzen…","evme-appsmore-loading":"Kargatzen…","evme-alert-app-install-confirm":"Gehitu {{name}} hasierako pantailara?","evme-alert-app-install-exists":"{{name}} dagoeneko hasierako pantailan zegoen","evme-alert-offline-smart-collections-more":"Konektatu Internetera bilduma dinamiko gehiago gehitzeko","evme-alert-save-wallpaper":"Ezarri horma-paper gisa?","evme-alert-no-more-smart-collections":"Gehitzeko bilduma dinamikorik ez","evme-banner-app-install-success":"{{name}} hasierako pantailara gehituta","evme-banner-save-wallpaper":"Horma-papera ondo ezarri da","evme-shortcuts-more":"Gehiago","evme-collectionssuggest-loading":"Kargatzen…","evme-collectionssuggest-loading-cancel":"Utzi","evme-collectionssuggest-prompt-create-custom":"Sortu zure bilduma dinamikoa propioa","evme-backgroundimage-source-label":"Iturburua:","evme-collection-title-prefix":"Dena","evme-collection-title-suffix":"Telefonoa","evme-collection-loading-more":"Kargatzen…","evme-connectionmessage-apps":"Konektatu Internetera {{query}}(r)entzat aplikazioak lortzeko","evme-connectionmessage-apps-has-installed":"Konektatu Internetera oraindik eta aplikazio gehiago lortzeko {{query}}(r)entzat","evme-tips-app-explain":{"innerHTML":"Bilatu gustuko dituzun gauzak primerako aplikazioekin."},"evme-tips-searchbar-focus":{"innerHTML":"Adibidez, bilatu zure abeslari edo talde gogokoena…"},"evme-tips-exact-results":{"innerHTML":"Hauek dira <b>{{query}}</b> bilaketarako aplikazioak,<br /><br /> irekitzeko sakatu edozein ikono."},"evme-shortcut-custom":"Pertsonalizatua…","evme-shortcut-id-astrology":"Astrologia","evme-shortcut-id-autos":"Autoak","evme-shortcut-id-beauty":"Edertasuna","evme-shortcut-id-books":"Liburuak","evme-shortcut-id-celebs":"Famatuak","evme-shortcut-id-daily-deals":"Maukak","evme-shortcut-id-dating":"Hitzorduak","evme-shortcut-id-electronics":"Elektronika","evme-shortcut-id-email":"Posta elektronikoa","evme-shortcut-id-entertainment":"Aisialdia","evme-shortcut-id-environment":"Ingurunea","evme-shortcut-id-fashion":"Moda","evme-shortcut-id-funny":"Barregarria","evme-shortcut-id-games":"Jokoak","evme-shortcut-id-government":"Gobernua","evme-shortcut-id-health":"Osasuna","evme-shortcut-id-jobs":"Lanak","evme-shortcut-id-local":"Bertakoa","evme-shortcut-id-maps":"Mapak","evme-shortcut-id-movies":"Filmak","evme-shortcut-id-music":"Musika","evme-shortcut-id-new-apps":"Aplikazio berriak","evme-shortcut-id-news":"Albisteak","evme-shortcut-id-photography":"Argazkigintza","evme-shortcut-id-recipes":"Errezetak","evme-shortcut-id-restaurants":"Jatetxeak","evme-shortcut-id-shopping":"Erosketak","evme-shortcut-id-social":"Soziala","evme-shortcut-id-sports":"Kirolak","evme-shortcut-id-tech-news":"Teknologia-albisteak","evme-shortcut-id-top-apps":"Aplikazio deskargatuenak","evme-shortcut-id-travel":"Bidaiak","evme-shortcut-id-tv":"TB","evme-shortcut-id-video":"Bideoa","evme-shortcut-id-utilities":"Tresnak","evme-shortcut-id-weather":"Eguraldia","evme-add-to-top-of-collection":"Gehitu bildumaren goian","evme-save-to-homescreen":"Gorde hasierako pantailan","edit-dialog-header":"Editatu","edit-dialog-name":"Webgunearen izena","edit-dialog-url":"Helbidea","edit-dialog-cancel":"Utzi","edit-dialog-done":"Eginda"}