{"Showbiz":"Showbiz","Social":"Društveno","Games":"Igre","Music":"Glazba","wrapper-search-name":"{{topic}} pri {{name}}","contextmenu-add-wallpaper":"Promijeni pozadinsku sliku","contextmenu-add-smart-collections":"Dodaj pametnu kolekciju","delete-title":"Obriši {{name}}","delete-body":"{{name}} i svi pripadajući podaci će biti obrisani.","delete":"Obriši","cancel":"Otkaži","remove-title-2":"Uklanjanje {{name}}","remove-body":"Ukloniti {{name}} s početnog zaslona?","remove":"Ukloni","longDateFormat":"%A, %e %B","download":"Preuzmi","restart-download-title":"Ponovno pokretanje preuzimanja","restart-download-body":"Želite li preuzeti {{name}}?","loadingEvme2":"Učitavanje…","evme-searchbar-default":"Sve…","evme-searchbar-default2":{"_":"I’m thinking of…","placeholder":"I’m thinking of…"},"evme-searchbar-clear":"Natrag","evme-searchbar-title":"Sve","evme-helper-default":"Upišite bilo koju temu ili pojam","evme-helper-default2":"Upišite bilo koju temu ili pojam","evme-helper-dismiss":"Zanemari","evme-helper-no-refine":"Mogućnosti nisu pronađene","evme-helper-history-title":"Povijest:","evme-helper-history-link":"Povijest","evme-helper-history-clear":"Očisti povijest","evme-helper-didyoumean-title":"Jeste li mislili:","evme-helper-refine-title":"Jeste li mislili:","evme-helper-title-prefix":"Sve","evme-helper-title-empty":"Sve","evme-apps-market-download":"Preuzmi","evme-apps-market-more-apps":"Više aplikacija","evme-apps-loading-app":"Učitavanje…","evme-appsmore-loading":"Učitavanje…","evme-alert-app-install-confirm":"Dodati {{name}} na početni zaslon?","evme-alert-app-install-exists":"{{name}} je već dodan na početni zaslon","evme-alert-offline-smart-collections-more":"Povežite se na Internet da biste dodali više pametnih kolekcija","evme-alert-save-wallpaper":"Postaviti kao pozadinu?","evme-alert-no-more-smart-collections":"Nema pametne kolekcije za dodati","evme-banner-app-install-success":"{{name}} je dodan na početni zaslon","evme-banner-save-wallpaper":"Pozadina uspješno postavljena","evme-shortcuts-more":"Više","evme-collectionssuggest-loading":"Učitavanje…","evme-collectionssuggest-loading-cancel":"Otkaži","evme-collectionssuggest-prompt-create-custom":"Stvorite vlastitu pametnu kolekciju","evme-backgroundimage-source-label":"Izvor:","evme-collection-title-prefix":"Sve","evme-collection-title-suffix":"Telefon","evme-collection-loading-more":"Učitavanje…","evme-connectionmessage-apps":"Da biste dobili aplikacije za {{query}}, trebate se povezati na Internet","evme-connectionmessage-apps-has-installed":"Povežite se na Internet da biste dobili još više aplikacija za {{query}}","evme-tips-app-explain":{"innerHTML":"Pronađite stvari koje volite s najboljim aplikacijama."},"evme-tips-searchbar-focus":{"innerHTML":"Na primjer, pronađite svojeg omiljenog pjevača ili bend…"},"evme-tips-exact-results":{"innerHTML":"Ovo su aplikacije za <b>{{query}}</b>,<br /><br /> pritisnite bilo koju ikonu za otvaranje."},"evme-shortcut-custom":"Custom…","evme-shortcut-id-astrology":"Astrologija","evme-shortcut-id-autos":"Automobili","evme-shortcut-id-beauty":"Ljepota","evme-shortcut-id-books":"Knjige","evme-shortcut-id-celebs":"Slavni","evme-shortcut-id-daily-deals":"Dnevne ponude","evme-shortcut-id-dating":"Spojevi","evme-shortcut-id-electronics":"Elektronika","evme-shortcut-id-email":"E-pošta","evme-shortcut-id-entertainment":"Zabava","evme-shortcut-id-environment":"Okoliš","evme-shortcut-id-fashion":"Moda","evme-shortcut-id-funny":"Zabava","evme-shortcut-id-games":"Igre","evme-shortcut-id-government":"Vlada","evme-shortcut-id-health":"Zdravlje","evme-shortcut-id-jobs":"Posao","evme-shortcut-id-local":"Lokalno","evme-shortcut-id-maps":"Karte","evme-shortcut-id-movies":"Filmovi","evme-shortcut-id-music":"Glazba","evme-shortcut-id-new-apps":"Nove aplikacije","evme-shortcut-id-news":"Vijesti","evme-shortcut-id-photography":"Fotografija","evme-shortcut-id-recipes":"Recepti","evme-shortcut-id-restaurants":"Restorani","evme-shortcut-id-shopping":"Kupovina","evme-shortcut-id-social":"Društveno","evme-shortcut-id-sports":"Sportovi","evme-shortcut-id-tech-news":"Tehnološke vijesti","evme-shortcut-id-top-apps":"Najpopularnije aplikacije","evme-shortcut-id-travel":"Putovanja","evme-shortcut-id-tv":"TV","evme-shortcut-id-video":"Video","evme-shortcut-id-utilities":"Alati","evme-shortcut-id-weather":"Vremenska prognoza","evme-add-to-top-of-collection":"Dodaj na vrh kolekcije","evme-save-to-homescreen":"Spremi na početni ekran","edit-dialog-header":"Edit","edit-dialog-name":"Website name","edit-dialog-url":"Address","edit-dialog-cancel":"Cancel","edit-dialog-done":"Done"}