{"Showbiz":"Showbiz","Social":"Social","Games":"Giochi","Music":"Musica","wrapper-search-name":"{{topic}} su {{name}}","contextmenu-add-wallpaper":"Modifica sfondo","contextmenu-add-smart-collections":"Aggiungi Raccolte smart","delete-title":"Elimina {{name}}","delete-body":"Verranno eliminati {{name}} e tutti i dati collegati.","delete":"Elimina","cancel":"Annulla","remove-title-2":"Elimina {{name}}","remove-body":"Eliminare {{name}} dalla schermata principale?","remove":"Elimina","longDateFormat":"%A %e %B","download":"Download","restart-download-title":"Riavvia download","restart-download-body":"Procedere con il download di {{name}}?","loadingEvme2":"Caricamento…","evme-searchbar-default":{"_":"Everything…","placeholder":"Pensavo a…"},"evme-searchbar-default2":{"_":"Pensavo a…","placeholder":"Pensavo a…"},"evme-searchbar-clear":"Indietro","evme-searchbar-title":"Everything","evme-helper-default":"Inserire un argomento o una chiave di ricerca","evme-helper-default2":"Inserire un argomento","evme-helper-dismiss":"Chiudi","evme-helper-no-refine":"Nessuna opzione disponibile","evme-helper-history-title":"Cronologia:","evme-helper-history-link":"Cronologia","evme-helper-history-clear":"Cancella cronologia","evme-helper-didyoumean-title":"Forse intendevi:","evme-helper-refine-title":"Forse intendevi:","evme-helper-title-prefix":"Tutto","evme-helper-title-empty":"Tutto","evme-apps-market-download":"Scarica","evme-apps-market-more-apps":"Altre app","evme-apps-loading-app":"Caricamento…","evme-appsmore-loading":"Caricamento…","evme-alert-app-install-confirm":"Aggiungere {{name}} alla schermata principale?","evme-alert-app-install-exists":"{{name}} è già presente sulla schermata principale","evme-alert-offline-smart-collections-more":"Connettersi a Internet per aggiungere altre Raccolte smart","evme-alert-save-wallpaper":"Impostare come sfondo?","evme-alert-no-more-smart-collections":"Nessuna Raccolta smart da aggiungere","evme-banner-app-install-success":"{{name}} aggiunto alla schermata principale","evme-banner-save-wallpaper":"Sfondo impostato correttamente","evme-shortcuts-more":"Altro","evme-collectionssuggest-loading":"Caricamento…","evme-collectionssuggest-loading-cancel":"Annulla","evme-collectionssuggest-prompt-create-custom":"Crea la tua Raccolta smart","evme-backgroundimage-source-label":"Sorgente:","evme-collection-title-prefix":"Everything","evme-collection-title-suffix":"Telefono","evme-collection-loading-more":"Caricamento…","evme-connectionmessage-apps":"Collegarsi a Internet per scaricare app per {{query}}","evme-connectionmessage-apps-has-installed":"Collegarsi a Internet per scaricare altre app per {{query}}","evme-tips-app-explain":{"innerHTML":"Trova tutto ciò che ami grazie alle migliori app."},"evme-tips-searchbar-focus":{"innerHTML":"Ad esempio, il tuo cantante o il tuo gruppo preferito…"},"evme-tips-exact-results":{"innerHTML":"Queste sono le app per <b>{{query}}</b>,<br /><br /> tocca qualsiasi icona per aprirla."},"evme-shortcut-custom":"Personalizzata…","evme-shortcut-id-astrology":"Astrologia","evme-shortcut-id-autos":"Auto","evme-shortcut-id-beauty":"Bellezza","evme-shortcut-id-books":"Libri","evme-shortcut-id-celebs":"Celebrità","evme-shortcut-id-daily-deals":"Occasioni","evme-shortcut-id-dating":"Appuntamenti","evme-shortcut-id-electronics":"Elettronica","evme-shortcut-id-email":"Email","evme-shortcut-id-entertainment":"Divertimento","evme-shortcut-id-environment":"Ambiente","evme-shortcut-id-fashion":"Moda","evme-shortcut-id-funny":"Divertenti","evme-shortcut-id-games":"Giochi","evme-shortcut-id-government":"Governo","evme-shortcut-id-health":"Salute","evme-shortcut-id-jobs":"Lavoro","evme-shortcut-id-local":"Locali","evme-shortcut-id-maps":"Mappe","evme-shortcut-id-movies":"Film","evme-shortcut-id-music":"Musica","evme-shortcut-id-new-apps":"Nuove app","evme-shortcut-id-news":"Notizie","evme-shortcut-id-photography":"Fotografia","evme-shortcut-id-recipes":"Ricette","evme-shortcut-id-restaurants":"Ristoranti","evme-shortcut-id-shopping":"Shopping","evme-shortcut-id-social":"Social","evme-shortcut-id-sports":"Sport","evme-shortcut-id-tech-news":"Notizie tech","evme-shortcut-id-top-apps":"Top app","evme-shortcut-id-travel":"Viaggi","evme-shortcut-id-tv":"TV","evme-shortcut-id-video":"Video","evme-shortcut-id-utilities":"Utilità","evme-shortcut-id-weather":"Meteo","evme-add-to-top-of-collection":"Aggiungi all’inizio della raccolta","evme-save-to-homescreen":"Aggiungi alla schermata principale","edit-dialog-header":"Modifica","edit-dialog-name":"Nome sito web","edit-dialog-url":"Indirizzo","edit-dialog-cancel":"Annulla","edit-dialog-done":"Fatto"}