{"Showbiz":"Showbiz","Social":"ソーシャル","Games":"ゲーム","Music":"音楽","wrapper-search-name":"{{name}} の {{topic}}","contextmenu-add-wallpaper":"壁紙を変更","contextmenu-add-smart-collections":"スマートコレクションを追加","delete-title":"{{name}} を削除します","delete-body":"{{name}} とそのデータを削除しますか？","delete":"削除","cancel":"キャンセル","remove-title-2":"{{name}} を削除します","remove-body":"ホーム画面から {{name}} を削除しますか？","remove":"削除","longDateFormat":"%B%e日(%a)","download":"ダウンロード","restart-download-title":"ダウンロード再開","restart-download-body":"{{name}} をダウンロードしますか？","loadingEvme2":"読み込み中…","evme-searchbar-default":{"_":"Everything…","placeholder":"I’m thinking of…"},"evme-searchbar-default2":{"_":"I’m thinking of…","placeholder":"I’m thinking of…"},"evme-searchbar-clear":"戻る","evme-searchbar-title":"Everything","evme-helper-default":"トピックまたは検索語を入力してください","evme-helper-default2":"トピックまたはキーワードを入力してください","evme-helper-dismiss":"消去","evme-helper-no-refine":"オプションが見つかりません","evme-helper-history-title":"履歴:","evme-helper-history-link":"履歴","evme-helper-history-clear":"履歴を消去","evme-helper-didyoumean-title":"もしかして:","evme-helper-refine-title":"もしかして:","evme-helper-title-prefix":"Everything","evme-helper-title-empty":"Everything","evme-apps-market-download":"ダウンロード","evme-apps-market-more-apps":"他のアプリ","evme-apps-loading-app":"読み込み中…","evme-appsmore-loading":"読み込み中…","evme-alert-app-install-confirm":"{{name}} をホーム画面に追加しますか？","evme-alert-app-install-exists":"{{name}} は既にホーム画面に追加されています","evme-alert-offline-smart-collections-more":"スマートコレクションを追加するにはインターネットに接続してください","evme-alert-save-wallpaper":"壁紙に設定しますか？","evme-alert-no-more-smart-collections":"追加するスマートコレクションはありません","evme-banner-app-install-success":"{{name}} をホーム画面に追加しました","evme-banner-save-wallpaper":"壁紙に設定しました","evme-shortcuts-more":"その他","evme-collectionssuggest-loading":"読み込み中…","evme-collectionssuggest-loading-cancel":"キャンセル","evme-collectionssuggest-prompt-create-custom":"独自のスマートコレクションを作成してください","evme-backgroundimage-source-label":"ソース:","evme-collection-title-prefix":"Everything","evme-collection-title-suffix":"Phone","evme-collection-loading-more":"読み込み中…","evme-connectionmessage-apps":"{{query}} のアプリを検索するにはインターネットに接続してください","evme-connectionmessage-apps-has-installed":"{{query}} のアプリをさらに検索するにはインターネットに接続してください","evme-tips-app-explain":{"innerHTML":"すてきなアプリで好きなことを見つけましょう。"},"evme-tips-searchbar-focus":{"innerHTML":"例えば、お気に入りの歌手やバンドを見つけてみましょう…"},"evme-tips-exact-results":{"innerHTML":"これらは <b>{{query}}</b> のアプリです。<br /><br /> アイコンをタップしてアプリを開いてください。"},"evme-shortcut-custom":"カスタマイズ…","evme-shortcut-id-astrology":"占星術","evme-shortcut-id-autos":"自動車","evme-shortcut-id-beauty":"美容","evme-shortcut-id-books":"書籍","evme-shortcut-id-celebs":"有名人","evme-shortcut-id-daily-deals":"お得情報","evme-shortcut-id-dating":"デート","evme-shortcut-id-electronics":"家電","evme-shortcut-id-email":"メール","evme-shortcut-id-entertainment":"娯楽","evme-shortcut-id-environment":"環境","evme-shortcut-id-fashion":"ファッション","evme-shortcut-id-funny":"コミック","evme-shortcut-id-games":"ゲーム","evme-shortcut-id-government":"政府","evme-shortcut-id-health":"健康","evme-shortcut-id-jobs":"仕事","evme-shortcut-id-local":"地域","evme-shortcut-id-maps":"地図","evme-shortcut-id-movies":"映画","evme-shortcut-id-music":"音楽","evme-shortcut-id-new-apps":"新着アプリ","evme-shortcut-id-news":"ニュース","evme-shortcut-id-photography":"写真集","evme-shortcut-id-recipes":"料理","evme-shortcut-id-restaurants":"レストラン","evme-shortcut-id-shopping":"買い物","evme-shortcut-id-social":"ソーシャル","evme-shortcut-id-sports":"スポーツ","evme-shortcut-id-tech-news":"技術ニュース","evme-shortcut-id-top-apps":"人気のアプリ","evme-shortcut-id-travel":"旅行","evme-shortcut-id-tv":"TV","evme-shortcut-id-video":"動画","evme-shortcut-id-utilities":"ユーティリティ","evme-shortcut-id-weather":"天気","evme-add-to-top-of-collection":"コレクションの上位に追加","evme-save-to-homescreen":"ホーム画面に保存","edit-dialog-header":"編集","edit-dialog-name":"Web サイト名","edit-dialog-url":"URL","edit-dialog-cancel":"キャンセル","edit-dialog-done":"完了"}