{"Showbiz":"Showbiz","Social":"សង្គម","Games":"ល្បែង","Music":"តន្ត្រី","wrapper-search-name":"{{topic}} លើ {{name}}","contextmenu-add-wallpaper":"ប្ដូរ​ផ្ទាំង​រូបភាព","contextmenu-add-smart-collections":"បន្ថែម​សម្រាំង​ឆ្លាត​វៃ","delete-title":"លុប {{name}}","delete-body":"{{name}} និង​ទិន្នន័យ​ទាំងអស់​របស់​វា​នឹង​ត្រូវ​លុប។","delete":"លុប","cancel":"បោះបង់","remove-title-2":"យក​ចេញ {{name}}","remove-body":"យក​ចេញ {{name}} ពី​អេក្រង់​ដើម​ឬ?","remove":"យក​ចេញ","longDateFormat":"%A, %B %e","download":"ទាញ​យក","restart-download-title":"ចាប់ផ្ដើម​ទាញយក​ឡើ​ងវិញ","restart-download-body":"តើ​អ្នក​ចង់​ទាញ​យក {{name}}​ឬ?","loadingEvme2":"កំពុង​ផ្ទុក...","evme-searchbar-default":{"_":"អ្វី​​គ្រប់យ៉ាង...","placeholder":"ខ្ញុំ​កំពុង​គិត​អំពី…"},"evme-searchbar-default2":{"_":"ខ្ញុំ​កំពុង​គិត​អំពី…","placeholder":"ខ្ញុំ​កំពុង​គិត​អំពី…"},"evme-searchbar-clear":"ថយក្រោយ","evme-searchbar-title":"អ្វី​គ្រប់យ៉ាង","evme-helper-default":"បញ្ចូល​សំណួរ​ស្វែងរក ឬ​ប្រធានបទ​ណា​មួយ","evme-helper-default2":"បញ្ចូល​ប្រធាន​បទ​មួយ​ចំនួន ឬ​ពាក្យ​គន្លឹះ","evme-helper-dismiss":"បោះបង់​ចោល","evme-helper-no-refine":"រក​មិន​ឃើញ​ជម្រើស","evme-helper-history-title":"ប្រវត្តិ ៖","evme-helper-history-link":"ប្រវត្តិ","evme-helper-history-clear":"សម្អាត​​ប្រវត្តិ","evme-helper-didyoumean-title":"តើ​អ្នក​ចង់​មាន​ន័យ៖","evme-helper-refine-title":"តើ​អ្នក​ចង់​មាន​ន័យ៖","evme-helper-title-prefix":"អ្វី​គ្រប់យ៉ាង","evme-helper-title-empty":"អ្វី​គ្រប់យ៉ាង","evme-apps-market-download":"ទាញ​យក","evme-apps-market-more-apps":"កម្មវិធី​ច្រើន​ទៀត","evme-apps-loading-app":"កំពុង​ផ្ទុក...","evme-appsmore-loading":"កំពុង​ផ្ទុក...","evme-alert-app-install-confirm":"បន្ថែម {{name}} ទៅ​អេក្រង់​ដើម?","evme-alert-app-install-exists":"{{name}} បាន​បន្ថែម​រួច​ហើយ​ទៅ​អេក្រង់​ដើម","evme-alert-offline-smart-collections-more":"ភ្ជាប់​​អ៊ីនធឺណិត​ ដើម្បី​បន្ថែ​ម​​ Smart Collections បន្ថែម","evme-alert-save-wallpaper":"កំណត់​ជា​ផ្ទាំង​រូបភាព","evme-alert-no-more-smart-collections":"គ្មាន Smart Collections ដើម្បី​បន្ថែម","evme-banner-app-install-success":"{{name}} បាន​បន្ថែម​ទៅ​អេក្រង់​ដើម","evme-banner-save-wallpaper":"ការ​កំណត់​ផ្ទាំង​រូបភាព​ដោយ​ជោគជ័យ","evme-shortcuts-more":"ច្រើន​ទៀត","evme-collectionssuggest-loading":"កំពុង​ផ្ទុក...","evme-collectionssuggest-loading-cancel":"បោះបង់","evme-collectionssuggest-prompt-create-custom":"បង្កើត Smart Collection ផ្ទាល់ខ្លួន​របស់​អ្នក","evme-backgroundimage-source-label":"ប្រភព៖","evme-collection-title-prefix":"អ្វី​គ្រប់យ៉ាង","evme-collection-title-suffix":"ទូរស័ព្ទ​","evme-collection-loading-more":"កំពុង​ផ្ទុក...","evme-connectionmessage-apps":"ភ្ជាប់​ទៅ​អ៊ីនធឺណិត​ដើម្បី​ទទួល​បាន​កម្មវិធី​សម្រាប់ {{query}}","evme-connectionmessage-apps-has-installed":"ភ្ជាប់​ទៅ​អ៊ីនធឺណិត​ដើម្បី​ទទួល​បាន​កម្មវិធី​​ច្រើន​ទៀត​សម្រាប់ {{query}}","evme-tips-app-explain":{"innerHTML":"រក​អ្វី​ដែល​អ្នក​ចូលចិត្ត​ជាមួយ​កម្មវិធី​ដែល​អស្ចារ្យ។"},"evme-tips-searchbar-focus":{"innerHTML":"ឧទាហរណ៍ រក​អ្នក​ចម្រៀង​​ ឬ​​ក្រុម​ភ្លេង​ដ៏​ពេញនិយម..."},"evme-tips-exact-results":{"innerHTML":"ទាំងនេះ​ជា​កម្មវិធី​សម្រាប់ <b>{{query}}</b>,<br /><br /> ចុច​រូបតំណាង​ណាមួយ​ដើម្បី​បើក​វា។"},"evme-shortcut-custom":"ផ្ទាល់ខ្លួន…","evme-shortcut-id-astrology":"ហោរាសាស្ត្រ","evme-shortcut-id-autos":"ស្វ័យ​ប្រវត្តិ","evme-shortcut-id-beauty":"សំអាង","evme-shortcut-id-books":"សៀវភៅ","evme-shortcut-id-celebs":"Celebs","evme-shortcut-id-daily-deals":"ការ​លក់​ប្រចាំថ្ងៃ","evme-shortcut-id-dating":"ការ​ណាត់","evme-shortcut-id-electronics":"អេឡិចត្រូនិក","evme-shortcut-id-email":"អ៊ីមែល","evme-shortcut-id-entertainment":"ការ​​កម្សាន្ត​","evme-shortcut-id-environment":"បរិស្ថាន","evme-shortcut-id-fashion":"ម៉ូត","evme-shortcut-id-funny":"កំប្លែង","evme-shortcut-id-games":"ល្បែង","evme-shortcut-id-government":"រដ្ឋាភិបាល","evme-shortcut-id-health":"សុខភាព","evme-shortcut-id-jobs":"ការងារ","evme-shortcut-id-local":"មូលដ្ឋាន","evme-shortcut-id-maps":"ផែនទី","evme-shortcut-id-movies":"ភាពយន្ត","evme-shortcut-id-music":"តន្ត្រី","evme-shortcut-id-new-apps":"កម្មវិធី​ថ្មី","evme-shortcut-id-news":"ដំណឹង","evme-shortcut-id-photography":"រូបថត","evme-shortcut-id-recipes":"រូបមន្ត​ម្ហូប","evme-shortcut-id-restaurants":"ភោជនីយដ្ឋាន","evme-shortcut-id-shopping":"ការ​ទិញ","evme-shortcut-id-social":"សង្គម","evme-shortcut-id-sports":"កីឡា","evme-shortcut-id-tech-news":"ព័ត៌មាន​បច្ចេកវិទ្យា","evme-shortcut-id-top-apps":"កម្មវិធី​ពេញនិយម","evme-shortcut-id-travel":"ធ្វើដំណើរ","evme-shortcut-id-tv":"TV","evme-shortcut-id-video":"វីដេអូ","evme-shortcut-id-utilities":"ឧបករណ៍​ប្រើប្រាស់","evme-shortcut-id-weather":"អាកាសធាតុ","evme-add-to-top-of-collection":"បន្ថែម​ទៅ​ផ្នែកខាង​លើសម្រាំង","evme-save-to-homescreen":"រក្សាទុក​ទៅ​អេក្រង់​ដើម","edit-dialog-header":"កែសម្រួល​","edit-dialog-name":"ឈ្មោះ​តំបន់បណ្ដាញ","edit-dialog-url":"អាសយដ្ឋាន","edit-dialog-cancel":"បោះបង់","edit-dialog-done":"រួចរាល់"}