{"Showbiz":"Pramogos","Social":"Socialinės","Games":"Žaidimai","Music":"Muzika","wrapper-search-name":"Ieškoti „{{name}}“: {{topic}}","contextmenu-add-wallpaper":"Keisti ekrano foną","contextmenu-add-smart-collections":"Pridėti išmaniųjų rinkinių","delete-title":"„{{name}}“ šalinimas","delete-body":"Bus pašalinta programa „{{name}}“ ir visi jos duomenys.","delete":"Šalinti","cancel":"Atsisakyti","remove-title-2":"„{{name}}“ šalinimas","remove-body":"Pašalinti „{{name}}“ iš Pradžios ekrano?","remove":"Šalinti","longDateFormat":"%A, %Eb %e d.","download":"Parsiųsti","restart-download-title":"Parsiųsti iš naujo","restart-download-body":"Ar norite parsiųsti programą „{{name}}“?","loadingEvme2":"Įkeliama…","evme-searchbar-default":{"_":"Viskas…","placeholder":"Aš mąstau apie…"},"evme-searchbar-default2":{"_":"Aš mąstau apie…","placeholder":"Aš mąstau apie…"},"evme-searchbar-clear":"Grįžti","evme-searchbar-title":"Viskas","evme-helper-default":"Įveskite temą arba paieškos užklausą","evme-helper-default2":"Įveskite temą arba paieškos žodžius","evme-helper-dismiss":"Atšaukti","evme-helper-no-refine":"Parinkčių nerasta","evme-helper-history-title":"Žurnalas:","evme-helper-history-link":"Žurnalas","evme-helper-history-clear":"Valyti žurnalą","evme-helper-didyoumean-title":"Ar turėjote omenyje:","evme-helper-refine-title":"Ar turėjote omenyje:","evme-helper-title-prefix":"Viskas","evme-helper-title-empty":"Viskas","evme-apps-market-download":"Parsiųsti","evme-apps-market-more-apps":"Daugiau programų","evme-apps-loading-app":"Įkeliama…","evme-appsmore-loading":"Įkeliama…","evme-alert-app-install-confirm":"Pridėti „{{name}}“ į Pradžios ekraną?","evme-alert-app-install-exists":"Programa „{{name}}“ jau buvo Pradžios ekrane","evme-alert-offline-smart-collections-more":"Prisijunkite prie interneto, jeigu norite pridėti daugiau išmaniųjų rinkinių","evme-alert-save-wallpaper":"Naudoti kaip ekrano foną?","evme-alert-no-more-smart-collections":"Nėra galimų pridėti išmaniųjų rinkinių","evme-banner-app-install-success":"Programa „{{name}}“ pridėta į Pradžios ekraną","evme-banner-save-wallpaper":"Ekrano fonas pakeistas","evme-shortcuts-more":"Daugiau","evme-collectionssuggest-loading":"Įkeliama…","evme-collectionssuggest-loading-cancel":"Atsisakyti","evme-collectionssuggest-prompt-create-custom":"Sukurkite savo išmanųjį rinkinį","evme-backgroundimage-source-label":"Šaltinis:","evme-collection-title-prefix":"Viskas","evme-collection-title-suffix":"Telefonas","evme-collection-loading-more":"Įkeliama…","evme-connectionmessage-apps":"Prisijungti prie interneto ir gauti programų, atitinkančių užklausą „{{query}}“","evme-connectionmessage-apps-has-installed":"Prisijungti prie interneto ir gauti daugiau programų, atitinkančių užklausą „{{query}}“","evme-tips-app-explain":{"innerHTML":"Raskite mėgstamus dalykus geriausiose programose."},"evme-tips-searchbar-focus":{"innerHTML":"Pavyzdžiui, galite ieškoti savo mėgstamo atlikėjo ar grupės…"},"evme-tips-exact-results":{"innerHTML":"Šios programos atitinka užklausą <b>{{query}}</b>,<br /><br /> bakstelėkite bet kurią programą, jei norite ją atverti."},"evme-shortcut-custom":"Kita…","evme-shortcut-id-astrology":"Astrologija","evme-shortcut-id-autos":"Automobiliai","evme-shortcut-id-beauty":"Grožis","evme-shortcut-id-books":"Knygos","evme-shortcut-id-celebs":"Įžymybės","evme-shortcut-id-daily-deals":"Dienos akcijos","evme-shortcut-id-dating":"Pažintys","evme-shortcut-id-electronics":"Elektronika","evme-shortcut-id-email":"El. paštas","evme-shortcut-id-entertainment":"Pramogos","evme-shortcut-id-environment":"Aplinka","evme-shortcut-id-fashion":"Mada","evme-shortcut-id-funny":"Pokštai","evme-shortcut-id-games":"Žaidimai","evme-shortcut-id-government":"Valdžia","evme-shortcut-id-health":"Sveikata","evme-shortcut-id-jobs":"Darbas","evme-shortcut-id-local":"Vietinės","evme-shortcut-id-maps":"Žemėlapiai","evme-shortcut-id-movies":"Filmai","evme-shortcut-id-music":"Muzika","evme-shortcut-id-new-apps":"Naujos programos","evme-shortcut-id-news":"Naujienos","evme-shortcut-id-photography":"Fotografija","evme-shortcut-id-recipes":"Receptai","evme-shortcut-id-restaurants":"Restoranai","evme-shortcut-id-shopping":"Apsipirkimas","evme-shortcut-id-social":"Socialinės","evme-shortcut-id-sports":"Sportas","evme-shortcut-id-tech-news":"Technikos naujienos","evme-shortcut-id-top-apps":"Populiariausios programos","evme-shortcut-id-travel":"Kelionės","evme-shortcut-id-tv":"TV","evme-shortcut-id-video":"Video","evme-shortcut-id-utilities":"Paslaugų programos","evme-shortcut-id-weather":"Orai","evme-add-to-top-of-collection":"Pridėti į rinkinio viršų","evme-save-to-homescreen":"Pridėti į Pradžios ekraną","edit-dialog-header":"Taisymas","edit-dialog-name":"Svetainės pavadinimas","edit-dialog-url":"Adresas","edit-dialog-cancel":"Atsisakyti","edit-dialog-done":"Atlikta"}