{"Showbiz":"सो बिज्","Social":"सामाजिक","Games":"खेलहरू","Music":"सङ्गीत","wrapper-search-name":"{{name}} मा {{topic}} ","contextmenu-add-wallpaper":"वालपपेर बदल्नुहोस","contextmenu-add-smart-collections":"छरितो संङ्कलनहरु थप्नुहोस्","delete-title":"{{name}} मेट","delete-body":"{{name}} र यसका सम्पूर्ण डाटाहरु मेटाइनेछ।","delete":"मेट्नुहोस्","cancel":"रद्द गर","remove-title-2":"{{name}} हटाउनुहोस्","remove-body":"गृहपर्दाबाट {{name}} हटाउने?","remove":"हटाउनुहोस्","longDateFormat":"%A, %B %e","download":"डाउनलोड गर्नुहोस्","restart-download-title":"डाउनलोड पुन: सुरु गर्नुहोस","restart-download-body":"के तपाई {{name}} डाउनलोड गर्न चाहनुहुन्छ?","loadingEvme2":"लोड हुँदैछ...","evme-searchbar-default":{"_":"सबै...","placeholder":"म यसको बारेमा सोच्दै छु..."},"evme-searchbar-default2":{"_":"म यसको बारेमा सोच्दै छु...","placeholder":"म यसको बारेमा सोच्दै छु..."},"evme-searchbar-clear":"पछाडि","evme-searchbar-title":"सबै","evme-helper-default":"कुनै विषय वा प्रस्न खोज्न प्रविष्ट गर्नुहोस्","evme-helper-default2":"कुनै विषय वा शब्दकुञ्जी प्रविष्ट गर्नुहोस्","evme-helper-dismiss":"खारेज गर","evme-helper-no-refine":"कुनै विकल्पहरु भेटिएन","evme-helper-history-title":"इतिहास:","evme-helper-history-link":"इतिहास","evme-helper-history-clear":"इतिहास खाली गर्नुहोस्","evme-helper-didyoumean-title":"तपाईले भन्न खोज्नुभाको: ","evme-helper-refine-title":"के तपाईले यहीभन्नुभाको:","evme-helper-title-prefix":"सबै","evme-helper-title-empty":"सबै","evme-apps-market-download":"डाउनलोड गर्नुहोस्","evme-apps-market-more-apps":"धेरै एप्स्","evme-apps-loading-app":"लोड हुँदैछ...","evme-appsmore-loading":"लोड हुँदैछ...","evme-alert-app-install-confirm":"गृहपर्दामा {{name}} थप्ने?","evme-alert-app-install-exists":"{{name}} गृहपर्दामा थपिसकेको छ","evme-alert-offline-smart-collections-more":"थप सङ्कलनहरु थप्नको लागि इन्टरनेट जडान गर्नुहोस्","evme-alert-save-wallpaper":"वालपेपरका रुपमा सेट गर्नुहुन्छ?","evme-alert-no-more-smart-collections":"थप गर्न कुनै संङ्कलनहरु छैनन् ","evme-banner-app-install-success":"{{name}} गृह पर्दामा थपियो","evme-banner-save-wallpaper":"वालपेपर सफलतापूर्वक चयन गरियो","evme-shortcuts-more":"बढी","evme-collectionssuggest-loading":"लोड हुँदैछ...","evme-collectionssuggest-loading-cancel":"रद्द गर्नुहोस्","evme-collectionssuggest-prompt-create-custom":"आफ्नै छरितो संकलन सिर्जना गर्नुहोस्","evme-backgroundimage-source-label":"स्रोत:","evme-collection-title-prefix":"सबै कुरा","evme-collection-title-suffix":"फोन","evme-collection-loading-more":"लोड हुँदैछ...","evme-connectionmessage-apps":"{{query}}का लागि एप पाउन इन्टरनेट जडान गर्नुहोस्","evme-connectionmessage-apps-has-installed":"{{query}}का लागि अज धेरै एपहरु पाउनका लागि इन्टरनेट जडान गर्नुहोस्","evme-tips-app-explain":{"innerHTML":"कुल एपहरुको माध्यमबाट तपाईलाई मनपर्ने कुराहरु पत्ता लगाउनुहोस् |"},"evme-tips-searchbar-focus":{"innerHTML":"जस्तै, तपाईलाई मनपर्ने गायक वा ब्याड पत्ता लगाउनुहोस्…"},"evme-tips-exact-results":{"innerHTML":"यि एपहरु <b>{{query}}</b>का लागि हुन्, <br /><br /> खोल्नका लागि कुनै आईकन थिच्नूहोस् | "},"evme-shortcut-custom":"अनुकूल…","evme-shortcut-id-astrology":"ज्योतिष","evme-shortcut-id-autos":"स्वत","evme-shortcut-id-beauty":"सुन्दरता","evme-shortcut-id-books":"पुस्तकहरु ","evme-shortcut-id-celebs":"सेलेबस्  ","evme-shortcut-id-daily-deals":"दैनिक समझौता","evme-shortcut-id-dating":"डेटिंग","evme-shortcut-id-electronics":"विद्युतीय","evme-shortcut-id-email":"इमेल","evme-shortcut-id-entertainment":"मनोरन्जन","evme-shortcut-id-environment":"परिवेश","evme-shortcut-id-fashion":"फेसन","evme-shortcut-id-funny":"रमाइलो","evme-shortcut-id-games":"खेलहरू","evme-shortcut-id-government":"सरकार","evme-shortcut-id-health":"स्वास्थ्य","evme-shortcut-id-jobs":"कार्यहरू","evme-shortcut-id-local":"स्थानीय","evme-shortcut-id-maps":"नक्सा","evme-shortcut-id-movies":"चलचित्र","evme-shortcut-id-music":"सङ्गीत","evme-shortcut-id-new-apps":"नँया एपहरु","evme-shortcut-id-news":"समाचार","evme-shortcut-id-photography":"फोटोग्राफी","evme-shortcut-id-recipes":"ब्यन्जन","evme-shortcut-id-restaurants":"रेस्टुराहरु","evme-shortcut-id-shopping":"किनमेल","evme-shortcut-id-social":"सामाजिक","evme-shortcut-id-sports":"खेलकुद","evme-shortcut-id-tech-news":"प्राविधिक समाचार ","evme-shortcut-id-top-apps":"शीर्ष एपहरु","evme-shortcut-id-travel":"यात्रा","evme-shortcut-id-tv":"टि भि","evme-shortcut-id-video":"भिडियो","evme-shortcut-id-utilities":"युटिलिटी","evme-shortcut-id-weather":"हावापानी","evme-add-to-top-of-collection":"माथिल्लो सङ्कलनमा थप्नुहोस्","evme-save-to-homescreen":"गृहपर्दामा बचत गर्नुहोस्","edit-dialog-header":"सम्पादन गर्नुहोस्","edit-dialog-name":"वेबसाइटको नाम","edit-dialog-url":"ठेगाना","edit-dialog-cancel":"रद्द गर्नुहोस्","edit-dialog-done":"पूरा भयो"}