{"Showbiz":"Showbiz","Social":"Sociaal","Games":"Games","Music":"Muziek","wrapper-search-name":"{{topic}} op {{name}}","contextmenu-add-wallpaper":"Achtergrond wijzigen","contextmenu-add-smart-collections":"Slimme collecties toevoegen","delete-title":"{{name}} verwijderen","delete-body":"{{name}} en alle gegevens ervan zullen worden verwijderd.","delete":"Verwijderen","cancel":"Annuleren","remove-title-2":"{{name}} verwijderen","remove-body":"{{name}} van het startscherm verwijderen?","remove":"Verwijderen","longDateFormat":"%A %e %B","download":"Downloaden","restart-download-title":"Download herstarten","restart-download-body":"Wilt u {{name}} downloaden?","loadingEvme2":"Laden…","evme-searchbar-default":{"_":"Alles…","placeholder":"Ik denk aan …"},"evme-searchbar-default2":{"_":"Ik denk aan …","placeholder":"Ik denk aan …"},"evme-searchbar-clear":"Terug","evme-searchbar-title":"Alles","evme-helper-default":"Voer een onderwerp of zoekterm in","evme-helper-default2":"Voer een onderwerp of trefwoord in","evme-helper-dismiss":"Verwijderen","evme-helper-no-refine":"Geen opties gevonden","evme-helper-history-title":"Geschiedenis:","evme-helper-history-link":"Geschiedenis","evme-helper-history-clear":"Geschiedenis wissen","evme-helper-didyoumean-title":"Bedoelde u:","evme-helper-refine-title":"Bedoelde u:","evme-helper-title-prefix":"Alles","evme-helper-title-empty":"Alles","evme-apps-market-download":"Downloaden","evme-apps-market-more-apps":"Meer apps","evme-apps-loading-app":"Laden…","evme-appsmore-loading":"Laden…","evme-alert-app-install-confirm":"{{name}} aan startscherm toevoegen?","evme-alert-app-install-exists":"{{name}} is al aan startscherm toegevoegd","evme-alert-offline-smart-collections-more":"Maak verbinding met het internet om meer Slimme collecties toe te voegen","evme-alert-save-wallpaper":"Instellen als achtergrond?","evme-alert-no-more-smart-collections":"Geen Slimme collecties om toe te voegen","evme-banner-app-install-success":"{{name}} aan startscherm toegevoegd","evme-banner-save-wallpaper":"Achtergrond met succes ingesteld","evme-shortcuts-more":"Meer","evme-collectionssuggest-loading":"Laden…","evme-collectionssuggest-loading-cancel":"Annuleren","evme-collectionssuggest-prompt-create-custom":"Uw eigen Slimme collectie maken","evme-backgroundimage-source-label":"Bron:","evme-collection-title-prefix":"Alles","evme-collection-title-suffix":"Telefoon","evme-collection-loading-more":"Laden…","evme-connectionmessage-apps":"Maak verbinding met het internet om apps voor {{query}} te verkrijgen","evme-connectionmessage-apps-has-installed":"Maak verbinding met het internet om nog meer apps voor {{query}} te verkrijgen","evme-tips-app-explain":{"innerHTML":"Vind de dingen die u leuk vindt met de leukste apps."},"evme-tips-searchbar-focus":{"innerHTML":"Vind bijvoorbeeld uw favoriete zanger of band…"},"evme-tips-exact-results":{"innerHTML":"Dit zijn de apps voor <b>{{query}}</b>,<br /><br /> tik op een pictogram om het te openen."},"evme-shortcut-custom":"Aangepast…","evme-shortcut-id-astrology":"Astrologie","evme-shortcut-id-autos":"Auto’s","evme-shortcut-id-beauty":"Beauty","evme-shortcut-id-books":"Boeken","evme-shortcut-id-celebs":"Celebrity","evme-shortcut-id-daily-deals":"Dagelijkse deals","evme-shortcut-id-dating":"Dating","evme-shortcut-id-electronics":"Elektronica","evme-shortcut-id-email":"E-mail","evme-shortcut-id-entertainment":"Entertainment","evme-shortcut-id-environment":"Milieu","evme-shortcut-id-fashion":"Mode","evme-shortcut-id-funny":"Humor","evme-shortcut-id-games":"Games","evme-shortcut-id-government":"Overheid","evme-shortcut-id-health":"Gezondheid","evme-shortcut-id-jobs":"Banen","evme-shortcut-id-local":"Lokaal","evme-shortcut-id-maps":"Kaarten","evme-shortcut-id-movies":"Films","evme-shortcut-id-music":"Muziek","evme-shortcut-id-new-apps":"Nieuwe apps","evme-shortcut-id-news":"Nieuws","evme-shortcut-id-photography":"Fotografie","evme-shortcut-id-recipes":"Recepten","evme-shortcut-id-restaurants":"Restaurants","evme-shortcut-id-shopping":"Winkelen","evme-shortcut-id-social":"Sociaal","evme-shortcut-id-sports":"Sport","evme-shortcut-id-tech-news":"Technieuws","evme-shortcut-id-top-apps":"Topapps","evme-shortcut-id-travel":"Reizen","evme-shortcut-id-tv":"TV","evme-shortcut-id-video":"Video","evme-shortcut-id-utilities":"Hulpprogramma’s","evme-shortcut-id-weather":"Weer","evme-add-to-top-of-collection":"Toevoegen aan bovenkant van collectie","evme-save-to-homescreen":"Opslaan naar startscherm","edit-dialog-header":"Bewerken","edit-dialog-name":"Websitenaam","edit-dialog-url":"Adres","edit-dialog-cancel":"Annuleren","edit-dialog-done":"Gereed"}