{"Showbiz":"Шоу-бизнес","Social":"Общение","Games":"Игры","Music":"Музыка","wrapper-search-name":"{{topic}} на {{name}}","contextmenu-add-wallpaper":"Сменить обои","contextmenu-add-smart-collections":"Добавить Умные подборки","delete-title":"Удаление {{name}}","delete-body":"{{name}} и все его данные будут удалены.","delete":"Удалить","cancel":"Отмена","remove-title-2":"Удаление {{name}}","remove-body":"Удалить {{name}} с домашнего экрана?","remove":"Удалить","longDateFormat":"%A, %e %Eb","download":"Загрузить","restart-download-title":"Перезапуск загрузки","restart-download-body":"Вы хотите загрузить {{name}}?","loadingEvme2":"Загрузка…","evme-searchbar-default":{"_":"Весь…","placeholder":"Я думаю о…"},"evme-searchbar-default2":{"_":"Я думаю о…","placeholder":"Я думаю о…"},"evme-searchbar-clear":"Назад","evme-searchbar-title":"Весь","evme-helper-default":"Введите любую тему или поисковый запрос","evme-helper-default2":"Введите любую тему или ключевое слово","evme-helper-dismiss":"Прекратить","evme-helper-no-refine":"Вариантов не найдено","evme-helper-history-title":"История:","evme-helper-history-link":"История","evme-helper-history-clear":"Очистить историю","evme-helper-didyoumean-title":"Вы имели в виду:","evme-helper-refine-title":"Вы имели в виду:","evme-helper-title-prefix":"Всё","evme-helper-title-empty":"Всё","evme-apps-market-download":"Загрузить","evme-apps-market-more-apps":"Больше приложений","evme-apps-loading-app":"Загрузка…","evme-appsmore-loading":"Загрузка…","evme-alert-app-install-confirm":"Добавить {{name}} на домашний экран?","evme-alert-app-install-exists":"{{name}} уже было добавлено на домашний экран","evme-alert-offline-smart-collections-more":"Для добавления других Умных подборок подсоединитесь к Интернету","evme-alert-save-wallpaper":"Установить как обои?","evme-alert-no-more-smart-collections":"Нет Умных подборок для добавления","evme-banner-app-install-success":"{{name}} добавлено на домашний экран","evme-banner-save-wallpaper":"Обои успешно установлены","evme-shortcuts-more":"Ещё","evme-collectionssuggest-loading":"Загрузка…","evme-collectionssuggest-loading-cancel":"Отмена","evme-collectionssuggest-prompt-create-custom":"Создайте свою Умную подборку","evme-backgroundimage-source-label":"Источник:","evme-collection-title-prefix":"Всё","evme-collection-title-suffix":"Телефон","evme-collection-loading-more":"Загрузка…","evme-connectionmessage-apps":"Соединитесь с Интернетом, чтобы получить приложения для {{query}}","evme-connectionmessage-apps-has-installed":"Соединитесь с Интернетом, чтобы получить ещё больше приложений для {{query}}","evme-tips-app-explain":{"innerHTML":"Найдите то, что вам нравится, с помощью отличных приложений."},"evme-tips-searchbar-focus":{"innerHTML":"Например, найдите вашу любимую певицу или группу…"},"evme-tips-exact-results":{"innerHTML":"Это приложения для <b>{{query}}</b>,<br /><br /> для его открытия нажмите на любой значок."},"evme-shortcut-custom":"Настроить…","evme-shortcut-id-astrology":"Астрология","evme-shortcut-id-autos":"Авто","evme-shortcut-id-beauty":"Красота","evme-shortcut-id-books":"Книги","evme-shortcut-id-celebs":"Шоу-бизнес","evme-shortcut-id-daily-deals":"Ежедневные предложения","evme-shortcut-id-dating":"Знакомства","evme-shortcut-id-electronics":"Электроника","evme-shortcut-id-email":"Эл. почта","evme-shortcut-id-entertainment":"Развлечения","evme-shortcut-id-environment":"Природа","evme-shortcut-id-fashion":"Мода","evme-shortcut-id-funny":"Юмор","evme-shortcut-id-games":"Игры","evme-shortcut-id-government":"Правительство","evme-shortcut-id-health":"Здоровье","evme-shortcut-id-jobs":"Работа","evme-shortcut-id-local":"Местные","evme-shortcut-id-maps":"Карты","evme-shortcut-id-movies":"Кино","evme-shortcut-id-music":"Музыка","evme-shortcut-id-new-apps":"Новые приложения","evme-shortcut-id-news":"Новости","evme-shortcut-id-photography":"Фотография","evme-shortcut-id-recipes":"Рецепты","evme-shortcut-id-restaurants":"Рестораны","evme-shortcut-id-shopping":"Шоппинг","evme-shortcut-id-social":"Общение","evme-shortcut-id-sports":"Спорт","evme-shortcut-id-tech-news":"Технология","evme-shortcut-id-top-apps":"Топ приложений","evme-shortcut-id-travel":"Путешествия","evme-shortcut-id-tv":"ТВ","evme-shortcut-id-video":"Видео","evme-shortcut-id-utilities":"Утилиты","evme-shortcut-id-weather":"Погода","evme-add-to-top-of-collection":"Добавить в верх подборки","evme-save-to-homescreen":"Сохранить на Домашний экран","edit-dialog-header":"Правка","edit-dialog-name":"Имя веб-сайта","edit-dialog-url":"Адрес","edit-dialog-cancel":"Отмена","edit-dialog-done":"Готово"}