{"Showbiz":"Showbiz","Social":"Social","Games":"Lojëra","Music":"Muzikë","wrapper-search-name":"{{topic}} te {{name}}","contextmenu-add-wallpaper":"Ndryshoni Sfondin","contextmenu-add-smart-collections":"Shtoni Koleksione të Mençur","delete-title":"Fshini {{name}}","delete-body":"{{name}} dhe krejt të dhënat e lidhura me të do të fshihen.","delete":"Fshije","cancel":"Anuloje","remove-title-2":"Hiqni {{name}}","remove-body":"Të hiqet {{name}} prej skenës së kreut?","remove":"Hiqe","longDateFormat":"%A, %e %B","download":"Shkarkoje","restart-download-title":"Rinisni Shkarkimin","restart-download-body":"Doni të shkarkohet {{name}}?","loadingEvme2":"Po ngarkohet…","evme-searchbar-default":{"_":"Gjithçka…","placeholder":"Po mendohem për…"},"evme-searchbar-default2":{"_":"Po mendohem për…","placeholder":"Po mendohem për…"},"evme-searchbar-clear":"Mbrapsht","evme-searchbar-title":"Gjithçka","evme-helper-default":"Jepni kërkesë për çfarëdo teme ose kërkim","evme-helper-default2":"Jepni çfarëdo teme ose fjalëkyç","evme-helper-dismiss":"Hidhe tej","evme-helper-no-refine":"Nuk u gjetën opsione","evme-helper-history-title":"Historik:","evme-helper-history-link":"Historik","evme-helper-history-clear":"Pastroje historikun","evme-helper-didyoumean-title":"Donit të thonit:","evme-helper-refine-title":"Donit të thonit:","evme-helper-title-prefix":"Gjithçka","evme-helper-title-empty":"Gjithçka","evme-apps-market-download":"Shkarkoje","evme-apps-market-more-apps":"Më tepër zbatime","evme-apps-loading-app":"Po ngarkohet…","evme-appsmore-loading":"Po ngarkohet…","evme-alert-app-install-confirm":"Të shtohet {{name}} te Skena e Kreut?","evme-alert-app-install-exists":"{{name}} qe shtuar tashmë te Skena e Kreut","evme-alert-offline-smart-collections-more":"Lidhuni në internet që të shtoni Koleksione të tjerë të Mençur","evme-alert-save-wallpaper":"Të caktohet si sfond?","evme-alert-no-more-smart-collections":"Pa Koleksione të Mençur për shtim","evme-banner-app-install-success":"{{name}} u shtua te Skena e Kreut","evme-banner-save-wallpaper":"Sfondi u caktua me sukses","evme-shortcuts-more":"Më tepër","evme-collectionssuggest-loading":"Po ngarkohet…","evme-collectionssuggest-loading-cancel":"Anuloje","evme-collectionssuggest-prompt-create-custom":"Krijoni Koleksionin tuaj të Mençur","evme-backgroundimage-source-label":"Burim:","evme-collection-title-prefix":"Gjithçka","evme-collection-title-suffix":"Telefon","evme-collection-loading-more":"Po ngarkohen…","evme-connectionmessage-apps":"Lidhuni në Internet që të merrni zbatime për {{query}}","evme-connectionmessage-apps-has-installed":"Lidhuni në Internet që të merrni edhe më shumë zbatime për {{query}}","evme-tips-app-explain":{"innerHTML":"Gjeni gjërat që doni me zbatimet më të hijshme."},"evme-tips-searchbar-focus":{"innerHTML":"Për shembull, gjeni këngëtarin ose grupin tuaj të zemrës…"},"evme-tips-exact-results":{"innerHTML":"Këto janë zbatimet për <b>{{query}}</b>,<br /><br /> prekni cilëndo prej ikonave që të hapet."},"evme-shortcut-custom":"Vetjake...","evme-shortcut-id-astrology":"Astrologji","evme-shortcut-id-autos":"Automjete","evme-shortcut-id-beauty":"Bukuri","evme-shortcut-id-books":"Libra","evme-shortcut-id-celebs":"Të famshëm","evme-shortcut-id-daily-deals":"Okazione","evme-shortcut-id-dating":"Takime","evme-shortcut-id-electronics":"Elektronikë","evme-shortcut-id-email":"Email","evme-shortcut-id-entertainment":"Spektakël","evme-shortcut-id-environment":"Mjedis","evme-shortcut-id-fashion":"Modë","evme-shortcut-id-funny":"Zbavitëse","evme-shortcut-id-games":"Lojëra","evme-shortcut-id-government":"Qeveri","evme-shortcut-id-health":"Shëndet","evme-shortcut-id-jobs":"Punësime","evme-shortcut-id-local":"Vendore","evme-shortcut-id-maps":"Harta","evme-shortcut-id-movies":"Filma","evme-shortcut-id-music":"Muzikë","evme-shortcut-id-new-apps":"Zbatime të Reja","evme-shortcut-id-news":"Lajme","evme-shortcut-id-photography":"Fotografi","evme-shortcut-id-recipes":"Receta gatimesh","evme-shortcut-id-restaurants":"Restorante","evme-shortcut-id-shopping":"Blerje","evme-shortcut-id-social":"Social","evme-shortcut-id-sports":"Sport","evme-shortcut-id-tech-news":"Lajme Teknologjie","evme-shortcut-id-top-apps":"Zbatimet Kryesuese","evme-shortcut-id-travel":"Udhëtime","evme-shortcut-id-tv":"TV","evme-shortcut-id-video":"Video","evme-shortcut-id-utilities":"Të dobishme","evme-shortcut-id-weather":"Moti","evme-add-to-top-of-collection":"Shtoje në krye të koleksionit","evme-save-to-homescreen":"Ruaje te Kreu","edit-dialog-header":"Përpunoni","edit-dialog-name":"Emër sajti Web","edit-dialog-url":"Adresë","edit-dialog-cancel":"Anuloje","edit-dialog-done":"U bë"}