{"Showbiz":"Шоубизнис","Social":"Друштвено","Games":"Игрице","Music":"Музика","wrapper-search-name":"{{topic}} на {{name}}","contextmenu-add-wallpaper":"Промени позадинску слику","contextmenu-add-smart-collections":"Додај колекције","delete-title":"Обриши {{name}}","delete-body":"{{name}} и сви његови подаци ће бити обрисани.","delete":"Обриши","cancel":"Откажи","remove-title-2":"Уклони {{name}}","remove-body":"Уклонити {{name}} са почетног екрана?","remove":"Уклони","longDateFormat":"%A, %e %B","download":"Преузми","restart-download-title":"Поново покрени преузимање","restart-download-body":"Да ли желите да преузмете {{name}}?","loadingEvme2":"Учитавање…","evme-searchbar-default":{"_":"Све…","placeholder":"Мислим о…"},"evme-searchbar-default2":{"_":"Мислим о…","placeholder":"Мислим о…"},"evme-searchbar-clear":"Назад","evme-searchbar-title":"Свему","evme-helper-default":"Упишите било коју тему или појам","evme-helper-default2":"Упишите било коју тему или појам","evme-helper-dismiss":"Откажи","evme-helper-no-refine":"Нема пронађених могућности","evme-helper-history-title":"Историја:","evme-helper-history-link":"Историја","evme-helper-history-clear":"Очисти историју","evme-helper-didyoumean-title":"Да ли сте мислили:","evme-helper-refine-title":"Да ли сте мислили:","evme-helper-title-prefix":"Све","evme-helper-title-empty":"Све","evme-apps-market-download":"Преузми","evme-apps-market-more-apps":"Још апликација","evme-apps-loading-app":"Учитавање…","evme-appsmore-loading":"Учитавање…","evme-alert-app-install-confirm":"Додај {{name}} почетном екрану?","evme-alert-app-install-exists":"{{name}} је већ додато на почетни екран","evme-alert-offline-smart-collections-more":"Повежите се на интернет да бисте додали још колекција","evme-alert-save-wallpaper":"Постави позадину?","evme-alert-no-more-smart-collections":"Нема колекција за додавање","evme-banner-app-install-success":"{{name}} је додат почетном екрану","evme-banner-save-wallpaper":"Позадинa је успешно постављена","evme-shortcuts-more":"Још","evme-collectionssuggest-loading":"Учитавање...","evme-collectionssuggest-loading-cancel":"Откажи","evme-collectionssuggest-prompt-create-custom":"Направите своју колекцију","evme-backgroundimage-source-label":"Извор:","evme-collection-title-prefix":"Све","evme-collection-title-suffix":"Телефон","evme-collection-loading-more":"Учитавање…","evme-connectionmessage-apps":"Повежите се на интернет да добавите апликације за {{query}}","evme-connectionmessage-apps-has-installed":"Повежите се на интернет да добавите још апликација за {{query}}","evme-tips-app-explain":{"innerHTML":"Пронађите ствари које волите уз помоћ најбољих апликација."},"evme-tips-searchbar-focus":{"innerHTML":"На пример, пронађите омиљеног певача или групу…"},"evme-tips-exact-results":{"innerHTML":"Ово су апликације за <b>{{query}}</b>,<br /><br /> притисните било коју иконицу да је отворите."},"evme-shortcut-custom":"Произвољно...","evme-shortcut-id-astrology":"Астрологија","evme-shortcut-id-autos":"Возила","evme-shortcut-id-beauty":"Лепота","evme-shortcut-id-books":"Књиге","evme-shortcut-id-celebs":"Славни","evme-shortcut-id-daily-deals":"Дневне понуде","evme-shortcut-id-dating":"Састанци","evme-shortcut-id-electronics":"Електроника","evme-shortcut-id-email":"Е-пошта","evme-shortcut-id-entertainment":"Забава","evme-shortcut-id-environment":"Окружење","evme-shortcut-id-fashion":"Мода","evme-shortcut-id-funny":"Смешно","evme-shortcut-id-games":"Игрице","evme-shortcut-id-government":"Влада","evme-shortcut-id-health":"Здравље","evme-shortcut-id-jobs":"Послови","evme-shortcut-id-local":"Локално","evme-shortcut-id-maps":"Мапе","evme-shortcut-id-movies":"Филмови","evme-shortcut-id-music":"Музика","evme-shortcut-id-new-apps":"Нове апликације","evme-shortcut-id-news":"Вести","evme-shortcut-id-photography":"Слике","evme-shortcut-id-recipes":"Рецепти","evme-shortcut-id-restaurants":"Ресторани","evme-shortcut-id-shopping":"Куповина","evme-shortcut-id-social":"Друштвене","evme-shortcut-id-sports":"Спорт","evme-shortcut-id-tech-news":"Вести из технике","evme-shortcut-id-top-apps":"Најбоље апликације","evme-shortcut-id-travel":"Путовања","evme-shortcut-id-tv":"ТV","evme-shortcut-id-video":"Видео","evme-shortcut-id-utilities":"Услужне апликације","evme-shortcut-id-weather":"Временске прогнозе","evme-add-to-top-of-collection":"Додај на врх колекције","evme-save-to-homescreen":"Сними на почетни екран","edit-dialog-header":"Измена","edit-dialog-name":"Име веб сајта","edit-dialog-url":"Адреса","edit-dialog-cancel":"Откажи","edit-dialog-done":"Готово"}