{"Showbiz":"Šoubiznis","Social":"Društveno","Games":"Igrice","Music":"Muzika","wrapper-search-name":"{{topic}} na {{name}}","contextmenu-add-wallpaper":"Promeni pozadinsku sliku","contextmenu-add-smart-collections":"Dodaj kolekcije","delete-title":"Obriši {{name}}","delete-body":"{{name}} i svi njegovi podaci će biti obrisani.","delete":"Obriši","cancel":"Otkaži","remove-title-2":"Ukloni {{name}}","remove-body":"Ukloniti {{name}} sa početnog ekrana?","remove":"Ukloni","longDateFormat":"%A, %e %B","download":"Preuzmi","restart-download-title":"Ponovo pokreni preuzimanje","restart-download-body":"Da li želite da preuzmete {{name}}?","loadingEvme2":"Učitavanje…","evme-searchbar-default":{"_":"Sve…","placeholder":"Mislim o…"},"evme-searchbar-default2":{"_":"Mislim o…","placeholder":"Mislim o…"},"evme-searchbar-clear":"Nazad","evme-searchbar-title":"Svemu","evme-helper-default":"Upišite bilo koju temu ili pojam","evme-helper-default2":"Upišite bilo koju temu ili pojam","evme-helper-dismiss":"Otkaži","evme-helper-no-refine":"Nema pronađenih mogućnosti","evme-helper-history-title":"Istorija:","evme-helper-history-link":"Istorija","evme-helper-history-clear":"Očisti istoriju","evme-helper-didyoumean-title":"Da li ste mislili:","evme-helper-refine-title":"Da li ste mislili:","evme-helper-title-prefix":"Sve","evme-helper-title-empty":"Sve","evme-apps-market-download":"Preuzmi","evme-apps-market-more-apps":"Još aplikacija","evme-apps-loading-app":"Učitavanje…","evme-appsmore-loading":"Učitavanje…","evme-alert-app-install-confirm":"Dodaj {{name}} početnom ekranu?","evme-alert-app-install-exists":"{{name}} je već dodato na početni ekran","evme-alert-offline-smart-collections-more":"Povežite se na internet da biste dodali još kolekcija","evme-alert-save-wallpaper":"Postavi pozadinu?","evme-alert-no-more-smart-collections":"Nema kolekcija za dodavanje","evme-banner-app-install-success":"{{name}} je dodat početnom ekranu","evme-banner-save-wallpaper":"Pozadina je uspešno postavljena","evme-shortcuts-more":"Još","evme-collectionssuggest-loading":"Učitavanje...","evme-collectionssuggest-loading-cancel":"Otkaži","evme-collectionssuggest-prompt-create-custom":"Napravite svoju kolekciju","evme-backgroundimage-source-label":"Izvor:","evme-collection-title-prefix":"Sve","evme-collection-title-suffix":"Telefon","evme-collection-loading-more":"Učitavanje…","evme-connectionmessage-apps":"Povežite se na internet da dobavite aplikacije za {{query}}","evme-connectionmessage-apps-has-installed":"Povežite se na internet da dobavite još aplikacija za {{query}}","evme-tips-app-explain":{"innerHTML":"Pronađite stvari koje volite uz pomoć najboljih aplikacija."},"evme-tips-searchbar-focus":{"innerHTML":"Na primer, pronađite omiljenog pevača ili grupu…"},"evme-tips-exact-results":{"innerHTML":"Ovo su aplikacije za <b>{{query}}</b>,<br /><br /> pritisnite bilo koju ikonicu da je otvorite."},"evme-shortcut-custom":"Proizvoljno...","evme-shortcut-id-astrology":"Astrologija","evme-shortcut-id-autos":"Vozila","evme-shortcut-id-beauty":"Lepota","evme-shortcut-id-books":"Knjige","evme-shortcut-id-celebs":"Slavni","evme-shortcut-id-daily-deals":"Dnevne ponude","evme-shortcut-id-dating":"Sastanci","evme-shortcut-id-electronics":"Elektronika","evme-shortcut-id-email":"E-pošta","evme-shortcut-id-entertainment":"Zabava","evme-shortcut-id-environment":"Okruženje","evme-shortcut-id-fashion":"Moda","evme-shortcut-id-funny":"Smešno","evme-shortcut-id-games":"Igrice","evme-shortcut-id-government":"Vlada","evme-shortcut-id-health":"Zdravlje","evme-shortcut-id-jobs":"Poslovi","evme-shortcut-id-local":"Lokalno","evme-shortcut-id-maps":"Mape","evme-shortcut-id-movies":"Filmovi","evme-shortcut-id-music":"Muzika","evme-shortcut-id-new-apps":"Nove aplikacije","evme-shortcut-id-news":"Vesti","evme-shortcut-id-photography":"Slike","evme-shortcut-id-recipes":"Recepti","evme-shortcut-id-restaurants":"Restorani","evme-shortcut-id-shopping":"Kupovina","evme-shortcut-id-social":"Društvene","evme-shortcut-id-sports":"Sport","evme-shortcut-id-tech-news":"Vesti iz tehnike","evme-shortcut-id-top-apps":"Najbolje aplikacije","evme-shortcut-id-travel":"Putovanja","evme-shortcut-id-tv":"TV","evme-shortcut-id-video":"Video","evme-shortcut-id-utilities":"Uslužne aplikacije","evme-shortcut-id-weather":"Vremenske prognoze","evme-add-to-top-of-collection":"Dodaj na vrh kolekcije","evme-save-to-homescreen":"Snimi na početni ekran","edit-dialog-header":"Izmena","edit-dialog-name":"Ime veb sajta","edit-dialog-url":"Adresa","edit-dialog-cancel":"Otkaži","edit-dialog-done":"Gotovo"}