{"Showbiz":"Showbiz","Social":"Social","Games":"Games","Music":"Music","wrapper-search-name":"{{topic}} 於 {{name}}","contextmenu-add-wallpaper":"修改桌面背景","contextmenu-add-smart-collections":"新增智慧收藏集","delete-title":"刪除 {{name}}","delete-body":"{{name}} 與其所有資料將會被刪除。","delete":"刪除","cancel":"取消","remove-title-2":"移除 {{name}}","remove-body":"將 {{name}} 自裝置主畫面移除？","remove":"移除","longDateFormat":"%b %e 日 %A","download":"下載","restart-download-title":"重新開始下載","restart-download-body":"想要下載 {{name}} 嗎？","loadingEvme2":"載入中…","evme-searchbar-default":{"_":"Everything…","placeholder":"我想要…"},"evme-searchbar-default2":{"_":"我想要…","placeholder":"我想要…"},"evme-searchbar-clear":"返回","evme-searchbar-title":"Everything","evme-helper-default":"輸入任何類型或搜尋字串","evme-helper-default2":"輸入任何主題或關鍵字","evme-helper-dismiss":"解除","evme-helper-no-refine":"找不到選項","evme-helper-history-title":"歷史:","evme-helper-history-link":"歷史","evme-helper-history-clear":"清除歷史","evme-helper-didyoumean-title":"您是不是指:","evme-helper-refine-title":"您是不是指:","evme-helper-title-prefix":"Everything","evme-helper-title-empty":"Everything","evme-apps-market-download":"下載","evme-apps-market-more-apps":"更多應用程式","evme-apps-loading-app":"載入中…","evme-appsmore-loading":"載入中…","evme-alert-app-install-confirm":"新增 {{name}} 到裝置主畫面？","evme-alert-app-install-exists":"{{name}} 已存在於裝置主畫面","evme-alert-offline-smart-collections-more":"連線到網路以新增更多智慧收藏集","evme-alert-save-wallpaper":"設定為桌面背景？","evme-alert-no-more-smart-collections":"無智慧收藏集可新增","evme-banner-app-install-success":"已新增 {{name}} 到裝置主畫面","evme-banner-save-wallpaper":"成功設定桌面背景","evme-shortcuts-more":"更多","evme-collectionssuggest-loading":"載入中…","evme-collectionssuggest-loading-cancel":"取消","evme-collectionssuggest-prompt-create-custom":"建立您自己的智慧收藏集","evme-backgroundimage-source-label":"來源:","evme-collection-title-prefix":"Everything","evme-collection-title-suffix":"電話","evme-collection-loading-more":"載入中…","evme-connectionmessage-apps":"連線到網際網路以下載 {{query}} 的應用程式","evme-connectionmessage-apps-has-installed":"連線到網際網路以下載更多 {{query}} 的應用程式","evme-tips-app-explain":{"innerHTML":"透過最酷的應用程式尋找您喜愛的東西。"},"evme-tips-searchbar-focus":{"innerHTML":"例如，尋找您最愛的歌手或樂團…"},"evme-tips-exact-results":{"innerHTML":"找到一些 <b>{{query}}</b> 的應用程式，<br /><br /> 點擊任何圖示開啟。"},"evme-shortcut-custom":"自訂…","evme-shortcut-id-astrology":"Astrology","evme-shortcut-id-autos":"Autos","evme-shortcut-id-beauty":"Beauty","evme-shortcut-id-books":"Books","evme-shortcut-id-celebs":"Celebs","evme-shortcut-id-daily-deals":"Daily Deals","evme-shortcut-id-dating":"Dating","evme-shortcut-id-electronics":"Electronics","evme-shortcut-id-email":"Email","evme-shortcut-id-entertainment":"Entertainment","evme-shortcut-id-environment":"Environment","evme-shortcut-id-fashion":"Fashion","evme-shortcut-id-funny":"Funny","evme-shortcut-id-games":"Games","evme-shortcut-id-government":"Government","evme-shortcut-id-health":"Health","evme-shortcut-id-jobs":"Jobs","evme-shortcut-id-local":"Local","evme-shortcut-id-maps":"Maps","evme-shortcut-id-movies":"Movies","evme-shortcut-id-music":"Music","evme-shortcut-id-new-apps":"New Apps","evme-shortcut-id-news":"News","evme-shortcut-id-photography":"Photography","evme-shortcut-id-recipes":"Recipes","evme-shortcut-id-restaurants":"Restaurants","evme-shortcut-id-shopping":"Shopping","evme-shortcut-id-social":"Social","evme-shortcut-id-sports":"Sports","evme-shortcut-id-tech-news":"Tech News","evme-shortcut-id-top-apps":"Top Apps","evme-shortcut-id-travel":"Travel","evme-shortcut-id-tv":"TV","evme-shortcut-id-video":"Video","evme-shortcut-id-utilities":"Utilities","evme-shortcut-id-weather":"Weather","evme-add-to-top-of-collection":"新增至收藏集頂端","evme-save-to-homescreen":"儲存至主畫面","edit-dialog-header":"編輯","edit-dialog-name":"網站名稱","edit-dialog-url":"網址","edit-dialog-cancel":"取消","edit-dialog-done":"完成"}