{"callAirplaneModeMessage":"To make a call you need to disable airplane mode in settings.","callAirplaneModeBtnOk":"OK","callAirplaneModeTitle":"Airplane mode activated","numberIsBusyTitle":"Number is busy","numberIsBusyMessage":"The number is currently busy. Please try again later.","fdnIsActiveTitle":"FDN active","fdnIsActiveMessage":"FDN (Fixed Dialing Numbers) is activated and the following number is not in your FDN list: {{ number }}","voiceMail":"Voicemail","emergencyNumber":"Emergency number","emergencyDialogBodyBadNumber":"To make a call, the phone must be connected to a network.","emergencyDialogBodyDeviceNotAccepted":"Emergency calls are not allowed by the network.","emergencyDialogBtnOk":"OK","emergencyDialogTitle":"No network connection","invalidNumberToDialTitle":"Invalid phone number","invalidNumberToDialMessage":"The phone number you are calling is not valid.","unableToCallTitle":"Unable to make a phone call now","unableToCallMessage":"Cannot make a call. If you are already dialing, please hang up first.","otherConnectionInUseTitle":"Other connection in use","otherConnectionInUseMessage":"You have an active call on another connection. You can only use one connection at a time.","addNewNumber":"Add new number","addToExistingContact":"Add to existing contact","all":{"_":"All","ariaLabel":"All"},"asterisk":{"ariaLabel":"Asterisk"},"callLog":"Call log","callLogEdit":{"title":"Edit call log"},"callLogEditDialog":{"ariaLabel":"Edit call log dialog"},"connecting":"Connecting","cancel":"Cancel","cf-async":"Asynchronous: {{ async }}\\n","cf-data":"Data: {{ data }}\\n","cf-error":"An error occurred while retrieving call forwarding status","cf-fax":"FAX: {{ fax }}\\n","cf-inactive":"Inactive","cf-packet":"Packet: {{ packet }}\\n","cf-pad":"PAD: {{ pad }}\\n","cf-sms":"SMS: {{ sms }}\\n","cf-status":"Call forwarding status\\n","cf-sync":"Synchronous: {{ sync }}\\n","cf-voice":"Voice: {{ voice }}\\n","close":"Close","confirm-deletion":"Clear selected calls?","contacts":{"ariaLabel":"Contacts"},"createNewContact":"Create new contact","delete":"Delete","deselectAll":"Deselect all","dialerAddContact":{"ariaLabel":"Add contact"},"dialerAddContactDialog":{"ariaLabel":"Add Contact Dialog"},"edit-selected":{"_index":["plural","n"],"_":{"one":"{{ n }} selected","two":"{{ n }} selected","few":"{{ n }} selected","many":"{{ n }} selected","other":"{{ n }} selected"}},"edit":"Edit","hashSign":{"ariaLabel":"Hash sign"},"hideKeypad":{"ariaLabel":"Hide keypad"},"ignore":"Ignore Call","incoming":"Incoming","keypad":{"ariaLabel":"Keypad"},"keypadDelete":{"ariaLabel":"Delete"},"makeCall":{"ariaLabel":"Make call"},"merge":"Merge","missed":{"_":"Missed","ariaLabel":"Missed"},"missedCall":"Missed call","missedCallMultiSims":"(SIM {{ n }}) Missed call","mmi-error":"An error occurred while sending the message","mmi-session-expired":"Session expired","mmi-successfully-sent":"Message successfully sent","mute":{"ariaLabel":"Mute"},"newCall":{"ariaLabel":"New call"},"no-logs-msg-1":"No calls recorded","no-logs-msg-2":"Start communicating now","no-logs-msg-3":"No missed calls","phoneNumberInput":{"ariaLabel":"Phone number"},"recents":{"ariaLabel":"Recent calls"},"reply":"Reply","selectAll":"Select all","send":"Send","switch-calls":"Switch calls","today":"Today","voiceMailKey":{"ariaLabel":"Voicemail"},"withheld-number":"Withheld number","from-contact":"From {{ contact }}","from-number":"From {{ number }}","from-withheld-number":"From withheld number","yesterday":"Yesterday","sending":"Sending…","speakerOption":{"ariaLabel":"Speaker"},"ussd-services":"{{ operator }} services","toggleKeypad":{"ariaLabel":"Toggle keypad"},"type-your-response":{"placeholder":"Type your response…"},"clear-all-text":"Clear all text","hide":"Hide","call":"Call","hold":{"ariaLabel":"Hold"},"resume":{"_":"Resume","ariaLabel":"Resume"},"sendSms":"Send Message","callEnded":"Call Ended","via-sim":"via SIM{{ n }}","sim-number":"SIM{{ n }}","hangup-a11y-button":{"ariaLabel":"Hang Up"},"pickup-a11y-button":{"ariaLabel":"Pick up"},"unlock-a11y-button":{"ariaLabel":"Slider"},"settings":"Settings","delete-n-log?":{"_index":["plural","n"],"_":{"zero":"Nothing selected","one":"Delete selected log?","two":"Delete {{ n }} logs?","few":"Delete {{ n }} logs?","many":"Delete {{ n }} logs?","other":"Delete {{ n }} logs?"}},"callDurationMinutes":"{{ m }}:{{ s }}","callDurationHours":"{{ h }}:{{ m }}:{{ s}}","suggestionMatches":{"_index":["plural","n"],"_":{"one":"{{ n }} match for \"{{ matchNumber }}\"","two":"{{ n }} matches for \"{{ matchNumber }}\"","few":"{{ n }} matches for \"{{ matchNumber }}\"","many":"{{ n }} matches for \"{{ matchNumber }}\"","other":"{{ n }} matches for \"{{ matchNumber }}\""}},"scCallBarring":"Call barring","scCallForwarding":"Call forwarding","scClip":"Incoming Caller ID","scClir":"Outgoing Caller ID","scPwd":"Password change","scCallWaiting":"Call waiting","scPin":"PIN change","scPin2":"PIN2 change","scPuk":"Unblock PIN","scPuk2":"Unblock PIN2","scImei":"IMEI","scUssd":"USSD","serviceClassVoice":"Voice","serviceClassData":"Data","serviceClassFax":"FAX","serviceClassSms":"SMS","serviceClassDataSync":"Sync","serviceClassDataAsync":"Async","serviceClassPacket":"Packet","serviceClassPad":"PAD","smServiceEnabled":"Service was enabled","smServiceDisabled":"Service has been disabled","smServiceRegistered":"Registration was successful","smServiceErased":"Erasure was successful","smServiceInterrogated":"Request was successful","smServiceNotProvisioned":"Service not provisioned","smClirPermanent":"You can not change the caller ID setting","smClirDefaultOnNextCallOn":"Caller ID defaults to restricted. Next call: Restricted","smClirDefaultOnNextCallOff":"Caller ID defaults to restricted. Next call: Not restricted","smClirDefaultOffNextCallOn":"Caller ID defaults to not restricted. Next call: Restricted","smClirDefaultOffNextCallOff":"Caller ID defaults to not restricted. Next call: Not restricted","smServiceEnabledFor":"Service was enabled for:","smPinChanged":"PIN successfully changed","smPinUnblocked":"PIN successfully unblocked","smPin2Changed":"PIN2 successfully changed","smPin2Unblocked":"PIN2 successfully unblocked","emMmiError":"Connection problem or invalid MMI code","emMmiErrorPasswordIncorrect":"Incorrect Password","emMmiErrorNotSupported":"Invalid or Unsupported MMI Code","emMmiErrorInvalidAction":"Invalid action","emMmiErrorInvalidScCode":"Invalid service code","emMmiErrorBadPuk":"The PUK you typed is not correct","emMmiErrorBadPin":"The old PIN you typed is not correct.","emMmiErrorNeedPuk2":"Type PUK2 to unblock SIM card","emMmiErrorMismatchPin":"The PINs you typed do not match","emMmiErrorInvalidPin":"Type a PIN that is 4 to 8 numbers","emMmiErrorNeedsPuk":"Your SIM card is PUK-locked","emMmiErrorEnablePin":"Unsuccessful. Enable SIM/RUIM LOCK","emMmiErrorMmiFdn":"Operation is restricted to fixed dialing numbers only","emMmiErrorStkCcUssdDial":"USSD request is modified to DIAL request","emMmiErrorStkCcUssdSs":"USSD request is modified to SS request","emMmiErrorStkCcUssdUssd":"USSD request is modified to new USSD request","emMmiErrorStkCcSsDial":"SS request is modified to DIAL request","emMmiErrorStkCcSsUssd":"SS request is modified to USSD request","emMmiErrorStkCcSsSs":"SS request is modified to new SS request","emMmiErrorPinPukAttempts":{"_index":["plural","n"],"_":{"one":"Only {{ n }} retry left","two":"{{ n }} retries left","few":"{{ n }} retries left","many":"{{ n }} retries left","other":"{{ n }} retries left"}},"emMmiErrorSimBlocked":"Maximum number of retries exceeded. SIM blocked","RadioNotAvailable":"Radio not available","GenericFailure":"Generic failure","PasswordIncorrect":"Password incorrect","SimPin2":"SIM PIN2","SimPuk2":"SIM PUK2","RequestNotSupported":"Request not supported","OpNotAllowedDuringVoiceCall":"Operation not allowed during voice call","SmsSendFailRetry":"SMS send fail retry","SimAbsent":"SIM absent","SubscriptionNotAvailable":"Subscription not available","ModeNotSupported":"Mode not supported","FdnCheckFailure":"Fdn check failure","IllegalSimOrMe":"Illegal SIM or ME","DialModifiedToUssd":"Dial modified to USSD","DialModifiedToSs":"Dial modified to SS","DialModifiedToDial":"Dial modified to dial","UssdModifiedToDial":"USSD modified to dial","UssdModifiedToSs":"USSD modified to SS","UssdModifiedToUssd":"USSD modified to USSD","SsModifiedToDial":"SS modified to dial","SsModifiedToUssd":"SS modified to USSD","SsModifiedToSs":"SS modified to SS","SubscriptionNotSupported":"Subscription not supported","InvalidParameter":"Invalid parameter","RejectedByRemote":"Rejected by remote","group-call":{"_index":["plural","n"],"_":{"one":"Group call ({{ n }})","two":"Group call ({{ n }})","few":"Group call ({{ n }})","many":"Group call ({{ n }})","other":"Group call ({{ n }})"}},"caller-left-call":"{{ caller }} has left the call.","conferenceAddError":"Unable to merge calls","conferenceRemoveError":"Unable to unmerge calls","longDateFormat":"%A, %B %e","select-audio-sources":"Select audio sources","bluetooth-handsfree-device":"Bluetooth handsfree device","receiver":"Receiver","speaker":"Speaker","weekday-0-long":"রবিবার","weekday-1-long":"সোমবার","weekday-2-long":"মঙ্গলবার","weekday-3-long":"বুধবার","weekday-4-long":"বৃহস্পতিবার","weekday-5-long":"শুক্রবার","weekday-6-long":"শনিবার","weekday-0-short":"রবি","weekday-1-short":"সোম","weekday-2-short":"মঙ্গল","weekday-3-short":"বুধ","weekday-4-short":"বৃহঃ","weekday-5-short":"শুক্র","weekday-6-short":"শনি","month-0-long":"জানুয়ারি","month-1-long":"ফেব্রুয়ারি","month-2-long":"মার্চ","month-3-long":"এপ্রিল","month-4-long":"মে","month-5-long":"জুন","month-6-long":"জুলাই","month-7-long":"আগস্ট","month-8-long":"সেপ্টেম্বর","month-9-long":"অক্টোবর","month-10-long":"নভেম্বর","month-11-long":"ডিসেম্বর","month-0-genitive":"জানুয়ারি","month-1-genitive":"ফেব্রুয়ারি","month-2-genitive":"মার্চ","month-3-genitive":"এপ্রিল","month-4-genitive":"মে","month-5-genitive":"জুন","month-6-genitive":"জুলাই","month-7-genitive":"আগস্ট","month-8-genitive":"সেপ্টেম্বর","month-9-genitive":"অক্টোবর","month-10-genitive":"নভেম্বর","month-11-genitive":"ডিসেম্বর","month-0-short":"জানু","month-1-short":"ফেব্রু","month-2-short":"মার্চ","month-3-short":"এপ্রিল","month-4-short":"মে","month-5-short":"জুন","month-6-short":"জুলাই","month-7-short":"আগস্ট","month-8-short":"সেপ্ট","month-9-short":"অক্টো","month-10-short":"নভে","month-11-short":"ডিসে","minutes-ago-long":{"_index":["plural","value"],"_":{"zero":"এইমাত্র","one":"১ মিনিট পূর্বে","two":"{{value}} মিনিট পূর্বে","few":"{{value}} মিনিট পূর্বে","many":"{{value}} মিনিট পূর্বে","other":"{{value}} মিনিট পূর্বে"}},"hours-ago-long":{"_index":["plural","value"],"_":{"zero":"এইমাত্র","one":"১ ঘন্টা পূর্বে","two":"{{value}} ঘন্টা পূর্বে","few":"{{value}} ঘন্টা পূর্বে","many":"{{value}} ঘন্টা পূর্বে","other":"{{value}} ঘন্টা পূর্বে"}},"days-ago-long":{"_index":["plural","value"],"_":{"zero":"আজ","one":"গতকাল","two":"{{value}} দিন পূর্বে","few":"{{value}} দিন পূর্বে","many":"{{value}} দিন পূর্বে","other":"{{value}} দিন পূর্বে"}},"weeks-ago-long":{"_index":["plural","value"],"_":{"zero":"এই সপ্তাহে","one":"গত সপ্তাহ","two":"{{value}} সপ্তাহ পূর্বে","few":"{{value}} সপ্তাহ পূর্বে","many":"{{value}} সপ্তাহ পূর্বে","other":"{{value}} সপ্তাহ পূর্বে"}},"months-ago-long":{"_index":["plural","value"],"_":{"zero":"চলতি মাস","one":"গত মাস","two":"{{value}} মাস পূর্বে","few":"{{value}} মাস পূর্বে","many":"{{value}} মাস পূর্বে","other":"{{value}} মাস পূর্বে"}},"years-ago-long":{"_index":["plural","value"],"_":{"zero":"এই বছর","one":"গত বছর","two":"{{value}} বছর আগে","few":"{{value}} বছর পূর্বে","many":"{{value}} বছর পূর্বে","other":"{{value}} বছর পূর্বে"}},"minutes-until-long":{"_index":["plural","value"],"_":{"zero":"এখন","one":"এক মিনিটের মধ্যে","two":"{{value}} মিনিটের মধ্যে","few":"{{value}} মিনিটের মধ্যে","many":"{{value}} মিনিটের মধ্যে","other":"{{value}} মিনিটের মধ্যে"}},"hours-until-long":{"_index":["plural","value"],"_":{"zero":"এখন","one":"এক ঘন্টার মধ্যে","two":"{{value}} ঘন্টার মধ্যে","few":"{{value}} ঘন্টার মধ্যে","many":"{{value}} ঘন্টার মধ্যে","other":"{{value}} ঘন্টার মধ্যে"}},"days-until-long":{"_index":["plural","value"],"_":{"zero":"আজ","one":"আগামীকাল","two":"{{value}} দিনের মধ্যে","few":"{{value}} দিনের মধ্যে","many":"{{value}} দিনের মধ্যে","other":"{{value}} দিনের মধ্যে"}},"weeks-until-long":{"_index":["plural","value"],"_":{"zero":"চলতি সপ্তাহ","one":"পরবর্তী সপ্তাহ","two":"{{value}} সপ্তাহের মধ্যে","few":"{{value}} সপ্তাহের মধ্যে","many":"{{value}} সপ্তাহের মধ্যে","other":"{{value}} সপ্তাহের মধ্যে"}},"months-until-long":{"_index":["plural","value"],"_":{"zero":"এই মাস","one":"পরবর্তী মাস","two":"{{value}} মাসের মধ্যে","few":"{{value}} মাসের মধ্যে","many":"{{value}} মাসের মধ্যে","other":"{{value}} মাসের মধ্যে"}},"years-until-long":{"_index":["plural","value"],"_":{"zero":"এই বছর","one":"আগামী বছর","two":"{{value}} বছরের মধ্যে","few":"{{value}} বছরের মধ্যে","many":"{{value}} বছরের মধ্যে","other":"{{value}} বছরের মধ্যে"}},"minutes-ago-short":{"_index":["plural","value"],"_":{"zero":"এইমাত্র","other":"{{value}}মি. পূর্বে"}},"hours-ago-short":{"_index":["plural","value"],"_":{"zero":"এইমাত্র","other":"{{value}}ঘ. পূর্বে"}},"days-ago-short":{"_index":["plural","value"],"_":{"zero":"আজ","other":"{{value}}দিন পূর্বে"}},"minutes-until-short":{"_index":["plural","value"],"_":{"zero":"এখন","other":"{{value}} মিনিটের মধ্যে"}},"hours-until-short":{"_index":["plural","value"],"_":{"zero":"এখন","other":"{{value}}ঘন্টার মধ্যে"}},"days-until-short":{"_index":["plural","value"],"_":{"zero":"আজ","other":"{{value}}দিনের মধ্যে"}},"incorrectDate":"(ভুল তারিখ)","dateTimeFormat_%c":"%a %b %e %Y %I:%M:%S %p","dateTimeFormat_%x":"%m/%d/%Y","dateTimeFormat_%X":"%I:%M:%S %p","shortTimeFormat":"%I:%M %p","shortDateTimeFormat":"%x %I:%M %p","weekStartsOnMonday":"0","time_am":"AM","time_pm":"PM"}