{"callAirplaneModeMessage":"Afin de passer un appel vous devez désactiver le mode avion dans les paramètres.","callAirplaneModeBtnOk":"OK","callAirplaneModeTitle":"Mode avion activé","numberIsBusyTitle":"Numéro occupé","numberIsBusyMessage":"Le numéro est actuellement occupé. Veuillez réessayer plus tard.","fdnIsActiveTitle":"FDN active","fdnIsActiveMessage":"FDN (Fixed Dialing Numbers) is activated and the following number is not in your FDN list: {{ number }}","voiceMail":"Messagerie vocale","emergencyNumber":"Numéro d’urgence","emergencyDialogBodyBadNumber":"Afin d’appeler, vous devez d’abord avoir une couverture réseau.","emergencyDialogBodyDeviceNotAccepted":"Appels d’urgence non autorisés par le réseau.","emergencyDialogBtnOk":"OK","emergencyDialogTitle":"Pas de réseau","invalidNumberToDialTitle":"Numéro de téléphone non valide","invalidNumberToDialMessage":"Le numéro de téléphone que vous essayez de joindre n’est pas valide.","unableToCallTitle":"Impossible de passer un appel maintenant","unableToCallMessage":"Impossible de passer un appel. Si vous êtes déjà en communication, veuillez d’abord raccrocher.","otherConnectionInUseTitle":"Autre ligne active","otherConnectionInUseMessage":"Un appel est déjà en cours sur une autre ligne. Vous ne pouvez utiliser qu’une ligne à la fois.","addNewNumber":"Add new number","addToExistingContact":"Ajouter à un contact existant","all":"Tous","asterisk":{"ariaLabel":"Asterisk"},"callLog":"Journal d’appels","callLogEdit":{"title":"Edit call log"},"callLogEditDialog":{"ariaLabel":"Edit call log dialog"},"connecting":"Appel","cancel":"Annuler","cf-async":"Asynchrone : {{ async }}\\n","cf-data":"Données : {{ data }}\\n","cf-error":"Une erreur s’est produite lors de la récupération de l’état du transfert d’appel.","cf-fax":"FAX : {{ fax }}\\n","cf-inactive":"Inactif","cf-packet":"Paquets : {{ packet }}\\n","cf-pad":"PAD : {{ pad }}\\n","cf-sms":"SMS : {{ sms }}\\n","cf-status":"État du renvoi d’appels\\n","cf-sync":"Synchrone : {{ sync }}\\n","cf-voice":"Voix : {{ voice }}\\n","close":"Close","confirm-deletion":"Effacer les appels sélectionnés ?","contacts":{"ariaLabel":"Contacts"},"createNewContact":"Créer un nouveau contact","delete":"Supprimer","deselectAll":"Tout désélectionner","dialerAddContact":{"ariaLabel":"Add contact"},"dialerAddContactDialog":{"ariaLabel":"Add Contact Dialog"},"edit-selected":{"_index":["plural","n"],"_":{"one":"{{ n }} sélectionné","two":"{{ n }} sélectionnés","few":"{{ n }} sélectionnés","many":"{{ n }} sélectionnés","other":"{{ n }} sélectionnés"}},"edit":"Modifier","hashSign":{"ariaLabel":"Hash sign"},"hideKeypad":{"ariaLabel":"Hide keypad"},"ignore":"Ignorer l’appel","incoming":"Entrant","keypad":{"ariaLabel":"Keypad"},"keypadDelete":{"ariaLabel":"Delete"},"makeCall":{"ariaLabel":"Make call"},"merge":"Merge","missed":"Manqués","missedCall":"Appel manqué","missedCallMultiSims":"(SIM {{ n }}) Appel manqué","mmi-error":"Une erreur s’est produite lors de l’envoi du message","mmi-session-expired":"Session expirée","mmi-successfully-sent":"Message envoyé avec succès","mute":{"ariaLabel":"Mute"},"newCall":{"ariaLabel":"New call"},"no-logs-msg-1":"Aucun appel enregistré","no-logs-msg-2":"Vous pouvez dès à présent passer un appel","no-logs-msg-3":"Aucun appel manqué","phoneNumberInput":{"ariaLabel":"Phone number"},"recents":{"ariaLabel":"Recent calls"},"reply":"Répondre","selectAll":"Tout sélectionner","send":"Envoyer","switch-calls":"Basculer sur un autre appel","today":"Aujourd’hui","voiceMailKey":{"ariaLabel":"Voicemail"},"withheld-number":"Numéro masqué","from-contact":"De {{ contact }}","from-number":"Du {{ number }}","from-withheld-number":"D’un numéro masqué","yesterday":"Hier","sending":"Envoi en cours…","speakerOption":{"ariaLabel":"Speaker"},"ussd-services":"Services {{ operator }}","toggleKeypad":{"ariaLabel":"Toggle keypad"},"type-your-response":{"placeholder":"Saisissez votre réponse…"},"clear-all-text":"Effacer tout le texte","hide":"Masquer","call":"Appeler","hold":{"ariaLabel":"En attente"},"resume":"Reprendre","sendSms":"Envoyer un message","callEnded":"Appel terminé","via-sim":"avec la SIM {{ n }}","sim-number":"SIM {{ n }}","hangup-a11y-button":{"aria-label":"Raccrocher"},"pickup-a11y-button":{"aria-label":"Répondre"},"unlock-a11y-button":{"aria-label":"Bouton à faire glisser"},"settings":"Paramètres","delete-n-log?":{"_index":["plural","n"],"_":{"zero":"Aucune entrée sélectionnée","one":"Supprimer l’entrée sélectionnée ?","two":"Supprimer {{ n }} entrées ?","few":"Supprimer {{ n }} entrées ?","many":"Supprimer {{ n }} entrées ?","other":"Supprimer {{ n }} entrées ?"}},"callDurationMinutes":"{{ m }}:{{ s }}","callDurationHours":"{{ h }}:{{ m }}:{{ s}}","suggestionMatches":{"_index":["plural","n"],"_":{"one":"{{ n }} correspondance pour « {{ matchNumber }} »","two":"{{ n }} correspondances pour « {{ matchNumber }} »","few":"{{ n }} correspondances pour « {{ matchNumber }} »","many":"{{ n }} correspondances pour « {{ matchNumber }} »","other":"{{ n }} correspondances pour « {{ matchNumber }} »"}},"scCallBarring":"Restrictions d’appels","scCallForwarding":"Transfert d’appel","scClip":"Présentation du numéro entrant","scClir":"Présentation du numéro sortant","scPwd":"Modifier mot de passe","scCallWaiting":"Double appel","scPin":"Modifier PIN","scPin2":"Modifier PIN2","scPuk":"Débloquer PIN","scPuk2":"Débloquer PIN2","scImei":"IMEI","scUssd":"USSD","serviceClassVoice":"Voix","serviceClassData":"Données","serviceClassFax":"FAX","serviceClassSms":"SMS","serviceClassDataSync":"Synchrone","serviceClassDataAsync":"Asynchrone","serviceClassPacket":"Paquets","serviceClassPad":"PAD","smServiceEnabled":"Le service était activé","smServiceDisabled":"Le service a été désactivé","smServiceRegistered":"Échec de l’enregistrement","smServiceErased":"L’effacement a réussi","smServiceInterrogated":"La requête a réussi","smServiceNotProvisioned":"Service non provisionné","smClirPermanent":"Vous ne pouvez pas modifier le paramètre de présentation du numéro","smClirDefaultOnNextCallOn":"Présentation du numéro désactivée par défaut. Prochain appel : masqué","smClirDefaultOnNextCallOff":"Présentation du numéro désactivée par défaut. Prochain appel : affiché","smClirDefaultOffNextCallOn":"Présentation du numéro activée par défaut. Prochain appel : masqué","smClirDefaultOffNextCallOff":"Présentation du numéro activée par défaut. Prochain appel : affiché","smServiceEnabledFor":"Le service était activé pour :","smPinChanged":"Changement PIN réussi","smPinUnblocked":"Déblocage PIN réussi","smPin2Changed":"Changement PIN2 réussi","smPin2Unblocked":"Déblocage PIN2 réussi","emMmiError":"Problème de connexion ou code MMI non valide","emMmiErrorPasswordIncorrect":"Mot de passe incorrect","emMmiErrorNotSupported":"Code MMI non valide ou non pris en charge","emMmiErrorInvalidAction":"Action non valide","emMmiErrorInvalidScCode":"Code de service non valide","emMmiErrorBadPuk":"Le PUK saisi n’est pas correct","emMmiErrorBadPin":"L’ancien PIN saisi n’est pas correct.","emMmiErrorNeedPuk2":"Saisissez le PUK2 pour déverrouiller la carte SIM","emMmiErrorMismatchPin":"Les PIN saisis ne correspondent pas","emMmiErrorInvalidPin":"Saisissez un PIN de 4 à 8 chiffres","emMmiErrorNeedsPuk":"Votre carte SIM est verrouillée par code PUK","emMmiErrorEnablePin":"Échec. Activer SIM/RUIM LOCK","emMmiErrorMmiFdn":"Opération restreinte à la liste de numéros autorisés (FDN)","emMmiErrorStkCcUssdDial":"Requête USSD modifiée en requête DIAL","emMmiErrorStkCcUssdSs":"Requête USSD modifiée en requête SS","emMmiErrorStkCcUssdUssd":"Requête USSD modifiée en nouvelle requête USSD","emMmiErrorStkCcSsDial":"Requête SS modifiée en requête DIAL","emMmiErrorStkCcSsUssd":"Requête SS modifiée en requête USSD","emMmiErrorStkCcSsSs":"Requête SS modifiée en nouvelle requête SS","emMmiErrorPinPukAttempts":{"_index":["plural","n"],"_":{"one":"Dernier essai","two":"{{ n }} essais restants","few":"{{ n }} essais restants","many":"{{ n }} essais restants","other":"{{ n }} essais restants"}},"emMmiErrorSimBlocked":"Nombre maximal d’essais dépassé. SIM bloquée","RadioNotAvailable":"Radio indisponible","GenericFailure":"Échec générique","PasswordIncorrect":"Mot de passe incorrect","SimPin2":"PIN2 carte SIM","SimPuk2":"PUK2 carte SIM","RequestNotSupported":"Requête non prise en charge","OpNotAllowedDuringVoiceCall":"Opération non permise durant un appel","SmsSendFailRetry":"Échec de l’envoi du SMS, réessayer","SimAbsent":"SIM absente","SubscriptionNotAvailable":"Abonnement non disponible","ModeNotSupported":"Mode non pris en charge","FdnCheckFailure":"Échec de la vérification de la liste de numéros autorisés (FDN)","IllegalSimOrMe":"SIM ou ME illégal","DialModifiedToUssd":"Dial modifiée en USSD","DialModifiedToSs":"Dial modifiée en SS","DialModifiedToDial":"Dial modifiée en dial","UssdModifiedToDial":"USSD modifiée en dial","UssdModifiedToSs":"USSD modifiée en SS","UssdModifiedToUssd":"USSD modifiée en USSD","SsModifiedToDial":"SS modifiée en dial","SsModifiedToUssd":"SS modifiée en USSD","SsModifiedToSs":"SS modifiée en SS","SubscriptionNotSupported":"Abonnement non pris en charge","InvalidParameter":"Paramètre non valide","RejectedByRemote":"Rejeté par l’équipement distant","group-call":{"_index":["plural","n"],"_":{"one":"Appel de groupe ({{ n }})","two":"Appel de groupe ({{ n }})","few":"Appel de groupe ({{ n }})","many":"Appel de groupe ({{ n }})","other":"Appel de groupe ({{ n }})"}},"caller-left-call":"{{ caller }} a quitté l’appel.","conferenceAddError":"Impossible de regrouper les appels","conferenceRemoveError":"Impossible de séparer les appels","longDateFormat":"%A %e %Eb","select-audio-sources":"Choisir les sources audio","bluetooth-handsfree-device":"Kit mains libres Bluetooth","receiver":"Écouteur","speaker":"Haut-parleur","weekday-0-long":"Dimanche","weekday-1-long":"Lundi","weekday-2-long":"Mardi","weekday-3-long":"Mercredi","weekday-4-long":"Jeudi","weekday-5-long":"Vendredi","weekday-6-long":"Samedi","weekday-0-short":"dim","weekday-1-short":"lun","weekday-2-short":"mar","weekday-3-short":"mer","weekday-4-short":"jeu","weekday-5-short":"ven","weekday-6-short":"sam","month-0-long":"Janvier","month-1-long":"Février","month-2-long":"Mars","month-3-long":"Avril","month-4-long":"Mai","month-5-long":"Juin","month-6-long":"Juillet","month-7-long":"Août","month-8-long":"Septembre","month-9-long":"Octobre","month-10-long":"Novembre","month-11-long":"Décembre","month-0-genitive":"janvier","month-1-genitive":"février","month-2-genitive":"mars","month-3-genitive":"avril","month-4-genitive":"mai","month-5-genitive":"juin","month-6-genitive":"juillet","month-7-genitive":"août","month-8-genitive":"septembre","month-9-genitive":"octobre","month-10-genitive":"novembre","month-11-genitive":"décembre","month-0-short":"jan.","month-1-short":"fév.","month-2-short":"mars","month-3-short":"avr.","month-4-short":"mai","month-5-short":"juin","month-6-short":"juil.","month-7-short":"août","month-8-short":"sep.","month-9-short":"oct.","month-10-short":"nov.","month-11-short":"déc.","minutes-ago-long":{"_index":["plural","value"],"_":{"zero":"à l’instant","one":"il y a {{value}} minute","two":"il y a {{value}} minutes","few":"il y a {{value}} minutes","many":"il y a {{value}} minutes","other":"il y a {{value}} minutes"}},"hours-ago-long":{"_index":["plural","value"],"_":{"zero":"à l’instant","one":"il y a {{value}} heure","two":"il y a {{value}} heures","few":"il y a {{value}} heures","many":"il y a {{value}} heures","other":"il y a {{value}} heures"}},"days-ago-long":{"_index":["plural","value"],"_":{"zero":"aujourd’hui","one":"hier","two":"il y a {{value}} jours","few":"il y a {{value}} jours","many":"il y a {{value}} jours","other":"il y a {{value}} jours"}},"weeks-ago-long":{"_index":["plural","value"],"_":{"zero":"cette semaine","one":"la semaine dernière","two":"il y a {{value}} semaines","few":"il y a {{value}} semaines","many":"il y a {{value}} semaines","other":"il y a {{value}} semaines"}},"months-ago-long":{"_index":["plural","value"],"_":{"zero":"ce mois-ci","one":"le mois dernier","two":"il y a {{value}} mois","few":"il y a {{value}} mois","many":"il y a {{value}} mois","other":"il y a {{value}} mois"}},"years-ago-long":{"_index":["plural","value"],"_":{"zero":"cette année","one":"l’année dernière","two":"il y a {{value}} ans","few":"il y a {{value}} ans","many":"il y a {{value}} ans","other":"il y a {{value}} ans"}},"minutes-until-long":{"_index":["plural","value"],"_":{"zero":"maintenant","one":"dans {{value}} minute","two":"dans {{value}} minutes","few":"dans {{value}} minutes","many":"dans {{value}} minutes","other":"dans {{value}} minutes"}},"hours-until-long":{"_index":["plural","value"],"_":{"zero":"maintenant","one":"dans {{value}} heure","two":"dans {{value}} heures","few":"dans {{value}} heures","many":"dans {{value}} heures","other":"dans {{value}} heures"}},"days-until-long":{"_index":["plural","value"],"_":{"zero":"aujourd’hui","one":"demain","two":"dans {{value}} jours","few":"dans {{value}} jours","many":"dans {{value}} jours","other":"dans {{value}} jours"}},"weeks-until-long":{"_index":["plural","value"],"_":{"zero":"cette semaine","one":"la semaine prochaine","two":"dans {{value}} semaines","few":"dans {{value}} semaines","many":"dans {{value}} semaines","other":"dans {{value}} semaines"}},"months-until-long":{"_index":["plural","value"],"_":{"zero":"ce mois-ci","one":"le mois prochain","two":"dans {{value}} mois","few":"dans {{value}} mois","many":"dans {{value}} mois","other":"dans {{value}} mois"}},"years-until-long":{"_index":["plural","value"],"_":{"zero":"cette année","one":"l’année prochaine","two":"dans {{value}} ans","few":"dans {{value}} ans","many":"dans {{value}} ans","other":"dans {{value}} ans"}},"minutes-ago-short":{"_index":["plural","value"],"_":{"zero":"à l’instant","other":"il y a {{value}} min"}},"hours-ago-short":{"_index":["plural","value"],"_":{"zero":"à l’instant","other":"il y a {{value}}h"}},"days-ago-short":{"_index":["plural","value"],"_":{"zero":"aujourd’hui","other":"il y a {{value}}j"}},"minutes-until-short":{"_index":["plural","value"],"_":{"zero":"maintenant","other":"dans {{value}}m"}},"hours-until-short":{"_index":["plural","value"],"_":{"zero":"maintenant","other":"dans {{value}}h"}},"days-until-short":{"_index":["plural","value"],"_":{"zero":"aujourd’hui","other":"dans {{value}}j"}},"incorrectDate":"(date incorrecte)","dateTimeFormat_%c":"%a %e %b %Y %H:%M:%S","dateTimeFormat_%x":"%d/%m/%Y","dateTimeFormat_%X":"%H:%M:%S","shortTimeFormat":"%H:%M","shortDateTimeFormat":"%x %H:%M","weekStartsOnMonday":"1","time_am":"AM","time_pm":"PM"}