{"callAirplaneModeMessage":"To make a call you need to disable airplane mode in settings.","callAirplaneModeBtnOk":"OK","callAirplaneModeTitle":"Airplane mode activated","numberIsBusyTitle":"Number is busy","numberIsBusyMessage":"The number is currently busy. Please try again later.","fdnIsActiveTitle":"FDN active","fdnIsActiveMessage":"FDN (Fixed Dialing Numbers) is activated and the following number is not in your FDN list: {{ number }}","voiceMail":"Voicemail","emergencyNumber":"Emergency number","emergencyDialogBodyBadNumber":"To make a call, the phone must be connected to a network.","emergencyDialogBodyDeviceNotAccepted":"Emergency calls are not allowed by the network.","emergencyDialogBtnOk":"OK","emergencyDialogTitle":"No network connection","invalidNumberToDialTitle":"Invalid phone number","invalidNumberToDialMessage":"The phone number you are calling is not valid.","unableToCallTitle":"Unable to make a phone call now","unableToCallMessage":"Cannot make a call. If you are already dialing, please hang up first.","otherConnectionInUseTitle":"Other connection in use","otherConnectionInUseMessage":"You have an active call on another connection. You can only use one connection at a time.","addNewNumber":"Add new number","addToExistingContact":"Add to existing contact","all":{"_":"All","ariaLabel":"All"},"asterisk":{"ariaLabel":"Asterisk"},"callLog":"Call log","callLogEdit":{"title":"Edit call log"},"callLogEditDialog":{"ariaLabel":"Edit call log dialog"},"connecting":"Connecting","cancel":"Cancel","cf-async":"Asynchronous: {{ async }}\\n","cf-data":"Data: {{ data }}\\n","cf-error":"An error occurred while retrieving call forwarding status","cf-fax":"FAX: {{ fax }}\\n","cf-inactive":"Inactive","cf-packet":"Packet: {{ packet }}\\n","cf-pad":"PAD: {{ pad }}\\n","cf-sms":"SMS: {{ sms }}\\n","cf-status":"Call forwarding status\\n","cf-sync":"Synchronous: {{ sync }}\\n","cf-voice":"Voice: {{ voice }}\\n","close":"Close","confirm-deletion":"Clear selected calls?","contacts":{"ariaLabel":"Contacts"},"createNewContact":"Create new contact","delete":"Delete","deselectAll":"Deselect all","dialerAddContact":{"ariaLabel":"Add contact"},"dialerAddContactDialog":{"ariaLabel":"Add Contact Dialog"},"edit-selected":{"_index":["plural","n"],"_":{"one":"{{ n }} selected","two":"{{ n }} selected","few":"{{ n }} selected","many":"{{ n }} selected","other":"{{ n }} selected"}},"edit":"Edit","hashSign":{"ariaLabel":"Hash sign"},"hideKeypad":{"ariaLabel":"Hide keypad"},"ignore":"Ignore Call","incoming":"Incoming","keypad":{"ariaLabel":"Keypad"},"keypadDelete":{"ariaLabel":"Delete"},"makeCall":{"ariaLabel":"Make call"},"merge":"Merge","missed":{"_":"Missed","ariaLabel":"Missed"},"missedCall":"Missed call","missedCallMultiSims":"(SIM {{ n }}) Missed call","mmi-error":"An error occurred while sending the message","mmi-session-expired":"Session expired","mmi-successfully-sent":"Message successfully sent","mute":{"ariaLabel":"Mute"},"newCall":{"ariaLabel":"New call"},"no-logs-msg-1":"No calls recorded","no-logs-msg-2":"Start communicating now","no-logs-msg-3":"No missed calls","phoneNumberInput":{"ariaLabel":"Phone number"},"recents":{"ariaLabel":"Recent calls"},"reply":"Reply","selectAll":"Select all","send":"Send","switch-calls":"Switch calls","today":"Today","voiceMailKey":{"ariaLabel":"Voicemail"},"withheld-number":"Withheld number","from-contact":"From {{ contact }}","from-number":"From {{ number }}","from-withheld-number":"From withheld number","yesterday":"Yesterday","sending":"Sending…","speakerOption":{"ariaLabel":"Speaker"},"ussd-services":"{{ operator }} services","toggleKeypad":{"ariaLabel":"Toggle keypad"},"type-your-response":{"placeholder":"Type your response…"},"clear-all-text":"Clear all text","hide":"Hide","call":"Call","hold":{"ariaLabel":"Hold"},"resume":{"_":"Resume","ariaLabel":"Resume"},"sendSms":"Send Message","callEnded":"Call Ended","via-sim":"via SIM{{ n }}","sim-number":"SIM{{ n }}","hangup-a11y-button":{"ariaLabel":"Hang Up"},"pickup-a11y-button":{"ariaLabel":"Pick up"},"unlock-a11y-button":{"ariaLabel":"Slider"},"settings":"Settings","delete-n-log?":{"_index":["plural","n"],"_":{"zero":"Nothing selected","one":"Delete selected log?","two":"Delete {{ n }} logs?","few":"Delete {{ n }} logs?","many":"Delete {{ n }} logs?","other":"Delete {{ n }} logs?"}},"callDurationMinutes":"{{ m }}:{{ s }}","callDurationHours":"{{ h }}:{{ m }}:{{ s}}","suggestionMatches":{"_index":["plural","n"],"_":{"one":"{{ n }} match for \"{{ matchNumber }}\"","two":"{{ n }} matches for \"{{ matchNumber }}\"","few":"{{ n }} matches for \"{{ matchNumber }}\"","many":"{{ n }} matches for \"{{ matchNumber }}\"","other":"{{ n }} matches for \"{{ matchNumber }}\""}},"scCallBarring":"Call barring","scCallForwarding":"Call forwarding","scClip":"Incoming Caller ID","scClir":"Outgoing Caller ID","scPwd":"Password change","scCallWaiting":"Call waiting","scPin":"PIN change","scPin2":"PIN2 change","scPuk":"Unblock PIN","scPuk2":"Unblock PIN2","scImei":"IMEI","scUssd":"USSD","serviceClassVoice":"Voice","serviceClassData":"Data","serviceClassFax":"FAX","serviceClassSms":"SMS","serviceClassDataSync":"Sync","serviceClassDataAsync":"Async","serviceClassPacket":"Packet","serviceClassPad":"PAD","smServiceEnabled":"Service was enabled","smServiceDisabled":"Service has been disabled","smServiceRegistered":"Registration was successful","smServiceErased":"Erasure was successful","smServiceInterrogated":"Request was successful","smServiceNotProvisioned":"Service not provisioned","smClirPermanent":"You can not change the caller ID setting","smClirDefaultOnNextCallOn":"Caller ID defaults to restricted. Next call: Restricted","smClirDefaultOnNextCallOff":"Caller ID defaults to restricted. Next call: Not restricted","smClirDefaultOffNextCallOn":"Caller ID defaults to not restricted. Next call: Restricted","smClirDefaultOffNextCallOff":"Caller ID defaults to not restricted. Next call: Not restricted","smServiceEnabledFor":"Service was enabled for:","smPinChanged":"PIN successfully changed","smPinUnblocked":"PIN successfully unblocked","smPin2Changed":"PIN2 successfully changed","smPin2Unblocked":"PIN2 successfully unblocked","emMmiError":"Connection problem or invalid MMI code","emMmiErrorPasswordIncorrect":"Incorrect Password","emMmiErrorNotSupported":"Invalid or Unsupported MMI Code","emMmiErrorInvalidAction":"Invalid action","emMmiErrorInvalidScCode":"Invalid service code","emMmiErrorBadPuk":"The PUK you typed is not correct","emMmiErrorBadPin":"The old PIN you typed is not correct.","emMmiErrorNeedPuk2":"Type PUK2 to unblock SIM card","emMmiErrorMismatchPin":"The PINs you typed do not match","emMmiErrorInvalidPin":"Type a PIN that is 4 to 8 numbers","emMmiErrorNeedsPuk":"Your SIM card is PUK-locked","emMmiErrorEnablePin":"Unsuccessful. Enable SIM/RUIM LOCK","emMmiErrorMmiFdn":"Operation is restricted to fixed dialing numbers only","emMmiErrorStkCcUssdDial":"USSD request is modified to DIAL request","emMmiErrorStkCcUssdSs":"USSD request is modified to SS request","emMmiErrorStkCcUssdUssd":"USSD request is modified to new USSD request","emMmiErrorStkCcSsDial":"SS request is modified to DIAL request","emMmiErrorStkCcSsUssd":"SS request is modified to USSD request","emMmiErrorStkCcSsSs":"SS request is modified to new SS request","emMmiErrorPinPukAttempts":{"_index":["plural","n"],"_":{"one":"Only {{ n }} retry left","two":"{{ n }} retries left","few":"{{ n }} retries left","many":"{{ n }} retries left","other":"{{ n }} retries left"}},"emMmiErrorSimBlocked":"Maximum number of retries exceeded. SIM blocked","RadioNotAvailable":"Radio not available","GenericFailure":"Generic failure","PasswordIncorrect":"Password incorrect","SimPin2":"SIM PIN2","SimPuk2":"SIM PUK2","RequestNotSupported":"Request not supported","OpNotAllowedDuringVoiceCall":"Operation not allowed during voice call","SmsSendFailRetry":"SMS send fail retry","SimAbsent":"SIM absent","SubscriptionNotAvailable":"Subscription not available","ModeNotSupported":"Mode not supported","FdnCheckFailure":"Fdn check failure","IllegalSimOrMe":"Illegal SIM or ME","DialModifiedToUssd":"Dial modified to USSD","DialModifiedToSs":"Dial modified to SS","DialModifiedToDial":"Dial modified to dial","UssdModifiedToDial":"USSD modified to dial","UssdModifiedToSs":"USSD modified to SS","UssdModifiedToUssd":"USSD modified to USSD","SsModifiedToDial":"SS modified to dial","SsModifiedToUssd":"SS modified to USSD","SsModifiedToSs":"SS modified to SS","SubscriptionNotSupported":"Subscription not supported","InvalidParameter":"Invalid parameter","RejectedByRemote":"Rejected by remote","group-call":{"_index":["plural","n"],"_":{"one":"Group call ({{ n }})","two":"Group call ({{ n }})","few":"Group call ({{ n }})","many":"Group call ({{ n }})","other":"Group call ({{ n }})"}},"caller-left-call":"{{ caller }} has left the call.","conferenceAddError":"Unable to merge calls","conferenceRemoveError":"Unable to unmerge calls","longDateFormat":"%A, %B %e","select-audio-sources":"Select audio sources","bluetooth-handsfree-device":"Bluetooth handsfree device","receiver":"Receiver","speaker":"Speaker","weekday-0-long":"Vasárnap","weekday-1-long":"Hétfő","weekday-2-long":"Kedd","weekday-3-long":"Szerda","weekday-4-long":"Csütörtök","weekday-5-long":"Péntek","weekday-6-long":"Szombat","weekday-0-short":"Va.","weekday-1-short":"Hé.","weekday-2-short":"Ke.","weekday-3-short":"Sze.","weekday-4-short":"Csü.","weekday-5-short":"Pé.","weekday-6-short":"Szo.","month-0-long":"Január","month-1-long":"Február","month-2-long":"Március","month-3-long":"Április","month-4-long":"Május","month-5-long":"Június","month-6-long":"Július","month-7-long":"Augusztus","month-8-long":"Szeptember","month-9-long":"Október","month-10-long":"November","month-11-long":"December","month-0-genitive":"Január","month-1-genitive":"Február","month-2-genitive":"Március","month-3-genitive":"Április","month-4-genitive":"Május","month-5-genitive":"Június","month-6-genitive":"Július","month-7-genitive":"Augusztus","month-8-genitive":"Szeptember","month-9-genitive":"Október","month-10-genitive":"November","month-11-genitive":"December","month-0-short":"Jan","month-1-short":"Feb","month-2-short":"Már","month-3-short":"Ápr","month-4-short":"Máj","month-5-short":"Jún","month-6-short":"Júl","month-7-short":"Aug","month-8-short":"Szep","month-9-short":"Okt","month-10-short":"Nov","month-11-short":"Dec","minutes-ago-long":{"_index":["plural","value"],"_":{"zero":"épp most","one":"egy perccel ezelőtt","two":"{{value}} perccel ezelőtt","few":"{{value}} perccel ezelőtt","many":"{{value}} perccel ezelőtt","other":"{{value}} perccel ezelőtt"}},"hours-ago-long":{"_index":["plural","value"],"_":{"zero":"épp most","one":"egy órája","two":"{{value}} órával ezelőtt","few":"{{value}} órával ezelőtt","many":"{{value}} órával ezelőtt","other":"{{value}} órával ezelőtt"}},"days-ago-long":{"_index":["plural","value"],"_":{"zero":"ma","one":"tegnap","two":"{{value}} nappal ezelőtt","few":"{{value}} nappal ezelőtt","many":"{{value}} nappal ezelőtt","other":"{{value}} nappal ezelőtt"}},"weeks-ago-long":{"_index":["plural","value"],"_":{"zero":"ez a hét","one":"múlt hét","two":"{{value}} héttel ezelőtt","few":"{{value}} héttel ezelőtt","many":"{{value}} héttel ezelőtt","other":"{{value}} héttel ezelőtt"}},"months-ago-long":{"_index":["plural","value"],"_":{"zero":"ez a hónap","one":"előző hónap","two":"{{value}} hónappal ezelőtt","few":"{{value}} hónappal ezelőtt","many":"{{value}} hónappal ezelőtt","other":"{{value}} hónappal ezelőtt"}},"years-ago-long":{"_index":["plural","value"],"_":{"zero":"ez az év","one":"tavaly","two":"{{value}} évvel ezelőtt","few":"{{value}} évvel ezelőtt","many":"{{value}} évvel ezelőtt","other":"{{value}} évvel ezelőtt"}},"minutes-until-long":{"_index":["plural","value"],"_":{"zero":"most","one":"egy percen belül","two":"{{value}} percen belül","few":"{{value}} percen belül","many":"{{value}} percen belül","other":"{{value}} percen belül"}},"hours-until-long":{"_index":["plural","value"],"_":{"zero":"most","one":"egy órán belül","two":"{{value}} órán belül","few":"{{value}} órán belül","many":"{{value}} órán belül","other":"{{value}} órán belül"}},"days-until-long":{"_index":["plural","value"],"_":{"zero":"ma","one":"holnap","two":"{{value}} napon belül","few":"{{value}} napon belül","many":"{{value}} napon belül","other":"{{value}} napon belül"}},"weeks-until-long":{"_index":["plural","value"],"_":{"zero":"ez a hét","one":"következő hét","two":"{{value}} héten belül","few":"{{value}} héten belül","many":"{{value}} héten belül","other":"{{value}} héten belül"}},"months-until-long":{"_index":["plural","value"],"_":{"zero":"ez a hónap","one":"következő hónap","two":"{{value}} héten belül","few":"{{value}} héten belül","many":"{{value}} héten belül","other":"{{value}} héten belül"}},"years-until-long":{"_index":["plural","value"],"_":{"zero":"ez az év","one":"következő év","two":"{{value}} éven belül","few":"{{value}} éven belül","many":"{{value}} éven belül","other":"{{value}} éven belül"}},"minutes-ago-short":{"_index":["plural","value"],"_":{"zero":"épp most","other":"{{value}}p ezelőtt"}},"hours-ago-short":{"_index":["plural","value"],"_":{"zero":"épp most","other":"{{value}}ó ezelőtt"}},"days-ago-short":{"_index":["plural","value"],"_":{"zero":"ma","other":"{{value}}n ezelőtt"}},"minutes-until-short":{"_index":["plural","value"],"_":{"zero":"most","other":"{{value}} percen belül"}},"hours-until-short":{"_index":["plural","value"],"_":{"zero":"most","other":"{{value}} órán belül"}},"days-until-short":{"_index":["plural","value"],"_":{"zero":"ma","other":"{{value}} napon belül"}},"incorrectDate":"(helytelen dátum)","dateTimeFormat_%c":"%Y. %b %d %a %H:%M:%S","dateTimeFormat_%x":"%Y. %m. %d.","dateTimeFormat_%X":"%H:%M:%S","shortTimeFormat":"%H:%M","shortDateTimeFormat":"%x %H:%M","weekStartsOnMonday":"0","time_am":"DE","time_pm":"DU"}