{"callAirplaneModeMessage":"To make a call you need to disable airplane mode in settings.","callAirplaneModeBtnOk":"OK","callAirplaneModeTitle":"Airplane mode activated","numberIsBusyTitle":"Number is busy","numberIsBusyMessage":"The number is currently busy. Please try again later.","fdnIsActiveTitle":"FDN active","fdnIsActiveMessage":"FDN (Fixed Dialing Numbers) is activated and the following number is not in your FDN list: {{ number }}","voiceMail":"Voicemail","emergencyNumber":"Emergency number","emergencyDialogBodyBadNumber":"To make a call, the phone must be connected to a network.","emergencyDialogBodyDeviceNotAccepted":"Emergency calls are not allowed by the network.","emergencyDialogBtnOk":"OK","emergencyDialogTitle":"No network connection","invalidNumberToDialTitle":"Invalid phone number","invalidNumberToDialMessage":"The phone number you are calling is not valid.","unableToCallTitle":"Unable to make a phone call now","unableToCallMessage":"Cannot make a call. If you are already dialing, please hang up first.","otherConnectionInUseTitle":"Other connection in use","otherConnectionInUseMessage":"You have an active call on another connection. You can only use one connection at a time.","addNewNumber":"Add new number","addToExistingContact":"Add to existing contact","all":{"_":"All","ariaLabel":"All"},"asterisk":{"ariaLabel":"Asterisk"},"callLog":"Call log","callLogEdit":{"title":"Edit call log"},"callLogEditDialog":{"ariaLabel":"Edit call log dialog"},"connecting":"Connecting","cancel":"Cancel","cf-async":"Asynchronous: {{ async }}\\n","cf-data":"Data: {{ data }}\\n","cf-error":"An error occurred while retrieving call forwarding status","cf-fax":"FAX: {{ fax }}\\n","cf-inactive":"Inactive","cf-packet":"Packet: {{ packet }}\\n","cf-pad":"PAD: {{ pad }}\\n","cf-sms":"SMS: {{ sms }}\\n","cf-status":"Call forwarding status\\n","cf-sync":"Synchronous: {{ sync }}\\n","cf-voice":"Voice: {{ voice }}\\n","close":"Close","confirm-deletion":"Clear selected calls?","contacts":{"ariaLabel":"Contacts"},"createNewContact":"Create new contact","delete":"Delete","deselectAll":"Deselect all","dialerAddContact":{"ariaLabel":"Add contact"},"dialerAddContactDialog":{"ariaLabel":"Add Contact Dialog"},"edit-selected":{"_index":["plural","n"],"_":{"one":"{{ n }} selected","two":"{{ n }} selected","few":"{{ n }} selected","many":"{{ n }} selected","other":"{{ n }} selected"}},"edit":"Edit","hashSign":{"ariaLabel":"Hash sign"},"hideKeypad":{"ariaLabel":"Hide keypad"},"ignore":"Ignore Call","incoming":"Incoming","keypad":{"ariaLabel":"Keypad"},"keypadDelete":{"ariaLabel":"Delete"},"makeCall":{"ariaLabel":"Make call"},"merge":"Merge","missed":{"_":"Missed","ariaLabel":"Missed"},"missedCall":"Missed call","missedCallMultiSims":"(SIM {{ n }}) Missed call","mmi-error":"An error occurred while sending the message","mmi-session-expired":"Session expired","mmi-successfully-sent":"Message successfully sent","mute":{"ariaLabel":"Mute"},"newCall":{"ariaLabel":"New call"},"no-logs-msg-1":"No calls recorded","no-logs-msg-2":"Start communicating now","no-logs-msg-3":"No missed calls","phoneNumberInput":{"ariaLabel":"Phone number"},"recents":{"ariaLabel":"Recent calls"},"reply":"Reply","selectAll":"Select all","send":"Send","switch-calls":"Switch calls","today":"Today","voiceMailKey":{"ariaLabel":"Voicemail"},"withheld-number":"Withheld number","from-contact":"From {{ contact }}","from-number":"From {{ number }}","from-withheld-number":"From withheld number","yesterday":"Yesterday","sending":"Sending…","speakerOption":{"ariaLabel":"Speaker"},"ussd-services":"{{ operator }} services","toggleKeypad":{"ariaLabel":"Toggle keypad"},"type-your-response":{"placeholder":"Type your response…"},"clear-all-text":"Clear all text","hide":"Hide","call":"Call","hold":{"ariaLabel":"Hold"},"resume":{"_":"Resume","ariaLabel":"Resume"},"sendSms":"Send Message","callEnded":"Call Ended","via-sim":"via SIM{{ n }}","sim-number":"SIM{{ n }}","hangup-a11y-button":{"ariaLabel":"Hang Up"},"pickup-a11y-button":{"ariaLabel":"Pick up"},"unlock-a11y-button":{"ariaLabel":"Slider"},"settings":"Settings","delete-n-log?":{"_index":["plural","n"],"_":{"zero":"Nothing selected","one":"Delete selected log?","two":"Delete {{ n }} logs?","few":"Delete {{ n }} logs?","many":"Delete {{ n }} logs?","other":"Delete {{ n }} logs?"}},"callDurationMinutes":"{{ m }}:{{ s }}","callDurationHours":"{{ h }}:{{ m }}:{{ s}}","suggestionMatches":{"_index":["plural","n"],"_":{"one":"{{ n }} match for \"{{ matchNumber }}\"","two":"{{ n }} matches for \"{{ matchNumber }}\"","few":"{{ n }} matches for \"{{ matchNumber }}\"","many":"{{ n }} matches for \"{{ matchNumber }}\"","other":"{{ n }} matches for \"{{ matchNumber }}\""}},"scCallBarring":"Call barring","scCallForwarding":"Call forwarding","scClip":"Incoming Caller ID","scClir":"Outgoing Caller ID","scPwd":"Password change","scCallWaiting":"Call waiting","scPin":"PIN change","scPin2":"PIN2 change","scPuk":"Unblock PIN","scPuk2":"Unblock PIN2","scImei":"IMEI","scUssd":"USSD","serviceClassVoice":"Voice","serviceClassData":"Data","serviceClassFax":"FAX","serviceClassSms":"SMS","serviceClassDataSync":"Sync","serviceClassDataAsync":"Async","serviceClassPacket":"Packet","serviceClassPad":"PAD","smServiceEnabled":"Service was enabled","smServiceDisabled":"Service has been disabled","smServiceRegistered":"Registration was successful","smServiceErased":"Erasure was successful","smServiceInterrogated":"Request was successful","smServiceNotProvisioned":"Service not provisioned","smClirPermanent":"You can not change the caller ID setting","smClirDefaultOnNextCallOn":"Caller ID defaults to restricted. Next call: Restricted","smClirDefaultOnNextCallOff":"Caller ID defaults to restricted. Next call: Not restricted","smClirDefaultOffNextCallOn":"Caller ID defaults to not restricted. Next call: Restricted","smClirDefaultOffNextCallOff":"Caller ID defaults to not restricted. Next call: Not restricted","smServiceEnabledFor":"Service was enabled for:","smPinChanged":"PIN successfully changed","smPinUnblocked":"PIN successfully unblocked","smPin2Changed":"PIN2 successfully changed","smPin2Unblocked":"PIN2 successfully unblocked","emMmiError":"Connection problem or invalid MMI code","emMmiErrorPasswordIncorrect":"Incorrect Password","emMmiErrorNotSupported":"Invalid or Unsupported MMI Code","emMmiErrorInvalidAction":"Invalid action","emMmiErrorInvalidScCode":"Invalid service code","emMmiErrorBadPuk":"The PUK you typed is not correct","emMmiErrorBadPin":"The old PIN you typed is not correct.","emMmiErrorNeedPuk2":"Type PUK2 to unblock SIM card","emMmiErrorMismatchPin":"The PINs you typed do not match","emMmiErrorInvalidPin":"Type a PIN that is 4 to 8 numbers","emMmiErrorNeedsPuk":"Your SIM card is PUK-locked","emMmiErrorEnablePin":"Unsuccessful. Enable SIM/RUIM LOCK","emMmiErrorMmiFdn":"Operation is restricted to fixed dialing numbers only","emMmiErrorStkCcUssdDial":"USSD request is modified to DIAL request","emMmiErrorStkCcUssdSs":"USSD request is modified to SS request","emMmiErrorStkCcUssdUssd":"USSD request is modified to new USSD request","emMmiErrorStkCcSsDial":"SS request is modified to DIAL request","emMmiErrorStkCcSsUssd":"SS request is modified to USSD request","emMmiErrorStkCcSsSs":"SS request is modified to new SS request","emMmiErrorPinPukAttempts":{"_index":["plural","n"],"_":{"one":"Only {{ n }} retry left","two":"{{ n }} retries left","few":"{{ n }} retries left","many":"{{ n }} retries left","other":"{{ n }} retries left"}},"emMmiErrorSimBlocked":"Maximum number of retries exceeded. SIM blocked","RadioNotAvailable":"Radio not available","GenericFailure":"Generic failure","PasswordIncorrect":"Password incorrect","SimPin2":"SIM PIN2","SimPuk2":"SIM PUK2","RequestNotSupported":"Request not supported","OpNotAllowedDuringVoiceCall":"Operation not allowed during voice call","SmsSendFailRetry":"SMS send fail retry","SimAbsent":"SIM absent","SubscriptionNotAvailable":"Subscription not available","ModeNotSupported":"Mode not supported","FdnCheckFailure":"Fdn check failure","IllegalSimOrMe":"Illegal SIM or ME","DialModifiedToUssd":"Dial modified to USSD","DialModifiedToSs":"Dial modified to SS","DialModifiedToDial":"Dial modified to dial","UssdModifiedToDial":"USSD modified to dial","UssdModifiedToSs":"USSD modified to SS","UssdModifiedToUssd":"USSD modified to USSD","SsModifiedToDial":"SS modified to dial","SsModifiedToUssd":"SS modified to USSD","SsModifiedToSs":"SS modified to SS","SubscriptionNotSupported":"Subscription not supported","InvalidParameter":"Invalid parameter","RejectedByRemote":"Rejected by remote","group-call":{"_index":["plural","n"],"_":{"one":"Group call ({{ n }})","two":"Group call ({{ n }})","few":"Group call ({{ n }})","many":"Group call ({{ n }})","other":"Group call ({{ n }})"}},"caller-left-call":"{{ caller }} has left the call.","conferenceAddError":"Unable to merge calls","conferenceRemoveError":"Unable to unmerge calls","longDateFormat":"%A, %B %e","select-audio-sources":"Select audio sources","bluetooth-handsfree-device":"Bluetooth handsfree device","receiver":"Receiver","speaker":"Speaker","weekday-0-long":"Недела","weekday-1-long":"Понеделник","weekday-2-long":"Вторник","weekday-3-long":"Среда","weekday-4-long":"Четврток","weekday-5-long":"Петок","weekday-6-long":"Сабота","weekday-0-short":"Нед","weekday-1-short":"Пон","weekday-2-short":"Вто","weekday-3-short":"Сре","weekday-4-short":"Чет","weekday-5-short":"Пет","weekday-6-short":"Саб","month-0-long":"јануари","month-1-long":"февруари","month-2-long":"март","month-3-long":"април","month-4-long":"мај","month-5-long":"јуни","month-6-long":"јули","month-7-long":"август","month-8-long":"септември","month-9-long":"октомври","month-10-long":"ноември","month-11-long":"декември","month-0-genitive":"јануари","month-1-genitive":"февруари","month-2-genitive":"март","month-3-genitive":"април","month-4-genitive":"мај","month-5-genitive":"јуни","month-6-genitive":"јули","month-7-genitive":"август","month-8-genitive":"септември","month-9-genitive":"октомври","month-10-genitive":"ноември","month-11-genitive":"декември","month-0-short":"јан","month-1-short":"фев","month-2-short":"мар","month-3-short":"апр","month-4-short":"мај","month-5-short":"јун","month-6-short":"јул","month-7-short":"авг","month-8-short":"сеп","month-9-short":"окт","month-10-short":"ное","month-11-short":"дек","minutes-ago-long":{"_index":["plural","value"],"_":{"zero":"сега","one":"пред една минута","two":"пред {{value}} минути","few":"пред {{value}} минути","many":"пред {{value}} минути","other":"пред {{value}} минути"}},"hours-ago-long":{"_index":["plural","value"],"_":{"zero":"сега","one":"пред еден час","two":"пред {{value}} часа","few":"пред {{value}} часа","many":"пред {{value}} часови","other":"пред {{value}} часови"}},"days-ago-long":{"_index":["plural","value"],"_":{"zero":"денес","one":"вчера","two":"пред {{value}} дена","few":"пред {{value}} дена","many":"пред {{value}} денови","other":"пред {{value}} денови"}},"weeks-ago-long":{"_index":["plural","value"],"_":{"zero":"оваа недела","one":"минатата недела","two":"пред {{value}} недели","few":"пред {{value}} недели","many":"пред {{value}} недели","other":"пред {{value}} недели"}},"months-ago-long":{"_index":["plural","value"],"_":{"zero":"овој месец","one":"минатиот месец","two":"пред {{value}} месеци","few":"пред {{value}} месеци","many":"пред {{value}} месеци","other":"пред {{value}} месеци"}},"years-ago-long":{"_index":["plural","value"],"_":{"zero":"оваа година","one":"минатата година","two":"пред {{value}} години","few":"пред {{value}} години","many":"пред {{value}} години","other":"пред {{value}} години"}},"minutes-until-long":{"_index":["plural","value"],"_":{"zero":"сега","one":"за една минута","two":"за {{value}} минути","few":"за {{value}} минути","many":"за {{value}} минути","other":"за {{value}} минути"}},"hours-until-long":{"_index":["plural","value"],"_":{"zero":"сега","one":"за еден час","two":"за {{value}} часа","few":"за {{value}} часа","many":"за {{value}} часови","other":"за {{value}} часови"}},"days-until-long":{"_index":["plural","value"],"_":{"zero":"денес","one":"утре","two":"за {{value}} дена","few":"за {{value}} дена","many":"за {{value}} денови","other":"за {{value}} денови"}},"weeks-until-long":{"_index":["plural","value"],"_":{"zero":"оваа седмица","one":"следната седмица","two":"за {{value}} седмици","few":"за {{value}} седмици","many":"за {{value}} седмици","other":"за {{value}} седмици"}},"months-until-long":{"_index":["plural","value"],"_":{"zero":"овој месец","one":"следниот месец","two":"за {{value}} месеци","few":"за {{value}} месеци","many":"за {{value}} месеци","other":"за {{value}} месеци"}},"years-until-long":{"_index":["plural","value"],"_":{"zero":"оваа година","one":"следната година","two":"за {{value}} години","few":"за {{value}} години","many":"за {{value}} години","other":"за {{value}} години"}},"minutes-ago-short":{"_index":["plural","value"],"_":{"zero":"сега","other":"пред {{value}}m"}},"hours-ago-short":{"_index":["plural","value"],"_":{"zero":"сега","other":"пред {{value}}h"}},"days-ago-short":{"_index":["plural","value"],"_":{"zero":"денес","other":"пред {{value}}d"}},"minutes-until-short":{"_index":["plural","value"],"_":{"zero":"сега","other":"за {{value}}m"}},"hours-until-short":{"_index":["plural","value"],"_":{"zero":"сега","other":"за {{value}}h"}},"days-until-short":{"_index":["plural","value"],"_":{"zero":"денес","other":"за {{value}}d"}},"incorrectDate":"(неточен датум)","dateTimeFormat_%c":"%a %b %e %Y %H:%M:%S","dateTimeFormat_%x":"%d/%m/%Y","dateTimeFormat_%X":"%H:%M:%S","shortTimeFormat":"%H:%M","shortDateTimeFormat":"%x %H:%M","weekStartsOnMonday":"1","time_am":"AM","time_pm":"PM"}