{"callAirplaneModeMessage":"To make a call you need to disable airplane mode in settings.","callAirplaneModeBtnOk":"OK","callAirplaneModeTitle":"Airplane mode activated","numberIsBusyTitle":"Number is busy","numberIsBusyMessage":"The number is currently busy. Please try again later.","fdnIsActiveTitle":"FDN active","fdnIsActiveMessage":"FDN (Fixed Dialing Numbers) is activated and the following number is not in your FDN list: {{ number }}","voiceMail":"Voicemail","emergencyNumber":"Emergency number","emergencyDialogBodyBadNumber":"To make a call, the phone must be connected to a network.","emergencyDialogBodyDeviceNotAccepted":"Emergency calls are not allowed by the network.","emergencyDialogBtnOk":"OK","emergencyDialogTitle":"No network connection","invalidNumberToDialTitle":"Invalid phone number","invalidNumberToDialMessage":"The phone number you are calling is not valid.","unableToCallTitle":"Unable to make a phone call now","unableToCallMessage":"Cannot make a call. If you are already dialing, please hang up first.","otherConnectionInUseTitle":"Other connection in use","otherConnectionInUseMessage":"You have an active call on another connection. You can only use one connection at a time.","addNewNumber":"Add new number","addToExistingContact":"Add to existing contact","all":{"_":"All","ariaLabel":"All"},"asterisk":{"ariaLabel":"Asterisk"},"callLog":"Call log","callLogEdit":{"title":"Edit call log"},"callLogEditDialog":{"ariaLabel":"Edit call log dialog"},"connecting":"Connecting","cancel":"Cancel","cf-async":"Asynchronous: {{ async }}\\n","cf-data":"Data: {{ data }}\\n","cf-error":"An error occurred while retrieving call forwarding status","cf-fax":"FAX: {{ fax }}\\n","cf-inactive":"Inactive","cf-packet":"Packet: {{ packet }}\\n","cf-pad":"PAD: {{ pad }}\\n","cf-sms":"SMS: {{ sms }}\\n","cf-status":"Call forwarding status\\n","cf-sync":"Synchronous: {{ sync }}\\n","cf-voice":"Voice: {{ voice }}\\n","close":"Close","confirm-deletion":"Clear selected calls?","contacts":{"ariaLabel":"Contacts"},"createNewContact":"Create new contact","delete":"Delete","deselectAll":"Deselect all","dialerAddContact":{"ariaLabel":"Add contact"},"dialerAddContactDialog":{"ariaLabel":"Add Contact Dialog"},"edit-selected":{"_index":["plural","n"],"_":{"one":"{{ n }} selected","two":"{{ n }} selected","few":"{{ n }} selected","many":"{{ n }} selected","other":"{{ n }} selected"}},"edit":"Edit","hashSign":{"ariaLabel":"Hash sign"},"hideKeypad":{"ariaLabel":"Hide keypad"},"ignore":"Ignore Call","incoming":"Incoming","keypad":{"ariaLabel":"Keypad"},"keypadDelete":{"ariaLabel":"Delete"},"makeCall":{"ariaLabel":"Make call"},"merge":"Merge","missed":{"_":"Missed","ariaLabel":"Missed"},"missedCall":"Missed call","missedCallMultiSims":"(SIM {{ n }}) Missed call","mmi-error":"An error occurred while sending the message","mmi-session-expired":"Session expired","mmi-successfully-sent":"Message successfully sent","mute":{"ariaLabel":"Mute"},"newCall":{"ariaLabel":"New call"},"no-logs-msg-1":"No calls recorded","no-logs-msg-2":"Start communicating now","no-logs-msg-3":"No missed calls","phoneNumberInput":{"ariaLabel":"Phone number"},"recents":{"ariaLabel":"Recent calls"},"reply":"Reply","selectAll":"Select all","send":"Send","switch-calls":"Switch calls","today":"Today","voiceMailKey":{"ariaLabel":"Voicemail"},"withheld-number":"Withheld number","from-contact":"From {{ contact }}","from-number":"From {{ number }}","from-withheld-number":"From withheld number","yesterday":"Yesterday","sending":"Sending…","speakerOption":{"ariaLabel":"Speaker"},"ussd-services":"{{ operator }} services","toggleKeypad":{"ariaLabel":"Toggle keypad"},"type-your-response":{"placeholder":"Type your response…"},"clear-all-text":"Clear all text","hide":"Hide","call":"Call","hold":{"ariaLabel":"Hold"},"resume":{"_":"Resume","ariaLabel":"Resume"},"sendSms":"Send Message","callEnded":"Call Ended","via-sim":"via SIM{{ n }}","sim-number":"SIM{{ n }}","hangup-a11y-button":{"ariaLabel":"Hang Up"},"pickup-a11y-button":{"ariaLabel":"Pick up"},"unlock-a11y-button":{"ariaLabel":"Slider"},"settings":"Settings","delete-n-log?":{"_index":["plural","n"],"_":{"zero":"Nothing selected","one":"Delete selected log?","two":"Delete {{ n }} logs?","few":"Delete {{ n }} logs?","many":"Delete {{ n }} logs?","other":"Delete {{ n }} logs?"}},"callDurationMinutes":"{{ m }}:{{ s }}","callDurationHours":"{{ h }}:{{ m }}:{{ s}}","suggestionMatches":{"_index":["plural","n"],"_":{"one":"{{ n }} match for \"{{ matchNumber }}\"","two":"{{ n }} matches for \"{{ matchNumber }}\"","few":"{{ n }} matches for \"{{ matchNumber }}\"","many":"{{ n }} matches for \"{{ matchNumber }}\"","other":"{{ n }} matches for \"{{ matchNumber }}\""}},"scCallBarring":"Call barring","scCallForwarding":"Call forwarding","scClip":"Incoming Caller ID","scClir":"Outgoing Caller ID","scPwd":"Password change","scCallWaiting":"Call waiting","scPin":"PIN change","scPin2":"PIN2 change","scPuk":"Unblock PIN","scPuk2":"Unblock PIN2","scImei":"IMEI","scUssd":"USSD","serviceClassVoice":"Voice","serviceClassData":"Data","serviceClassFax":"FAX","serviceClassSms":"SMS","serviceClassDataSync":"Sync","serviceClassDataAsync":"Async","serviceClassPacket":"Packet","serviceClassPad":"PAD","smServiceEnabled":"Service was enabled","smServiceDisabled":"Service has been disabled","smServiceRegistered":"Registration was successful","smServiceErased":"Erasure was successful","smServiceInterrogated":"Request was successful","smServiceNotProvisioned":"Service not provisioned","smClirPermanent":"You can not change the caller ID setting","smClirDefaultOnNextCallOn":"Caller ID defaults to restricted. Next call: Restricted","smClirDefaultOnNextCallOff":"Caller ID defaults to restricted. Next call: Not restricted","smClirDefaultOffNextCallOn":"Caller ID defaults to not restricted. Next call: Restricted","smClirDefaultOffNextCallOff":"Caller ID defaults to not restricted. Next call: Not restricted","smServiceEnabledFor":"Service was enabled for:","smPinChanged":"PIN successfully changed","smPinUnblocked":"PIN successfully unblocked","smPin2Changed":"PIN2 successfully changed","smPin2Unblocked":"PIN2 successfully unblocked","emMmiError":"Connection problem or invalid MMI code","emMmiErrorPasswordIncorrect":"Incorrect Password","emMmiErrorNotSupported":"Invalid or Unsupported MMI Code","emMmiErrorInvalidAction":"Invalid action","emMmiErrorInvalidScCode":"Invalid service code","emMmiErrorBadPuk":"The PUK you typed is not correct","emMmiErrorBadPin":"The old PIN you typed is not correct.","emMmiErrorNeedPuk2":"Type PUK2 to unblock SIM card","emMmiErrorMismatchPin":"The PINs you typed do not match","emMmiErrorInvalidPin":"Type a PIN that is 4 to 8 numbers","emMmiErrorNeedsPuk":"Your SIM card is PUK-locked","emMmiErrorEnablePin":"Unsuccessful. Enable SIM/RUIM LOCK","emMmiErrorMmiFdn":"Operation is restricted to fixed dialing numbers only","emMmiErrorStkCcUssdDial":"USSD request is modified to DIAL request","emMmiErrorStkCcUssdSs":"USSD request is modified to SS request","emMmiErrorStkCcUssdUssd":"USSD request is modified to new USSD request","emMmiErrorStkCcSsDial":"SS request is modified to DIAL request","emMmiErrorStkCcSsUssd":"SS request is modified to USSD request","emMmiErrorStkCcSsSs":"SS request is modified to new SS request","emMmiErrorPinPukAttempts":{"_index":["plural","n"],"_":{"one":"Only {{ n }} retry left","two":"{{ n }} retries left","few":"{{ n }} retries left","many":"{{ n }} retries left","other":"{{ n }} retries left"}},"emMmiErrorSimBlocked":"Maximum number of retries exceeded. SIM blocked","RadioNotAvailable":"Radio not available","GenericFailure":"Generic failure","PasswordIncorrect":"Password incorrect","SimPin2":"SIM PIN2","SimPuk2":"SIM PUK2","RequestNotSupported":"Request not supported","OpNotAllowedDuringVoiceCall":"Operation not allowed during voice call","SmsSendFailRetry":"SMS send fail retry","SimAbsent":"SIM absent","SubscriptionNotAvailable":"Subscription not available","ModeNotSupported":"Mode not supported","FdnCheckFailure":"Fdn check failure","IllegalSimOrMe":"Illegal SIM or ME","DialModifiedToUssd":"Dial modified to USSD","DialModifiedToSs":"Dial modified to SS","DialModifiedToDial":"Dial modified to dial","UssdModifiedToDial":"USSD modified to dial","UssdModifiedToSs":"USSD modified to SS","UssdModifiedToUssd":"USSD modified to USSD","SsModifiedToDial":"SS modified to dial","SsModifiedToUssd":"SS modified to USSD","SsModifiedToSs":"SS modified to SS","SubscriptionNotSupported":"Subscription not supported","InvalidParameter":"Invalid parameter","RejectedByRemote":"Rejected by remote","group-call":{"_index":["plural","n"],"_":{"one":"Group call ({{ n }})","two":"Group call ({{ n }})","few":"Group call ({{ n }})","many":"Group call ({{ n }})","other":"Group call ({{ n }})"}},"caller-left-call":"{{ caller }} has left the call.","conferenceAddError":"Unable to merge calls","conferenceRemoveError":"Unable to unmerge calls","longDateFormat":"%A, %B %e","select-audio-sources":"Select audio sources","bluetooth-handsfree-device":"Bluetooth handsfree device","receiver":"Receiver","speaker":"Speaker","weekday-0-long":"आइतबार","weekday-1-long":"सोमबार","weekday-2-long":"मंगलबार","weekday-3-long":"बुधबार","weekday-4-long":"बिहिबार","weekday-5-long":"शुक्रबार","weekday-6-long":"शनिबार","weekday-0-short":"आइत","weekday-1-short":"सोम","weekday-2-short":"मङ्गल","weekday-3-short":"बुध","weekday-4-short":"बिहि","weekday-5-short":"शुक्र","weekday-6-short":"शनि","month-0-long":"जनवरी","month-1-long":"फेब्रुअरी","month-2-long":"ंमार्च","month-3-long":"अप्रिल","month-4-long":"मे","month-5-long":"जुन","month-6-long":"जुलाई","month-7-long":"अगस्ट","month-8-long":"सेप्टेम्बर","month-9-long":"अक्टोबर","month-10-long":"नोभेम्बर","month-11-long":"डिसेम्बर","month-0-genitive":"जनवरी","month-1-genitive":"फेब्रुअरी","month-2-genitive":"ंमार्च","month-3-genitive":"अप्रिल","month-4-genitive":"मे","month-5-genitive":"जुन","month-6-genitive":"जुलाई","month-7-genitive":"अगस्ट","month-8-genitive":"सेप्टेम्बर","month-9-genitive":"अक्टोबर","month-10-genitive":"नोभेम्बर","month-11-genitive":"डिसेम्बर","month-0-short":"जन","month-1-short":"फेब","month-2-short":"मार्च","month-3-short":"अप्रिल","month-4-short":"मे","month-5-short":"जुन","month-6-short":"जुलाई","month-7-short":"अगस्ट","month-8-short":"सेप्टेम्वर","month-9-short":"अक्टुवर","month-10-short":"नोभेम्वर","month-11-short":"डिसेम्वर","minutes-ago-long":{"_index":["plural","value"],"_":{"zero":"भर्खरै","one":"एक मिनेट अगाडि","two":"{{value}} मिनेट अगाडि","few":"{{value}} मिनेट अगाडि","many":"{{value}} मिनेट अगाडि","other":"{{value}} मिनेट अगाडि"}},"hours-ago-long":{"_index":["plural","value"],"_":{"zero":"भर्खरै","one":"एक घन्टा अगाडि","two":"{{value}} घण्टा अगाडि","few":"{{value}} घण्टा अगाडि","many":"{{value}} घण्टा अगाडि","other":"{{value}} घण्टा अगाडि"}},"days-ago-long":{"_index":["plural","value"],"_":{"zero":"आज","one":"हिजो","two":"{{value}} दिन अगाडि","few":"{{value}} दिन अगाडि","many":"{{value}} दिन अगाडि","other":"{{value}} दिन अगाडि"}},"weeks-ago-long":{"_index":["plural","value"],"_":{"zero":"यो हप्ता","one":"गएको हप्ता","two":"{{value}} हप्ता अगाडि","few":"{{value}} हप्ता अगाडि","many":"{{value}} हप्ता अगाडि","other":"{{value}} हप्ता अगाडि"}},"months-ago-long":{"_index":["plural","value"],"_":{"zero":"यो महिना","one":"गएको महिना","two":"{{value}} महिना अगाडि","few":"{{value}} महिना अगाडि","many":"{{value}} महिना अगाडि","other":"{{value}} महिना अगाडि"}},"years-ago-long":{"_index":["plural","value"],"_":{"zero":"यो वर्ष","one":"अघिल्लो वर्ष","two":"{{value}} वर्ष अगाडि","few":"{{value}} वर्ष अगाडि","many":"{{value}} वर्ष अगाडि","other":"{{value}} वर्ष अगाडि"}},"minutes-until-long":{"_index":["plural","value"],"_":{"zero":"अहिले","one":"एक मिनेटमा","two":"{{value}} मिनेटमा","few":"{{value}} मिनेटमा","many":"{{value}} मिनेटमा","other":"{{value}} मिनेटमा"}},"hours-until-long":{"_index":["plural","value"],"_":{"zero":"अहिले","one":"एक घण्टामा","two":"{{value}} घण्टामा","few":"{{value}} घण्टामा","many":"{{value}} घण्टामा","other":"{{value}} घण्टामा"}},"days-until-long":{"_index":["plural","value"],"_":{"zero":"आज","one":"भोलि","two":"{{value}} दिनमा","few":"{{value}} दिनमा","many":"{{value}} दिनमा","other":"{{value}} दिनमा"}},"weeks-until-long":{"_index":["plural","value"],"_":{"zero":"यो हप्ता","one":"पछिल्लो हप्ता","two":"{{value}} हप्तामा","few":"{{value}} हप्तामा","many":"{{value}} हप्तामा","other":"{{value}} हप्तामा"}},"months-until-long":{"_index":["plural","value"],"_":{"zero":"यस महिना","one":"पछिल्लो महिना","two":"{{value}} महिनामा","few":"{{value}} महिनामा","many":"{{value}} महिनामा","other":"{{value}} महिनामा"}},"years-until-long":{"_index":["plural","value"],"_":{"zero":"यस बर्ष","one":"आर्को बर्ष","two":"{{value}} बर्षमा","few":"{{value}} बर्षमा","many":"{{value}} वर्षमा","other":"{{value}} वर्षमा"}},"minutes-ago-short":{"_index":["plural","value"],"_":{"zero":"भर्खरै","other":"{{value}}मिनेट अघि"}},"hours-ago-short":{"_index":["plural","value"],"_":{"zero":"भर्खरै","other":"{{value}}घण्टा अघि"}},"days-ago-short":{"_index":["plural","value"],"_":{"zero":"आज","other":"{{value}}दिन अघि"}},"minutes-until-short":{"_index":["plural","value"],"_":{"zero":"अहिले","other":"{{value}}मिनेटमा"}},"hours-until-short":{"_index":["plural","value"],"_":{"zero":"अहिले","other":"{{value}}घण्टामा"}},"days-until-short":{"_index":["plural","value"],"_":{"zero":"आज","other":"{{value}}दिनमा"}},"incorrectDate":"(गलत मिति)","dateTimeFormat_%c":"%a %b %e %Y %I:%M:%S %p","dateTimeFormat_%x":"%m/%d/%Y","dateTimeFormat_%X":"%I:%M:%S %p","shortTimeFormat":"%I:%M %p","shortDateTimeFormat":"%x %I:%M %p","weekStartsOnMonday":"0","time_am":"ए एम","time_pm":"पी एम"}