{"callAirplaneModeMessage":"To make a call you need to disable airplane mode in settings.","callAirplaneModeBtnOk":"OK","callAirplaneModeTitle":"Airplane mode activated","numberIsBusyTitle":"Number is busy","numberIsBusyMessage":"The number is currently busy. Please try again later.","fdnIsActiveTitle":"FDN active","fdnIsActiveMessage":"FDN (Fixed Dialing Numbers) is activated and the following number is not in your FDN list: {{ number }}","voiceMail":"Voicemail","emergencyNumber":"Emergency number","emergencyDialogBodyBadNumber":"To make a call, the phone must be connected to a network.","emergencyDialogBodyDeviceNotAccepted":"Emergency calls are not allowed by the network.","emergencyDialogBtnOk":"OK","emergencyDialogTitle":"No network connection","invalidNumberToDialTitle":"Invalid phone number","invalidNumberToDialMessage":"The phone number you are calling is not valid.","unableToCallTitle":"Unable to make a phone call now","unableToCallMessage":"Cannot make a call. If you are already dialing, please hang up first.","otherConnectionInUseTitle":"Other connection in use","otherConnectionInUseMessage":"You have an active call on another connection. You can only use one connection at a time.","addNewNumber":"Add new number","addToExistingContact":"Add to existing contact","all":{"_":"All","ariaLabel":"All"},"asterisk":{"ariaLabel":"Asterisk"},"callLog":"Call log","callLogEdit":{"title":"Edit call log"},"callLogEditDialog":{"ariaLabel":"Edit call log dialog"},"connecting":"Connecting","cancel":"Cancel","cf-async":"Asynchronous: {{ async }}\\n","cf-data":"Data: {{ data }}\\n","cf-error":"An error occurred while retrieving call forwarding status","cf-fax":"FAX: {{ fax }}\\n","cf-inactive":"Inactive","cf-packet":"Packet: {{ packet }}\\n","cf-pad":"PAD: {{ pad }}\\n","cf-sms":"SMS: {{ sms }}\\n","cf-status":"Call forwarding status\\n","cf-sync":"Synchronous: {{ sync }}\\n","cf-voice":"Voice: {{ voice }}\\n","close":"Close","confirm-deletion":"Clear selected calls?","contacts":{"ariaLabel":"Contacts"},"createNewContact":"Create new contact","delete":"Delete","deselectAll":"Deselect all","dialerAddContact":{"ariaLabel":"Add contact"},"dialerAddContactDialog":{"ariaLabel":"Add Contact Dialog"},"edit-selected":{"_index":["plural","n"],"_":{"one":"{{ n }} selected","two":"{{ n }} selected","few":"{{ n }} selected","many":"{{ n }} selected","other":"{{ n }} selected"}},"edit":"Edit","hashSign":{"ariaLabel":"Hash sign"},"hideKeypad":{"ariaLabel":"Hide keypad"},"ignore":"Ignore Call","incoming":"Incoming","keypad":{"ariaLabel":"Keypad"},"keypadDelete":{"ariaLabel":"Delete"},"makeCall":{"ariaLabel":"Make call"},"merge":"Merge","missed":{"_":"Missed","ariaLabel":"Missed"},"missedCall":"Missed call","missedCallMultiSims":"(SIM {{ n }}) Missed call","mmi-error":"An error occurred while sending the message","mmi-session-expired":"Session expired","mmi-successfully-sent":"Message successfully sent","mute":{"ariaLabel":"Mute"},"newCall":{"ariaLabel":"New call"},"no-logs-msg-1":"No calls recorded","no-logs-msg-2":"Start communicating now","no-logs-msg-3":"No missed calls","phoneNumberInput":{"ariaLabel":"Phone number"},"recents":{"ariaLabel":"Recent calls"},"reply":"Reply","selectAll":"Select all","send":"Send","switch-calls":"Switch calls","today":"Today","voiceMailKey":{"ariaLabel":"Voicemail"},"withheld-number":"Withheld number","from-contact":"From {{ contact }}","from-number":"From {{ number }}","from-withheld-number":"From withheld number","yesterday":"Yesterday","sending":"Sending…","speakerOption":{"ariaLabel":"Speaker"},"ussd-services":"{{ operator }} services","toggleKeypad":{"ariaLabel":"Toggle keypad"},"type-your-response":{"placeholder":"Type your response…"},"clear-all-text":"Clear all text","hide":"Hide","call":"Call","hold":{"ariaLabel":"Hold"},"resume":{"_":"Resume","ariaLabel":"Resume"},"sendSms":"Send Message","callEnded":"Call Ended","via-sim":"via SIM{{ n }}","sim-number":"SIM{{ n }}","hangup-a11y-button":{"ariaLabel":"Hang Up"},"pickup-a11y-button":{"ariaLabel":"Pick up"},"unlock-a11y-button":{"ariaLabel":"Slider"},"settings":"Settings","delete-n-log?":{"_index":["plural","n"],"_":{"zero":"Nothing selected","one":"Delete selected log?","two":"Delete {{ n }} logs?","few":"Delete {{ n }} logs?","many":"Delete {{ n }} logs?","other":"Delete {{ n }} logs?"}},"callDurationMinutes":"{{ m }}:{{ s }}","callDurationHours":"{{ h }}:{{ m }}:{{ s}}","suggestionMatches":{"_index":["plural","n"],"_":{"one":"{{ n }} match for \"{{ matchNumber }}\"","two":"{{ n }} matches for \"{{ matchNumber }}\"","few":"{{ n }} matches for \"{{ matchNumber }}\"","many":"{{ n }} matches for \"{{ matchNumber }}\"","other":"{{ n }} matches for \"{{ matchNumber }}\""}},"scCallBarring":"Call barring","scCallForwarding":"Call forwarding","scClip":"Incoming Caller ID","scClir":"Outgoing Caller ID","scPwd":"Password change","scCallWaiting":"Call waiting","scPin":"PIN change","scPin2":"PIN2 change","scPuk":"Unblock PIN","scPuk2":"Unblock PIN2","scImei":"IMEI","scUssd":"USSD","serviceClassVoice":"Voice","serviceClassData":"Data","serviceClassFax":"FAX","serviceClassSms":"SMS","serviceClassDataSync":"Sync","serviceClassDataAsync":"Async","serviceClassPacket":"Packet","serviceClassPad":"PAD","smServiceEnabled":"Service was enabled","smServiceDisabled":"Service has been disabled","smServiceRegistered":"Registration was successful","smServiceErased":"Erasure was successful","smServiceInterrogated":"Request was successful","smServiceNotProvisioned":"Service not provisioned","smClirPermanent":"You can not change the caller ID setting","smClirDefaultOnNextCallOn":"Caller ID defaults to restricted. Next call: Restricted","smClirDefaultOnNextCallOff":"Caller ID defaults to restricted. Next call: Not restricted","smClirDefaultOffNextCallOn":"Caller ID defaults to not restricted. Next call: Restricted","smClirDefaultOffNextCallOff":"Caller ID defaults to not restricted. Next call: Not restricted","smServiceEnabledFor":"Service was enabled for:","smPinChanged":"PIN successfully changed","smPinUnblocked":"PIN successfully unblocked","smPin2Changed":"PIN2 successfully changed","smPin2Unblocked":"PIN2 successfully unblocked","emMmiError":"Connection problem or invalid MMI code","emMmiErrorPasswordIncorrect":"Incorrect Password","emMmiErrorNotSupported":"Invalid or Unsupported MMI Code","emMmiErrorInvalidAction":"Invalid action","emMmiErrorInvalidScCode":"Invalid service code","emMmiErrorBadPuk":"The PUK you typed is not correct","emMmiErrorBadPin":"The old PIN you typed is not correct.","emMmiErrorNeedPuk2":"Type PUK2 to unblock SIM card","emMmiErrorMismatchPin":"The PINs you typed do not match","emMmiErrorInvalidPin":"Type a PIN that is 4 to 8 numbers","emMmiErrorNeedsPuk":"Your SIM card is PUK-locked","emMmiErrorEnablePin":"Unsuccessful. Enable SIM/RUIM LOCK","emMmiErrorMmiFdn":"Operation is restricted to fixed dialing numbers only","emMmiErrorStkCcUssdDial":"USSD request is modified to DIAL request","emMmiErrorStkCcUssdSs":"USSD request is modified to SS request","emMmiErrorStkCcUssdUssd":"USSD request is modified to new USSD request","emMmiErrorStkCcSsDial":"SS request is modified to DIAL request","emMmiErrorStkCcSsUssd":"SS request is modified to USSD request","emMmiErrorStkCcSsSs":"SS request is modified to new SS request","emMmiErrorPinPukAttempts":{"_index":["plural","n"],"_":{"one":"Only {{ n }} retry left","two":"{{ n }} retries left","few":"{{ n }} retries left","many":"{{ n }} retries left","other":"{{ n }} retries left"}},"emMmiErrorSimBlocked":"Maximum number of retries exceeded. SIM blocked","RadioNotAvailable":"Radio not available","GenericFailure":"Generic failure","PasswordIncorrect":"Password incorrect","SimPin2":"SIM PIN2","SimPuk2":"SIM PUK2","RequestNotSupported":"Request not supported","OpNotAllowedDuringVoiceCall":"Operation not allowed during voice call","SmsSendFailRetry":"SMS send fail retry","SimAbsent":"SIM absent","SubscriptionNotAvailable":"Subscription not available","ModeNotSupported":"Mode not supported","FdnCheckFailure":"Fdn check failure","IllegalSimOrMe":"Illegal SIM or ME","DialModifiedToUssd":"Dial modified to USSD","DialModifiedToSs":"Dial modified to SS","DialModifiedToDial":"Dial modified to dial","UssdModifiedToDial":"USSD modified to dial","UssdModifiedToSs":"USSD modified to SS","UssdModifiedToUssd":"USSD modified to USSD","SsModifiedToDial":"SS modified to dial","SsModifiedToUssd":"SS modified to USSD","SsModifiedToSs":"SS modified to SS","SubscriptionNotSupported":"Subscription not supported","InvalidParameter":"Invalid parameter","RejectedByRemote":"Rejected by remote","group-call":{"_index":["plural","n"],"_":{"one":"Group call ({{ n }})","two":"Group call ({{ n }})","few":"Group call ({{ n }})","many":"Group call ({{ n }})","other":"Group call ({{ n }})"}},"caller-left-call":"{{ caller }} has left the call.","conferenceAddError":"Unable to merge calls","conferenceRemoveError":"Unable to unmerge calls","longDateFormat":"%A, %B %e","select-audio-sources":"Select audio sources","bluetooth-handsfree-device":"Bluetooth handsfree device","receiver":"Receiver","speaker":"Speaker","weekday-0-long":"ਐਤਵਾਰ","weekday-1-long":"ਸੋਮਵਾਰ","weekday-2-long":"ਮੰਗਲਵਾਰ","weekday-3-long":"ਬੁੱਧਵਾਰ","weekday-4-long":"ਵੀਰਵਾਰ","weekday-5-long":"ਸ਼ੁੱਕਰਵਾਰ","weekday-6-long":"ਸ਼ਨਿੱਚਰਵਾਰ","weekday-0-short":"ਐਤ","weekday-1-short":"ਸੋਮ","weekday-2-short":"ਮੰਗਲ","weekday-3-short":"ਬੁੱਧ","weekday-4-short":"ਵੀਰ","weekday-5-short":"ਸ਼ੁੱਕਰ","weekday-6-short":"ਸ਼ਨਿੱ","month-0-long":"ਜਨਵਰੀ","month-1-long":"ਫਰਵਰੀ","month-2-long":"ਮਾਰਚ","month-3-long":"ਅਪਰੈਲ","month-4-long":"ਮਈ","month-5-long":"ਜੂਨ","month-6-long":"ਜੁਲਾਈ","month-7-long":"ਅਗਸਤ","month-8-long":"ਸਤੰਬਰ","month-9-long":"ਅਕਤੂਬਰ","month-10-long":"ਨਵੰਬਰ","month-11-long":"ਦਸੰਬਰ","month-0-genitive":"ਜਨਵਰੀ","month-1-genitive":"ਫਰਵਰੀ","month-2-genitive":"ਮਾਰਚ","month-3-genitive":"ਅਪਰੈਲ","month-4-genitive":"ਮਈ","month-5-genitive":"ਜੂਨ","month-6-genitive":"ਜੁਲਾਈ","month-7-genitive":"ਅਗਸਤ","month-8-genitive":"ਸਤੰਬਰ","month-9-genitive":"ਅਕਤੂਬਰ","month-10-genitive":"ਨਵੰਬਰ","month-11-genitive":"ਦਸੰਬਰ","month-0-short":"ਜਨ","month-1-short":"ਫਰ","month-2-short":"ਮਾਰ","month-3-short":"ਅਪ","month-4-short":"ਮਈ","month-5-short":"ਜੂਨ","month-6-short":"ਜੁਲਾ","month-7-short":"ਅਗ","month-8-short":"ਸਤੰ","month-9-short":"ਅਕਤੂ","month-10-short":"ਨਵੰ","month-11-short":"ਦਸੰ","minutes-ago-long":{"_index":["plural","value"],"_":{"zero":"ਹੁਣੇ ਹੀਂ","one":"ਮਿੰਟ ਕੁ ਪਹਿਲਾਂ","two":"{{value}} ਮਿੰਟ ਪਹਿਲਾਂ","few":"{{value}} ਮਿੰਟ ਪਹਿਲਾਂ","many":"{{value}} ਮਿੰਟ ਪਹਿਲਾਂ","other":"{{value}}  ਮਿੰਟ ਪਹਿਲਾਂ"}},"hours-ago-long":{"_index":["plural","value"],"_":{"zero":"ਹੁਣੇ ਹੀ","one":"ਘੰਟਾ ਪਹਿਲਾਂ","two":"{{value}} ਘੰਟੇ ਪਹਿਲਾਂ","few":"{{value}} ਘੰਟੇ ਪਹਿਲਾਂ","many":"{{value}} ਘੰਟੇ ਪਹਿਲਾਂ","other":"{{value}} ਘੰਟੇ ਪਹਿਲਾਂ"}},"days-ago-long":{"_index":["plural","value"],"_":{"zero":"ਅੱਜ","one":"ਕੱਲ੍ਹ","two":"{{value}} ਦਿਨ ਪਹਿਲਾਂ","few":"{{value}} ਦਿਨ ਪਹਿਲਾਂ","many":"{{value}} ਦਿਨ ਪਹਿਲਾਂ","other":"{{value}} ਦਿਨ ਪਹਿਲਾਂ"}},"weeks-ago-long":{"_index":["plural","value"],"_":{"zero":"ਇਹ ਹਫ਼ਤੇ","one":"ਪਿਛਲੇ ਹਫ਼ਤੇ","two":"{{value}} ਹਫ਼ਤੇ ਪਹਿਲਾਂ","few":"{{value}} ਹਫ਼ਤੇ ਪਹਿਲਾਂ","many":"{{value}} ਹਫ਼ਤੇ ਪਹਿਲਾਂ","other":"{{value}} ਹਫ਼ਤੇ ਪਹਿਲਾਂ"}},"months-ago-long":{"_index":["plural","value"],"_":{"zero":"ਇਹ ਮਹੀਨੇ","one":"ਪਿਛਲੇ ਮਹੀਨੇ","two":"{{value}} ਮਹੀਨੇ ਪਹਿਲਾਂ","few":"{{value}} ਮਹੀਨੇ ਪਹਿਲਾਂ","many":"{{value}} ਮਹੀਨੇ ਪਹਿਲਾਂ","other":"{{value}} ਮਹੀਨੇ ਪਹਿਲਾਂ"}},"years-ago-long":{"_index":["plural","value"],"_":{"zero":"ਇਹ ਸਾਲ","one":"ਪਿਛਲੇ ਸਾਲ","two":"{{value}} ਸਾਲ ਪਹਿਲਾਂ","few":"{{value}} ਸਾਲ ਪਹਿਲਾਂ","many":"{{value}} ਸਾਲ ਪਹਿਲਾਂ","other":"{{value}} ਸਾਲ ਪਹਿਲਾਂ"}},"minutes-until-long":{"_index":["plural","value"],"_":{"zero":"ਹੁਣ","one":"ਮਿੰਟ ਵਿੱਚ","two":"{{value}} ਮਿੰਟਾਂ ਵਿੱਚ","few":"{{value}} ਮਿੰਟਾਂ ਵਿੱਚ","many":"{{value}} ਮਿੰਟਾਂ ਵਿੱਚ","other":"{{value}} ਮਿੰਟਾਂ ਵਿੱਚ"}},"hours-until-long":{"_index":["plural","value"],"_":{"zero":"ਹੁਣ","one":"ਇੱਕ ਘੰਟੇ ਵਿੱਚ","two":"{{value}} ਘੰਟਿਆਂ ਵਿੱਚ","few":"{{value}} ਘੰਟਿਆਂ ਵਿੱਚ","many":"{{value}} ਘੰਟਿਆਂ ਵਿੱਚ","other":"{{value}} ਘੰਟਿਆਂ ਵਿੱਚ"}},"days-until-long":{"_index":["plural","value"],"_":{"zero":"ਅੱਜ","one":"ਭਲਕੇ","two":"{{value}} ਦਿਨਾਂ ਵਿੱਚ","few":"{{value}} ਦਿਨਾਂ ਵਿੱਚ","many":"{{value}} ਦਿਨਾਂ ਵਿੱਚ","other":"{{value}} ਦਿਨਾਂ ਵਿੱਚ"}},"weeks-until-long":{"_index":["plural","value"],"_":{"zero":"ਇਸ ਹਫ਼ਤੇ","one":"ਅਗਲੇ ਹਫ਼ਤੇ","two":"{{value}} ਹਫ਼ਤਿਆਂ ਵਿੱਚ","few":"{{value}} ਹਫ਼ਤਿਆਂ ਵਿੱਚ","many":"{{value}} ਹਫ਼ਤਿਆਂ ਵਿੱਚ","other":"{{value}} ਹਫ਼ਤਿਆਂ ਵਿੱਚ"}},"months-until-long":{"_index":["plural","value"],"_":{"zero":"ਇਸ ਮਹੀਨੇ","one":"ਅਗਲੇ ਮਹੀਨੇ","two":"{{value}} ਮਹੀਨਿਆਂ ਵਿੱਚ","few":"{{value}} ਮਹੀਨਿਆਂ ਵਿੱਚ","many":"{{value}} ਮਹੀਨਿਆਂ ਵਿੱਚ","other":"{{value}} ਮਹੀਨਿਆਂ ਵਿੱਚ"}},"years-until-long":{"_index":["plural","value"],"_":{"zero":"ਇਸ ਸਾਲ","one":"ਅਗਲੇ ਸਾਲ","two":"{{value}} ਸਾਲਾਂ ਵਿੱਚ","few":"{{value}} ਸਾਲਾਂ ਵਿੱਚ","many":"{{value}} ਸਾਲਾਂ ਵਿੱਚ","other":"{{value}} ਸਾਲਾਂ ਵਿੱਚ"}},"minutes-ago-short":{"_index":["plural","value"],"_":{"zero":"ਹੁਣੇ ਹੀ","other":"{{value}}ਮਿੰ ਪਹਿਲਾਂ"}},"hours-ago-short":{"_index":["plural","value"],"_":{"zero":"ਹੁਣੇ ਹੀਂ","other":"{{value}}ਘੰ ਪਹਿਲਾਂ"}},"days-ago-short":{"_index":["plural","value"],"_":{"zero":"ਅੱਜ","other":"{{value}}ਦਿ ਪਹਿਲਾਂ"}},"minutes-until-short":{"_index":["plural","value"],"_":{"zero":"ਹੁਣ","other":"{{value}}ਮਿੰ ਵਿੱਚ"}},"hours-until-short":{"_index":["plural","value"],"_":{"zero":"ਹੁਣ","other":"{{value}}ਘੰ ਵਿੱਚ"}},"days-until-short":{"_index":["plural","value"],"_":{"zero":"ਅੱਜ","other":"{{value}}ਦਿ ਵਿੱਚ"}},"incorrectDate":"(ਗਲਤ ਮਿਤੀ)","dateTimeFormat_%c":"%a %e %b  %Y %I:%M:%S %p","dateTimeFormat_%x":"%d/%m/%Y","dateTimeFormat_%X":"%I:%M:%S %p","shortTimeFormat":"%I:%M %p","shortDateTimeFormat":"%x %I:%M %p","weekStartsOnMonday":"1","time_am":"ਸਵੇਰੇ","time_pm":"ਸ਼ਾਮ"}