{"callAirplaneModeMessage":"To make a call you need to disable airplane mode in settings.","callAirplaneModeBtnOk":"OK","callAirplaneModeTitle":"Airplane mode activated","numberIsBusyTitle":"Number is busy","numberIsBusyMessage":"The number is currently busy. Please try again later.","fdnIsActiveTitle":"FDN active","fdnIsActiveMessage":"FDN (Fixed Dialing Numbers) is activated and the following number is not in your FDN list: {{ number }}","voiceMail":"Voicemail","emergencyNumber":"Emergency number","emergencyDialogBodyBadNumber":"To make a call, the phone must be connected to a network.","emergencyDialogBodyDeviceNotAccepted":"Emergency calls are not allowed by the network.","emergencyDialogBtnOk":"OK","emergencyDialogTitle":"No network connection","invalidNumberToDialTitle":"Invalid phone number","invalidNumberToDialMessage":"The phone number you are calling is not valid.","unableToCallTitle":"Unable to make a phone call now","unableToCallMessage":"Cannot make a call. If you are already dialing, please hang up first.","otherConnectionInUseTitle":"Other connection in use","otherConnectionInUseMessage":"You have an active call on another connection. You can only use one connection at a time.","addNewNumber":"Add new number","addToExistingContact":"Add to existing contact","all":{"_":"All","ariaLabel":"All"},"asterisk":{"ariaLabel":"Asterisk"},"callLog":"Call log","callLogEdit":{"title":"Edit call log"},"callLogEditDialog":{"ariaLabel":"Edit call log dialog"},"connecting":"Connecting","cancel":"Cancel","cf-async":"Asynchronous: {{ async }}\\n","cf-data":"Data: {{ data }}\\n","cf-error":"An error occurred while retrieving call forwarding status","cf-fax":"FAX: {{ fax }}\\n","cf-inactive":"Inactive","cf-packet":"Packet: {{ packet }}\\n","cf-pad":"PAD: {{ pad }}\\n","cf-sms":"SMS: {{ sms }}\\n","cf-status":"Call forwarding status\\n","cf-sync":"Synchronous: {{ sync }}\\n","cf-voice":"Voice: {{ voice }}\\n","close":"Close","confirm-deletion":"Clear selected calls?","contacts":{"ariaLabel":"Contacts"},"createNewContact":"Create new contact","delete":"Delete","deselectAll":"Deselect all","dialerAddContact":{"ariaLabel":"Add contact"},"dialerAddContactDialog":{"ariaLabel":"Add Contact Dialog"},"edit-selected":{"_index":["plural","n"],"_":{"one":"{{ n }} selected","two":"{{ n }} selected","few":"{{ n }} selected","many":"{{ n }} selected","other":"{{ n }} selected"}},"edit":"Edit","hashSign":{"ariaLabel":"Hash sign"},"hideKeypad":{"ariaLabel":"Hide keypad"},"ignore":"Ignore Call","incoming":"Incoming","keypad":{"ariaLabel":"Keypad"},"keypadDelete":{"ariaLabel":"Delete"},"makeCall":{"ariaLabel":"Make call"},"merge":"Merge","missed":{"_":"Missed","ariaLabel":"Missed"},"missedCall":"Missed call","missedCallMultiSims":"(SIM {{ n }}) Missed call","mmi-error":"An error occurred while sending the message","mmi-session-expired":"Session expired","mmi-successfully-sent":"Message successfully sent","mute":{"ariaLabel":"Mute"},"newCall":{"ariaLabel":"New call"},"no-logs-msg-1":"No calls recorded","no-logs-msg-2":"Start communicating now","no-logs-msg-3":"No missed calls","phoneNumberInput":{"ariaLabel":"Phone number"},"recents":{"ariaLabel":"Recent calls"},"reply":"Reply","selectAll":"Select all","send":"Send","switch-calls":"Switch calls","today":"Today","voiceMailKey":{"ariaLabel":"Voicemail"},"withheld-number":"Withheld number","from-contact":"From {{ contact }}","from-number":"From {{ number }}","from-withheld-number":"From withheld number","yesterday":"Yesterday","sending":"Sending…","speakerOption":{"ariaLabel":"Speaker"},"ussd-services":"{{ operator }} services","toggleKeypad":{"ariaLabel":"Toggle keypad"},"type-your-response":{"placeholder":"Type your response…"},"clear-all-text":"Clear all text","hide":"Hide","call":"Call","hold":{"ariaLabel":"Hold"},"resume":{"_":"Resume","ariaLabel":"Resume"},"sendSms":"Send Message","callEnded":"Call Ended","via-sim":"via SIM{{ n }}","sim-number":"SIM{{ n }}","hangup-a11y-button":{"ariaLabel":"Hang Up"},"pickup-a11y-button":{"ariaLabel":"Pick up"},"unlock-a11y-button":{"ariaLabel":"Slider"},"settings":"Settings","delete-n-log?":{"_index":["plural","n"],"_":{"zero":"Nothing selected","one":"Delete selected log?","two":"Delete {{ n }} logs?","few":"Delete {{ n }} logs?","many":"Delete {{ n }} logs?","other":"Delete {{ n }} logs?"}},"callDurationMinutes":"{{ m }}:{{ s }}","callDurationHours":"{{ h }}:{{ m }}:{{ s}}","suggestionMatches":{"_index":["plural","n"],"_":{"one":"{{ n }} match for \"{{ matchNumber }}\"","two":"{{ n }} matches for \"{{ matchNumber }}\"","few":"{{ n }} matches for \"{{ matchNumber }}\"","many":"{{ n }} matches for \"{{ matchNumber }}\"","other":"{{ n }} matches for \"{{ matchNumber }}\""}},"scCallBarring":"Call barring","scCallForwarding":"Call forwarding","scClip":"Incoming Caller ID","scClir":"Outgoing Caller ID","scPwd":"Password change","scCallWaiting":"Call waiting","scPin":"PIN change","scPin2":"PIN2 change","scPuk":"Unblock PIN","scPuk2":"Unblock PIN2","scImei":"IMEI","scUssd":"USSD","serviceClassVoice":"Voice","serviceClassData":"Data","serviceClassFax":"FAX","serviceClassSms":"SMS","serviceClassDataSync":"Sync","serviceClassDataAsync":"Async","serviceClassPacket":"Packet","serviceClassPad":"PAD","smServiceEnabled":"Service was enabled","smServiceDisabled":"Service has been disabled","smServiceRegistered":"Registration was successful","smServiceErased":"Erasure was successful","smServiceInterrogated":"Request was successful","smServiceNotProvisioned":"Service not provisioned","smClirPermanent":"You can not change the caller ID setting","smClirDefaultOnNextCallOn":"Caller ID defaults to restricted. Next call: Restricted","smClirDefaultOnNextCallOff":"Caller ID defaults to restricted. Next call: Not restricted","smClirDefaultOffNextCallOn":"Caller ID defaults to not restricted. Next call: Restricted","smClirDefaultOffNextCallOff":"Caller ID defaults to not restricted. Next call: Not restricted","smServiceEnabledFor":"Service was enabled for:","smPinChanged":"PIN successfully changed","smPinUnblocked":"PIN successfully unblocked","smPin2Changed":"PIN2 successfully changed","smPin2Unblocked":"PIN2 successfully unblocked","emMmiError":"Connection problem or invalid MMI code","emMmiErrorPasswordIncorrect":"Incorrect Password","emMmiErrorNotSupported":"Invalid or Unsupported MMI Code","emMmiErrorInvalidAction":"Invalid action","emMmiErrorInvalidScCode":"Invalid service code","emMmiErrorBadPuk":"The PUK you typed is not correct","emMmiErrorBadPin":"The old PIN you typed is not correct.","emMmiErrorNeedPuk2":"Type PUK2 to unblock SIM card","emMmiErrorMismatchPin":"The PINs you typed do not match","emMmiErrorInvalidPin":"Type a PIN that is 4 to 8 numbers","emMmiErrorNeedsPuk":"Your SIM card is PUK-locked","emMmiErrorEnablePin":"Unsuccessful. Enable SIM/RUIM LOCK","emMmiErrorMmiFdn":"Operation is restricted to fixed dialing numbers only","emMmiErrorStkCcUssdDial":"USSD request is modified to DIAL request","emMmiErrorStkCcUssdSs":"USSD request is modified to SS request","emMmiErrorStkCcUssdUssd":"USSD request is modified to new USSD request","emMmiErrorStkCcSsDial":"SS request is modified to DIAL request","emMmiErrorStkCcSsUssd":"SS request is modified to USSD request","emMmiErrorStkCcSsSs":"SS request is modified to new SS request","emMmiErrorPinPukAttempts":{"_index":["plural","n"],"_":{"one":"Only {{ n }} retry left","two":"{{ n }} retries left","few":"{{ n }} retries left","many":"{{ n }} retries left","other":"{{ n }} retries left"}},"emMmiErrorSimBlocked":"Maximum number of retries exceeded. SIM blocked","RadioNotAvailable":"Radio not available","GenericFailure":"Generic failure","PasswordIncorrect":"Password incorrect","SimPin2":"SIM PIN2","SimPuk2":"SIM PUK2","RequestNotSupported":"Request not supported","OpNotAllowedDuringVoiceCall":"Operation not allowed during voice call","SmsSendFailRetry":"SMS send fail retry","SimAbsent":"SIM absent","SubscriptionNotAvailable":"Subscription not available","ModeNotSupported":"Mode not supported","FdnCheckFailure":"Fdn check failure","IllegalSimOrMe":"Illegal SIM or ME","DialModifiedToUssd":"Dial modified to USSD","DialModifiedToSs":"Dial modified to SS","DialModifiedToDial":"Dial modified to dial","UssdModifiedToDial":"USSD modified to dial","UssdModifiedToSs":"USSD modified to SS","UssdModifiedToUssd":"USSD modified to USSD","SsModifiedToDial":"SS modified to dial","SsModifiedToUssd":"SS modified to USSD","SsModifiedToSs":"SS modified to SS","SubscriptionNotSupported":"Subscription not supported","InvalidParameter":"Invalid parameter","RejectedByRemote":"Rejected by remote","group-call":{"_index":["plural","n"],"_":{"one":"Group call ({{ n }})","two":"Group call ({{ n }})","few":"Group call ({{ n }})","many":"Group call ({{ n }})","other":"Group call ({{ n }})"}},"caller-left-call":"{{ caller }} has left the call.","conferenceAddError":"Unable to merge calls","conferenceRemoveError":"Unable to unmerge calls","longDateFormat":"%A, %B %e","select-audio-sources":"Select audio sources","bluetooth-handsfree-device":"Bluetooth handsfree device","receiver":"Receiver","speaker":"Speaker","weekday-0-long":"Domingo","weekday-1-long":"Segunda-feira","weekday-2-long":"Terça-feira","weekday-3-long":"Quarta-feira","weekday-4-long":"Quinta-feira","weekday-5-long":"Sexta-feira","weekday-6-long":"Sábado","weekday-0-short":"Dom","weekday-1-short":"Seg","weekday-2-short":"Ter","weekday-3-short":"Qua","weekday-4-short":"Qui","weekday-5-short":"Sex","weekday-6-short":"Sáb","month-0-long":"Janeiro","month-1-long":"Fevereiro","month-2-long":"Março","month-3-long":"Abril","month-4-long":"Maio","month-5-long":"Junho","month-6-long":"Julho","month-7-long":"Agosto","month-8-long":"Setembro","month-9-long":"Outubro","month-10-long":"Novembro","month-11-long":"Dezembro","month-0-genitive":"Janeiro","month-1-genitive":"Fevereiro","month-2-genitive":"Março","month-3-genitive":"Abril","month-4-genitive":"Maio","month-5-genitive":"Junho","month-6-genitive":"Julho","month-7-genitive":"Agosto","month-8-genitive":"Setembro","month-9-genitive":"Outubro","month-10-genitive":"Novembro","month-11-genitive":"Dezembro","month-0-short":"Jan","month-1-short":"Fev","month-2-short":"Mar","month-3-short":"Abr","month-4-short":"Mai","month-5-short":"Jun","month-6-short":"Jul","month-7-short":"Ago","month-8-short":"Set","month-9-short":"Out","month-10-short":"Nov","month-11-short":"Dez","minutes-ago-long":{"_index":["plural","value"],"_":{"zero":"há pouco","one":"um minuto atrás","two":"{{value}} minutos atrás","few":"{{value}} minutos atrás","many":"{{value}} minutos atrás","other":"{{value}} minutos atrás"}},"hours-ago-long":{"_index":["plural","value"],"_":{"zero":"há pouco","one":"uma hora atrás","two":"{{value}} horas atrás","few":"{{value}} horas atrás","many":"{{value}} horas atrás","other":"{{value}} horas atrás"}},"days-ago-long":{"_index":["plural","value"],"_":{"zero":"hoje","one":"ontem","two":"{{value}} dias atrás","few":"{{value}} dias atrás","many":"{{value}} dias atrás","other":"{{value}} dias atrás"}},"weeks-ago-long":{"_index":["plural","value"],"_":{"zero":"esta semana","one":"semana passada","two":"{{value}} semanas atrás","few":"{{value}} semanas atrás","many":"{{value}} semanas atrás","other":"{{value}} semanas atrás"}},"months-ago-long":{"_index":["plural","value"],"_":{"zero":"este mês","one":"mês passado","two":"{{value}} meses atrás","few":"{{value}} meses atrás","many":"{{value}} meses atrás","other":"{{value}} meses atrás"}},"years-ago-long":{"_index":["plural","value"],"_":{"zero":"este ano","one":"ano passado","two":"{{value}} anos atrás","few":"{{value}} anos atrás","many":"{{value}} anos atrás","other":"{{value}} anos atrás"}},"minutes-until-long":{"_index":["plural","value"],"_":{"zero":"agora","one":"em um minuto","two":"em {{value}} minutos","few":"em {{value}} minutos","many":"em {{value}} minutos","other":"em {{value}} minutos"}},"hours-until-long":{"_index":["plural","value"],"_":{"zero":"agora","one":"em uma hora","two":"em {{value}} horas","few":"em {{value}} horas","many":"em {{value}} horas","other":"em {{value}} horas"}},"days-until-long":{"_index":["plural","value"],"_":{"zero":"hoje","one":"amanhã","two":"em {{value}} dias","few":"em {{value}} dias","many":"em {{value}} dias","other":"em {{value}} dias"}},"weeks-until-long":{"_index":["plural","value"],"_":{"zero":"esta semana","one":"semana que vem","two":"em {{value}} semanas","few":"em {{value}} semanas","many":"em {{value}} semanas","other":"em {{value}} semanas"}},"months-until-long":{"_index":["plural","value"],"_":{"zero":"este mês","one":"mês que vem","two":"em {{value}} meses","few":"em {{value}} meses","many":"em {{value}} meses","other":"em {{value}} meses"}},"years-until-long":{"_index":["plural","value"],"_":{"zero":"este ano","one":"ano que vem","two":"em {{value}} anos","few":"em {{value}} anos","many":"em {{value}} anos","other":"em {{value}} anos"}},"minutes-ago-short":{"_index":["plural","value"],"_":{"zero":"há pouco","other":"{{value}}min atrás"}},"hours-ago-short":{"_index":["plural","value"],"_":{"zero":"há pouco","other":"{{value}}h atrás"}},"days-ago-short":{"_index":["plural","value"],"_":{"zero":"hoje","other":"{{value}}d atrás"}},"minutes-until-short":{"_index":["plural","value"],"_":{"zero":"agora","other":"em {{value}}min"}},"hours-until-short":{"_index":["plural","value"],"_":{"zero":"agora","other":"em {{value}}h"}},"days-until-short":{"_index":["plural","value"],"_":{"zero":"hoje","other":"em {{value}}d"}},"incorrectDate":"(data incorreta)","dateTimeFormat_%c":"%A, %e de %B de %Y %Hh %Mmin %Ss","dateTimeFormat_%x":"%d/%m/%Y","dateTimeFormat_%X":"%Hh %Mmin %Ss","shortTimeFormat":"%Hh%M","shortDateTimeFormat":"%x %Hh%M","weekStartsOnMonday":"0","time_am":"AM","time_pm":"PM"}