{"callAirplaneModeMessage":"To make a call you need to disable airplane mode in settings.","callAirplaneModeBtnOk":"OK","callAirplaneModeTitle":"Airplane mode activated","numberIsBusyTitle":"Number is busy","numberIsBusyMessage":"The number is currently busy. Please try again later.","fdnIsActiveTitle":"FDN active","fdnIsActiveMessage":"FDN (Fixed Dialing Numbers) is activated and the following number is not in your FDN list: {{ number }}","voiceMail":"Voicemail","emergencyNumber":"Emergency number","emergencyDialogBodyBadNumber":"To make a call, the phone must be connected to a network.","emergencyDialogBodyDeviceNotAccepted":"Emergency calls are not allowed by the network.","emergencyDialogBtnOk":"OK","emergencyDialogTitle":"No network connection","invalidNumberToDialTitle":"Invalid phone number","invalidNumberToDialMessage":"The phone number you are calling is not valid.","unableToCallTitle":"Unable to make a phone call now","unableToCallMessage":"Cannot make a call. If you are already dialing, please hang up first.","otherConnectionInUseTitle":"Other connection in use","otherConnectionInUseMessage":"You have an active call on another connection. You can only use one connection at a time.","addNewNumber":"Add new number","addToExistingContact":"Add to existing contact","all":{"_":"All","ariaLabel":"All"},"asterisk":{"ariaLabel":"Asterisk"},"callLog":"Call log","callLogEdit":{"title":"Edit call log"},"callLogEditDialog":{"ariaLabel":"Edit call log dialog"},"connecting":"Connecting","cancel":"Cancel","cf-async":"Asynchronous: {{ async }}\\n","cf-data":"Data: {{ data }}\\n","cf-error":"An error occurred while retrieving call forwarding status","cf-fax":"FAX: {{ fax }}\\n","cf-inactive":"Inactive","cf-packet":"Packet: {{ packet }}\\n","cf-pad":"PAD: {{ pad }}\\n","cf-sms":"SMS: {{ sms }}\\n","cf-status":"Call forwarding status\\n","cf-sync":"Synchronous: {{ sync }}\\n","cf-voice":"Voice: {{ voice }}\\n","close":"Close","confirm-deletion":"Clear selected calls?","contacts":{"ariaLabel":"Contacts"},"createNewContact":"Create new contact","delete":"Delete","deselectAll":"Deselect all","dialerAddContact":{"ariaLabel":"Add contact"},"dialerAddContactDialog":{"ariaLabel":"Add Contact Dialog"},"edit-selected":{"_index":["plural","n"],"_":{"one":"{{ n }} selected","two":"{{ n }} selected","few":"{{ n }} selected","many":"{{ n }} selected","other":"{{ n }} selected"}},"edit":"Edit","hashSign":{"ariaLabel":"Hash sign"},"hideKeypad":{"ariaLabel":"Hide keypad"},"ignore":"Ignore Call","incoming":"Incoming","keypad":{"ariaLabel":"Keypad"},"keypadDelete":{"ariaLabel":"Delete"},"makeCall":{"ariaLabel":"Make call"},"merge":"Merge","missed":{"_":"Missed","ariaLabel":"Missed"},"missedCall":"Missed call","missedCallMultiSims":"(SIM {{ n }}) Missed call","mmi-error":"An error occurred while sending the message","mmi-session-expired":"Session expired","mmi-successfully-sent":"Message successfully sent","mute":{"ariaLabel":"Mute"},"newCall":{"ariaLabel":"New call"},"no-logs-msg-1":"No calls recorded","no-logs-msg-2":"Start communicating now","no-logs-msg-3":"No missed calls","phoneNumberInput":{"ariaLabel":"Phone number"},"recents":{"ariaLabel":"Recent calls"},"reply":"Reply","selectAll":"Select all","send":"Send","switch-calls":"Switch calls","today":"Today","voiceMailKey":{"ariaLabel":"Voicemail"},"withheld-number":"Withheld number","from-contact":"From {{ contact }}","from-number":"From {{ number }}","from-withheld-number":"From withheld number","yesterday":"Yesterday","sending":"Sending…","speakerOption":{"ariaLabel":"Speaker"},"ussd-services":"{{ operator }} services","toggleKeypad":{"ariaLabel":"Toggle keypad"},"type-your-response":{"placeholder":"Type your response…"},"clear-all-text":"Clear all text","hide":"Hide","call":"Call","hold":{"ariaLabel":"Hold"},"resume":{"_":"Resume","ariaLabel":"Resume"},"sendSms":"Send Message","callEnded":"Call Ended","via-sim":"via SIM{{ n }}","sim-number":"SIM{{ n }}","hangup-a11y-button":{"ariaLabel":"Hang Up"},"pickup-a11y-button":{"ariaLabel":"Pick up"},"unlock-a11y-button":{"ariaLabel":"Slider"},"settings":"Settings","delete-n-log?":{"_index":["plural","n"],"_":{"zero":"Nothing selected","one":"Delete selected log?","two":"Delete {{ n }} logs?","few":"Delete {{ n }} logs?","many":"Delete {{ n }} logs?","other":"Delete {{ n }} logs?"}},"callDurationMinutes":"{{ m }}:{{ s }}","callDurationHours":"{{ h }}:{{ m }}:{{ s}}","suggestionMatches":{"_index":["plural","n"],"_":{"one":"{{ n }} match for \"{{ matchNumber }}\"","two":"{{ n }} matches for \"{{ matchNumber }}\"","few":"{{ n }} matches for \"{{ matchNumber }}\"","many":"{{ n }} matches for \"{{ matchNumber }}\"","other":"{{ n }} matches for \"{{ matchNumber }}\""}},"scCallBarring":"Call barring","scCallForwarding":"Call forwarding","scClip":"Incoming Caller ID","scClir":"Outgoing Caller ID","scPwd":"Password change","scCallWaiting":"Call waiting","scPin":"PIN change","scPin2":"PIN2 change","scPuk":"Unblock PIN","scPuk2":"Unblock PIN2","scImei":"IMEI","scUssd":"USSD","serviceClassVoice":"Voice","serviceClassData":"Data","serviceClassFax":"FAX","serviceClassSms":"SMS","serviceClassDataSync":"Sync","serviceClassDataAsync":"Async","serviceClassPacket":"Packet","serviceClassPad":"PAD","smServiceEnabled":"Service was enabled","smServiceDisabled":"Service has been disabled","smServiceRegistered":"Registration was successful","smServiceErased":"Erasure was successful","smServiceInterrogated":"Request was successful","smServiceNotProvisioned":"Service not provisioned","smClirPermanent":"You can not change the caller ID setting","smClirDefaultOnNextCallOn":"Caller ID defaults to restricted. Next call: Restricted","smClirDefaultOnNextCallOff":"Caller ID defaults to restricted. Next call: Not restricted","smClirDefaultOffNextCallOn":"Caller ID defaults to not restricted. Next call: Restricted","smClirDefaultOffNextCallOff":"Caller ID defaults to not restricted. Next call: Not restricted","smServiceEnabledFor":"Service was enabled for:","smPinChanged":"PIN successfully changed","smPinUnblocked":"PIN successfully unblocked","smPin2Changed":"PIN2 successfully changed","smPin2Unblocked":"PIN2 successfully unblocked","emMmiError":"Connection problem or invalid MMI code","emMmiErrorPasswordIncorrect":"Incorrect Password","emMmiErrorNotSupported":"Invalid or Unsupported MMI Code","emMmiErrorInvalidAction":"Invalid action","emMmiErrorInvalidScCode":"Invalid service code","emMmiErrorBadPuk":"The PUK you typed is not correct","emMmiErrorBadPin":"The old PIN you typed is not correct.","emMmiErrorNeedPuk2":"Type PUK2 to unblock SIM card","emMmiErrorMismatchPin":"The PINs you typed do not match","emMmiErrorInvalidPin":"Type a PIN that is 4 to 8 numbers","emMmiErrorNeedsPuk":"Your SIM card is PUK-locked","emMmiErrorEnablePin":"Unsuccessful. Enable SIM/RUIM LOCK","emMmiErrorMmiFdn":"Operation is restricted to fixed dialing numbers only","emMmiErrorStkCcUssdDial":"USSD request is modified to DIAL request","emMmiErrorStkCcUssdSs":"USSD request is modified to SS request","emMmiErrorStkCcUssdUssd":"USSD request is modified to new USSD request","emMmiErrorStkCcSsDial":"SS request is modified to DIAL request","emMmiErrorStkCcSsUssd":"SS request is modified to USSD request","emMmiErrorStkCcSsSs":"SS request is modified to new SS request","emMmiErrorPinPukAttempts":{"_index":["plural","n"],"_":{"one":"Only {{ n }} retry left","two":"{{ n }} retries left","few":"{{ n }} retries left","many":"{{ n }} retries left","other":"{{ n }} retries left"}},"emMmiErrorSimBlocked":"Maximum number of retries exceeded. SIM blocked","RadioNotAvailable":"Radio not available","GenericFailure":"Generic failure","PasswordIncorrect":"Password incorrect","SimPin2":"SIM PIN2","SimPuk2":"SIM PUK2","RequestNotSupported":"Request not supported","OpNotAllowedDuringVoiceCall":"Operation not allowed during voice call","SmsSendFailRetry":"SMS send fail retry","SimAbsent":"SIM absent","SubscriptionNotAvailable":"Subscription not available","ModeNotSupported":"Mode not supported","FdnCheckFailure":"Fdn check failure","IllegalSimOrMe":"Illegal SIM or ME","DialModifiedToUssd":"Dial modified to USSD","DialModifiedToSs":"Dial modified to SS","DialModifiedToDial":"Dial modified to dial","UssdModifiedToDial":"USSD modified to dial","UssdModifiedToSs":"USSD modified to SS","UssdModifiedToUssd":"USSD modified to USSD","SsModifiedToDial":"SS modified to dial","SsModifiedToUssd":"SS modified to USSD","SsModifiedToSs":"SS modified to SS","SubscriptionNotSupported":"Subscription not supported","InvalidParameter":"Invalid parameter","RejectedByRemote":"Rejected by remote","group-call":{"_index":["plural","n"],"_":{"one":"Group call ({{ n }})","two":"Group call ({{ n }})","few":"Group call ({{ n }})","many":"Group call ({{ n }})","other":"Group call ({{ n }})"}},"caller-left-call":"{{ caller }} has left the call.","conferenceAddError":"Unable to merge calls","conferenceRemoveError":"Unable to unmerge calls","longDateFormat":"%A, %B %e","select-audio-sources":"Select audio sources","bluetooth-handsfree-device":"Bluetooth handsfree device","receiver":"Receiver","speaker":"Speaker","weekday-0-long":"Воскресенье","weekday-1-long":"Понедельник","weekday-2-long":"Вторник","weekday-3-long":"Среда","weekday-4-long":"Четверг","weekday-5-long":"Пятница","weekday-6-long":"Суббота","weekday-0-short":"Вс","weekday-1-short":"Пн","weekday-2-short":"Вт","weekday-3-short":"Ср","weekday-4-short":"Чт","weekday-5-short":"Пт","weekday-6-short":"Сб","month-0-long":"Январь","month-1-long":"Февраль","month-2-long":"Март","month-3-long":"Апрель","month-4-long":"Май","month-5-long":"Июнь","month-6-long":"Июль","month-7-long":"Август","month-8-long":"Сентябрь","month-9-long":"Октябрь","month-10-long":"Ноябрь","month-11-long":"Декабрь","month-0-genitive":"января","month-1-genitive":"февраля","month-2-genitive":"марта","month-3-genitive":"апреля","month-4-genitive":"мая","month-5-genitive":"июня","month-6-genitive":"июля","month-7-genitive":"августа","month-8-genitive":"сентября","month-9-genitive":"октября","month-10-genitive":"ноября","month-11-genitive":"декабря","month-0-short":"Январь","month-1-short":"Февраль","month-2-short":"Март","month-3-short":"Апрель","month-4-short":"Май","month-5-short":"Июнь","month-6-short":"Июль","month-7-short":"Август","month-8-short":"Сентябрь","month-9-short":"Октябрь","month-10-short":"Ноябрь","month-11-short":"Декабрь","minutes-ago-long":{"_index":["plural","value"],"_":{"zero":"прямо сейчас","one":"{{value}} минуту назад","two":"{{value}} минуты назад","few":"{{value}} минуты назад","many":"{{value}} минут назад","other":"{{value}} минут назад"}},"hours-ago-long":{"_index":["plural","value"],"_":{"zero":"прямо сейчас","one":"{{value}} час назад","two":"{{value}} часа назад","few":"{{value}} часа назад","many":"{{value}} часов назад","other":"{{value}} часов назад"}},"days-ago-long":{"_index":["plural","value"],"_":{"zero":"сегодня","one":"{{value}} день назад","two":"{{value}} дня назад","few":"{{value}} дня назад","many":"{{value}} дней назад","other":"{{value}} дней назад"}},"weeks-ago-long":{"_index":["plural","value"],"_":{"zero":"эта неделя","one":"{{value}} неделя назад","two":"{{value}} недели назад","few":"{{value}} недели назад","many":"{{value}} недель назад","other":"{{value}} недель назад"}},"months-ago-long":{"_index":["plural","value"],"_":{"zero":"этот месяц","one":"{{value}} месяц назад","two":"{{value}} месяца назад","few":"{{value}} месяца назад","many":"{{value}} месяцев назад","other":"{{value}} месяцев назад"}},"years-ago-long":{"_index":["plural","value"],"_":{"zero":"этот год","one":"{{value}} год назад","two":"{{value}} года назад","few":"{{value}} года назад","many":"{{value}} лет назад","other":"{{value}} лет назад"}},"minutes-until-long":{"_index":["plural","value"],"_":{"zero":"сейчас","one":"через {{value}} минуту","two":"через {{value}} минуты","few":"через {{value}} минуты","many":"через {{value}} минут","other":"через {{value}} минут"}},"hours-until-long":{"_index":["plural","value"],"_":{"zero":"сейчас","one":"через {{value}} час","two":"через {{value}} часа","few":"через {{value}} часа","many":"через {{value}} часов","other":"через {{value}} часов"}},"days-until-long":{"_index":["plural","value"],"_":{"zero":"сегодня","one":"через {{value}} день","two":"через {{value}} дня","few":"через {{value}} дня","many":"через {{value}} дней","other":"через {{value}} дней"}},"weeks-until-long":{"_index":["plural","value"],"_":{"zero":"эта неделя","one":"через {{value}} неделю","two":"через {{value}} недели","few":"через {{value}} недели","many":"через {{value}} недель","other":"через {{value}} недель"}},"months-until-long":{"_index":["plural","value"],"_":{"zero":"этот месяц","one":"через {{value}} месяц","two":"через {{value}} месяца","few":"через {{value}} месяца","many":"через {{value}} месяцев","other":"через {{value}} месяцев"}},"years-until-long":{"_index":["plural","value"],"_":{"zero":"этот год","one":"через {{value}} год","two":"через {{value}} года","few":"через {{value}} года","many":"через {{value}} лет","other":"через {{value}} лет"}},"minutes-ago-short":{"_index":["plural","value"],"_":{"zero":"сейчас","other":"{{value}}м назад"}},"hours-ago-short":{"_index":["plural","value"],"_":{"zero":"сейчас","other":"{{value}}ч назад"}},"days-ago-short":{"_index":["plural","value"],"_":{"zero":"сегодня","other":"{{value}}д назад"}},"minutes-until-short":{"_index":["plural","value"],"_":{"zero":"сейчас","other":"через {{value}}м"}},"hours-until-short":{"_index":["plural","value"],"_":{"zero":"сейчас","other":"через {{value}}ч"}},"days-until-short":{"_index":["plural","value"],"_":{"zero":"сегодня","other":"через {{value}}д"}},"incorrectDate":"(некорректная дата)","dateTimeFormat_%c":"%a, %e %Eb %Y, %H:%M:%S","dateTimeFormat_%x":"%d.%m.%Y","dateTimeFormat_%X":"%H:%M:%S","shortTimeFormat":"%H:%M","shortDateTimeFormat":"%x %H:%M","weekStartsOnMonday":"1","time_am":"AM","time_pm":"PM"}