{"callAirplaneModeMessage":"To make a call you need to disable airplane mode in settings.","callAirplaneModeBtnOk":"OK","callAirplaneModeTitle":"Airplane mode activated","numberIsBusyTitle":"Number is busy","numberIsBusyMessage":"The number is currently busy. Please try again later.","fdnIsActiveTitle":"FDN active","fdnIsActiveMessage":"FDN (Fixed Dialing Numbers) is activated and the following number is not in your FDN list: {{ number }}","voiceMail":"Voicemail","emergencyNumber":"Emergency number","emergencyDialogBodyBadNumber":"To make a call, the phone must be connected to a network.","emergencyDialogBodyDeviceNotAccepted":"Emergency calls are not allowed by the network.","emergencyDialogBtnOk":"OK","emergencyDialogTitle":"No network connection","invalidNumberToDialTitle":"Invalid phone number","invalidNumberToDialMessage":"The phone number you are calling is not valid.","unableToCallTitle":"Unable to make a phone call now","unableToCallMessage":"Cannot make a call. If you are already dialing, please hang up first.","otherConnectionInUseTitle":"Other connection in use","otherConnectionInUseMessage":"You have an active call on another connection. You can only use one connection at a time.","addNewNumber":"Add new number","addToExistingContact":"Add to existing contact","all":{"_":"All","ariaLabel":"All"},"asterisk":{"ariaLabel":"Asterisk"},"callLog":"Call log","callLogEdit":{"title":"Edit call log"},"callLogEditDialog":{"ariaLabel":"Edit call log dialog"},"connecting":"Connecting","cancel":"Cancel","cf-async":"Asynchronous: {{ async }}\\n","cf-data":"Data: {{ data }}\\n","cf-error":"An error occurred while retrieving call forwarding status","cf-fax":"FAX: {{ fax }}\\n","cf-inactive":"Inactive","cf-packet":"Packet: {{ packet }}\\n","cf-pad":"PAD: {{ pad }}\\n","cf-sms":"SMS: {{ sms }}\\n","cf-status":"Call forwarding status\\n","cf-sync":"Synchronous: {{ sync }}\\n","cf-voice":"Voice: {{ voice }}\\n","close":"Close","confirm-deletion":"Clear selected calls?","contacts":{"ariaLabel":"Contacts"},"createNewContact":"Create new contact","delete":"Delete","deselectAll":"Deselect all","dialerAddContact":{"ariaLabel":"Add contact"},"dialerAddContactDialog":{"ariaLabel":"Add Contact Dialog"},"edit-selected":{"_index":["plural","n"],"_":{"one":"{{ n }} selected","two":"{{ n }} selected","few":"{{ n }} selected","many":"{{ n }} selected","other":"{{ n }} selected"}},"edit":"Edit","hashSign":{"ariaLabel":"Hash sign"},"hideKeypad":{"ariaLabel":"Hide keypad"},"ignore":"Ignore Call","incoming":"Incoming","keypad":{"ariaLabel":"Keypad"},"keypadDelete":{"ariaLabel":"Delete"},"makeCall":{"ariaLabel":"Make call"},"merge":"Merge","missed":{"_":"Missed","ariaLabel":"Missed"},"missedCall":"Missed call","missedCallMultiSims":"(SIM {{ n }}) Missed call","mmi-error":"An error occurred while sending the message","mmi-session-expired":"Session expired","mmi-successfully-sent":"Message successfully sent","mute":{"ariaLabel":"Mute"},"newCall":{"ariaLabel":"New call"},"no-logs-msg-1":"No calls recorded","no-logs-msg-2":"Start communicating now","no-logs-msg-3":"No missed calls","phoneNumberInput":{"ariaLabel":"Phone number"},"recents":{"ariaLabel":"Recent calls"},"reply":"Reply","selectAll":"Select all","send":"Send","switch-calls":"Switch calls","today":"Today","voiceMailKey":{"ariaLabel":"Voicemail"},"withheld-number":"Withheld number","from-contact":"From {{ contact }}","from-number":"From {{ number }}","from-withheld-number":"From withheld number","yesterday":"Yesterday","sending":"Sending…","speakerOption":{"ariaLabel":"Speaker"},"ussd-services":"{{ operator }} services","toggleKeypad":{"ariaLabel":"Toggle keypad"},"type-your-response":{"placeholder":"Type your response…"},"clear-all-text":"Clear all text","hide":"Hide","call":"Call","hold":{"ariaLabel":"Hold"},"resume":{"_":"Resume","ariaLabel":"Resume"},"sendSms":"Send Message","callEnded":"Call Ended","via-sim":"via SIM{{ n }}","sim-number":"SIM{{ n }}","hangup-a11y-button":{"ariaLabel":"Hang Up"},"pickup-a11y-button":{"ariaLabel":"Pick up"},"unlock-a11y-button":{"ariaLabel":"Slider"},"settings":"Settings","delete-n-log?":{"_index":["plural","n"],"_":{"zero":"Nothing selected","one":"Delete selected log?","two":"Delete {{ n }} logs?","few":"Delete {{ n }} logs?","many":"Delete {{ n }} logs?","other":"Delete {{ n }} logs?"}},"callDurationMinutes":"{{ m }}:{{ s }}","callDurationHours":"{{ h }}:{{ m }}:{{ s}}","suggestionMatches":{"_index":["plural","n"],"_":{"one":"{{ n }} match for \"{{ matchNumber }}\"","two":"{{ n }} matches for \"{{ matchNumber }}\"","few":"{{ n }} matches for \"{{ matchNumber }}\"","many":"{{ n }} matches for \"{{ matchNumber }}\"","other":"{{ n }} matches for \"{{ matchNumber }}\""}},"scCallBarring":"Call barring","scCallForwarding":"Call forwarding","scClip":"Incoming Caller ID","scClir":"Outgoing Caller ID","scPwd":"Password change","scCallWaiting":"Call waiting","scPin":"PIN change","scPin2":"PIN2 change","scPuk":"Unblock PIN","scPuk2":"Unblock PIN2","scImei":"IMEI","scUssd":"USSD","serviceClassVoice":"Voice","serviceClassData":"Data","serviceClassFax":"FAX","serviceClassSms":"SMS","serviceClassDataSync":"Sync","serviceClassDataAsync":"Async","serviceClassPacket":"Packet","serviceClassPad":"PAD","smServiceEnabled":"Service was enabled","smServiceDisabled":"Service has been disabled","smServiceRegistered":"Registration was successful","smServiceErased":"Erasure was successful","smServiceInterrogated":"Request was successful","smServiceNotProvisioned":"Service not provisioned","smClirPermanent":"You can not change the caller ID setting","smClirDefaultOnNextCallOn":"Caller ID defaults to restricted. Next call: Restricted","smClirDefaultOnNextCallOff":"Caller ID defaults to restricted. Next call: Not restricted","smClirDefaultOffNextCallOn":"Caller ID defaults to not restricted. Next call: Restricted","smClirDefaultOffNextCallOff":"Caller ID defaults to not restricted. Next call: Not restricted","smServiceEnabledFor":"Service was enabled for:","smPinChanged":"PIN successfully changed","smPinUnblocked":"PIN successfully unblocked","smPin2Changed":"PIN2 successfully changed","smPin2Unblocked":"PIN2 successfully unblocked","emMmiError":"Connection problem or invalid MMI code","emMmiErrorPasswordIncorrect":"Incorrect Password","emMmiErrorNotSupported":"Invalid or Unsupported MMI Code","emMmiErrorInvalidAction":"Invalid action","emMmiErrorInvalidScCode":"Invalid service code","emMmiErrorBadPuk":"The PUK you typed is not correct","emMmiErrorBadPin":"The old PIN you typed is not correct.","emMmiErrorNeedPuk2":"Type PUK2 to unblock SIM card","emMmiErrorMismatchPin":"The PINs you typed do not match","emMmiErrorInvalidPin":"Type a PIN that is 4 to 8 numbers","emMmiErrorNeedsPuk":"Your SIM card is PUK-locked","emMmiErrorEnablePin":"Unsuccessful. Enable SIM/RUIM LOCK","emMmiErrorMmiFdn":"Operation is restricted to fixed dialing numbers only","emMmiErrorStkCcUssdDial":"USSD request is modified to DIAL request","emMmiErrorStkCcUssdSs":"USSD request is modified to SS request","emMmiErrorStkCcUssdUssd":"USSD request is modified to new USSD request","emMmiErrorStkCcSsDial":"SS request is modified to DIAL request","emMmiErrorStkCcSsUssd":"SS request is modified to USSD request","emMmiErrorStkCcSsSs":"SS request is modified to new SS request","emMmiErrorPinPukAttempts":{"_index":["plural","n"],"_":{"one":"Only {{ n }} retry left","two":"{{ n }} retries left","few":"{{ n }} retries left","many":"{{ n }} retries left","other":"{{ n }} retries left"}},"emMmiErrorSimBlocked":"Maximum number of retries exceeded. SIM blocked","RadioNotAvailable":"Radio not available","GenericFailure":"Generic failure","PasswordIncorrect":"Password incorrect","SimPin2":"SIM PIN2","SimPuk2":"SIM PUK2","RequestNotSupported":"Request not supported","OpNotAllowedDuringVoiceCall":"Operation not allowed during voice call","SmsSendFailRetry":"SMS send fail retry","SimAbsent":"SIM absent","SubscriptionNotAvailable":"Subscription not available","ModeNotSupported":"Mode not supported","FdnCheckFailure":"Fdn check failure","IllegalSimOrMe":"Illegal SIM or ME","DialModifiedToUssd":"Dial modified to USSD","DialModifiedToSs":"Dial modified to SS","DialModifiedToDial":"Dial modified to dial","UssdModifiedToDial":"USSD modified to dial","UssdModifiedToSs":"USSD modified to SS","UssdModifiedToUssd":"USSD modified to USSD","SsModifiedToDial":"SS modified to dial","SsModifiedToUssd":"SS modified to USSD","SsModifiedToSs":"SS modified to SS","SubscriptionNotSupported":"Subscription not supported","InvalidParameter":"Invalid parameter","RejectedByRemote":"Rejected by remote","group-call":{"_index":["plural","n"],"_":{"one":"Group call ({{ n }})","two":"Group call ({{ n }})","few":"Group call ({{ n }})","many":"Group call ({{ n }})","other":"Group call ({{ n }})"}},"caller-left-call":"{{ caller }} has left the call.","conferenceAddError":"Unable to merge calls","conferenceRemoveError":"Unable to unmerge calls","longDateFormat":"%A, %B %e","select-audio-sources":"Select audio sources","bluetooth-handsfree-device":"Bluetooth handsfree device","receiver":"Receiver","speaker":"Speaker","weekday-0-long":"E diel","weekday-1-long":"E hënë","weekday-2-long":"E martë","weekday-3-long":"E mërkurë","weekday-4-long":"E enjte","weekday-5-long":"E premte","weekday-6-long":"E shtunë","weekday-0-short":"Die","weekday-1-short":"Hën","weekday-2-short":"Mar","weekday-3-short":"Mër","weekday-4-short":"Enj","weekday-5-short":"Pre","weekday-6-short":"Sht","month-0-long":"Janar","month-1-long":"Shkurt","month-2-long":"Mars","month-3-long":"Prill","month-4-long":"Maj","month-5-long":"Qershor","month-6-long":"Korrik","month-7-long":"Gusht","month-8-long":"Shtator","month-9-long":"Tetor","month-10-long":"Nëntor","month-11-long":"Dhjetor","month-0-genitive":"të Janarit","month-1-genitive":"të Shkurtit","month-2-genitive":"të Marsit","month-3-genitive":"të Prillit","month-4-genitive":"të Majit","month-5-genitive":"të Qershorit","month-6-genitive":"të Korrikut","month-7-genitive":"të Gushtit","month-8-genitive":"të Shtatorit","month-9-genitive":"të Tetorit","month-10-genitive":"të Nëntorit","month-11-genitive":"të Dhjetorit","month-0-short":"Jan","month-1-short":"Shk","month-2-short":"Mar","month-3-short":"Pri","month-4-short":"Maj","month-5-short":"Qer","month-6-short":"Kor","month-7-short":"Gus","month-8-short":"Sht","month-9-short":"Tet","month-10-short":"Nën","month-11-short":"Dhj","minutes-ago-long":{"_index":["plural","value"],"_":{"zero":"mu tani","one":"një minutë më parë","two":"{{value}} minuta më parë","few":"{{value}} minuta më parë","many":"{{value}} minuta më parë","other":"{{value}} minuta më parë"}},"hours-ago-long":{"_index":["plural","value"],"_":{"zero":"mu tani","one":"një orë më parë","two":"{{value}} orë më parë","few":"{{value}} orë më parë","many":"{{value}} orë më parë","other":"{{value}} orë më parë"}},"days-ago-long":{"_index":["plural","value"],"_":{"zero":"sot","one":"dje","two":"{{value}} ditë më parë","few":"{{value}} ditë më parë","many":"{{value}} ditë më parë","other":"{{value}} ditë më parë"}},"weeks-ago-long":{"_index":["plural","value"],"_":{"zero":"këtë javë","one":"javën e kaluar","two":"{{value}} javë më parë","few":"{{value}} javë më parë","many":"{{value}} javë më parë","other":"{{value}} javë më parë"}},"months-ago-long":{"_index":["plural","value"],"_":{"zero":"këtë muaj","one":"muajin e kaluar","two":"{{value}} muaj më parë","few":"{{value}} muaj më parë","many":"{{value}} muaj më parë","other":"{{value}} muaj më parë"}},"years-ago-long":{"_index":["plural","value"],"_":{"zero":"këtë vit","one":"vitin e kaluar","two":"{{value}} vite më parë","few":"{{value}} vite më parë","many":"{{value}} vite më parë","other":"{{value}} vite më parë"}},"minutes-until-long":{"_index":["plural","value"],"_":{"zero":"tani","one":"për një minutë","two":"për {{value}} minuta","few":"për {{value}} minuta","many":"për {{value}} minuta","other":"për {{value}} minuta"}},"hours-until-long":{"_index":["plural","value"],"_":{"zero":"tani","one":"për një orë","two":"për {{value}} orë","few":"për {{value}} orë","many":"për {{value}} orë","other":"për {{value}} orë"}},"days-until-long":{"_index":["plural","value"],"_":{"zero":"sot","one":"nesër","two":"për {{value}} ditë","few":"për {{value}} ditë","many":"për {{value}} ditë","other":"për {{value}} ditë"}},"weeks-until-long":{"_index":["plural","value"],"_":{"zero":"këtë javë","one":"javën pasuese","two":"për {{value}} javë","few":"për {{value}} javë","many":"për {{value}} javë","other":"për {{value}} javë"}},"months-until-long":{"_index":["plural","value"],"_":{"zero":"këtë muaj","one":"muajin pasues","two":"për {{value}} muaj","few":"për {{value}} muaj","many":"për {{value}} muaj","other":"për {{value}} muaj"}},"years-until-long":{"_index":["plural","value"],"_":{"zero":"këtë vit","one":"vitin pasues","two":"për {{value}} vjet","few":"për {{value}} vjet","many":"për {{value}} vjet","other":"për {{value}} vjet"}},"minutes-ago-short":{"_index":["plural","value"],"_":{"zero":"mu tani","other":"{{value}}m më parë"}},"hours-ago-short":{"_index":["plural","value"],"_":{"zero":"mu tani","other":"{{value}}h më parë"}},"days-ago-short":{"_index":["plural","value"],"_":{"zero":"sot","other":"{{value}}d më parë"}},"minutes-until-short":{"_index":["plural","value"],"_":{"zero":"tani","other":"për {{value}}m"}},"hours-until-short":{"_index":["plural","value"],"_":{"zero":"tani","other":"për {{value}}h"}},"days-until-short":{"_index":["plural","value"],"_":{"zero":"sot","other":"për {{value}}d"}},"incorrectDate":"(datë e pasaktë)","dateTimeFormat_%c":"%a %e %b %Y %I:%M:%S %p","dateTimeFormat_%x":"%m/%d/%Y","dateTimeFormat_%X":"%I:%M:%S %p","shortTimeFormat":"%I:%M %p","shortDateTimeFormat":"%x %I:%M %p","weekStartsOnMonday":"0","time_am":"AM","time_pm":"PM"}