{"callAirplaneModeMessage":"To make a call you need to disable airplane mode in settings.","callAirplaneModeBtnOk":"OK","callAirplaneModeTitle":"Airplane mode activated","numberIsBusyTitle":"Number is busy","numberIsBusyMessage":"The number is currently busy. Please try again later.","fdnIsActiveTitle":"FDN active","fdnIsActiveMessage":"FDN (Fixed Dialing Numbers) is activated and the following number is not in your FDN list: {{ number }}","voiceMail":"Voicemail","emergencyNumber":"Emergency number","emergencyDialogBodyBadNumber":"To make a call, the phone must be connected to a network.","emergencyDialogBodyDeviceNotAccepted":"Emergency calls are not allowed by the network.","emergencyDialogBtnOk":"OK","emergencyDialogTitle":"No network connection","invalidNumberToDialTitle":"Invalid phone number","invalidNumberToDialMessage":"The phone number you are calling is not valid.","unableToCallTitle":"Unable to make a phone call now","unableToCallMessage":"Cannot make a call. If you are already dialing, please hang up first.","otherConnectionInUseTitle":"Other connection in use","otherConnectionInUseMessage":"You have an active call on another connection. You can only use one connection at a time.","addNewNumber":"Add new number","addToExistingContact":"Add to existing contact","all":{"_":"All","ariaLabel":"All"},"asterisk":{"ariaLabel":"Asterisk"},"callLog":"Call log","callLogEdit":{"title":"Edit call log"},"callLogEditDialog":{"ariaLabel":"Edit call log dialog"},"connecting":"Connecting","cancel":"Cancel","cf-async":"Asynchronous: {{ async }}\\n","cf-data":"Data: {{ data }}\\n","cf-error":"An error occurred while retrieving call forwarding status","cf-fax":"FAX: {{ fax }}\\n","cf-inactive":"Inactive","cf-packet":"Packet: {{ packet }}\\n","cf-pad":"PAD: {{ pad }}\\n","cf-sms":"SMS: {{ sms }}\\n","cf-status":"Call forwarding status\\n","cf-sync":"Synchronous: {{ sync }}\\n","cf-voice":"Voice: {{ voice }}\\n","close":"Close","confirm-deletion":"Clear selected calls?","contacts":{"ariaLabel":"Contacts"},"createNewContact":"Create new contact","delete":"Delete","deselectAll":"Deselect all","dialerAddContact":{"ariaLabel":"Add contact"},"dialerAddContactDialog":{"ariaLabel":"Add Contact Dialog"},"edit-selected":{"_index":["plural","n"],"_":{"one":"{{ n }} selected","two":"{{ n }} selected","few":"{{ n }} selected","many":"{{ n }} selected","other":"{{ n }} selected"}},"edit":"Edit","hashSign":{"ariaLabel":"Hash sign"},"hideKeypad":{"ariaLabel":"Hide keypad"},"ignore":"Ignore Call","incoming":"Incoming","keypad":{"ariaLabel":"Keypad"},"keypadDelete":{"ariaLabel":"Delete"},"makeCall":{"ariaLabel":"Make call"},"merge":"Merge","missed":{"_":"Missed","ariaLabel":"Missed"},"missedCall":"Missed call","missedCallMultiSims":"(SIM {{ n }}) Missed call","mmi-error":"An error occurred while sending the message","mmi-session-expired":"Session expired","mmi-successfully-sent":"Message successfully sent","mute":{"ariaLabel":"Mute"},"newCall":{"ariaLabel":"New call"},"no-logs-msg-1":"No calls recorded","no-logs-msg-2":"Start communicating now","no-logs-msg-3":"No missed calls","phoneNumberInput":{"ariaLabel":"Phone number"},"recents":{"ariaLabel":"Recent calls"},"reply":"Reply","selectAll":"Select all","send":"Send","switch-calls":"Switch calls","today":"Today","voiceMailKey":{"ariaLabel":"Voicemail"},"withheld-number":"Withheld number","from-contact":"From {{ contact }}","from-number":"From {{ number }}","from-withheld-number":"From withheld number","yesterday":"Yesterday","sending":"Sending…","speakerOption":{"ariaLabel":"Speaker"},"ussd-services":"{{ operator }} services","toggleKeypad":{"ariaLabel":"Toggle keypad"},"type-your-response":{"placeholder":"Type your response…"},"clear-all-text":"Clear all text","hide":"Hide","call":"Call","hold":{"ariaLabel":"Hold"},"resume":{"_":"Resume","ariaLabel":"Resume"},"sendSms":"Send Message","callEnded":"Call Ended","via-sim":"via SIM{{ n }}","sim-number":"SIM{{ n }}","hangup-a11y-button":{"ariaLabel":"Hang Up"},"pickup-a11y-button":{"ariaLabel":"Pick up"},"unlock-a11y-button":{"ariaLabel":"Slider"},"settings":"Settings","delete-n-log?":{"_index":["plural","n"],"_":{"zero":"Nothing selected","one":"Delete selected log?","two":"Delete {{ n }} logs?","few":"Delete {{ n }} logs?","many":"Delete {{ n }} logs?","other":"Delete {{ n }} logs?"}},"callDurationMinutes":"{{ m }}:{{ s }}","callDurationHours":"{{ h }}:{{ m }}:{{ s}}","suggestionMatches":{"_index":["plural","n"],"_":{"one":"{{ n }} match for \"{{ matchNumber }}\"","two":"{{ n }} matches for \"{{ matchNumber }}\"","few":"{{ n }} matches for \"{{ matchNumber }}\"","many":"{{ n }} matches for \"{{ matchNumber }}\"","other":"{{ n }} matches for \"{{ matchNumber }}\""}},"scCallBarring":"Call barring","scCallForwarding":"Call forwarding","scClip":"Incoming Caller ID","scClir":"Outgoing Caller ID","scPwd":"Password change","scCallWaiting":"Call waiting","scPin":"PIN change","scPin2":"PIN2 change","scPuk":"Unblock PIN","scPuk2":"Unblock PIN2","scImei":"IMEI","scUssd":"USSD","serviceClassVoice":"Voice","serviceClassData":"Data","serviceClassFax":"FAX","serviceClassSms":"SMS","serviceClassDataSync":"Sync","serviceClassDataAsync":"Async","serviceClassPacket":"Packet","serviceClassPad":"PAD","smServiceEnabled":"Service was enabled","smServiceDisabled":"Service has been disabled","smServiceRegistered":"Registration was successful","smServiceErased":"Erasure was successful","smServiceInterrogated":"Request was successful","smServiceNotProvisioned":"Service not provisioned","smClirPermanent":"You can not change the caller ID setting","smClirDefaultOnNextCallOn":"Caller ID defaults to restricted. Next call: Restricted","smClirDefaultOnNextCallOff":"Caller ID defaults to restricted. Next call: Not restricted","smClirDefaultOffNextCallOn":"Caller ID defaults to not restricted. Next call: Restricted","smClirDefaultOffNextCallOff":"Caller ID defaults to not restricted. Next call: Not restricted","smServiceEnabledFor":"Service was enabled for:","smPinChanged":"PIN successfully changed","smPinUnblocked":"PIN successfully unblocked","smPin2Changed":"PIN2 successfully changed","smPin2Unblocked":"PIN2 successfully unblocked","emMmiError":"Connection problem or invalid MMI code","emMmiErrorPasswordIncorrect":"Incorrect Password","emMmiErrorNotSupported":"Invalid or Unsupported MMI Code","emMmiErrorInvalidAction":"Invalid action","emMmiErrorInvalidScCode":"Invalid service code","emMmiErrorBadPuk":"The PUK you typed is not correct","emMmiErrorBadPin":"The old PIN you typed is not correct.","emMmiErrorNeedPuk2":"Type PUK2 to unblock SIM card","emMmiErrorMismatchPin":"The PINs you typed do not match","emMmiErrorInvalidPin":"Type a PIN that is 4 to 8 numbers","emMmiErrorNeedsPuk":"Your SIM card is PUK-locked","emMmiErrorEnablePin":"Unsuccessful. Enable SIM/RUIM LOCK","emMmiErrorMmiFdn":"Operation is restricted to fixed dialing numbers only","emMmiErrorStkCcUssdDial":"USSD request is modified to DIAL request","emMmiErrorStkCcUssdSs":"USSD request is modified to SS request","emMmiErrorStkCcUssdUssd":"USSD request is modified to new USSD request","emMmiErrorStkCcSsDial":"SS request is modified to DIAL request","emMmiErrorStkCcSsUssd":"SS request is modified to USSD request","emMmiErrorStkCcSsSs":"SS request is modified to new SS request","emMmiErrorPinPukAttempts":{"_index":["plural","n"],"_":{"one":"Only {{ n }} retry left","two":"{{ n }} retries left","few":"{{ n }} retries left","many":"{{ n }} retries left","other":"{{ n }} retries left"}},"emMmiErrorSimBlocked":"Maximum number of retries exceeded. SIM blocked","RadioNotAvailable":"Radio not available","GenericFailure":"Generic failure","PasswordIncorrect":"Password incorrect","SimPin2":"SIM PIN2","SimPuk2":"SIM PUK2","RequestNotSupported":"Request not supported","OpNotAllowedDuringVoiceCall":"Operation not allowed during voice call","SmsSendFailRetry":"SMS send fail retry","SimAbsent":"SIM absent","SubscriptionNotAvailable":"Subscription not available","ModeNotSupported":"Mode not supported","FdnCheckFailure":"Fdn check failure","IllegalSimOrMe":"Illegal SIM or ME","DialModifiedToUssd":"Dial modified to USSD","DialModifiedToSs":"Dial modified to SS","DialModifiedToDial":"Dial modified to dial","UssdModifiedToDial":"USSD modified to dial","UssdModifiedToSs":"USSD modified to SS","UssdModifiedToUssd":"USSD modified to USSD","SsModifiedToDial":"SS modified to dial","SsModifiedToUssd":"SS modified to USSD","SsModifiedToSs":"SS modified to SS","SubscriptionNotSupported":"Subscription not supported","InvalidParameter":"Invalid parameter","RejectedByRemote":"Rejected by remote","group-call":{"_index":["plural","n"],"_":{"one":"Group call ({{ n }})","two":"Group call ({{ n }})","few":"Group call ({{ n }})","many":"Group call ({{ n }})","other":"Group call ({{ n }})"}},"caller-left-call":"{{ caller }} has left the call.","conferenceAddError":"Unable to merge calls","conferenceRemoveError":"Unable to unmerge calls","longDateFormat":"%A, %B %e","select-audio-sources":"Select audio sources","bluetooth-handsfree-device":"Bluetooth handsfree device","receiver":"Receiver","speaker":"Speaker","weekday-0-long":"Söndag","weekday-1-long":"Måndag","weekday-2-long":"Tisdag","weekday-3-long":"Onsdag","weekday-4-long":"Torsdag","weekday-5-long":"Fredag","weekday-6-long":"Lördag","weekday-0-short":"Sön","weekday-1-short":"Mån","weekday-2-short":"Tis","weekday-3-short":"Ons","weekday-4-short":"Tor","weekday-5-short":"Fre","weekday-6-short":"Lör","month-0-long":"Januari","month-1-long":"Februari","month-2-long":"Mars","month-3-long":"April","month-4-long":"Maj","month-5-long":"Juni","month-6-long":"Juli","month-7-long":"Augusti","month-8-long":"September","month-9-long":"Oktober","month-10-long":"November","month-11-long":"December","month-0-genitive":"Januari","month-1-genitive":"Februari","month-2-genitive":"Mars","month-3-genitive":"April","month-4-genitive":"Maj","month-5-genitive":"Juni","month-6-genitive":"Juli","month-7-genitive":"Augusti","month-8-genitive":"September","month-9-genitive":"Oktober","month-10-genitive":"November","month-11-genitive":"December","month-0-short":"Jan","month-1-short":"Feb","month-2-short":"Mar","month-3-short":"Apr","month-4-short":"Maj","month-5-short":"Jun","month-6-short":"Jul","month-7-short":"Aug","month-8-short":"Sep","month-9-short":"Okt","month-10-short":"Nov","month-11-short":"Dec","minutes-ago-long":{"_index":["plural","value"],"_":{"zero":"nyss","one":"en minut sen","two":"{{value}} minuter sen","few":"{{value}} minuter sen","many":"{{value}} minuter sen","other":"{{value}} minuter sen"}},"hours-ago-long":{"_index":["plural","value"],"_":{"zero":"nyss","one":"en timme sen","two":"{{value}} timmar sen","few":"{{value}} timmar sen","many":"{{value}} timmar sen","other":"{{value}} timmar sen"}},"days-ago-long":{"_index":["plural","value"],"_":{"zero":"idag","one":"igår","two":"{{value}} dagar sen","few":"{{value}} dagar sen","many":"{{value}} dagar sen","other":"{{value}} dagar sen"}},"weeks-ago-long":{"_index":["plural","value"],"_":{"zero":"denna vecka","one":"förra veckan","two":"{{value}} veckor sen","few":"{{value}} veckor sen","many":"{{value}} veckor sen","other":"{{value}} veckor sen"}},"months-ago-long":{"_index":["plural","value"],"_":{"zero":"denna månad","one":"förra månaden","two":"{{value}} månader sen","few":"{{value}} månader sen","many":"{{value}} månader sen","other":"{{value}} månader sen"}},"years-ago-long":{"_index":["plural","value"],"_":{"zero":"detta år","one":"förra året","two":"{{value}} år sen","few":"{{value}} år sen","many":"{{value}} år sen","other":"{{value}} år sen"}},"minutes-until-long":{"_index":["plural","value"],"_":{"zero":"nu","one":"om en minut","two":"om {{value}} minuter","few":"om {{value}} minuter","many":"om {{value}} minuter","other":"om {{value}} minuter"}},"hours-until-long":{"_index":["plural","value"],"_":{"zero":"nu","one":"om en timme","two":"om {{value}} timmar","few":"om {{value}} timmar","many":"om {{value}} timmar","other":"om {{value}} timmar"}},"days-until-long":{"_index":["plural","value"],"_":{"zero":"idag","one":"imorgon","two":"om {{value}} dagar","few":"om {{value}} dagar","many":"om {{value}} dagar","other":"om {{value}} dagar"}},"weeks-until-long":{"_index":["plural","value"],"_":{"zero":"denna vecka","one":"nästa vecka","two":"om {{value}} veckor","few":"om {{value}} veckor","many":"om {{value}} veckor","other":"om {{value}} veckor"}},"months-until-long":{"_index":["plural","value"],"_":{"zero":"denna månad","one":"nästa månad","two":"om {{value}} månader","few":"om {{value}} månader","many":"om {{value}} månader","other":"om {{value}} månader"}},"years-until-long":{"_index":["plural","value"],"_":{"zero":"detta år","one":"nästa år","two":"om {{value}} år","few":"om {{value}} år","many":"om {{value}} år","other":"om {{value}} år"}},"minutes-ago-short":{"_index":["plural","value"],"_":{"zero":"nyss","other":"{{value}}min sen"}},"hours-ago-short":{"_index":["plural","value"],"_":{"zero":"nyss","other":"{{value}}tim. sen"}},"days-ago-short":{"_index":["plural","value"],"_":{"zero":"idag","other":"{{value}}dygn sen"}},"minutes-until-short":{"_index":["plural","value"],"_":{"zero":"nu","other":"om {{value}}min"}},"hours-until-short":{"_index":["plural","value"],"_":{"zero":"nu","other":"om {{value}}tim."}},"days-until-short":{"_index":["plural","value"],"_":{"zero":"idag","other":"om {{value}}dygn"}},"incorrectDate":"(felaktigt datum)","dateTimeFormat_%c":"%a %e %b %Y %H:%M:%S","dateTimeFormat_%x":"%d/%m/%Y","dateTimeFormat_%X":"%H:%M:%S","shortTimeFormat":"%H:%M","shortDateTimeFormat":"%x %H:%M","weekStartsOnMonday":"1","time_am":"AM","time_pm":"PM"}