{"setringtone-header":"កំណត់​ជា​សំឡេង​រោទ៍","setringtone-button":"កំណត់​ជា​សំឡេង​រោទ៍","cancel":"បោះបង់","settingringtone":"កំពុង​កំណត់​សំឡេង​រោទ៍...","cantplay":"មិន​អាច​ចាក់​ឯកសារ​អូឌីយូ​លើ​​ទូរស័ព្ទ​នេះ​ និង​មិន​អាច​ប្រើ​ជា​សំឡេង​រោទ៍​បាន​ទេ។"}