{"setringtone-header":"रिङ्गटोनको रुपमा राख्नुहोस्","setringtone-button":"रिङ्गटोनको रुपमा राख्नुहोस्","cancel":"रद्द गर्नुहोस्","settingringtone":"रिङ्टोन् सेट गरिँदै...","cantplay":"यास फोनमा यो अडियो फाइल बजाउन तथा रिङ्गटोनका लागि राख्न सकिन्दैन ।"}