{"nospace2-title":"Not enough space on memory card","nospace2-text":"Try freeing up space by deleting media.","error-saving-title":"Picture not saved","error-saving-text":"An error prevented Camera from saving the picture.","error-recording-title":"Video not recorded","error-recording-text":"An error prevented Camera from recording the video.","nocard2-title":"No memory card found","nocard3-text":"Insert a memory card to take pictures.","pluggedin-title":"Camera can not be used while plugged in","pluggedin-text":"Unplug the phone to view pictures.","storage-size-limit-reached":"You have run out of media storage space.","activity-size-limit-reached":"You have reached the maximum file size for this attachment.","retake-button":"Retake","select-button":"Select","close-button":"Close","delete-photo?":"Delete photo?","delete-video?":"Delete video?","cancel":"Cancel","delete":"Delete","mp":"MP","camera-resolution":"Camera Resolution","camera-resolution-header":"{{camera-resolution}}","video-resolution":"Video Resolution","video-resolution-header":"{{video-resolution}}","scene-mode":"Scene Mode","scene-mode-header":"{{scene-mode}}","self-timer":"Self-Timer","self-timer-header":"{{self-timer}}","self-timer-off":"Off","self-timer-3-seconds":"3 seconds","self-timer-5-seconds":"5 seconds","self-timer-10-seconds":"10 seconds","battery-shutdown-title":"Low Battery","battery-shutdown-text":"The battery is too low to use the camera.","battery-critical-text":"Critically low battery","battery-verylow-text":"10% battery remaining","battery-low-text":"15% battery remaining","hdr":"HDR","hdr-header":"{{hdr}}","hdr-on":"On","hdr-off":"Off","hdr-deactivated":"(HDR deactivated)","grid":"Grid Lines","grid-header":"{{grid}}","grid-on":"On","grid-off":"Off","flash":"Flash","flash-on":"On","flash-off":"Off","flash-auto":"Auto","flash-deactivated":"(Flash deactivated)","options":"Options","open-gallery":"Open Gallery","preview":"Preview","weekday-0-long":"Sunday","weekday-1-long":"Monday","weekday-2-long":"Tuesday","weekday-3-long":"Wednesday","weekday-4-long":"Thursday","weekday-5-long":"Friday","weekday-6-long":"Saturday","weekday-0-short":"Sun","weekday-1-short":"Mon","weekday-2-short":"Tue","weekday-3-short":"Wed","weekday-4-short":"Thu","weekday-5-short":"Fri","weekday-6-short":"Sat","month-0-long":"January","month-1-long":"February","month-2-long":"March","month-3-long":"April","month-4-long":"May","month-5-long":"June","month-6-long":"July","month-7-long":"August","month-8-long":"September","month-9-long":"October","month-10-long":"November","month-11-long":"December","month-0-genitive":"January","month-1-genitive":"February","month-2-genitive":"March","month-3-genitive":"April","month-4-genitive":"May","month-5-genitive":"June","month-6-genitive":"July","month-7-genitive":"August","month-8-genitive":"September","month-9-genitive":"October","month-10-genitive":"November","month-11-genitive":"December","month-0-short":"Jan","month-1-short":"Feb","month-2-short":"Mar","month-3-short":"Apr","month-4-short":"May","month-5-short":"Jun","month-6-short":"Jul","month-7-short":"Aug","month-8-short":"Sep","month-9-short":"Oct","month-10-short":"Nov","month-11-short":"Dec","minutes-ago-long":{"_index":["plural","value"],"_":{"zero":"just now","one":"a minute ago","two":"{{value}} minutes ago","few":"{{value}} minutes ago","many":"{{value}} minutes ago","other":"{{value}} minutes ago"}},"hours-ago-long":{"_index":["plural","value"],"_":{"zero":"just now","one":"an hour ago","two":"{{value}} hours ago","few":"{{value}} hours ago","many":"{{value}} hours ago","other":"{{value}} hours ago"}},"days-ago-long":{"_index":["plural","value"],"_":{"zero":"today","one":"yesterday","two":"{{value}} days ago","few":"{{value}} days ago","many":"{{value}} days ago","other":"{{value}} days ago"}},"weeks-ago-long":{"_index":["plural","value"],"_":{"zero":"this week","one":"last week","two":"{{value}} weeks ago","few":"{{value}} weeks ago","many":"{{value}} weeks ago","other":"{{value}} weeks ago"}},"months-ago-long":{"_index":["plural","value"],"_":{"zero":"this month","one":"last month","two":"{{value}} months ago","few":"{{value}} months ago","many":"{{value}} months ago","other":"{{value}} months ago"}},"years-ago-long":{"_index":["plural","value"],"_":{"zero":"this year","one":"last year","two":"{{value}} years ago","few":"{{value}} years ago","many":"{{value}} years ago","other":"{{value}} years ago"}},"minutes-until-long":{"_index":["plural","value"],"_":{"zero":"now","one":"in a minute","two":"in {{value}} minutes","few":"in {{value}} minutes","many":"in {{value}} minutes","other":"in {{value}} minutes"}},"hours-until-long":{"_index":["plural","value"],"_":{"zero":"now","one":"in an hour","two":"in {{value}} hours","few":"in {{value}} hours","many":"in {{value}} hours","other":"in {{value}} hours"}},"days-until-long":{"_index":["plural","value"],"_":{"zero":"today","one":"tomorrow","two":"in {{value}} days","few":"in {{value}} days","many":"in {{value}} days","other":"in {{value}} days"}},"weeks-until-long":{"_index":["plural","value"],"_":{"zero":"this week","one":"next week","two":"in {{value}} weeks","few":"in {{value}} weeks","many":"in {{value}} weeks","other":"in {{value}} weeks"}},"months-until-long":{"_index":["plural","value"],"_":{"zero":"this month","one":"next month","two":"in {{value}} months","few":"in {{value}} months","many":"in {{value}} months","other":"in {{value}} months"}},"years-until-long":{"_index":["plural","value"],"_":{"zero":"this year","one":"next year","two":"in {{value}} years","few":"in {{value}} years","many":"in {{value}} years","other":"in {{value}} years"}},"minutes-ago-short":{"_index":["plural","value"],"_":{"zero":"just now","other":"{{value}}m ago"}},"hours-ago-short":{"_index":["plural","value"],"_":{"zero":"just now","other":"{{value}}h ago"}},"days-ago-short":{"_index":["plural","value"],"_":{"zero":"today","other":"{{value}}d ago"}},"minutes-until-short":{"_index":["plural","value"],"_":{"zero":"now","other":"in {{value}}m"}},"hours-until-short":{"_index":["plural","value"],"_":{"zero":"now","other":"in {{value}}h"}},"days-until-short":{"_index":["plural","value"],"_":{"zero":"today","other":"in {{value}}d"}},"incorrectDate":"(incorrect date)","dateTimeFormat_%c":"%a %b %e %Y %I:%M:%S %p","dateTimeFormat_%x":"%m/%d/%Y","dateTimeFormat_%X":"%I:%M:%S %p","shortTimeFormat":"%I:%M %p","shortDateTimeFormat":"%x %I:%M %p","weekStartsOnMonday":"0","time_am":"AM","time_pm":"PM"}