{"nospace2-title":"No hay suficiente espacio en la tarjeta de memoria","nospace2-text":"Intente liberar espacio borrando archivos multimedia.","error-saving-title":"Fotografía no guardada","error-saving-text":"Un error impidió que la aplicación Cámara guardara la fotografía.","error-recording-title":"Vídeo no grabado","error-recording-text":"Un error impidió que la aplicación Cámara grabara el vídeo.","nocard2-title":"No se encontró ninguna tarjeta de memoria","nocard3-text":"Introduzca una tarjeta de memoria para realizar fotografías.","pluggedin-title":"No puede usarse la aplicación Cámara mientras el teléfono está conectado","pluggedin-text":"Desconecte el teléfono para ver fotografías.","storage-size-limit-reached":"Ha agotado el espacio de almacenamiento multimedia.","activity-size-limit-reached":"Ha alcanzado el tamaño de archivo máximo para este adjunto.","retake-button":"Repetir","select-button":"Seleccionar","close-button":"Cerrar","delete-photo?":"¿Borrar foto?","delete-video?":"¿Borrar vídeo?","cancel":"Cancelar","delete":"Borrar","mp":"MP","camera-resolution":"Resolución de la cámara","camera-resolution-header":"{{camera-resolution}}","video-resolution":"Resolución del vídeo","video-resolution-header":"{{video-resolution}}","scene-mode":"Modo de escena","scene-mode-header":"{{scene-mode}}","self-timer":"Temporizador de cuenta atrás","self-timer-header":"{{self-timer}}","self-timer-off":"Apagar","self-timer-3-seconds":"3 segundos","self-timer-5-seconds":"5 segundos","self-timer-10-seconds":"10 segundos","battery-shutdown-title":"Batería baja","battery-shutdown-text":"El nivel de batería es demasiado bajo para utilizar la cámara.","battery-critical-text":"Bateria críticamente baja","battery-verylow-text":"10% de batería restante","battery-low-text":"15% de batería restante","hdr":"HDR","hdr-header":"{{hdr}}","hdr-on":"Activado","hdr-off":"Desactivado","hdr-deactivated":"(HDR desactivado)","grid":"Líneas de cuadrícula","grid-header":"{{grid}}","grid-on":"Activado","grid-off":"Desactivado","flash":"Flash","flash-on":"Activado","flash-off":"Desactivado","flash-auto":"Auto","flash-deactivated":"(Flash desactivado)","options":"Opciones","open-gallery":"Abrir Galería","preview":"Previsualizar","weekday-0-long":"domingo","weekday-1-long":"lunes","weekday-2-long":"martes","weekday-3-long":"miércoles","weekday-4-long":"jueves","weekday-5-long":"viernes","weekday-6-long":"sábado","weekday-0-short":"do.","weekday-1-short":"lu.","weekday-2-short":"ma.","weekday-3-short":"mi.","weekday-4-short":"ju.","weekday-5-short":"vi.","weekday-6-short":"sá.","month-0-long":"enero","month-1-long":"febrero","month-2-long":"marzo","month-3-long":"abril","month-4-long":"mayo","month-5-long":"junio","month-6-long":"julio","month-7-long":"agosto","month-8-long":"septiembre","month-9-long":"octubre","month-10-long":"noviembre","month-11-long":"diciembre","month-0-genitive":"enero","month-1-genitive":"febrero","month-2-genitive":"marzo","month-3-genitive":"abril","month-4-genitive":"mayo","month-5-genitive":"junio","month-6-genitive":"julio","month-7-genitive":"agosto","month-8-genitive":"septiembre","month-9-genitive":"octubre","month-10-genitive":"noviembre","month-11-genitive":"diciembre","month-0-short":"ene.","month-1-short":"feb.","month-2-short":"mar.","month-3-short":"abr.","month-4-short":"may.","month-5-short":"jun.","month-6-short":"jul.","month-7-short":"ago.","month-8-short":"sep.","month-9-short":"oct.","month-10-short":"nov.","month-11-short":"dic.","minutes-ago-long":{"_index":["plural","value"],"_":{"zero":"ahora","one":"hace un minuto","two":"hace {{value}} minutos","few":"hace {{value}} minutos","many":"hace {{value}} minutos","other":"hace {{value}} minutos"}},"hours-ago-long":{"_index":["plural","value"],"_":{"zero":"ahora","one":"hace una hora","two":"hace {{value}} horas","few":"hace {{value}} horas","many":"hace {{value}} horas","other":"hace {{value}} horas"}},"days-ago-long":{"_index":["plural","value"],"_":{"zero":"hoy","one":"ayer","two":"hace {{value}} días","few":"hace {{value}} días","many":"hace {{value}} días","other":"hace {{value}} días"}},"weeks-ago-long":{"_index":["plural","value"],"_":{"zero":"esta semana","one":"la semana pasada","two":"hace {{value}} semanas","few":"hace {{value}} semanas","many":"hace {{value}} semanas","other":"hace {{value}} semanas"}},"months-ago-long":{"_index":["plural","value"],"_":{"zero":"este mes","one":"el último mes","two":"hace {{value}} meses","few":"hace {{value}} meses","many":"hace {{value}} meses","other":"hace {{value}} meses"}},"years-ago-long":{"_index":["plural","value"],"_":{"zero":"este año","one":"último año","two":"hace {{value}} años","few":"hace {{value}} años","many":"hace {{value}} años","other":"hace {{value}} años"}},"minutes-until-long":{"_index":["plural","value"],"_":{"zero":"ahora","one":"en un minuto","two":"en {{value}} minutos","few":"en {{value}} minutos","many":"en {{value}} minutos","other":"en {{value}} minutos"}},"hours-until-long":{"_index":["plural","value"],"_":{"zero":"ahora","one":"en una hora","two":"en {{value}} horas","few":"en {{value}} horas","many":"en {{value}} horas","other":"en {{value}} horas"}},"days-until-long":{"_index":["plural","value"],"_":{"zero":"hoy","one":"mañana","two":"en {{value}} días","few":"en {{value}} días","many":"en {{value}} días","other":"en {{value}} días"}},"weeks-until-long":{"_index":["plural","value"],"_":{"zero":"esta semana","one":"la próxima semana","two":"en {{value}} semanas","few":"en {{value}} semanas","many":"en {{value}} semanas","other":"en {{value}} semanas"}},"months-until-long":{"_index":["plural","value"],"_":{"zero":"este mes","one":"próximo mes","two":"en {{value}} meses","few":"en {{value}} meses","many":"en {{value}} meses","other":"en {{value}} meses"}},"years-until-long":{"_index":["plural","value"],"_":{"zero":"este año","one":"próximo año","two":"en {{value}} años","few":"en {{value}} años","many":"en {{value}} años","other":"en {{value}} años"}},"minutes-ago-short":{"_index":["plural","value"],"_":{"zero":"ahora","other":"hace {{value}} m"}},"hours-ago-short":{"_index":["plural","value"],"_":{"zero":"ahora","other":"hace {{value}} h"}},"days-ago-short":{"_index":["plural","value"],"_":{"zero":"hoy","other":"hace {{value}} d"}},"minutes-until-short":{"_index":["plural","value"],"_":{"zero":"ahora","other":"en {{value}} m"}},"hours-until-short":{"_index":["plural","value"],"_":{"zero":"ahora","other":"en {{value}} h"}},"days-until-short":{"_index":["plural","value"],"_":{"zero":"hoy","other":"en {{value}} d"}},"incorrectDate":"(fecha incorrecta)","dateTimeFormat_%c":"%a, %e de %b, %Y %H:%M:%S","dateTimeFormat_%x":"%d/%m/%Y","dateTimeFormat_%X":"%H:%M:%S","shortTimeFormat":"%H:%M","shortDateTimeFormat":"%x %H:%M %p","weekStartsOnMonday":"1","time_am":"AM","time_pm":"PM"}