{"nospace2-title":"Nincs elég hely a memóriakártyán","nospace2-text":"Próbáljon meg fájlok törlésével helyet felszabadítani.","error-saving-title":"A kép nem lett elmentve","error-saving-text":"Egy hiba miatt a Kamera nem tudta elmenteni a képet.","error-recording-title":"A videó nincs mentve","error-recording-text":"Egy hiba miatt a Kamera nem tudta elmenteni a videót.","nocard2-title":"Nem található memóriakártya","nocard3-text":"Fényképek készítéséhez tegye be a memóriakártyát.","pluggedin-title":"A Kamera nem használható bedugott állapotban","pluggedin-text":"Húzza ki a telefont a képek megnézéséhez.","storage-size-limit-reached":"A média-tárterület elfogyott.","activity-size-limit-reached":"Elérte a melléklet maximális fájlméretét.","retake-button":"Újravétel","select-button":"Kiválasztás","close-button":"Bezárás","delete-photo?":"Törli a fotót?","delete-video?":"Törli a videót?","cancel":"Mégse","delete":"Törlés","mp":"MP","camera-resolution":"Fényképfelbontás","camera-resolution-header":"{{camera-resolution}}","video-resolution":"Videofelbontás","video-resolution-header":"{{video-resolution}}","scene-mode":"Jelenet mód","scene-mode-header":"{{scene-mode}}","self-timer":"Önidőzítő","self-timer-header":"{{self-timer}}","self-timer-off":"Ki","self-timer-3-seconds":"3 másodperc","self-timer-5-seconds":"5 másodperc","self-timer-10-seconds":"10 másodperc","battery-shutdown-title":"Gyenge akkumulátor","battery-shutdown-text":"Az akkumulátor túl gyenge a kamera használatához","battery-critical-text":"Kritikusan gyenge akkumulátor","battery-verylow-text":"10% töltöttség maradt","battery-low-text":"15% töltöttség maradt","hdr":"HDR","hdr-header":"{{hdr}}","hdr-on":"Be","hdr-off":"Ki","hdr-deactivated":"(HDR kikapcsolva)","grid":"Rácsvonalak","grid-header":"{{grid}}","grid-on":"Be","grid-off":"Ki","flash":"Vaku","flash-on":"Be","flash-off":"Ki","flash-auto":"Auto","flash-deactivated":"(Vaku kikapcsolva)","options":"Beállítások","open-gallery":"Galéria megnyitása","preview":"Előnézet","weekday-0-long":"Vasárnap","weekday-1-long":"Hétfő","weekday-2-long":"Kedd","weekday-3-long":"Szerda","weekday-4-long":"Csütörtök","weekday-5-long":"Péntek","weekday-6-long":"Szombat","weekday-0-short":"Va.","weekday-1-short":"Hé.","weekday-2-short":"Ke.","weekday-3-short":"Sze.","weekday-4-short":"Csü.","weekday-5-short":"Pé.","weekday-6-short":"Szo.","month-0-long":"Január","month-1-long":"Február","month-2-long":"Március","month-3-long":"Április","month-4-long":"Május","month-5-long":"Június","month-6-long":"Július","month-7-long":"Augusztus","month-8-long":"Szeptember","month-9-long":"Október","month-10-long":"November","month-11-long":"December","month-0-genitive":"Január","month-1-genitive":"Február","month-2-genitive":"Március","month-3-genitive":"Április","month-4-genitive":"Május","month-5-genitive":"Június","month-6-genitive":"Július","month-7-genitive":"Augusztus","month-8-genitive":"Szeptember","month-9-genitive":"Október","month-10-genitive":"November","month-11-genitive":"December","month-0-short":"Jan","month-1-short":"Feb","month-2-short":"Már","month-3-short":"Ápr","month-4-short":"Máj","month-5-short":"Jún","month-6-short":"Júl","month-7-short":"Aug","month-8-short":"Szep","month-9-short":"Okt","month-10-short":"Nov","month-11-short":"Dec","minutes-ago-long":{"_index":["plural","value"],"_":{"zero":"épp most","one":"egy perccel ezelőtt","two":"{{value}} perccel ezelőtt","few":"{{value}} perccel ezelőtt","many":"{{value}} perccel ezelőtt","other":"{{value}} perccel ezelőtt"}},"hours-ago-long":{"_index":["plural","value"],"_":{"zero":"épp most","one":"egy órája","two":"{{value}} órával ezelőtt","few":"{{value}} órával ezelőtt","many":"{{value}} órával ezelőtt","other":"{{value}} órával ezelőtt"}},"days-ago-long":{"_index":["plural","value"],"_":{"zero":"ma","one":"tegnap","two":"{{value}} nappal ezelőtt","few":"{{value}} nappal ezelőtt","many":"{{value}} nappal ezelőtt","other":"{{value}} nappal ezelőtt"}},"weeks-ago-long":{"_index":["plural","value"],"_":{"zero":"ez a hét","one":"múlt hét","two":"{{value}} héttel ezelőtt","few":"{{value}} héttel ezelőtt","many":"{{value}} héttel ezelőtt","other":"{{value}} héttel ezelőtt"}},"months-ago-long":{"_index":["plural","value"],"_":{"zero":"ez a hónap","one":"előző hónap","two":"{{value}} hónappal ezelőtt","few":"{{value}} hónappal ezelőtt","many":"{{value}} hónappal ezelőtt","other":"{{value}} hónappal ezelőtt"}},"years-ago-long":{"_index":["plural","value"],"_":{"zero":"ez az év","one":"tavaly","two":"{{value}} évvel ezelőtt","few":"{{value}} évvel ezelőtt","many":"{{value}} évvel ezelőtt","other":"{{value}} évvel ezelőtt"}},"minutes-until-long":{"_index":["plural","value"],"_":{"zero":"most","one":"egy percen belül","two":"{{value}} percen belül","few":"{{value}} percen belül","many":"{{value}} percen belül","other":"{{value}} percen belül"}},"hours-until-long":{"_index":["plural","value"],"_":{"zero":"most","one":"egy órán belül","two":"{{value}} órán belül","few":"{{value}} órán belül","many":"{{value}} órán belül","other":"{{value}} órán belül"}},"days-until-long":{"_index":["plural","value"],"_":{"zero":"ma","one":"holnap","two":"{{value}} napon belül","few":"{{value}} napon belül","many":"{{value}} napon belül","other":"{{value}} napon belül"}},"weeks-until-long":{"_index":["plural","value"],"_":{"zero":"ez a hét","one":"következő hét","two":"{{value}} héten belül","few":"{{value}} héten belül","many":"{{value}} héten belül","other":"{{value}} héten belül"}},"months-until-long":{"_index":["plural","value"],"_":{"zero":"ez a hónap","one":"következő hónap","two":"{{value}} héten belül","few":"{{value}} héten belül","many":"{{value}} héten belül","other":"{{value}} héten belül"}},"years-until-long":{"_index":["plural","value"],"_":{"zero":"ez az év","one":"következő év","two":"{{value}} éven belül","few":"{{value}} éven belül","many":"{{value}} éven belül","other":"{{value}} éven belül"}},"minutes-ago-short":{"_index":["plural","value"],"_":{"zero":"épp most","other":"{{value}}p ezelőtt"}},"hours-ago-short":{"_index":["plural","value"],"_":{"zero":"épp most","other":"{{value}}ó ezelőtt"}},"days-ago-short":{"_index":["plural","value"],"_":{"zero":"ma","other":"{{value}}n ezelőtt"}},"minutes-until-short":{"_index":["plural","value"],"_":{"zero":"most","other":"{{value}} percen belül"}},"hours-until-short":{"_index":["plural","value"],"_":{"zero":"most","other":"{{value}} órán belül"}},"days-until-short":{"_index":["plural","value"],"_":{"zero":"ma","other":"{{value}} napon belül"}},"incorrectDate":"(helytelen dátum)","dateTimeFormat_%c":"%Y. %b %d %a %H:%M:%S","dateTimeFormat_%x":"%Y. %m. %d.","dateTimeFormat_%X":"%H:%M:%S","shortTimeFormat":"%H:%M","shortDateTimeFormat":"%x %H:%M","weekStartsOnMonday":"0","time_am":"DE","time_pm":"DU"}