{"nospace2-title":"Spazio insufficiente sulla scheda di memoria","nospace2-text":"Provare a liberare spazio eliminando dei file.","error-saving-title":"Foto non salvata","error-saving-text":"Si è verificato un errore durante il salvataggio della foto.","error-recording-title":"Video non registrato","error-recording-text":"Si è verificato un errore durante la registrazione del video.","nocard2-title":"Scheda di memoria non disponibile","nocard3-text":"Inserire una scheda di memoria per scattare fotografie.","pluggedin-title":"Impossibile scattare foto quando il telefono è collegato","pluggedin-text":"Scollegare il telefono per visualizzare le foto.","storage-size-limit-reached":"Esaurito spazio di archiviazione multimediale.","activity-size-limit-reached":"Raggiunta la dimensione massima per questo allegato.","retake-button":"Scatta ancora","select-button":"Seleziona","close-button":"Chiudi","delete-photo?":"Eliminare questa foto?","delete-video?":"Eliminare questo video?","cancel":"Annulla","delete":"Elimina","mp":"MP","camera-resolution":"Risoluzione fotocamera","camera-resolution-header":"{{camera-resolution}}","video-resolution":"Risoluzione video","video-resolution-header":"{{video-resolution}}","scene-mode":"Modalità scatto","scene-mode-header":"{{scene-mode}}","self-timer":"Timer autoscatto","self-timer-header":"{{self-timer}}","self-timer-off":"Disattivato","self-timer-3-seconds":"3 secondi","self-timer-5-seconds":"5 secondi","self-timer-10-seconds":"10 secondi","battery-shutdown-title":"Batteria scarsa","battery-shutdown-text":"Il livello della batteria è troppo basso per utilizzare la fotocamera.","battery-critical-text":"Batteria quasi esaurita","battery-verylow-text":"10% di carica rimanente","battery-low-text":"15% di carica rimanente","hdr":"HDR","hdr-header":"{{hdr}}","hdr-on":"Attivo","hdr-off":"Disattivato","hdr-deactivated":"(HDR disattivato)","grid":"Griglia","grid-header":"{{grid}}","grid-on":"Attiva","grid-off":"Disattivata","flash":"Flash","flash-on":"Attivo","flash-off":"Disattivato","flash-auto":"Automatico","flash-deactivated":"(flash disattivato)","options":"Opzioni","open-gallery":"Apri Galleria","preview":"Anteprima","weekday-0-long":"domenica","weekday-1-long":"lunedì","weekday-2-long":"martedì","weekday-3-long":"mercoledì","weekday-4-long":"giovedì","weekday-5-long":"venerdì","weekday-6-long":"sabato","weekday-0-short":"dom","weekday-1-short":"lun","weekday-2-short":"mar","weekday-3-short":"mer","weekday-4-short":"gio","weekday-5-short":"ven","weekday-6-short":"sab","month-0-long":"gennaio","month-1-long":"febbraio","month-2-long":"marzo","month-3-long":"aprile","month-4-long":"maggio","month-5-long":"giugno","month-6-long":"luglio","month-7-long":"agosto","month-8-long":"settembre","month-9-long":"ottobre","month-10-long":"novembre","month-11-long":"dicembre","month-0-genitive":"gennaio","month-1-genitive":"febbraio","month-2-genitive":"marzo","month-3-genitive":"aprile","month-4-genitive":"maggio","month-5-genitive":"giugno","month-6-genitive":"luglio","month-7-genitive":"agosto","month-8-genitive":"settembre","month-9-genitive":"ottobre","month-10-genitive":"novembre","month-11-genitive":"dicembre","month-0-short":"gen","month-1-short":"feb","month-2-short":"mar","month-3-short":"apr","month-4-short":"mag","month-5-short":"giu","month-6-short":"lug","month-7-short":"ago","month-8-short":"set","month-9-short":"ott","month-10-short":"nov","month-11-short":"dic","minutes-ago-long":{"_index":["plural","value"],"_":{"zero":"adesso","one":"un minuto fa","two":"{{value}} minuti fa","few":"{{value}} minuti fa","many":"{{value}} minuti fa","other":"{{value}} minuti fa"}},"hours-ago-long":{"_index":["plural","value"],"_":{"zero":"adesso","one":"un’ora fa","two":"{{value}} ore fa","few":"{{value}} ore fa","many":"{{value}} ore fa","other":"{{value}} ore fa"}},"days-ago-long":{"_index":["plural","value"],"_":{"zero":"oggi","one":"ieri","two":"{{value}} giorni fa","few":"{{value}} giorni fa","many":"{{value}} giorni fa","other":"{{value}} giorni fa"}},"weeks-ago-long":{"_index":["plural","value"],"_":{"zero":"questa settimana","one":"settimana scorsa","two":"{{value}} settimane fa","few":"{{value}} settimane fa","many":"{{value}} settimane fa","other":"{{value}} settimane fa"}},"months-ago-long":{"_index":["plural","value"],"_":{"zero":"questo mese","one":"mese scorso","two":"{{value}} mesi fa","few":"{{value}} mesi fa","many":"{{value}} mesi fa","other":"{{value}} mesi fa"}},"years-ago-long":{"_index":["plural","value"],"_":{"zero":"quest’anno","one":"anno scorso","two":"{{value}} anni fa","few":"{{value}} anni fa","many":"{{value}} anni fa","other":"{{value}} anni fa"}},"minutes-until-long":{"_index":["plural","value"],"_":{"zero":"adesso","one":"tra un minuto","two":"tra {{value}} minuti","few":"tra {{value}} minuti","many":"tra {{value}} minuti","other":"tra {{value}} minuti"}},"hours-until-long":{"_index":["plural","value"],"_":{"zero":"adesso","one":"tra un’ora","two":"tra {{value}} ore","few":"tra {{value}} ore","many":"tra {{value}} ore","other":"tra {{value}} ore"}},"days-until-long":{"_index":["plural","value"],"_":{"zero":"oggi","one":"domani","two":"tra {{value}} giorni","few":"tra {{value}} giorni","many":"tra {{value}} giorni","other":"tra {{value}} giorni"}},"weeks-until-long":{"_index":["plural","value"],"_":{"zero":"questa settimana","one":"prossima settimana","two":"tra {{value}} settimane","few":"tra {{value}} settimane","many":"tra {{value}} settimane","other":"tra {{value}} settimane"}},"months-until-long":{"_index":["plural","value"],"_":{"zero":"questo mese","one":"prossimo mese","two":"in {{value}} mesi","few":"tra {{value}} mesi","many":"tra {{value}} mesi","other":"in {{value}} mesi"}},"years-until-long":{"_index":["plural","value"],"_":{"zero":"quest’anno","one":"prossimo anno","two":"tra {{value}} anni","few":"tra {{value}} anni","many":"tra {{value}} anni","other":"tra {{value}} anni"}},"minutes-ago-short":{"_index":["plural","value"],"_":{"zero":"adesso","other":"{{value}}m fa"}},"hours-ago-short":{"_index":["plural","value"],"_":{"zero":"adesso","other":"{{value}}h fa"}},"days-ago-short":{"_index":["plural","value"],"_":{"zero":"oggi","other":"{{value}}g fa"}},"minutes-until-short":{"_index":["plural","value"],"_":{"zero":"adesso","other":"tra {{value}}m"}},"hours-until-short":{"_index":["plural","value"],"_":{"zero":"adesso","other":"tra {{value}}h"}},"days-until-short":{"_index":["plural","value"],"_":{"zero":"oggi","other":"tra {{value}}d"}},"incorrectDate":"(data errata)","dateTimeFormat_%c":"%a %e %b %Y %H:%M:%S","dateTimeFormat_%x":"%d/%m/%Y","dateTimeFormat_%X":"%H:%M:%S","shortTimeFormat":"%H:%M","shortDateTimeFormat":"%x %H:%M","weekStartsOnMonday":"1","time_am":"AM","time_pm":"PM"}