{"nospace2-title":"На мемориската картичка нема доволно празно место","nospace2-text":"Избришете некои податоци за да ослободите место.","error-saving-title":"Сликата не е снимена","error-saving-text":"Поради грешка камерата не успеа да ја сними сликата.","error-recording-title":"Видеото не е снимено","error-recording-text":"Поради грешка камерата не успеа да го сними видеото.","nocard2-title":"Нема мемориска картичка","nocard3-text":"Внесете мемориска картичка за да фотографирате.","pluggedin-title":"Камерата не може да се користи додека телефонот е приклучен","pluggedin-text":"Извадете го кабелот за да ги гледате сликите.","storage-size-limit-reached":"Ви се потроши просторот за медија-складирање.","activity-size-limit-reached":"Ја достигнавте максималната големина за овој прилог.","retake-button":"Сними пак","select-button":"Одбери","close-button":"Затвори","delete-photo?":"Избриши ја сликата?","delete-video?":"Избриши го видеото?","cancel":"Откажи","delete":"Избриши","mp":"МП","camera-resolution":"Резолуција на камера","camera-resolution-header":"{{camera-resolution}}","video-resolution":"Видео-резолуција","video-resolution-header":"{{video-resolution}}","scene-mode":"Режим на сцена","scene-mode-header":"{{scene-mode}}","self-timer":"Само-тајмер","self-timer-header":"{{self-timer}}","self-timer-off":"Исклучен","self-timer-3-seconds":"3 секунди","self-timer-5-seconds":"5 секунди","self-timer-10-seconds":"10 секунди","battery-shutdown-title":"Празна батерија","battery-shutdown-text":"Батеријата е премногу празна да се користи камера.","battery-critical-text":"Критично празна батерија","battery-verylow-text":"Останува 10% од батеријата","battery-low-text":"Останува 15% од батеријата","hdr":"HDR","hdr-header":"{{hdr}}","hdr-on":"Вклучено","hdr-off":"Исклучено","hdr-deactivated":"(HDR деактивирано)","grid":"Мрежа","grid-header":"{{grid}}","grid-on":"Вклучена","grid-off":"Исклучена","flash":"Блиц","flash-on":"Вклучен","flash-off":"Исклучен","flash-auto":"Авто","flash-deactivated":"(блицот деактивиран)","options":"Опции","open-gallery":"Отвори Галерија","preview":"Преглед","weekday-0-long":"Недела","weekday-1-long":"Понеделник","weekday-2-long":"Вторник","weekday-3-long":"Среда","weekday-4-long":"Четврток","weekday-5-long":"Петок","weekday-6-long":"Сабота","weekday-0-short":"Нед","weekday-1-short":"Пон","weekday-2-short":"Вто","weekday-3-short":"Сре","weekday-4-short":"Чет","weekday-5-short":"Пет","weekday-6-short":"Саб","month-0-long":"јануари","month-1-long":"февруари","month-2-long":"март","month-3-long":"април","month-4-long":"мај","month-5-long":"јуни","month-6-long":"јули","month-7-long":"август","month-8-long":"септември","month-9-long":"октомври","month-10-long":"ноември","month-11-long":"декември","month-0-genitive":"јануари","month-1-genitive":"февруари","month-2-genitive":"март","month-3-genitive":"април","month-4-genitive":"мај","month-5-genitive":"јуни","month-6-genitive":"јули","month-7-genitive":"август","month-8-genitive":"септември","month-9-genitive":"октомври","month-10-genitive":"ноември","month-11-genitive":"декември","month-0-short":"јан","month-1-short":"фев","month-2-short":"мар","month-3-short":"апр","month-4-short":"мај","month-5-short":"јун","month-6-short":"јул","month-7-short":"авг","month-8-short":"сеп","month-9-short":"окт","month-10-short":"ное","month-11-short":"дек","minutes-ago-long":{"_index":["plural","value"],"_":{"zero":"сега","one":"пред една минута","two":"пред {{value}} минути","few":"пред {{value}} минути","many":"пред {{value}} минути","other":"пред {{value}} минути"}},"hours-ago-long":{"_index":["plural","value"],"_":{"zero":"сега","one":"пред еден час","two":"пред {{value}} часа","few":"пред {{value}} часа","many":"пред {{value}} часови","other":"пред {{value}} часови"}},"days-ago-long":{"_index":["plural","value"],"_":{"zero":"денес","one":"вчера","two":"пред {{value}} дена","few":"пред {{value}} дена","many":"пред {{value}} денови","other":"пред {{value}} денови"}},"weeks-ago-long":{"_index":["plural","value"],"_":{"zero":"оваа недела","one":"минатата недела","two":"пред {{value}} недели","few":"пред {{value}} недели","many":"пред {{value}} недели","other":"пред {{value}} недели"}},"months-ago-long":{"_index":["plural","value"],"_":{"zero":"овој месец","one":"минатиот месец","two":"пред {{value}} месеци","few":"пред {{value}} месеци","many":"пред {{value}} месеци","other":"пред {{value}} месеци"}},"years-ago-long":{"_index":["plural","value"],"_":{"zero":"оваа година","one":"минатата година","two":"пред {{value}} години","few":"пред {{value}} години","many":"пред {{value}} години","other":"пред {{value}} години"}},"minutes-until-long":{"_index":["plural","value"],"_":{"zero":"сега","one":"за една минута","two":"за {{value}} минути","few":"за {{value}} минути","many":"за {{value}} минути","other":"за {{value}} минути"}},"hours-until-long":{"_index":["plural","value"],"_":{"zero":"сега","one":"за еден час","two":"за {{value}} часа","few":"за {{value}} часа","many":"за {{value}} часови","other":"за {{value}} часови"}},"days-until-long":{"_index":["plural","value"],"_":{"zero":"денес","one":"утре","two":"за {{value}} дена","few":"за {{value}} дена","many":"за {{value}} денови","other":"за {{value}} денови"}},"weeks-until-long":{"_index":["plural","value"],"_":{"zero":"оваа седмица","one":"следната седмица","two":"за {{value}} седмици","few":"за {{value}} седмици","many":"за {{value}} седмици","other":"за {{value}} седмици"}},"months-until-long":{"_index":["plural","value"],"_":{"zero":"овој месец","one":"следниот месец","two":"за {{value}} месеци","few":"за {{value}} месеци","many":"за {{value}} месеци","other":"за {{value}} месеци"}},"years-until-long":{"_index":["plural","value"],"_":{"zero":"оваа година","one":"следната година","two":"за {{value}} години","few":"за {{value}} години","many":"за {{value}} години","other":"за {{value}} години"}},"minutes-ago-short":{"_index":["plural","value"],"_":{"zero":"сега","other":"пред {{value}}m"}},"hours-ago-short":{"_index":["plural","value"],"_":{"zero":"сега","other":"пред {{value}}h"}},"days-ago-short":{"_index":["plural","value"],"_":{"zero":"денес","other":"пред {{value}}d"}},"minutes-until-short":{"_index":["plural","value"],"_":{"zero":"сега","other":"за {{value}}m"}},"hours-until-short":{"_index":["plural","value"],"_":{"zero":"сега","other":"за {{value}}h"}},"days-until-short":{"_index":["plural","value"],"_":{"zero":"денес","other":"за {{value}}d"}},"incorrectDate":"(неточен датум)","dateTimeFormat_%c":"%a %b %e %Y %H:%M:%S","dateTimeFormat_%x":"%d/%m/%Y","dateTimeFormat_%X":"%H:%M:%S","shortTimeFormat":"%H:%M","shortDateTimeFormat":"%x %H:%M","weekStartsOnMonday":"1","time_am":"AM","time_pm":"PM"}