{"nospace2-title":"Za mało miejsca na karcie pamięci","nospace2-text":"Aby zwolnić miejsce, można usunąć stare pliki.","error-saving-title":"Zdjęcie nie zostało zapisane","error-saving-text":"Wystąpił błąd, w wyniku którego zdjęcie nie zostało zapisane.","error-recording-title":"Film nie został nagrany","error-recording-text":"Wystąpił błąd, w wyniku którego film nie został nagrany.","nocard2-title":"Brak karty pamięci","nocard3-text":"Aby robić zdjęcia, należy włożyć kartę pamięci.","pluggedin-title":"Nie można wyświetlić zdjęć podczas ładowania","pluggedin-text":"Należy odłączyć telefon, aby wyświetlić zdjęcia.","storage-size-limit-reached":"Zabrakło wolnego miejsca w domyślnej lokalizacji plików.","activity-size-limit-reached":"Osiągnięto maksymalny rozmiar pliku dla tego załącznika.","retake-button":"Zrób ponownie","select-button":"Wybierz","close-button":"Zamknij","delete-photo?":"Usunąć zdjęcie?","delete-video?":"Usunąć film?","cancel":"Anuluj","delete":"Usuń","mp":"MP","camera-resolution":"Rozdzielczość zdjęć","camera-resolution-header":"Rozdzielczość zdjęć","video-resolution":"Rozdzielczość filmów","video-resolution-header":"Rozdzielczość filmów","scene-mode":"Filtry","scene-mode-header":"Filtry","self-timer":"Samowyzwalacz","self-timer-header":"Samowyzwalacz","self-timer-off":"Wyłączony","self-timer-3-seconds":"3 sekundy","self-timer-5-seconds":"5 sekund","self-timer-10-seconds":"10 sekund","battery-shutdown-title":"Słaba bateria","battery-shutdown-text":"Zbyt niski poziom naładowania baterii, aby używać aparatu.","battery-critical-text":"Bateria prawie rozładowana","battery-verylow-text":"Pozostało 10% baterii","battery-low-text":"Pozostało 15% baterii","hdr":"HDR (high dynamic range)","hdr-header":"HDR","hdr-on":"Włączony","hdr-off":"Wyłączony","hdr-deactivated":"(HDR wyłączone)","grid":"Siatka","grid-header":"Siatka","grid-on":"Włączony","grid-off":"Wyłączony","flash":"Lampa błyskowa","flash-on":"Włączona","flash-off":"Wyłączona","flash-auto":"Automatycznie","flash-deactivated":"(Lampa wyłączona)","options":"Ustawienia","open-gallery":"Otwórz Galerię","preview":"Podgląd","weekday-0-long":"Niedziela","weekday-1-long":"Poniedziałek","weekday-2-long":"Wtorek","weekday-3-long":"Środa","weekday-4-long":"Czwartek","weekday-5-long":"Piątek","weekday-6-long":"Sobota","weekday-0-short":"Nd","weekday-1-short":"Pn","weekday-2-short":"Wt","weekday-3-short":"Śr","weekday-4-short":"Cz","weekday-5-short":"Pt","weekday-6-short":"Sb","month-0-long":"Styczeń","month-1-long":"Luty","month-2-long":"Marzec","month-3-long":"Kwiecień","month-4-long":"Maj","month-5-long":"Czerwiec","month-6-long":"Lipiec","month-7-long":"Sierpień","month-8-long":"Wrzesień","month-9-long":"Październik","month-10-long":"Listopad","month-11-long":"Grudzień","month-0-genitive":"stycznia","month-1-genitive":"lutego","month-2-genitive":"marca","month-3-genitive":"kwietnia","month-4-genitive":"maja","month-5-genitive":"czerwca","month-6-genitive":"lipca","month-7-genitive":"sierpnia","month-8-genitive":"września","month-9-genitive":"października","month-10-genitive":"listopada","month-11-genitive":"grudnia","month-0-short":"sty","month-1-short":"lut","month-2-short":"mar","month-3-short":"kwi","month-4-short":"maj","month-5-short":"cze","month-6-short":"lip","month-7-short":"sie","month-8-short":"wrz","month-9-short":"paź","month-10-short":"lis","month-11-short":"gru","minutes-ago-long":{"_index":["plural","value"],"_":{"zero":"w tym momencie","one":"przed minutą","two":"dwie minuty temu","few":"{{value}} minuty temu","many":"{{value}} minut temu","other":"{{value}} minut temu"}},"hours-ago-long":{"_index":["plural","value"],"_":{"zero":"w tej godzinie","one":"godzinę temu","two":"dwie godziny temu","few":"{{value}} godziny temu","many":"{{value}} godzin temu","other":"{{value}} godzin temu"}},"days-ago-long":{"_index":["plural","value"],"_":{"zero":"dzisiaj","one":"wczoraj","two":"przedwczoraj","few":"{{value}} dni temu","many":"{{value}} dni temu","other":"{{value}} dni temu"}},"weeks-ago-long":{"_index":["plural","value"],"_":{"zero":"w tym tygodniu","one":"w zeszłym tygodniu","two":"dwa tygodnie temu","few":"{{value}} tygodnie temu","many":"{{value}} tygodni temu","other":"{{value}} tygodni temu"}},"months-ago-long":{"_index":["plural","value"],"_":{"zero":"w tym miesiącu","one":"w zeszłym miesiącu","two":"dwa miesiące temu","few":"{{value}} miesiące temu","many":"{{value}} miesięcy temu","other":"{{value}} miesięcy temu"}},"years-ago-long":{"_index":["plural","value"],"_":{"zero":"w tym roku","one":"w zeszłym roku","two":"dwa lata temu","few":"{{value}} lata temu","many":"{{value}} lat temu","other":"{{value}} lat temu"}},"minutes-until-long":{"_index":["plural","value"],"_":{"zero":"teraz","one":"za minutę","two":"za dwie minuty","few":"za {{value}} minuty","many":"za {{value}} minut","other":"za {{value}} minut"}},"hours-until-long":{"_index":["plural","value"],"_":{"zero":"teraz","one":"za godzinę","two":"za dwie godziny","few":"za {{value}} godziny","many":"za {{value}} godzin","other":"za {{value}} godzin"}},"days-until-long":{"_index":["plural","value"],"_":{"zero":"dzisiaj","one":"jutro","two":"za dwa dni","few":"za {{value}} dni","many":"za {{value}} dni","other":"za {{value}} dni"}},"weeks-until-long":{"_index":["plural","value"],"_":{"zero":"w tym tygodniu","one":"w przyszłym tygodniu","two":"za dwa tygodnie","few":"za {{value}} tygodnie","many":"za {{value}} tygodni","other":"za {{value}} tygodni"}},"months-until-long":{"_index":["plural","value"],"_":{"zero":"w tym miesiącu","one":"w przyszłym miesiącu","two":"za dwa miesiące","few":"za {{value}} miesiące","many":"za {{value}} miesięcy","other":"za {{value}} miesięcy"}},"years-until-long":{"_index":["plural","value"],"_":{"zero":"w tym roku","one":"w przyszłym roku","two":"za dwa lata","few":"za {{value}} lata","many":"za {{value}} lat","other":"za {{value}} lat"}},"minutes-ago-short":{"_index":["plural","value"],"_":{"zero":"teraz","other":"{{value}} min temu"}},"hours-ago-short":{"_index":["plural","value"],"_":{"zero":"teraz","other":"{{value}} godz. temu"}},"days-ago-short":{"_index":["plural","value"],"_":{"zero":"dzisiaj","other":"{{value}} dni temu"}},"minutes-until-short":{"_index":["plural","value"],"_":{"zero":"teraz","other":"za {{value}} min"}},"hours-until-short":{"_index":["plural","value"],"_":{"zero":"teraz","other":"za {{value}} godz."}},"days-until-short":{"_index":["plural","value"],"_":{"zero":"dzisiaj","other":"za {{value}} dni"}},"incorrectDate":"(nieprawidłowa data)","dateTimeFormat_%c":"%a, %e %b %Y, %H:%M:%S","dateTimeFormat_%x":"%e.%m.%Y","dateTimeFormat_%X":"%H:%M:%S","shortTimeFormat":"%H:%M","shortDateTimeFormat":"%x %H:%M","weekStartsOnMonday":"1","time_am":"AM","time_pm":"PM"}