{"nospace2-title":"Na pamäťovej karte nie je dostatok miesta","nospace2-text":"Skúste uvoľniť miesto vymazaním niekoľkých médií.","error-saving-title":"Obrázok nebol uložený","error-saving-text":"Kvôli chybe nebolo možné uložiť obrázok.","error-recording-title":"Video nebolo natočené","error-recording-text":"Kvôli chybe nebolo možné natočiť video.","nocard2-title":"Nebola nájdená pamäťová karta","nocard3-text":"Ak chcete fotografovať, vložte pamäťovú kartu.","pluggedin-title":"Kameru nie je možné použiť, ak je telefón pripojený","pluggedin-text":"Ak si chcete prezerať obrázky, odpojte telefón.","storage-size-limit-reached":"V úložisku médií už nie je dostatok voľného miesta.","activity-size-limit-reached":"Pre túto prílohu ste dosiahli maximálnu veľkosť súboru.","retake-button":"Znova","select-button":"Zvoliť","close-button":"Zavrieť","delete-photo?":"Odstrániť fotografiu?","delete-video?":"Odstrániť video?","cancel":"Zrušiť","delete":"Odstrániť","mp":"MP","camera-resolution":"Rozlíšenie fotoaparátu","camera-resolution-header":"{{camera-resolution}}","video-resolution":"Rozlíšenie videa","video-resolution-header":"{{video-resolution}}","scene-mode":"Režim scény","scene-mode-header":"{{scene-mode}}","self-timer":"Samospúšť","self-timer-header":"{{self-timer}}","self-timer-off":"Vypnutá","self-timer-3-seconds":"3 sekundy","self-timer-5-seconds":"5 sekúnd","self-timer-10-seconds":"10 sekúnd","battery-shutdown-title":"Slabá batéria","battery-shutdown-text":"Batéria je príliš vybitá. Fotoaparát nie je možné použiť.","battery-critical-text":"Kriticky nízka úroveň batérie","battery-verylow-text":"Zostáva 10% batérie","battery-low-text":"Zostáva 15% batérie","hdr":"HDR","hdr-header":"{{hdr}}","hdr-on":"Zapnuté","hdr-off":"vypnuté","hdr-deactivated":"(HDR vypnuté)","grid":"Mriežka","grid-header":"{{grid}}","grid-on":"Zapnutá","grid-off":"Vypnutá","flash":"Blesk","flash-on":"Zapnutý","flash-off":"Vypnutý","flash-auto":"Automaticky","flash-deactivated":"(blesk vypnutý)","options":"Nastavenia","open-gallery":"Otvoriť Galériu","preview":"Ukážka","weekday-0-long":"Nedeľa","weekday-1-long":"Pondelok","weekday-2-long":"Utorok","weekday-3-long":"Streda","weekday-4-long":"Štvrtok","weekday-5-long":"Piatok","weekday-6-long":"Sobota","weekday-0-short":"Ne","weekday-1-short":"Po","weekday-2-short":"Ut","weekday-3-short":"St","weekday-4-short":"Št","weekday-5-short":"Pi","weekday-6-short":"So","month-0-long":"Január","month-1-long":"Február","month-2-long":"Marec","month-3-long":"Apríl","month-4-long":"Máj","month-5-long":"Jún","month-6-long":"Júl","month-7-long":"August","month-8-long":"September","month-9-long":"Október","month-10-long":"November","month-11-long":"December","month-0-genitive":"januára","month-1-genitive":"februára","month-2-genitive":"marca","month-3-genitive":"apríla","month-4-genitive":"mája","month-5-genitive":"júna","month-6-genitive":"júla","month-7-genitive":"augusta","month-8-genitive":"septembra","month-9-genitive":"októbra","month-10-genitive":"novembra","month-11-genitive":"decembra","month-0-short":"jan","month-1-short":"feb","month-2-short":"mar","month-3-short":"apr","month-4-short":"máj","month-5-short":"jún","month-6-short":"júl","month-7-short":"aug","month-8-short":"sep","month-9-short":"okt","month-10-short":"nov","month-11-short":"dec","minutes-ago-long":{"_index":["plural","value"],"_":{"zero":"teraz","one":"pred minútou","two":"pred {{value}} minútami","few":"pred {{value}} minútami","many":"pred {{value}} minútami","other":"pred {{value}} minútami"}},"hours-ago-long":{"_index":["plural","value"],"_":{"zero":"teraz","one":"pred hodinou","two":"pred {{value}} hodinami","few":"pred {{value}} hodinami","many":"pred {{value}} hodinami","other":"pred {{value}} hodinami"}},"days-ago-long":{"_index":["plural","value"],"_":{"zero":"dnes","one":"včera","two":"pred {{value}} dňami","few":"pred {{value}} dňami","many":"pred {{value}} dňami","other":"pred {{value}} dňami"}},"weeks-ago-long":{"_index":["plural","value"],"_":{"zero":"tento týždeň","one":"minulý týždeň","two":"pred {{value}} týždňami","few":"pred {{value}} týždňami","many":"pred {{value}} týždňami","other":"pred {{value}} týždňami"}},"months-ago-long":{"_index":["plural","value"],"_":{"zero":"tento mesiac","one":"minulý mesiac","two":"pred {{value}} mesiacmi","few":"pred {{value}} mesiacmi","many":"pred {{value}} mesiacmi","other":"pred {{value}} mesiacmi"}},"years-ago-long":{"_index":["plural","value"],"_":{"zero":"tento rok","one":"minulý rok","two":"pred {{value}} rokmi","few":"pred {{value}} rokmi","many":"pred {{value}} rokmi","other":"pred {{value}} rokmi"}},"minutes-until-long":{"_index":["plural","value"],"_":{"zero":"teraz","one":"o minútu","two":"o {{value}} minúty","few":"o {{value}} minúty","many":"o {{value}} minút","other":"o {{value}} minút"}},"hours-until-long":{"_index":["plural","value"],"_":{"zero":"teraz","one":"o hodinu","two":"o {{value}} hodiny","few":"o {{value}} hodiny","many":"o {{value}} hodín","other":"o {{value}} hodín"}},"days-until-long":{"_index":["plural","value"],"_":{"zero":"dnes","one":"zajtra","two":"o {{value}} dni","few":"o {{value}} dni","many":"o {{value}} dní","other":"o {{value}} dní"}},"weeks-until-long":{"_index":["plural","value"],"_":{"zero":"tento týždeň","one":"budúci týždeň","two":"o {{value}} týždne","few":"o {{value}} týždne","many":"o {{value}} týždňov","other":"o {{value}} týždňov"}},"months-until-long":{"_index":["plural","value"],"_":{"zero":"tento mesiac","one":"budúci mesiac","two":"o {{value}} mesiace","few":"o {{value}} mesiace","many":"o {{value}} mesiacov","other":"o {{value}} mesiacov"}},"years-until-long":{"_index":["plural","value"],"_":{"zero":"tento rok","one":"budúci rok","two":"o {{value}} roky","few":"o {{value}} roky","many":"o {{value}} rokov","other":"o {{value}} rokov"}},"minutes-ago-short":{"_index":["plural","value"],"_":{"zero":"teraz","other":"pred {{value}}m"}},"hours-ago-short":{"_index":["plural","value"],"_":{"zero":"teraz","other":"pred {{value}}h"}},"days-ago-short":{"_index":["plural","value"],"_":{"zero":"dnes","other":"pred {{value}}d"}},"minutes-until-short":{"_index":["plural","value"],"_":{"zero":"teraz","other":"o {{value}}m"}},"hours-until-short":{"_index":["plural","value"],"_":{"zero":"teraz","other":"o {{value}}h"}},"days-until-short":{"_index":["plural","value"],"_":{"zero":"dnes","other":"o {{value}}d"}},"incorrectDate":"(neplatný dátum)","dateTimeFormat_%c":"%a, %e. %b %Y %H:%M:%S","dateTimeFormat_%x":"%d.%m.%Y","dateTimeFormat_%X":"%H:%M:%S","shortTimeFormat":"%H:%M","shortDateTimeFormat":"%x %H:%M","weekStartsOnMonday":"1","time_am":"AM","time_pm":"PM"}