{"done":"Готово","pick-ringtone":"Избор на звук за звънене","pick-wallpaper":"Избор на тапет","no-installed-ringtones":"Няма инсталирани заключени звуци за звънене","no-installed-wallpaper":"Няма инсталиран заключен тапет","ok":"Добре","download-button":"Сваляне","install-button":"Инсталиране","cancel-button":"Отказ","download_error":"Грешка при сваляне","install_error":"Грешка при инсталиране","err_descriptor_download_failed":"Свалянето беше неуспешно поради сървърна грешка.","err_bad_descriptor":"Свалянето беше неуспешно поради сървърна грешка.","err_too_big":"Файлът е твърде голям за сваляне.","err_unsupported_type":"Този тип медия не е поддържан от телефона Ви.","err_bad_type":"Свалянето беше неуспешно поради сървърна грешка.","err_content_download_failed":"Свалянето беше неуспешно поради сървърна грешка.","err_bad_drm_message":"Свалянето беше неуспешно поради сървърна грешка.","err_bad_image":"Сваленото изображение не може да бъде показано на това устройство.","err_bad_audio":"Сваленият файл не може да бъде изпълнен на това устройство.","err_no_space":"Няма достатъчно място на устройството, за да бъде запазена тази песен.","err_no_sdcard":"Не може да бъде запазена песента, тъй като липсва карта памет.","err_sdcard_in_use":"Не може да бъде запазена песента, тъй като картата памет се използва. Изключете телефона от кабела и опитайте да я свалите отново.","err_ds_save_failure":"Грешка при запазване на медиен файл.","err_db_store_failure":"Грешка при запазване на медиен файл.","success_song":"Песента е свалена и инсталирана. Използвайте приложението Музика, за да я чуете.","success_ringtone":"Звукът за звънене е свален и инсталиран.","success_wallpaper":"Тапетът е свален и инсталиран.","ringtone-or-song-query":"Как искате да свалите и инсталирате този аудио файл - като песен или като звук за звънене?","ringtone-response":"Звук за звънене","song-response":"Песен","download-confirmation-title-song":"Да бъде ли свалена песента?","download-confirmation-title-ringtone":"Да бъде ли свален звукът за звънене?","download-confirmation-title-wallpaper":"Да бъде ли свален тапетът?","downloading-song":"Сваляне на песен…","downloading-ringtone":"Сваляне на звук за звънене…","downloading-wallpaper":"Сваляне на тапет…","locked-content-advisory":"{{vendor}} е заключил този медиен файл, така че той не може да бъде споделян или преместен на ново устройство.","locked-content-advisory-generic":"Продавачът е заключил този медиен файл, така че той не може да бъде споделян или преместен на ново устройство.","download-confirmation-name":"Име","download-confirmation-type":"Тип","download-confirmation-size":"Размер","download-confirmation-vendor":"Продавач","download-confirmation-description":"Информация","download-progress-title":"Сваляне","preview-image-title":"Прегледай изображение","preview-audio-title":"Прослушай аудио","byteUnit-B":"байта","byteUnit-KB":"KB","byteUnit-MB":"MB","byteUnit-GB":"GB"}