{"done":"Færdig","pick-ringtone":"Vælg ringetone","pick-wallpaper":"Vælg baggrund","no-installed-ringtones":"Ingen låst ringetone valgt","no-installed-wallpaper":"Ingen låst baggrund valgt","ok":"OK","download-button":"Hent","install-button":"Installer","cancel-button":"Annuller","download_error":"Hentningsfejl","install_error":"Installationsfejl","err_descriptor_download_failed":"Hentningen mislykkedes på grund af en serverfejl.","err_bad_descriptor":"Hentningen mislykkedes på grund af en serverfejl.","err_too_big":"Filen er for stor til at hente.","err_unsupported_type":"Denne type af købte medier understøttes ikke på din telefon.","err_bad_type":"Hentningen mislykkedes på grund af en serverfejl.","err_content_download_failed":"Hentningen mislykkedes på grund af en serverfejl.","err_bad_drm_message":"Hentningen mislykkedes på grund af en serverfejl.","err_bad_image":"Det hentede billede kan ikke vises på denne enhed.","err_bad_audio":"Den hentede fil kan ikke afspilles på denne enhed.","err_no_space":"Der er ikke lagerplads nok på din enhed til at gemme filen.","err_no_sdcard":"Kan ikke gemme filen, da der ikke er noget hukommelseskort.","err_sdcard_in_use":"Kan ikke gemme filen, da hukommelseskortet er i brug. Afkobl din telefon og prøv at hente igen.","err_ds_save_failure":"Kunne ikke gemme mediefil.","err_db_store_failure":"Kunne ikke gemme mediefil.","success_song":"Musik hentet og installeret. Brug musik-app'en til at afspille den.","success_ringtone":"Ringetone hentet og installeret.","success_wallpaper":"Baggrund hentet og installeret.","ringtone-or-song-query":"Vil du hente og installere denne lydfil som et stykke musik eller som en ringetone?","ringtone-response":"Ringetone","song-response":"Musik","download-confirmation-title-song":"Hent musik?","download-confirmation-title-ringtone":"Hent ringetone?","download-confirmation-title-wallpaper":"Hent baggrund?","downloading-song":"Henter musik…","downloading-ringtone":"Henter ringetone…","downloading-wallpaper":"Henter baggrund…","locked-content-advisory":"{{vendor}} har låst denne mediefil, så den ikke kan deles med andre eller overføres til en anden enhed.","locked-content-advisory-generic":"Sælgeren har låst denne mediefil, så den ikke kan deles med andre eller overføres til en anden enhed.","download-confirmation-name":"Navn","download-confirmation-type":"Type","download-confirmation-size":"Størrelse","download-confirmation-vendor":"Sælger","download-confirmation-description":"Info","download-progress-title":"Henter","preview-image-title":"Billedeksempel","preview-audio-title":"Lydeksempel","byteUnit-B":"bytes","byteUnit-KB":"KB","byteUnit-MB":"MB","byteUnit-GB":"GB"}