{"done":"Fertig","pick-ringtone":"Klingelton auswählen","pick-wallpaper":"Hintergrundbild auswählen","no-installed-ringtones":"Keine Klingeltöne installiert","no-installed-wallpaper":"Keine Hintergrundbilder installiert","ok":"OK","download-button":"Herunterladen","install-button":"Installieren","cancel-button":"Abbrechen","download_error":"Fehler beim Herunterladen","install_error":"Fehler bei der Installation","err_descriptor_download_failed":"Der Download schlug wegen eines Fehlers auf dem Server fehl.","err_bad_descriptor":"Der Download schlug wegen eines Fehlers auf dem Server fehl.","err_too_big":"Die Datei ist zu groß.","err_unsupported_type":"Dieser erworbene Medientyp wird von Ihrem Telefon nicht unterstützt.","err_bad_type":"Der Download schlug wegen eines Fehlers auf dem Server fehl.","err_content_download_failed":"Der Download schlug wegen eines Fehlers auf dem Server fehl.","err_bad_drm_message":"Der Download schlug wegen eines Fehlers auf dem Server fehl.","err_bad_image":"Die heruntergeladene Grafik kann auf diesem Gerät nicht angezeigt werden.","err_bad_audio":"Die heruntergeladene Datei kann auf diesem Gerät nicht wiedergegeben werden.","err_no_space":"Es steht nicht genügend Speicherplatz zum Speichern dieses Musiktitels zur Verfügung.","err_no_sdcard":"Musiktitel kann nicht gespeichert werden, da keine Speicherkarte vorhanden ist.","err_sdcard_in_use":"Musiktitel kann nicht gespeichert werden, da die Speicherkarte verwendet wird. Ziehen Sie das Telefon ab und versuchen Sie es erneut.","err_ds_save_failure":"Fehler beim Speichern der Mediendatei.","err_db_store_failure":"Fehler beim Speichern der Mediendatei.","success_song":"Musiktitel heruntergeladen und installiert. Verwenden Sie die App Musik zur Wiedergabe.","success_ringtone":"Klingelton heruntergeladen und installiert.","success_wallpaper":"Hintergrundbild heruntergeladen und installiert.","ringtone-or-song-query":"Soll diese Audio-Datei als Musiktitel oder als Klingelton heruntergeladen werden?","ringtone-response":"Klingelton","song-response":"Musiktitel","download-confirmation-title-song":"Titel herunterladen?","download-confirmation-title-ringtone":"Klingelton herunterladen?","download-confirmation-title-wallpaper":"Hintergrundbild herunterladen?","downloading-song":"Titel wird heruntergeladen…","downloading-ringtone":"Klingelton wird heruntergeladen…","downloading-wallpaper":"Hintergrundbild wird heruntergeladen…","locked-content-advisory":"{{vendor}} hat die Berechtigungen an dieser Mediendatei eingeschränkt, sodass sie nicht geteilt oder auf ein neues Gerät übertragen werden kann.","locked-content-advisory-generic":"Der Verkäufer hat die Berechtigungen an dieser Mediendatei eingeschränkt, sodass sie nicht geteilt oder auf ein neues Gerät übertragen werden kann.","download-confirmation-name":"Name","download-confirmation-type":"Typ","download-confirmation-size":"Größe","download-confirmation-vendor":"Verkäufer","download-confirmation-description":"Info","download-progress-title":"Wird heruntergeladen…","preview-image-title":"Grafik ansehen","preview-audio-title":"Audio anhören","byteUnit-B":"Bytes","byteUnit-KB":"KB","byteUnit-MB":"MB","byteUnit-GB":"GB"}