{"done":"ΟΚ","pick-ringtone":"Επιλογή ήχου κλήσης","pick-wallpaper":"Επιλογή ταπετσαρίας","no-installed-ringtones":"Χωρίς κλειδωμένους ήχους κλήσης","no-installed-wallpaper":"Χωρίς κλειδωμένες ταπετσαρίες","ok":"ΟΚ","download-button":"Λήψη","install-button":"Εγκατάσταση","cancel-button":"Ακύρωση","download_error":"Σφάλμα λήψης","install_error":"Σφάλμα εγκατάστασης","err_descriptor_download_failed":"Η λήψη απέτυχε λόγω σφάλματος διακομιστή.","err_bad_descriptor":"Η λήψη απέτυχε λόγω σφάλματος διακομιστή.","err_too_big":"Πολύ μεγάλο αρχείο για λήψη.","err_unsupported_type":"Αυτός ο τύπος πολυμέσων δεν υποστηρίζεται από τη συσκευή σας.","err_bad_type":"Η λήψη απέτυχε λόγω σφάλματος διακομιστή.","err_content_download_failed":"Η λήψη απέτυχε λόγω σφάλματος διακομιστή.","err_bad_drm_message":"Η λήψη απέτυχε λόγω σφάλματος διακομιστή.","err_bad_image":"Η συσκευή δεν μπορεί να προβάλει την ληφθείσα εικόνα.","err_bad_audio":"Η συσκευή δεν μπορεί να αναπαράγει το ληφθέν αρχείο.","err_no_space":"Δεν υπάρχει αρκετός χώρος στη συσκευή για την αποθήκευση του κομματιού.","err_no_sdcard":"Δεν είναι δυνατή η αποθήκευση του κομματιού λόγω έλλειψης κάρτας μνήμης.","err_sdcard_in_use":"Δεν είναι δυνατή η αποθήκευση του κομματιού καθώς η κάρτα μνήμης είναι απασχολημένη. Αποσυνδέστε τη συσκευή και δοκιμάστε ξανά.","err_ds_save_failure":"Σφάλμα κατά την αποθήκευση αρχείου πολυμέσων.","err_db_store_failure":"Σφάλμα κατά την αποθήκευση αρχείου πολυμέσων.","success_song":"Το μουσικό κομμάτι ελήφθη και εγκαταστάθηκε. Χρησιμοποιείστε την εφαρμογή «Μουσική» για να το αναπαράγετε.","success_ringtone":"Ο ήχος κλήσης ελήφθη και εγκαταστάθηκε.","success_wallpaper":"Η ταπετσαρία ελήφθη και εγκαταστάθηκε.","ringtone-or-song-query":"Θέλετε να γίνει λήψη και εγκατάσταση του αρχείου ήχου ως μουσικό κομμάτι ή ως ήχος κλήσης;","ringtone-response":"Ήχος κλήσης","song-response":"Μουσικό κομμάτι","download-confirmation-title-song":"Λήψη μουσικού κομματιού;","download-confirmation-title-ringtone":"Λήψη ήχου κλήσης;","download-confirmation-title-wallpaper":"Λήψη ταπετσαρίας;","downloading-song":"Λήψη μουσικού κομματιού…","downloading-ringtone":"Λήψη ήχου κλήσης…","downloading-wallpaper":"Λήψη ταπετσαρίας…","locked-content-advisory":"Ο πάροχος {{vendor}} έχει κλειδώσει αυτό τον τύπο αρχείου, έτσι δεν είναι δυνατή η μεταφορά του.","locked-content-advisory-generic":"Ο πωλητής έχει κλειδώσει αυτό τον τύπο αρχείου, έτσι δεν είναι δυνατή η μεταφορά του.","download-confirmation-name":"Όνομα","download-confirmation-type":"Τύπος","download-confirmation-size":"Μέγεθος","download-confirmation-vendor":"Πωλητής","download-confirmation-description":"Πληροφορίες","download-progress-title":"Λήψη","preview-image-title":"Προεπισκόπηση εικόνας","preview-audio-title":"Προεπισκόπηση ήχου","byteUnit-B":"bytes","byteUnit-KB":"KB","byteUnit-MB":"MB","byteUnit-GB":"GB"}