{"done":"Gotovo","pick-ringtone":"Odaberi melodiju zvona","pick-wallpaper":"Odaberi pozadinsku sliku","no-installed-ringtones":"Nema instaliranih zaključanih melodija zvona","no-installed-wallpaper":"Nema instaliranih zaključanih pozadinskih slika","ok":"OK","download-button":"Preuzmi","install-button":"Instaliraj","cancel-button":"Otkaži","download_error":"Greška preuzimanja","install_error":"Greška instalacije","err_descriptor_download_failed":"Preuzimanje nije uspjelo zbog greške poslužitelja.","err_bad_descriptor":"Preuzimanje nije uspjelo zbog greške poslužitelja.","err_too_big":"Datoteka je prevelika za preuzimanje.","err_unsupported_type":"Ova vrsta kupljenog medija nije podržana na vašem telefonu.","err_bad_type":"Preuzimanje nije uspjelo zbog greške poslužitelja.","err_content_download_failed":"Preuzimanje nije uspjelo zbog greške poslužitelja.","err_bad_drm_message":"Preuzimanje nije uspjelo zbog greške poslužitelja.","err_bad_image":"Preuzeta slika se ne može prikazati na ovom uređaju.","err_bad_audio":"Preuzeta datoteka se ne može pokrenuti na ovom uređaju.","err_no_space":"Na uređaju nema dovoljno prostora za spremanje ove pjesme.","err_no_sdcard":"Pjesmu nije moguće spremiti jer nedostaje memorijska kartica.","err_sdcard_in_use":"Pjesmu nije moguće spremiti jer je memorijska kartica u upotrebi. Odspojite svoj telefon i pokušajte ponovno preuzeti pjesmu.","err_ds_save_failure":"Greška prilikom spremanja datoteke.","err_db_store_failure":"Greška prilikom spremanja datoteke.","success_song":"Pjesma je preuzeta i instalirana. Da biste je preslušali, pokrenite aplikaciju Glazba.","success_ringtone":"Melodija zvona je preuzeta i instalirana.","success_wallpaper":"Pozadinska slika je preuzeta i instalirana.","ringtone-or-song-query":"Želite li preuzeti i instalirati ovu audio datoteku kao pjesmu ili melodiju zvona?","ringtone-response":"Melodija zvona","song-response":"Pjesma","download-confirmation-title-song":"Preuzeti pjesmu?","download-confirmation-title-ringtone":"Preuzeti melodiju zvona?","download-confirmation-title-wallpaper":"Preuzeti pozadinsku sliku?","downloading-song":"Preuzimanje pjesme…","downloading-ringtone":"Preuzimanje melodije zvona…","downloading-wallpaper":"Preuzimanje pozadinske slike…","locked-content-advisory":"{{vendor}} je zaključao ovu multimedijsku datoteku, stoga se ne može dijeliti s ostalima ili transferirati na novi uređaj.","locked-content-advisory-generic":"Prodavač je zaključao ovu multimedijsku datoteku, stoga se ne može dijeliti s ostalima ili transferirati na novi uređaj.","download-confirmation-name":"Naziv","download-confirmation-type":"Vrsta","download-confirmation-size":"Veličina","download-confirmation-vendor":"Prodavač","download-confirmation-description":"Informacije","download-progress-title":"Preuzimanje","preview-image-title":"Pregled slike","preview-audio-title":"Pregled audio datoteke","byteUnit-B":"bajtova","byteUnit-KB":"KB","byteUnit-MB":"MB","byteUnit-GB":"GB"}