{"done":"完了","pick-ringtone":"着信音を選択してください","pick-wallpaper":"壁紙を選択してください","no-installed-ringtones":"ロックされた着信音はインストールされていません","no-installed-wallpaper":"ロックされた壁紙はインストールされていません","ok":"OK","download-button":"ダウンロード","install-button":"インストール","cancel-button":"キャンセル","download_error":"ダウンロードエラー","install_error":"インストールエラー","err_descriptor_download_failed":"サーバエラーのためダウンロードに失敗しました。","err_bad_descriptor":"サーバエラーのためダウンロードに失敗しました。","err_too_big":"ファイルサイズが大きすぎるためダウンロードできません。","err_unsupported_type":"購入されたメディアの形式はご使用の端末でサポートされていません。","err_bad_type":"サーバエラーのためダウンロードに失敗しました。","err_content_download_failed":"サーバエラーのためダウンロードに失敗しました。","err_bad_drm_message":"サーバエラーのためダウンロードに失敗しました。","err_bad_image":"ダウンロードされた画像はこの端末で表示できません。","err_bad_audio":"ダウンロードされたファイルはこの端末で再生できません。","err_no_space":"この楽曲を保存するのに必要な空き領域が足りません。","err_no_sdcard":"メモリーカードが挿入されていないため楽曲を保存できません。","err_sdcard_in_use":"メモリーカードが使用中のため楽曲を保存できません。端末からケーブルを外して再度ダウンロードしてください。","err_ds_save_failure":"メディアファイルの保存中にエラーが発生しました。","err_db_store_failure":"メディアファイルの保存中にエラーが発生しました。","success_song":"楽曲のダウンロードとインストールが完了しました。音楽アプリで再生してください。","success_ringtone":"着信音のダウンロードとインストールが完了しました。","success_wallpaper":"壁紙のダウンロードとインストールが完了しました。","ringtone-or-song-query":"この音声ファイルをダウンロードし、楽曲または着信音としてインストールしますか？","ringtone-response":"着信音","song-response":"楽曲","download-confirmation-title-song":"楽曲をダウンロードしますか？","download-confirmation-title-ringtone":"着信音をダウンロードしますか？","download-confirmation-title-wallpaper":"壁紙をダウンロードしますか？","downloading-song":"楽曲のダウンロード中…","downloading-ringtone":"着信音のダウンロード中…","downloading-wallpaper":"壁紙のダウンロード中…","locked-content-advisory":"このメディアファイルは {{vendor}} によりロックされているため、他者との共有や新しい端末への転送はできません。","locked-content-advisory-generic":"このメディアファイルは販売者によりロックされているため、他者との共有や新しい端末への転送はできません。","download-confirmation-name":"名前","download-confirmation-type":"種類","download-confirmation-size":"サイズ","download-confirmation-vendor":"ベンダ","download-confirmation-description":"情報","download-progress-title":"ダウンロード中","preview-image-title":"画像プレビュー","preview-audio-title":"音声プレビュー","byteUnit-B":"バイト","byteUnit-KB":"KB","byteUnit-MB":"MB","byteUnit-GB":"GB"}