{"done":"រួចរាល់","pick-ringtone":"ជ្រើស​សំឡេង​រោទ៍","pick-wallpaper":"ជ្រើស​ផ្ទាំង​រូបភាព","no-installed-ringtones":"គ្មាន​សំឡេងរោទ៍​ជាប់​សោ​បាន​ដំឡើង","no-installed-wallpaper":"គ្មាន​ផ្ទាំង​រូបភាព​ជាប់សោ​បាន​ដំឡើង","ok":"យល់ព្រម","download-button":"ទាញយក","install-button":"ដំឡើង","cancel-button":"បោះបង់","download_error":"កំហុស​ទាញ​យក","install_error":"កំហុស​ការ​ដំឡើង","err_descriptor_download_failed":"ការ​ទាញយក​បាន​បរាជ័យ ដោយ​សារ​តែ​កំហុស​ម៉ាស៊ីន​មេ។","err_bad_descriptor":"ការ​ទាញ​យក​បាន​បរាជ័យ​ ដោយ​សារ​តែ​កំហុស​ម៉ាស៊ីន​មេ។","err_too_big":"ឯកសារ​ធំ​ពេក​ត្រូវ​ទាញ​យក។","err_unsupported_type":"មេឌៀ​ដែល​បាន​ទិញ​ប្រភេទ​នេះ​មិន​ត្រូវ​បានគាំទ្រ​​លើ​ទូរស័ព្ទ​របស់​អ្នក។","err_bad_type":"ការ​ទាញ​យក​បាន​បរាជ័យ ដោយ​សារ​តែ​កំហុស​ម៉ាស៊ីន​មេ។","err_content_download_failed":"ការ​ទាញយក​បាន​បរាជ័យ ដោយ​សារ​តែ​កំហុស​ម៉ាស៊ីន​មេ។","err_bad_drm_message":"ការទាញ​យក​បាន​បរាជ័យ​ ដោយ​សារ​តែ​កំហុស​ម៉ាស៊ីន​មេ។","err_bad_image":"រូបភាព​បាន​ទាញ​យក​មិន​អាច​បង្ហាញ​លើ​ឧបករណ៍​នេះ​បាន​ទេ។","err_bad_audio":"ឯកសារ​បាន​ទាញ​យក​មិន​អាច​បង្ហាញ​លើ​ឧបករណ៍​នេះ​បាន​ទេ។","err_no_space":"មិន​មាន​ទំហំ​ផ្ទុក​គ្រប់គ្រាន់​លើ​ឧបករណ៍​របស់​អ្នក ដើម្បី​រក្សាទុក​បទ​ចម្រៀង​នេះ។","err_no_sdcard":"មិន​អាច​រក្សាទុកបទ​ចម្រៀង ព្រោះ​មិន​មានកាត​អង្គចងចាំ។","err_sdcard_in_use":"មិន​អាច​រក្សាទុក​បទ​ចម្រៀង ព្រោះ​កាត​អង្គចងចាំ​កំពុង​ប្រើ។ ដក​ទូរស័ព្ទ​របស់​អ្នក ហើយ​ព្យាយាម​ទាញ​យក​ម្ដង​ទៀត។","err_ds_save_failure":"កំហុស​ក្នុងការ​រក្សាទុក​ឯកសារ​មេឌៀ","err_db_store_failure":"កំហុស​ក្នុង​ការ​រក្សាទុ​ឯកសារ​មេឌៀ។","success_song":"បាន​ទាញយក និង​ដំឡើង​បទ​ចម្រៀង។ ប្រើ​កម្មវិធី​តន្ត្រី​ដើម្បី​ចាក់​វា។","success_ringtone":"បានទាញ​យក និង​ដំឡើង​សំឡេង​រោទ៍","success_wallpaper":"បាន​ទាញ​យក និង​ដំឡើង​​ផ្ទាំង​រូបភាព។","ringtone-or-song-query":"តើ​អ្នក​ចង់​ទាញយក និង​ដំឡើង​ឯកសារ​អូឌីយ៉ូ​នេះ​ជា​បទ​ចម្រៀង ឬ​ជា​សំឡេងរោទ៍?","ringtone-response":"សំឡេងរោទ៍","song-response":"បទ​ចម្រៀង","download-confirmation-title-song":"ទាញ​យក​បទ​ចម្រៀង?","download-confirmation-title-ringtone":"ទាញ​យក​សំឡេង​រោទ៍?","download-confirmation-title-wallpaper":"ទាញ​យក​ផ្ទាំង​រូបភាព?","downloading-song":"កំពុង​ទាញយក​បទ​ចម្រៀង...","downloading-ringtone":"កំពុង​ទាញយក​​សំឡេង​រោទ៍...","downloading-wallpaper":"កំពុង​ទាញយក​ផ្ទាំង​រូបភាព...","locked-content-advisory":"{{vendor}} បាន​ទប់ស្កាត់​ឯកសារ​មេឌៀ ដូច្នេះ​វា​មិន​អាច​ត្រូវ​បាន​ចែករំលែក​ជា​មួយ​អ្នកផ្សេង ឬ​ផ្ទេរ​ទៅឧបករណ៍​ថ្មី​បាន​ទេ។","locked-content-advisory-generic":"អ្នក​លក់​បាន​ទប់ស្កាត់​ឯកសារ​មេឌៀ ដូច្នេះ​វា​មិន​អាច​ត្រូវ​បាន​ចែករំលែក​ជា​មួយ​អ្នកផ្សេង ឬ​ផ្ទេរ​ទៅ​ឧករណ៍​ថ្មីបាន​ទេ។","download-confirmation-name":"ឈ្មោះ​","download-confirmation-type":"ប្រភេទ","download-confirmation-size":"ទំហំ","download-confirmation-vendor":"ក្រុមហ៊ុនលក់","download-confirmation-description":"ព័ត៌មាន","download-progress-title":"​ទាញយក","preview-image-title":"មើល​រូបភាព​ជា​មុន","preview-audio-title":"មើល​អូឌីយ៉ូ​ជា​មុន","byteUnit-B":"បៃ","byteUnit-KB":"KB","byteUnit-MB":"MB","byteUnit-GB":"GB"}