{"done":"गरियो","pick-ringtone":"रिङ्गटोन चयन गर्नुहोस्","pick-wallpaper":"वालपेपर चयन गर्नुहोस्","no-installed-ringtones":"ताल्चा लगाइएको रिङ्गटोनहरु स्थापना गरिएको छैन","no-installed-wallpaper":"ताल्चा लगाइएको वालपेपरहरु स्थापना गरिएको छैन","ok":"ठीक छ","download-button":"डाउनलोड","install-button":"स्थापना गर्नुहोस्","cancel-button":"रद्द गर्नुहोस्","download_error":"डाउनलोड त्रुटि","install_error":"स्थापना त्रुटि","err_descriptor_download_failed":"सर्भर त्रुटीका कारण डाउनलोड असफल भयो ।","err_bad_descriptor":"सर्भरको त्रुटिले गर्दा डाउनलोड असफल भयो।","err_too_big":"डाउनलोडको लागि फाइलको साइज ज्यादै ठूलो भयो।","err_unsupported_type":"यस प्रकारको किनिएको मेडिया तपाईंको फोनमा समर्थन हुँदैन।","err_bad_type":"सर्भरको त्रुटिले गर्दा डाउनलोड असफल भयो।","err_content_download_failed":"सर्भरको त्रुटिले गर्दा डाउनलोड असफल भयो।","err_bad_drm_message":"सर्भरको त्रुटिले गर्दा डाउनलोड असफल भयो।","err_bad_image":"डाउनलोड भएको छवि यस यन्त्रमा प्रदर्शन हुन सक्दैन।","err_bad_audio":"डाउनलोड भएको फाइल यस यन्त्रमा सन्चालन हुन सक्दैन।","err_no_space":"तपाईंको यन्त्रमा यो गीत बचत गर्न पर्याप्त भण्डारण छैन।","err_no_sdcard":"गीत बचत गर्न सकिंदैन किनभने यसमा स्मृति कार्ड छैन।","err_sdcard_in_use":"गीत बचत गर्न सकिंदैन किनभने स्मृति कार्डको प्रयोग भइरहेको छ। तपाईंको जोडिरहेको फोन निकाल्नु होस् र फेरि डाउनलोड गर्न ट्राइ गर्नुहोस्।","err_ds_save_failure":"मेडिया फाइल बचतमा त्रुटि भएको छ ।","err_db_store_failure":"मिडिया फाइल बचत गर्दा त्रुटि !","success_song":"गीत डाउनलोड र स्थापना भईसकेको छ। यसलाई बजाउन सङ्गित अनुप्रयोगको प्रयोग गर्नुहोस् ।","success_ringtone":"रिङ्गटोन डाउनलोड र स्थापना भईसकेको छ ।","success_wallpaper":"वालपेपर डाउनलोड र स्थापना भईसकेको छ ।","ringtone-or-song-query":"तपाईं यो अडियो फाइल कसरी डाउनलोड र स्थापना गर्न चाहनु हुन्छ - गीत वा रिङ्टोन्?","ringtone-response":"रिङ्टोन्","song-response":"गीत","download-confirmation-title-song":"गीत डाउनलोड गर्नुहुन्छ?","download-confirmation-title-ringtone":"रिङ्टोन् डाउनलोड गर्नुहुन्छ?","download-confirmation-title-wallpaper":"वालपेपर डाउनलोड गर्नुहुन्छ?","downloading-song":"गीत डाउनलोड हुँदै छ...","downloading-ringtone":"रिङ्टोन् डाउनलोड हुँदै छ...","downloading-wallpaper":"वालपेपर डाउनलोड हुँदै छ...","locked-content-advisory":"{{vendor}} ले यो मेडिया फाइलमा ताल्चा लगाएको हुनाले यो अरुसगँ बाँड्न वा नायाँ यन्त्रमा स्थानान्तरण गर्न मिल्दैन।","locked-content-advisory-generic":"यो मिडिया फाइल विक्रेताव्दारा ताल्चा लगाइएको छ त्येसैले यो फाइल कसैसंग साझेदारी तथा कुनै नँया यन्त्रलाई हस्तांतरण गर्न मिल्दैन ।","download-confirmation-name":"नाम","download-confirmation-type":"प्रकार","download-confirmation-size":"आकार","download-confirmation-vendor":"बिक्रेता","download-confirmation-description":"जानकारी","download-progress-title":"डाउनलोड हुँदैछ","preview-image-title":"छवि पूर्ववलोकन","preview-audio-title":"अडियो पूर्ववलोकन","byteUnit-B":"बाइट्स","byteUnit-KB":"किलोबाइट","byteUnit-MB":"मेगाबाइट","byteUnit-GB":"गिगाबाइट"}