{"done":"Gereed","pick-ringtone":"Beltoon selecteren","pick-wallpaper":"Achtergrond selecteren","no-installed-ringtones":"Geen vergrendelde beltonen geïnstalleerd","no-installed-wallpaper":"Geen vergrendelde achtergrond geïnstalleerd","ok":"OK","download-button":"Downloaden","install-button":"Installeren","cancel-button":"Annuleren","download_error":"Downloadfout","install_error":"Installatiefout","err_descriptor_download_failed":"Het downloaden is mislukt vanwege een serverfout.","err_bad_descriptor":"Het downloaden is mislukt vanwege een serverfout.","err_too_big":"Bestand is te groot om te downloaden.","err_unsupported_type":"Dit type aangeschafte media wordt niet ondersteund op uw telefoon.","err_bad_type":"Het downloaden is mislukt vanwege een serverfout.","err_content_download_failed":"Het downloaden is mislukt vanwege een serverfout.","err_bad_drm_message":"Het downloaden is mislukt vanwege een serverfout.","err_bad_image":"De gedownloade afbeelding kan niet op dit apparaat worden weergegeven.","err_bad_audio":"Het gedownloade bestand kan niet op dit apparaat worden afgespeeld.","err_no_space":"Er is niet genoeg opslagruimte op uw apparaat om dit nummer op te slaan.","err_no_sdcard":"Kan nummer niet opslaan, omdat er geen geheugenkaart is.","err_sdcard_in_use":"Kan nummer niet opslaan, omdat de geheugenkaart in gebruik is. Ontkoppel uw telefoon en probeer het nogmaals te downloaden.","err_ds_save_failure":"Fout bij opslaan van mediabestand.","err_db_store_failure":"Fout bij opslaan van mediabestand.","success_song":"Nummer gedownload en geïnstalleerd. Gebruik de Muziek-app om het af te spelen.","success_ringtone":"Beltoon gedownload en geïnstalleerd.","success_wallpaper":"Achtergrond gedownload en geïnstalleerd.","ringtone-or-song-query":"Wilt u dit audiobestand als een nummer of als een beltoon downloaden en installeren?","ringtone-response":"Beltoon","song-response":"Nummer","download-confirmation-title-song":"Nummer downloaden?","download-confirmation-title-ringtone":"Beltoon downloaden?","download-confirmation-title-wallpaper":"Achtergrond downloaden?","downloading-song":"Nummer downloaden…","downloading-ringtone":"Beltoon downloaden…","downloading-wallpaper":"Achtergrond downloaden…","locked-content-advisory":"{{vendor}} heeft dit mediabestand vergrendeld, zodat het niet met anderen kan worden gedeeld of naar een nieuw apparaat kan worden overgezet.","locked-content-advisory-generic":"De verkoper heeft dit mediabestand vergrendeld, zodat het niet met anderen kan worden gedeeld of naar een nieuw apparaat kan worden overgezet.","download-confirmation-name":"Naam","download-confirmation-type":"Type","download-confirmation-size":"Grootte","download-confirmation-vendor":"Leverancier","download-confirmation-description":"Info","download-progress-title":"Downloaden","preview-image-title":"Voorbeeldafbeelding","preview-audio-title":"Voorbeeldweergave","byteUnit-B":"bytes","byteUnit-KB":"KB","byteUnit-MB":"MB","byteUnit-GB":"GB"}