{"done":"ਮੁਕੰਮਲ","pick-ringtone":"ਰਿੰਗਟੋਨ ਚੁਣੋ","pick-wallpaper":"ਵਾਲਪੇਪਰ ਚੁਣੋ","no-installed-ringtones":"ਕੋਈ ਲਾਕ ਰਿੰਗਟੋਨ ਇੰਸਟਾਲ ਨਹੀਂ ਹੈ।","no-installed-wallpaper":"ਕੋਈ ਲਾਕ ਵਾਲਪੇਪਰ ਇੰਸਟਾਲ ਨਹੀਂ ਹੈ।","ok":"ਠੀਕ ਹੈ","download-button":"ਡਾਊਨਲੋਡ","install-button":"ਇੰਸਟਾਲ","cancel-button":"ਰੱਦ ਕਰੋ","download_error":"ਡਾਊਨਲੋਡ ਗਲਤੀ","install_error":"ਇੰਸਟਾਲੇਸ਼ਨ ਗਲਤੀ","err_descriptor_download_failed":"ਡਾਊਨਲੋਡ ਫੇਲ੍ਹ ਹੋਇਆ ਹੈ, ਕਿਉਂਕਿ ਸਰਵਰ ਗਲਤ ਹੈ।","err_bad_descriptor":"ਡਾਊਨਲੋਡ ਫੇਲ੍ਹ ਹੋਇਆ ਹੈ, ਕਿਉਂਕਿ ਸਰਵਰ ਗਲਤ ਹੈ।","err_too_big":"ਫਾਇਲ ਡਾਊਨਲੋਡ ਕਰਨ ਲਈ ਬਹੁਤ ਵੱਡੀ ਹੈ।","err_unsupported_type":"This type of purchased media is not supported on your phone.","err_bad_type":"ਡਾਊਨਲੋਡ ਫੇਲ੍ਹ ਹੋਇਆ ਹੈ, ਕਿਉਂਕਿ ਸਰਵਰ ਗਲਤੀ ਹੈ।","err_content_download_failed":"ਡਾਊਨਲੋਡ ਫੇਲ੍ਹ ਹੋਇਆ ਹੈ, ਕਿਉਂਕਿ ਸਰਵਰ ਗਲਤੀ ਹੈ।","err_bad_drm_message":"ਡਾਊਨਲੋਡ ਫੇਲ੍ਹ ਹੋਇਆ ਹੈ, ਕਿਉਂਕਿ ਸਰਵਰ ਗਲਤੀ ਹੈ।","err_bad_image":"The downloaded image cannot be displayed on this device.","err_bad_audio":"The downloaded file cannot be played on this device.","err_no_space":"There is not enough storage space on your device to save this song.","err_no_sdcard":"Cannot save song because there is no memory card.","err_sdcard_in_use":"Cannot save song because the memory card is in use. Unplug your phone and try downloading again.","err_ds_save_failure":"ਮੀਡਿਆ ਫਾਇਲ ਸੰਭਾਲਣ ਲਈ ਗਲਤੀ ਹੈ।","err_db_store_failure":"ਮੀਡਿਆ ਫਾਇਲ ਸੰਭਾਲਣ ਲਈ ਗਲਤੀ ਹੈ।","success_song":"Song downloaded and installed. Use the Music app to play it.","success_ringtone":"ਰਿੰਗਟੋਨ ਡਾਊਨਲ ਅਤੇ ਇੰਸਟਾਲ ਕੀਤੀ ਗਈ","success_wallpaper":"ਵਾਲਪੇਪਰ ਡਾਊਨਲੋਡ ਅਤੇ ਇੰਸਟਾਲ ਕੀਤਾ ਗਿਆ।","ringtone-or-song-query":"Do you want to download and install this audio file as a song or as a ringtone?","ringtone-response":"ਰਿੰਗਟੋਨ","song-response":"ਗੀਤ","download-confirmation-title-song":"ਗਾਣਾ ਡਾਊਨਲੋਡ ਕਰਨਾ ਹੈ?","download-confirmation-title-ringtone":"ਰਿੰਗਟੋਨ ਡਾਊਨਲੋਡ ਕਰਨੀ ਹੈ?","download-confirmation-title-wallpaper":"ਵਾਲਪੇਪਰ ਡਾਊਨਲੋਡ ਕਰਨਾ ਹੈ?","downloading-song":"…ਗਾਣਾ ਡਾਊਨਲੋਡ ਕੀਤਾ ਜਾ ਰਿਹਾ ਹੈ","downloading-ringtone":"…ਰਿੰਗਟੋਨ ਡਾਊਨਲੋਡ ਕੀਤੀ ਜਾ ਰਹੀ ਹੈ","downloading-wallpaper":"…ਵਾਲਪੇਪਰ ਡਾਊਨਲੋਡ ਕੀਤਾ ਜਾ ਰਿਹਾ ਹੈ","locked-content-advisory":"{{vendor}} ਨੇ ਇਹ ਮੀਡਿਆ ਲਾਕ ਕੀਤਾ ਹੈ ਤਾਂ ਕਿ ਇਸ ਨੂੰ ਹੋਰ ਨਾਲ ਸਾਂਝਾ ਜਾਂ ਨਵੇਂ ਯੰਤਰ ਉੱਤੇ ਟਰਾਂਸਫਰ ਨਾ ਕੀਤਾ ਜਾਵੇ।","locked-content-advisory-generic":"ਵਿਕਰੇਤਾ ਨੇ ਇਹ ਮੀਡਿਆ ਲਾਕ ਕੀਤਾ ਹੈ ਤਾਂ ਕਿ ਇਸ ਨੂੰ ਹੋਰ ਨਾਲ ਸਾਂਝਾ ਜਾਂ ਨਵੇਂ ਯੰਤਰ ਉੱਤੇ ਟਰਾਂਸਫਰ ਨਾ ਕੀਤਾ ਜਾਵੇ।","download-confirmation-name":"ਨਾਂ","download-confirmation-type":"ਕਿਸਮ","download-confirmation-size":"ਆਕਾਰ","download-confirmation-vendor":"ਵੇਂਡਰ","download-confirmation-description":"ਜਾਣਕਾਰੀ","download-progress-title":"ਡਾਊਨਲੋਡ ਜਾਰੀ","preview-image-title":"ਚਿੱਤਰ ਝਲਕ","preview-audio-title":"ਆਡੀਓ ਝਲਕ","byteUnit-B":"ਬਾਈਟ","byteUnit-KB":"KB","byteUnit-MB":"MB","byteUnit-GB":"GB"}