{"done":"Concluído","pick-ringtone":"Selecione um toque de chamadas","pick-wallpaper":"Selecione um papel de parede","no-installed-ringtones":"Nenhum toque de chamada bloqueado instalado","no-installed-wallpaper":"Nenhum papel de parede bloqueado instalado","ok":"OK","download-button":"Download","install-button":"Instalar","cancel-button":"Cancelar","download_error":"Erro no download","install_error":"Erro na instalação","err_descriptor_download_failed":"O download falhou devido a um erro no servidor.","err_bad_descriptor":"O download falhou devido a um erro no servidor.","err_too_big":"O download falhou pois o arquivo é muito grande.","err_unsupported_type":"Esse tipo de mídia não é suportado pelo seu dispositivo.","err_bad_type":"O download falhou devido a um erro no servidor.","err_content_download_failed":"O download falhou devido a um erro no servidor.","err_bad_drm_message":"O download falhou devido a um erro no servidor.","err_bad_image":"A imagem baixada não pode ser exibida nesse dispositivo.","err_bad_audio":"O arquivo baixado não pode ser exibido nesse dispositivo.","err_no_space":"Não há espaço suficiente no seu dispositivo para salvar essa música.","err_no_sdcard":"Não foi possível salvar essa música pois não há um cartão de memória presente.","err_sdcard_in_use":"Não foi possível salvar essa música porque o cartão de memória está em uso. Desconecte seu telefone do computador e tente novamente.","err_ds_save_failure":"Erro ao salvar arquivo.","err_db_store_failure":"Erro ao salvar arquivo.","success_song":"Música baixada e instalada. Use o aplicativo Música para reproduzi-la.","success_ringtone":"Toque de chamadas baixado e instalado.","success_wallpaper":"Papel de parede baixado e instalado.","ringtone-or-song-query":"Você desenha baixar e instalar esse arquivo de áudio como uma música ou toque de chamada?","ringtone-response":"Toque de chamada","song-response":"Música","download-confirmation-title-song":"Baixar música?","download-confirmation-title-ringtone":"Baixar toque de chamada?","download-confirmation-title-wallpaper":"Baixar papel de parede?","downloading-song":"Baixando música…","downloading-ringtone":"Baixando toque de chamada…","downloading-wallpaper":"Baixando papel de parede…","locked-content-advisory":"{{vendor}} bloqueou esse arquivo de forma com que ele não possa ser compartilhado com outros ou transferido para outro dispositivo.","locked-content-advisory-generic":"O vendedor bloqueou esse arquivo de forma com que ele não possa ser compartilhado com outros ou transferido para outro dispositivo.","download-confirmation-name":"Nome","download-confirmation-type":"Tipo","download-confirmation-size":"Tamanho","download-confirmation-vendor":"Vendedor","download-confirmation-description":"Informações","download-progress-title":"Baixando","preview-image-title":"Pré-visualizer imagem","preview-audio-title":"Pré-visualizer áudio","byteUnit-B":"bytes","byteUnit-KB":"KB","byteUnit-MB":"MB","byteUnit-GB":"GB"}