{"done":"Gata","pick-ringtone":"Selectează tonul","pick-wallpaper":"Selectează fundalul","no-installed-ringtones":"Niciun ton blocat instalat","no-installed-wallpaper":"Niciun fundal blocat instalat","ok":"Ok","download-button":"Descarcă","install-button":"Instalează","cancel-button":"Renunță","download_error":"Eroare la descărcare","install_error":"Eroare la instalare","err_descriptor_download_failed":"Descărcarea a eșuat din cauza unei erori a serverului.","err_bad_descriptor":"Descărcarea a eșuat din cauza unei erori a serverului.","err_too_big":"Fișierul este prea mare pentru descărcare.","err_unsupported_type":"Acest tip de media achiziționat nu este suportat pe telefon.","err_bad_type":"Descărcarea a eșuat din cauza unei erori a serverului.","err_content_download_failed":"Descărcarea a eșuat din cauza unei erori a serverului.","err_bad_drm_message":"Descărcarea a eșuat din cauza unei erori a serverului.","err_bad_image":"Imaginea descărcată nu poate fi afișată pe dispozitiv.","err_bad_audio":"Fișierul descărcat nu poate fi redat pe dispozitiv.","err_no_space":"Nu există suficient spațiu de stocare pe dispozitiv pentru a salva acest cântec.","err_no_sdcard":"Nu se poate salva cântecul deoarece nu există card de memorie.","err_sdcard_in_use":"Nu se poate salva cântectul deoarece cardul de memorie este în uz. Deconectează telefonul și încearcă descărcarea din nou.","err_ds_save_failure":"Eroare la salvarea fișierului media.","err_db_store_failure":"Eroare la salvarea fișierului media.","success_song":"Cântec descărcat și instalat. Folosește aplicația Muzică pentru a-l reda.","success_ringtone":"Ton de apel descărcat și instalat.","success_wallpaper":"Imagine de fundal descărcată și instalată.","ringtone-or-song-query":"Dorești să descarci și să instalezi acest fișier audio ca cântec sau ca ton de apel?","ringtone-response":"Ton de apel","song-response":"Cântec","download-confirmation-title-song":"Descarci cântecul?","download-confirmation-title-ringtone":"Descarci tonul de apel?","download-confirmation-title-wallpaper":"Descarci imaginea de fundal?","downloading-song":"Se descarcă cântecul…","downloading-ringtone":"Se descarcă tonul de apel…","downloading-wallpaper":"Se descarcă imaginea de fundal…","locked-content-advisory":"{{vendor}} a blocat acest fișier media astfel încât să nu poată fi împărtășit cu alții sau transferat către un dispozitiv nou.","locked-content-advisory-generic":"Vânzătorul a blocat acest fișier media astfel încât să nu poată fi împărtășit cu alții sau transferat către un dispozitiv nou.","download-confirmation-name":"Nume","download-confirmation-type":"Tip","download-confirmation-size":"Mărime","download-confirmation-vendor":"Producător","download-confirmation-description":"Informații","download-progress-title":"Se descarcă","preview-image-title":"Previzualizează imaginea","preview-audio-title":"Previzualizează audio","byteUnit-B":"bytes","byteUnit-KB":"KB","byteUnit-MB":"MB","byteUnit-GB":"GB"}