{"done":"U bë","pick-ringtone":"Përzgjidhni Zile","pick-wallpaper":"Përzgjidhni Sfond","no-installed-ringtones":"Pa Zile të Kyçura të Instaluara","no-installed-wallpaper":"Pa Sfonde të Kyçyr të Instaluar","ok":"OK","download-button":"Shkarkoje","install-button":"Instaloje","cancel-button":"Anuloje","download_error":"Gabim Shkarkimi","install_error":"Gabim Instalimi","err_descriptor_download_failed":"Shkarkimi dështoi për shkak të një gabimi shërbyesi.","err_bad_descriptor":"Shkarkimi dështoi për shkak të një gabimi shërbyesi","err_too_big":"Kartela është shumë e madhe për shkarkim.","err_unsupported_type":"Ky lloj media të blerë nuk mbulohet në telefonin tuaj.","err_bad_type":"Shkarkimi dështoi për shkak të një gabimi shërbyesi.","err_content_download_failed":"Shkarkimi dështoi për shkak të një gabimi shërbyesi.","err_bad_drm_message":"Shkarkimi dështoi për shkak të një gabimi shërbyesi.","err_bad_image":"Figura e shkarkuar nuk shfaqet dot në këtë pajisje.","err_bad_audio":"Kartela e shkarkuar nuk luhet dot në këtë pajisje.","err_no_space":"Nuk ka vend të mjaftueshëm depozitimi në pajisjen tuaj që të ruhet kjo këngë.","err_no_sdcard":"Nuk ruhet dot kënga, ngaqë nuk ka kartë kujtese.","err_sdcard_in_use":"Nuk ruhet dot kënga, ngaqë karta e kujtesës po përdoret. Shkëputeni telefonin dhe provoni ta shkarkoni sërish.","err_ds_save_failure":"Gabim në ruajtjen e kartelës media.","err_db_store_failure":"Gabim në ruajtjen e kartelës media.","success_song":"Kënga u shkarkua dhe u instalua. Përdorni zbatimin e Muzikës që ta luani.","success_ringtone":"Zilja u shkarkua dhe u instalua.","success_wallpaper":"Sfondi u shkarkua dhe u instalua.","ringtone-or-song-query":"Doni të shkarkohet dhe instalohet kjo kartelë audio si këngë apo si zile?","ringtone-response":"Zile","song-response":"Këngë","download-confirmation-title-song":"Të shkarkohet kënga?","download-confirmation-title-ringtone":"Të shkarkohet zilja?","download-confirmation-title-wallpaper":"Të shkarkohet sfondi?","downloading-song":"Po shkarkohet kënga…","downloading-ringtone":"Po shkarkohet zilja…","downloading-wallpaper":"Po shkarkohet sfondi…","locked-content-advisory":"{{vendor}} e ka kyçur këtë kartelë media që ajo të mos ndahet me të tjerë apo të shpërngulet në një pajisje të re.","locked-content-advisory-generic":"Tregtuesi e ka kyçur këtë kartelë media që ajo të mos ndahet me të tjerë apo të shpërngulet në një pajisje të re.","download-confirmation-name":"Emër","download-confirmation-type":"Lloj","download-confirmation-size":"Madhësi","download-confirmation-vendor":"Tregtues","download-confirmation-description":"Të dhëna","download-progress-title":"Shkarkim","preview-image-title":"Paraparje figure","preview-audio-title":"Paradëgjim audioje","byteUnit-B":"bajte","byteUnit-KB":"KB","byteUnit-MB":"MB","byteUnit-GB":"GB"}