{"done":"Završeno","pick-ringtone":"Izaberi melodiju","pick-wallpaper":"Izaberi pozadinsku sliku","no-installed-ringtones":"Nema instaliranih zaključanih melodija","no-installed-wallpaper":"Nema instaliranih zaključanih pozadinskih slika","ok":"U redu","download-button":"Preuzmi","install-button":"Instaliraj","cancel-button":"Otkaži","download_error":"Greška pri preuzimanju","install_error":"Greška pri instalaciji","err_descriptor_download_failed":"Preuzimanje nije uspelo zbog greške na serveru.","err_bad_descriptor":"Preuzimanje nije uspelo zbog greške na serveru.","err_too_big":"Datoteka je prevelika za preuzimanje.","err_unsupported_type":"Ova vrsta kupljenog medija nije podržan na Vašem telefonu.","err_bad_type":"Preuzimanje nije uspelo zbog greške na serveru.","err_content_download_failed":"Preuzimanje nije uspelo zbog greške na serveru.","err_bad_drm_message":"Preuzimanje nije uspelo zbog greške na serveru.","err_bad_image":"Preuzeta slika ne može biti prikazana na ovom uređaju.","err_bad_audio":"Preuzeta datoteka ne može biti prikazana na ovom uređaju.","err_no_space":"Nema dovoljno mesta na Vašem uređaju da bi se mogla sačuvati ova pesma.","err_no_sdcard":"Pesma se ne može sačuvati jer nema memorijske kartice.","err_sdcard_in_use":"Pesma se ne može sačuvati jer je memorijska kartica trenutno u upotrebi. Iskopčajte telefon i pokušajte ponovo da preuzmete pesmu.","err_ds_save_failure":"Greška tokom čuvanja multimedijalne datoteke.","err_db_store_failure":"Greška tokom čuvanja multimedijalne datoteke.","success_song":"Pesma je preuzeta i instalirana. Da bi je preslušali, pokrenite aplikaciju Muzika.","success_ringtone":"Melodija je preuzeta i instalirana.","success_wallpaper":"Pozadinska slika je preuzeta i instalirana.","ringtone-or-song-query":"Da li želite da preuzmete i instalirate ovu audio datoteku kao pesmu ili melodiju?","ringtone-response":"Melodiju","song-response":"Pesmu","download-confirmation-title-song":"Preuzeti pesmu?","download-confirmation-title-ringtone":"Preuzeti melodiju?","download-confirmation-title-wallpaper":"Preuzeti pozadinsku sliku?","downloading-song":"Preuzimanje pesme…","downloading-ringtone":"Preuzimanje melodije…","downloading-wallpaper":"Preuzimanje pozadinske slike…","locked-content-advisory":"{{vendor}} je zaključao ovu multimedijalnu datoteku da se ne bi mogla deliti sa drugima ili preneti na novi uređaj.","locked-content-advisory-generic":"Prodavac je zaključao ovu multimedijalnu datoteku da se ne bi mogla deliti sa drugima ili preneti na novi uređaj.","download-confirmation-name":"Naziv","download-confirmation-type":"Vrsta","download-confirmation-size":"Veličina","download-confirmation-vendor":"Prodavac","download-confirmation-description":"Informacije","download-progress-title":"Preuzimanje","preview-image-title":"Pregled slike","preview-audio-title":"Pregled audia","byteUnit-B":"bajta","byteUnit-KB":"KB","byteUnit-MB":"MB","byteUnit-GB":"GB"}