{"done":"Klar","pick-ringtone":"Välj ringsignal","pick-wallpaper":"Välj bakgrundsbild","no-installed-ringtones":"Inga låsta ringsignaler installerade","no-installed-wallpaper":"Inga låsta bakgrundsbilder installerade","ok":"OK","download-button":"Hämta","install-button":"Installera","cancel-button":"Avbryt","download_error":"Hämtningsfel","install_error":"Installationsfel","err_descriptor_download_failed":"Hämtningen misslyckades på grund av ett serverfel.","err_bad_descriptor":"Hämtningen misslyckades på grund av ett serverfel.","err_too_big":"Filen är för stor för att hämta.","err_unsupported_type":"Denna typ av köpt media stöds inte av telefonen.","err_bad_type":"Hämtningen misslyckades på grund av ett serverfel.","err_content_download_failed":"Hämtningen misslyckades på grund av ett serverfel.","err_bad_drm_message":"Hämtningen misslyckades på grund av ett serverfel.","err_bad_image":"Den nedladdade bilden kan inte visas på enheten.","err_bad_audio":"Den nedladdade filen kan inte spelas på enheten.","err_no_space":"Det finns inte tillräckligt med lagringsutrymme på enheten för att spara den här låten.","err_no_sdcard":"Kan inte spara låten eftersom det inte finns något minneskort.","err_sdcard_in_use":"Kan inte spara låten eftersom minneskortet är i bruk. Koppla ur telefonen och försök hämta igen.","err_ds_save_failure":"Fel vid sparande av mediefil.","err_db_store_failure":"Fel vid sparande av mediefil.","success_song":"Låten hämtad och installerad. Använd appen Musik för att spela den.","success_ringtone":"Ringsignal hämtad och installerad.","success_wallpaper":"Bakgrundsbild hämtad och installerad.","ringtone-or-song-query":"Vill du hämta och installera denna ljudfil som en låt eller som ringsignal?","ringtone-response":"Ringsignal","song-response":"Låt","download-confirmation-title-song":"Hämta låten?","download-confirmation-title-ringtone":"Hämta ringsignalen?","download-confirmation-title-wallpaper":"Hämta bakgrundsbild?","downloading-song":"Hämtar låt…","downloading-ringtone":"Hämtar ringsignal…","downloading-wallpaper":"Hämtar bakgrundsbild…","locked-content-advisory":"{{vendor}} har låst mediefilen så att den inte kan delas med andra eller överföras till en ny enhet.","locked-content-advisory-generic":"Säljaren har låst mediefilen så att den inte kan delas med andra eller överföras till en ny enhet.","download-confirmation-name":"Namn","download-confirmation-type":"Typ","download-confirmation-size":"Storlek","download-confirmation-vendor":"Säljare","download-confirmation-description":"Info","download-progress-title":"Hämtar","preview-image-title":"Förhandsgranska bild","preview-audio-title":"Förhandsgranska ljud","byteUnit-B":"bytes","byteUnit-KB":"kB","byteUnit-MB":"MB","byteUnit-GB":"GB"}