{"done":"Bitti","pick-ringtone":"Zil sesi seçin","pick-wallpaper":"Duvar kâğıdı seçin","no-installed-ringtones":"Hiç kilitli zil sesi yüklenmemiş","no-installed-wallpaper":"Hiç kilitli duvar kâğıdı yüklenmemiş","ok":"Tamam","download-button":"İndir","install-button":"Yükle","cancel-button":"İptal","download_error":"İndirme Hatası","install_error":"Kurulum Hatası","err_descriptor_download_failed":"Sunucu hatası sebebiyle indirme başarısız oldu.","err_bad_descriptor":"Sunucu hatası sebebiyle indirme başarısız oldu.","err_too_big":"Dosya indirilemeyecek kadar büyük.","err_unsupported_type":"Satın alınabilen bu medya türü telefonunuzda desteklenmiyor.","err_bad_type":"Sunucu hatası sebebiyle indirme başarısız oldu.","err_content_download_failed":"Sunucu hatası sebebiyle indirme başarısız oldu.","err_bad_drm_message":"Sunucu hatası sebebiyle indirme başarısız oldu.","err_bad_image":"İndirilen resim bu cihazda görüntülenemiyor.","err_bad_audio":"İndirilen dosya bu aygıtta oynatılamaz.","err_no_space":"Aygıtınızda bu şarkıyı kaydetmeye yedecek kadar yer yok.","err_no_sdcard":"Bellek kartı olmadığı için şarkı kaydedilemiyor.","err_sdcard_in_use":"Bellek kartı kullanımda olduğu için şarkı kaydedilemiyor. Telefonunuzun kablosunu söküp tekrar indirmeyi deneyin.","err_ds_save_failure":"Medya dosyası kaydetme hatası.","err_db_store_failure":"Medya dosyası kaydetme hatası.","success_song":"Şarkı indirildi ve yüklendi. Dinlemek için Müzik uygulamasını kullanın.","success_ringtone":"Zil sesi indirildi ve yüklendi.","success_wallpaper":"Duvar kâğıdı indirildi ve yüklendi.","ringtone-or-song-query":"Bu ses dosyasını indirip şarkı veya zil sesi olarak yüklemek istiyor musunuz?","ringtone-response":"Zil sesi","song-response":"Şarkı","download-confirmation-title-song":"Şarkı indirilsin mi?","download-confirmation-title-ringtone":"Zil sesi indirilsin mi?","download-confirmation-title-wallpaper":"Duvar kâğıdı indirilsin mi?","downloading-song":"Şarkı indiriliyor…","downloading-ringtone":"Zil sesi indiriliyor…","downloading-wallpaper":"Duvar kâğıdı indiriliyor…","locked-content-advisory":"Bu medya dosyası {{vendor}} tarafından kilitlendiği için başkalarıyla paylaşılamaz veya başka bir aygıta aktarılamaz.","locked-content-advisory-generic":"Bu medya dosyası satıcı tarafından kilitlendiği için başkalarıyla paylaşılamaz veya başka bir aygıta aktarılamaz.","download-confirmation-name":"Ad","download-confirmation-type":"Tür","download-confirmation-size":"Boyut","download-confirmation-vendor":"Sağlayıcı","download-confirmation-description":"Bilgi","download-progress-title":"İndiriliyor","preview-image-title":"Resmi ön izle","preview-audio-title":"Sesi ön izle","byteUnit-B":"bayt","byteUnit-KB":"KB","byteUnit-MB":"MB","byteUnit-GB":"GB"}