{"done":"完成","pick-ringtone":"选择铃声","pick-wallpaper":"选择壁纸","no-installed-ringtones":"未安装锁定时的铃声","no-installed-wallpaper":"未安装锁定时的壁纸","ok":"确定","download-button":"下载","install-button":"安装","cancel-button":"取消","download_error":"下载错误","install_error":"安装错误","err_descriptor_download_failed":"因为服务器出错，下载失败。","err_bad_descriptor":"因为服务器出错，下载失败。","err_too_big":"文件太大，无法下载","err_unsupported_type":"您的手机不支持已购买的此类型媒体。","err_bad_type":"因为服务器出错，下载失败。","err_content_download_failed":"因为服务器出错，下载失败。","err_bad_drm_message":"因为服务器出错，下载失败。","err_bad_image":"已下载的图片无法在此设备上显示。","err_bad_audio":"已下载的文件无法在此设备上播放。","err_no_space":"您的设备上没有足够的存储空间以保存此歌曲。","err_no_sdcard":"由于没有存储卡，无法保存歌曲。","err_sdcard_in_use":"存储卡正在使用因而无法保存歌曲，拔出手机后再尝试下载。","err_ds_save_failure":"保存媒体文件时出错。","err_db_store_failure":"保存媒体文件时出错。","success_song":"已下载并安置歌曲。使用“音乐”应用播放。","success_ringtone":"已下载并安装铃声。","success_wallpaper":"已下载并安装壁纸。","ringtone-or-song-query":"您想将这个音频文件下载安装为歌曲还是铃声？","ringtone-response":"铃声","song-response":"歌曲","download-confirmation-title-song":"下载歌曲？","download-confirmation-title-ringtone":"下载铃声？","download-confirmation-title-wallpaper":"下载壁纸？","downloading-song":"正在下载歌曲…","downloading-ringtone":"正在下载铃声…","downloading-wallpaper":"正在下载壁纸…","locked-content-advisory":"{{vendor}} 已经锁定了这个媒体文件，因而它不能分享给其他人或者传输到新的设备上。","locked-content-advisory-generic":"销售者已经锁定了这个媒体文件，因而它不能分享给其他人或者传输到新的设备上。","download-confirmation-name":"类别","download-confirmation-type":"类型","download-confirmation-size":"大小","download-confirmation-vendor":"厂商","download-confirmation-description":"信息","download-progress-title":"下载中","preview-image-title":"预览图片","preview-audio-title":"预览音频","byteUnit-B":"字节","byteUnit-KB":"kB","byteUnit-MB":"MB","byteUnit-GB":"GB"}