{"brandShortName":"B2G OS","browserBrandShortName":"Уеб браузър","browserBrandFullName":"Mozilla Уеб браузър","ok":"Добре","cancel":"Отказ","done":"Готово","enter-search-or-address":{"placeholder":"Въведете търсене или адрес"},"history":"История","new-tab":"Нов подпр.","open-in-new-tab":"Отвори линка в нов подпрозорец","future":"Бъдеще","today":"Днес","yesterday":"Вчера","last-7-days":"Последните 7 дни","this-month":"Този месец","last-6-months":"Последните 6 месеца","older-than-6-months":"По-стари от 6 месеца","month-0":"Януари","month-1":"Февруари","month-2":"Март","month-3":"Април","month-4":"Май","month-5":"Юни","month-6":"Юли","month-7":"Август","month-8":"Септември","month-9":"Октомври","month-10":"Ноември","month-11":"Декември","browser":"{{browserBrandShortName}}","start-browsing":"Въведете думи за търсене или Уеб адрес, за да започнете да сърфирате.","top-sites-startPage":"Топ сайтове","top-sites-tab":"Топ сайтове","browser-settings":"Настройки","privacy-and-security":"Лични данни и сигурност","clear-browsing-history":"Изчистване на историята на браузъра","confirm-clear-browsing-history":"Да бъде ли изистена историята на браузъра?","clear-cookies-and-stored-data":"Изтриване на бисквитките и запазените данни","confirm-clear-cookies-and-stored-data":"Да бъдат ли изтрити бисквитките и другите данни запазени от сайтове на това устройство?","search-engines":"Търсачки","default-search-engine":"Търсачка по подразбиране","bookmarks":"Отметки","bookmark":"Отметка","unbookmark":"Премахване на отметка","edit-bookmark":"Промяна","edit-bookmark-header":"Промяна на отметка","page-title":"Заглавие на страницата","address":"Адрес","add-to-home-screen":"Добави на началния екран","username":"Потребител","password":"Парола","login":"Влизане","login-to-a-website":"Влизане в уеб сайта","http-authentication-message":"Уеб сайтът {{host}} изисква да въведете потребителско име и парола.","the-username-or-password-is-incorrect":"Грешно потребителско име или парола.","this-is-embarrassing":"Ух, това е неприятно.","not-responding":"Опитахме се да покажем тази уеб страница, но тя не отговаря.","close-tab":"Затваряне","reload-tab":"Презареждане","search-for":"Търси","save-image":"Запазване на изображението","image-saved":"Изображението е запазено в Галерия","error-saving-image":"Грешка при запазването на изображението","save-video":"Запазване на видеото","video-saved":"Видеото е запазено във Видео","error-saving-video":"Грешка при запазването на видеото","save-audio":"Запазване на аудиото","audio-saved":"Аудиото е запазено в Музика","error-saving-audio":"Грешка при запазването на аудиото"}