{"brandShortName":"B2G OS","browserBrandShortName":"Webový prohlížeč","browserBrandFullName":"Webový prohlížeč Mozilla","ok":"OK","cancel":"Zrušit","done":"Dokončit","enter-search-or-address":{"placeholder":"Hledat nebo vložit adresu"},"history":"Historie","new-tab":"Nový panel","open-in-new-tab":"Otevřít odkaz v novém panelu","future":"Budoucnost","today":"Dnes","yesterday":"Včera","last-7-days":"Posledních 7 dnů","this-month":"Tento měsíc","last-6-months":"Posledních 6 měsíců","older-than-6-months":"Starší než 6 měsíců","month-0":"Leden","month-1":"Únor","month-2":"Březen","month-3":"Duben","month-4":"Květen","month-5":"Červen","month-6":"Červenec","month-7":"Srpen","month-8":"Září","month-9":"Říjen","month-10":"Listopad","month-11":"Prosinec","browser":"{{browserBrandShortName}}","start-browsing":"Zadejte hledaný výraz nebo webovou adresu a začněte prohlížet.","top-sites-startPage":"Oblíbené stránky","top-sites-tab":"Oblíbené stránky","browser-settings":"Nastavení","privacy-and-security":"Soukromí a zabezpečení","clear-browsing-history":"Vymazat historii prohlížení","confirm-clear-browsing-history":"Vymazat historii prohlížení?","clear-cookies-and-stored-data":"Vymazat cookies a uložená data","confirm-clear-cookies-and-stored-data":"Vymazat cookies a další data uložená stránkami na tomto zařízení?","search-engines":"Vyhledávací moduly","default-search-engine":"Výchozí vyhledávací modul","bookmarks":"Záložky","bookmark":"Záložka","unbookmark":"Odstranit záložku","edit-bookmark":"Upravit záložku","edit-bookmark-header":"Úprava záložky","page-title":"Název stránky","address":"Adresa","add-to-home-screen":"Přidat na domovskou obrazovku","username":"Uživatelské jméno","password":"Heslo","login":"Příhlásit se","login-to-a-website":"Příhlásit se","http-authentication-message":"Webová stránka {{host}} vyžaduje vaše přihlášení.","the-username-or-password-is-incorrect":"Chybné uživatelské jméno nebo heslo.","this-is-embarrassing":"-Ale toto je trapné.","not-responding":"Snažili jsme se zobrazit tuto stránku, ale neodpovídá.","close-tab":"Zavřít panel","reload-tab":"Obnovit","search-for":"Vyhledat","save-image":"Uložit obrázek","image-saved":"Obrázek uložen do aplikace Galerie","error-saving-image":"Při ukládání obrázku se vyskytla chyba","save-video":"Uložit video","video-saved":"Video bylo uloženo do aplikace Video","error-saving-video":"Při ukládání videa nastala chyba","save-audio":"Uložit audio","audio-saved":"Audio bylo uloženo do aplikace Hudba","error-saving-audio":"Při ukládání audia nastala chyba"}