{"brandShortName":"B2G OS","browserBrandShortName":"Webbrowser","browserBrandFullName":"Mozilla Webbrowser","ok":"OK","cancel":"Annuller","done":"Færdig","enter-search-or-address":{"placeholder":"Søg eller indtast adresse"},"history":"Historik","new-tab":"Nyt faneblad","open-in-new-tab":"Åbn link i nyt faneblad","future":"Fremtid","today":"I dag","yesterday":"I går","last-7-days":"Seneste 7 dage","this-month":"Denne måned","last-6-months":"Seneste 6 måneder","older-than-6-months":"Ældre end 6 måneder","month-0":"Januar","month-1":"Februar","month-2":"Marts","month-3":"April","month-4":"Maj","month-5":"Juni","month-6":"Juli","month-7":"August","month-8":"September","month-9":"Oktober","month-10":"November","month-11":"December","browser":"{{browserBrandShortName}}","start-browsing":"Indtast en søgeterm eller en webadresse for at surfe.","top-sites-startPage":"Topsider","top-sites-tab":"Topsider","browser-settings":"Indstillinger","privacy-and-security":"Privatliv og sikkerhed","clear-browsing-history":"Ryd historik","confirm-clear-browsing-history":"Ryd historik?","clear-cookies-and-stored-data":"Ryd cookies og gemte data","confirm-clear-cookies-and-stored-data":"Ryd cookies og andre data, som websteder har gemt på denne enhed?","search-engines":"Søgetjenester","default-search-engine":"Standardsøgetjeneste","bookmarks":"Bogmærker","bookmark":"Sæt bogmærke","unbookmark":"Fjern bogmærke","edit-bookmark":"Rediger bogmærke","edit-bookmark-header":"Rediger bogmærke","page-title":"Sidetitel","address":"Adresse","add-to-home-screen":"Føj til startskærmen","username":"Brugernavn","password":"Adgangskode","login":"Log ind","login-to-a-website":"Log in på websted","http-authentication-message":"Webstedet {{host}} kræver, at du logger ind.","the-username-or-password-is-incorrect":"Forkert brugernavn eller adgangskode.","this-is-embarrassing":"Se, det her er pinligt.","not-responding":"Vi prøvede at vise denne webside, men den svarer ikke.","close-tab":"Luk faneblad","reload-tab":"Genindlæs","search-for":"Søg efter","save-image":"Gem billede","image-saved":"Billede gemt i app'en Galleri","error-saving-image":"Kunne ikke gemme billede","save-video":"Gem video","video-saved":"Video gemt i app'en Video","error-saving-video":"Kunne ikke gemme video","save-audio":"Gem lyd","audio-saved":"Lyd gemt i app'en Musik","error-saving-audio":"Kunne ikke gemme lyd"}