{"brandShortName":"B2G OS","browserBrandShortName":"Περιηγητής","browserBrandFullName":"Περιηγητής Mozilla","ok":"ΟΚ","cancel":"Ακύρωση","done":"ΟΚ","enter-search-or-address":{"placeholder":"Διεύθυνση ή αναζήτηση"},"history":"Ιστορικό","new-tab":"Νέα καρτέλα","open-in-new-tab":"Άνοιγμα σε νέα καρτέλα","future":"Μέλλον","today":"Σήμερα","yesterday":"Χθες","last-7-days":"Τελευταίες 7 ημέρες","this-month":"Αυτόν τον μήνα","last-6-months":"Τελευταίους 6 μήνες","older-than-6-months":"Παλαιότερα από 6 μήνες","month-0":"Ιανουαρίου","month-1":"Φεβρουαρίου","month-2":"Μαρτίου","month-3":"Απριλίου","month-4":"Μαΐου","month-5":"Ιουνίου","month-6":"Ιουλίου","month-7":"Αυγούστου","month-8":"Σεπτεμβρίου","month-9":"Οκτωβρίου","month-10":"Νοεμβρίου","month-11":"Δεκεμβρίου","browser":"{{browserBrandShortName}}","start-browsing":"Εισάγετε έναν όρο αναζήτησης ή διαδικτυακή διεύθυνση για να περιηγηθείτε.","top-sites-startPage":"Δημοφιλείς σελίδες","top-sites-tab":"Δημοφιλείς","browser-settings":"Ρυθμίσεις","privacy-and-security":"Απόρρητο και ασφάλεια","clear-browsing-history":"Εκκαθάριση ιστορικού περιήγησης","confirm-clear-browsing-history":"Εκκαθάριση ιστορικού περιήγησης;","clear-cookies-and-stored-data":"Διαγραφή των cookies και των αποθηκευμένων δεδομένων","confirm-clear-cookies-and-stored-data":"Να γίνει διαγραφή των cookies και άλλων δεδομένων που αποθηκεύτηκαν από ιστοσελίδες στη συσκευή;","search-engines":"Μηχανές Αναζήτησης","default-search-engine":"Προεπιλεγμένη μηχανή αναζήτησης","bookmarks":"Σελιδοδείκτες","bookmark":"Σελιδοδείκτης","unbookmark":"Αφαίρεση από τους σελιδοδείκτες","edit-bookmark":"Επεξεργασία σελιδοδείκτη","edit-bookmark-header":"Επεξεργασία","page-title":"Τίτλος σελίδας","address":"Διεύθυνση","add-to-home-screen":"Προσθήκη στην αρχική οθόνη","username":"Όνομα χρήστη","password":"Κωδικός πρόσβασης","login":"Σύνδεση","login-to-a-website":"Σύνδεση στην ιστοσελίδα","http-authentication-message":"Η ιστοσελίδα {{host}} ζητάει να συνδεθείτε.","the-username-or-password-is-incorrect":"Το όνομα χρήστη ή ο κωδικός είναι λάθος.","this-is-embarrassing":"Λοιπόν, αυτό είναι ντροπιαστικό.","not-responding":"Προσπαθήσαμε να εμφανίσουμε την ιστοσελίδα αλλά δεν ανταποκρίνεται.","close-tab":"Κλείσιμο","reload-tab":"Ανανέωση","search-for":"Αναζήτηση για","save-image":"Αποθήκευση εικόνας","image-saved":"Η εικόνα αποθηκεύτηκε στα Πολυμέσα","error-saving-image":"Παρουσιάστηκε κάποιο σφάλμα κατά την αποθήκευση της εικόνας","save-video":"Αποθήκευση Βίντεο","video-saved":"Το βίντεο αποθηκεύτηκε στα Βίντεο","error-saving-video":"Παρουσιάστηκε κάποιο σφάλμα κατά την αποθήκευση του βίντεο","save-audio":"Αποθήκευση ήχου","audio-saved":"Ο ήχος αποθηκεύτηκε στη Μουσική","error-saving-audio":"Παρουσιάστηκε κάποιο σφάλμα κατά την αποθήκευση του ήχου"}