{"brandShortName":"B2G OS","browserBrandShortName":"Navegador","browserBrandFullName":"Navegador de Mozilla","ok":"Aceptar","cancel":"Cancelar","done":"Hecho","enter-search-or-address":{"placeholder":"Busque o escriba dirección"},"history":"Historial","new-tab":"Nueva pestaña","open-in-new-tab":"Abrir enlace en una nueva pestaña","future":"Futuro","today":"Hoy","yesterday":"Ayer","last-7-days":"Últimos 7 días","this-month":"Este mes","last-6-months":"Últimos 6 meses","older-than-6-months":"Anterior a 6 meses","month-0":"enero","month-1":"febrero","month-2":"marzo","month-3":"abril","month-4":"mayo","month-5":"junio","month-6":"julio","month-7":"agosto","month-8":"septiembre","month-9":"octubre","month-10":"noviembre","month-11":"diciembre","browser":"{{browserBrandShortName}}","start-browsing":"Escriba un término de búsqueda o una dirección web para comenzar a navegar.","top-sites-startPage":"Sitios destacados","top-sites-tab":"Sitios destacados","browser-settings":"Ajustes","privacy-and-security":"Privacidad y seguridad","clear-browsing-history":"Borrar historial","confirm-clear-browsing-history":"¿Desea borrar el historial de navegación?","clear-cookies-and-stored-data":"Borrar cookies y datos","confirm-clear-cookies-and-stored-data":"¿Desea borrar las cookies y otros datos guardados por los sitios web en este dispositivo?","search-engines":"Buscadores","default-search-engine":"Buscador por defecto","bookmarks":"Marcadores","bookmark":"Agregar marcador","unbookmark":"Eliminar marcador","edit-bookmark":"Editar marcador","edit-bookmark-header":"Editar marcador","page-title":"Título de la página","address":"Dirección","add-to-home-screen":"Agregar a pant. inicio","username":"Usuario/a","password":"Contraseña","login":"Identificarse","login-to-a-website":"Identificarse en sitio web","http-authentication-message":"El sitio web {{host}} requiere que se identifique.","the-username-or-password-is-incorrect":"El nombre de usuario o la contraseña son incorrectos.","this-is-embarrassing":"Bueno, esto es un poco incómodo.","not-responding":"Intentamos mostrar esta página, pero no responde.","close-tab":"Cerrar pestaña","reload-tab":"Recargar","search-for":"Buscar","save-image":"Guardar imagen","image-saved":"Imagen guardada en Galería","error-saving-image":"Error al guardar imagen","save-video":"Guardar vídeo","video-saved":"Vídeo guardado en Vídeo","error-saving-video":"Error al guardar vídeo","save-audio":"Guardar audio","audio-saved":"Audio guardado en Música","error-saving-audio":"Error al guardar audio"}