{"brandShortName":"B2G SEa","browserBrandShortName":"Web nabigatzailea","browserBrandFullName":"Mozilla web nabigatzailea","ok":"Ados","cancel":"Utzi","done":"Eginda","enter-search-or-address":{"placeholder":"Idatzi bilaketa edo helbidea"},"history":"Historia","new-tab":"Fitxa berria","open-in-new-tab":"Ireki lotura fitxa berrian","future":"Etorkizuna","today":"Gaur","yesterday":"Atzo","last-7-days":"Azken 7 egunak","this-month":"Hilabete hau","last-6-months":"Azken 6 hilabeteak","older-than-6-months":"6 hilabete baino zaharragoa","month-0":"urtarrila","month-1":"otsaila","month-2":"martxoa","month-3":"apirila","month-4":"maiatza","month-5":"ekaina","month-6":"uztaila","month-7":"abuztua","month-8":"iraila","month-9":"urria","month-10":"azaroa","month-11":"abendua","browser":"{{browserBrandShortName}}","start-browsing":"Idatzi bilaketa-terminoa edo web helbidea nabigatzen hasteko.","top-sites-startPage":"Erabilienak","top-sites-tab":"Erabilienak","browser-settings":"Ezarpenak","privacy-and-security":"Pribatutasuna eta segurtasuna","clear-browsing-history":"Garbitu nabigatze-historia","confirm-clear-browsing-history":"Nabigatze-historia garbitu?","clear-cookies-and-stored-data":"Garbitu cookie-ak eta gordetako datuak","confirm-clear-cookies-and-stored-data":"Cookie-ak eta guneek gailu honetan gordetako bestelako datuak garbitu?","search-engines":"Bilaketa-motorrak","default-search-engine":"Bilaketa-motor lehenetsia","bookmarks":"Laster-markak","bookmark":"Egin laster-marka","unbookmark":"Kendu laster-marka","edit-bookmark":"Editatu laster-marka","edit-bookmark-header":"Editatu laster-marka","page-title":"Orriaren izenburua","address":"Helbidea","add-to-home-screen":"Gehitu hasierako pantailara","username":"Erabiltzaile-izena","password":"Pasahitza","login":"Hasi saioa","login-to-a-website":"Hasi saioa webgunean","http-authentication-message":"{{host}} webguneak saioa hastea eskatzen du.","the-username-or-password-is-incorrect":"Erabiltzaile-izena edo pasahitza okerra da.","this-is-embarrassing":"Tira, pixka bat lotsagarria da hau.","not-responding":"Web orri hau bistaratzen saiatu gara baina ez du erantzuten.","close-tab":"Itxi fitxa","reload-tab":"Birkargatu","search-for":"Bilatu:","save-image":"Gorde irudia","image-saved":"Irudia galerian gorde da","error-saving-image":"Errorea irudia gordetzean","save-video":"Gorde bideoa","video-saved":"Bideoa bideoetan gorde da","error-saving-video":"Errorea bideoa gordetzean","save-audio":"Gorde audioa","audio-saved":"Audioa musikan gorde da","error-saving-audio":"Errorea audioa gordetzean"}