{"brandShortName":"B2G OS","browserBrandShortName":"Navegador web","browserBrandFullName":"Navegador web de Mozilla","ok":"Aceptar","cancel":"Cancelar","done":"Feito","enter-search-or-address":{"placeholder":"Buscar ou escribir enderezo"},"history":"Historial","new-tab":"Nova lapela","open-in-new-tab":"Abrir a ligazón nunha nova lapela","future":"Futuro","today":"Hoxe","yesterday":"Onte","last-7-days":"Últimos 7 días","this-month":"Este mes","last-6-months":"Últimos 6 meses","older-than-6-months":"Hai máis de 6 meses","month-0":"Xaneiro","month-1":"Febreiro","month-2":"Marzo","month-3":"Abril","month-4":"Maio","month-5":"Xuño","month-6":"Xullo","month-7":"Agosto","month-8":"Setembro","month-9":"Outubro","month-10":"Novembro","month-11":"Decembro","browser":"{{browserBrandShortName}}","start-browsing":"Escriba un termo de busca ou un enderezo web para iniciar a navegación.","top-sites-startPage":"Sitios favoritos","top-sites-tab":"Sitios favoritos","browser-settings":"Axustes","privacy-and-security":"Privacidade e seguranza","clear-browsing-history":"Limpar o historial de navegación","confirm-clear-browsing-history":"Desexa limpar o historial de navegación?","clear-cookies-and-stored-data":"Limpar as cookies e os datos almacenados","confirm-clear-cookies-and-stored-data":"Desexa limpar as cookies e outros datos almacenados polos sitios neste dispositivo?","search-engines":"Buscadores","default-search-engine":"Buscador predeterminado","bookmarks":"Marcadores","bookmark":"Marcador","unbookmark":"Eliminar marcador","edit-bookmark":"Editar marcador","edit-bookmark-header":"Editar marcador","page-title":"Título da páxina","address":"Enderezo","add-to-home-screen":"Engadir á pantalla inicial","username":"Nome de usuario","password":"Contrasinal","login":"Identificarse","login-to-a-website":"Acceder ao sitio web","http-authentication-message":"O sitio web {{host}} require que se identifique.","the-username-or-password-is-incorrect":"O nome de usuario ou contrasinal é incorrecto.","this-is-embarrassing":"Vaia, sentímolo.","not-responding":"Tentouse amosar esta páxina web pero non está respondendo.","close-tab":"Pechar a lapela","reload-tab":"Recargar","search-for":"Buscar por","save-image":"Gardar imaxe","image-saved":"Gardouse a imaxe na Galería","error-saving-image":"Produciuse un erro ao gardar a imaxe","save-video":"Gardar vídeo","video-saved":"Gardouse o vídeo en Vídeo","error-saving-video":"Produciuse un erro ao gardar o vídeo","save-audio":"Gardar son","audio-saved":"Gardouse o son en Música","error-saving-audio":"Produciuse un erro ao gardar o son"}