{"brandShortName":"B2G OS","browserBrandShortName":"웹 브라우저","browserBrandFullName":"Mozilla 웹 브라우저","ok":"확인","cancel":"취소","done":"완료","enter-search-or-address":{"placeholder":"검색어 및 주소 입력"},"history":"방문 기록","new-tab":"새 탭","open-in-new-tab":"새 탭에 링크 열기","future":"미래","today":"오늘","yesterday":"어제","last-7-days":"지난 일주일","this-month":"이번 달","last-6-months":"지난 6개월전","older-than-6-months":"6개월 이전","month-0":"1월","month-1":"2월","month-2":"3월","month-3":"4월","month-4":"5월","month-5":"6월","month-6":"7월","month-7":"8월","month-8":"9월","month-9":"10월","month-10":"11월","month-11":"12월","browser":"{{browserBrandShortName}}","start-browsing":"검색어나 웹 주소를 입력하면 시작됩니다.","top-sites-startPage":"자주 방문한 사이트","top-sites-tab":"방문순","browser-settings":"설정","privacy-and-security":"개인 정보 및 보안","clear-browsing-history":"방문 기록 삭제","confirm-clear-browsing-history":"방문 기록을 삭제하시겠습니까?","clear-cookies-and-stored-data":"쿠키와 저장된 데이터 삭제","confirm-clear-cookies-and-stored-data":"사이트에서 저장한 쿠키와 기타 데이터를 모두 삭제하시겠습니까?","search-engines":"검색 엔진","default-search-engine":"기본 검색 엔진","bookmarks":"북마크","bookmark":"북마크","unbookmark":"북마크 제거","edit-bookmark":"북마크 편집","edit-bookmark-header":"북마크 편집","page-title":"페이지 제목","address":"주소","add-to-home-screen":"홈 화면에 추가","username":"사용자명","password":"암호","login":"로그인","login-to-a-website":"웹사이트에 로그인","http-authentication-message":"웹사이트 {{host}}에서 로그인을 요구합니다.","the-username-or-password-is-incorrect":"사용자명이나 암호가 잘못되었습니다.","this-is-embarrassing":"이것 참, 말씀드리기가...","not-responding":"웹페이지를 보여드리고 싶지만 응답을 하질 않네요.","close-tab":"탭 닫기","reload-tab":"새로 고침","search-for":"검색","save-image":"이미지 저장 ","image-saved":"이미지 갤러리 저장 완료","error-saving-image":"이미지 저장 오류","save-video":"동영상 저장 ","video-saved":"동영상 저장 완료","error-saving-video":"동영상 저장 오류","save-audio":"음성 저장 ","audio-saved":"음성 저장 완료","error-saving-audio":"음성 저장 오류"}