{"brandShortName":"B2G OS","browserBrandShortName":"Pelayar Web","browserBrandFullName":"Pelayar Web Mozilla","ok":"OK","cancel":"Batal","done":"Selesai","enter-search-or-address":{"placeholder":"Cari atau masukkan alamat"},"history":"Sejarah","new-tab":"Tab Baru","open-in-new-tab":"Buka pautan di tab baru","future":"Masa Hadapan","today":"Hari ini","yesterday":"Semalam","last-7-days":"7 hari lalu","this-month":"Bulan Ini","last-6-months":"6 bulan lepas","older-than-6-months":"Lebih dari 6 bulan","month-0":"Januari","month-1":"Februari","month-2":"Mac","month-3":"April","month-4":"Mei","month-5":"Jun","month-6":"Julai","month-7":"Ogos","month-8":"September","month-9":"Oktober","month-10":"November","month-11":"Disember","browser":"{{browserBrandShortName}}","start-browsing":"Masukkan terma carian atau alamat Web untuk memulakan pelayaran.","top-sites-startPage":"Laman popular","top-sites-tab":"Laman popular","browser-settings":"Tetapan","privacy-and-security":"Privasi & Keselamatan","clear-browsing-history":"Lapangkan sejarah pelayaran","confirm-clear-browsing-history":"Lapangkan sejarah pelayaran?","clear-cookies-and-stored-data":"Lapangkan kuki dan data tersimpan","confirm-clear-cookies-and-stored-data":"Lapangkan kuki dan data lain yang disimpan oleh laman pada peranti ini?","search-engines":"Enjin Carian","default-search-engine":"Enjin carian lalai","bookmarks":"Penanda buku","bookmark":"Penanda buku","unbookmark":"Batal menanda buku","edit-bookmark":"Sunting penanda buku","edit-bookmark-header":"Sunting penanda buku","page-title":"Tajuk laman","address":"Alamat","add-to-home-screen":"Menambah kepada skrin utama","username":"Nama pengguna","password":"Kata laluan","login":"Daftar masuk","login-to-a-website":"Mendaftar masuk laman web","http-authentication-message":"Laman web {{host}} memerlukan anda mendaftar masuk.","the-username-or-password-is-incorrect":"Nama pengguna dan kata laluan tidak betul.","this-is-embarrassing":"Oh tidak, ini agak memalukan.","not-responding":"Kami telah cuba untuk memaparkan laman Web ini, namun tiada balasan.","close-tab":"Tutup tab","reload-tab":"Ulang muat","search-for":"Carian untuk","save-image":"Simpan Imej","image-saved":"Imej disimpan pada Galeri","error-saving-image":"Ralat menyimpan imej","save-video":"Simpan Video","video-saved":"Video disimpan pada Video","error-saving-video":"Ralat menyimpan video","save-audio":"Simpan Audio","audio-saved":"Audio disimpan pada Muzik","error-saving-audio":"Ralat menyimpan audio"}