{"brandShortName":"बिटुजि अोएस","browserBrandShortName":"वेब ब्राउजर","browserBrandFullName":"मोजिल्ला वेब ब्राउजर","ok":"ठीक छ","cancel":"रद्द गर्नुहोस्","done":"सकियो","enter-search-or-address":{"placeholder":"खोजी वा ठेगाना राखनुहोस्।"},"history":"इतिहास","new-tab":"नयाँ ट्याब","open-in-new-tab":"नयाँ ट्याबमा लिङ्क खोल्नुहोस्","future":"भविष्य","today":"आज","yesterday":"हिजो","last-7-days":"अन्तिम ७ दिनहरु","this-month":"यो महिना","last-6-months":"अन्तिम ६ महिनाहरु","older-than-6-months":"६ महिना भन्दा पुरानो","month-0":"जनवरी","month-1":"फेब्रुअरी","month-2":"मार्च","month-3":"अप्रिल","month-4":"मे","month-5":"जुन","month-6":"जुलाई","month-7":"अगस्ट","month-8":"सेप्टेम्बर","month-9":"अक्टोबर","month-10":"नोभेम्बर","month-11":"डिसेम्बर","browser":"{{browserBrandShortName}}","start-browsing":"ब्राउजीङ्ग सुरु गर्नकालागि खोजीको टर्म वा वेब ठेगाना प्रविष्ट गर्नुहोस्।","top-sites-startPage":"शिर्ष साइटहरु","top-sites-tab":"शिर्ष साइटहरु","browser-settings":"सेटिङहरू","privacy-and-security":"गोपनीयता र सुरक्षा","clear-browsing-history":"ब्राउजिङ इतिहास खाली गर्नुहोस्","confirm-clear-browsing-history":"ब्राउजिङ इतिहास खाली गर्नुहुन्छ ?","clear-cookies-and-stored-data":"कुकिज र सङ्ग्रहित डाटा खाली पर्नुहोस्","confirm-clear-cookies-and-stored-data":"यो यन्त्रमा साइटहरुले सङ्ग्रह गरेका कुकिज र अरु डाटाहरु खाली पार्नुहुन्छ?","search-engines":"सर्च ईन्जिनहरू","default-search-engine":"यथावत खोजी संयन्त्र","bookmarks":"पुस्तकचिन्हहरु","bookmark":"पुस्तकचिन्ह","unbookmark":"पुस्तकचिनो हटाउनुहोस्","edit-bookmark":"पुस्तकचिनो सम्पादन गर्नुहोस्","edit-bookmark-header":"पुस्तकचिनो सम्पादन गर्नुहोस्","page-title":"पृष्ठ शीर्षक","address":"ठेगाना","add-to-home-screen":"गृह पर्दामा थप्नुहोस्","username":"प्रयोगकर्ता नाम","password":"पासवर्ड","login":"साईनईन","login-to-a-website":"वेबसाइटमा साइनइन गर्नुहोस्","http-authentication-message":"{{host}} वेबसाइटमा तपाईले साइन इन गर्न अावश्यक छ।","the-username-or-password-is-incorrect":"प्रयोगकर्ता नाम र पासवर्ड गलत छ।","this-is-embarrassing":"यो लज्जाजनक छ।","not-responding":"यो वेबपेज देखाउन प्रयास गरियो, तर कुनै प्रतिक्रिया दिइरहेको छैन।","close-tab":"ट्याब बन्द गर्नुहोस्","reload-tab":"पुन: लोड गर्नुहोस्","search-for":"यसको खोजी गर्नुहोस्","save-image":"छवि बचत गर्नुहोस्","image-saved":"तस्विरहरु सङ्ग्राहलयमा बचत गरियो","error-saving-image":"तस्विर बचत गर्दा त्रुटि भयो","save-video":"भिडियो बचत गर्नुहोस्","video-saved":"भिडियो भिडियोमा बचत गरियो","error-saving-video":"भिडियो बचत गर्दा त्रुटि भयो","save-audio":"ध्वनि बचत गर्नुहोस्","audio-saved":"ध्वनि सङ्गितमा बचत गरियो","error-saving-audio":"ध्वनि बचत गर्दा त्रुटि"}