{"brandShortName":"B2G OS","browserBrandShortName":"Navegador da Web","browserBrandFullName":"Navegador da Web Mozilla","ok":"OK","cancel":"Cancelar","done":"Concluído","enter-search-or-address":{"placeholder":"Forneça um endereço ou pesquisa"},"history":"Histórico","new-tab":"Nova aba","open-in-new-tab":"Abrir em nova aba","future":"Futuro","today":"Hoje","yesterday":"Ontem","last-7-days":"Últimos 7 dias","this-month":"Este mês","last-6-months":"Últimos 6 meses","older-than-6-months":"Há mais de 6 meses","month-0":"Janeiro","month-1":"Fevereiro","month-2":"Março","month-3":"Abril","month-4":"Maio","month-5":"Junho","month-6":"Julho","month-7":"Agosto","month-8":"Setembro","month-9":"Outubro","month-10":"Novembro","month-11":"Dezembro","browser":"{{browserBrandShortName}}","start-browsing":"Forneça um termo de pesquisa ou um endereço para começar a navegar.","top-sites-startPage":"Mais visitados","top-sites-tab":"Mais visitados","browser-settings":"Configurações","privacy-and-security":"Privacidade e segurança","clear-browsing-history":"Limpar dados de navegação","confirm-clear-browsing-history":"Limpar dados de navegação?","clear-cookies-and-stored-data":"Limpar dados armazenados","confirm-clear-cookies-and-stored-data":"Limpar cookies e outros dados armazenados por sites neste aparelho?","search-engines":"Mecanismos de pesquisa","default-search-engine":"Mecanismo de pesquisa padrão","bookmarks":"Favoritos","bookmark":"Adicionar aos favoritos","unbookmark":"Remover dos favoritos","edit-bookmark":"Editar favorito","edit-bookmark-header":"Editar favorito","page-title":"Título da página","address":"Endereço","add-to-home-screen":"Adicionar à tela inicial","username":"Nome de usuário","password":"Senha","login":"Identificar-me","login-to-a-website":"Identificar-me no site","http-authentication-message":"O site {{host}} exige que você se identifique.","the-username-or-password-is-incorrect":"O nome de usuário ou senha está incorreto.","this-is-embarrassing":"Bem, isto é constrangedor.","not-responding":"Nós tentamos exibir essa página, mas ela não está respondendo.","close-tab":"Fechar aba","reload-tab":"Recarregar","search-for":"Pesquisar","save-image":"Salvar imagem","image-saved":"A imagem foi salva na Galeria","error-saving-image":"Erro ao salvar a imagem","save-video":"Salvar vídeo","video-saved":"O vídeo foi salvo nos Vídeos","error-saving-video":"Erro ao salvar o vídeo","save-audio":"Salvar áudio","audio-saved":"O áudio foi salvo nas Músicas","error-saving-audio":"Erro ao salvar o áudio"}