{"brandShortName":"SO B2G","browserBrandShortName":"Navigator web","browserBrandFullName":"Navigator web Mozilla","ok":"Ok","cancel":"Renunță","done":"Gata","enter-search-or-address":{"placeholder":"Caută sau introdu o adresă"},"history":"Istoric","new-tab":"Filă nouă","open-in-new-tab":"Deschide legătura în filă nouă","future":"Viitor","today":"Astăzi","yesterday":"Ieri","last-7-days":"Ultimele 7 zile","this-month":"Luna aceasta","last-6-months":"Ultimele 6 luni","older-than-6-months":"Mai vechi de 6 luni","month-0":"ianuarie","month-1":"februarie","month-2":"martie","month-3":"aprilie","month-4":"mai","month-5":"iunie","month-6":"iulie","month-7":"august","month-8":"septembrie","month-9":"octombrie","month-10":"noiembrie","month-11":"decembrie","browser":"{{browserBrandShortName}}","start-browsing":"Introdu un termen de căutare sau adresă web pentru a începe navigarea.","top-sites-startPage":"Saituri populare","top-sites-tab":"Saituri populare","browser-settings":"Setări","privacy-and-security":"Confidențialitate și securitate","clear-browsing-history":"Curăță istoricul de navigare","confirm-clear-browsing-history":"Cureți istoricul de navigare?","clear-cookies-and-stored-data":"Curăță cookie-urile și datele stocate","confirm-clear-cookies-and-stored-data":"Cureți cookie-urile și alte date stocate de către saituri pe acest dispozitiv?","search-engines":"Motoare de căutare","default-search-engine":"Motorul de căutare implicit","bookmarks":"Semne de carte","bookmark":"Pune semn de carte","unbookmark":"Scoate semnul de carte","edit-bookmark":"Editează semnul","edit-bookmark-header":"Editează semnul","page-title":"Titlu pagină","address":"Adresă","add-to-home-screen":"Adaugă pe ecran","username":"Utilizator","password":"Parolă","login":"Autentificare","login-to-a-website":"Autentifică-te la un sait","http-authentication-message":"Saitul {{host}} îți solicită să te autentifici.","the-username-or-password-is-incorrect":"Numele de utilizator sau parola sunt incorecte.","this-is-embarrassing":"Ei, asta e jenant.","not-responding":"Am încercat să afișăm acest sait, însă acesta nu răspunde.","close-tab":"Închide fila","reload-tab":"Reîncarcă","search-for":"Caută după","save-image":"Salvează imaginea","image-saved":"Imagine salvată în Galerie","error-saving-image":"Eroare la salvarea imaginii","save-video":"Salvează videoclipul","video-saved":"Videoclip salvat în Videoclipuri","error-saving-video":"Eroare la salvarea videoclipului","save-audio":"Salvează audio","audio-saved":"Audio salvat în Muzică","error-saving-audio":"Eroare la salvarea audio"}