{"brandShortName":"B2G OS","browserBrandShortName":"Webový prehliadač","browserBrandFullName":"Webový prehliadač Mozilla","ok":"OK","cancel":"Zrušiť","done":"Hotovo","enter-search-or-address":{"placeholder":"Zadajte adresu alebo výraz"},"history":"História","new-tab":"Nová karta","open-in-new-tab":"Otvoriť odkaz na novej karte","future":"Budúcnosť","today":"Dnes","yesterday":"Včera","last-7-days":"Posledných 7 dní","this-month":"Tento mesiac","last-6-months":"Posledných 6 mesiacov","older-than-6-months":"Staršie ako 6 mesiacov","month-0":"Január","month-1":"Február","month-2":"Marec","month-3":"Apríl","month-4":"Máj","month-5":"Jún","month-6":"Júl","month-7":"August","month-8":"September","month-9":"Október","month-10":"November","month-11":"December","browser":"{{browserBrandShortName}}","start-browsing":"Zadajte výraz vyhľadávania alebo adresy webovej stránky.","top-sites-startPage":"Top stránky","top-sites-tab":"Top stránky","browser-settings":"Nastavenia","privacy-and-security":"Súkromie a bezpečnosť","clear-browsing-history":"Vymazať históriu prehliadania","confirm-clear-browsing-history":"Vymazať históriu prehliadania?","clear-cookies-and-stored-data":"Vymazať cookies a uložené údaje","confirm-clear-cookies-and-stored-data":"Vymazať cookies a iné údaje uložené stránkami v tomto zariadení?","search-engines":"Vyhľadávacie moduly","default-search-engine":"Predvolený vyhľadávací modul","bookmarks":"Záložky","bookmark":"Pridať medzi záložky","unbookmark":"Zrušiť zo záložiek","edit-bookmark":"Upraviť záložku","edit-bookmark-header":"Úprava záložky","page-title":"Názov stránky","address":"Adresa","add-to-home-screen":"Pridať na úvodnú obrazovku","username":"Používateľské meno","password":"Heslo","login":"Prihlásiť","login-to-a-website":"Prihlásiť sa k webovej stránke","http-authentication-message":"Webová stránka {{host}} vyžaduje prihlásenie.","the-username-or-password-is-incorrect":"Používateľské meno alebo heslo sú nesprávne.","this-is-embarrassing":"Ospravedlňujeme sa.","not-responding":"Chceli sme zobraziť túto webovú stránku, ale neodpovedá.","close-tab":"Zavrieť kartu","reload-tab":"Znova načítať","search-for":"Hľadať","save-image":"Uložiť obrázok","image-saved":"Obrázok uložený do Galérie","error-saving-image":"Chyba pri ukladaní obrázka","save-video":"Uložiť video","video-saved":"Video uložené do Video galérie","error-saving-video":"Chyba pri ukladaní videa","save-audio":"Uložiť zvuk","audio-saved":"Zvuk uložený medzi Hudbu","error-saving-audio":"Chyba pri ukladaní zvuku"}