{"brandShortName":"B2G OS","browserBrandShortName":"Веб прегледач","browserBrandFullName":"Mozilla веб прегледач","ok":"У реду","cancel":"Откажи","done":"Завршено","enter-search-or-address":{"placeholder":"Појам или адреса "},"history":"Историјат","new-tab":"Нови језичак","open-in-new-tab":"Отвори везу у новом језичку","future":"Будуће","today":"Данас","yesterday":"Јуче","last-7-days":"Последњих 7 дана","this-month":"Овог месеца","last-6-months":"Последњих 6 месеци","older-than-6-months":"Старије од 6 месеци","month-0":"Јануар","month-1":"Фебруар","month-2":"Март","month-3":"Април","month-4":"Мај","month-5":"Јун","month-6":"Јул","month-7":"Август","month-8":"Септембар","month-9":"Октобар","month-10":"Новембар","month-11":"Децембар","browser":"{{browserBrandShortName}}","start-browsing":"Упишите термин за претрагу или адресу да бисте започели сурфовање.","top-sites-startPage":"Најпосећенији сајтови","top-sites-tab":"Омиљени","browser-settings":"Поставке","privacy-and-security":"Приватност и безбедност","clear-browsing-history":"Обриши историјат прегледа","confirm-clear-browsing-history":"Обрисати историјат прегледа?","clear-cookies-and-stored-data":"Обриши колачиће и снимљене податке","confirm-clear-cookies-and-stored-data":"Обрисати колачиће и снимљене податке на овом уређају?","search-engines":"Претраживачи","default-search-engine":"Подразумеван претраживач","bookmarks":"Забелешке","bookmark":"Забелешка","unbookmark":"Уклони забелешку","edit-bookmark":"Измени забелешку","edit-bookmark-header":"Изменa","page-title":"Наслов странице","address":"Адреса","add-to-home-screen":"Додај на почeтни екран","username":"Корисничко име","password":"Лозинка","login":"Пријава","login-to-a-website":"Пријава на веб сајт","http-authentication-message":"Веб сајт {{host}} захтева да се пријавите.","the-username-or-password-is-incorrect":"Неисправно корисничко име или лозинка.","this-is-embarrassing":"Па, ово је непријатно.","not-responding":"Покушали смо да прикажемо веб страницу, али нема одзива.","close-tab":"Затвори језичак","reload-tab":"Поново учитај","search-for":"Тражи","save-image":"Преузми слику","image-saved":"Слика је преузета","error-saving-image":"Грешка при преузимању слике","save-video":"Преузми видео снимак","video-saved":"Видео снимак је преузет","error-saving-video":"Грешка при преузимању видео снимка","save-audio":"Преузми аудио снимак","audio-saved":"Аудио снимак је преузет","error-saving-audio":"Грешка при преузимању аудио снимка"}