{"brandShortName":"B2G OS","browserBrandShortName":"Veb pregledač","browserBrandFullName":"Mozilla veb pregledač","ok":"U redu","cancel":"Otkaži","done":"Završeno","enter-search-or-address":{"placeholder":"Pojam ili adresa "},"history":"Istorijat","new-tab":"Novi jezičak","open-in-new-tab":"Otvori vezu u novom jezičku","future":"Buduće","today":"Danas","yesterday":"Juče","last-7-days":"Poslednjih 7 dana","this-month":"Ovog meseca","last-6-months":"Poslednjih 6 meseci","older-than-6-months":"Starije od 6 meseci","month-0":"Januar","month-1":"Februar","month-2":"Mart","month-3":"April","month-4":"Maj","month-5":"Jun","month-6":"Jul","month-7":"Avgust","month-8":"Septembar","month-9":"Oktobar","month-10":"Novembar","month-11":"Decembar","browser":"{{browserBrandShortName}}","start-browsing":"Upišite termin za pretragu ili adresu da biste započeli surfovanje.","top-sites-startPage":"Najposećeniji sajtovi","top-sites-tab":"Omiljeni","browser-settings":"Postavke","privacy-and-security":"Privatnost i bezbednost","clear-browsing-history":"Obriši istorijat pregleda","confirm-clear-browsing-history":"Obrisati istorijat pregleda?","clear-cookies-and-stored-data":"Obriši kolačiće i snimljene podatke","confirm-clear-cookies-and-stored-data":"Obrisati kolačiće i snimljene podatke na ovom uređaju?","search-engines":"Pretraživači","default-search-engine":"Podrazumevan pretraživač","bookmarks":"Zabeleške","bookmark":"Zabeleška","unbookmark":"Ukloni zabelešku","edit-bookmark":"Izmeni zabelešku","edit-bookmark-header":"Izmena","page-title":"Naslov stranice","address":"Adresa","add-to-home-screen":"Dodaj na početni ekran","username":"Korisničko ime","password":"Lozinka","login":"Prijava","login-to-a-website":"Prijava na veb sajt","http-authentication-message":"Veb sajt {{host}} zahteva da se prijavite.","the-username-or-password-is-incorrect":"Neispravno korisničko ime ili lozinka.","this-is-embarrassing":"Pa, ovo je neprijatno.","not-responding":"Pokušali smo da prikažemo veb stranicu, ali nema odziva.","close-tab":"Zatvori jezičak","reload-tab":"Ponovo učitaj","search-for":"Traži","save-image":"Preuzmi sliku","image-saved":"Slika je preuzeta","error-saving-image":"Greška pri preuzimanju slike","save-video":"Preuzmi video snimak","video-saved":"Video snimak je preuzet","error-saving-video":"Greška pri preuzimanju video snimka","save-audio":"Preuzmi audio snimak","audio-saved":"Audio snimak je preuzet","error-saving-audio":"Greška pri preuzimanju audio snimka"}