{"brandShortName":"B2G OS","browserBrandShortName":"Webbläsare","browserBrandFullName":"Webbläsare Mozilla","ok":"OK","cancel":"Avbryt","done":"Klar","enter-search-or-address":{"placeholder":"Ange sökord eller adress"},"history":"Historik","new-tab":"Ny flik","open-in-new-tab":"Öppna länk i ny flik","future":"Framtid","today":"Idag","yesterday":"Igår","last-7-days":"Senaste 7 dagarna","this-month":"Denna månad","last-6-months":"Senaste 6 månaderna","older-than-6-months":"Äldre än 6 månader","month-0":"Januari","month-1":"Februari","month-2":"Mars","month-3":"April","month-4":"Maj","month-5":"Juni","month-6":"Juli","month-7":"Augusti","month-8":"September","month-9":"Oktober","month-10":"November","month-11":"December","browser":"{{browserBrandShortName}}","start-browsing":"Ange ett sökord eller webbadress för att börja surfa.","top-sites-startPage":"Populära webbplatser","top-sites-tab":"Populära webbplatser","browser-settings":"Inställningar","privacy-and-security":"Integritet & säkerhet","clear-browsing-history":"Rensa webbhistorik","confirm-clear-browsing-history":"Rensa webbhistorik?","clear-cookies-and-stored-data":"Rensa kakor och lagrad data","confirm-clear-cookies-and-stored-data":"Rensa kakor och annan data som lagras av webbplatser på enheten?","search-engines":"Sökmotorer","default-search-engine":"Standardsökmotor","bookmarks":"Bokmärken","bookmark":"Bokmärke","unbookmark":"Ta bort bokmärke","edit-bookmark":"Redigera bokmärke","edit-bookmark-header":"Redigera bokmärke","page-title":"Sidrubrik","address":"Adress","add-to-home-screen":"Lägg till på startskärmen","username":"Användarnamn","password":"Lösenord","login":"Logga in","login-to-a-website":"Logga in på webbplatsen","http-authentication-message":"Webbplatsen {{host}} kräver att du loggar in.","the-username-or-password-is-incorrect":"Användarnamnet eller lösenordet är felaktigt.","this-is-embarrassing":"Nåväl, detta är pinsamt.","not-responding":"Vi försökte att visa webbsidan, med den svarar inte.","close-tab":"Stäng flik","reload-tab":"Ladda om","search-for":"Sök efter","save-image":"Spara bild","image-saved":"Bild sparad i Galleri","error-saving-image":"Fel vid sparande av bild","save-video":"Spara video","video-saved":"Video sparad till Video","error-saving-video":"Fel vid sparande av video","save-audio":"Spara ljud","audio-saved":"Ljud sparad till Musik","error-saving-audio":"Fel vid sparande av ljud"}