{"brandShortName":"B2G OS","browserBrandShortName":"Web Tarayıcısı","browserBrandFullName":"Mozilla Web Tarayıcısı","ok":"Tamam","cancel":"İptal","done":"Bitti","enter-search-or-address":{"placeholder":"Arama yap veya adres gir"},"history":"Geçmiş","new-tab":"Yeni sekme","open-in-new-tab":"Bağlantıyı yeni sekmede aç","future":"Gelecek","today":"Bugün","yesterday":"Dün","last-7-days":"Son 7 gün","this-month":"Bu ay","last-6-months":"Son 6 ay","older-than-6-months":"6 aydan daha eski","month-0":"Ocak","month-1":"Şubat","month-2":"Mart","month-3":"Nisan","month-4":"Mayıs","month-5":"Haziran","month-6":"Temmuz","month-7":"Ağustos","month-8":"Eylül","month-9":"Ekim","month-10":"Kasım","month-11":"Aralık","browser":"{{browserBrandShortName}}","start-browsing":"Gezinmeye başlamak için bir arama terimi veya web adresi girin.","top-sites-startPage":"Popüler siteler","top-sites-tab":"Popüler siteler","browser-settings":"Ayarlar","privacy-and-security":"Gizlilik ve Güvenlik","clear-browsing-history":"Tarama geçmişini temizle","confirm-clear-browsing-history":"Tarama geçmişi temizlensin mi?","clear-cookies-and-stored-data":"Çerezleri ve depolanan verileri temizle","confirm-clear-cookies-and-stored-data":"Siteler tarafından bu aygıtta depolanan çerezler ve diğer veriler silinsin mi?","search-engines":"Arama motorları","default-search-engine":"Varsayılan arama motoru","bookmarks":"Yer imleri","bookmark":"Yer imi","unbookmark":"Yer imini kaldır","edit-bookmark":"Yer imini düzenle","edit-bookmark-header":"Yer imini düzenle","page-title":"Sayfa başlığı","address":"Adres","add-to-home-screen":"Ana ekrana ekle","username":"Kullanıcı adı","password":"Parola","login":"Oturum aç","login-to-a-website":"Web sitesinde oturum aç","http-authentication-message":"{{host}} web sitesi oturum açmanızı gerektiriyor.","the-username-or-password-is-incorrect":"Kullanıcı adı veya parola yanlış.","this-is-embarrassing":"Üzgünüz ama...","not-responding":"Bu web sayfasını görüntülemeyi denedik ama sayfa yanıt vermedi.","close-tab":"Sekmeyi kapat","reload-tab":"Tazele","search-for":"Ara","save-image":"Resmi kaydet","image-saved":"Resim Galeri'ye kaydedildi","error-saving-image":"Resim kaydedilirken hata oluştu","save-video":"Videoyu kaydet","video-saved":"Video kaydedildi","error-saving-video":"Video kaydedilirken hata oluştu","save-audio":"Sesi kaydet","audio-saved":"Ses, Müzik uygulamasına kaydedildi","error-saving-audio":"Ses kaydetme hatası"}