{"brandShortName":"B2G OS","browserBrandShortName":"网络浏览器","browserBrandFullName":"Mozilla 网络浏览器","ok":"确定","cancel":"取消","done":"完成","enter-search-or-address":{"placeholder":"输入搜索或地址"},"history":"历史记录","new-tab":"新标签页","open-in-new-tab":"在新标签页中打开链接","future":"未来","today":"今天","yesterday":"昨天","last-7-days":"最近 7 天","this-month":"本月","last-6-months":"最近 6 个月","older-than-6-months":"早于 6 个月","month-0":"一月","month-1":"二月","month-2":"三月","month-3":"四月","month-4":"五月","month-5":"六月","month-6":"七月","month-7":"八月","month-8":"九月","month-9":"十月","month-10":"十一月","month-11":"十二月","browser":"{{browserBrandShortName}}","start-browsing":"输入搜索字词或网址开始浏览。","top-sites-startPage":"常用网站","top-sites-tab":"常用网站","browser-settings":"设置","privacy-and-security":"隐私与安全","clear-browsing-history":"清除浏览历史记录","confirm-clear-browsing-history":"清除浏览历史记录?","clear-cookies-and-stored-data":"清除 Cookie 和存储的数据","confirm-clear-cookies-and-stored-data":"要清除此设备上由网站存储的 Cookie 和其他数据吗？","search-engines":"搜索引擎","default-search-engine":"默认搜索引擎","bookmarks":"书签","bookmark":"书签","unbookmark":"删除书签","edit-bookmark":"编辑书签","edit-bookmark-header":"编辑书签","page-title":"页面标题","address":"地址","add-to-home-screen":"添加到主屏幕","username":"用户名","password":"密码","login":"登录","login-to-a-website":"登录到网站","http-authentication-message":"网站“{{host}}”要求您登录。","the-username-or-password-is-incorrect":"用户名或密码错误。","this-is-embarrassing":"啊呀，出了点意外。","not-responding":"我们尝试显示该网页但它没有响应。","close-tab":"关闭标签页","reload-tab":"重新载入","search-for":"搜索","save-image":"保存图像","image-saved":"图像已保存到相册","error-saving-image":"保存图像时出错","save-video":"保存视频","video-saved":"视频已保存到视频","error-saving-video":"保存视频时出错","save-audio":"保存音频","audio-saved":"音频已保存到音乐","error-saving-audio":"保存音频时出错"}