{"brandShortName":"B2G OS","browserBrandShortName":"Уеб браузър","browserBrandFullName":"Mozilla Уеб браузър","back":"Назад","noSimMsg":"За да внесете контакти, сложете или отключете SIM картата","noMemoryCardMsg":"За да внесете контакти, сложете карта памет","importMemoryCard":"Карта памет","noConnection11":"За да внесете Facebook приятели или контакти, свържете се към безжична мрежа или мрежа за данни.","pincode2":"Въведете PIN код","type_pin":"PIN код","pincodeLabel":"SIM {{n}} PIN","pinValidation":"PIN кодът трябва да е между 4 и 8 символа.","pinError":"PIN кодът е грешен.","pinAttemptMsg2":{"_index":["plural","n"],"_":{"one":"Имате един опит да въведете правилен код, преди да заключите SIM картата.","two":"Имате {{n}} опита да въведете правилен код, преди да заключите SIM картата.","few":"Имате {{n}} опита да въведете правилен код, преди да заключите SIM картата.","many":"Имате {{n}} опита да въведете правилен код, преди да заключите SIM картата.","other":"Имате {{n}} опита да въведете правилен код, преди да заключите SIM картата."}},"pinLastChanceMsg":"Това е последният опит да въведете правилен PIN код. След това трябва да въведете PUK кода, за да използвате SIM картата.","pukcode":"Въведете PUK код","pukcodeTitle":"Въведете SIM {{n}} PUK","pukcodeLabel":"SIM {{n}} PUK","type_puk":"PUK код","pukValidation":"PUK кодът трябва да е точно 8 символа.","pukInfo":"Трябва да въведете Personal Unlocking Key (PUK) код за SIM картата. Прегледайте документацията към Вашата SIM карта или се свържете с оператор, за повече информация.","pukError":"PUK кодът е грешен.","pukAttemptMsg2":{"_index":["plural","n"],"_":{"one":"Имате един опит да въведете правилен код, преди тази SIM карта да стане неизползваема. Прегледайте документацията към Вашата SIM карта или се свържете с оператор, за повече информация.","two":"Имате {{n}} опита да въведете правилен код, преди тази SIM карта да стане неизползваема. Прегледайте документацията към Вашата SIM карта или се свържете с оператор, за повече информация.","few":"Имате {{n}} опита да въведете правилен код, преди тази SIM карта да стане неизползваема. Прегледайте документацията към Вашата SIM карта или се свържете с оператор, за повече информация.","many":"Имате {{n}} опита да въведете правилен код, преди тази SIM карта да стане неизползваема. Прегледайте документацията към Вашата SIM карта или се свържете с оператор, за повече информация.","other":"Имате {{n}} опита да въведете правилен код, преди тази SIM карта да стане неизползваема. Прегледайте документацията към Вашата SIM карта или се свържете с оператор, за повече информация."}},"pukLastChanceMsg":"Това е последният опит да въведете правилен PUK код. Вашата SIM карта ще стане неизползваема, ако вкарате грешен PUK код.","create_newpin":"Създаване на нов PIN (4 до 8 цифри)","confirm_newpin":"Потвърждаване на новия PIN","newpinConfirmation":"PIN кодовете са различни","nckcode":"Въведете NCK код","cckcode":"Въведете CCK код","spckcode":"Въведете SPCK код","nck1code":"Enter NCK1 code","nck2code":"Enter NCK2 code","hnckcode":"Enter HNCK code","rcckcode":"Enter RCCK code","rspckcode":"Enter RSPCK code","nckcodeTitle":"Въведете SIM {{n}} NCK","cckcodeTitle":"Въведете SIM {{n}} CCK","spckcodeTitle":"Въведете SIM {{n}} SPCK","nck1codeTitle":"Enter SIM {{n}} NCK1","nck2codeTitle":"Enter SIM {{n}} NCK2","hnckcodeTitle":"Enter SIM {{n}} HNCK","rcckcodeTitle":"Enter SIM {{n}} RCCK","rspckcodeTitle":"Enter SIM {{n}} RSPCK","nckcodeLabel":"SIM {{n}} NCK","cckcodeLabel":"SIM {{n}} CCK","spckcodeLabel":"SIM {{n}} SPCK","nck1codeLabel":"SIM {{n}} NCK1","nck2codeLabel":"SIM {{n}} NCK2","hnckcodeLabel":"SIM {{n}} HNCK","rcckcodeLabel":"SIM {{n}} RCCK","rspckcodeLabel":"SIM {{n}} RSPCK","type_nck":"Въведете NCK код","type_cck":"Въведете CCK код","type_spck":"Въведете SPCK код","type_nck1":"Type your NCK1 code","type_nck2":"Type your NCK2 code","type_hnck":"Type your HNCK code","type_rcck":"Type your RCCK code","type_rspck":"Type your RSPCK code","nckValidation":"NCK трябва да е между 8 и 16 символа.","cckValidation":"CCK трябва да е между 8 и 16 символа.","spckValidation":"SPCK трябва да е между 8 и 16 символа.","nck1Validation":"NCK1 must have between 8 and 16 characters.","nck2Validation":"NCK2 must have between 8 and 16 characters.","hnckValidation":"HNCK must have between 8 and 16 characters.","rcckValidation":"RCCK must have between 8 and 16 characters.","rspckValidation":"RSPCK must have between 8 and 16 characters.","nckErrorMsg":"NCK кодът е грешен.","nckAttemptMsg2":{"_index":["plural","n"],"_":{"one":"Запитването за мрежово обезличаване е неуспешно. Имате един опит да вкарате правилен код. Прегледайте документацията към Вашето устройство или се свържете с оператор, за повече информация.","two":"Запитването за мрежово обезличаване е неуспешно. Имате {{n}} опита да вкарате правилен код. Прегледайте документацията към Вашето устройство или се свържете с оператор, за повече информация.","few":"Запитването за мрежово обезличаване е неуспешно. Имате {{n}} опита да вкарате правилен код. Прегледайте документацията към Вашето устройство или се свържете с оператор, за повече информация.","many":"Запитването за мрежово обезличаване е неуспешно. Имате {{n}} опита да вкарате правилен код. Прегледайте документацията към Вашето устройство или се свържете с оператор, за повече информация.","other":"Запитването за мрежово обезличаване е неуспешно. Имате {{n}} опита да вкарате правилен код. Прегледайте документацията към Вашето устройство или се свържете с оператор, за повече информация."}},"nckLastChanceMsg":"Запитването за мрежово обезличаване е неуспешно. Последен опит да вкарате правилен NCK код. Прегледайте документацията към Вашето устройство или се свържете с оператор, за повече информация.","skip":"Пропускане","send":"Изпращане","ok":"Добре","simLocked":"SIM картата е заключена","inputCodeRetriesLeft":{"_index":["plural","n"],"_":{"one":"последен опит.","two":"остават {{n}} опита.","few":"остават {{n}} опита.","many":"остават {{n}} опита.","other":"остават {{n}} опита."}},"simManager":"SIM Мениджър","simDetail":"SIM {{n}}","simDefault":"(по подразбиране)","simDefaultMessage":"Изходящи обаждания, съобщения и връзки за данни са настроени по подразбиране на SIM 1","simSettingsMessage":"Можете да промените настройките по подразбиране в Настройки > Мениджър на SIM карти","simPinLocked":"Заключен SIM PIN","noOperator":"Липсва оператор","language":"Език","english":"Английски","dvorak":"Английски (Dvorak)","spanish":"Испански","portuguese":"Португалски","french":"Френски","italian":"Италиански","arabic":"Арабски","greek":"Гръцки език","hebrew":"Иврит","jp-kanji":"Японски","jp-kanji-desc":"Kanji","traditionalChinese":"Традиционен китайски","traditionalChinese-desc":"Zhuyin","simplifiedChinese":"Опростен китайски","simplifiedChinese-desc":"Pinyin","3g":"Мобилни данни","dataConnection":"Разрешаване на данни","dataConnectionInfo":"Разрешаването на мобилна свързаност за данни сега, ще Ви позволи да настроите телефона си, без Wi-Fi свързаност. Можете да я включите и по-късно от Настройки. Само бъдете сигурни, че имате план за данни към оператор, за да избегнете високи сметки.","caution":"Внимание","geolocation":"Геолокация","geolocationCheckbox":"Включи геолокация","geolocationInfo2":"Firefox OS използва данни като GPS, Wi-Fi и близки мобилни мрежи, за да определи приблизителното Ви местоположение.","geolocationInfoMore":"Изпращат се данни до Mozilla и други доставчици на услуги, за да се подобрят тези бази данни. Може да бъдат запазени данни на устройството и събирането им може да се осъществява дори когато няма стартирани приложения.","notice":"Предупреждение","aboutYourPrivacy":"Повече за личните Ви данни","wifi":"Wi-Fi","scanningNetworks":"Търсене на мрежи","selectNetwork":"Wi-Fi мрежа","shortStatus-connecting":"Свързване…","shortStatus-associated":"Получаване на IP адрес…","shortStatus-connected":"Свързана","shortStatus-connectingfailed":"Неуспешно свързване","shortStatus-disconnected":"Офлайн","securedBy":"обезпечен с {{capabilities}}","security":"Сигурност","securityNone":"Липсва","securityWEP":"WEP","securityWPA-PSK":"WPA-PSK","securityWPA-EAP":"WPA-EAP","securityOpen":"Отворена","identity":"Потребител","identityInput":{"placeholder":"Потребител"},"password":"Парола","passwordInput":{"placeholder":"Парола"},"showPassword":"Показване на паролата","refresh":"Обновяване","noWifiFound3":"Не са намерени безжични мрежи","join-hidden-button":"Присъединяване към скрита мрежа","authentication":"Authentication","ssid-name":"SSID Мрежово име","dateAndTime":"Дата и час","setTimeAutomatically":"Автоматично задаване","timezoneMessage":"Часова зона","timezoneTitle":"UTC{{utcOffset}} {{region}}/{{city}}","dateMessage":"Дата","timeMessage":"Час","timeZone":"Часова зона","change":"Промяна","importContacts3":"Внасяне на контакти","importSim2":"SIM карта","importFb2":"Facebook","importOutlook":"Outlook","importGmail":"Gmail","fb-checking":"… проверяване","notImportedYet":"Все още не са внесени","otherAccount":"Други регистрации","mobile":"Мобилен","afterFbImport":"Можете да внасяте и редактирате Facebook приятели по всяко време, от настройките на Контакти","firefox-accounts":"Firefox Accounts","fxa-overview":{"innerHTML":"A Firefox Account lets you use features like Find My Device and apps like the Firefox Marketplace."},"fxa-create-account-or-sign-in":"Create Account or Sign In","fxa-email-sent":"A verification link has been sent to {{email}}","about-your-rights-0":"{{brandShortName}} е изграден върху софтуер с отворен код, от общност от хиляди хора, от цял свят. Има няколко неща, които трябва да знаете:","about-your-rights-1":"{{brandShortName}} е достъпен за Вас, под условията на някои отворени лицензи, включително Mozilla Public License. Устройство използващо {{brandShortName}} може да съдържа и патентован софтуер от трети страни. Всеки код предоставен под отворени лицензи, Ви дава право да променяте кода и да разпространявате своите модифицирани версии, стига да покривате условията на лицензите.","about-your-rights-2":"Не са Ви предоставени никакви права върху търговски марки или лицензи към тях, нито от Фондация Mozilla, нито от други страни, включително {{brandShortName}} името и логото.","about-your-rights-3":"Някои от функциите в {{brandShortName}}, като Crash Reporter, Ви дават възможност да предоставяте данни към Mozilla. Ако изберете да предоставяте данни, давате право на Mozilla ги използва, за да подобри своите продукти, да ги публикува на уеб сайтовете си и да ги разпространява.","about-other":"Друго","SIM_mandatory":"SIM предупреждение","SIM_mandatory_warm":"Моля, сложете SIM карта и рестартирайте телефона.","sharing-performance-data":"Споделяне на данни за производителност","telemetry-sends":"Телеметрия изпраща на Mozilla данни за производителност, хардуер, конфигурации и промени от Вашето {{brandShortName}} устройство. Използваме тези данни, за да подобрим продуктите си.","learn-more-telemetry":{"innerHTML":"Learn more at {{link}}"},"learn-more-information":{"innerHTML":"Learn how Mozilla handles your information at {{link}}"},"welcomeBrowser":"Добре дошли при {{brandShortName}}, безплатната операционна система с отворен код от Mozilla. Нашата мисия е да промотираме отвореност, иновации и възможности, чрез запазването на силата на Уеб във вашите ръце.","learn-more-privacy":{"innerHTML":"Learn how Mozilla handles your information in our {{link}}."},"learn-more-privacy-link":"privacy policy","aboutBrowser":"За {{brandShortName}}","aboutYourPrivacy2":"Вашите лични данни","mozillaCommunity2":"Когато използвате {{brandShortName}}, Вие ставате част от глобална общност и помагате да се изгради по-светло бъдеще за Уеб. Ако искате да научите повече за Mozilla общността, напите други продукти и събития близо до Вас, моля напишете Вашата ел.поща по-долу.","collaborate":"Искам да помогна за подобряването на {{brandShortName}}, като споделям данни за моя телефон.","learnMore":"Научете повече.","emailAddress":{"placeholder":"Електронна поща"},"email-successfully-added":"Ел.поща беше добавена успешно","email-loading":"Запазване на Вашате ел.поща…","browserPrivacyChoices":"{{brandShortName}} Privacy Choices","privacy-b2g":{"_":"{{brandShortName}}","title":"{{brandShortName}}"},"privacy-marketplace":{"_":"Пазар","title":"{{privacy-marketplace}}"},"privacy-e-me":{"_":"everything.me","title":"{{privacy-e-me}}"},"navbar-back":"Назад","navbar-next":"Напред","navbar-join":"Присъединяване","thatsIt":"Това е!","startYourPhone":"Започнете обиколката!","startYourTablet":"Започнете обиколката на таблета!","joinTutorial":"Вижте бърз урок, за новия Ви телефон.","enjoyYourPhone":"Готови сте да се наслаждавате на новия си телефон.","optionsAvailable":"Можете да промените езика, датата, часа и безжичните връзки в настройките.","letsGo":"Да започнем","startTour":"Започване","thatsIt1Tablet-2":"You can always swipe from the bottom edge to enter home screen.","thatsIt2Tablet-2":"Let’s do it!","tutorial-step1-tiny":"Плъзнете от дясно на ляво, за да разгледате Вашите приложения.","tutorial-step2-tiny":"Натиснете и задържете върху икона, за да я изтриете или преместите.","tutorial-step3-tiny":"Натиснете и задържете върху икона, за да я изтриете или преместите.","tutorial-step4-tiny":"Плъзнете надолу, за да достъпите последните известия и настройките.","tutorial-step5-tiny":"Натиснете и задържете върху началния бутон, за да разгледате и затворите последните отворени приложения.","tutorial-step6-tiny":"Swipe from the side of the screen to move back and forth between recent apps.","tutorial-step1-large-2":"Swipe down from top to access recent notifications, credit information and settings.","tutorial-step2-large-2":"Swipe left or right to discover new apps on home screen.","tutorial-step3-large-2":"Tap and hold on an icon to delete or move it.","tutorial-step4-large-2":"Two fingers swipe up from the bottom edge to trigger card view.","offline-dialog-title":"Трябва да сте свързани към Интернет, за да видите страницата.","offline-dialog-text":"Моля, върнете се и се свържете с Интернет. Можете да видите страницата по-късно от Настройки или като въведете {{url}} в браузър.","OK":"Добре","offline-newsletter-dialog-title":"Трябва да сте свързани към Интернет, за да се запишете към бюлетина.","offline-newsletter-dialog-text":"Моля, върнете се и се свържете с Интернет.","invalid-email-dialog-title":"Вашата ел.поща не е валидна","invalid-email-dialog-text":"Моля върнете се и поправете данните.","cancel":"Отказ","weekday-0-long":"Неделя","weekday-1-long":"Понеделник","weekday-2-long":"Вторник","weekday-3-long":"Сряда","weekday-4-long":"Четвъртък","weekday-5-long":"Петък","weekday-6-long":"Събота","weekday-0-short":"Нед","weekday-1-short":"Пон","weekday-2-short":"Вт","weekday-3-short":"Ср","weekday-4-short":"Чет","weekday-5-short":"Пет","weekday-6-short":"Съб","month-0-long":"Януари","month-1-long":"Февруари","month-2-long":"Maрт","month-3-long":"Aприл","month-4-long":"Май","month-5-long":"Юни","month-6-long":"Юли","month-7-long":"Август","month-8-long":"Септември","month-9-long":"Oктомври","month-10-long":"Ноември","month-11-long":"Декември","month-0-genitive":"Януари","month-1-genitive":"Февруари","month-2-genitive":"Maрт","month-3-genitive":"Aприл","month-4-genitive":"Май","month-5-genitive":"Юни","month-6-genitive":"Юли","month-7-genitive":"Август","month-8-genitive":"Септември","month-9-genitive":"Oктомври","month-10-genitive":"Ноември","month-11-genitive":"Декември","month-0-short":"Ян","month-1-short":"Фев","month-2-short":"Мар","month-3-short":"Апр","month-4-short":"Май","month-5-short":"Юни","month-6-short":"Юли","month-7-short":"Авг","month-8-short":"Сеп","month-9-short":"Окт","month-10-short":"Ное","month-11-short":"Дек","minutes-ago-long":{"_index":["plural","value"],"_":{"zero":"в момента","one":"преди минута","two":"преди {{value}} минути","few":"преди {{value}} минути","many":"преди {{value}} минути","other":"преди {{value}} минути"}},"hours-ago-long":{"_index":["plural","value"],"_":{"zero":"в момента","one":"преди час","two":"преди {{value}} часа","few":"преди {{value}} часа","many":"преди {{value}} часа","other":"преди {{value}} часа"}},"days-ago-long":{"_index":["plural","value"],"_":{"zero":"днес","one":"вчера","two":"преди {{value}} дни","few":"преди {{value}} дни","many":"преди {{value}} дни","other":"преди {{value}} дни"}},"weeks-ago-long":{"_index":["plural","value"],"_":{"zero":"тази седмица","one":"миналата седмица","two":"преди {{value}} седмици","few":"преди {{value}} седмици","many":"преди {{value}} седмици","other":"преди {{value}} седмици"}},"months-ago-long":{"_index":["plural","value"],"_":{"zero":"този месец","one":"миналия месец","two":"преди {{value}} месеца","few":"преди {{value}} месеца","many":"преди {{value}} месеца","other":"преди {{value}} месеца"}},"years-ago-long":{"_index":["plural","value"],"_":{"zero":"тази година","one":"миналата година","two":"преди {{value}} години","few":"преди {{value}} години","many":"преди {{value}} години","other":"преди {{value}} години"}},"minutes-until-long":{"_index":["plural","value"],"_":{"zero":"now","one":"in a minute","two":"in {{value}} minutes","few":"in {{value}} minutes","many":"in {{value}} minutes","other":"in {{value}} minutes"}},"hours-until-long":{"_index":["plural","value"],"_":{"zero":"сега","one":"до един час","two":"след {{value}} часа","few":"след {{value}} часа","many":"след {{value}} часа","other":"след {{value}} часа"}},"days-until-long":{"_index":["plural","value"],"_":{"zero":"днес","one":"утре","two":"след {{value}} дни","few":"след {{value}} дни","many":"след {{value}} дни","other":"след {{value}} дни"}},"weeks-until-long":{"_index":["plural","value"],"_":{"zero":"тази седмица","one":"другата седмица","two":"след {{value}} седмици","few":"след {{value}} седмици","many":"след {{value}} седмици","other":"след {{value}} седмици"}},"months-until-long":{"_index":["plural","value"],"_":{"zero":"този месец","one":"другия месец","two":"след {{value}} месеца","few":"след {{value}} месеца","many":"след {{value}} месеца","other":"след {{value}} месеца"}},"years-until-long":{"_index":["plural","value"],"_":{"zero":"тази година","one":"следващата година","two":"след {{value}} години","few":"след {{value}} години","many":"след {{value}} години","other":"след {{value}} години"}},"minutes-ago-short":{"_index":["plural","value"],"_":{"zero":"в момента","other":"преди {{value}}мин."}},"hours-ago-short":{"_index":["plural","value"],"_":{"zero":"в момента","other":"преди {{value}}ч."}},"days-ago-short":{"_index":["plural","value"],"_":{"zero":"днес","other":"преди {{value}}дни"}},"minutes-until-short":{"_index":["plural","value"],"_":{"zero":"сега","other":"след {{value}}мин."}},"hours-until-short":{"_index":["plural","value"],"_":{"zero":"сега","other":"след {{value}}ч."}},"days-until-short":{"_index":["plural","value"],"_":{"zero":"днес","other":"след {{value}}дни"}},"incorrectDate":"(невалидна дата)","dateTimeFormat_%c":"%a, %e %b %Y %H:%M:%S","dateTimeFormat_%x":"%d %m %Y","dateTimeFormat_%X":"%H:%M:%S","shortTimeFormat":"%H:%M","shortDateTimeFormat":"%x %H:%M","weekStartsOnMonday":"1","time_am":"AM","time_pm":"PM","tz-region":"Регион","tz-city":"Град","tzRegion-Africa":"Африка","tzRegion-America":"Америка","tzRegion-Antarctica":"Антарктика","tzRegion-Asia":"Азия","tzRegion-Atlantic":"Атлантически океан","tzRegion-Australia":"Австралия","tzRegion-Europe":"Европа","tzRegion-Indian":"Индийски океан","tzRegion-Pacific":"Тихи океан","close":"Close","import":"Import","update":"Update","fbFriends":"Facebook Friends","live-serviceName":"Outlook","gmail-serviceName":"Gmail","facebook-serviceName":"Facebook Friends","selectAll":"Select all","deselectAll":"Deselect all","viewAll":"View All Facebook Friends","viewRecommend":"View Only Recommended","linkProposal":{"_index":["plural","numFriends"],"_":{"zero":"No matching friends. Showing all","one":"Select the recommended one","two":"Select a recommended one","few":"Select a recommended one","many":"Select a recommended one","other":"Select a recommended one"}},"fbFriendsFound":{"_index":["plural","numFriends"],"_":{"zero":"All your friends are imported","one":"Found one friend to import","two":"Found {{numFriends}} friends to import","few":"Found {{numFriends}} friends to import","many":"Found {{numFriends}} friends to import","other":"Found {{numFriends}} friends to import"}},"facebook":"Facebook","search-contact":{"placeholder":"Search"},"noResults":"No contacts found","done-search":"Done","progressFB3ImportTitle":"Importing friends to Contacts","progressFB":"{{current}}/{{total}}","progressFB3UpdateTitle":"Updating friends in Contacts","message2":"This may take a couple of minutes","messageLinking":"Please hold on. We are linking your friend and your contact.","messageCanceling":"Please hold on. We are canceling the ongoing operation.","error1":"Error {{from}}","error2":"Do you want to retry?","errorProposal":"calculating proposals","errorFriends":"retrieving friends","errorLinking":"linking contact","timeout1":"Exceeded timeout {{from}}","timeout2":"Do you want to retry?","timeoutProposal":"calculating proposals","timeoutFriends":"retrieving friends","timeoutLinking":"linking contacts","wait1":"Please hold on","wait2":"This may take a couple of minutes","waitProposal":"Please hold on. We are calculating a proposal.","waitFriends":"Please hold on. We are connecting to obtain your friend list.","curtainCancel":"Cancel","curtainRetry":"Retry","curtainOK":"OK","connectionLost":"No Internet connection","connectionLostMsg":"Friends’ photos will not be added to your contacts. Continue anyway?","yesOption":"OK","noOption":"Cancel","friendsUpdated":{"_index":["plural","numFriends"],"_":{"zero":"No friends updated","one":"Updated one friend","two":"Updated {{numFriends}} friends","few":"Updated {{numFriends}} friends","many":"Updated {{numFriends}} friends","other":"Updated {{numFriends}} friends"}},"notificationLogin":"Your Facebook session is invalid. Please sign in.","syncError":"There was an error synchronizing your friend’s data","callAirplaneModeMessage":"За да направите обаждане, трябва да деактивирате самолетния режим от настройките.","callAirplaneModeBtnOk":"Добре","callAirplaneModeTitle":"Беше активиран самолетен режим.","numberIsBusyTitle":"Зает номер","numberIsBusyMessage":"Номерът в момента е зает. Моля, опитайте по-късно.","fdnIsActiveTitle":"FDN active","fdnIsActiveMessage":"FDN (Fixed Dialing Numbers) is activated and the following number is not in your FDN list: {{ number }}","voiceMail":"Гласова поща","emergencyNumber":"Номер за спешни случаи","emergencyDialogBodyBadNumber":"За да направите обаждане, телефонът трябва да е свързан към мрежа.","emergencyDialogBodyDeviceNotAccepted":"Мрежата не позволява спешни обаждания.","emergencyDialogBtnOk":"Добре","emergencyDialogTitle":"Липсва мрежова свързаност","invalidNumberToDialTitle":"Невалиден телефонен номер","invalidNumberToDialMessage":"Телефонният номер, на който се обаждате, е невалиден","unableToCallTitle":"Не е възможно да бъде направено обаждане в момента","unableToCallMessage":"Не може да бъде направено обаждане. Ако вече набирате, моля първо затворете.","otherConnectionInUseTitle":"Other connection in use","otherConnectionInUseMessage":"You have an active call on another connection. You can only use one connection at a time.","addNewNumber":"Add new number","addToExistingContact":"Добавяне към съществуващ контакт","all":"Всички","asterisk":{"ariaLabel":"Asterisk"},"callLog":"Обаждания","callLogEdit":{"title":"Edit call log"},"callLogEditDialog":{"ariaLabel":"Edit call log dialog"},"connecting":"Свързване","cf-async":"Асинхронно: {{ async }}\\n","cf-data":"Данни: {{ data }}\\n","cf-error":"Възникна грешка при получаването на статуса на пренасочване на обаждания","cf-fax":"Факс: {{ fax }}\\n","cf-inactive":"Неактивно","cf-packet":"Пакет: {{ packet }}\\n","cf-pad":"PAD: {{ pad }}\\n","cf-sms":"SMS: {{ sms }}\\n","cf-status":"Статус на пренасочване на обаждания\\n","cf-sync":"Синхронно: {{ sync }}\\n","cf-voice":"Глас: {{ voice }}\\n","confirm-deletion":"Изчистване на маркираните обаждания?","contacts":"Контакти","createNewContact":"Създаване на нов контакт","delete":"Delete","dialerAddContact":{"ariaLabel":"Add contact"},"dialerAddContactDialog":{"ariaLabel":"Add Contact Dialog"},"edit-selected":{"_index":["plural","n"],"_":{"one":"{{ n }} маркиран","two":"{{ n }} маркирани","few":"{{ n }} маркирани","many":"{{ n }} маркирани","other":"{{ n }} маркирани"}},"edit":"Редактиране","hashSign":{"ariaLabel":"Hash sign"},"hideKeypad":{"ariaLabel":"Hide keypad"},"ignore":"Игнориране на обаждането","incoming":"Входящи","keypad":{"ariaLabel":"Keypad"},"keypadDelete":{"ariaLabel":"Delete"},"makeCall":{"ariaLabel":"Make call"},"merge":"Обединяване","missed":"Пропуснати","missedCall":"Пропуснато обаждане","missedCallMultiSims":"(SIM {{ n }}) Missed call","mmi-error":"Възникна грешка при изпращането на съобщението","mmi-session-expired":"Сесията е изтекла","mmi-successfully-sent":"Съобщението е изпратено успешно","mute":{"ariaLabel":"Mute"},"newCall":{"ariaLabel":"New call"},"no-logs-msg-1":"Липсват записани обаждания","no-logs-msg-2":"Започнете да комуникирате сега","no-logs-msg-3":"Липсват пропуснати обаждания","phoneNumberInput":{"ariaLabel":"Phone number"},"recents":{"ariaLabel":"Recent calls"},"reply":"Отговаряне","switch-calls":"Смяна на обажданията","today":"Днес","voiceMailKey":{"ariaLabel":"Voicemail"},"withheld-number":"Скрит номер","from-contact":"От {{ contact }}","from-number":"От {{ number }}","from-withheld-number":"От скрит номер","yesterday":"Вчера","sending":"Изпращане…","speakerOption":{"ariaLabel":"Speaker"},"ussd-services":"{{ operator }} услуги","toggleKeypad":{"ariaLabel":"Toggle keypad"},"type-your-response":{"placeholder":"Въвеждане на отговор…"},"clear-all-text":"Изчистване на текста","hide":"Скриване","call":"Обаждане","hold":"Задържане","resume":"Продължаване","sendSms":"Изпращане на съобщение","callEnded":"Обаждането е прекратено","via-sim":"via SIM{{ n }}","sim-number":"SIM{{ n }}","hangup-a11y-button":{"aria-label":"Затваряне"},"pickup-a11y-button":{"aria-label":"Отговаряне"},"unlock-a11y-button":{"aria-label":"Плъзгач"},"settings":"Настройки","delete-n-log?":{"_index":["plural","n"],"_":{"zero":"Няма маркирани","one":"Изтриване на маркирания запис?","two":"Изтриване на {{ n }} записа?","few":"Изтриване на {{ n }} записа?","many":"Изтриване на {{ n }} записа?","other":"Изтриване на {{ n }} записа?"}},"callDurationMinutes":"{{ m }}:{{ s }}","callDurationHours":"{{ h }}:{{ m }}:{{ s}}","suggestionMatches":{"_index":["plural","n"],"_":{"one":"{{ n }} съответствие за \"{{ matchNumber }}\"","two":"{{ n }} съответствия за \"{{ matchNumber }}\"","few":"{{ n }} съответствия за \"{{ matchNumber }}\"","many":"{{ n }} съответствия за \"{{ matchNumber }}\"","other":"{{ n }} съответствия за \"{{ matchNumber }}\""}},"scCallBarring":"Блокиране","scCallForwarding":"Пренасочване","scClip":"Clip","scClir":"Clir","scPwd":"Промяна на парола","scCallWaiting":"Изчакване на обажданията","scPin":"Смяна на PIN","scPin2":"Смяна на PIN2","scPuk":"Отблокиране","scPuk2":"Отблокиране","scImei":"IMEI","scUssd":"USSD","serviceClassVoice":"Глас","serviceClassData":"Данни","serviceClassFax":"FAX","serviceClassSms":"SMS","serviceClassDataSync":"Sync","serviceClassDataAsync":"Async","serviceClassPacket":"Пакет","serviceClassPad":"PAD","smServiceEnabled":"Услугата беше включена","smServiceDisabled":"Услугата беше изключена","smServiceRegistered":"Регистрацията беше успешна","smServiceErased":"Заличаването беше успешно","smServiceInterrogated":"Запитването беше успешно","smServiceNotProvisioned":"Услугата не е провизирана","smClirPermanent":"Не може да смените настройката за caller ID","smClirDefaultOnNextCallOn":"По подразбиране caller ID е ограничен. Следващо обаждане: Ограничен","smClirDefaultOnNextCallOff":"По подразбиране caller ID е ограничен. Следващо обаждане: Не е ограничен","smClirDefaultOffNextCallOn":"По подразбиране caller ID не е ограничен. Следващо обаждане: Ограничен","smClirDefaultOffNextCallOff":"По подразбиране caller ID не е ограничен. Следващо обаждане: Не е ограничен","smServiceEnabledFor":"Услугата е включена за:","smPinChanged":"Успешна смяна на PIN","smPinUnblocked":"Успешно отблокиране на PIN","smPin2Changed":"Успешна смяна на PIN2","smPin2Unblocked":"Успешно отблокиране на PIN2","emMmiError":"Проблем със свързаността или невалиден MMI код","emMmiErrorPasswordIncorrect":"Грешна парола","emMmiErrorNotSupported":"Грешен или неподдържан MMI код","emMmiErrorInvalidAction":"Невалидно действие","emMmiErrorInvalidScCode":"Невалиден сервизен код","emMmiErrorBadPuk":"PUK кодът е невалиден","emMmiErrorBadPin":"Старият PIN код е неправилен","emMmiErrorNeedPuk2":"Въведете PUK2, за да разблокирате SIM картата","emMmiErrorMismatchPin":"PIN кодовете не са еднакви","emMmiErrorInvalidPin":"Въведете PIN код от 4 до 8 цифри","emMmiErrorNeedsPuk":"Вашата SIM карта е със заключен PUK","emMmiErrorEnablePin":"Неуспешно. Включи SIM/RUIM LOCK","emMmiErrorMmiFdn":"Операцията е ограничена само до фиксирани номера","emMmiErrorStkCcUssdDial":"USSD запитването е променено на DIAL запитване","emMmiErrorStkCcUssdSs":"USSD запитването е променено на SS запитване","emMmiErrorStkCcUssdUssd":"USSD запитването е променено на ново USSD запитване","emMmiErrorStkCcSsDial":"SS запитването е променено на DIAL запитване","emMmiErrorStkCcSsUssd":"SS запитването е променено на USSD запитване","emMmiErrorStkCcSsSs":"SS запитването е променено на ново SS запитване","emMmiErrorPinPukAttempts":{"_index":["plural","n"],"_":{"one":"Остава само {{ n }} опит","two":"Остават {{ n }} опита","few":"Остават {{ n }} опита","many":"Остават {{ n }} опита","other":"Остават {{ n }} опита"}},"emMmiErrorSimBlocked":"Максималният брой на опитите е надвишен. SIM е блокиран.","RadioNotAvailable":"Не е налично радио","GenericFailure":"Обща грешка","PasswordIncorrect":"Грешна парола","SimPin2":"SIM PIN2","SimPuk2":"SIM PUK2","RequestNotSupported":"Запитването не е поддържано","OpNotAllowedDuringVoiceCall":"Операцията не е позволена по време на гласово обаждане","SmsSendFailRetry":"SMS изпращане грешка повторение","SimAbsent":"Липсва SIM","SubscriptionNotAvailable":"Не е наличен абонамент","ModeNotSupported":"Режимът не е поддържан","FdnCheckFailure":"Грешка при проверката на Fdn","IllegalSimOrMe":"Невалиден SIM или ME","DialModifiedToUssd":"Набирането е променено на USSD","DialModifiedToSs":"Набирането е променено на SS","DialModifiedToDial":"Набирането е променено на набиране","UssdModifiedToDial":"USSD е променен на набиране","UssdModifiedToSs":"USSD е променен на SS","UssdModifiedToUssd":"USSD е променен на USSD","SsModifiedToDial":"SS е променен на набиране","SsModifiedToUssd":"SS е променен на USSD","SsModifiedToSs":"SS е променен на SS","SubscriptionNotSupported":"Абонамент не е поддържан","InvalidParameter":"Невалиден параметър","RejectedByRemote":"Отказан от отдалечен","group-call":{"_index":["plural","n"],"_":{"one":"Конферентно обаждане ({{ n }})","two":"Конферентно обаждане ({{ n }})","few":"Конферентно обаждане ({{ n }})","many":"Конферентно обаждане ({{ n }})","other":"Конферентно обаждане ({{ n }})"}},"caller-left-call":"{{ caller }} напусна обаждането.","conferenceAddError":"Неуспешно сливане на обажданията","conferenceRemoveError":"Неуспешно разделяне на обажданията","longDateFormat":"%A, %e %B","select-audio-sources":"Select audio sources","bluetooth-handsfree-device":"Bluetooth handsfree device","receiver":"Receiver","speaker":"Speaker","add":"Добавяне","done":"Готово","retry":"Отново","addContact":"Добавяне","deleteContact":"Изтриване на контакт","selectContact":"Избиране на контакт","editContact":"Редактиране","deleteConfirmMsg":"Да бъде ли изтрит контакта?","remove":"Премахване","comments":"Коментари","no_contact_phones":"Липсват телефони","no_contact_email":"Липсва ел.поща","removePhotoConfirm":"Да бъде ли премахната снимката на контакта?","loadingContacts":"Зареждане на контакти…","noContactsActivity":"Няма възможност за добавяне към контакт, тъй като списъкът с контакти е празен","noName":"Липсва име","givenName":{"placeholder":"Име"},"familyName":{"placeholder":"Фамилия"},"tel":{"placeholder":"Телефон"},"carrier":{"_":"Оператор","placeholder":"Оператор"},"separator":",","email":{"_":"Ел.поща","placeholder":"Ел.поща"},"streetAddress":{"placeholder":"Улица"},"postalCode":{"placeholder":"Пощенски код"},"locality":{"placeholder":"Град"},"countryName":{"placeholder":"Държава"},"comment":{"placeholder":"Коментар"},"org":{"placeholder":"Фирма"},"custom":"Етикет по избор","date":{"_":"Date","placeholder":"Date"},"date-span-placeholder":"Date","birthday":"Рожден ден","dateFormat":"%B %e","dateOutput":"{{dayMonthFormatted}} {{year}}","anniversary":"Anniversary","addPhoto":"Добавяне на снимка","addPhone":"Добавяне на телефон","addEmail":"Добавяне на ел.поща","addAddress":"Добавяне на адрес","addDate":"Add Date","addComment":"Добавяне на коментар","addFavorite":"Добавяне като любим","removeFavorite":"Премахване от любими","label":"Етикет","home":"Домашен","work":"Служебен","personal":"Личен","faxHome":"Домашен факс","faxOffice":"Служебен факс","faxOther":"Друг факс","another":"Друг","other":"Other","current":"Current","itemWithLabel":"{{label}}, {{item}}","exit":"Изход","expand":"Разгъване","labelName":"Име:","labelLastName":"Фамилия:","labelPhoneNumber":"Телефон:","labelCarrier":"Оператор:","labelEmail":"Ел.поща:","labelStreet":"Улица:","labelZip":"Пощенски код:","labelCity":"Град:","labelCountry":"Държава:","labelComment":"Коментар:","legendTitleMain":"Основна информация","legendPhones":"Телефонни номера","legendEmail":"Ел.пощи","legendAddress":"Адреси","transferContactsTitle":"Трансфер на контакти","importContactsTitle":"Внасяне на контакти","importContactsButton":"Import Contacts","exportContactsTitle":"Експортиране","exportContactsButton":"Export Contacts","exportContactsAction":"Експортиране","simExport-title":"Експортиране към SIM","sdExport-title":"Експортиране към SD карта","btExport-title":"Експортиране към Bluetooth","sdUMSEnabled":"SD картата не може да бъде използване, тъй като е включено USB хранилището","exportErrorTitle":"Грешка при експорт","contactsExported2":{"_index":["plural","exported"],"_":{"zero":"Не са експортирани контакти","one":"{{exported}}/{{total}} експортирани контакта","two":"{{exported}}/{{total}} експортирани контакта","few":"{{exported}}/{{total}} експортирани контакта","many":"{{exported}}/{{total}} експортирани контакта","other":"{{exported}}/{{total}} експортирани контакта"}},"exportError-general":"Възникна грешка при експорта","exportError-SD-shared":"Картата памет не може да бъде достъпена, тъй като е споделена","exportError-SD-unavailable":"Не е достъпна карта памет","exportError-SD-noSpace":"Няма достатъчно място на картата памет, за да бъдат експортирани контактите","exportError-SIM-unavailable":"Няма налична SIM карта","exportError-BT-shared":"Картата памет не може да бъде достъпена, тъй като е споделена","exportError-BT-unavailable":"Не е достъпна карта памет","exportError-BT-noSpace":"Няма достатъчно място на картата памет, за да бъдат експортирани контактите","simContacts-import":"Внасяне на SIM контакти","simContacts-importing":"Внасяне на SIM контакти…","simContacts-reading":"Четене от SIM картата…","simContacts-error":"Неуспешно внасяне на контакти от SIM","simContacts-imported3":{"_index":["plural","n"],"_":{"zero":"Няма намерени контакти на SIM картата","one":"Внесен един контакт","two":"Внесени {{n}} контакта","few":"Внесени {{n}} контакта","many":"Внесени {{n}} контакта","other":"Внесени {{n}} контакта"}},"noSimMsgExport":"За да експортирате контакти, сложете или отключете SIM картата","simNumber":"SIM {{number}}","memoryCardContacts-import":"Внасяне на контакти от картата памет","memoryCardContacts-importing":"Внасяне на контакти от картата памет…","memoryCardContacts-reading":"Четене от картата памет…","memoryCardContacts-error":"Неуспешно внасяне на контакти от картата памет","memoryCardContacts-imported3":{"_index":["plural","n"],"_":{"zero":"Няма намерени контакти на картата памет","one":"Внесен един контакт","two":"Внесени {{n}} контакта","few":"Внесени {{n}} контакта","many":"Внесени {{n}} контакта","other":"Внесени {{n}} контакта"}},"noMemoryCardMsgExport":"За да експортирате контакти, сложете карта памет","genericProgress":"{{current}}/{{total}}","social-network":"Социални мрежи","social-link":"Свързване на контакт","social-unlink":"Разкачване на контакт","social-unlink-confirm-title":"Искате ли да разкачите Вашия приятел?","social-unlink-confirm-accept":"Разкачване","facebook-import":"Внасяне на Facebook приятели","show-fb-profile":"Разглеждане на Facebook профил","msg-send":"Съобщение","wall-post":"Мнение от стената","facebook-import-msg":{"_index":["plural","imported"],"_":{"zero":"Не бяха внесени приятели (от общо {{total}})","one":"Един внесен приятел (от общо {{total}})","two":"{{imported}}/{{total}} внесени приятели","few":"{{imported}}/{{total}} внесени приятели","many":"{{imported}}/{{total}} внесени приятели","other":"{{imported}}/{{total}} внесени приятели"}},"facebookSwitchMsg":"Синхронизиране","select_mobile":"Избиране на мобилен","select_email":"Избиране на ел.поща","contactsOrderBy":"Подреждане по фамилия","bluetooth":"Bluetooth","fbUpdateFriends":"Обновяване на внесени приятели","cleaningFbData":"Премахване на Facebook данни","loggingOutFb":"Излизане от Facebook","cleanFbConfirmMsg":"Премахване на всички Facebook данни?","renewPwdMsg":"Вашата парола във Facebook е била променена. Моля, обновете я.","notEnabledYet":"Не е включен още.","genericNoConnection":"Свържете се към Wi-Fi или мрежа за данни, за да внесете контакти","simCard":"SIM карта","memoryCard":"Карта памет","create-new":"Създаване на нов контакт.","import-now":"Внасяне на Вашите контакти от SIM карта или Facebook","no-contacts":"Липсват контакти","start-adding":"Започнете да ги добавяте сега","notImported":"Не са внесени","imported":"Внесени","organise-contacts":"Организиране на контакти","find-merge-contacts":"Намиране на дублирани контакти","preparing-contacts":"Подготвяне на контакти","exportError-SIM-NoFreeRecordFound":"SIM картата е пълна","exportError-SIM-CannotAccessPhoneBook":"Списъкът с контакти на SIM картата не може да бъде достъпен","exportError-SIM-Unavailable":"Не е намерена SIM карта","exportError-SIM-GenericError":"Възникна грешка при експорта на контакт","ContactManagementTitle":"Contacts Management","DeleteTitle":"Delete","bulkDeleteButton":"Delete Contacts","BulkDelCancel":"Contacts delete cancelled","DeletedTxt":{"_index":["plural","n"],"_":{"zero":"No Contact to Delete","one":"1 Contact removed","two":"{{n}} Contacts removed","few":"{{n}} Contacts removed","many":"{{n}} Contacts removed","other":"{{n}} Contacts removed"}},"DeletingContacts":"Deleting contacts","ContactConfirmDel":{"_index":["plural","n"],"_":{"zero":"No Contact to Delete","one":"Delete 1 Contact? This cannot be undone.","two":"Delete {{n}} Contacts? This cannot be undone.","few":"Delete {{n}} Contacts? This cannot be undone.","many":"Delete {{n}} Contacts? This cannot be undone.","other":"Delete {{n}} Contacts? This cannot be undone."}},"SelectedTxt":{"_index":["plural","n"],"_":{"zero":"Contacts","one":"{{n}} selected","two":"{{n}} selected","few":"{{n}} selected","many":"{{n}} selected","other":"{{n}} selected"}},"sim-picker-dial-via-with-number":"Dial {{ phoneNumber }} via","sim-picker-select-sim":"Select SIM","sim-picker-button":"SIM{{ n }}","sim-picker-button-default":"(default)","waitDuplicateContacts":"Търсене на дублирани контакти","waitMergingDuplicateContacts":"Обединяване на дублирани контакти","alertNoDuplicateContacts":"Не са намерени дублирани контакти","mergeDuplicateTitle":"Обединяване на дубликати","suggestedDuplicateContacts":"Възможни дублирани контакти за {{name}}","mergeActionButtonLabel":{"_index":["plural","n"],"_":{"zero":"Няма избрани контакти","one":"Обединяване с {{n}} контакт","other":"Обединяване с {{n}} контакта"}},"duplicatesFoundTitle":"Намерени дубликати","duplicatesFoundMessage":"{{name}} дублира информация в следните контакти"}