{"brandShortName":"B2G OS","browserBrandShortName":"Navegador web","browserBrandFullName":"Navegador web de Mozilla","back":"Enrere","noSimMsg":"Inseriu o desbloqueu la targeta SIM per importar els contactes","noMemoryCardMsg":"Per importar contactes, inseriu una targeta de memòria","importMemoryCard":"Targeta de memòria","noConnection11":"Cal una connexió Wi-Fi o de dades per importar els contactes o amistats del Facebook","pincode2":"Introduïu el PIN","type_pin":"Introduïu el codi PIN","pincodeLabel":"PIN de la SIM {{n}}","pinValidation":"El PIN ha de tenir entre 4 i 8 caràcters.","pinError":"El PIN és incorrecte.","pinAttemptMsg2":{"_index":["plural","n"],"_":{"one":"Us queda un intent per introduir el codi correcte abans que es bloquegi la targeta SIM.","two":"Us queden {{n}} intents per introduir el codi correcte abans que es bloquegi la targeta SIM.","few":"Us queden {{n}} intents per introduir el codi correcte abans que es bloquegi la targeta SIM.","many":"Us queden {{n}} intents per introduir el codi correcte abans que es bloquegi la targeta SIM.","other":"Us queden {{n}} intents per introduir el codi correcte abans que es bloquegi la targeta SIM."}},"pinLastChanceMsg":"Aquesta és l'última oportunitat d'introduir el PIN correcte. Si torneu a fallar, haureu d'introduir el codi PUK per utilitzar aquesta targeta SIM.","pukcode":"Introduïu el PUK","pukcodeTitle":"PUK de la SIM {{n}}","pukcodeLabel":"PUK de la SIM {{n}}","type_puk":"Codi PUK","pukValidation":"El codi PUK ha de tenir exactament 8 caràcters.","pukInfo":"Heu d'introduir el número personal de desbloqueig (PUK) de la targeta SIM. Consulteu la documentació de la targeta SIM o contacteu amb el vostre operador per a més informació.","pukError":"El codi PUK és incorrecte.","pukAttemptMsg2":{"_index":["plural","n"],"_":{"one":"Us queda un intent per introduir el codi correcte abans que la targeta SIM quedi inservible permanentment. Consulteu la documentació de la targeta SIM o contacteu amb el vostre operador per a més informació.","two":"Us queden {{n}} intents per introduir el codi correcte abans que la targeta SIM quedi inservible permanentment. Consulteu la documentació de la targeta SIM o contacteu amb el vostre operador per a més informació.","few":"Us queden {{n}} intents per introduir el codi correcte abans que la targeta SIM quedi inservible permanentment. Consulteu la documentació de la targeta SIM o contacteu amb el vostre operador per a més informació.","many":"Us queden {{n}} intents per introduir el codi correcte abans que la targeta SIM quedi inservible permanentment. Consulteu la documentació de la targeta SIM o contacteu amb el vostre operador per a més informació.","other":"Us queden {{n}} intents per introduir el codi correcte abans que la targeta SIM quedi inservible permanentment. Consulteu la documentació de la targeta SIM o contacteu amb el vostre operador per a més informació."}},"pukLastChanceMsg":"Aquesta és l'última oportunitat d'introduir el codi PUK correcte. La targeta SIM quedarà inservible permanentment si introduïu un codi PUK incorrecte.","create_newpin":"Crea un PIN nou (de 4 a 8 dígits)","confirm_newpin":"Confirmeu el PIN nou","newpinConfirmation":"Els PIN no coincideixen","nckcode":"Introduïu el NCK","cckcode":"Introduïu el CCK","spckcode":"Introduïu el SPCK","nck1code":"Enter NCK1 code","nck2code":"Enter NCK2 code","hnckcode":"Enter HNCK code","rcckcode":"Enter RCCK code","rspckcode":"Enter RSPCK code","nckcodeTitle":"NCK de la SIM {{n}}","cckcodeTitle":"CCK de la SIM {{n}}","spckcodeTitle":"SPCK de la SIM {{n}}","nck1codeTitle":"Enter SIM {{n}} NCK1","nck2codeTitle":"Enter SIM {{n}} NCK2","hnckcodeTitle":"Enter SIM {{n}} HNCK","rcckcodeTitle":"Enter SIM {{n}} RCCK","rspckcodeTitle":"Enter SIM {{n}} RSPCK","nckcodeLabel":"NCK de la SIM {{n}}","cckcodeLabel":"CCK de la SIM {{n}}","spckcodeLabel":"SPCK de la SIM {{n}}","nck1codeLabel":"SIM {{n}} NCK1","nck2codeLabel":"SIM {{n}} NCK2","hnckcodeLabel":"SIM {{n}} HNCK","rcckcodeLabel":"SIM {{n}} RCCK","rspckcodeLabel":"SIM {{n}} RSPCK","type_nck":"Introduïu el codi NCK","type_cck":"Introduïu el codi CCK","type_spck":"Introduïu el codi SPCK","type_nck1":"Type your NCK1 code","type_nck2":"Type your NCK2 code","type_hnck":"Type your HNCK code","type_rcck":"Type your RCCK code","type_rspck":"Type your RSPCK code","nckValidation":"El codi NCK ha de tenir entre 8 i 16 caràcters.","cckValidation":"El codi CCK ha de tenir entre 8 i 16 caràcters.","spckValidation":"El codi SPCK ha de tenir entre 8 i 16 caràcters.","nck1Validation":"NCK1 must have between 8 and 16 characters.","nck2Validation":"NCK2 must have between 8 and 16 characters.","hnckValidation":"HNCK must have between 8 and 16 characters.","rcckValidation":"RCCK must have between 8 and 16 characters.","rspckValidation":"RSPCK must have between 8 and 16 characters.","nckErrorMsg":"El codi NCK és incorrecte.","nckAttemptMsg2":{"_index":["plural","n"],"_":{"one":"Ha fallat la sol·licitud de despersonalització de la xarxa. Us queda un intent per introduir el codi correcte. Consulteu la documentació del dispositiu o contacteu amb el vostre operador per a més informació.","two":"Ha fallat la sol·licitud de despersonalització de la xarxa. Us queden {{n}} intents per introduir el codi correcte. Consulteu la documentació del dispositiu o contacteu amb el vostre operador per a més informació.","few":"Ha fallat la sol·licitud de despersonalització de la xarxa. Us queden {{n}} intents per introduir el codi correcte. Consulteu la documentació del dispositiu o contacteu amb el vostre operador per a més informació.","many":"Ha fallat la sol·licitud de despersonalització de la xarxa. Us queden {{n}} intents per introduir el codi correcte. Consulteu la documentació del dispositiu o contacteu amb el vostre operador per a més informació.","other":"Ha fallat la sol·licitud de despersonalització de la xarxa. Us queden {{n}} intents per introduir el codi correcte. Consulteu la documentació del dispositiu o contacteu amb el vostre operador per a més informació."}},"nckLastChanceMsg":"Ha fallat la sol·licitud de despersonalització de la xarxa. Aquesta és l'última oportunitat d'introduir el codi NCK correcte. Consulteu la documentació del dispositiu o contacteu amb el vostre operador per a més informació.","skip":"Omet","send":"Envia","ok":"D'acord","simLocked":"La targeta SIM està bloquejada","inputCodeRetriesLeft":{"_index":["plural","n"],"_":{"one":"Darrer intent.","two":"Queden {{n}} intents.","few":"Queden {{n}} intents.","many":"Queden {{n}} intents.","other":"Queden {{n}} intents."}},"simManager":"Gestor de targetes SIM","simDetail":"SIM {{n}}","simDefault":"(per defecte)","simDefaultMessage":"Per defecte, s'utilitza la SIM 1 per a les trucades de sortida, els missatges de sortida i la connexió de dades","simSettingsMessage":"Podeu canviar els paràmetres per defecte a Paràmetres > Gestor de targetes SIM","simPinLocked":"PIN de la SIM bloquejat","noOperator":"Cap operador","language":"Llengua","english":"Anglès","dvorak":"Anglès (Dvorak)","spanish":"Espanyol","portuguese":"Portuguès (Brasil)","french":"Francès","italian":"Italià","arabic":"Àrab","greek":"Grec","hebrew":"Hebreu","jp-kanji":"Japonès","jp-kanji-desc":"Kanji","traditionalChinese":"Xinès tradicional","traditionalChinese-desc":"Zhuyin","simplifiedChinese":"Xinès simplificat","simplifiedChinese-desc":"Pinyin","3g":"Dades del mòbil","dataConnection":"Activa les dades","dataConnectionInfo":"Activar la connexió de dades us permetrà configurar el vostre telèfon sense una connexió Wi-Fi. Podeu activar-la més endavant des dels Paràmetres. En tot cas, assegureu-vos que teniu un pla de dades amb el vostre operador per evitar cap despesa addicional.","caution":"Avís","geolocation":"Geolocalització","geolocationCheckbox":"Activa geolocalització","geolocationInfo2":"El {{brandShortName}} utilitza dades del GPS i de les xarxes Wi-Fi i mòbils properes per ajudar a determinar la vostra ubicació aproximada.","geolocationInfoMore":"Les dades s'envien a Mozilla i a altres proveïdors de serveis i s'utilitzen a l'engròs per millorar la precisió de les bases de dades d'ubicacions. Les dades s'emmagatzemen en el vostre dispositiu i poden recollir-se fins i tot quan no s'executi cap aplicació.","notice":"Avís","aboutYourPrivacy":"Més informació sobre la privadesa","wifi":"Wi-Fi","scanningNetworks":"S'estan cercant xarxes","selectNetwork":"Trieu una xarxa","shortStatus-connecting":"S'està connectant…","shortStatus-associated":"S'està obtenint una adreça IP…","shortStatus-connected":"Connectada","shortStatus-connectingfailed":"Ha fallat la connexió","shortStatus-disconnected":"Sense connexió","securedBy":"protegida per {{capabilities}}","security":"Seguretat","securityNone":"Cap","securityWEP":"WEP","securityWPA-PSK":"WPA-PSK","securityWPA-EAP":"WPA-EAP","securityOpen":"Oberta","identity":"Usuari","identityInput":{"placeholder":"Usuari"},"password":"Contrasenya","passwordInput":{"placeholder":"Contrasenya"},"showPassword":"Mostra la contrasenya","refresh":"Refresca","noWifiFound3":"No s'han trobat xarxes sense fil","join-hidden-button":"Connecta a xarxa oculta","authentication":"Autenticació","ssid-name":"Nom de xarxa SSID","dateAndTime":"Data i hora","setTimeAutomatically":"Ajusta automàticament","timezoneMessage":"Fus horari","timezoneTitle":"UTC{{utcOffset}} {{region}}/{{city}}","dateMessage":"Data","timeMessage":"Hora","timeZone":"Fus horari","change":"Canvia","importContacts3":"Importa els contactes","importSim2":"Targeta SIM","importFb2":"Facebook","importOutlook":"Outlook","importGmail":"Gmail","fb-checking":"… s'està comprovant","notImportedYet":"No s'ha importat encara","otherAccount":"Altres comptes","mobile":"Mòbil","afterFbImport":"Podeu importar i editar les amistats del Facebook en qualsevol moment als paràmetres dels Contactes","firefox-accounts":"Firefox Accounts","fxa-overview":{"innerHTML":"A Firefox Account lets you use features like Find My Device and apps like the Firefox Marketplace."},"fxa-create-account-or-sign-in":"Create Account or Sign In","fxa-email-sent":"A verification link has been sent to {{email}}","about-your-rights-0":"El {{brandShortName}} està construït amb programari lliure i de codi obert per una comunitat de milers de persones de tot el món. Hi ha algunes coses que hauríeu de saber:","about-your-rights-1":"El {{brandShortName}} és a la vostra disposició sota els termes de diverses llicències lliures, inclosa la llicència pública de Mozilla. Un dispositiu amb el {{brandShortName}} també pot contenir programari privatiu de tercers. Tot el codi proporcionat sota llicències obertes us dóna el dret de modificar-lo i de distribuir-ne versions modificades sempre que compliu els termes respectius.","about-your-rights-2":"No se us atorga cap dret de marca o llicències per a les marques registrades de la Fundació Mozilla ni de tercers, inclosos, sense limitació, el nom o el logotip del {{brandShortName}}.","about-your-rights-3":"Algunes funcions del {{brandShortName}}, com ara el Generador d'informes de fallada, us donen l'opció d'enviar comentaris a Mozilla. Si opteu per enviar els vostres comentaris, autoritzeu Mozilla a utilitzar la informació per millorar els seus productes, a publicar-la en els seus llocs web i a distribuir-la.","about-other":"Altres","SIM_mandatory":"Avís de targeta SIM","SIM_mandatory_warm":"Inseriu una targeta SIM i reinicieu el telèfon.","sharing-performance-data":"Compartició de les dades de rendiment","telemetry-sends":"La telemesura envia les dades sobre el rendiment de Mozilla, maquinari, configuracions i personalitzacions del vostre dispositiu {{brandShortName}}. Utilitzem aquesta informació per millorar els nostres productes de manera més ràpida i receptiva.","learn-more-telemetry":{"innerHTML":"Learn more at {{link}}"},"learn-more-information":{"innerHTML":"Learn how Mozilla handles your information at {{link}}"},"welcomeBrowser":"Us donem la benvinguda al {{brandShortName}}, el sistema operatiu lliure i de codi obert de Mozilla. La nostra missió es promoure els estàndards oberts, la innovació i l'oportunitat bo i mantenint el potencial de la web a les vostres mans.","learn-more-privacy":{"innerHTML":"Learn how Mozilla handles your information in our {{link}}."},"learn-more-privacy-link":"privacy policy","aboutBrowser":"Quant al {{brandShortName}}","aboutYourPrivacy2":"La vostra privadesa","mozillaCommunity2":"Quan utilitzeu el {{brandShortName}}, us convertiu en part d'una comunitat global que ajuda a construir un futur més brillant per a la web. Si voleu saber més sobre la comunitat Mozilla, els nostres productes i esdeveniments a prop vostre, introduïu la vostra adreça electrònica més avall.","collaborate":"Vull ajudar a millorar el {{brandShortName}} compartint les dades del meu telèfon.","learnMore":"Més informació.","emailAddress":{"placeholder":"Adreça electrònica"},"email-successfully-added":"S'ha afegit el correu correctament","email-loading":"S'està desant el vostre correu…","browserPrivacyChoices":"Opcions de privadesa del {{brandShortName}}","privacy-b2g":{"_":"{{brandShortName}}","title":"{{brandShortName}}"},"privacy-marketplace":{"_":"Marketplace","title":"{{privacy-marketplace}}"},"privacy-e-me":{"_":"everything.me","title":"{{privacy-e-me}}"},"navbar-back":"Enrere","navbar-next":"Següent","navbar-join":"Connecta","thatsIt":"Això és tot!","startYourPhone":"Conegueu el vostre telèfon","startYourTablet":"Conegueu la vostra tauleta","joinTutorial":"Feu una breu visita guiada pel vostre telèfon nou.","enjoyYourPhone":"Ja ho teniu tot llest per gaudir del vostre telèfon.","optionsAvailable":"Podeu canviar la llengua, la data/hora i la connexió Wi-Fi des dels Paràmetres.","letsGo":"Som-hi","startTour":"Comença","thatsIt1Tablet-2":"Sempre podeu fer lliscar el dit des de la vora inferior per anar a la pàgina d'inici.","thatsIt2Tablet-2":"Proveu-ho!","tutorial-step1-tiny":"Feu lliscar el dit de dreta a esquerra per explorar les aplicacions.","tutorial-step2-tiny":"Premeu durant uns segons una icona per eliminar-la o moure-la.","tutorial-step3-tiny":"Escriviu qualsevol paraula clau o tema i el telèfon s'adaptarà instantàniament.","tutorial-step4-tiny":"Feu lliscar el dit cap avall per accedir a les notificacions recents, a la informació de consum i als paràmetres.","tutorial-step5-tiny":"Premeu durant uns segons el botó d'inici per veure les aplicacions recents i tancar-les.","tutorial-step6-tiny":"Feu lliscar el dit des del lateral de la pantalla per desplaçar-vos endavant i endarrere per les aplicacions recents.","tutorial-step1-large-2":"Feu lliscar el dit des de dalt cap avall per accedir a les notificacions recents, a la informació de consum i als paràmetres.","tutorial-step2-large-2":"Feu lliscar el dit cap a l'esquerra o dreta per descobrir aplicacions noves a la pantalla d'inici.","tutorial-step3-large-2":"Premeu durant uns segons una icona per eliminar-la o moure-la.","tutorial-step4-large-2":"Feu lliscar dos dits cap amunt des de la vora inferior per activar la visualització de targetes.","offline-dialog-title":"Heu d'estar connectat a Internet per veure la pàgina.","offline-dialog-text":"Torneu enrere i connecteu-vos a Internet. També podeu veure la pàgina més tard des dels Paràmetres, o introduint {{url}} en qualsevol navegador.","OK":"D'acord","offline-newsletter-dialog-title":"Heu d'estar connectat a Internet per subscriure's al butlletí d'informació.","offline-newsletter-dialog-text":"Torneu enrere i connecteu-vos a Internet.","invalid-email-dialog-title":"L'adreça electrònica no és vàlida","invalid-email-dialog-text":"Torneu enrere i corregiu les dades.","cancel":"Cancel·la","weekday-0-long":"diumenge","weekday-1-long":"dilluns","weekday-2-long":"dimarts","weekday-3-long":"dimecres","weekday-4-long":"dijous","weekday-5-long":"divendres","weekday-6-long":"dissabte","weekday-0-short":"dg","weekday-1-short":"dl","weekday-2-short":"dt","weekday-3-short":"dc","weekday-4-short":"dj","weekday-5-short":"dv","weekday-6-short":"ds","month-0-long":"gener","month-1-long":"febrer","month-2-long":"març","month-3-long":"abril","month-4-long":"maig","month-5-long":"juny","month-6-long":"juliol","month-7-long":"agost","month-8-long":"setembre","month-9-long":"octubre","month-10-long":"novembre","month-11-long":"desembre","month-0-genitive":"de gener","month-1-genitive":"de febrer","month-2-genitive":"de març","month-3-genitive":"d'abril","month-4-genitive":"de maig","month-5-genitive":"de juny","month-6-genitive":"de juliol","month-7-genitive":"d'agost","month-8-genitive":"de setembre","month-9-genitive":"d'octubre","month-10-genitive":"de novembre","month-11-genitive":"de desembre","month-0-short":"gen","month-1-short":"febr","month-2-short":"març","month-3-short":"abr","month-4-short":"maig","month-5-short":"juny","month-6-short":"jul","month-7-short":"ag","month-8-short":"set","month-9-short":"oct","month-10-short":"nov","month-11-short":"des","minutes-ago-long":{"_index":["plural","value"],"_":{"zero":"ara","one":"fa un minut","two":"fa {{value}} minuts","few":"fa {{value}} minuts","many":"fa {{value}} minuts","other":"fa {{value}} minuts"}},"hours-ago-long":{"_index":["plural","value"],"_":{"zero":"ara","one":"fa una hora","two":"fa {{value}} hores","few":"fa {{value}} hores","many":"fa {{value}} hores","other":"fa {{value}} hores"}},"days-ago-long":{"_index":["plural","value"],"_":{"zero":"avui","one":"ahir","two":"fa {{value}} dies","few":"fa {{value}} dies","many":"fa {{value}} dies","other":"fa {{value}} dies"}},"weeks-ago-long":{"_index":["plural","value"],"_":{"zero":"aquesta setmana","one":"la setmana passada","two":"fa {{value}} setmanes","few":"fa {{value}} setmanes","many":"fa {{value}} setmanes","other":"fa {{value}} setmanes"}},"months-ago-long":{"_index":["plural","value"],"_":{"zero":"aquest mes","one":"el mes passat","two":"fa {{value}} mesos","few":"fa {{value}} mesos","many":"fa {{value}} mesos","other":"fa {{value}} mesos"}},"years-ago-long":{"_index":["plural","value"],"_":{"zero":"enguany","one":"l'any passat","two":"fa {{value}} anys","few":"fa {{value}} anys","many":"fa {{value}} anys","other":"fa {{value}} anys"}},"minutes-until-long":{"_index":["plural","value"],"_":{"zero":"ara","one":"d'aquí un minut","two":"d'aquí {{value}} minuts","few":"d'aquí {{value}} minuts","many":"d'aquí {{value}} minuts","other":"d'aquí {{value}} minuts"}},"hours-until-long":{"_index":["plural","value"],"_":{"zero":"ara","one":"d'aquí una hora","two":"d'aquí {{value}} hores","few":"d'aquí {{value}} hores","many":"d'aquí {{value}} hores","other":"d'aquí {{value}} hores"}},"days-until-long":{"_index":["plural","value"],"_":{"zero":"avui","one":"demà","two":"d'aquí {{value}} dies","few":"d'aquí {{value}} dies","many":"d'aquí {{value}} dies","other":"d'aquí {{value}} dies"}},"weeks-until-long":{"_index":["plural","value"],"_":{"zero":"aquesta setmana","one":"la setmana que ve","two":"d'aquí {{value}} setmanes","few":"d'aquí {{value}} setmanes","many":"d'aquí {{value}} setmanes","other":"d'aquí {{value}} setmanes"}},"months-until-long":{"_index":["plural","value"],"_":{"zero":"aquest mes","one":"el mes que ve","two":"d'aquí {{value}} mesos","few":"d'aquí {{value}} mesos","many":"d'aquí {{value}} mesos","other":"d'aquí {{value}} mesos"}},"years-until-long":{"_index":["plural","value"],"_":{"zero":"enguany","one":"l'any que ve","two":"d'aquí {{value}} anys","few":"d'aquí {{value}} anys","many":"d'aquí {{value}} anys","other":"d'aquí {{value}} anys"}},"minutes-ago-short":{"_index":["plural","value"],"_":{"zero":"ara","other":"fa {{value}} m"}},"hours-ago-short":{"_index":["plural","value"],"_":{"zero":"ara","other":"fa {{value}} h"}},"days-ago-short":{"_index":["plural","value"],"_":{"zero":"avui","other":"fa {{value}} d"}},"minutes-until-short":{"_index":["plural","value"],"_":{"zero":"ara","other":"d'aquí {{value}} m"}},"hours-until-short":{"_index":["plural","value"],"_":{"zero":"ara","other":"d'aquí {{value}} h"}},"days-until-short":{"_index":["plural","value"],"_":{"zero":"avui","other":"d'aquí {{value}} d"}},"incorrectDate":"(data no vàlida)","dateTimeFormat_%c":"%a %e %Eb, %Y %H:%M:%S","dateTimeFormat_%x":"%d/%m/%Y","dateTimeFormat_%X":"%H:%M:%S","shortTimeFormat":"%H:%M","shortDateTimeFormat":"%x %H:%M","weekStartsOnMonday":"1","time_am":"am","time_pm":"pm","tz-region":"Regió","tz-city":"Ciutat","tzRegion-Africa":"Àfrica","tzRegion-America":"Amèrica","tzRegion-Antarctica":"Antàrtida","tzRegion-Asia":"Àsia","tzRegion-Atlantic":"Oceà Atlàntic","tzRegion-Australia":"Austràlia","tzRegion-Europe":"Europa","tzRegion-Indian":"Oceà Índic","tzRegion-Pacific":"Oceà Pacífic","close":"Close","import":"Import","update":"Update","fbFriends":"Facebook Friends","live-serviceName":"Outlook","gmail-serviceName":"Gmail","facebook-serviceName":"Facebook Friends","selectAll":"Select all","deselectAll":"Deselect all","viewAll":"View All Facebook Friends","viewRecommend":"View Only Recommended","linkProposal":{"_index":["plural","numFriends"],"_":{"zero":"No matching friends. Showing all","one":"Select the recommended one","two":"Select a recommended one","few":"Select a recommended one","many":"Select a recommended one","other":"Select a recommended one"}},"fbFriendsFound":{"_index":["plural","numFriends"],"_":{"zero":"All your friends are imported","one":"Found one friend to import","two":"Found {{numFriends}} friends to import","few":"Found {{numFriends}} friends to import","many":"Found {{numFriends}} friends to import","other":"Found {{numFriends}} friends to import"}},"facebook":"Facebook","search-contact":{"placeholder":"Search"},"noResults":"No contacts found","done-search":"Done","progressFB3ImportTitle":"Importing friends to Contacts","progressFB":"{{current}}/{{total}}","progressFB3UpdateTitle":"Updating friends in Contacts","message2":"This may take a couple of minutes","messageLinking":"Please hold on. We are linking your friend and your contact.","messageCanceling":"Please hold on. We are canceling the ongoing operation.","error1":"Error {{from}}","error2":"Do you want to retry?","errorProposal":"calculating proposals","errorFriends":"retrieving friends","errorLinking":"linking contact","timeout1":"Exceeded timeout {{from}}","timeout2":"Do you want to retry?","timeoutProposal":"calculating proposals","timeoutFriends":"retrieving friends","timeoutLinking":"linking contacts","wait1":"Please hold on","wait2":"This may take a couple of minutes","waitProposal":"Please hold on. We are calculating a proposal.","waitFriends":"Please hold on. We are connecting to obtain your friend list.","curtainCancel":"Cancel","curtainRetry":"Retry","curtainOK":"OK","connectionLost":"No Internet connection","connectionLostMsg":"Friends’ photos will not be added to your contacts. Continue anyway?","yesOption":"OK","noOption":"Cancel","friendsUpdated":{"_index":["plural","numFriends"],"_":{"zero":"No friends updated","one":"Updated one friend","two":"Updated {{numFriends}} friends","few":"Updated {{numFriends}} friends","many":"Updated {{numFriends}} friends","other":"Updated {{numFriends}} friends"}},"notificationLogin":"Your Facebook session is invalid. Please sign in.","syncError":"There was an error synchronizing your friend’s data","callAirplaneModeMessage":"Per fer una trucada cal que desactiveu el mode d'avió als paràmetres.","callAirplaneModeBtnOk":"D'acord","callAirplaneModeTitle":"Mode d'avió activat","numberIsBusyTitle":"Número ocupat","numberIsBusyMessage":"El número ara està ocupat. Proveu-ho més tard.","fdnIsActiveTitle":"FDN active","fdnIsActiveMessage":"FDN (Fixed Dialing Numbers) is activated and the following number is not in your FDN list: {{ number }}","voiceMail":"Bústia de veu","emergencyNumber":"Número d'emergència","emergencyDialogBodyBadNumber":"Per fer una trucada, cal que el telèfon estigui connectat a una xarxa.","emergencyDialogBodyDeviceNotAccepted":"La xarxa no permet fer trucades d'emergència.","emergencyDialogBtnOk":"D'acord","emergencyDialogTitle":"No hi ha connexió a la xarxa","invalidNumberToDialTitle":"Número de telèfon no vàlid","invalidNumberToDialMessage":"El número de telèfon al qual esteu trucant no és vàlid.","unableToCallTitle":"No es pot fer una trucada ara mateix","unableToCallMessage":"No es pot fer una trucada. Si ja esteu marcant, primer pengeu.","otherConnectionInUseTitle":"Connexió existent en ús","otherConnectionInUseMessage":"Teniu una trucada activa en una altra connexió. Podeu només utilitzar una connexió alhora.","addNewNumber":"Add new number","addToExistingContact":"Afegeix a un contacte existent","all":"Totes","asterisk":{"ariaLabel":"Asterisk"},"callLog":"Registre trucades","callLogEdit":{"title":"Edit call log"},"callLogEditDialog":{"ariaLabel":"Edit call log dialog"},"connecting":"Connectant","cf-async":"Asíncron: {{ async }}\\n","cf-data":"Dades: {{ data }}\\n","cf-error":"S'ha produït un error en recuperar l'estat de la desviació de trucades","cf-fax":"Fax: {{ fax }}\\n","cf-inactive":"Inactiu","cf-packet":"Paquet: {{ packet }}\\n","cf-pad":"Coixinet: {{ pad }}\\n","cf-sms":"SMS: {{ sms }}\\n","cf-status":"Estat de la desviació de trucades\\n","cf-sync":"Síncron: {{ sync }}\\n","cf-voice":"Veu: {{ voice }}\\n","confirm-deletion":"Voleu esborrar les trucades seleccionades?","contacts":"Contactes","createNewContact":"Crea un contacte nou","delete":"Delete","dialerAddContact":{"ariaLabel":"Add contact"},"dialerAddContactDialog":{"ariaLabel":"Add Contact Dialog"},"edit-selected":{"_index":["plural","n"],"_":{"one":"{{ n }} seleccionada","two":"{{ n }} seleccionades","few":"{{ n }} seleccionades","many":"{{ n }} seleccionades","other":"{{ n }} seleccionades"}},"edit":"Edita","hashSign":{"ariaLabel":"Hash sign"},"hideKeypad":{"ariaLabel":"Hide keypad"},"ignore":"Ignora la trucada","incoming":"Trucada entrant","keypad":{"ariaLabel":"Keypad"},"keypadDelete":{"ariaLabel":"Delete"},"makeCall":{"ariaLabel":"Make call"},"merge":"Fusiona","missed":"Perdudes","missedCall":"Trucada perduda","missedCallMultiSims":"(SIM {{ n }}) Trucada perduda","mmi-error":"S'ha produït un error en enviar el missatge","mmi-session-expired":"La sessió ha vençut","mmi-successfully-sent":"Missatge enviat correctament","mute":{"ariaLabel":"Mute"},"newCall":{"ariaLabel":"New call"},"no-logs-msg-1":"Cap trucada enregistrada","no-logs-msg-2":"Inicieu una conversa ara","no-logs-msg-3":"Cap trucada perduda","phoneNumberInput":{"ariaLabel":"Phone number"},"recents":{"ariaLabel":"Recent calls"},"reply":"Respon","switch-calls":"Commuta trucades","today":"Avui","voiceMailKey":{"ariaLabel":"Voicemail"},"withheld-number":"Número ocult","from-contact":"De {{ contact }}","from-number":"De {{ number }}","from-withheld-number":"D'un número ocult","yesterday":"Ahir","sending":"S'està enviant…","speakerOption":{"ariaLabel":"Speaker"},"ussd-services":"Serveis de {{ operator }}","toggleKeypad":{"ariaLabel":"Toggle keypad"},"type-your-response":{"placeholder":"Escriviu la vostra resposta…"},"clear-all-text":"Esborra tot el text","hide":"Amaga","call":"Truca","hold":"En espera","resume":"Reprèn","sendSms":"Envia un missatge","callEnded":"Trucada finalitzada","via-sim":"amb la SIM{{ n }}","sim-number":"SIM{{ n }}","hangup-a11y-button":{"aria-label":"Penja"},"pickup-a11y-button":{"aria-label":"Despenja"},"unlock-a11y-button":{"aria-label":"Lliscador"},"settings":"Paràmetres","delete-n-log?":{"_index":["plural","n"],"_":{"zero":"No heu seleccionat res","one":"Voleu eliminar el registre seleccionat?","two":"Voleu eliminar {{ n }} registres?","few":"Voleu eliminar {{ n }} registres?","many":"Voleu eliminar {{ n }} registres?","other":"Voleu eliminar {{ n }} registres?"}},"callDurationMinutes":"{{ m }}:{{ s }}","callDurationHours":"{{ h }}:{{ m }}:{{ s}}","suggestionMatches":{"_index":["plural","n"],"_":{"one":"{{ n }} coincidència de «{{ matchNumber }}»","two":"{{ n }} coincidències de «{{ matchNumber }}»","few":"{{ n }} coincidències de «{{ matchNumber }}»","many":"{{ n }} coincidències de «{{ matchNumber }}»","other":"{{ n }} coincidències de «{{ matchNumber }}»"}},"scCallBarring":"Restricc. trucades","scCallForwarding":"Desviació trucad.","scClip":"ID trucada entr.","scClir":"ID trucada sort.","scPwd":"Canvi de contrasenya","scCallWaiting":"Trucada en espera","scPin":"Canvi de PIN","scPin2":"Canvi de PIN2","scPuk":"Desbloca el PIN","scPuk2":"Desbloca el PIN2","scImei":"IMEI","scUssd":"USSD","serviceClassVoice":"Veu","serviceClassData":"Dades","serviceClassFax":"FAX","serviceClassSms":"SMS","serviceClassDataSync":"Sínc.","serviceClassDataAsync":"Asínc.","serviceClassPacket":"Paquet","serviceClassPad":"PAD","smServiceEnabled":"S'ha activat el servei","smServiceDisabled":"S'ha desactivat el servei","smServiceRegistered":"El registre ha estat correcte","smServiceErased":"S'ha esborrat correctament","smServiceInterrogated":"La sol·licitud ha estat correcta","smServiceNotProvisioned":"Servei no proveït","smClirPermanent":"No podeu canviar el paràmetre d'identificació de trucada","smClirDefaultOnNextCallOn":"Per defecte, la identificació de trucada està restringida. Propera trucada: restringida","smClirDefaultOnNextCallOff":"Per defecte, la identificació de trucada està restringida. Propera trucada: no restringida","smClirDefaultOffNextCallOn":"Per defecte, la identificació de trucada no està restringida. Propera trucada: restringida","smClirDefaultOffNextCallOff":"Per defecte, la identificació de trucada no està restringida. Propera trucada: no restringida","smServiceEnabledFor":"S'ha activat el servei per a:","smPinChanged":"PIN canviat correctament","smPinUnblocked":"PIN desbloquejat correctament","smPin2Changed":"PIN2 canviat correctament","smPin2Unblocked":"PIN2 desbloquejat correctament","emMmiError":"Problema de connexió o codi MMI no vàlid","emMmiErrorPasswordIncorrect":"Contrasenya incorrecta","emMmiErrorNotSupported":"Codi MMI no vàlid o no reconegut","emMmiErrorInvalidAction":"Acció no vàlida","emMmiErrorInvalidScCode":"Codi de servei no vàlid","emMmiErrorBadPuk":"El PUK que heu introduït no és correcte","emMmiErrorBadPin":"L'antic PIN que heu introduït no és correcte.","emMmiErrorNeedPuk2":"Introduïu el PUK2 per desbloquejar la targeta SIM","emMmiErrorMismatchPin":"Els PIN que heu introduït no coincideixen","emMmiErrorInvalidPin":"Introduïu un PIN de 4 a 8 dígits","emMmiErrorNeedsPuk":"La targeta SIM és bloquejada amb PUK","emMmiErrorEnablePin":"No és correcte. Activa el SIM/RUIM LOCK","emMmiErrorMmiFdn":"L'operació està restringida només a números prefixats","emMmiErrorStkCcUssdDial":"La sol·licitud USSD s'ha modificat a una sol·licitud DIAL","emMmiErrorStkCcUssdSs":"La sol·licitud USSD s'ha modificat a una sol·licitud SS","emMmiErrorStkCcUssdUssd":"La sol·licitud USSD s'ha modificat a una sol·licitud USSD nova","emMmiErrorStkCcSsDial":"La sol·licitud SS s'ha modificat a una sol·licitud DIAL","emMmiErrorStkCcSsUssd":"La sol·licitud SS s'ha modificat a una sol·licitud USSD","emMmiErrorStkCcSsSs":"La sol·licitud SS s'ha modificat a una sol·licitud SS nova","emMmiErrorPinPukAttempts":{"_index":["plural","n"],"_":{"one":"Només queda {{ n }} intent","two":"Queden {{ n }} intents","few":"Queden {{ n }} intents","many":"Queden {{ n }} intents","other":"Queden {{ n }} intents"}},"emMmiErrorSimBlocked":"S'ha excedit el màxim d'intents. La SIM s'ha bloquejat","RadioNotAvailable":"Ràdio no disponible","GenericFailure":"Error genèric","PasswordIncorrect":"Contrasenya incorrecta","SimPin2":"PIN2 de la SIM","SimPuk2":"PUK2 de la SIM","RequestNotSupported":"No es reconeix la sol·licitud","OpNotAllowedDuringVoiceCall":"No es permet l'operació durant una trucada","SmsSendFailRetry":"Reintent per error en enviar l'SMS","SimAbsent":"No hi ha cap SIM","SubscriptionNotAvailable":"Subscripció no disponible","ModeNotSupported":"Mode no implementat","FdnCheckFailure":"Error de comprovació de FDN","IllegalSimOrMe":"SIM o ME no vàlids","DialModifiedToUssd":"DIAL s'ha modificat a USSD","DialModifiedToSs":"DIAL s'ha modificat a SS","DialModifiedToDial":"DIAL s'ha modificat a DIAL","UssdModifiedToDial":"USSD s'ha modificat a DIAL","UssdModifiedToSs":"USSD s'ha modificat a SS","UssdModifiedToUssd":"USSD s'ha modificat a USSD","SsModifiedToDial":"SS s'ha modificat a DIAL","SsModifiedToUssd":"SS s'ha modificat a USSD","SsModifiedToSs":"SS s'ha modificat a SS","SubscriptionNotSupported":"No s'admet la subscripció","InvalidParameter":"Paràmetre no vàlid","RejectedByRemote":"Rebutjat pel remot","group-call":{"_index":["plural","n"],"_":{"one":"Trucada de grup ({{ n }})","two":"Trucada de grup ({{ n }})","few":"Trucada de grup ({{ n }})","many":"Trucada de grup ({{ n }})","other":"Trucada de grup ({{ n }})"}},"caller-left-call":"{{ caller }} ha penjat.","conferenceAddError":"No es poden combinar les trucades","conferenceRemoveError":"No es poden separar les trucades","longDateFormat":"%A %e %Eb","select-audio-sources":"Tria fonts d'àudio","bluetooth-handsfree-device":"Dispositiu Bluetooth mans lliures","receiver":"Receptor","speaker":"Altaveu","add":"Afegeix","done":"Fet","retry":"Reintenta","addContact":"Afegeix contacte","deleteContact":"Elimina el contacte","selectContact":"Trieu un contacte","editContact":"Edita contacte","deleteConfirmMsg":"Voleu eliminar el contacte?","remove":"Elimina","comments":"Comentaris","no_contact_phones":"Aquest contacte no té número de telèfon","no_contact_email":"Aquest contacte no té adreça electrònica","removePhotoConfirm":"Voleu eliminar la imatge del contacte?","loadingContacts":"S'estan carregant els contactes…","noContactsActivity":"No es pot afegir a cap contacte perquè la llista de contactes és buida","noName":"Sense nom","givenName":{"placeholder":"Nom"},"familyName":{"placeholder":"Cognoms"},"tel":{"placeholder":"Telèfon"},"carrier":{"_":"Operador","placeholder":"Operador"},"separator":",","email":{"_":"Correu","placeholder":"Correu"},"streetAddress":{"placeholder":"Adreça"},"postalCode":{"placeholder":"Codi postal"},"locality":{"placeholder":"Població"},"countryName":{"placeholder":"País"},"comment":{"placeholder":"Comentari"},"org":{"placeholder":"Empresa"},"custom":"Etiqueta personalitzada","date":{"_":"Data","placeholder":"Data"},"date-span-placeholder":"Date","birthday":"Aniversari","dateFormat":"%e %B","dateOutput":"{{dayMonthFormatted}} {{year}}","anniversary":"Aniversari","addPhoto":"Afegeix una imatge","addPhone":"Afegeix un telèfon","addEmail":"Afegeix un correu","addAddress":"Afegeix una adreça","addDate":"Afegeix data","addComment":"Afegeix un comentari","addFavorite":"Afegeix com a favorit","removeFavorite":"Elimina dels favorits","label":"Etiqueta","home":"Casa","work":"Feina","personal":"Particular","faxHome":"Fax (casa)","faxOffice":"Fax (oficina)","faxOther":"Fax (altre)","another":"Altres","other":"Altres","current":"Actual","itemWithLabel":"{{label}}, {{item}}","exit":"Tanca","expand":"Amplia","labelName":"Nom:","labelLastName":"Cognoms:","labelPhoneNumber":"Telèfon:","labelCarrier":"Operador:","labelEmail":"Correu:","labelStreet":"Adreça:","labelZip":"Codi postal:","labelCity":"Població:","labelCountry":"País:","labelComment":"Anotació:","legendTitleMain":"Informació principal","legendPhones":"Números de telèfon","legendEmail":"Adreça electrònica","legendAddress":"Adreça","transferContactsTitle":"Transfereix els contactes","importContactsTitle":"Importa els contactes","importContactsButton":"Importa els contactes","exportContactsTitle":"Exporta els contactes","exportContactsButton":"Exporta els contactes","exportContactsAction":"Exporta","simExport-title":"Exporta a la SIM","sdExport-title":"Exporta a la targeta SD","btExport-title":"Exporta per Bluetooth","sdUMSEnabled":"No es pot utilitzar la targeta SD perquè el mode de disc USB està activat","exportErrorTitle":"Error d'exportació","contactsExported2":{"_index":["plural","exported"],"_":{"zero":"No s'ha exportat cap contacte","one":"{{exported}}/{{total}} contactes exportats","two":"{{exported}}/{{total}} contactes exportats","few":"{{exported}}/{{total}} contactes exportats","many":"{{exported}}/{{total}} contactes exportats","other":"{{exported}}/{{total}} contactes exportats"}},"exportError-general":"S'ha produït un error durant l'exportació","exportError-SD-shared":"No es pot accedir a la targeta de memòria perquè està compartida","exportError-SD-unavailable":"La targeta de memòria no és disponible","exportError-SD-noSpace":"No hi ha prou espai a la targeta de memòria per exportar els contactes","exportError-SIM-unavailable":"La targeta SIM no és disponible","exportError-BT-shared":"No es pot accedir a la targeta de memòria perquè està compartida","exportError-BT-unavailable":"La targeta de memòria no és disponible","exportError-BT-noSpace":"No hi ha prou espai a la targeta de memòria per exportar els contactes","simContacts-import":"Importa els contactes de la SIM","simContacts-importing":"S'estan important els contactes de la SIM…","simContacts-reading":"S'està llegint la targeta SIM…","simContacts-error":"No s'han pogut importar els contactes de la SIM","simContacts-imported3":{"_index":["plural","n"],"_":{"zero":"No s'han detectat contactes en la SIM per importar","one":"S'ha importat un contacte","two":"S'han importat {{n}} contactes","few":"S'han importat {{n}} contactes","many":"S'han importat {{n}} contactes","other":"S'han importat {{n}} contactes"}},"noSimMsgExport":"Inseriu o desbloqueu la targeta SIM per exportar els contactes","simNumber":"SIM {{number}}","memoryCardContacts-import":"Importa contactes de la targeta de memòria","memoryCardContacts-importing":"S'estan important contactes de la targeta de memòria…","memoryCardContacts-reading":"S'està llegint la targeta de memòria…","memoryCardContacts-error":"No s'han pogut importar els contactes de la targeta de memòria","memoryCardContacts-imported3":{"_index":["plural","n"],"_":{"zero":"No s'han detectat contactes en la targeta de memòria per importar","one":"S'ha importat un contacte","two":"S'han importat {{n}} contactes","few":"S'han importat {{n}} contactes","many":"S'han importat {{n}} contactes","other":"S'han importat {{n}} contactes"}},"noMemoryCardMsgExport":"Per exportar contactes, inseriu una targeta de memòria","genericProgress":"{{current}}/{{total}}","social-network":"Xarxes socials","social-link":"Enllaça el contacte","social-unlink":"Desenllaça el contacte","social-unlink-confirm-title":"Voleu desenllaçar la vostra amistat?","social-unlink-confirm-accept":"Desenllaça","facebook-import":"Importa amistats del Facebook","show-fb-profile":"Mostra el perfil del Facebook","msg-send":"Missatge","wall-post":"Publica al mur","facebook-import-msg":{"_index":["plural","imported"],"_":{"zero":"No s'ha importat cap amistat (de {{total}})","one":"S'ha importat una amistat (de {{total}})","two":"{{imported}}/{{total}} amistats importades","few":"{{imported}}/{{total}} amistats importades","many":"{{imported}}/{{total}} amistats importades","other":"{{imported}}/{{total}} amistats importades"}},"facebookSwitchMsg":"Sincronitza amistats","select_mobile":"Trieu el mòbil","select_email":"Trieu el correu","contactsOrderBy":"Ordena per cognom","bluetooth":"Bluetooth","fbUpdateFriends":"Actualitza les amistats importades","cleaningFbData":"S'estan eliminant les dades del Facebook","loggingOutFb":"S'està tancant la sessió del Facebook","cleanFbConfirmMsg":"Voleu eliminar totes les dades del Facebook?","renewPwdMsg":"La vostra contrasenya del Facebook ha canviat. Actualitzeu-la.","notEnabledYet":"Encara no s'ha activat","genericNoConnection":"Per importar contactes connecteu-vos per Wi-Fi o xarxa de dades","simCard":"Targeta SIM","memoryCard":"Targeta de memòria","create-new":"Crea un contacte nou","import-now":"Importa els contactes de la targeta SIM o del Facebook","no-contacts":"No hi ha contactes","start-adding":"Comenceu a afegir-los ara","notImported":"No s'ha importat","imported":"Importat","organise-contacts":"Organitza els contactes","find-merge-contacts":"Cerca contactes duplicats","preparing-contacts":"S'estan preparant els contactes","exportError-SIM-NoFreeRecordFound":"La targeta SIM és plena","exportError-SIM-CannotAccessPhoneBook":"No es pot accedir a l'agenda telefònica de la targeta SIM","exportError-SIM-Unavailable":"No s'ha detectat cap SIM","exportError-SIM-GenericError":"S'ha produït un error en exportar un contacte","ContactManagementTitle":"Contacts Management","DeleteTitle":"Delete","bulkDeleteButton":"Delete Contacts","BulkDelCancel":"Contacts delete cancelled","DeletedTxt":{"_index":["plural","n"],"_":{"zero":"No Contact to Delete","one":"1 Contact removed","two":"{{n}} Contacts removed","few":"{{n}} Contacts removed","many":"{{n}} Contacts removed","other":"{{n}} Contacts removed"}},"DeletingContacts":"Deleting contacts","ContactConfirmDel":{"_index":["plural","n"],"_":{"zero":"No Contact to Delete","one":"Delete 1 Contact? This cannot be undone.","two":"Delete {{n}} Contacts? This cannot be undone.","few":"Delete {{n}} Contacts? This cannot be undone.","many":"Delete {{n}} Contacts? This cannot be undone.","other":"Delete {{n}} Contacts? This cannot be undone."}},"SelectedTxt":{"_index":["plural","n"],"_":{"zero":"Contacts","one":"{{n}} selected","two":"{{n}} selected","few":"{{n}} selected","many":"{{n}} selected","other":"{{n}} selected"}},"sim-picker-dial-via-with-number":"Marca {{ phoneNumber }} amb","sim-picker-select-sim":"Trieu la SIM","sim-picker-button":"SIM{{ n }}","sim-picker-button-default":"(per defecte)","waitDuplicateContacts":"S'estan cercant contactes duplicats","waitMergingDuplicateContacts":"S'estan fusionant contactes duplicats","alertNoDuplicateContacts":"No s'han trobat contactes duplicats","mergeDuplicateTitle":"Fusiona duplicats","suggestedDuplicateContacts":"Contactes duplicats suggerits per a {{name}}","mergeActionButtonLabel":{"_index":["plural","n"],"_":{"zero":"No s'ha seleccionat cap contacte","one":"Fusiona amb {{n}} contacte","other":"Fusiona amb {{n}} contactes"}},"duplicatesFoundTitle":"S'han trobat duplicats","duplicatesFoundMessage":"{{name}} duplica informació en els següents contactes"}