{"brandShortName":"B2G OS","browserBrandShortName":"Webový prohlížeč","browserBrandFullName":"Webový prohlížeč Mozilla","back":"Zpět","noSimMsg":"Pro import kontaktů vložte či odblokujte kartu SIM","noMemoryCardMsg":"Pro import kontaktů vložte paměťovou kartu","importMemoryCard":"Paměťová karta","noConnection11":"Pro import vašich přátel z Facebooku se připojte k Wi-Fi či datové síti","pincode2":"Vložte PIN kód","type_pin":"Zadejte svůj kód PIN","pincodeLabel":"PIN karty SIM {{n}}","pinValidation":"PIN musí být mezi 4 až 8 znaky.","pinError":"PIN je neplatný.","pinAttemptMsg2":{"_index":["plural","n"],"_":{"one":"Poslední pokus.","two":"Zbývají {{n}} pokusy.","few":"Zbývají {{n}} pokusy.","many":"Zbývá {{n}} pokusů.","other":"Zbývá {{n}} pokusů."}},"pinLastChanceMsg":"Poslední pokus pro vložení platného PIN kódu. Jinak budete muset pro odblokování SIM karty vložit PUK kód.","pukcode":"Vložte PUK kód","pukcodeTitle":"Vložení PUK SIM {{n}}","pukcodeLabel":"PUK karty SIM {{n}}","type_puk":"PUK kód","pukValidation":"PUK kód musí mít přesně 8 znaků.","pukInfo":"Musíte vložit Personal Unlocking Key (PUK) pro kartu SIM. Pro více informací se podívejte do dokumentace ke své kartě SIM či kontaktujte svého operátora.","pukError":"Neplatný PUK","pukAttemptMsg2":{"_index":["plural","n"],"_":{"one":"Máte jeden pokus pro vložení správného kódu dříve, než bude vaše SIM karta trvale nepoužitelná. Nahlédněte do dokumentace ke své SIM kartě nebo pro více informací kontaktujte operátora.","two":"Máte {{n}} pokusy pro vložení správného kódu dříve, než bude vaše SIM karta trvale nepoužitelná. Nahlédněte do dokumentace ke své SIM kartě nebo pro více informací kontaktujte operátora.","few":"Máte {{n}} pokusy pro vložení správného kódu dříve, než bude vaše SIM karta trvale nepoužitelná. Nahlédněte do dokumentace ke své SIM kartě nebo pro více informací kontaktujte operátora.","many":"Máte {{n}} pokusů pro vložení správného kódu dříve, než bude vaše SIM karta trvale nepoužitelná. Nahlédněte do dokumentace ke své SIM kartě nebo pro více informací kontaktujte operátora.","other":"Máte {{n}} pokusů pro vložení správného kódu dříve, než bude vaše SIM karta trvale nepoužitelná. Nahlédněte do dokumentace ke své SIM kartě nebo pro více informací kontaktujte operátora."}},"pukLastChanceMsg":"Toto je vaše poslední šance pro vložení správného PUK kódu. Pokud vložíte špatný kód PUK, bude vaše SIM karta trvale nepoužitelná.","create_newpin":"Vytvořit nový PIN (4 až 8 číslic)","confirm_newpin":"Potvrďte nový PIN","newpinConfirmation":"PINy neodpovídají","nckcode":"Vložte NCK kód","cckcode":"Vložte CCK kód","spckcode":"Vložte SPCK kód","nck1code":"Enter NCK1 code","nck2code":"Enter NCK2 code","hnckcode":"Enter HNCK code","rcckcode":"Enter RCCK code","rspckcode":"Enter RSPCK code","nckcodeTitle":"Vložte SIM {{n}} NCK","cckcodeTitle":"Vložte SIM {{n}} CCK","spckcodeTitle":"Vložte SIM {{n}} SPCK","nck1codeTitle":"Enter SIM {{n}} NCK1","nck2codeTitle":"Enter SIM {{n}} NCK2","hnckcodeTitle":"Enter SIM {{n}} HNCK","rcckcodeTitle":"Enter SIM {{n}} RCCK","rspckcodeTitle":"Enter SIM {{n}} RSPCK","nckcodeLabel":"SIM {{n}} NCK","cckcodeLabel":"SIM {{n}} CCK","spckcodeLabel":"SIM {{n}} SPCK","nck1codeLabel":"SIM {{n}} NCK1","nck2codeLabel":"SIM {{n}} NCK2","hnckcodeLabel":"SIM {{n}} HNCK","rcckcodeLabel":"SIM {{n}} RCCK","rspckcodeLabel":"SIM {{n}} RSPCK","type_nck":"Zadejte svůj NCK kód","type_cck":"Zadejte svůj CCK kód","type_spck":"Zadejte svůj SPCK kód","type_nck1":"Type your NCK1 code","type_nck2":"Type your NCK2 code","type_hnck":"Type your HNCK code","type_rcck":"Type your RCCK code","type_rspck":"Type your RSPCK code","nckValidation":"NCK musí mít mezi 8 až 15 znaky.","cckValidation":"CCK musí mít mezi 8 až 15 znaky.","spckValidation":"musí mít mezi 8 až 15 znaky","nck1Validation":"NCK1 must have between 8 and 16 characters.","nck2Validation":"NCK2 must have between 8 and 16 characters.","hnckValidation":"HNCK must have between 8 and 16 characters.","rcckValidation":"RCCK must have between 8 and 16 characters.","rspckValidation":"RSPCK must have between 8 and 16 characters.","nckErrorMsg":"NCK kód je neplatný","nckAttemptMsg2":{"_index":["plural","n"],"_":{"one":"Požadavek na změnu sítě selhal. Máte ještě jeden pokus o vložení správného kódu. Nahlédněte do dokumentace ke své SIM kartě nebo pro více informací kontaktujte operátora.","two":"Požadavek na změnu sítě selhal. Máte ještě {{n}} pokusy o vložení správného kódu. Nahlédněte do dokumentace ke své SIM kartě nebo pro více informací kontaktujte operátora.","few":"Požadavek na změnu sítě selhal. Máte ještě {{n}} pokusy o vložení správného kódu. Nahlédněte do dokumentace ke své SIM kartě nebo pro více informací kontaktujte operátora.","many":"Požadavek na změnu sítě selhal. Máte ještě {{n}} pokusů o vložení správného kódu. Nahlédněte do dokumentace ke své SIM kartě nebo pro více informací kontaktujte operátora.","other":"Požadavek na změnu sítě selhal. Máte ještě {{n}} pokusů o vložení správného kódu. Nahlédněte do dokumentace ke své SIM kartě nebo pro více informací kontaktujte operátora."}},"nckLastChanceMsg":"Požadavek na změnu sítě selhal. Poslední změna pro vložení správného NCK kódu. Nahlédněte do dokumentace ke své SIM kartě nebo pro více informací kontaktujte operátora.  ","skip":"Přeskočit","send":"Odeslat","ok":"OK","simLocked":"SIM karta je zablokována","inputCodeRetriesLeft":{"_index":["plural","n"],"_":{"one":"poslední pokus.","two":"Zbývají {{n}} pokusy.","few":"Zbývají {{n}} pokusy.","many":"Zbývá {{n}} pokusů.","other":"Zbývá {{n}} pokusů."}},"simManager":"Správce SIM","simDetail":"SIM {{n}}","simDefault":"(předvolená)","simDefaultMessage":"Odchozí volání, odchozí zprávy a datové připojení je ve výchozím nastavení přiřazeno k SIM 1","simSettingsMessage":"Výchozí nastavení můžete změnit v Nastavení > Správce SIM","simPinLocked":"SIM je zamčená pomocí kódu PIN","noOperator":"Žádný operátor","language":"Jazyk","english":"Angličtina","dvorak":"Angličtina (Dvořák)","spanish":"Španělština","portuguese":"Brazilská portugalština","french":"Francouzština","italian":"Italština","arabic":"Arabština","greek":"Řečtina","hebrew":"Hebrejština","jp-kanji":"Japonština","jp-kanji-desc":"Kandži","traditionalChinese":"Tradiční čínština","traditionalChinese-desc":"Ču-jin fu-chao","simplifiedChinese":"Zjednodušená čínština","simplifiedChinese-desc":"Pchin-jin","3g":"Mobilní data","dataConnection":"Povolení dat","dataConnectionInfo":"Povolení datových přenosů vám umožní nastavit telefon bez Wi-Fi připojení. Můžete je také zapnout později v Nastavení. Ujistěte se u svého operátora, že máte tarif vhodný k přenosu dat a vyhněte se tak případným vysokým poplatkům.","caution":"Upozornění","geolocation":"Geolokace","geolocationCheckbox":"Povolení geolokace","geolocationInfo2":"{{brandShortName}} používá data z GPS, WiFi a mobilních sítí okolo vás pro určení vaší přibližné polohy.","geolocationInfoMore":"Data jsou posílána Mozille a dalším poskytovatelům služby a budou použita pro vylepšení databáze umístění. Data mohou být uložena na vašem zařízení a sběr dat může probíhat i tehdy, když nejsou spuštěny žádné aplikace. ","notice":"Omezení","aboutYourPrivacy":"Více o vašem soukromí","wifi":"Wi-Fi","scanningNetworks":"Hledání sítí","selectNetwork":"Volba sítě","shortStatus-connecting":"Připojování…","shortStatus-associated":"Získávání IP adresy…","shortStatus-connected":"Připojeno","shortStatus-connectingfailed":"Připojení se nezdařilo","shortStatus-disconnected":"Offline","securedBy":"zabezpečeno pomocí {{capabilities}}","security":"Zabezpečení","securityNone":"Žádné","securityWEP":"WEP","securityWPA-PSK":"WPA-PSK","securityWPA-EAP":"WPA-EAP","securityOpen":"Nezabezpečená","identity":"Uživatel","identityInput":{"placeholder":"Uživatel"},"password":"Heslo","passwordInput":{"placeholder":"Heslo"},"showPassword":"Zobrazit heslo","refresh":"Obnovit","noWifiFound3":"Nepodařilo se nalézt žádnou bezdrátovou síť","join-hidden-button":"Připojit ke skryté síti","authentication":"Autentizace","ssid-name":"Název sítě SSID","dateAndTime":"Datum a čas","setTimeAutomatically":"Nastavit automaticky","timezoneMessage":"Časová zóna","timezoneTitle":"UTC{{utcOffset}} {{region}}/{{city}}","dateMessage":"Datum","timeMessage":"Čas","timeZone":"Časová zóna","change":"Upravit","importContacts3":"Import kontaktů","importSim2":"SIM karta","importFb2":"Facebook","importOutlook":"Outlook","importGmail":"Gmail","fb-checking":"… probíhá ověřování","notImportedYet":"Nebylo nic vloženo","otherAccount":"Další účty","mobile":"Mobil","afterFbImport":"Vaše přátele z Facebooku můžete kdykoliv převést a upravit v nastavení kontaktů.","firefox-accounts":"Firefox Accounts","fxa-overview":{"innerHTML":"A Firefox Account lets you use features like Find My Device and apps like the Firefox Marketplace."},"fxa-create-account-or-sign-in":"Create Account or Sign In","fxa-email-sent":"A verification link has been sent to {{email}}","about-your-rights-0":"{{brandShortName}} je svobodný software s otevřeným zdrojovým kódem, který je vytvářen tisíci dobrovolníky z celého světa. Je zde ale několik věcí, které byste měli vědět:","about-your-rights-1":"{{brandShortName}} je dostupná za podmínek stanovených v Mozilla Public License a dalších svobodných licencích. Zařízení používající {{brandShortName}} může také obsahovat chráněný software třetích stran. Svobodné licence vám umožňuje software pozměňovat a šířit vámi pozměněné verze za podmínek stanovených v konkrétním licenčním ujednání.","about-your-rights-2":"Nejsou vám však podstoupena žádná práva ani licence k ochranným známkám Mozilla Foundation, či třetích stran, a to zejména k logu a jménu {{brandShortName}}.","about-your-rights-3":"Některé funkce {{brandShortName}}, jako např. Hlášení pádů, vám umožní odeslat zpětnou vazbu organizaci Mozilla. Odesláním zpětné vazby, poskytujete organizaci Mozilla povolení k užití zpětné vazbu pro vylepšení svých produktů, publikaci zpětně vazby na svých stránkách a distribuci zpětné vazby.","about-other":"Další","SIM_mandatory":"Upozornění karty SIM","SIM_mandatory_warm":"Vložte prosím kartu SIM a restartujte svůj telefon.","sharing-performance-data":"Sdílení dat o výkonu","telemetry-sends":"Vzdálené měření zasílá organizaci Mozilla data o výkonu, hardware, konfiguraci a nastavení vašeho zařízení s {{brandShortName}}. Pomůže nám to ke zvýšení rychlosti, výkonu a uživatelského komfortu příslušné aplikace.","learn-more-telemetry":{"innerHTML":"Learn more at {{link}}"},"learn-more-information":{"innerHTML":"Learn how Mozilla handles your information at {{link}}"},"welcomeBrowser":"Vítejte ve {{brandShortName}}, svobodném operačním systému s otevřeným zdrojovým kódem od společnosti Mozilla. Přinášíme vám otevřenost, inovace a příležitosti webových technologií až do vašich rukou.","learn-more-privacy":{"innerHTML":"Learn how Mozilla handles your information in our {{link}}."},"learn-more-privacy-link":"privacy policy","aboutBrowser":"O {{brandShortName}}","aboutYourPrivacy2":"Vaše soukromí","mozillaCommunity2":"Používáním {{brandShortName}} se stáváte členem světové komunity uživatelů usilujících o lepší budoucnost webu. Pokud se chcete dozvědět více o nás, našich dalších produktech a akcích ve vašem okolí, zadejte vaši e-mailovou adresu.","collaborate":"Chci pomoci zlepšit {{brandShortName}} pomocí sdílení dat o svém telefonu.","learnMore":"Dozvědět se více.","emailAddress":{"placeholder":"E-mailová adresa"},"email-successfully-added":"E-mail úspěšně přidán","email-loading":"Probíhá ukládání vašeho e-mailu…","browserPrivacyChoices":"Ochrana soukromí {{brandShortName}}","privacy-b2g":{"_":"{{brandShortName}}","title":"{{brandShortName}}"},"privacy-marketplace":{"_":"Tržiště","title":"{{privacy-marketplace}}"},"privacy-e-me":{"_":"everything.me","title":"{{privacy-e-me}}"},"navbar-back":"Zpět","navbar-next":"Další","navbar-join":"Spojit","thatsIt":"Hotovo!","startYourPhone":"Průvodce vaším telefonem!","startYourTablet":"Průvodce vaším tabletem!","joinTutorial":"Krátké seznámení s vašim novým telefonem.","enjoyYourPhone":"Jste připraven(a) užít si svůj nový telefon.","optionsAvailable":"Jazyk, datum/čas a Wi-Fi připojení lze změnit v nastavení.","letsGo":"Začít","startTour":"Spustit prohlídku","thatsIt1Tablet-2":"Na domovskou stránku se vždy dostanete přejetím prstem směrem od spodního okraje obrazovky. ","thatsIt2Tablet-2":"Pojďme na to!","tutorial-step1-tiny":"Pro prohlídku svých aplikací přejíždějte prstem zprava doleva.","tutorial-step2-tiny":"Přidržte ikonku prstem, pokud ji chcete smazat nebo přesunout.","tutorial-step3-tiny":"Vložte libovolné klíčové slovo nebo téma a váš telefon se vám přizpůsobí. ","tutorial-step4-tiny":"Přejeďte dolů a získejte přístup k posledním upozorněním, informaci o kreditu a nastavení.","tutorial-step5-tiny":"Přidržte tlačítko Domů k prohlížení a uzavření běžících aplikací.","tutorial-step6-tiny":"Přejížděním prstem od kraje obrazovky se přesouváte mezi naposledy použitými aplikacemi. ","tutorial-step1-large-2":"Přejetím prstem seshora dolů přistupujte k nejnovějším upozorněním, informacím o kreditu a nastavením.","tutorial-step2-large-2":"Přejetím prstem zleva nebo doprava objevujte nové aplikace na domovské obrazovce. ","tutorial-step3-large-2":"Pro smazání aplikace či její přesunutí na ni klepněte prstem a přidržte.","tutorial-step4-large-2":"Přejetím dvěma prste směrem od dolního okraje obrazovky vyvoláte seznam panelů. ","offline-dialog-title":"K prohlížení této stránky musíte být připojeni k internetu.","offline-dialog-text":"Běžte prosím zpět a připojte se k internetu. Tuto stránku si také můžete prohlédnout z nastavení nebo pokud zadáte {{url}} do prohlížeče.","OK":"OK","offline-newsletter-dialog-title":"K přihlášení se k odběru novinek musíte být připojeni k internetu.","offline-newsletter-dialog-text":"Běžte prosím zpět a připojte se k internetu.","invalid-email-dialog-title":"Váš e-mail není platný","invalid-email-dialog-text":"Běžte prosím zpět a opravte jej.","cancel":"Zrušit","weekday-0-long":"Neděle","weekday-1-long":"Pondělí","weekday-2-long":"Úterý","weekday-3-long":"Středa","weekday-4-long":"Čtvrtek","weekday-5-long":"Pátek","weekday-6-long":"Sobota","weekday-0-short":"Ne","weekday-1-short":"Po","weekday-2-short":"Út","weekday-3-short":"St","weekday-4-short":"Čt","weekday-5-short":"Pá","weekday-6-short":"So","month-0-long":"Leden","month-1-long":"Únor","month-2-long":"Březen","month-3-long":"Duben","month-4-long":"Květen","month-5-long":"Červen","month-6-long":"Červenec","month-7-long":"Srpen","month-8-long":"Září","month-9-long":"Říjen","month-10-long":"Listopad","month-11-long":"Prosinec","month-0-genitive":"Leden","month-1-genitive":"Únor","month-2-genitive":"Březen","month-3-genitive":"Duben","month-4-genitive":"Květen","month-5-genitive":"Červen","month-6-genitive":"Červenec","month-7-genitive":"Srpen","month-8-genitive":"Září","month-9-genitive":"Říjen","month-10-genitive":"Listopad","month-11-genitive":"Prosinec","month-0-short":"leden","month-1-short":"únor","month-2-short":"březen","month-3-short":"duben","month-4-short":"květen","month-5-short":"červen","month-6-short":"červenec","month-7-short":"srpen","month-8-short":"září","month-9-short":"říjen","month-10-short":"listopad","month-11-short":"prosinec","minutes-ago-long":{"_index":["plural","value"],"_":{"zero":"právě teď","one":"před minutou","two":"před 2 minutami","few":"před {{value}} minutami","many":"před {{value}} minutami","other":"před {{value}} minutami"}},"hours-ago-long":{"_index":["plural","value"],"_":{"zero":"právě teď","one":"před hodinou","two":"před 2 hodinami","few":"před {{value}} hodinami","many":"před {{value}} hodinami","other":"před {{value}} hodinami"}},"days-ago-long":{"_index":["plural","value"],"_":{"zero":"dnes","one":"včera","two":"předevčírem","few":"před {{value}} dny","many":"před {{value}} dny","other":"před {{value}} dny"}},"weeks-ago-long":{"_index":["plural","value"],"_":{"zero":"tento týden","one":"minutý týden","two":"před {{value}} týdny","few":"před {{value}} týdny","many":"před {{value}} týdny","other":"před {{value}} týdny"}},"months-ago-long":{"_index":["plural","value"],"_":{"zero":"tento měsíc","one":"minulý měsíc","two":"před {{value}} měsíci","few":"před {{value}} měsíci","many":"před {{value}} měsíci","other":"před {{value}} měsíci"}},"years-ago-long":{"_index":["plural","value"],"_":{"zero":"tento rok","one":"minulý rok","two":"před {{value}} roky","few":"před {{value}} roky","many":"před {{value}} roky","other":"před {{value}} roky"}},"minutes-until-long":{"_index":["plural","value"],"_":{"zero":"nyní","one":"za minutu","two":"za 2 minuty","few":"za {{value}} minuty","many":"za {{value}} minut","other":"za {{value}} minut"}},"hours-until-long":{"_index":["plural","value"],"_":{"zero":"nyní","one":"za hodinu","two":"za 2 hodiny","few":"za {{value}} hodiny","many":"za {{value}} hodin","other":"za {{value}} hodin"}},"days-until-long":{"_index":["plural","value"],"_":{"zero":"dnes","one":"zítra","two":"pozítří","few":"za {{value}} dny","many":"za {{value}} dnů","other":"za {{value}} dnů"}},"weeks-until-long":{"_index":["plural","value"],"_":{"zero":"tento týden","one":"příští týden","two":"za {{value}} týdny","few":"za {{value}} týdny","many":"za {{value}} týdnů","other":"za {{value}} týdnů"}},"months-until-long":{"_index":["plural","value"],"_":{"zero":"tento měsíc","one":"příští měsíc","two":"za {{value}} měsíce","few":"za {{value}} měsíce","many":"za {{value}} měsíců","other":"za {{value}} měsíců"}},"years-until-long":{"_index":["plural","value"],"_":{"zero":"tento rok","one":"příští rok","two":"za {{value}} roky","few":"za {{value}} roky","many":"za {{value}} roků","other":"za {{value}} roků"}},"minutes-ago-short":{"_index":["plural","value"],"_":{"zero":"právě teď","other":"před {{value}} min"}},"hours-ago-short":{"_index":["plural","value"],"_":{"zero":"právě teď","other":"před {{value}} hod"}},"days-ago-short":{"_index":["plural","value"],"_":{"zero":"dnes","other":"před {{value}} dny"}},"minutes-until-short":{"_index":["plural","value"],"_":{"zero":"nyní","other":"za {{value}} min"}},"hours-until-short":{"_index":["plural","value"],"_":{"zero":"nyní","other":"za {{value}} hod"}},"days-until-short":{"_index":["plural","value"],"_":{"zero":"dnes","other":"za {{value}} dny"}},"incorrectDate":"(neplatné datum)","dateTimeFormat_%c":"%a %e. %b %Y %H:%M:%S","dateTimeFormat_%x":"%e. %m. %Y","dateTimeFormat_%X":"%H:%M:%S","shortTimeFormat":"%H:%M","shortDateTimeFormat":"%x %H:%M","weekStartsOnMonday":"1","time_am":"AM","time_pm":"PM","tz-region":"Oblast","tz-city":"Město","tzRegion-Africa":"Afrika","tzRegion-America":"Amerika","tzRegion-Antarctica":"Antarktida","tzRegion-Asia":"Asie","tzRegion-Atlantic":"Atlantský oceán","tzRegion-Australia":"Austrálie","tzRegion-Europe":"Evropa","tzRegion-Indian":"Indický oceán","tzRegion-Pacific":"Tichý oceán","close":"Close","import":"Import","update":"Update","fbFriends":"Facebook Friends","live-serviceName":"Outlook","gmail-serviceName":"Gmail","facebook-serviceName":"Facebook Friends","selectAll":"Select all","deselectAll":"Deselect all","viewAll":"View All Facebook Friends","viewRecommend":"View Only Recommended","linkProposal":{"_index":["plural","numFriends"],"_":{"zero":"No matching friends. Showing all","one":"Select the recommended one","two":"Select a recommended one","few":"Select a recommended one","many":"Select a recommended one","other":"Select a recommended one"}},"fbFriendsFound":{"_index":["plural","numFriends"],"_":{"zero":"All your friends are imported","one":"Found one friend to import","two":"Found {{numFriends}} friends to import","few":"Found {{numFriends}} friends to import","many":"Found {{numFriends}} friends to import","other":"Found {{numFriends}} friends to import"}},"facebook":"Facebook","search-contact":{"placeholder":"Search"},"noResults":"No contacts found","done-search":"Done","progressFB3ImportTitle":"Importing friends to Contacts","progressFB":"{{current}}/{{total}}","progressFB3UpdateTitle":"Updating friends in Contacts","message2":"This may take a couple of minutes","messageLinking":"Please hold on. We are linking your friend and your contact.","messageCanceling":"Please hold on. We are canceling the ongoing operation.","error1":"Error {{from}}","error2":"Do you want to retry?","errorProposal":"calculating proposals","errorFriends":"retrieving friends","errorLinking":"linking contact","timeout1":"Exceeded timeout {{from}}","timeout2":"Do you want to retry?","timeoutProposal":"calculating proposals","timeoutFriends":"retrieving friends","timeoutLinking":"linking contacts","wait1":"Please hold on","wait2":"This may take a couple of minutes","waitProposal":"Please hold on. We are calculating a proposal.","waitFriends":"Please hold on. We are connecting to obtain your friend list.","curtainCancel":"Cancel","curtainRetry":"Retry","curtainOK":"OK","connectionLost":"No Internet connection","connectionLostMsg":"Friends’ photos will not be added to your contacts. Continue anyway?","yesOption":"OK","noOption":"Cancel","friendsUpdated":{"_index":["plural","numFriends"],"_":{"zero":"No friends updated","one":"Updated one friend","two":"Updated {{numFriends}} friends","few":"Updated {{numFriends}} friends","many":"Updated {{numFriends}} friends","other":"Updated {{numFriends}} friends"}},"notificationLogin":"Your Facebook session is invalid. Please sign in.","syncError":"There was an error synchronizing your friend’s data","callAirplaneModeMessage":"Chcete-li volat, musíte v nastavení zakázat režim V letadle.","callAirplaneModeBtnOk":"OK","callAirplaneModeTitle":"Režim V letadle je aktivován","numberIsBusyTitle":"Číslo je zaneprázdněno","numberIsBusyMessage":"Číslo je aktuálně zaneprázdněno. Zkuste to prosím znovu později.","fdnIsActiveTitle":"FDN active","fdnIsActiveMessage":"FDN (Fixed Dialing Numbers) is activated and the following number is not in your FDN list: {{ number }}","voiceMail":"Hlasová schránka","emergencyNumber":"Tísňové volání","emergencyDialogBodyBadNumber":"Chcete-li volat, musí být telefon připojen k síti.","emergencyDialogBodyDeviceNotAccepted":"Tísňová volání nejsou sítí povolena.","emergencyDialogBtnOk":"OK","emergencyDialogTitle":"Žádné síťové připojení","invalidNumberToDialTitle":"Neplatné telefonní číslo","invalidNumberToDialMessage":"Telefonní číslo, které vytáčíte, je neplatné.","unableToCallTitle":"V současné době nelze uskutečnit telefonní hovor.","unableToCallMessage":"Nelze uskutečnit telefonní hovor. Pokud již vytáčíte, zavěste prosím.","otherConnectionInUseTitle":"Právě se používá jiné spojení","otherConnectionInUseMessage":"Právě probíhá hovor v dalším vašem spojení. Současně je možné využívat pouze jedno spojení.","addNewNumber":"Add new number","addToExistingContact":"Přidat k existujícímu kontaktu","all":"Vše","asterisk":{"ariaLabel":"Asterisk"},"callLog":"Historie volání","callLogEdit":{"title":"Edit call log"},"callLogEditDialog":{"ariaLabel":"Edit call log dialog"},"connecting":"Připojování","cf-async":"Asynchroní: {{ async }}\\n","cf-data":"Data: {{ data }}\\n","cf-error":"Při získávání stavu přesměrování volání nastala chyba","cf-fax":"FAX: {{ fax }}\\n","cf-inactive":"Neaktivní","cf-packet":"Paket: {{ packet }}\\n","cf-pad":"PAD: {{ pad }}\\n","cf-sms":"SMS: {{ sms }}\\n","cf-status":"Stav přesměrování volání\\n","cf-sync":"Synchroní: {{ sync }}\\n","cf-voice":"Hlas: {{ voice }}\\n","confirm-deletion":"Vymazat zvolená volání?","contacts":"Kontakty","createNewContact":"Vytvořit nový kontakt","delete":"Delete","dialerAddContact":{"ariaLabel":"Add contact"},"dialerAddContactDialog":{"ariaLabel":"Add Contact Dialog"},"edit-selected":{"_index":["plural","n"],"_":{"one":"{{ n }} zvolený","two":"{{ n }} zvolené","few":"{{ n }} zvolené","many":"{{ n }} zvolených","other":"{{ n }} zvolených"}},"edit":"Upravit","hashSign":{"ariaLabel":"Hash sign"},"hideKeypad":{"ariaLabel":"Hide keypad"},"ignore":"Ignorovat volání","incoming":"Příchozí","keypad":{"ariaLabel":"Keypad"},"keypadDelete":{"ariaLabel":"Delete"},"makeCall":{"ariaLabel":"Make call"},"merge":"Sloučit","missed":"Zmeškané","missedCall":"Zmeškané volání","missedCallMultiSims":"(SIM {{ n }}) Zmeškané volání","mmi-error":"Při posílání zprávy nastala chyba","mmi-session-expired":"Relace vypršela","mmi-successfully-sent":"Zpráva byla úspěšně odeslána","mute":{"ariaLabel":"Mute"},"newCall":{"ariaLabel":"New call"},"no-logs-msg-1":"Není zaznamenáno žádné volání","no-logs-msg-2":"Zahájení komunikace","no-logs-msg-3":"Žádná zmeškaná volání","phoneNumberInput":{"ariaLabel":"Phone number"},"recents":{"ariaLabel":"Recent calls"},"reply":"Odpověď","switch-calls":"Přepnout volání","today":"Dnes","voiceMailKey":{"ariaLabel":"Voicemail"},"withheld-number":"Utajené číslo","from-contact":"Od {{ contact }}","from-number":"Od {{ number }}","from-withheld-number":"Z utajeného čísla","yesterday":"Včera","sending":"Odesílání…","speakerOption":{"ariaLabel":"Speaker"},"ussd-services":"Služby {{ operator }}","toggleKeypad":{"ariaLabel":"Toggle keypad"},"type-your-response":{"placeholder":"Napište svou odpověď…"},"clear-all-text":"Vymazat celý text","hide":"Skrýt","call":"Hovor","hold":"Přidržet","resume":"Pokračovat","sendSms":"Odeslat zprávu","callEnded":"Hovor ukončen","via-sim":"skrze SIM{{ n }}","sim-number":"SIM{{ n }}","hangup-a11y-button":{"aria-label":"Zavěsit"},"pickup-a11y-button":{"aria-label":"Zvednout"},"unlock-a11y-button":{"aria-label":"Posuvník"},"settings":"Nastavení","delete-n-log?":{"_index":["plural","n"],"_":{"zero":"Nic nebylo zvoleno","one":"Smazat vybraný log?","two":"Smazat {{ n }} logy?","few":"Smazat {{ n }} logy?","many":"Smazat {{ n }} logů?","other":"Smazat {{ n }} logů?"}},"callDurationMinutes":"{{ m }}:{{ s }}","callDurationHours":"{{ h }}:{{ m }}:{{ s}}","suggestionMatches":{"_index":["plural","n"],"_":{"one":"{{ n }} odpovídá \"{{ matchNumber }}\"","two":"{{ n }} odpovídá \"{{ matchNumber }}\"","few":"{{ n }} odpovídá \"{{ matchNumber }}\"","many":"{{ n }} odpovídá \"{{ matchNumber }}\"","other":"{{ n }} odpovídá \"{{ matchNumber }}\""}},"scCallBarring":"Blokování hovoru","scCallForwarding":"Přesměrování hovoru","scClip":"ID příchozího hovoru","scClir":"ID odchozího hovoru","scPwd":"Změna hesla","scCallWaiting":"Čekající hovor","scPin":"Změna PIN","scPin2":"Změna PIN2","scPuk":"Odblokování PIN","scPuk2":"Odblokování PIN2","scImei":"IMEI","scUssd":"USSD","serviceClassVoice":"Hlas","serviceClassData":"Data","serviceClassFax":"FAX","serviceClassSms":"SMS","serviceClassDataSync":"Sync","serviceClassDataAsync":"Async","serviceClassPacket":"Paket","serviceClassPad":"PAD","smServiceEnabled":"Služba byla povolena","smServiceDisabled":"Služba byla zakázána","smServiceRegistered":"Registrace byla úspěšná","smServiceErased":"Vymazání bylo úspěšné","smServiceInterrogated":"Požadavek byl úspěšný","smServiceNotProvisioned":"Služba není dotována","smClirPermanent":"Nemůžete změnit nastavení identifikace volajícího","smClirDefaultOnNextCallOn":"Výchozí identifikace volajícího omezena. Příští hovor: omezeno","smClirDefaultOnNextCallOff":"Výchozí identifikace volajícího neomezena. Příští hovor: neomezeno","smClirDefaultOffNextCallOn":"Výchozí identifikace volajícího omezena. Příští hovor: omezeno","smClirDefaultOffNextCallOff":"Výchozí identifikace volajícího neomezena. Příští hovor: neomezeno","smServiceEnabledFor":"Služba byla povolena pro:","smPinChanged":"Kód PIN úspěšně změněn","smPinUnblocked":"Kód PIN úspěšně odblokován","smPin2Changed":"Kód PIN2 úspěšně změněn","smPin2Unblocked":"Kód PIN2 úspěšně odblokován","emMmiError":"Problém s připojením či neplatný kód MMI","emMmiErrorPasswordIncorrect":"Neplatné heslo","emMmiErrorNotSupported":"Neplatný nebo nepodporovaný kód MMI","emMmiErrorInvalidAction":"Neplatná akce","emMmiErrorInvalidScCode":"Neplatný servisní kód","emMmiErrorBadPuk":"Kód PUK, který jste zadal(a), není platný","emMmiErrorBadPin":"Starý PIN, který jste zadal(a), není platný","emMmiErrorNeedPuk2":"Pro odblokování karty SIM zadejte kód PUK2","emMmiErrorMismatchPin":"Kódy PIN, které jste zadal(a), si neodpovídají","emMmiErrorInvalidPin":"Zadejte kód PIN, který je dlouhý 4 až 8 čísel","emMmiErrorNeedsPuk":"Vaše karta SIM je uzamčena kódem PUK","emMmiErrorEnablePin":"Neúspěch. Povolte SIM/RUIM LOCK","emMmiErrorMmiFdn":"Operace je omezena na konkrétní čísla volání","emMmiErrorStkCcUssdDial":"USSD požadavek je upraven na DIAL požadavek","emMmiErrorStkCcUssdSs":"USSD požadavek je upraven na SS požadavek","emMmiErrorStkCcUssdUssd":"USSD požadavek je upraven na nový USSD požadavek","emMmiErrorStkCcSsDial":"SS požadavek je upraven na DIAL požadavek","emMmiErrorStkCcSsUssd":"SS požadavek je upraven na USSD požadavek","emMmiErrorStkCcSsSs":"SS požadavek je upraven na nový SS požadavek","emMmiErrorPinPukAttempts":{"_index":["plural","n"],"_":{"one":"Zbývá pouze {{ n }} pokud","two":"Zbývají {{ n }} pokusy","few":"Zbývájí {{ n }} pokusy","many":"Zbývá {{ n }} pokusů","other":"Zbývá {{ n }} pokusů"}},"emMmiErrorSimBlocked":"Bylo dosaženo maximálního počtu pokusů. Karta SIM je zablokována","RadioNotAvailable":"Rádio není dostupné","GenericFailure":"Obecné selhání","PasswordIncorrect":"Neplatné heslo","SimPin2":"SIM PIN2","SimPuk2":"SIM PUK2","RequestNotSupported":"Požadavek není podporován","OpNotAllowedDuringVoiceCall":"Operace není během hlasového hovoru povolena","SmsSendFailRetry":"Opakované selhání poslání SMS zprávy","SimAbsent":"Chybějící SIM","SubscriptionNotAvailable":"Odběr není dostupný","ModeNotSupported":"Mód není podporován","FdnCheckFailure":"Kontrola Fdn sehala","IllegalSimOrMe":"Neplatná SIM či ME","DialModifiedToUssd":"Dial upraven na USSD","DialModifiedToSs":"Dial upraven na SS","DialModifiedToDial":"Dial upraven na dial","UssdModifiedToDial":"USSD upraven na dial","UssdModifiedToSs":"USSD upraven na SS","UssdModifiedToUssd":"USSD upraven na USSD","SsModifiedToDial":"SS upraven na dial","SsModifiedToUssd":"SS upraven na USSD","SsModifiedToSs":"SS upraven na SS","SubscriptionNotSupported":"Odběr není podporován","InvalidParameter":"Neplatné parametry","RejectedByRemote":"Zamítnuto vzdálenou stranou","group-call":{"_index":["plural","n"],"_":{"one":"Skupinové volání ({{ n }})","two":"Skupinová volání ({{ n }})","few":"Skupinová volání ({{ n }})","many":"Skupinová volání ({{ n }})","other":"Skupinová volání ({{ n }})"}},"caller-left-call":"Volající {{ caller }} opustil hovor.","conferenceAddError":"Není možné spojit hovory","conferenceRemoveError":"Není možné rozdělit hovory","longDateFormat":"%A %e %B","select-audio-sources":"Zvolte zdroje zvuku","bluetooth-handsfree-device":"Bluetooth zařízení handsfree","receiver":"Přijímač","speaker":"Reproduktor","add":"Přidat","done":"Hotovo","retry":"Opakovat","addContact":"Přidat kontakt","deleteContact":"Smazat kontakt","selectContact":"Zvolit kontakt","editContact":"Úprava","deleteConfirmMsg":"Smazat kontakt?","remove":"Odebrat","comments":"Komentáře","no_contact_phones":"Tento kontakt neobsahuje telefonní číslo","no_contact_email":"Tento kontakt neobsahuje e-mailovou adresu","removePhotoConfirm":"Odebrat obrázek kontaktu?","loadingContacts":"Načítání kontaktů…","noContactsActivity":"Nelze přidat k žádnému kontaktu, protože váš seznam kontaktů je prázdný","noName":"Žádné jméno","givenName":{"placeholder":"Jméno"},"familyName":{"placeholder":"Příjmení"},"tel":{"placeholder":"Telefon"},"carrier":{"_":"Operátor","placeholder":"Operátor"},"separator":",","email":{"_":"E-mail","placeholder":"E-mail"},"streetAddress":{"placeholder":"Ulice"},"postalCode":{"placeholder":"PSČ"},"locality":{"placeholder":"Město"},"countryName":{"placeholder":"Země"},"comment":{"placeholder":"Komentář"},"org":{"placeholder":"Firma"},"custom":"Vlastní značka","date":{"_":"Datum","placeholder":"Datum"},"date-span-placeholder":"Date","birthday":"Narozeniny","dateFormat":"%e. %Eb","dateOutput":"{{dayMonthFormatted}} {{year}}","anniversary":"Výročí","addPhoto":"Přidat fotografii","addPhone":"Přidat telefon","addEmail":"Přidat e-mail","addAddress":"Přidat adresu","addDate":"Přidat datum","addComment":"Přidat komentář","addFavorite":"Nastavit jako oblíbený","removeFavorite":"Odebrat z oblíbených","label":"Označení","home":"Domů","work":"Práce","personal":"Osobní","faxHome":"Fax domů","faxOffice":"Fax kancelář","faxOther":"Fax ostatní","another":"Další","other":"Jiné","current":"Current","itemWithLabel":"{{label}}, {{item}}","exit":"Ukončit","expand":"Rozbalit","labelName":"Jméno:","labelLastName":"Příjmení:","labelPhoneNumber":"Telefonní číslo:","labelCarrier":"Operátor:","labelEmail":"E-mail:","labelStreet":"Ulice:","labelZip":"PSČ:","labelCity":"Město:","labelCountry":"Země:","labelComment":"Komentář:","legendTitleMain":"Hlavní informace","legendPhones":"Telefonní čísla","legendEmail":"E-mailové adresy","legendAddress":"Adresy","transferContactsTitle":"Přenos kontaktů","importContactsTitle":"Import kontaktů","importContactsButton":"Import kontaktů","exportContactsTitle":"Export kontaktů","exportContactsButton":"Export kontaktů","exportContactsAction":"Export","simExport-title":"Export na SIM kartu","sdExport-title":"Export na SD kartu","btExport-title":"Export skrze Bluetooth","sdUMSEnabled":"Nelze použít SD kartu, protože je povoleno USB storage ","exportErrorTitle":"Chyba při exportu","contactsExported2":{"_index":["plural","exported"],"_":{"zero":"Nebyly exportovány žádné kontakty","one":"{{exported}}/{{total}} kontakt exportován","two":"{{exported}}/{{total}} kontakty exportovány","few":"{{exported}}/{{total}} kontakty exportovány","many":"{{exported}}/{{total}} kontaktů exportováno","other":"{{exported}}/{{total}} kontaktů exportováno"}},"exportError-general":"Při exportu nastala neurčená chyba","exportError-SD-shared":"Nelze přistupovat k paměťové kartě, protože je sdílená   ","exportError-SD-unavailable":"Paměťová karta je nedostupná ","exportError-SD-noSpace":"Pro export kontaktů není dostatek volného místa na paměťové kartě ","exportError-SIM-unavailable":"Karta SIM není dostupná ","exportError-BT-shared":"Nelze přistupovat k paměťové kartě, protože je sdílená   ","exportError-BT-unavailable":"Paměťová karta je nedostupná ","exportError-BT-noSpace":"Pro export kontaktů není dostatek volného místa na paměťové kartě ","simContacts-import":"Import kontaktů ze SIM","simContacts-importing":"Probíhá import kontaktů ze SIM…","simContacts-reading":"Probíhá čtení z karty SIM…","simContacts-error":"Kontakty se ze SIM nepodařilo naimportovat","simContacts-imported3":{"_index":["plural","n"],"_":{"zero":"Na SIM nebyly nalezeny žádné kontakty pro import","one":"Naimportován jeden kontakt","two":"Naimportovány {{n}} kontakty","few":"Naimportovány {{n}} kontakty","many":"Naimportováno {{n}} kontaktů","other":"Naimportováno {{n}} kontaktů"}},"noSimMsgExport":"Pro export kontaktů vložte či odblokujte kartu SIM","simNumber":"SIM {{number}}","memoryCardContacts-import":"Import kontaktů z paměťové karty","memoryCardContacts-importing":"Probíhá import kontaktů z paměťové karty...","memoryCardContacts-reading":"Probíhá čtení z paměťové karty...","memoryCardContacts-error":"Kontakty se z paměťové karty nepodařilo naimportovat","memoryCardContacts-imported3":{"_index":["plural","n"],"_":{"zero":"Na paměťové kartě nebyly nalezeny žádné kontakty","one":"Naimportován jeden kontakt","two":"Naimportovány {{n}} kontakty","few":"Naimportovány {{n}} kontakty","many":"Naimportováno {{n}} kontaktů","other":"Naimportováno {{n}} kontaktů"}},"noMemoryCardMsgExport":"Pro export kontaktů vložte paměťovou kartu","genericProgress":"{{current}}/{{total}}","social-network":"Sociální sítě","social-link":"Propojit kontakt","social-unlink":"Odpojit kontakt","social-unlink-confirm-title":"Chcete vašeho přítele odpojit?","social-unlink-confirm-accept":"Odpojit","facebook-import":"Importovat přátele z Facebooku","show-fb-profile":"Zobrazit profil na Facebooku","msg-send":"Zpráva","wall-post":"Příspěvek na zdi","facebook-import-msg":{"_index":["plural","imported"],"_":{"zero":"Přátelé nenaimportováni (z {{total}})","one":"Byl naimportován jeden přítel (z {{total}})","two":"Naimportováno {{imported}}/{{total}} přátel","few":"Naimportováno {{imported}}/{{total}} přátel","many":"Naimportováno {{imported}}/{{total}} přátel","other":"Naimportováno {{imported}}/{{total}} přátel"}},"facebookSwitchMsg":"Synchronizace přátel","select_mobile":"Volba telefonu","select_email":"Volba e-mailu","contactsOrderBy":"Seřadit dle příjmení","bluetooth":"Bluetooth","fbUpdateFriends":"Aktualizace přátel","cleaningFbData":"Odebrání dat z Facebooku","loggingOutFb":"Odhlášení z Facebooku","cleanFbConfirmMsg":"Odebrat všechna data z Facebooku?","renewPwdMsg":"Vaše heslo na Facebooku se změnilo. Aktualizujte jej prosím. ","notEnabledYet":"Dosud nepovoleno","genericNoConnection":"Pro import kontaktů se připojte k Wi-Fi či datové síti","simCard":"SIM karta","memoryCard":"Paměťová karta","create-new":"Vytvoření nového kontaktu","import-now":"Import kontaktů z karty SIM či Facebooku ","no-contacts":"Žádné kontakty","start-adding":"Začněte s jejich přidáváním","notImported":"Neimportovány","imported":"Naimportovány","organise-contacts":"Správa kontaktů","find-merge-contacts":"Hledat duplicitní kontakty","preparing-contacts":"Příprava kontaktů","exportError-SIM-NoFreeRecordFound":"Karta SIM je plná","exportError-SIM-CannotAccessPhoneBook":"Nezdařil se přístup ke kontaktům na kartě SIM","exportError-SIM-Unavailable":"Žádná karta SIM","exportError-SIM-GenericError":"Při exportu kontaktu nastala chyba","ContactManagementTitle":"Contacts Management","DeleteTitle":"Delete","bulkDeleteButton":"Delete Contacts","BulkDelCancel":"Contacts delete cancelled","DeletedTxt":{"_index":["plural","n"],"_":{"zero":"No Contact to Delete","one":"1 Contact removed","two":"{{n}} Contacts removed","few":"{{n}} Contacts removed","many":"{{n}} Contacts removed","other":"{{n}} Contacts removed"}},"DeletingContacts":"Deleting contacts","ContactConfirmDel":{"_index":["plural","n"],"_":{"zero":"No Contact to Delete","one":"Delete 1 Contact? This cannot be undone.","two":"Delete {{n}} Contacts? This cannot be undone.","few":"Delete {{n}} Contacts? This cannot be undone.","many":"Delete {{n}} Contacts? This cannot be undone.","other":"Delete {{n}} Contacts? This cannot be undone."}},"SelectedTxt":{"_index":["plural","n"],"_":{"zero":"Contacts","one":"{{n}} selected","two":"{{n}} selected","few":"{{n}} selected","many":"{{n}} selected","other":"{{n}} selected"}},"sim-picker-dial-via-with-number":"Volat {{ phoneNumber }} přes","sim-picker-select-sim":"Zvolte kartu SIM","sim-picker-button":"SIM{{ n }}","sim-picker-button-default":"(předvolená)","waitDuplicateContacts":"Hledání duplicitních kontaktů","waitMergingDuplicateContacts":"Slučování duplicitních kontaktů","alertNoDuplicateContacts":"Nebyly nalezeny žádné duplicitní kontakty","mergeDuplicateTitle":"Sloučení duplicit","suggestedDuplicateContacts":"Navržené duplicitní kontakty pro {{name}}","mergeActionButtonLabel":{"_index":["plural","n"],"_":{"zero":"Nebyly vybrány žádné kontakty","one":"Sloučit s {{n}} kontaktem","other":"Sloučit s {{n}} kontakty"}},"duplicatesFoundTitle":"Nalezeny duplicity","duplicatesFoundMessage":"{{name}} duplikuje informace v následujících kontaktech"}