{"brandShortName":"B2G OS","browserBrandShortName":"Internet-Browser","browserBrandFullName":"Mozilla-Internet-Browser","back":"Zurück","noSimMsg":"Zum Importieren von Kontakten muss die SIM-Karte eingelegt und entsperrt sein.","noMemoryCardMsg":"Legen Sie zum Importieren von Kontakten eine Speicherkarte ein.","importMemoryCard":"Speicherkarte","noConnection11":"Verbinden Sie zum Importieren Ihrer Facebook-Freunde oder von Kontakten mit einem WLAN-Netzwerk oder einem Datenübertragungen unterstützenden Mobilfunknetz.","pincode2":"PIN-Code eingeben","type_pin":"PIN für SIM eingeben","pincodeLabel":"PIN für SIM {{n}}","pinValidation":"Die PIN muss aus 4 bis 8 Zeichen bestehen.","pinError":"Die PIN war falsch.","pinAttemptMsg2":{"_index":["plural","n"],"_":{"one":"Letzter Versuch.","two":"Es bleiben {{n}} Versuche.","few":"Es bleiben {{n}} Versuche.","many":"Es bleiben {{n}} Versuche.","other":"Es bleiben {{n}} Versuche."}},"pinLastChanceMsg":"Dies ist Ihr letzter Versuch, um die richtige PIN einzugeben. Danach müssen Sie den PUK-Code eingeben, um die SIM-Karte zu entsperren.","pukcode":"PUK-Code eingeben","pukcodeTitle":"PUK für SIM {{n}} eingeben","pukcodeLabel":"PUK für SIM {{n}}","type_puk":"PUK-Code","pukValidation":"Der PUK-Code muss aus genau 8 Zeichen bestehen.","pukInfo":"Sie müssen den persönlichen Entsperrschlüssel (PUK-Code) für die SIM-Karte eingeben. Sehen Sie in der Dokumentation Ihrer SIM-Karte nach oder wenden Sie sich an Ihren Mobilfunkbetreiber, um weitere Informationen zu erhalten.","pukError":"Der PUK-Code war falsch.","pukAttemptMsg2":{"_index":["plural","n"],"_":{"one":"Sie haben noch einen Versuch, um den richtigen Code einzugeben, bevor diese SIM-Karte dauerhaft unbenutzbar wird. Sehen Sie in Ihrer SIM-Karten-Dokumentation nach oder wenden Sie sich an Ihren Mobilfunkbetreiber, um weitere Informationen zu erhalten.","two":"Sie haben noch {{n}} Versuche, um den richtigen Code einzugeben, bevor diese SIM-Karte dauerhaft unbenutzbar wird. Sehen Sie in Ihrer SIM-Karten-Dokumentation nach oder wenden Sie sich an Ihren Mobilfunkbetreiber, um weitere Informationen zu erhalten.","few":"Sie haben noch {{n}} Versuche, um den richtigen Code einzugeben, bevor diese SIM-Karte dauerhaft unbenutzbar wird. Sehen Sie in Ihrer SIM-Karten-Dokumentation nach oder wenden Sie sich an Ihren Mobilfunkbetreiber, um weitere Informationen zu erhalten.","many":"Sie haben noch {{n}} Versuche, um den richtigen Code einzugeben, bevor diese SIM-Karte dauerhaft unbenutzbar wird. Sehen Sie in Ihrer SIM-Karten-Dokumentation nach oder wenden Sie sich an Ihren Mobilfunkbetreiber, um weitere Informationen zu erhalten.","other":"Sie haben noch {{n}} Versuche, um den richtigen Code einzugeben, bevor diese SIM-Karte dauerhaft unbenutzbar wird. Sehen Sie in Ihrer SIM-Karten-Dokumentation nach oder wenden Sie sich an Ihren Mobilfunkbetreiber, um weitere Informationen zu erhalten."}},"pukLastChanceMsg":"Dies ist Ihre letzte Chance, um den korrekten PUK-Code einzugeben. Ihre SIM-Karte wird dauerhaft unbenutzbar, wenn Sie einen falschen PUK-Code eingeben.","create_newpin":"Neue PIN erstellen (4 bis 8 Zeichen)","confirm_newpin":"Neue PIN bestätigen","newpinConfirmation":"PINs stimmen nicht überein","nckcode":"NCK-Code eingeben","cckcode":"CCK-Code eingeben","spckcode":"SPCK-Code eingeben","nck1code":"Enter NCK1 code","nck2code":"Enter NCK2 code","hnckcode":"Enter HNCK code","rcckcode":"Enter RCCK code","rspckcode":"Enter RSPCK code","nckcodeTitle":"NCK für SIM {{n}} eingeben","cckcodeTitle":"CCK für SIM {{n}} eingeben","spckcodeTitle":"SPCK für  SIM {{n}} eingeben","nck1codeTitle":"Enter SIM {{n}} NCK1","nck2codeTitle":"Enter SIM {{n}} NCK2","hnckcodeTitle":"Enter SIM {{n}} HNCK","rcckcodeTitle":"Enter SIM {{n}} RCCK","rspckcodeTitle":"Enter SIM {{n}} RSPCK","nckcodeLabel":"NCK für SIM {{n}}","cckcodeLabel":"CCK für SIM {{n}}","spckcodeLabel":"SPCK für SIM {{n}}","nck1codeLabel":"SIM {{n}} NCK1","nck2codeLabel":"SIM {{n}} NCK2","hnckcodeLabel":"SIM {{n}} HNCK","rcckcodeLabel":"SIM {{n}} RCCK","rspckcodeLabel":"SIM {{n}} RSPCK","type_nck":"Geben Sie Ihren NCK-Code ein:","type_cck":"Geben Sie Ihren CCK-Code ein:","type_spck":"Geben Sie Ihren SPCK-Code ein:","type_nck1":"Type your NCK1 code","type_nck2":"Type your NCK2 code","type_hnck":"Type your HNCK code","type_rcck":"Type your RCCK code","type_rspck":"Type your RSPCK code","nckValidation":"Der NCK-Code muss aus 8 bis 16 Zeichen bestehen.","cckValidation":"Der CCK-Code muss aus 8 bis 16 Zeichen bestehen.","spckValidation":"Der SPCK-Code muss aus 8 bis 16 Zeichen bestehen.","nck1Validation":"NCK1 must have between 8 and 16 characters.","nck2Validation":"NCK2 must have between 8 and 16 characters.","hnckValidation":"HNCK must have between 8 and 16 characters.","rcckValidation":"RCCK must have between 8 and 16 characters.","rspckValidation":"RSPCK must have between 8 and 16 characters.","nckErrorMsg":"Der NCK-Code ist falsch.","nckAttemptMsg2":{"_index":["plural","n"],"_":{"one":"Netzwerkdepersonalisierungsanfrage schlug fehl. Sie haben einen Versuch, um den richtigen Code einzugeben. Sehen Sie in der Dokumentation Ihre Gerätes nach oder wenden Sie sich an Ihren Mobilfunkbetreiber.","two":"Netzwerkdepersonalisierungsanfrage schlug fehl. Sie haben {{n}} Versuche, um den richtigen Code einzugeben. Sehen Sie in der Dokumentation Ihre Gerätes nach oder wenden Sie sich an Ihren Mobilfunkbetreiber.","few":"Netzwerkdepersonalisierungsanfrage schlug fehl. Sie haben {{n}} Versuche, um den richtigen Code einzugeben. Sehen Sie in der Dokumentation Ihre Gerätes nach oder wenden Sie sich an Ihren Mobilfunkbetreiber.","many":"Netzwerkdepersonalisierungsanfrage schlug fehl. Sie haben {{n}} Versuche, um den richtigen Code einzugeben. Sehen Sie in der Dokumentation Ihre Gerätes nach oder wenden Sie sich an Ihren Mobilfunkbetreiber.","other":"Netzwerkdepersonalisierungsanfrage schlug fehl. Sie haben {{n}} Versuche, um den richtigen Code einzugeben. Sehen Sie in der Dokumentation Ihre Gerätes nach oder wenden Sie sich an Ihren Mobilfunkbetreiber."}},"nckLastChanceMsg":"Aufheben der Mobilfunknetzvorgabe war nicht erfolgreich. Dies ist der letzte Versuch, um den richtigen Code einzugeben. Sehen Sie in der Dokumentation Ihre Gerätes nach oder wenden Sie sich an Ihren Mobilfunkbetreiber.","skip":"Überspringen","send":"Senden","ok":"OK","simLocked":"Die SIM-Karte ist gesperrt.","inputCodeRetriesLeft":{"_index":["plural","n"],"_":{"one":"Letzter Versuch","two":"{{n}} Versuche verbleibend","few":"{{n}} Versuche verbleibend","many":"{{n}} Versuche verbleibend","other":"{{n}} Versuche verbleibend"}},"simManager":"SIM-Verwaltung","simDetail":"SIM {{n}}","simDefault":"(Standard)","simDefaultMessage":"Als Standard für ausgehende Anrufe, Nachrichten und Datenverbindungen wurde SIM 1 festgelegt.","simSettingsMessage":"Die Standardeinstellungen können in Einstellungen > SIM-Verwaltung geändert werden.","simPinLocked":"SIM-PIN gesperrt","noOperator":"Kein Mobilfunknetzbetreiber","language":"Sprache","english":"Englisch","dvorak":"Englisch (Dvorak)","spanish":"Spanisch","portuguese":"Brasilianisches Portugiesisch","french":"Französisch","italian":"Italienisch","arabic":"Arabisch","greek":"Griechisch","hebrew":"Hebräisch","jp-kanji":"Japanisch","jp-kanji-desc":"Kanji","traditionalChinese":"Chinesisch (traditionell)","traditionalChinese-desc":"Zhuyin","simplifiedChinese":"Chinesisch (vereinfacht)","simplifiedChinese-desc":"Pinyin","3g":"Mobile Daten","dataConnection":"Datenverbindung","dataConnectionInfo":"Das Aktivieren der Datenverbindung ermöglicht das Einrichten des Telefons ohne WLAN-Verbindung. Sie können sie auch später in den Einstellungen aktivieren. Stellen Sie sicher, dass Sie einen Datentarif bei Ihrem Mobilfunkanbieter haben, um hohe Rechnungen zu vermeiden.","caution":"Warnung","geolocation":"Standortzugriff","geolocationCheckbox":"Standortzugriff","geolocationInfo2":"{{brandShortName}} verwendet Daten wie GPS sowie WLAN-Netzwerke und Mobilfunknetze in Ihrer Nähe für eine ungefähre Standortbestimmung.","geolocationInfoMore":"Es werden Daten an Mozilla und andere Diensteanbieter gesendet, um mit allen zur Verfügung stehenden Daten diese Datenbanken zu verbessern. Dabei können Daten auf Ihrem Gerät gespeichert werden und die Datenerfassung kann auch stattfinden, während keine Apps laufen.","notice":"Hinweis","aboutYourPrivacy":"Weitere Informationen zu Ihrer Privatsphäre","wifi":"WLAN","scanningNetworks":"Es wird nach Netzwerken gesucht…","selectNetwork":"Netzwerke","shortStatus-connecting":"Verbindung wird hergestellt…","shortStatus-associated":"IP-Adresse wird angefordert…","shortStatus-connected":"Verbunden","shortStatus-connectingfailed":"Verbindung fehlgeschlagen","shortStatus-disconnected":"Offline","securedBy":"gesichert durch {{capabilities}}","security":"Sicherheit","securityNone":"Keine","securityWEP":"WEP","securityWPA-PSK":"WPA-PSK","securityWPA-EAP":"WPA-EAP","securityOpen":"Offen","identity":"Benutzer","identityInput":{"placeholder":"WLAN-Benutzername eingeben"},"password":"Passwort","passwordInput":{"placeholder":"WLAN-Passwort eingeben"},"showPassword":"Passwort anzeigen","refresh":"Aktualisieren","noWifiFound3":"Keine Drahtlosnetzwerke gefunden","join-hidden-button":"Mit verstecktem Netzwerk verbinden","authentication":"Authentifizierung","ssid-name":"SSID-Netzwerkname","dateAndTime":"Datum & Uhrzeit","setTimeAutomatically":"Automatisch einstellen","timezoneMessage":"Zeitzone","timezoneTitle":"UTC{{utcOffset}} {{region}}/{{city}}","dateMessage":"Datum","timeMessage":"Uhrzeit","timeZone":"Zeitzone","change":"Ändern","importContacts3":"Kontakte importieren","importSim2":"SIM-Karte","importFb2":"Facebook","importOutlook":"Outlook","importGmail":"Gmail","fb-checking":"… wird überprüft","notImportedYet":"Noch nicht importiert","otherAccount":"Andere Konten","mobile":"Mobil","afterFbImport":"Sie können jederzeit in den Einstellungen der Kontaktverwaltung Facebook-Freunde importieren und bearbeiten","firefox-accounts":"Firefox Accounts","fxa-overview":{"innerHTML":"A Firefox Account lets you use features like Find My Device and apps like the Firefox Marketplace."},"fxa-create-account-or-sign-in":"Create Account or Sign In","fxa-email-sent":"A verification link has been sent to {{email}}","about-your-rights-0":"{{brandShortName}} basiert auf freier und quelloffene Software, entwickelt von einer Gemeinschaft tausender Gleichgesinnter, verteilt über die gesamte Welt. Es gibt da einige Dinge, die Sie wissen sollten:","about-your-rights-1":"{{brandShortName}} wird Ihnen unter den Bedingungen verschiedener Lizenzen für quelloffene Software einschließlich der Mozilla Public License zur Verfügung gestellt. Ein Gerät, auf dem {{brandShortName}} läuft, kann auch durch Urheberrechte geschützte Software dritter Parteien enthalten. Das bedeutet, Sie dürfen jeden Code, der unter einer Lizenz für quelloffene Software veröffentlicht wurde, verändern und die modifizierten Versionen verteilen, so lang Sie sich an die Bedingungen halten.","about-your-rights-2":"Mozilla gibt Ihnen keine Markenrechte oder Lizenzen an den Handelsmarken der Mozilla Foundation oder irgendeiner Partei, einschließlich ohne Einschränkungen am Namen {{brandShortName}} oder dem Logo von {{brandShortName}}.","about-your-rights-3":"Einige Funktionen in {{brandShortName}} wie der Absturzmelder geben Ihnen die Möglichkeit, Feedback an Mozilla zu senden. Mit dem Absenden des Feedbacks erklären Sie sich damit einverstanden, dass Mozilla die Erlaubnis hat, das Feedback zur Verbesserung seiner Produkte einzusetzen, es auf seiner Website zu veröffentlichen sowie es weiterzugeben.","about-other":"Weitere","SIM_mandatory":"SIM-Karten-Warnung","SIM_mandatory_warm":"Bitte legen Sie eine SIM-Karte ein und starten Sie das Telefon neu.","sharing-performance-data":"Senden von Performanzdaten","telemetry-sends":"Telemetrie sendet Mozilla Informationen über Performanz, Hardware, Einstellungen und Anpassungen Ihres {{brandShortName}}-Geräts. Wir verwenden diese Informationen, um unsere Produkte besser, schneller und reaktionsfähiger zu machen.","learn-more-telemetry":{"innerHTML":"Learn more at {{link}}"},"learn-more-information":{"innerHTML":"Learn how Mozilla handles your information at {{link}}"},"welcomeBrowser":"Willkommen bei {{brandShortName}}, dem freien und quelloffenen Betriebssystem von Mozilla. Unsere Mission ist das Werben für Offenheit, Innovationen und Möglichkeiten, wozu die Macht des Internets in Ihren Händen verbleiben soll.","learn-more-privacy":{"innerHTML":"Learn how Mozilla handles your information in our {{link}}."},"learn-more-privacy-link":"privacy policy","aboutBrowser":"Über {{brandShortName}}","aboutYourPrivacy2":"Ihre Privatsphäre","mozillaCommunity2":"Wenn Sie {{brandShortName}} benutzen, werden Sie Teil einer globalen Gemeinschaft, welche dabei hilft, eine leuchtendere Zukunft für das Internet zu erschaffen. Falls Sie mehr über die Mozilla-Gemeinschaft, unsere Produkte oder Veranstaltungen in Ihrer Nähe erfahren möchten, so geben Sie bitte unten Ihre E-Mail-Adresse ein.","collaborate":"Ich will dabei helfen, {{brandShortName}} schneller und benutzerfreundlicher zu machen, indem ich Informationen über mein Telefon mitteile.","learnMore":"Weitere Informationen","emailAddress":{"placeholder":"E-Mail-Adresse"},"email-successfully-added":"E-Mail-Adresse erfolgreich hinzugefügt","email-loading":"Ihre E-Mail-Adresse wird gespeichert…","browserPrivacyChoices":"Privatsphäre","privacy-b2g":{"_":"{{brandShortName}}","title":"{{brandShortName}}"},"privacy-marketplace":{"_":"Marketplace","title":"{{privacy-marketplace}}"},"privacy-e-me":{"_":"everything.me","title":"{{privacy-e-me}}"},"navbar-back":"Zurück","navbar-next":"Weiter","navbar-join":"Verbinden","thatsIt":"Geschafft!","startYourPhone":"Erste Schritte","startYourTablet":"Erste Schritte","joinTutorial":"Erhalten Sie eine kleine Einführung zu Ihrem neuen Telefon.","enjoyYourPhone":"Viel Spaß mit Ihrem neuen Telefon!","optionsAvailable":"Sie können Sprache, Datum und Uhrzeit sowie WLAN-Verbindungen in den Einstellungen ändern.","letsGo":"Los geht's!","startTour":"Einführung","thatsIt1Tablet-2":"Sie können den Startbildschirm durch Wischen vom unteren Rand nach oben öffnen.","thatsIt2Tablet-2":"Legen Sie los!","tutorial-step1-tiny":"Wischen Sie von rechts nach links, um zu Ihren Apps zu gelangen.","tutorial-step2-tiny":"Berühren Sie ein Symbol und halten Sie es gedrückt, um es zu löschen oder zu verschieben.","tutorial-step3-tiny":"Geben Sie ein Schlüsselwort oder Thema in das Suchfeld ein und Ihr Telefon wird sich sofort anpassen.","tutorial-step4-tiny":"Wischen Sie nach unten, um auf neue Benachrichtigungen, Guthabeninformationen und Einstellungen zuzugreifen.","tutorial-step5-tiny":"Drücken Sie lange auf die Start-Taste, um zwischen den Apps zu wechseln oder die zuletzt verwendeten Apps zu schließen.","tutorial-step6-tiny":"Wischen Sie von der Bildschirmseite, um zwischen den kürzlich verwendeten Apps zu wechseln.","tutorial-step1-large-2":"Wischen Sie von oben nach unten, um auf neue Benachrichtigungen, Guthabeninformationen und Einstellungen zuzugreifen.","tutorial-step2-large-2":"Wischen Sie nach links oder rechts, um neue Apps auf dem Startbildschirm zu entdecken.","tutorial-step3-large-2":"Tippen Sie ein Symbol an und halten Sie es gedrückt, um es zu löschen oder zu verschieben.","tutorial-step4-large-2":"Wischen Sie mit zwei Fingern von unten nach oben, um zur Kartendarstellung zu wechseln.","offline-dialog-title":"Sie müssen zum Aufrufen der Seite mit dem Internet verbunden sein.","offline-dialog-text":"Bitte gehen Sie zurück und stellen Sie eine Internetverbindung her. Sie können die Seite auch später in den Einstellungen oder durch Eingabe von {{url}} in jedem Browser aufrufen.","OK":"OK","offline-newsletter-dialog-title":"Sie müssen mit dem Internet verbunden sein, um den Newsletter zu abonnieren.","offline-newsletter-dialog-text":"Bitte gehen Sie zurück und stellen Sie eine Internetverbindung her.","invalid-email-dialog-title":"Ihre E-Mail-Adresse ist ungültig.","invalid-email-dialog-text":"Bitte gehen Sie zurück und korrigieren Sie Ihre Eingabe.","cancel":"Abbrechen","weekday-0-long":"Sonntag","weekday-1-long":"Montag","weekday-2-long":"Dienstag","weekday-3-long":"Mittwoch","weekday-4-long":"Donnerstag","weekday-5-long":"Freitag","weekday-6-long":"Samstag","weekday-0-short":"So","weekday-1-short":"Mo","weekday-2-short":"Di","weekday-3-short":"Mi","weekday-4-short":"Do","weekday-5-short":"Fr","weekday-6-short":"Sa","month-0-long":"Januar","month-1-long":"Februar","month-2-long":"März","month-3-long":"April","month-4-long":"Mai","month-5-long":"Juni","month-6-long":"Juli","month-7-long":"August","month-8-long":"September","month-9-long":"Oktober","month-10-long":"November","month-11-long":"Dezember","month-0-genitive":"Januar","month-1-genitive":"Februar","month-2-genitive":"März","month-3-genitive":"April","month-4-genitive":"Mai","month-5-genitive":"Juni","month-6-genitive":"Juli","month-7-genitive":"August","month-8-genitive":"September","month-9-genitive":"Oktober","month-10-genitive":"November","month-11-genitive":"Dezember","month-0-short":"Jan","month-1-short":"Feb","month-2-short":"Mär","month-3-short":"Apr","month-4-short":"Mai","month-5-short":"Jun","month-6-short":"Jul","month-7-short":"Aug","month-8-short":"Sep","month-9-short":"Okt","month-10-short":"Nov","month-11-short":"Dez","minutes-ago-long":{"_index":["plural","value"],"_":{"zero":"gerade eben","one":"vor 1 Minute","two":"vor {{value}} Minuten","few":"vor {{value}} Minuten","many":"vor {{value}} Minuten","other":"vor {{value}} Minuten"}},"hours-ago-long":{"_index":["plural","value"],"_":{"zero":"gerade eben","one":"vor 1 Stunde","two":"vor {{value}} Stunden","few":"vor {{value}} Stunden","many":"vor {{value}} Stunden","other":"vor {{value}} Stunden"}},"days-ago-long":{"_index":["plural","value"],"_":{"zero":"heute","one":"gestern","two":"vor {{value}} Tagen","few":"vor {{value}} Tagen","many":"vor {{value}} Tagen","other":"vor {{value}} Tagen"}},"weeks-ago-long":{"_index":["plural","value"],"_":{"zero":"diese Woche","one":"letzte Woche","two":"vor {{value}} Wochen","few":"vor {{value}} Wochen","many":"vor {{value}} Wochen","other":"vor {{value}} Wochen"}},"months-ago-long":{"_index":["plural","value"],"_":{"zero":"diesen Monat","one":"letzten Monat","two":"vor {{value}} Monaten","few":"vor {{value}} Monaten","many":"vor {{value}} Monaten","other":"vor {{value}} Monaten"}},"years-ago-long":{"_index":["plural","value"],"_":{"zero":"dieses Jahr","one":"letztes Jahr","two":"vor {{value}} Jahren","few":"vor {{value}} Jahren","many":"vor {{value}} Jahren","other":"vor {{value}} Jahren"}},"minutes-until-long":{"_index":["plural","value"],"_":{"zero":"jetzt","one":"in 1 Minute","two":"in {{value}} Minuten","few":"in {{value}} Minuten","many":"in {{value}} Minuten","other":"in {{value}} Minuten"}},"hours-until-long":{"_index":["plural","value"],"_":{"zero":"jetzt","one":"in einer Stunde","two":"in {{value}} Stunden","few":"in {{value}} Stunden","many":"in {{value}} Stunden","other":"in {{value}} Stunden"}},"days-until-long":{"_index":["plural","value"],"_":{"zero":"heute","one":"morgen","two":"in {{value}} Tagen","few":"in {{value}} Tagen","many":"in {{value}} Tagen","other":"in {{value}} Tagen"}},"weeks-until-long":{"_index":["plural","value"],"_":{"zero":"diese Woche","one":"nächste Woche","two":"in {{value}} Wochen","few":"in {{value}} Wochen","many":"in {{value}} Wochen","other":"in {{value}} Wochen"}},"months-until-long":{"_index":["plural","value"],"_":{"zero":"diesen Monat","one":"nächsten Monat","two":"in {{value}} Monaten","few":"in {{value}} Monaten","many":"in {{value}} Monaten","other":"in {{value}} Monaten"}},"years-until-long":{"_index":["plural","value"],"_":{"zero":"dieses Jahr","one":"nächstes Jahr","two":"in {{value}} Jahren","few":"in {{value}} Jahren","many":"in {{value}} Jahren","other":"in {{value}} Jahren"}},"minutes-ago-short":{"_index":["plural","value"],"_":{"zero":"jetzt","other":"vor {{value}} m"}},"hours-ago-short":{"_index":["plural","value"],"_":{"zero":"jetzt","other":"vor {{value}} h"}},"days-ago-short":{"_index":["plural","value"],"_":{"zero":"heute","other":"vor {{value}} d"}},"minutes-until-short":{"_index":["plural","value"],"_":{"zero":"jetzt","other":"in {{value}} m"}},"hours-until-short":{"_index":["plural","value"],"_":{"zero":"jetzt","other":"in {{value}} h"}},"days-until-short":{"_index":["plural","value"],"_":{"zero":"heute","other":"in {{value}} d"}},"incorrectDate":"(ungültiges Datum)","dateTimeFormat_%c":"%a, %e. %b %Y %H:%M:%S","dateTimeFormat_%x":"%d.%m.%Y","dateTimeFormat_%X":"%H:%M:%S","shortTimeFormat":"%H:%M","shortDateTimeFormat":"%x %H:%M","weekStartsOnMonday":"1","time_am":"AM","time_pm":"PM","tz-region":"Region","tz-city":"Stadt","tzRegion-Africa":"Afrika","tzRegion-America":"Amerika","tzRegion-Antarctica":"Antarktis","tzRegion-Asia":"Asien","tzRegion-Atlantic":"Atlantik","tzRegion-Australia":"Australien","tzRegion-Europe":"Europa","tzRegion-Indian":"Indischer Ozean","tzRegion-Pacific":"Pazifik","close":"Schließen","import":"Importieren","update":"Aktualisieren","fbFriends":"Facebook","live-serviceName":"Windows Live","gmail-serviceName":"Gmail","facebook-serviceName":"Facebook-Freunde","selectAll":"Alle auswählen","deselectAll":"Alle abwählen","viewAll":"Alle Facebook-Freunde anzeigen","viewRecommend":"Nur Empfohlene anzeigen","linkProposal":{"_index":["plural","numFriends"],"_":{"zero":"Keine übereinstimmenden Freunde. Zeige alle an.","one":"Den Vorschlag auswählen","two":"Einen Vorschlag auswählen","few":"Einen Vorschlag auswählen","many":"Einen Vorschlag auswählen","other":"Einen Vorschlag auswählen"}},"fbFriendsFound":{"_index":["plural","numFriends"],"_":{"zero":"Alle Ihre Freunde wurden importiert.","one":"Einen Freund für den Import gefunden","two":"{{numFriends}} Freunde für den Import gefunden","few":"{{numFriends}} Freunde für den Import gefunden","many":"{{numFriends}} Freunde für den Import gefunden","other":"{{numFriends}} Freunde für den Import gefunden"}},"facebook":"Facebook","search-contact":{"placeholder":"Suchen"},"noResults":"Keine Kontakte gefunden","done-search":"Fertig","progressFB3ImportTitle":"Freunde werden in Kontakte importiert","progressFB":"{{current}}/{{total}}","progressFB3UpdateTitle":"Freunde in Kontakten werden aktualisiert","message2":"Dies kann einige Minuten in Anspruch nehmen","messageLinking":"Bitte warten Sie. Ihre Freunde werden mit Ihren Kontakten verknüpft.","messageCanceling":"Bitte warten Sie. Der laufende Vorgang wird abgebrochen.","error1":"Fehler {{from}}","error2":"Erneut versuchen?","errorProposal":"beim Erstellen der Vorschläge","errorFriends":"beim Abrufen der Freunde","errorLinking":"beim Verknüpfen der Kontakte","timeout1":"Verbindungs-Zeitlimit überschritten {{from}}","timeout2":"Erneut versuchen?","timeoutProposal":"beim Erstellen der Vorschläge","timeoutFriends":"beim Abrufen der Freunde","timeoutLinking":"beim Verknüpfen der Kontakte","wait1":"Bitte warten Sie","wait2":"Dies kann einige Minuten in Anspruch nehmen","waitProposal":"Bitte warten Sie. Vorschlag wird erstellt…","waitFriends":"Bitte warten Sie. Ihre Freundesliste wird abgerufen…","curtainCancel":"Abbrechen","curtainRetry":"Erneut versuchen","curtainOK":"OK","connectionLost":"Keine Internetverbindung","connectionLostMsg":"Die Fotos Ihrer Freunde werden nicht zu Ihren Kontakten hinzugefügt. Wollen Sie trotzdem fortfahren?","yesOption":"OK","noOption":"Abbrechen","friendsUpdated":{"_index":["plural","numFriends"],"_":{"zero":"Keine Freunde aktualisiert","one":"Ein Freund aktualisiert","two":"{{numFriends}} Freunde aktualisiert","few":"{{numFriends}} Freunde aktualisiert","many":"{{numFriends}} Freunde aktualisiert","other":"{{numFriends}} Freunde aktualisiert"}},"notificationLogin":"Ihre Facebook-Sitzung ist ungültig. Bitte melden Sie sich an.","syncError":"Fehler beim Abgleichen der Daten Ihrer Freunde","callAirplaneModeMessage":"Um einen Anruf zu tätigen, müssen Sie den Flugmodus in den Einstellungen deaktivieren.","callAirplaneModeBtnOk":"OK","callAirplaneModeTitle":"Flugmodus aktiv","numberIsBusyTitle":"Nummer ist besetzt","numberIsBusyMessage":"Die Nummer ist derzeit besetzt. Bitte versuchen Sie es später erneut.","fdnIsActiveTitle":"FDN active","fdnIsActiveMessage":"FDN (Fixed Dialing Numbers) is activated and the following number is not in your FDN list: {{ number }}","voiceMail":"Mailbox","emergencyNumber":"Notrufnummer","emergencyDialogBodyBadNumber":"Um einen Anruf tätigen zu können, müssen Sie zunächst eine Netzverbindung aufbauen.","emergencyDialogBodyDeviceNotAccepted":"Notrufe werden von diesem Netz nicht zugelassen.","emergencyDialogBtnOk":"OK","emergencyDialogTitle":"Keine Netzverbindung","invalidNumberToDialTitle":"Ungültige Telefonnummer","invalidNumberToDialMessage":"Die von Ihnen gewählte Nummer ist keine gültige Telefonnummer.","unableToCallTitle":"Kann derzeit keine Telefonanrufe tätigen.","unableToCallMessage":"Kann derzeit keine Telefonanrufe tätigen. Falls Sie bereits wählen, so legen Sie bitte vor dem erneuten Wählen erst noch einmal auf.","otherConnectionInUseTitle":"Andere Verbindung wird verwendet","otherConnectionInUseMessage":"Auf einer anderen Verbindung läuft derzeit ein Gespräch. Es kann maximal eine Verbindung verwendet werden.","addNewNumber":"Add new number","addToExistingContact":"Zu bestehendem Kontakt hinzufügen","all":"Alle","asterisk":{"ariaLabel":"Asterisk"},"callLog":"Anrufliste","callLogEdit":{"title":"Edit call log"},"callLogEditDialog":{"ariaLabel":"Edit call log dialog"},"connecting":"Verbinden…","cf-async":"Asynchron: {{ async }}\\n","cf-data":"Daten: {{ data }}\\n","cf-error":"Beim Abrufen des Weiterleitungsstatus trat ein Fehler auf","cf-fax":"Fax: {{ fax }}\\n","cf-inactive":"Inaktiv","cf-packet":"Paket: {{ packet }}\\n","cf-pad":"Notizen: {{ pad }}\\n","cf-sms":"SMS: {{ sms }}\\n","cf-status":"Weiterleitungsstatus\\n","cf-sync":"Synchron: {{ sync }}\\n","cf-voice":"Telefon: {{ voice }}\\n","confirm-deletion":"Alle Anrufe löschen?\\nSollen wirklich alle Anrufe aus der Anrufliste gelöscht werden?","contacts":"Kontakte","createNewContact":"Als neuen Kontakt speichern","delete":"Delete","dialerAddContact":{"ariaLabel":"Add contact"},"dialerAddContactDialog":{"ariaLabel":"Add Contact Dialog"},"edit-selected":{"_index":["plural","n"],"_":{"one":"{{ n }} ausgewählt","two":"{{ n }} ausgewählt","few":"{{ n }} ausgewählt","many":"{{ n }} ausgewählt","other":"{{ n }} ausgewählt"}},"edit":"Bearbeiten","hashSign":{"ariaLabel":"Hash sign"},"hideKeypad":{"ariaLabel":"Hide keypad"},"ignore":"Anruf ignorieren","incoming":"Eingehend","keypad":{"ariaLabel":"Keypad"},"keypadDelete":{"ariaLabel":"Delete"},"makeCall":{"ariaLabel":"Make call"},"merge":"Zusammenführen","missed":"Entgangen","missedCall":"Entgangener Anruf","missedCallMultiSims":"(SIM {{ n }}) Entgangener Anruf","mmi-error":"Beim Senden der Nachricht trat ein Fehler auf","mmi-session-expired":"Sitzung abgelaufen","mmi-successfully-sent":"Nachricht erfolgreich gesendet","mute":{"ariaLabel":"Mute"},"newCall":{"ariaLabel":"New call"},"no-logs-msg-1":"Keine Anrufe","no-logs-msg-2":"Rufen Sie doch jemanden an.","no-logs-msg-3":"Keine entgangenen Anrufe","phoneNumberInput":{"ariaLabel":"Phone number"},"recents":{"ariaLabel":"Recent calls"},"reply":"Antworten","switch-calls":"Gespräche wechseln","today":"Heute","voiceMailKey":{"ariaLabel":"Voicemail"},"withheld-number":"Keine Nummer","from-contact":"Von {{ contact }}","from-number":"Von {{ number }}","from-withheld-number":"Von unterdrückter Nummer","yesterday":"Gestern","sending":"Wird gesendet…","speakerOption":{"ariaLabel":"Speaker"},"ussd-services":"Dienste von {{ operator }}","toggleKeypad":{"ariaLabel":"Toggle keypad"},"type-your-response":{"placeholder":"Tippen Sie Ihre Antwort…"},"clear-all-text":"Gesamten Text löschen","hide":"Ausblenden","call":"Anrufen","hold":"Gespräch halten","resume":"Fortsetzen","sendSms":"Nachricht senden","callEnded":"Gespräch beendet","via-sim":"über SIM{{ n }}","sim-number":"SIM{{ n }}","hangup-a11y-button":{"aria-label":"Auflegen"},"pickup-a11y-button":{"aria-label":"Annehmen"},"unlock-a11y-button":{"aria-label":"Schieber"},"settings":"Einstellungen","delete-n-log?":{"_index":["plural","n"],"_":{"zero":"Nichts ausgewählt","one":"Ausgewählten Anruf entfernen?","two":"{{ n }} Anrufe entfernen?","few":"{{ n }} Anrufe entfernen?","many":"{{ n }} Anrufe entfernen?","other":"{{ n }} Anrufe entfernen?"}},"callDurationMinutes":"{{ m }}:{{ s }}","callDurationHours":"{{ h }}:{{ m }}:{{ s}}","suggestionMatches":{"_index":["plural","n"],"_":{"one":"{{ n }} Vorschlag für \"{{ matchNumber }}\"","two":"{{ n }} Vorschläge für \"{{ matchNumber }}\"","few":"{{ n }} Vorschläge für \"{{ matchNumber }}\"","many":"{{ n }} Vorschläge für \"{{ matchNumber }}\"","other":"{{ n }} Vorschläge für \"{{ matchNumber }}\""}},"scCallBarring":"Anrufblockierung","scCallForwarding":"Anrufweiterleitung","scClip":"Anrufer-ID eingehend","scClir":"Anrufer-ID ausgehend","scPwd":"Passwort ändern","scCallWaiting":"Wartender Anruf","scPin":"PIN ändern","scPin2":"PIN2 ändern","scPuk":"PIN entsperren","scPuk2":"PIN2 entsperren","scImei":"IMEI","scUssd":"USSD","serviceClassVoice":"Sprache","serviceClassData":"Daten","serviceClassFax":"FAX","serviceClassSms":"SMS","serviceClassDataSync":"Synchron","serviceClassDataAsync":"Asynchron","serviceClassPacket":"Paket","serviceClassPad":"PAD","smServiceEnabled":"Dienst wurde aktiviert.","smServiceDisabled":"Dienst wurde deaktiviert.","smServiceRegistered":"Registrierung war erfolgreich.","smServiceErased":"Löschen war erfolgreich.","smServiceInterrogated":"Anfrage war erfolgreich.","smServiceNotProvisioned":"Dienst steht nicht zur Verfügung.","smClirPermanent":"Sie können die Anrufer-ID-Einstellung nicht ändern.","smClirDefaultOnNextCallOn":"Standard für Anrufer-ID ist \"unterdrückt\". Nächster Anruf: Unterdrückt","smClirDefaultOnNextCallOff":"Standard für Anrufer-ID ist \"unterdrückt\". Nächster Anruf: Nicht unterdrückt","smClirDefaultOffNextCallOn":"Standard für Anrufer-ID ist \"nicht unterdrückt\". Nächster Anruf: Unterdrückt","smClirDefaultOffNextCallOff":"Standard für Anrufer-ID ist \"nicht unterdrückt\". Nächster Anruf: Nicht unterdrückt","smServiceEnabledFor":"Dienst wurde aktiviert für:","smPinChanged":"PIN erfolgreich geändert","smPinUnblocked":"PIN erfolgreich entsperrt","smPin2Changed":"PIN2 erfolgreich geändert","smPin2Unblocked":"PIN2 erfolgreich entsperrt","emMmiError":"Verbindungsproblem oder ungültiger MMI-Code","emMmiErrorPasswordIncorrect":"Falsches Passwort","emMmiErrorNotSupported":"Ungültiger oder nicht unterstützter MMI-Code","emMmiErrorInvalidAction":"Ungültige Aktion","emMmiErrorInvalidScCode":"Ungültiger Dienst-Code","emMmiErrorBadPuk":"Eingegebener PUK-Code ist falsch","emMmiErrorBadPin":"Die eingegebene alte PIN ist falsch.","emMmiErrorNeedPuk2":"PUK2 eingeben, um SIM-Karte zu entsperren","emMmiErrorMismatchPin":"Eingegebene PINs stimmen nicht überein","emMmiErrorInvalidPin":"Geben Sie eine PIN mit 4 bis 8 Zahlen ein.","emMmiErrorNeedsPuk":"Die SIM-Karte hat eine PUK-Sperre.","emMmiErrorEnablePin":"Fehlgeschlagen. SIM/RUIM LOCK aktivieren","emMmiErrorMmiFdn":"Vorgang ist nur für festgelegte Anrufnummern erlaubt.","emMmiErrorStkCcUssdDial":"USSD-Anfrage in DIAL-Anfrage umgewandelt","emMmiErrorStkCcUssdSs":"USSD-Anfrage in SS-Anfrage umgewandelt","emMmiErrorStkCcUssdUssd":"USSD-Anfrage in neue USSD-Anfrage umgewandelt","emMmiErrorStkCcSsDial":"SS-Anfrage in DIAL-Anfrage umgewandelt","emMmiErrorStkCcSsUssd":"SS-Anfrage in USSD-Anfrage umgewandelt","emMmiErrorStkCcSsSs":"SS-Anfrage in neue SS-Anfrage umgewandelt","emMmiErrorPinPukAttempts":{"_index":["plural","n"],"_":{"one":"Nur {{ n }} Versuch verbleibend","two":"{{ n }} Versuche verbleibend","few":"{{ n }} Versuche verbleibend","many":"{{ n }} Versuche verbleibend","other":"{{ n }} Versuche verbleibend"}},"emMmiErrorSimBlocked":"Maximale Anzahl an Versuchen überschritten. SIM-Karte gesperrt.","RadioNotAvailable":"Funk-Ebene nicht verfügbar","GenericFailure":"Allgemeiner Fehler","PasswordIncorrect":"Passwort falsch","SimPin2":"SIM-PIN2","SimPuk2":"SIM-PUK2","RequestNotSupported":"Anfrage wird nicht unterstützt","OpNotAllowedDuringVoiceCall":"Vorgang während Anruf nicht erlaubt","SmsSendFailRetry":"SMS-Sendevorgang schlug fehl. Erneuter Versuch…","SimAbsent":"Keine SIM","SubscriptionNotAvailable":"Abonnement nicht verfügbar","ModeNotSupported":"Modus nicht unterstützt","FdnCheckFailure":"Fehler bei Fdn-Überprüfung","IllegalSimOrMe":"Ungültige SIM oder ME","DialModifiedToUssd":"DIAL umgewandelt in USSD","DialModifiedToSs":"DIAL umgewandelt in SS","DialModifiedToDial":"DIAL umgewandelt in DIAL","UssdModifiedToDial":"USSD umgewandelt in DIAL","UssdModifiedToSs":"USSD umgewandelt in SS","UssdModifiedToUssd":"USSD umgewandelt in USSD","SsModifiedToDial":"SS umgewandelt in DIAL","SsModifiedToUssd":"SS umgewandelt in USSD","SsModifiedToSs":"SS umgewandelt in SS","SubscriptionNotSupported":"Abonnement nicht unterstützt","InvalidParameter":"Ungültiger Parameter","RejectedByRemote":"Von Gegenseite zurückgewiesen","group-call":{"_index":["plural","n"],"_":{"one":"Telefonkonferenz ({{ n }})","two":"Telefonkonferenz ({{ n }})","few":"Telefonkonferenz ({{ n }})","many":"Telefonkonferenz ({{ n }})","other":"Telefonkonferenz ({{ n }})"}},"caller-left-call":"{{ caller }} hat die Telefonkonferenz verlassen.","conferenceAddError":"Anrufe konnten nicht zusammengeführt werden.","conferenceRemoveError":"Telefonkonferenz konnte nicht aufgelöst werden.","longDateFormat":"%A, %e. %B","select-audio-sources":"Audioquellen auswählen","bluetooth-handsfree-device":"Bluetooth-Freisprechgerät","receiver":"Empfänger","speaker":"Lautsprecher","add":"Hinzufügen","done":"Fertig","retry":"Erneut versuchen","addContact":"Hinzufügen","deleteContact":"Kontakt löschen","selectContact":"Kontakt auswählen","editContact":"Bearbeiten","deleteConfirmMsg":"Soll dieser Kontakt wirklich gelöscht werden?","remove":"Löschen","comments":"Notizen","no_contact_phones":"Dieser Kontakt verfügt über keine Telefonnummer.","no_contact_email":"Dieser Kontakt verfügt über keine E-Mail-Adresse.","removePhotoConfirm":"Kontaktfoto entfernen?","loadingContacts":"Kontakte werden geladen…","noContactsActivity":"Telefonnummer kann nicht zu Kontakt hinzugefügt werden, weil das Adressbuch leer ist.","noName":"Kein Name","givenName":{"placeholder":"Vorname"},"familyName":{"placeholder":"Nachname"},"tel":{"placeholder":"Nummer"},"carrier":{"_":"Telefonanbieter","placeholder":"Anbieter"},"separator":", ","email":{"_":"E-Mail","placeholder":"E-Mail"},"streetAddress":{"placeholder":"Straße"},"postalCode":{"placeholder":"PLZ"},"locality":{"placeholder":"Ort"},"countryName":{"placeholder":"Land"},"comment":{"placeholder":"Notizen"},"org":{"placeholder":"Firma"},"custom":"Benutzerdefiniertes Feld","date":{"_":"Datum","placeholder":"Datum"},"date-span-placeholder":"Date","birthday":"Geburtstag","dateFormat":"%e. %B","dateOutput":"{{dayMonthFormatted}} {{year}}","anniversary":"Jahrestag","addPhoto":"Foto hinzufügen","addPhone":"Nummer hinzufügen","addEmail":"E-Mail-Adresse hinzufügen","addAddress":"Adresse hinzufügen","addDate":"Datum hinzufügen","addComment":"Notiz hinzufügen","addFavorite":"Als Favorit hinzufügen","removeFavorite":"Aus den Favoriten entfernen","label":"Kategorie","home":"Zuhause","work":"Dienstlich","personal":"Persönlich","faxHome":"Fax Zuhause","faxOffice":"Fax Dienstlich","faxOther":"Anderes Fax","another":"Sonstiges","other":"Sonstiges","current":"Aktuell","itemWithLabel":"{{label}}: {{item}}","exit":"Beenden","expand":"Ausklappen","labelName":"Vorname:","labelLastName":"Nachname:","labelPhoneNumber":"Telefonnummer:","labelCarrier":"Telefonanbieter:","labelEmail":"E-Mail:","labelStreet":"Straße:","labelZip":"Postleitzahl:","labelCity":"Ort:","labelCountry":"Land:","labelComment":"Notizen:","legendTitleMain":"Überblick","legendPhones":"Telefonnummern","legendEmail":"E-Mail-Adresse","legendAddress":"Adresse","transferContactsTitle":"Kontakte übertragen","importContactsTitle":"Kontakte importieren","importContactsButton":"Kontakte importieren","exportContactsTitle":"Kontakte exportieren","exportContactsButton":"Kontakte exportieren","exportContactsAction":"Exportieren","simExport-title":"Auf SIM-Karte exportieren","sdExport-title":"Auf SD-Karte exportieren","btExport-title":"Per Bluetooth exportieren","sdUMSEnabled":"SD-Karte kann nicht verwendet werden, weil der USB-Speicher aktiviert ist.","exportErrorTitle":"Fehler beim Export","contactsExported2":{"_index":["plural","exported"],"_":{"zero":"Keine Kontakte exportiert","one":"{{exported}}/{{total}} Kontakt exportiert","two":"{{exported}}/{{total}} Kontakten exportiert","few":"{{exported}}/{{total}} Kontakten exportiert","many":"{{exported}}/{{total}} Kontakten exportiert","other":"{{exported}}/{{total}} Kontakten exportiert"}},"exportError-general":"Während des Exports ist ein Fehler aufgetreten.","exportError-SD-shared":"Kein Zugriff auf die Speicherkarte, da sie mehrfach genutzt wird.","exportError-SD-unavailable":"Die Speicherkarte ist nicht verfügbar.","exportError-SD-noSpace":"Es gibt nicht genügend Platz auf der Speicherkarte, um die Kontakte zu exportieren.","exportError-SIM-unavailable":"Die SIM-Karte ist nicht verfügbar.","exportError-BT-shared":"Kein Zugriff auf die Speicherkarte, da sie mehrfach genutzt wird.","exportError-BT-unavailable":"Die Speicherkarte ist nicht verfügbar.","exportError-BT-noSpace":"Auf der Speicherkarte steht nicht genügend Platz zur Verfügung, um die Kontakte zu exportieren.","simContacts-import":"SIM-Kontakte importieren","simContacts-importing":"SIM-Kontakte werden importiert…","simContacts-reading":"SIM-Karte wird gelesen…","simContacts-error":"Konnte Kontakte nicht von SIM-Karte importieren","simContacts-imported3":{"_index":["plural","n"],"_":{"zero":"Keine Kontakte zum Importieren auf SIM gefunden","one":"Ein Kontakt importiert","two":"{{n}} Kontakte importiert","few":"{{n}} Kontakte importiert","many":"{{n}} Kontakte importiert","other":"{{n}} Kontakte importiert"}},"noSimMsgExport":"Zum Exportieren von Kontakten muss die SIM-Karte eingelegt und entsperrt sein.","simNumber":"SIM {{number}}","memoryCardContacts-import":"Kontakte von der Speicherkarte importieren","memoryCardContacts-importing":"Kontakte werden von der Speicherkarte importiert…","memoryCardContacts-reading":"Von der Speicherkarte wird gelesen…","memoryCardContacts-error":"Kontakte konnten nicht von der Speicherkarte importiert werden","memoryCardContacts-imported3":{"_index":["plural","n"],"_":{"zero":"Keine Kontakte für Import auf der Speicherkarte gefunden","one":"Ein Kontakt importiert","two":"{{n}} Kontakte importiert","few":"{{n}} Kontakte importiert","many":"{{n}} Kontakte importiert","other":"{{n}} Kontakte importiert"}},"noMemoryCardMsgExport":"Legen Sie zum Exportieren von Kontakten eine Speicherkarte ein.","genericProgress":"{{current}}/{{total}}","social-network":"Soziale Netzwerke","social-link":"Kontakt verknüpfen","social-unlink":"Verknüpfung aufheben","social-unlink-confirm-title":"Soll die Verknüpfung mit diesem Kontakt aufgehoben werden?","social-unlink-confirm-accept":"Aufheben","facebook-import":"Facebook-Freunde importieren","show-fb-profile":"Facebook-Profil anzeigen","msg-send":"Nachricht","wall-post":"Pinnwandpost","facebook-import-msg":{"_index":["plural","imported"],"_":{"zero":"Keine Freunde importiert (von {{total}})","one":"Ein Freund importiert (von {{total}})","two":"{{imported}} von {{total}} Freunden importiert","few":"{{imported}} von {{total}} Freunden importiert","many":"{{imported}} von {{total}} Freunden importiert","other":"{{imported}} von {{total}} Freunden importiert"}},"facebookSwitchMsg":"Freunde abgleichen","select_mobile":"Mobiltelefonnummer auswählen","select_email":"E-Mail-Adresse auswählen","contactsOrderBy":"Sortierung: Nachname","bluetooth":"Bluetooth","fbUpdateFriends":"Freunde aktualisieren","cleaningFbData":"Facebook-Daten werden entfernt…","loggingOutFb":"Abmelden von Facebook…","cleanFbConfirmMsg":"Alle Facebook-Daten entfernen?","renewPwdMsg":"Ihr Passwort auf Facebook hat sich geändert. Bitte aktualisieren Sie es.","notEnabledYet":"Noch nicht aktiviert","genericNoConnection":"Verbinden Sie zum Importieren von Kontakten mit einem WLAN-Netzwerk oder einem Datenübertragungen unterstützenden Mobilfunknetz.","simCard":"SIM-Karte","memoryCard":"Speicherkarte","create-new":"Neuen Kontakt anlegen","import-now":"Importieren Sie Ihre Kontakte von der SIM-Karte oder von Facebook.","no-contacts":"Keine Kontakte","start-adding":"Beginnen Sie jetzt mit dem Hinzufügen.","notImported":"Nicht importiert","imported":"Importiert","organise-contacts":"Kontakte verwalten","find-merge-contacts":"Doppelte Kontakte finden","preparing-contacts":"Kontakte werden aufbereitet…","exportError-SIM-NoFreeRecordFound":"Die SIM-Karte ist voll.","exportError-SIM-CannotAccessPhoneBook":"Kein Zugriff auf das Telefonbuch der SIM-Karte.","exportError-SIM-Unavailable":"Keine SIM-Karte verfügbar","exportError-SIM-GenericError":"Beim Exportieren eines Kontaktes trat ein Fehler auf.","ContactManagementTitle":"Contacts Management","DeleteTitle":"Delete","bulkDeleteButton":"Delete Contacts","BulkDelCancel":"Contacts delete cancelled","DeletedTxt":{"_index":["plural","n"],"_":{"zero":"No Contact to Delete","one":"1 Contact removed","two":"{{n}} Contacts removed","few":"{{n}} Contacts removed","many":"{{n}} Contacts removed","other":"{{n}} Contacts removed"}},"DeletingContacts":"Deleting contacts","ContactConfirmDel":{"_index":["plural","n"],"_":{"zero":"No Contact to Delete","one":"Delete 1 Contact? This cannot be undone.","two":"Delete {{n}} Contacts? This cannot be undone.","few":"Delete {{n}} Contacts? This cannot be undone.","many":"Delete {{n}} Contacts? This cannot be undone.","other":"Delete {{n}} Contacts? This cannot be undone."}},"SelectedTxt":{"_index":["plural","n"],"_":{"zero":"Contacts","one":"{{n}} selected","two":"{{n}} selected","few":"{{n}} selected","many":"{{n}} selected","other":"{{n}} selected"}},"sim-picker-dial-via-with-number":"{{ phoneNumber }} anrufen mit","sim-picker-select-sim":"SIM auswählen","sim-picker-button":"SIM{{ n }}","sim-picker-button-default":"(Standard)","waitDuplicateContacts":"Es wird nach doppelten Kontakten gesucht…","waitMergingDuplicateContacts":"Doppelte Kontakte werden zusammengeführt…","alertNoDuplicateContacts":"Keine doppelten Kontakte gefunden","mergeDuplicateTitle":"Duplikate","suggestedDuplicateContacts":"Vorgeschlagene doppelte Kontakte für {{name}}:","mergeActionButtonLabel":{"_index":["plural","n"],"_":{"zero":"Keine Kontakte ausgewählt","one":"Mit {{n}} Kontakt zusammenführen","other":"Mit {{n}} Kontakten zusammenführen"}},"duplicatesFoundTitle":"Duplikate gefunden","duplicatesFoundMessage":"Informationen zu {{name}} finden sich ebenfalls in den folgenden Kontakten:"}