{"brandShortName":"B2G OS","browserBrandShortName":"Περιηγητής","browserBrandFullName":"Περιηγητής Mozilla","back":"Πίσω","noSimMsg":"Για να εισάγετε επαφές εισάγετε ή ξεκλειδώστε την κάρτα SIM","noMemoryCardMsg":"Για να εισάγετε επαφές τοποθετήστε μία κάρτα μνήμης","importMemoryCard":"Κάρτα μνήμης","noConnection11":"Για να εισάγετε φίλους από το Facebook ή επαφές, συνδεθείτε σε δίκτυο Wi-Fi ή δίκτυο δεδομένων.","pincode2":"Εισαγωγή κωδικού PIN","type_pin":"Πληκτρολογήστε τον κωδικό PIN","pincodeLabel":"SIM {{n}} PIN","pinValidation":"Ο κωδικός PIN πρέπει να περιέχει 4 έως 8 ψηφία.","pinError":"Ο κωδικός PIN ήταν λανθασμένος.","pinAttemptMsg2":{"_index":["plural","n"],"_":{"one":"Απομένει μία προσπάθεια για να εισάγετε τον σωστό κωδικό πριν κλειδώσει η κάρτα SIM.","two":"Απομένουν {{n}} προσπάθειες για να εισάγετε τον σωστό κωδικό πριν κλειδώσει η κάρτα SIM.","few":"Απομένουν {{n}} προσπάθειες για να εισάγετε τον σωστό κωδικό πριν κλειδώσει η κάρτα SIM.","many":"Απομένουν {{n}} προσπάθειες για να εισάγετε τον σωστό κωδικό πριν κλειδώσει η κάρτα SIM.","other":"Απομένουν {{n}} προσπάθειες για να εισάγετε τον σωστό κωδικό πριν κλειδώσει η κάρτα SIM."}},"pinLastChanceMsg":"Είναι η τελευταία σας ευκαιρία να εισάγετε το σωστό PIN. Αλλιώς, θα πρέπει να εισάγετε τον κωδικό PUK για να χρησιμοποιήσετε την κάρτα SIM.","pukcode":"Εισαγωγή κωδικού PUK","pukcodeTitle":"Εισάγετε τον κωδικό PUK της SIM {{n}}","pukcodeLabel":"SIM {{n}} PUK","type_puk":"Κωδικός PUK","pukValidation":"Ο κωδικός PUK πρέπει να έχει ακριβώς 8 χαρακτήρες.","pukInfo":"Πρέπει να εισάγετε τον κωδικό PUK για την κάρτα SIM. Ανατρέξτε στην τεκμηρίωση της κάρτας SIM σας ή επικοινωνήστε με τον πάροχο σας για περισσότερες πληροφορίες.","pukError":"Ο κωδικός PUK ήταν λανθασμένος.","pukAttemptMsg2":{"_index":["plural","n"],"_":{"one":"Απομένει μία προσπάθεια να εισάγετε τον σωστό κωδικό προτού η συγκεκριμένη κάρτα SIM δε θα μπορεί να χρησιμοποιηθεί. Συμβουλευτείτε την τεκμηρίωση της κάρτας SIM σας ή επικοινωνήστε με τον πάροχο σας για περισσότερες πληροφορίες.","two":"Απομένουν {{n}} προσπάθειες να εισάγετε τον σωστό κωδικό προτού η συγκεκριμένη κάρτα SIM δε θα μπορεί να χρησιμοποιηθεί. Συμβουλευτείτε την τεκμηρίωση της κάρτας SIM σας ή επικοινωνήστε με τον πάροχο σας για περισσότερες πληροφορίες.","few":"Απομένουν {{n}} προσπάθειες να εισάγετε τον σωστό κωδικό προτού η συγκεκριμένη κάρτα SIM δε θα μπορεί να χρησιμοποιηθεί. Συμβουλευτείτε την τεκμηρίωση της κάρτας SIM σας ή επικοινωνήστε με τον πάροχο σας για περισσότερες πληροφορίες.","many":"Απομένουν {{n}} προσπάθειες να εισάγετε τον σωστό κωδικό προτού η συγκεκριμένη κάρτα SIM δε θα μπορεί να χρησιμοποιηθεί. Συμβουλευτείτε την τεκμηρίωση της κάρτας SIM σας ή επικοινωνήστε με τον πάροχο σας για περισσότερες πληροφορίες.","other":"Απομένουν {{n}} προσπάθειες να εισάγετε τον σωστό κωδικό προτού η συγκεκριμένη κάρτα SIM δε θα μπορεί να χρησιμοποιηθεί. Συμβουλευτείτε την τεκμηρίωση της κάρτας SIM σας ή επικοινωνήστε με τον πάροχο σας για περισσότερες πληροφορίες."}},"pukLastChanceMsg":"Αυτή είναι η τελευταία σας ευκαιρία να εισάγετε τον σωστό κωδικό PUK. Η κάρτα SIM σας δε θα μπορεί να χρησιμοποιηθεί πλέον εάν εισάγετε λάθος κωδικό PUK.","create_newpin":"Δημιουργία νέου κωδικού PIN (πρέπει να περιέχει 4 έως 8 ψηφία)","confirm_newpin":"Επιβεβαίωση νέου κωδικού PIN","newpinConfirmation":"Οι κωδικοί PIN δεν ταιριάζουν","nckcode":"Εισάγετε τον κωδικό NCK","cckcode":"Εισάγετε τον κωδικό CCK","spckcode":"Εισάγετε τον κωδικό SPCK","nck1code":"Enter NCK1 code","nck2code":"Enter NCK2 code","hnckcode":"Enter HNCK code","rcckcode":"Enter RCCK code","rspckcode":"Enter RSPCK code","nckcodeTitle":"Εισάγετε το SIM {{n}} NCK","cckcodeTitle":"Εισάγετε το SIM {{n}} CCK","spckcodeTitle":"Εισάγετε το SIM {{n}} SPCK","nck1codeTitle":"Enter SIM {{n}} NCK1","nck2codeTitle":"Enter SIM {{n}} NCK2","hnckcodeTitle":"Enter SIM {{n}} HNCK","rcckcodeTitle":"Enter SIM {{n}} RCCK","rspckcodeTitle":"Enter SIM {{n}} RSPCK","nckcodeLabel":"SIM {{n}} NCK","cckcodeLabel":"SIM {{n}} CCK","spckcodeLabel":"SIM {{n}} SPCK","nck1codeLabel":"SIM {{n}} NCK1","nck2codeLabel":"SIM {{n}} NCK2","hnckcodeLabel":"SIM {{n}} HNCK","rcckcodeLabel":"SIM {{n}} RCCK","rspckcodeLabel":"SIM {{n}} RSPCK","type_nck":"Πληκτρολογήστε τον κωδικό NCK","type_cck":"Πληκτρολογήστε τον κωδικό CCK","type_spck":"Πληκτρολογήστε τον κωδικό SPCK","type_nck1":"Type your NCK1 code","type_nck2":"Type your NCK2 code","type_hnck":"Type your HNCK code","type_rcck":"Type your RCCK code","type_rspck":"Type your RSPCK code","nckValidation":"Ο κωδικός NCK πρέπει να έχει από 8 έως 16 χαρακτήρες.","cckValidation":"Ο κωδικός CCK πρέπει να έχει από 8 έως 16 χαρακτήρες.","spckValidation":"Ο κωδικός SPCK πρέπει να έχει από 8 έως 16 χαρακτήρες.","nck1Validation":"NCK1 must have between 8 and 16 characters.","nck2Validation":"NCK2 must have between 8 and 16 characters.","hnckValidation":"HNCK must have between 8 and 16 characters.","rcckValidation":"RCCK must have between 8 and 16 characters.","rspckValidation":"RSPCK must have between 8 and 16 characters.","nckErrorMsg":"Ο κωδικός NCK είναι λανθασμένος.","nckAttemptMsg2":{"_index":["plural","n"],"_":{"one":"Αποτυχία της αίτησης αποπροσωπικοποίησης. Σας απομένει μία προσπάθεια να εισάγετε τον σωστό κωδικό. Ανατρέξτε στην τεκμηρίωση της συσκευής ή επικοινωνήστε με τον πάροχο σας για περισσότερες πληροφορίες.","two":"Αποτυχία της αίτησης αποπροσωπικοποίησης. Σας απομένουν {{n}} προσπάθειες να εισάγετε τον σωστό κωδικό. Ανατρέξτε στην τεκμηρίωση της συσκευής ή επικοινωνήστε με τον πάροχο σας για περισσότερες πληροφορίες.","few":"Αποτυχία της αίτησης αποπροσωπικοποίησης. Σας απομένουν {{n}} προσπάθειες να εισάγετε τον σωστό κωδικό. Ανατρέξτε στην τεκμηρίωση της συσκευής ή επικοινωνήστε με τον πάροχο σας για περισσότερες πληροφορίες.","many":"Αποτυχία της αίτησης αποπροσωπικοποίησης. Σας απομένουν {{n}} προσπάθειες να εισάγετε τον σωστό κωδικό. Ανατρέξτε στην τεκμηρίωση της συσκευής ή επικοινωνήστε με τον πάροχο σας για περισσότερες πληροφορίες.","other":"Αποτυχία της αίτησης αποπροσωπικοποίησης. Σας απομένουν {{n}} προσπάθειες να εισάγετε τον σωστό κωδικό. Ανατρέξτε στην τεκμηρίωση της συσκευής ή επικοινωνήστε με τον πάροχο σας για περισσότερες πληροφορίες."}},"nckLastChanceMsg":"Αποτυχία της αίτησης εξατομίκευσης δικτύου. Τελευταία ευκαιρία για να εισάγετε τον σωστό NCK κωδικό. Ανατρέξτε στην τεκμηρίωση της συσκευής σας ή επικοινωνήστε με τον πάροχο σας για περισσότερες πληροφορίες.","skip":"Παράβλεψη","send":"Αποστολή","ok":"ΟΚ","simLocked":"Η κάρτα SIM είναι κλειδωμένη","inputCodeRetriesLeft":{"_index":["plural","n"],"_":{"one":"τελευταία προσπάθεια.","two":"Απομένουν {{n}} προσπάθειες.","few":"Απομένουν {{n}} προσπάθειες.","many":"Απομένουν {{n}} προσπάθειες.","other":"Απομένουν {{n}} προσπάθειες."}},"simManager":"Διαχείριση SIM","simDetail":"SIM {{n}}","simDefault":"(default)","simDefaultMessage":"Εξερχόμενες κλήσεις, εξερχόμενα μηνύματα και σύνδεση δεδομένων έχουν οριστεί ως προεπιλογές στη SIM 1","simSettingsMessage":"Μπορείτε να αλλάξετε προκαθορισμένες ρυθμίσεις στις Ρυθμίσεις > Διαχείρηση κάρτας SIM","simPinLocked":"Το PIN της κάρτας SIM κλειδώθηκε","noOperator":"Χωρίς πάροχο","language":"Γλώσσα","english":"Αγγλικά","dvorak":"Αγγλικά (Dvorak)","spanish":"Ισπανικά","portuguese":"Πορτογαλικά Βραζιλίας","french":"Γαλλικά","italian":"Ιταλικά","arabic":"Αραβικά","greek":"Ελληνικά","hebrew":"Εβραϊκά","jp-kanji":"Ιαπωνικά","jp-kanji-desc":"Κάνζι","traditionalChinese":"Παραδοσιακά Κινέζικα","traditionalChinese-desc":"Zhuyin","simplifiedChinese":"Απλοποιημένα Κινέζικα","simplifiedChinese-desc":"Pinyin","3g":"Δεδομένα δικτύου","dataConnection":"Ενεργοποίηση","dataConnectionInfo":"Η ενεργοποίηση της σύνδεσης δεδομένων τώρα, θα σας επιτρέψει να ρυθμίσετε το τηλέφωνο σας χωρίς σύνδεση Wi-Fi. Αν θέλετε, μπορείτε να την ενεργοποιήσετε αργότερα μέσω των ρυθμίσεων. Βεβαιωθείτε πως διαθέτετε πρόγραμμα δεδομένων από τον πάροχο σας, ώστε να αποφύγετε τυχόν υπέρογκες χρεώσεις.","caution":"Προειδοποίηση","geolocation":"Γεωεντοπισμός","geolocationCheckbox":"Ενεργοποίηση","geolocationInfo2":"Το {{brandShortName}} χρησιμοποιεί δεδομένα όπως GPS, WiFi, και δίκτυα κινητής τηλεφωνίας κοντά σας για να καθορίσει την τοποθεσία σας.","geolocationInfoMore":"Τα δεδομένα αποστέλλονται στο Mozilla και άλλους παρόχους υπηρεσιών και θα χρησιμοποιηθούν στο σύνολο τους για τη βελτίωση των βάσεων δεδομένων για τη συγκεκριμένη τοποθεσία. Τα δεδομένα μπορεί να αποθηκεύονται στη συσκευή σας και η συλλογή δεδομένων μπορεί να λάβει χώρα ακόμη και όταν καμία εφαρμογή δεν είναι ενεργή.","notice":"Σημείωση","aboutYourPrivacy":"Περισσότερα για την ιδιωτικότητα σας","wifi":"Wi-Fi","scanningNetworks":"Σάρωση για δίκτυα","selectNetwork":"Επιλογή Wi-Fi","shortStatus-connecting":"Σύνδεση…","shortStatus-associated":"Λήψη διεύθυνσης IP…","shortStatus-connected":"Συνδεδεμένο","shortStatus-connectingfailed":"Η σύνδεση απέτυχε","shortStatus-disconnected":"Εκτός σύνδεσης","securedBy":"ασφαλισμένο με {{capabilities}}","security":"Ασφάλεια","securityNone":"Καμία","securityWEP":"WEP","securityWPA-PSK":"WPA-PSK","securityWPA-EAP":"WPA-EAP","securityOpen":"Ανοιχτό","identity":"Χρήστης","identityInput":{"placeholder":"Χρήστης"},"password":"Κωδικός πρόσβασης","passwordInput":{"placeholder":"Κωδικός πρόσβασης"},"showPassword":"Εμφάνιση κωδικού πρόσβασης","refresh":"Ανανέωση","noWifiFound3":"Δεν βρέθηκαν ασύρματα δίκτυα","join-hidden-button":"Σύνδεση σε κρυφό δίκτυο","authentication":"Authentication","ssid-name":"SSID όνομα δικτύου","dateAndTime":"Ημερομηνία & Ώρα","setTimeAutomatically":"Αυτόματη ρύθμιση","timezoneMessage":"Ζώνη ώρας","timezoneTitle":"UTC{{utcOffset}} {{region}}/{{city}}","dateMessage":"Ημερομηνία","timeMessage":"Ώρα","timeZone":"Ζώνη ώρας","change":"Αλλαγή","importContacts3":"Εισαγωγή επαφών","importSim2":"Κάρτα SIM","importFb2":"Facebook","importOutlook":"Outlook","importGmail":"Gmail","fb-checking":"… γίνεται έλεγχος","notImportedYet":"Δεν έχει εισαχθεί ακόμα","otherAccount":"Άλλοι λογαριασμοί","mobile":"Κινητό","afterFbImport":"Μπορείτε να εισάγετε και να επεξεργαστείτε φίλους από το Facebook οποιαδήποτε στιγμή στις ρυθμίσεις επαφών","firefox-accounts":"Firefox Accounts","fxa-overview":{"innerHTML":"A Firefox Account lets you use features like Find My Device and apps like the Firefox Marketplace."},"fxa-create-account-or-sign-in":"Create Account or Sign In","fxa-email-sent":"A verification link has been sent to {{email}}","about-your-rights-0":"Το {{brandShortName}} δημιουργήθηκε ως ελεύθερο και ανοιχτό λογισμικό από μία κοινότητα χιλιάδων ανθρώπων από όλα τα μήκη και πλάτη του κόσμου. Υπάρχουν μερικά πράγματα που πρέπει να γνωρίζετε:","about-your-rights-1":"Το {{brandShortName}} είναι διαθέσιμο σε εσάς υπό τους όρους διάφορων αδειών ανοικτού κώδικα συμπεριλαμβανομένης και της άδειας Mozilla Public License. Μία συσκευή που τρέχει {{brandShortName}} μπορεί ακόμη να περιέχει ιδιόκτητο λογισμικό από τρίτους. Κάθε κώδικας που παρέχεται υπό άδειες ανοικτού λογισμικού σας δίνει το δικαίωμα να τον τροποποιήσετε και να τον διανέμετε εφόσον τηρείτε τους όρους της εκάστοτε ισχύουσας άδειας.","about-your-rights-2":"Δε σας παραχωρείται κανένα δικαίωμα ή άδεια στα λογότυπα του Mozilla Foundation ή άλλου εταίρου, συμπεριλαμβανομένου του ονόματος και του λογότυπου του {{brandShortName}}.","about-your-rights-3":"Στο {{brandShortName}}, μέσω λειτουργιών όπως η αναφορά σφαλμάτων, σας δίνεται η δυνατότητα να στείλετε χρήσιμα δεδομένα στο Mozilla. Επιλέγοντας την αποστολή αυτών, δίνετε στο Mozilla την άδεια να τα χρησιμοποιήσει για να βελτιώσει τα προϊόντα του, να τα δημοσιεύσει σε ιστοσελίδες του και να τα διανείμει.","about-other":"Άλλοι","SIM_mandatory":"Προειδοποίηση κάρτας SIM","SIM_mandatory_warm":"Παρακαλούμε, εισάγετε κάρτα SIM και επανεκκινήστε το τηλέφωνό σας.","sharing-performance-data":"Διαμοιρασμός δεδομένων επιδόσεων","telemetry-sends":"Το σύστημα τηλεμετρίας στέλνει στο Mozilla δεδομένα σχετικά με την απόδοση, το υλικό, τις ρυθμίσεις και τις τροποποιήσεις στη {{brandShortName}} συσκευή σας. Τα δεδομένα αυτά τα χρησιμοποιούμε για να κάνουμε τα προϊόντα μας καλύτερα, πιο γρήγορα και πιο αποδοτικά.","learn-more-telemetry":{"innerHTML":"Learn more at {{link}}"},"learn-more-information":{"innerHTML":"Learn how Mozilla handles your information at {{link}}"},"welcomeBrowser":"Καλώς ορίσατε στο {{brandShortName}}, το ελεύθερο και ανοιχτού κώδικα λειτουργικό σύστημα από το Mozilla. Αποστολή μας είναι η προώθηση του ανοικτού πνεύματος, της καινοτομίας και των ίσων ευκαιριών διατηρώντας τη δύναμη του διαδικτύου στα χέρια σας.","learn-more-privacy":{"innerHTML":"Learn how Mozilla handles your information in our {{link}}."},"learn-more-privacy-link":"privacy policy","aboutBrowser":"Περί {{brandShortName}}","aboutYourPrivacy2":"Ιδιωτικότητα","mozillaCommunity2":"Όταν χρησιμοποιείτε το {{brandShortName}}, γίνεστε κομμάτι μιας παγκόσμιας κοινότητας που βοηθά να χτιστεί ένα λαμπρότερο μέλλον για το Διαδίκτυο. Εάν θα θέλατε να μάθετε περισσότερα σχετικά με την κοινότητα του Mozilla, τα υπόλοιπα προϊόντα μας και τυχόν εκδηλώσεις κοντά σας, παρακαλούμε εισάγετε τη διεύθυνση email σας παρακάτω.","collaborate":"Θέλω να βοηθήσω στη βελτίωση του {{brandShortName}} παρέχοντας χρήσιμα δεδομένα σχετικά με τη συσκευή μου.","learnMore":"Μάθετε περισσότερα.","emailAddress":{"placeholder":"Διεύθυνση email"},"email-successfully-added":"Το email προστέθηκε επιτυχώς","email-loading":"Αποθήκευση του email…","browserPrivacyChoices":"Επιλογές απορρήτου του {{brandShortName}}","privacy-b2g":{"_":"{{brandShortName}}","title":"{{brandShortName}}"},"privacy-marketplace":{"_":"Marketplace","title":"{{privacy-marketplace}}"},"privacy-e-me":{"_":"everything.me","title":"{{privacy-e-me}}"},"navbar-back":"Πίσω","navbar-next":"Επόμενο","navbar-join":"Σύνδεση","thatsIt":"Αυτό ήταν!","startYourPhone":"Μάθετε το τηλέφωνο σας!","startYourTablet":"Μάθετε την ταμπλέτα σας!","joinTutorial":"Ελάτε να ρίξουμε μια γρήγορη ματιά στο νέο σας τηλέφωνο.","enjoyYourPhone":"Είστε έτοιμοι να απολαύσετε το νέο σας τηλέφωνο.","optionsAvailable":"Μπορείτε να αλλάξετε τη γλώσσα, την ημερομηνία/ώρα και τη σύνδεση Wi-Fi στις ρυθμίσεις.","letsGo":"Ας ξεκινήσουμε","startTour":"Έναρξη","thatsIt1Tablet-2":"You can always swipe from the bottom edge to enter home screen.","thatsIt2Tablet-2":"Let’s do it!","tutorial-step1-tiny":"Σύρετε από τα δεξιά προς τα αριστερά για να περιηγηθείτε στις εφαρμογές σας.","tutorial-step2-tiny":"Πιέστε παρατεταμένα σε ένα εικονίδιο για να το διαγράψετε ή να το μετακινήσετε.","tutorial-step3-tiny":"Εισάγεται μία λέξη κλειδί ή ένα θέμα και το τηλεφωνό σας θα προσαρμοστεί αμέσως.","tutorial-step4-tiny":"Σύρετε προς τα κάτω για να δείτε τις πρόσφατες ειδοποιήσεις, τις πληροφορίες χρέωσης και τις ρυθμίσεις.","tutorial-step5-tiny":"Πιέστε παρατεταμένα το κουμπί αρχικής οθόνης για να δείτε και να κλείσετε εφαρμογές που ήδη τρέχουν.","tutorial-step6-tiny":"Swipe from the side of the screen to move back and forth between recent apps.","tutorial-step1-large-2":"Swipe down from top to access recent notifications, credit information and settings.","tutorial-step2-large-2":"Swipe left or right to discover new apps on home screen.","tutorial-step3-large-2":"Tap and hold on an icon to delete or move it.","tutorial-step4-large-2":"Two fingers swipe up from the bottom edge to trigger card view.","offline-dialog-title":"Πρέπει να είστε συνδεδεμένος στο διαδίκτυο για να δείτε τη σελίδα.","offline-dialog-text":"Παρακαλούμε πηγαίνετε πίσω και συνδεθείτε στο διαδίκτυο. Μπορείτε να δείτε τη σελίδα αργότερα από τις ρυθμίσεις ή εισάγοντας τη διεύθυνση {{url}} σε κάποιον περιηγητή.","OK":"ΟΚ","offline-newsletter-dialog-title":"Πρέπει να είστε συνδεδεμένος στο διαδίκτυο για να εγγραφείτε στο ενημερωτικό δελτίο.","offline-newsletter-dialog-text":"Παρακαλούμε επιστρέψτε και συνδεθείτε στο διαδίκτυο.","invalid-email-dialog-title":"Το email σας δεν είναι έγκυρο","invalid-email-dialog-text":"Παρακαλούμε επιστρέψτε και διορθώστε την καταχώρηση σας.","cancel":"Ακύρωση","weekday-0-long":"Κυριακή","weekday-1-long":"Δευτέρα","weekday-2-long":"Τρίτη","weekday-3-long":"Τετάρτη","weekday-4-long":"Πέμπτη","weekday-5-long":"Παρασκευή","weekday-6-long":"Σάββατο","weekday-0-short":"Κυρ","weekday-1-short":"Δευ","weekday-2-short":"Τρι","weekday-3-short":"Τετ","weekday-4-short":"Πεμ","weekday-5-short":"Παρ","weekday-6-short":"Σαβ","month-0-long":"Ιανουάριος","month-1-long":"Φεβρουάριος","month-2-long":"Μάρτιος","month-3-long":"Απρίλιος","month-4-long":"Μάιος","month-5-long":"Ιούνιος","month-6-long":"Ιούλιος","month-7-long":"Αύγουστος","month-8-long":"Σεπτέμβριος","month-9-long":"Οκτώβριος","month-10-long":"Νοέμβριος","month-11-long":"Δεκέμβριος","month-0-genitive":"Ιανουαρίου","month-1-genitive":"Φεβρουαρίου","month-2-genitive":"Μαρτίου","month-3-genitive":"Απριλίου","month-4-genitive":"Μαΐου","month-5-genitive":"Ιουνίου","month-6-genitive":"Ιουλίου","month-7-genitive":"Αυγούστου","month-8-genitive":"Σεπτεμβρίου","month-9-genitive":"Οκτωβρίου","month-10-genitive":"Νοεμβρίου","month-11-genitive":"Δεκεμβρίου","month-0-short":"Ιαν","month-1-short":"Φεβ","month-2-short":"Μαρ","month-3-short":"Απρ","month-4-short":"Μάι","month-5-short":"Ιουν","month-6-short":"Ιουλ","month-7-short":"Αυγ","month-8-short":"Σεπ","month-9-short":"Οκτ","month-10-short":"Νοε","month-11-short":"Δεκ","minutes-ago-long":{"_index":["plural","value"],"_":{"zero":"μόλις τώρα","one":"πριν από ένα λεπτό","two":"πριν από {{value}} λεπτά","few":"πριν από {{value}} λεπτά","many":"πριν από {{value}} λεπτά","other":"πριν από {{value}} λεπτά"}},"hours-ago-long":{"_index":["plural","value"],"_":{"zero":"μόλις τώρα","one":"πριν από μία ώρα","two":"πριν από {{value}} ώρες","few":"πριν από {{value}} ώρες","many":"πριν από {{value}} ώρες","other":"πριν από {{value}} ώρες"}},"days-ago-long":{"_index":["plural","value"],"_":{"zero":"σήμερα","one":"χθες","two":"πριν από {{value}} ημέρες","few":"πριν από {{value}} ημέρες","many":"πριν από {{value}} ημέρες","other":"πριν από {{value}} ημέρες"}},"weeks-ago-long":{"_index":["plural","value"],"_":{"zero":"αυτή την εβδομάδα","one":"την τελευταία εβδομάδα","two":"πριν από {{value}} εβδομάδες","few":"πριν από {{value}} εβδομάδες","many":"πριν από {{value}} εβδομάδες","other":"πριν από {{value}} εβδομάδες"}},"months-ago-long":{"_index":["plural","value"],"_":{"zero":"αυτό τον μήνα","one":"τον τελευταίο μήνα","two":"πριν από {{value}} μήνες","few":"πριν από {{value}} μήνες","many":"πριν από {{value}} μήνες","other":"πριν από {{value}} μήνες"}},"years-ago-long":{"_index":["plural","value"],"_":{"zero":"αυτό το έτος","one":"το περασμένο έτος","two":"πριν από {{value}} χρόνια","few":"πριν από {{value}} χρόνια","many":"πριν από {{value}} χρόνια","other":"πριν από {{value}} χρόνια"}},"minutes-until-long":{"_index":["plural","value"],"_":{"zero":"τώρα","one":"σε ένα λεπτό","two":"σε {{value}} λεπτά","few":"σε {{value}} λεπτά","many":"σε {{value}} λεπτά","other":"σε {{value}} λεπτά"}},"hours-until-long":{"_index":["plural","value"],"_":{"zero":"τώρα","one":"σε μία ώρα","two":"σε {{value}} ώρες","few":"σε {{value}} ώρες","many":"σε {{value}} ώρες","other":"σε {{value}} ώρες"}},"days-until-long":{"_index":["plural","value"],"_":{"zero":"σήμερα","one":"αύριο","two":"σε {{value}} ημέρες","few":"σε {{value}} ημέρες","many":"σε {{value}} ημέρες","other":"σε {{value}} ημέρες"}},"weeks-until-long":{"_index":["plural","value"],"_":{"zero":"αυτή την εβδομάδα","one":"την επόμενη εβδομάδα","two":"σε {{value}} εβδομάδες","few":"σε {{value}} εβδομάδες","many":"σε {{value}} εβδομάδες","other":"σε {{value}} εβδομάδες"}},"months-until-long":{"_index":["plural","value"],"_":{"zero":"αυτό τον μήνα","one":"στον επόμενο μήνα","two":"σε {{value}} μήνες","few":"σε {{value}} μήνες","many":"σε {{value}} μήνες","other":"σε {{value}} μήνες"}},"years-until-long":{"_index":["plural","value"],"_":{"zero":"αυτό το έτος","one":"επόμενο έτος","two":"σε {{value}} έτη","few":"σε {{value}} έτη","many":"σε {{value}} έτη","other":"σε {{value}} έτη"}},"minutes-ago-short":{"_index":["plural","value"],"_":{"zero":"τώρα","other":"πριν {{value}}′"}},"hours-ago-short":{"_index":["plural","value"],"_":{"zero":"τώρα","other":"πριν {{value}} ώρ."}},"days-ago-short":{"_index":["plural","value"],"_":{"zero":"σήμερα","other":"πριν {{value}} ημ."}},"minutes-until-short":{"_index":["plural","value"],"_":{"zero":"τώρα","other":"σε {{value}}′"}},"hours-until-short":{"_index":["plural","value"],"_":{"zero":"τώρα","other":"σε {{value}} ώρ."}},"days-until-short":{"_index":["plural","value"],"_":{"zero":"σήμερα","other":"σε {{value}} ημ."}},"incorrectDate":"(λάθος ημερομηνία)","dateTimeFormat_%c":"%a, %e %Eb %Y, %H:%M:%S","dateTimeFormat_%x":"%d/%m/%Y","dateTimeFormat_%X":"%H:%M:%S","shortTimeFormat":"%H:%M","shortDateTimeFormat":"%x %H:%M","weekStartsOnMonday":"0","time_am":"AM","time_pm":"PM","tz-region":"Περιοχή","tz-city":"Πόλη","tzRegion-Africa":"Αφρική","tzRegion-America":"Αμερική","tzRegion-Antarctica":"Ανταρκτική","tzRegion-Asia":"Ασία","tzRegion-Atlantic":"Ατλαντικός Ωκεανός","tzRegion-Australia":"Αυστραλία","tzRegion-Europe":"Ευρώπη","tzRegion-Indian":"Ινδικός Ωκεανός","tzRegion-Pacific":"Ειρηνικός Ωκεανός","close":"Close","import":"Import","update":"Update","fbFriends":"Facebook Friends","live-serviceName":"Outlook","gmail-serviceName":"Gmail","facebook-serviceName":"Facebook Friends","selectAll":"Select all","deselectAll":"Deselect all","viewAll":"View All Facebook Friends","viewRecommend":"View Only Recommended","linkProposal":{"_index":["plural","numFriends"],"_":{"zero":"No matching friends. Showing all","one":"Select the recommended one","two":"Select a recommended one","few":"Select a recommended one","many":"Select a recommended one","other":"Select a recommended one"}},"fbFriendsFound":{"_index":["plural","numFriends"],"_":{"zero":"All your friends are imported","one":"Found one friend to import","two":"Found {{numFriends}} friends to import","few":"Found {{numFriends}} friends to import","many":"Found {{numFriends}} friends to import","other":"Found {{numFriends}} friends to import"}},"facebook":"Facebook","search-contact":{"placeholder":"Search"},"noResults":"No contacts found","done-search":"Done","progressFB3ImportTitle":"Importing friends to Contacts","progressFB":"{{current}}/{{total}}","progressFB3UpdateTitle":"Updating friends in Contacts","message2":"This may take a couple of minutes","messageLinking":"Please hold on. We are linking your friend and your contact.","messageCanceling":"Please hold on. We are canceling the ongoing operation.","error1":"Error {{from}}","error2":"Do you want to retry?","errorProposal":"calculating proposals","errorFriends":"retrieving friends","errorLinking":"linking contact","timeout1":"Exceeded timeout {{from}}","timeout2":"Do you want to retry?","timeoutProposal":"calculating proposals","timeoutFriends":"retrieving friends","timeoutLinking":"linking contacts","wait1":"Please hold on","wait2":"This may take a couple of minutes","waitProposal":"Please hold on. We are calculating a proposal.","waitFriends":"Please hold on. We are connecting to obtain your friend list.","curtainCancel":"Cancel","curtainRetry":"Retry","curtainOK":"OK","connectionLost":"No Internet connection","connectionLostMsg":"Friends’ photos will not be added to your contacts. Continue anyway?","yesOption":"OK","noOption":"Cancel","friendsUpdated":{"_index":["plural","numFriends"],"_":{"zero":"No friends updated","one":"Updated one friend","two":"Updated {{numFriends}} friends","few":"Updated {{numFriends}} friends","many":"Updated {{numFriends}} friends","other":"Updated {{numFriends}} friends"}},"notificationLogin":"Your Facebook session is invalid. Please sign in.","syncError":"There was an error synchronizing your friend’s data","callAirplaneModeMessage":"Για να πραγματοποιήσετε κλήση πρέπει να απενεργοποιήσετε την λειτουργία πτήσης από τις ρυθμίσεις.","callAirplaneModeBtnOk":"ΟΚ","callAirplaneModeTitle":"Η λειτουργία πτήσης ενεργοποιήθηκε","numberIsBusyTitle":"Το τηλέφωνο είναι απασχολημένο","numberIsBusyMessage":"Το τηλέφωνο είναι προσωρινά απασχολημένο. Παρακαλούμε δοκιμάστε αργότερα.","fdnIsActiveTitle":"FDN active","fdnIsActiveMessage":"FDN (Fixed Dialing Numbers) is activated and the following number is not in your FDN list: {{ number }}","voiceMail":"Φωνητικό μήνυμα","emergencyNumber":"Αριθμός έκτακτης ανάγκης","emergencyDialogBodyBadNumber":"Για να πραγματοποιήσετε κλήσεις, το κινητό πρέπει να είναι συνδεδεμένο σε κάποιο δίκτυο.","emergencyDialogBodyDeviceNotAccepted":"Οι κλήσεις έκτακτης ανάγκης δεν επιτρέπονται απ' το δίκτυο.","emergencyDialogBtnOk":"ΟΚ","emergencyDialogTitle":"Δεν υπάρχει σύνδεση στο δίκτυο","invalidNumberToDialTitle":"Μη έγκυρος αριθμός τηλεφώνου","invalidNumberToDialMessage":"Ο αριθμός τηλεφώνου που καλείτε δεν είναι έγκυρος.","unableToCallTitle":"Δεν είναι δυνατή η πραγματοποίηση κλήσης αυτή τη στιγμή","unableToCallMessage":"Δε μπορεί να πραγματοποιηθεί κλήση. Αν βρίσκεστε ήδη σε κλήση, παρακαλώ τερματίστε την πρώτα.","otherConnectionInUseTitle":"Other connection in use","otherConnectionInUseMessage":"You have an active call on another connection. You can only use one connection at a time.","addNewNumber":"Add new number","addToExistingContact":"Προσθήκη σε υπάρχουσα επαφή","all":"Όλες","asterisk":{"ariaLabel":"Asterisk"},"callLog":"Ιστορικό κλήσεων","callLogEdit":{"title":"Edit call log"},"callLogEditDialog":{"ariaLabel":"Edit call log dialog"},"connecting":"Γίνεται σύνδεση","cf-async":"Data Async: {{ async }}\\n","cf-data":"Δεδομένα: {{ data }}\\n","cf-error":"Προέκυψε λάθος στην ανάκτηση της κατάστασης της προώθησης κλήσεων","cf-fax":"Φαξ: {{ fax }}\\n","cf-inactive":"Ανενεργή","cf-packet":"Packet: {{ packet }}\\n","cf-pad":"PAD: {{ pad }}\\n","cf-sms":"SMS: {{ sms }}\\n","cf-status":"Προώθηση κλήσεων:\\n","cf-sync":"Data Sync: {{ sync }}\\n","cf-voice":"Φωνή: {{ voice }}\\n","confirm-deletion":"Εκκαθάριση επιλεγμένων κλήσεων;","contacts":"Επαφές","createNewContact":"Δημιουργία νέας επαφής","delete":"Delete","dialerAddContact":{"ariaLabel":"Add contact"},"dialerAddContactDialog":{"ariaLabel":"Add Contact Dialog"},"edit-selected":{"_index":["plural","n"],"_":{"one":"{{ n }} επιλεγμένο","two":"{{ n }} επιλεγμένα","few":"{{ n }} επιλεγμένα","many":"{{ n }} επιλεγμένα","other":"{{ n }} επιλεγμένα"}},"edit":"Επεξεργασία","hashSign":{"ariaLabel":"Hash sign"},"hideKeypad":{"ariaLabel":"Hide keypad"},"ignore":"Αγνόηση κλήσης","incoming":"Εισερχόμενη","keypad":{"ariaLabel":"Keypad"},"keypadDelete":{"ariaLabel":"Delete"},"makeCall":{"ariaLabel":"Make call"},"merge":"Συγχώνευση","missed":"Αναπάντητες","missedCall":"Αναπάντητη κλήση","missedCallMultiSims":"(SIM {{ n }}) Missed call","mmi-error":"Παρουσιάστηκε σφάλμα κατά την αποστολή του μηνύματος","mmi-session-expired":"Η συνεδρία έληξε","mmi-successfully-sent":"Το μήνυμα εστάλη επιτυχώς","mute":{"ariaLabel":"Mute"},"newCall":{"ariaLabel":"New call"},"no-logs-msg-1":"Δεν καταγράφηκαν κλήσεις","no-logs-msg-2":"Έναρξη επικοινωνίας","no-logs-msg-3":"Καμία αναπάντητη κλήση","phoneNumberInput":{"ariaLabel":"Phone number"},"recents":{"ariaLabel":"Recent calls"},"reply":"Απάντηση","switch-calls":"Άλλαξε κλήσεις","today":"Σήμερα","voiceMailKey":{"ariaLabel":"Voicemail"},"withheld-number":"Απόκρυψη αριθμού","from-contact":"Από {{ contact }}","from-number":"Από {{ number }}","from-withheld-number":"Από αριθμό με απόκρυψη","yesterday":"Χθες","sending":"Αποστολή…","speakerOption":{"ariaLabel":"Speaker"},"ussd-services":"Υπηρεσίες {{ operator }}","toggleKeypad":{"ariaLabel":"Toggle keypad"},"type-your-response":{"placeholder":"Πληκτρολογήστε την απάντησή σας…"},"clear-all-text":"Διαγραφή κειμένου","hide":"Απόκρυψη","call":"Κλήση","hold":"Αναμονή","resume":"Συνέχεια","sendSms":"Αποστολή μηνύματος","callEnded":"Τέλος κλήσης","via-sim":"via SIM{{ n }}","sim-number":"SIM{{ n }}","hangup-a11y-button":{"aria-label":"Τερματισμός"},"pickup-a11y-button":{"aria-label":"Σηκώστε"},"unlock-a11y-button":{"aria-label":"Ολίσθηση"},"settings":"Ρυθμίσεις","delete-n-log?":{"_index":["plural","n"],"_":{"zero":"Τίποτα επιλεγμένο","one":"Διαγραφή επιλεγμένης καταγραφής;","two":"Διαγραφή {{ n }} καταγραφών;","few":"Διαγραφή {{ n }} καταγραφών;","many":"Διαγραφή {{ n }} καταγραφών;","other":"Διαγραφή {{ n }} καταγραφών;"}},"callDurationMinutes":"{{ m }}:{{ s }}","callDurationHours":"{{ h }}:{{ m }}:{{ s}}","suggestionMatches":{"_index":["plural","n"],"_":{"one":"{{ matchNumber }}: {{ n }} πρόταση","two":"{{ matchNumber }}: {{ n }} προτάσεις","few":"{{ matchNumber }}: {{ n }} προτάσεις","many":"{{ matchNumber }}: {{ n }} προτάσεις","other":"{{ matchNumber }}: {{ n }} προτάσεις"}},"scCallBarring":"Φραγή κλήσεων","scCallForwarding":"Προώθηση κλήσεων","scClip":"Αναγνώριση κλήσεων","scClir":"Απόκρυψη αριθμού","scPwd":"Αλλαγή κωδικού","scCallWaiting":"Αναμονή κλήσης","scPin":"Αλλαγή PIN","scPin2":"Αλλαγή PIN2","scPuk":"Απεμπλοκή PIN","scPuk2":"Απεμπλοκή PIN2","scImei":"IMEI","scUssd":"USSD","serviceClassVoice":"Φωνής","serviceClassData":"Δεδομένων","serviceClassFax":"Φαξ","serviceClassSms":"SMS","serviceClassDataSync":"Data Sync","serviceClassDataAsync":"Data Async","serviceClassPacket":"Packet","serviceClassPad":"PAD","smServiceEnabled":"Η υπηρεσία είναι ενεργοποιημένη","smServiceDisabled":"Η υπηρεσία είναι απενεργοποιημένη","smServiceRegistered":"Η εγγραφή πραγματοποιήθηκε με επιτυχία","smServiceErased":"Η διαγραφή πραγματοποιήθηκε με επιτυχία","smServiceInterrogated":"Το αίτημα διεκπεραιώθηκε με επιτυχία","smServiceNotProvisioned":"Η υπηρεσία δεν παρέχεται","smClirPermanent":"Δε μπορείτε να αλλάξετε την ρύθμιση απόκρυψης αριθμού.","smClirDefaultOnNextCallOn":"Προεπιλεγμένη επιλογή κλήσεων: Με απόκρυψη αριθμού.\\nΕπόμενη κλήση: Με απόκρυψη αριθμού","smClirDefaultOnNextCallOff":"Προεπιλεγμένη επιλογή κλήσεων: Με απόκρυψη αριθμού.\\nΕπόμενη κλήση: Χωρίς απόκρυψη αρθμού","smClirDefaultOffNextCallOn":"Προεπιλεγμένη επιλογή κλήσεων: Χωρίς απόκρυψη αριθμού.\\nΕπόμενη κλήση: Με απόκρυψη αρθμού","smClirDefaultOffNextCallOff":"Προεπιλεγμένη επιλογή κλήσεων: Χωρίς απόκρυψη αριθμού.\\nΕπόμενη κλήση: Χωρίς απόκρυψη αρθμού","smServiceEnabledFor":"Ενεργοποιημένη για την υπηρεσία:","smPinChanged":"Το PIN άλλαξε επιτυχώς","smPinUnblocked":"Επιτυχής απεμπλοκή PIN","smPin2Changed":"Το PIN2 άλλαξε επιτυχώς","smPin2Unblocked":"Επιτυχής απεμπλοκή PIN2","emMmiError":"Πρόβλημα σύνδεσης ή μη έγκυρος κωδικός MMI","emMmiErrorPasswordIncorrect":"Λανθασμένος κωδικός","emMmiErrorNotSupported":"Μη έγκυρος ή μη υποστηριζόμενος κωδικός MMI","emMmiErrorInvalidAction":"Μη έγκυρη ενέργεια","emMmiErrorInvalidScCode":"Μη έγκυρος κωδικός υπηρεσίας","emMmiErrorBadPuk":"Ο κωδικός PUK που εισήχθη δεν είναι σωστός","emMmiErrorBadPin":"Το αρχικό PIN δεν είναι σωστό","emMmiErrorNeedPuk2":"Εισάγετε το PUK2 για απεμπλοκή της κάρτας SIM","emMmiErrorMismatchPin":"Οι κωδικοί PIN που εισάγατε δεν ταιριάζουν","emMmiErrorInvalidPin":"Εισάγετε PIN από 4 ως 8 ψηφία","emMmiErrorNeedsPuk":"Έχει κλειδωθεί το PUK της κάρτας SIM","emMmiErrorEnablePin":"Αποτυχία. Ενεργοποίηση κλειδώματος SIM/RUIM","emMmiErrorMmiFdn":"Η υπηρεσία διατίθεται μόνο για σταθερούς αριθμούς κλήσης","emMmiErrorStkCcUssdDial":"Το αίτημα USSD τροποποιήθηκε σε DIAL","emMmiErrorStkCcUssdSs":"Το αίτημα USSD τροποποιήθηκε σε SS","emMmiErrorStkCcUssdUssd":"Το αίτημα USSD τροποποιήθηκε σε νέα USSD","emMmiErrorStkCcSsDial":"Το αίτημα SS τροποποιήθηκε σε DIAL","emMmiErrorStkCcSsUssd":"Το αίτημα SS τροποποιήθηκε σε USSD","emMmiErrorStkCcSsSs":"Το αίτημα SS τροποποιήθηκε σε SS","emMmiErrorPinPukAttempts":{"_index":["plural","n"],"_":{"one":"Έμεινε μόνο {{ n }} προσπάθεια","two":"Απέμειναν {{ n }} προσπάθειες","few":"Απέμειναν {{ n }} προσπάθειες","many":"Απέμειναν {{ n }} προσπάθειες","other":"Απέμειναν {{ n }} προσπάθειες"}},"emMmiErrorSimBlocked":"Υπερβήκατε το όριο των προσπαθειών. Εμπλοκή της SIM","RadioNotAvailable":"Μη διαθέσιμη ραδιοεπικοινωνία","GenericFailure":"Γενικευμένη αποτυχία","PasswordIncorrect":"Λανθασμένος κωδικός","SimPin2":"SIM PIN2","SimPuk2":"SIM PUK2","RequestNotSupported":"Το αίτημα δεν υποστηρίζεται","OpNotAllowedDuringVoiceCall":"Η λειτουργία δεν επιτρέπεται κατά τη διάρκεια κλήσης","SmsSendFailRetry":"Αποτυχία αποστολής ξαναπροσπαθήστε","SimAbsent":"Δεν υπάρχει SIM","SubscriptionNotAvailable":"Η εγγραφή δεν είναι διαθέσιμη","ModeNotSupported":"Δεν υποστηρίζεται η λειτουργία","FdnCheckFailure":"Αποτυχία ελέγχου Fdn","IllegalSimOrMe":"Μη νόμιμη SIM","DialModifiedToUssd":"Dial τροποποιήθηκε σε USSD","DialModifiedToSs":"Dial τροποποιήθηκε σε SS","DialModifiedToDial":"Dial τροποποιήθηκε σε dial","UssdModifiedToDial":"USSD τροποποιήθηκε σε dial","UssdModifiedToSs":"USSD τροποποιήθηκε σε SS","UssdModifiedToUssd":"USSD τροποποιήθηκε σε USSD","SsModifiedToDial":"SS τροποποιήθηκε σε dial","SsModifiedToUssd":"SS τροποποιήθηκε σε USSD","SsModifiedToSs":"SS τροποποιήθηκε σε SS","SubscriptionNotSupported":"Η εγγραφή δεν υποστηρίζεται","InvalidParameter":"Μη έγκυρη παράμετρος","RejectedByRemote":"Απορρίφθηκε από απομακρυσμένο","group-call":{"_index":["plural","n"],"_":{"one":"Ομαδική κλήση ({{ n }})","two":"Ομαδική κλήση ({{ n }})","few":"Ομαδική κλήση ({{ n }})","many":"Ομαδική κλήση ({{ n }})","other":"Ομαδική κλήση ({{ n }})"}},"caller-left-call":"Ο συνομιλητής {{ caller }} αποχώρησε από την κλήση.","conferenceAddError":"Αδύνατη η συγχώνευση των κλήσεων","conferenceRemoveError":"Αδύνατος ο διαχωρισμός των κλήσεων","longDateFormat":"%a, %e %Eb","select-audio-sources":"Select audio sources","bluetooth-handsfree-device":"Bluetooth handsfree device","receiver":"Receiver","speaker":"Speaker","add":"Προσθήκη","done":"ΟΚ","retry":"Δοκιμάστε ξανά","addContact":"Προσθήκη επαφής","deleteContact":"Διαγραφή επαφής","selectContact":"Επιλογή επαφής","editContact":"Επεξεργασία","deleteConfirmMsg":"Διαγραφή επαφής;","remove":"Αφαίρεση","comments":"Σχόλια","no_contact_phones":"Αυτή η επαφή δεν έχει τηλεφωνικό νούμερο","no_contact_email":"Αυτή η επαφή δεν έχει email","removePhotoConfirm":"Αφαίρεση εικόνας επαφής;","loadingContacts":"Φόρτωση επαφών…","noContactsActivity":"Δεν είναι δυνατή η προσθήκη στις επαφές, επειδή η λίστα επαφών είναι άδεια","noName":"Χωρίς όνομα","givenName":{"placeholder":"Όνομα"},"familyName":{"placeholder":"Επώνυμο"},"tel":{"placeholder":"Τηλέφωνο"},"carrier":{"_":"Πάροχος","placeholder":"Πάροχος"},"separator":",","email":{"_":"Διεύθυνση email","placeholder":"Email"},"streetAddress":{"placeholder":"Οδός"},"postalCode":{"placeholder":"Τ.Κ."},"locality":{"placeholder":"Πόλη"},"countryName":{"placeholder":"Χώρα"},"comment":{"placeholder":"Σχόλιο"},"org":{"placeholder":"Εταιρεία"},"custom":"Προσαρμοσμένη ετικέτα","date":{"_":"Date","placeholder":"Date"},"date-span-placeholder":"Date","birthday":"Γενέθλια","dateFormat":"%B %e","dateOutput":"{{dayMonthFormatted}} {{year}}","anniversary":"Anniversary","addPhoto":"Προσθήκη εικόνας","addPhone":"Προσθήκη τηλεφώνου","addEmail":"Προσθήκη email","addAddress":"Προσθήκη διεύθυνσης","addDate":"Add Date","addComment":"Προσθήκη σχολίου","addFavorite":"Προσθήκη στα αγαπημένα","removeFavorite":"Αφαίρεση από τα αγαπημένα","label":"Ετικέτα","home":"Σπίτι","work":"Εργασία","personal":"Προσωπικό","faxHome":"Fax σπιτιού","faxOffice":"Fax γραφείου","faxOther":"Άλλο fax","another":"Άλλο","other":"Other","current":"Current","itemWithLabel":"{{label}}, {{item}}","exit":"Έξοδος","expand":"Ανάπτυξη","labelName":"Όνομα:","labelLastName":"Επώνυμο:","labelPhoneNumber":"Τηλέφωνο:","labelCarrier":"Πάροχος:","labelEmail":"Email:","labelStreet":"Οδός:","labelZip":"Τ.Κ.:","labelCity":"Πόλη:","labelCountry":"Χώρα:","labelComment":"Σχόλιο:","legendTitleMain":"Βασικές πληροφορίες","legendPhones":"Τηλεφωνικοί αριθμοί","legendEmail":"Διευθύνσεις email","legendAddress":"Διεύθυνση","transferContactsTitle":"Μεταφορά Επαφών","importContactsTitle":"Εισαγωγή επαφών","importContactsButton":"Import Contacts","exportContactsTitle":"Εξαγωγή επαφών","exportContactsButton":"Export Contacts","exportContactsAction":"Εξαγωγή","simExport-title":"Εξαγωγή στην κάρτα SIM","sdExport-title":"Εξαγωγή στην κάρτα SD","btExport-title":"Εξαγωγή στο Bluetooth","sdUMSEnabled":"Δεν μπορείτε να χρησιμοποιήσετε την κάρτα SD επειδή είναι ενεργοποιημένη η σύνδεση USB","exportErrorTitle":"Σφάλμα κατά την Εξαγωγή","contactsExported2":{"_index":["plural","exported"],"_":{"zero":"Καμία επαφή δεν εξήχθη","one":"{{exported}}/{{total}} επαφή εξήχθη","two":"{{exported}}/{{total}} επαφές εξήχθησαν","few":"{{exported}}/{{total}} επαφές εξήχθησαν","many":"{{exported}}/{{total}} επαφές εξήχθησαν","other":"{{exported}}/{{total}} επαφές εξήχθησαν"}},"exportError-general":"Συνέβη σφάλμα κατά την Εξαγωγή","exportError-SD-shared":"Η κάρτα μνήμης δεν μπορεί να προσπελαθεί λόγω διαμοιρασμού της","exportError-SD-unavailable":"Η κάρτα μνήμης δεν είναι διαθέσιμη","exportError-SD-noSpace":"Δεν υπάρχει αρκετός χώρος στην κάρτα μνήμης για εξαγωγή των επαφών","exportError-SIM-unavailable":"Η κάρτα SIM δεν είναι διαθέσιμη","exportError-BT-shared":"Η κάρτα μνήμης δεν μπορεί να προσπελαθεί λόγω διαμοιρασμού της","exportError-BT-unavailable":"Η κάρτα μνήμης δεν είναι διαθέσιμη","exportError-BT-noSpace":"Δεν υπάρχει αρκετός χώρος στην κάρτα μνήμης για εξαγωγή των επαφών","simContacts-import":"Εισαγωγή επαφών από κάρτα SIM","simContacts-importing":"Εισαγωγή επαφών από κάρτα SIM…","simContacts-reading":"Ανάγνωση από κάρτα SIM…","simContacts-error":"Δεν ήταν δυνατή η εισαγωγή επαφών από κάρτα SIM","simContacts-imported3":{"_index":["plural","n"],"_":{"zero":"Δεν εντοπίστηκαν επαφές στην κάρτα SIM για  να εισαχθούν","one":"Εισήχθη μία επαφή","two":"Εισήχθησαν {{n}} επαφές","few":"Εισήχθησαν {{n}} επαφές","many":"Εισήχθησαν {{n}} επαφές","other":"Εισήχθησαν {{n}} επαφές"}},"noSimMsgExport":"Για να εξάγετε επαφές εισάγετε ή ξεκλειδώστε την κάρτα SIM","simNumber":"SIM {{number}}","memoryCardContacts-import":"Εισαγωγή επαφών από την κάρτα μνήμης","memoryCardContacts-importing":"Εισάγονται επαφές από την κάρτα μνήμης… ","memoryCardContacts-reading":"Ανάγνωση από κάρτα μνήμης…","memoryCardContacts-error":"Δεν ήταν δυνατή η εισαγωγή επαφών από την κάρτα μνήμης","memoryCardContacts-imported3":{"_index":["plural","n"],"_":{"zero":"Δεν εντοπίστηκαν επαφές στην κάρτα μνήμης για εισαγωγή","one":"Εισήχθη μία επαφή","two":"Εισήχθησαν {{n}} επαφές","few":"Εισήχθησαν {{n}} επαφές","many":"Εισήχθησαν {{n}} επαφές","other":"Εισήχθησαν {{n}} επαφές"}},"noMemoryCardMsgExport":"Για να εξάγετε επαφές τοποθετήστε μία κάρτα μνήμης","genericProgress":"{{current}}/{{total}}","social-network":"Κοινωνικά δίκτυα","social-link":"Σύνδεση επαφής","social-unlink":"Αποσύνδεση επαφής","social-unlink-confirm-title":"Θέλετε να αποσυνδέσετε τον φίλο σας;","social-unlink-confirm-accept":"Κατάργηση συνδέσμου","facebook-import":"Εισαγωγή φίλων από το Facebook","show-fb-profile":"Εμφάνιση του προφίλ Facebook","msg-send":"Μήνυμα","wall-post":"Δημοσίευση στον τοίχο","facebook-import-msg":{"_index":["plural","imported"],"_":{"zero":"Δεν εισήχθη κανένας φίλος (από τους {{total}})","one":"Εισήχθη ένας φίλος (από τους {{total}})","two":"{{imported}}/{{total}} φίλοι εισήχθησαν","few":"{{imported}}/{{total}} φίλοι εισήχθησαν","many":"{{imported}}/{{total}} φίλοι εισήχθησαν","other":"{{imported}}/{{total}} φίλοι εισήχθησαν"}},"facebookSwitchMsg":"Συγχρονισμός φίλων","select_mobile":"Επιλογή κινητού","select_email":"Επιλογή διεύθυνσης email","contactsOrderBy":"Ταξινόμηση με επώνυμο","bluetooth":"Bluetooth","fbUpdateFriends":"Ενημέρωση φίλων από το Facebook","cleaningFbData":"Διαγραφή δεδομένων Facebook","loggingOutFb":"Αποσύνδεση από το Facebook","cleanFbConfirmMsg":"Να διαγραφούν όλα τα δεδομένα του Facebook;","renewPwdMsg":"Ο κωδικός πρόσβασης σας στο Facebook έχει αλλάξει. Παρακαλούμε, ενημερώστε τον.","notEnabledYet":"Δεν έχει ενεργοποιηθεί","genericNoConnection":"Για την εισαγωγή επαφών συνδεθείτε με το Wi-Fi ή με το δίκτυο δεδομένων","simCard":"Κάρτα SIM","memoryCard":"Κάρτα μνήμης","create-new":"Δημιουργία επαφής","import-now":"Εισαγάγετε επαφές από κάρτα SIM ή Facebook","no-contacts":"Δεν υπάρχουν επαφές","start-adding":"Ξεκινήστε την προσθήκη τώρα","notImported":"Δεν εισήχθη","imported":"Εισήχθη","organise-contacts":"Οργάνωση Επαφών","find-merge-contacts":"Βρες διπλότυπα επαφών","preparing-contacts":"Προετοιμασία επαφών","exportError-SIM-NoFreeRecordFound":"Η κάρτα SIM είναι γεμάτη","exportError-SIM-CannotAccessPhoneBook":"Δεν είναι δυνατή η πρόσβαση στον κατάλογο","exportError-SIM-Unavailable":"Δεν βρέθηκε SIM","exportError-SIM-GenericError":"Προέκυψε σφάλμα κατά την εξαγωγή μιας επαφής","ContactManagementTitle":"Contacts Management","DeleteTitle":"Delete","bulkDeleteButton":"Delete Contacts","BulkDelCancel":"Contacts delete cancelled","DeletedTxt":{"_index":["plural","n"],"_":{"zero":"No Contact to Delete","one":"1 Contact removed","two":"{{n}} Contacts removed","few":"{{n}} Contacts removed","many":"{{n}} Contacts removed","other":"{{n}} Contacts removed"}},"DeletingContacts":"Deleting contacts","ContactConfirmDel":{"_index":["plural","n"],"_":{"zero":"No Contact to Delete","one":"Delete 1 Contact? This cannot be undone.","two":"Delete {{n}} Contacts? This cannot be undone.","few":"Delete {{n}} Contacts? This cannot be undone.","many":"Delete {{n}} Contacts? This cannot be undone.","other":"Delete {{n}} Contacts? This cannot be undone."}},"SelectedTxt":{"_index":["plural","n"],"_":{"zero":"Contacts","one":"{{n}} selected","two":"{{n}} selected","few":"{{n}} selected","many":"{{n}} selected","other":"{{n}} selected"}},"sim-picker-dial-via-with-number":"Dial {{ phoneNumber }} via","sim-picker-select-sim":"Select SIM","sim-picker-button":"SIM{{ n }}","sim-picker-button-default":"(default)","waitDuplicateContacts":"Αναζήτηση διπλών επαφών","waitMergingDuplicateContacts":"Συγχώνευση διπλών επαφών","alertNoDuplicateContacts":"Δε βρέθηκαν διπλές επαφές ","mergeDuplicateTitle":"Συγχώνευση αντιγράφων","suggestedDuplicateContacts":"Προτεινόμενα αντίγραφα επαφών για {{name}}","mergeActionButtonLabel":{"_index":["plural","n"],"_":{"zero":"Δεν έχει επιλεγεί επαφή","one":"Συγχώνευση με {{n}} επαφή","other":"Συγχώνευση με {{n}} επαφές"}},"duplicatesFoundTitle":"Αντίγραφα βρέθηκαν","duplicatesFoundMessage":"Το όνομα {{name}} επιφέρει διπλές πληροφορίες στις ακόλουθες επαφές"}