{"brandShortName":"B2G OS","browserBrandShortName":"Web Browser","browserBrandFullName":"Mozilla Web Browser","back":"Back","noSimMsg":"To import contacts insert or unlock your SIM card","noMemoryCardMsg":"To import contacts insert a memory card","importMemoryCard":"Memory card","noConnection11":"To import Facebook friends or contacts connect to Wi-Fi or data network","pincode2":"Enter PIN code","type_pin":"Type your PIN code","pincodeLabel":"SIM {{n}} PIN","pinValidation":"PIN must have between 4 and 8 characters.","pinError":"The PIN was incorrect.","pinAttemptMsg2":{"_index":["plural","n"],"_":{"one":"You have one try left to enter the correct code before locking the SIM card.","two":"You have {{n}} tries left to enter the correct code before locking the SIM card.","few":"You have {{n}} tries left to enter the correct code before locking the SIM card.","many":"You have {{n}} tries left to enter the correct code before locking the SIM card.","other":"You have {{n}} tries left to enter the correct code before locking the SIM card."}},"pinLastChanceMsg":"This is your last chance to enter the correct PIN. Otherwise, you must enter the PUK code to use this SIM card.","pukcode":"Enter PUK code","pukcodeTitle":"Enter SIM {{n}} PUK","pukcodeLabel":"SIM {{n}} PUK","type_puk":"PUK code","pukValidation":"PUK code must have exactly 8 characters.","pukInfo":"You must enter the Personal Unlocking Key (PUK) Code for the SIM card. Refer to your SIM card documentation or contact your carrier for more information.","pukError":"The PUK was incorrect.","pukAttemptMsg2":{"_index":["plural","n"],"_":{"one":"You have one try left to enter the correct code before this SIM card will be permanently unusable. Refer to your SIM card documentation or contact your carrier for more information.","two":"You have {{n}} tries left to enter the correct code before this SIM card will be permanently unusable. Refer to your SIM card documentation or contact your carrier for more information.","few":"You have {{n}} tries left to enter the correct code before this SIM card will be permanently unusable. Refer to your SIM card documentation or contact your carrier for more information.","many":"You have {{n}} tries left to enter the correct code before this SIM card will be permanently unusable. Refer to your SIM card documentation or contact your carrier for more information.","other":"You have {{n}} tries left to enter the correct code before this SIM card will be permanently unusable. Refer to your SIM card documentation or contact your carrier for more information."}},"pukLastChanceMsg":"This is your last chance to enter the correct PUK code. Your SIM card will be permanently unusable if you enter in the wrong PUK code.","create_newpin":"Create new PIN (4 to 8 digits)","confirm_newpin":"Confirm new PIN","newpinConfirmation":"PINs don’t match","nckcode":"Enter NCK code","cckcode":"Enter CCK code","spckcode":"Enter SPCK code","nck1code":"Enter NCK1 code","nck2code":"Enter NCK2 code","hnckcode":"Enter HNCK code","rcckcode":"Enter RCCK code","rspckcode":"Enter RSPCK code","nckcodeTitle":"Enter SIM {{n}} NCK","cckcodeTitle":"Enter SIM {{n}} CCK","spckcodeTitle":"Enter SIM {{n}} SPCK","nck1codeTitle":"Enter SIM {{n}} NCK1","nck2codeTitle":"Enter SIM {{n}} NCK2","hnckcodeTitle":"Enter SIM {{n}} HNCK","rcckcodeTitle":"Enter SIM {{n}} RCCK","rspckcodeTitle":"Enter SIM {{n}} RSPCK","nckcodeLabel":"SIM {{n}} NCK","cckcodeLabel":"SIM {{n}} CCK","spckcodeLabel":"SIM {{n}} SPCK","nck1codeLabel":"SIM {{n}} NCK1","nck2codeLabel":"SIM {{n}} NCK2","hnckcodeLabel":"SIM {{n}} HNCK","rcckcodeLabel":"SIM {{n}} RCCK","rspckcodeLabel":"SIM {{n}} RSPCK","type_nck":"Type your NCK code","type_cck":"Type your CCK code","type_spck":"Type your SPCK code","type_nck1":"Type your NCK1 code","type_nck2":"Type your NCK2 code","type_hnck":"Type your HNCK code","type_rcck":"Type your RCCK code","type_rspck":"Type your RSPCK code","nckValidation":"NCK must have between 8 and 16 characters.","cckValidation":"CCK must have between 8 and 16 characters.","spckValidation":"SPCK must have between 8 and 16 characters.","nck1Validation":"NCK1 must have between 8 and 16 characters.","nck2Validation":"NCK2 must have between 8 and 16 characters.","hnckValidation":"HNCK must have between 8 and 16 characters.","rcckValidation":"RCCK must have between 8 and 16 characters.","rspckValidation":"RSPCK must have between 8 and 16 characters.","nckErrorMsg":"The NCK code is incorrect.","nckAttemptMsg2":{"_index":["plural","n"],"_":{"one":"Network depersonalization request failure. You have one try left to enter the correct code. Refer to your device documentation or contact your carrier for more information.","two":"Network depersonalization request failure. You have {{n}} tries left to enter the correct code. Refer to your device documentation or contact your carrier for more information.","few":"Network depersonalization request failure. You have {{n}} tries left to enter the correct code. Refer to your device documentation or contact your carrier for more information.","many":"Network depersonalization request failure. You have {{n}} tries left to enter the correct code. Refer to your device documentation or contact your carrier for more information.","other":"Network depersonalization request failure. You have {{n}} tries left to enter the correct code. Refer to your device documentation or contact your carrier for more information."}},"nckLastChanceMsg":"Network depersonalization request failure. Last chance to enter the correct NCK code. Refer to your device documentation or contact your carrier for more information.","skip":"Skip","send":"Send","ok":"OK","simLocked":"The SIM card is locked","inputCodeRetriesLeft":{"_index":["plural","n"],"_":{"one":"Last try.","two":"{{n}} tries left.","few":"{{n}} tries left.","many":"{{n}} tries left.","other":"{{n}} tries left."}},"simManager":"SIM Manager","simDetail":"SIM {{n}}","simDefault":"(default)","simDefaultMessage":"Outgoing calls, outgoing messages and data connection are set to SIM 1 as default","simSettingsMessage":"You can change default settings at Settings > SIM manager","simPinLocked":"SIM PIN locked","noOperator":"No operator","language":"Language","english":"English","dvorak":"English (Dvorak)","spanish":"Spanish","portuguese":"Portuguese Brazilian","french":"French","italian":"Italian","arabic":"Arabic","greek":"Greek","hebrew":"Hebrew","jp-kanji":"Japanese","jp-kanji-desc":"Kanji","traditionalChinese":"Traditional Chinese","traditionalChinese-desc":"Zhuyin","simplifiedChinese":"Simplified Chinese","simplifiedChinese-desc":"Pinyin","3g":"Cellular Data","dataConnection":"Enable Data","dataConnectionInfo":"Enabling data connection now will allow you to set up your phone without a Wi-Fi connection. You may also enable it later on in Settings. Just make sure you have a data plan with your carrier to avoid potentially hefty charges.","caution":"Warning","geolocation":"Geolocation","geolocationCheckbox":"Enable Geolocation","geolocationInfo2":"{{brandShortName}} uses data such as GPS, Wi-Fi, and mobile networks near you to help determine your approximate location.","geolocationInfoMore":"Data is sent to Mozilla and other service providers and will be used in the aggregate to improve those location databases.  Data may be stored on your device and data collection may occur even when no apps are running.","notice":"Notice","aboutYourPrivacy":"More about your privacy","wifi":"Wi-Fi","scanningNetworks":"Scanning for networks","selectNetwork":"Select a network","shortStatus-connecting":"Connecting…","shortStatus-associated":"Obtaining an IP address…","shortStatus-connected":"Connected","shortStatus-connectingfailed":"Connection failed","shortStatus-disconnected":"Offline","securedBy":"secured by {{capabilities}}","security":"Security","securityNone":"None","securityWEP":"WEP","securityWPA-PSK":"WPA-PSK","securityWPA-EAP":"WPA-EAP","securityOpen":"Open","identity":"User","identityInput":{"placeholder":"User"},"password":"Password","passwordInput":{"placeholder":"Password"},"showPassword":"Show Password","refresh":"Refresh","noWifiFound3":"No wireless networks found","join-hidden-button":"Join hidden network","authentication":"Authentication","ssid-name":"SSID Network Name","dateAndTime":"Date & Time","setTimeAutomatically":"Set automatically","timezoneMessage":"Time zone","timezoneTitle":"UTC{{utcOffset}} {{region}}/{{city}}","dateMessage":"Date","timeMessage":"Time","timeZone":"Time zone","change":"Change","importContacts3":"Import contacts","importSim2":"SIM card","importFb2":"Facebook","importOutlook":"Outlook","importGmail":"Gmail","fb-checking":"… checking","notImportedYet":"Not imported yet","otherAccount":"Other accounts","mobile":"Mobile","afterFbImport":"You can import and edit Facebook friends anytime in Contacts settings","firefox-accounts":"Firefox Accounts","fxa-overview":{"innerHTML":"A Firefox Account lets you use features like Find My Device and apps like the Firefox Marketplace."},"fxa-create-account-or-sign-in":"Create Account or Sign In","fxa-email-sent":"A verification link has been sent to {{email}}","about-your-rights-0":"{{brandShortName}} is built on free and open source software by a community of thousands from all over the world. There are a few things you should know:","about-your-rights-1":"{{brandShortName}} is made available to you under the terms of several open source licenses including the Mozilla Public License. A device running {{brandShortName}} may also contain proprietary software from third parties. Any code provided under open licenses give you the right to modify the source code and distribute your modified versions as long as you comply with their terms.","about-your-rights-2":"You are not granted any trademark rights or licenses to the trademarks of the Mozilla Foundation or any party, including without limitation the {{brandShortName}} name or logo.","about-your-rights-3":"Some features in {{brandShortName}}, such as the Crash Reporter, give you the option to provide feedback to Mozilla. By choosing to submit feedback, you give Mozilla permission to use the feedback to improve its products, to publish the feedback on its websites, and to distribute the feedback.","about-other":"Other","SIM_mandatory":"SIM Card Warning","SIM_mandatory_warm":"Please, insert a SIM card and reboot your phone.","sharing-performance-data":"Sharing Performance Data","telemetry-sends":"Telemetry sends Mozilla data about performance, hardware, configurations and customizations in your {{brandShortName}} device. We use this to make our products better, faster and more responsive.","learn-more-telemetry":{"innerHTML":"Learn more at {{link}}"},"learn-more-information":{"innerHTML":"Learn how Mozilla handles your information at {{link}}"},"welcomeBrowser":"Welcome to {{brandShortName}}, the free and open source operating system from Mozilla. Our mission is to promote openness, innovation and opportunity by keeping the power of the Web in your hands.","learn-more-privacy":{"innerHTML":"Learn how Mozilla handles your information in our {{link}}."},"learn-more-privacy-link":"privacy policy","aboutBrowser":"About {{brandShortName}}","aboutYourPrivacy2":"Your Privacy","mozillaCommunity2":"When you use {{brandShortName}}, you become part of a global community helping to build a brighter future for the Web. If you’d like to know more about the Mozilla community, our other products and events near you, please enter your email address below.","collaborate":"I want to help improve {{brandShortName}} by sharing data about my phone.","learnMore":"Learn more.","emailAddress":{"placeholder":"Email address"},"email-successfully-added":"Email successfully added","email-loading":"Saving your email…","browserPrivacyChoices":"{{brandShortName}} Privacy Choices","privacy-b2g":{"_":"{{brandShortName}}","title":"{{brandShortName}}"},"privacy-marketplace":{"_":"Marketplace","title":"{{privacy-marketplace}}"},"privacy-e-me":{"_":"everything.me","title":"{{privacy-e-me}}"},"navbar-back":"Back","navbar-next":"Next","navbar-join":"Join","thatsIt":"That’s it!","startYourPhone":"Start your phone tour!","startYourTablet":"Start your tablet tour!","joinTutorial":"Join us for a quick tutorial about your new phone.","enjoyYourPhone":"You’re ready to enjoy your new phone.","optionsAvailable":"You can change the language, date/time and Wi-Fi connection in settings.","letsGo":"Let’s go","startTour":"Start tour","thatsIt1Tablet-2":"You can always swipe from the bottom edge to enter home screen.","thatsIt2Tablet-2":"Let’s do it!","tutorial-step1-tiny":"Swipe from right to left to browse your apps.","tutorial-step2-tiny":"Tap and hold on an icon to delete or move it.","tutorial-step3-tiny":"Enter any keyword or topic and your phone will instantly adapt.","tutorial-step4-tiny":"Swipe down to access recent notifications, credit information and settings.","tutorial-step5-tiny":"Tap and hold the home button to browse and close recent apps.","tutorial-step6-tiny":"Swipe from the side of the screen to move back and forth between recent apps.","tutorial-step1-large-2":"Swipe down from top to access recent notifications, credit information and settings.","tutorial-step2-large-2":"Swipe left or right to discover new apps on home screen.","tutorial-step3-large-2":"Tap and hold on an icon to delete or move it.","tutorial-step4-large-2":"Two fingers swipe up from the bottom edge to trigger card view.","offline-dialog-title":"You must be connected to the Internet to view the page.","offline-dialog-text":"Please go back and connect to the Internet. You can also view the page later from Settings or by entering {{url}} in any browser.","OK":"OK","offline-newsletter-dialog-title":"You must be connected to the Internet to subscribe to the newsletter.","offline-newsletter-dialog-text":"Please go back and connect to the Internet.","invalid-email-dialog-title":"Your email is not valid","invalid-email-dialog-text":"Please go back and correct your entry.","cancel":"Cancel","weekday-0-long":"Sunday","weekday-1-long":"Monday","weekday-2-long":"Tuesday","weekday-3-long":"Wednesday","weekday-4-long":"Thursday","weekday-5-long":"Friday","weekday-6-long":"Saturday","weekday-0-short":"Sun","weekday-1-short":"Mon","weekday-2-short":"Tue","weekday-3-short":"Wed","weekday-4-short":"Thu","weekday-5-short":"Fri","weekday-6-short":"Sat","month-0-long":"January","month-1-long":"February","month-2-long":"March","month-3-long":"April","month-4-long":"May","month-5-long":"June","month-6-long":"July","month-7-long":"August","month-8-long":"September","month-9-long":"October","month-10-long":"November","month-11-long":"December","month-0-genitive":"January","month-1-genitive":"February","month-2-genitive":"March","month-3-genitive":"April","month-4-genitive":"May","month-5-genitive":"June","month-6-genitive":"July","month-7-genitive":"August","month-8-genitive":"September","month-9-genitive":"October","month-10-genitive":"November","month-11-genitive":"December","month-0-short":"Jan","month-1-short":"Feb","month-2-short":"Mar","month-3-short":"Apr","month-4-short":"May","month-5-short":"Jun","month-6-short":"Jul","month-7-short":"Aug","month-8-short":"Sep","month-9-short":"Oct","month-10-short":"Nov","month-11-short":"Dec","minutes-ago-long":{"_index":["plural","value"],"_":{"zero":"just now","one":"a minute ago","two":"{{value}} minutes ago","few":"{{value}} minutes ago","many":"{{value}} minutes ago","other":"{{value}} minutes ago"}},"hours-ago-long":{"_index":["plural","value"],"_":{"zero":"just now","one":"an hour ago","two":"{{value}} hours ago","few":"{{value}} hours ago","many":"{{value}} hours ago","other":"{{value}} hours ago"}},"days-ago-long":{"_index":["plural","value"],"_":{"zero":"today","one":"yesterday","two":"{{value}} days ago","few":"{{value}} days ago","many":"{{value}} days ago","other":"{{value}} days ago"}},"weeks-ago-long":{"_index":["plural","value"],"_":{"zero":"this week","one":"last week","two":"{{value}} weeks ago","few":"{{value}} weeks ago","many":"{{value}} weeks ago","other":"{{value}} weeks ago"}},"months-ago-long":{"_index":["plural","value"],"_":{"zero":"this month","one":"last month","two":"{{value}} months ago","few":"{{value}} months ago","many":"{{value}} months ago","other":"{{value}} months ago"}},"years-ago-long":{"_index":["plural","value"],"_":{"zero":"this year","one":"last year","two":"{{value}} years ago","few":"{{value}} years ago","many":"{{value}} years ago","other":"{{value}} years ago"}},"minutes-until-long":{"_index":["plural","value"],"_":{"zero":"now","one":"in a minute","two":"in {{value}} minutes","few":"in {{value}} minutes","many":"in {{value}} minutes","other":"in {{value}} minutes"}},"hours-until-long":{"_index":["plural","value"],"_":{"zero":"now","one":"in an hour","two":"in {{value}} hours","few":"in {{value}} hours","many":"in {{value}} hours","other":"in {{value}} hours"}},"days-until-long":{"_index":["plural","value"],"_":{"zero":"today","one":"tomorrow","two":"in {{value}} days","few":"in {{value}} days","many":"in {{value}} days","other":"in {{value}} days"}},"weeks-until-long":{"_index":["plural","value"],"_":{"zero":"this week","one":"next week","two":"in {{value}} weeks","few":"in {{value}} weeks","many":"in {{value}} weeks","other":"in {{value}} weeks"}},"months-until-long":{"_index":["plural","value"],"_":{"zero":"this month","one":"next month","two":"in {{value}} months","few":"in {{value}} months","many":"in {{value}} months","other":"in {{value}} months"}},"years-until-long":{"_index":["plural","value"],"_":{"zero":"this year","one":"next year","two":"in {{value}} years","few":"in {{value}} years","many":"in {{value}} years","other":"in {{value}} years"}},"minutes-ago-short":{"_index":["plural","value"],"_":{"zero":"just now","other":"{{value}}m ago"}},"hours-ago-short":{"_index":["plural","value"],"_":{"zero":"just now","other":"{{value}}h ago"}},"days-ago-short":{"_index":["plural","value"],"_":{"zero":"today","other":"{{value}}d ago"}},"minutes-until-short":{"_index":["plural","value"],"_":{"zero":"now","other":"in {{value}}m"}},"hours-until-short":{"_index":["plural","value"],"_":{"zero":"now","other":"in {{value}}h"}},"days-until-short":{"_index":["plural","value"],"_":{"zero":"today","other":"in {{value}}d"}},"incorrectDate":"(incorrect date)","dateTimeFormat_%c":"%a %b %e %Y %I:%M:%S %p","dateTimeFormat_%x":"%m/%d/%Y","dateTimeFormat_%X":"%I:%M:%S %p","shortTimeFormat":"%I:%M %p","shortDateTimeFormat":"%x %I:%M %p","weekStartsOnMonday":"0","time_am":"AM","time_pm":"PM","tz-region":"Region","tz-city":"City","tzRegion-Africa":"Africa","tzRegion-America":"America","tzRegion-Antarctica":"Antarctica","tzRegion-Asia":"Asia","tzRegion-Atlantic":"Atlantic Ocean","tzRegion-Australia":"Australia","tzRegion-Europe":"Europe","tzRegion-Indian":"Indian Ocean","tzRegion-Pacific":"Pacific Ocean","close":"Close","import":"Import","update":"Update","fbFriends":"Facebook Friends","live-serviceName":"Outlook","gmail-serviceName":"Gmail","facebook-serviceName":"Facebook Friends","selectAll":"Select all","deselectAll":"Deselect all","viewAll":"View All Facebook Friends","viewRecommend":"View Only Recommended","linkProposal":{"_index":["plural","numFriends"],"_":{"zero":"No matching friends. Showing all","one":"Select the recommended one","two":"Select a recommended one","few":"Select a recommended one","many":"Select a recommended one","other":"Select a recommended one"}},"fbFriendsFound":{"_index":["plural","numFriends"],"_":{"zero":"All your friends are imported","one":"Found one friend to import","two":"Found {{numFriends}} friends to import","few":"Found {{numFriends}} friends to import","many":"Found {{numFriends}} friends to import","other":"Found {{numFriends}} friends to import"}},"facebook":"Facebook","search-contact":{"placeholder":"Search"},"noResults":"No contacts found","done-search":"Done","progressFB3ImportTitle":"Importing friends to Contacts","progressFB":"{{current}}/{{total}}","progressFB3UpdateTitle":"Updating friends in Contacts","message2":"This may take a couple of minutes","messageLinking":"Please hold on. We are linking your friend and your contact.","messageCanceling":"Please hold on. We are canceling the ongoing operation.","error1":"Error {{from}}","error2":"Do you want to retry?","errorProposal":"calculating proposals","errorFriends":"retrieving friends","errorLinking":"linking contact","timeout1":"Exceeded timeout {{from}}","timeout2":"Do you want to retry?","timeoutProposal":"calculating proposals","timeoutFriends":"retrieving friends","timeoutLinking":"linking contacts","wait1":"Please hold on","wait2":"This may take a couple of minutes","waitProposal":"Please hold on. We are calculating a proposal.","waitFriends":"Please hold on. We are connecting to obtain your friend list.","curtainCancel":"Cancel","curtainRetry":"Retry","curtainOK":"OK","connectionLost":"No Internet connection","connectionLostMsg":"Friends’ photos will not be added to your contacts. Continue anyway?","yesOption":"OK","noOption":"Cancel","friendsUpdated":{"_index":["plural","numFriends"],"_":{"zero":"No friends updated","one":"Updated one friend","two":"Updated {{numFriends}} friends","few":"Updated {{numFriends}} friends","many":"Updated {{numFriends}} friends","other":"Updated {{numFriends}} friends"}},"notificationLogin":"Your Facebook session is invalid. Please sign in.","syncError":"There was an error synchronizing your friend’s data","callAirplaneModeMessage":"To make a call you need to disable airplane mode in settings.","callAirplaneModeBtnOk":"OK","callAirplaneModeTitle":"Airplane mode activated","numberIsBusyTitle":"Number is busy","numberIsBusyMessage":"The number is currently busy. Please try again later.","fdnIsActiveTitle":"FDN active","fdnIsActiveMessage":"FDN (Fixed Dialing Numbers) is activated and the following number is not in your FDN list: {{ number }}","voiceMail":"Voicemail","emergencyNumber":"Emergency number","emergencyDialogBodyBadNumber":"To make a call, the phone must be connected to a network.","emergencyDialogBodyDeviceNotAccepted":"Emergency calls are not allowed by the network.","emergencyDialogBtnOk":"OK","emergencyDialogTitle":"No network connection","invalidNumberToDialTitle":"Invalid phone number","invalidNumberToDialMessage":"The phone number you are calling is not valid.","unableToCallTitle":"Unable to make a phone call now","unableToCallMessage":"Cannot make a call. If you are already dialing, please hang up first.","otherConnectionInUseTitle":"Other connection in use","otherConnectionInUseMessage":"You have an active call on another connection. You can only use one connection at a time.","addNewNumber":"Add new number","addToExistingContact":"Add to existing contact","all":{"_":"All","ariaLabel":"All"},"asterisk":{"ariaLabel":"Asterisk"},"callLog":"Call log","callLogEdit":{"title":"Edit call log"},"callLogEditDialog":{"ariaLabel":"Edit call log dialog"},"connecting":"Connecting","cf-async":"Asynchronous: {{ async }}\\n","cf-data":"Data: {{ data }}\\n","cf-error":"An error occurred while retrieving call forwarding status","cf-fax":"FAX: {{ fax }}\\n","cf-inactive":"Inactive","cf-packet":"Packet: {{ packet }}\\n","cf-pad":"PAD: {{ pad }}\\n","cf-sms":"SMS: {{ sms }}\\n","cf-status":"Call forwarding status\\n","cf-sync":"Synchronous: {{ sync }}\\n","cf-voice":"Voice: {{ voice }}\\n","confirm-deletion":"Clear selected calls?","contacts":"Contacts","createNewContact":"Create new contact","delete":"Delete","dialerAddContact":{"ariaLabel":"Add contact"},"dialerAddContactDialog":{"ariaLabel":"Add Contact Dialog"},"edit-selected":{"_index":["plural","n"],"_":{"one":"{{ n }} selected","two":"{{ n }} selected","few":"{{ n }} selected","many":"{{ n }} selected","other":"{{ n }} selected"}},"edit":"Edit","hashSign":{"ariaLabel":"Hash sign"},"hideKeypad":{"ariaLabel":"Hide keypad"},"ignore":"Ignore Call","incoming":"Incoming","keypad":{"ariaLabel":"Keypad"},"keypadDelete":{"ariaLabel":"Delete"},"makeCall":{"ariaLabel":"Make call"},"merge":"Merge","missed":{"_":"Missed","ariaLabel":"Missed"},"missedCall":"Missed call","missedCallMultiSims":"(SIM {{ n }}) Missed call","mmi-error":"An error occurred while sending the message","mmi-session-expired":"Session expired","mmi-successfully-sent":"Message successfully sent","mute":{"ariaLabel":"Mute"},"newCall":{"ariaLabel":"New call"},"no-logs-msg-1":"No calls recorded","no-logs-msg-2":"Start communicating now","no-logs-msg-3":"No missed calls","phoneNumberInput":{"ariaLabel":"Phone number"},"recents":{"ariaLabel":"Recent calls"},"reply":"Reply","switch-calls":"Switch calls","today":"Today","voiceMailKey":{"ariaLabel":"Voicemail"},"withheld-number":"Withheld number","from-contact":"From {{ contact }}","from-number":"From {{ number }}","from-withheld-number":"From withheld number","yesterday":"Yesterday","sending":"Sending…","speakerOption":{"ariaLabel":"Speaker"},"ussd-services":"{{ operator }} services","toggleKeypad":{"ariaLabel":"Toggle keypad"},"type-your-response":{"placeholder":"Type your response…"},"clear-all-text":"Clear all text","hide":"Hide","call":"Call","hold":{"ariaLabel":"Hold"},"resume":{"_":"Resume","ariaLabel":"Resume"},"sendSms":"Send Message","callEnded":"Call Ended","via-sim":"via SIM{{ n }}","sim-number":"SIM{{ n }}","hangup-a11y-button":{"ariaLabel":"Hang Up"},"pickup-a11y-button":{"ariaLabel":"Pick up"},"unlock-a11y-button":{"ariaLabel":"Slider"},"settings":"Settings","delete-n-log?":{"_index":["plural","n"],"_":{"zero":"Nothing selected","one":"Delete selected log?","two":"Delete {{ n }} logs?","few":"Delete {{ n }} logs?","many":"Delete {{ n }} logs?","other":"Delete {{ n }} logs?"}},"callDurationMinutes":"{{ m }}:{{ s }}","callDurationHours":"{{ h }}:{{ m }}:{{ s}}","suggestionMatches":{"_index":["plural","n"],"_":{"one":"{{ n }} match for \"{{ matchNumber }}\"","two":"{{ n }} matches for \"{{ matchNumber }}\"","few":"{{ n }} matches for \"{{ matchNumber }}\"","many":"{{ n }} matches for \"{{ matchNumber }}\"","other":"{{ n }} matches for \"{{ matchNumber }}\""}},"scCallBarring":"Call barring","scCallForwarding":"Call forwarding","scClip":"Incoming Caller ID","scClir":"Outgoing Caller ID","scPwd":"Password change","scCallWaiting":"Call waiting","scPin":"PIN change","scPin2":"PIN2 change","scPuk":"Unblock PIN","scPuk2":"Unblock PIN2","scImei":"IMEI","scUssd":"USSD","serviceClassVoice":"Voice","serviceClassData":"Data","serviceClassFax":"FAX","serviceClassSms":"SMS","serviceClassDataSync":"Sync","serviceClassDataAsync":"Async","serviceClassPacket":"Packet","serviceClassPad":"PAD","smServiceEnabled":"Service was enabled","smServiceDisabled":"Service has been disabled","smServiceRegistered":"Registration was successful","smServiceErased":"Erasure was successful","smServiceInterrogated":"Request was successful","smServiceNotProvisioned":"Service not provisioned","smClirPermanent":"You can not change the caller ID setting","smClirDefaultOnNextCallOn":"Caller ID defaults to restricted. Next call: Restricted","smClirDefaultOnNextCallOff":"Caller ID defaults to restricted. Next call: Not restricted","smClirDefaultOffNextCallOn":"Caller ID defaults to not restricted. Next call: Restricted","smClirDefaultOffNextCallOff":"Caller ID defaults to not restricted. Next call: Not restricted","smServiceEnabledFor":"Service was enabled for:","smPinChanged":"PIN successfully changed","smPinUnblocked":"PIN successfully unblocked","smPin2Changed":"PIN2 successfully changed","smPin2Unblocked":"PIN2 successfully unblocked","emMmiError":"Connection problem or invalid MMI code","emMmiErrorPasswordIncorrect":"Incorrect Password","emMmiErrorNotSupported":"Invalid or Unsupported MMI Code","emMmiErrorInvalidAction":"Invalid action","emMmiErrorInvalidScCode":"Invalid service code","emMmiErrorBadPuk":"The PUK you typed is not correct","emMmiErrorBadPin":"The old PIN you typed is not correct.","emMmiErrorNeedPuk2":"Type PUK2 to unblock SIM card","emMmiErrorMismatchPin":"The PINs you typed do not match","emMmiErrorInvalidPin":"Type a PIN that is 4 to 8 numbers","emMmiErrorNeedsPuk":"Your SIM card is PUK-locked","emMmiErrorEnablePin":"Unsuccessful. Enable SIM/RUIM LOCK","emMmiErrorMmiFdn":"Operation is restricted to fixed dialing numbers only","emMmiErrorStkCcUssdDial":"USSD request is modified to DIAL request","emMmiErrorStkCcUssdSs":"USSD request is modified to SS request","emMmiErrorStkCcUssdUssd":"USSD request is modified to new USSD request","emMmiErrorStkCcSsDial":"SS request is modified to DIAL request","emMmiErrorStkCcSsUssd":"SS request is modified to USSD request","emMmiErrorStkCcSsSs":"SS request is modified to new SS request","emMmiErrorPinPukAttempts":{"_index":["plural","n"],"_":{"one":"Only {{ n }} retry left","two":"{{ n }} retries left","few":"{{ n }} retries left","many":"{{ n }} retries left","other":"{{ n }} retries left"}},"emMmiErrorSimBlocked":"Maximum number of retries exceeded. SIM blocked","RadioNotAvailable":"Radio not available","GenericFailure":"Generic failure","PasswordIncorrect":"Password incorrect","SimPin2":"SIM PIN2","SimPuk2":"SIM PUK2","RequestNotSupported":"Request not supported","OpNotAllowedDuringVoiceCall":"Operation not allowed during voice call","SmsSendFailRetry":"SMS send fail retry","SimAbsent":"SIM absent","SubscriptionNotAvailable":"Subscription not available","ModeNotSupported":"Mode not supported","FdnCheckFailure":"Fdn check failure","IllegalSimOrMe":"Illegal SIM or ME","DialModifiedToUssd":"Dial modified to USSD","DialModifiedToSs":"Dial modified to SS","DialModifiedToDial":"Dial modified to dial","UssdModifiedToDial":"USSD modified to dial","UssdModifiedToSs":"USSD modified to SS","UssdModifiedToUssd":"USSD modified to USSD","SsModifiedToDial":"SS modified to dial","SsModifiedToUssd":"SS modified to USSD","SsModifiedToSs":"SS modified to SS","SubscriptionNotSupported":"Subscription not supported","InvalidParameter":"Invalid parameter","RejectedByRemote":"Rejected by remote","group-call":{"_index":["plural","n"],"_":{"one":"Group call ({{ n }})","two":"Group call ({{ n }})","few":"Group call ({{ n }})","many":"Group call ({{ n }})","other":"Group call ({{ n }})"}},"caller-left-call":"{{ caller }} has left the call.","conferenceAddError":"Unable to merge calls","conferenceRemoveError":"Unable to unmerge calls","longDateFormat":"%A, %B %e","select-audio-sources":"Select audio sources","bluetooth-handsfree-device":"Bluetooth handsfree device","receiver":"Receiver","speaker":"Speaker","add":"Add","done":"Done","retry":"Retry","addContact":"Add contact","deleteContact":"Delete contact","selectContact":"Select contact","editContact":"Edit contact","deleteConfirmMsg":"Delete contact?","remove":"Remove","comments":"Comments","no_contact_phones":"This contact does not have a phone number","no_contact_email":"This contact does not have an email address","removePhotoConfirm":"Remove contact picture?","loadingContacts":"Loading contacts…","noContactsActivity":"Cannot add to contact as your contact list is empty","noName":"No name","givenName":{"placeholder":"Name"},"familyName":{"placeholder":"Last name"},"tel":{"placeholder":"Phone"},"carrier":{"_":"Carrier","placeholder":"Carrier"},"separator":",","email":{"_":"Email","placeholder":"Email"},"streetAddress":{"placeholder":"Street"},"postalCode":{"placeholder":"Zip code"},"locality":{"placeholder":"City"},"countryName":{"placeholder":"Country"},"comment":{"placeholder":"Comment"},"org":{"placeholder":"Company"},"custom":"Custom tag","date":{"_":"Date","placeholder":"Date"},"date-span-placeholder":"Date","birthday":"Birthday","dateFormat":"%B %e","dateOutput":"{{dayMonthFormatted}} {{year}}","anniversary":"Anniversary","addPhoto":"Add Picture","addPhone":"Add Phone","addEmail":"Add Email","addAddress":"Add Address","addDate":"Add Date","addComment":"Add Comment","addFavorite":"Add as Favorite","removeFavorite":"Remove as Favorite","label":"Label","home":"Home","work":"Work","personal":"Personal","faxHome":"Fax home","faxOffice":"Fax office","faxOther":"Fax other","another":"Another","other":"Other","current":"Current","itemWithLabel":"{{label}}, {{item}}","exit":"Exit","expand":"Expand","labelName":"Name:","labelLastName":"Last name:","labelPhoneNumber":"Phone number:","labelCarrier":"Carrier:","labelEmail":"Email:","labelStreet":"Street:","labelZip":"Zip code:","labelCity":"City:","labelCountry":"Country:","labelComment":"Comment:","legendTitleMain":"Main information","legendPhones":"Phone numbers","legendEmail":"Email address","legendAddress":"Address","transferContactsTitle":"Transfer Contacts","importContactsTitle":"Import Contacts","importContactsButton":"Import Contacts","exportContactsTitle":"Export Contacts","exportContactsButton":"Export Contacts","exportContactsAction":"Export","simExport-title":"Export to SIM","sdExport-title":"Export to SD Card","btExport-title":"Export to Bluetooth","sdUMSEnabled":"Cannot use SD Card because USB storage is enabled","exportErrorTitle":"Export error","contactsExported2":{"_index":["plural","exported"],"_":{"zero":"No contacts exported","one":"{{exported}}/{{total}} contacts exported","two":"{{exported}}/{{total}} contacts exported","few":"{{exported}}/{{total}} contacts exported","many":"{{exported}}/{{total}} contacts exported","other":"{{exported}}/{{total}} contacts exported"}},"exportError-general":"Some error happened while exporting","exportError-SD-shared":"Can’t access memory card because it’s shared","exportError-SD-unavailable":"Memory card is not available","exportError-SD-noSpace":"There’s not enough space on the memory card to export the contacts","exportError-SIM-unavailable":"SIM card is not available","exportError-BT-shared":"Can’t access memory card because it’s shared","exportError-BT-unavailable":"Memory card is not available","exportError-BT-noSpace":"There’s not enough space on the memory card to export the contacts","simContacts-import":"Import SIM contacts","simContacts-importing":"Importing SIM contacts…","simContacts-reading":"Reading from SIM card…","simContacts-error":"Could not import contacts from SIM","simContacts-imported3":{"_index":["plural","n"],"_":{"zero":"No contacts detected on SIM to import","one":"Imported one contact","two":"Imported {{n}} contacts","few":"Imported {{n}} contacts","many":"Imported {{n}} contacts","other":"Imported {{n}} contacts"}},"noSimMsgExport":"To export contacts insert or unlock your SIM card","simNumber":"SIM {{number}}","memoryCardContacts-import":"Import contacts from memory card","memoryCardContacts-importing":"Importing contacts from memory card…","memoryCardContacts-reading":"Reading from memory card…","memoryCardContacts-error":"Could not import contacts from memory card","memoryCardContacts-imported3":{"_index":["plural","n"],"_":{"zero":"No contacts detected on memory card to import","one":"Imported one contact","two":"Imported {{n}} contacts","few":"Imported {{n}} contacts","many":"Imported {{n}} contacts","other":"Imported {{n}} contacts"}},"noMemoryCardMsgExport":"To export contacts insert a memory card","genericProgress":"{{current}}/{{total}}","social-network":"Social networks","social-link":"Link contact","social-unlink":"Unlink contact","social-unlink-confirm-title":"Do you want to unlink your friend?","social-unlink-confirm-accept":"Unlink","facebook-import":"Import Facebook friends","show-fb-profile":"View Facebook profile","msg-send":"Message","wall-post":"Wall post","facebook-import-msg":{"_index":["plural","imported"],"_":{"zero":"No friends imported (out of {{total}})","one":"One friend imported (out of {{total}})","two":"{{imported}}/{{total}} friends imported","few":"{{imported}}/{{total}} friends imported","many":"{{imported}}/{{total}} friends imported","other":"{{imported}}/{{total}} friends imported"}},"facebookSwitchMsg":"Sync friends","select_mobile":"Select mobile","select_email":"Select email","contactsOrderBy":"Order by last name","bluetooth":"Bluetooth","fbUpdateFriends":"Update imported friends","cleaningFbData":"Removing Facebook data","loggingOutFb":"Logging out from Facebook","cleanFbConfirmMsg":"Remove all Facebook data?","renewPwdMsg":"Your password in Facebook has changed. Please, update it.","notEnabledYet":"Not enabled yet","genericNoConnection":"To import contacts connect to Wi-Fi or data network","simCard":"SIM card","memoryCard":"Memory card","create-new":"Create a new contact","import-now":"Import your contacts from SIM card or Facebook","no-contacts":"No contacts","start-adding":"Start adding them now","notImported":"Not imported","imported":"Imported","organise-contacts":"Organize Contacts","find-merge-contacts":"Find duplicate contacts","preparing-contacts":"Preparing contacts","exportError-SIM-NoFreeRecordFound":"SIM Card is full","exportError-SIM-CannotAccessPhoneBook":"Cannot access SIM card’s phone book","exportError-SIM-Unavailable":"No SIM detected","exportError-SIM-GenericError":"An error occurred while exporting a contact","ContactManagementTitle":"Contacts Management","DeleteTitle":"Delete","bulkDeleteButton":"Delete Contacts","BulkDelCancel":"Contacts delete cancelled","DeletedTxt":{"_index":["plural","n"],"_":{"zero":"No Contact to Delete","one":"1 Contact removed","two":"{{n}} Contacts removed","few":"{{n}} Contacts removed","many":"{{n}} Contacts removed","other":"{{n}} Contacts removed"}},"DeletingContacts":"Deleting contacts","ContactConfirmDel":{"_index":["plural","n"],"_":{"zero":"No Contact to Delete","one":"Delete 1 Contact? This cannot be undone.","two":"Delete {{n}} Contacts? This cannot be undone.","few":"Delete {{n}} Contacts? This cannot be undone.","many":"Delete {{n}} Contacts? This cannot be undone.","other":"Delete {{n}} Contacts? This cannot be undone."}},"SelectedTxt":{"_index":["plural","n"],"_":{"zero":"Contacts","one":"{{n}} selected","two":"{{n}} selected","few":"{{n}} selected","many":"{{n}} selected","other":"{{n}} selected"}},"sim-picker-dial-via-with-number":"Dial {{ phoneNumber }} via","sim-picker-select-sim":"Select SIM","sim-picker-button":"SIM{{ n }}","sim-picker-button-default":"(default)","waitDuplicateContacts":"Looking for duplicate contacts","waitMergingDuplicateContacts":"Merging duplicate contacts","alertNoDuplicateContacts":"No duplicate contacts found","mergeDuplicateTitle":"Merge duplicates","suggestedDuplicateContacts":"Suggested duplicate contacts for {{name}}","mergeActionButtonLabel":{"_index":["plural","n"],"_":{"zero":"No contacts selected","one":"Merge with {{n}} contact","other":"Merge with {{n}} contacts"}},"duplicatesFoundTitle":"Duplicates found","duplicatesFoundMessage":"{{name}} duplicates information in the following contacts"}