{"brandShortName":"B2G OS","browserBrandShortName":"Navegador","browserBrandFullName":"Navegador de Mozilla","back":"Atrás","noSimMsg":"Para importar contactos, inserte o desbloquee su tarjeta SIM","noMemoryCardMsg":"Para importar contactos, inserte una tarjeta de memoria","importMemoryCard":"Tarjeta de memoria","noConnection11":"Para importar contactos o amigos de Facebook, conéctese a una red de datos o wifi","pincode2":"Escribir PIN","type_pin":"Escriba su PIN","pincodeLabel":"PIN de la SIM {{n}}","pinValidation":"El PIN debe tener entre 4 y 8 caracteres.","pinError":"El PIN no es correcto.","pinAttemptMsg2":{"_index":["plural","n"],"_":{"one":"Sólo le queda un intento para escribir el código correcto antes de bloquear la SIM.","two":"Le quedan {{n}} intentos para escribir el código correcto antes de bloquear la SIM.","few":"Le quedan {{n}} intentos para escribir el código correcto antes de bloquear la SIM.","many":"Le quedan {{n}} intentos para escribir el código correcto antes de bloquear la SIM.","other":"Le quedan {{n}} intentos para escribir el código correcto antes de bloquear la SIM."}},"pinLastChanceMsg":"Esta es su última oportunidad para escribir el PIN correcto. Si no, tendrá que escribir el código PUK para usar esta tarjeta SIM.","pukcode":"Escribir PUK","pukcodeTitle":"Escribir PUK de la SIM {{n}}","pukcodeLabel":"PUK de la SIM {{n}}","type_puk":"Código PUK","pukValidation":"El código PUK debe tener exactamente 8 caracteres.","pukInfo":"Debe escribir la Clave Personal de Desbloqueo (PUK) para la tarjeta SIM. Consulte la documentación de su tarjeta SIM o contacte con su operador para tener más información.","pukError":"El código PUK es incorrecto.","pukAttemptMsg2":{"_index":["plural","n"],"_":{"one":"Sólo le queda un intento para escribir el código correcto antes de que la tarjeta SIM quede definitivamente inutilizable. Consulte la documentación de su tarjeta SIM o contacte con su operador para tener más información.","two":"Le quedan {{n}} intentos para escribir el código correcto antes de que la tarjeta SIM quede definitivamente inutilizable. Consulte la documentación de su tarjeta SIM o contacte con su operador para tener más información.","few":"Le quedan {{n}} intentos para escribir el código correcto antes de que la tarjeta SIM quede definitivamente inutilizable. Consulte la documentación de su tarjeta SIM o contacte con su operador para tener más información.","many":"Le quedan {{n}} intentos para escribir el código correcto antes de que la tarjeta SIM quede definitivamente inutilizable. Consulte la documentación de su tarjeta SIM o contacte con su operador para tener más información.","other":"Le quedan {{n}} intentos para escribir el código correcto antes de que la tarjeta SIM quede definitivamente inutilizable. Consulte la documentación de su tarjeta SIM o contacte con su operador para tener más información."}},"pukLastChanceMsg":"Esta es la última oportunidad para escribir el código PUK correcto. Su tarjeta SIM quedará definitivamente inutilizable si escribe un código PUK incorrecto.","create_newpin":"Crear nuevo PIN (entre 4 y 8 dígitos)","confirm_newpin":"Confirmar nuevo PIN","newpinConfirmation":"Los PIN no coinciden.","nckcode":"Escribir NCK","cckcode":"Escribir CCK","spckcode":"Escribir SPCK","nck1code":"Enter NCK1 code","nck2code":"Enter NCK2 code","hnckcode":"Enter HNCK code","rcckcode":"Enter RCCK code","rspckcode":"Enter RSPCK code","nckcodeTitle":"Escribir NCK de la SIM {{n}}","cckcodeTitle":"Escribir CCK de la SIM {{n}}","spckcodeTitle":"Escribir SPCK de la SIM {{n}}","nck1codeTitle":"Enter SIM {{n}} NCK1","nck2codeTitle":"Enter SIM {{n}} NCK2","hnckcodeTitle":"Enter SIM {{n}} HNCK","rcckcodeTitle":"Enter SIM {{n}} RCCK","rspckcodeTitle":"Enter SIM {{n}} RSPCK","nckcodeLabel":"NCK de la SIM {{n}}","cckcodeLabel":"CCK de la SIM {{n}}","spckcodeLabel":"SIM {{n}} SPCK","nck1codeLabel":"SIM {{n}} NCK1","nck2codeLabel":"SIM {{n}} NCK2","hnckcodeLabel":"SIM {{n}} HNCK","rcckcodeLabel":"SIM {{n}} RCCK","rspckcodeLabel":"SIM {{n}} RSPCK","type_nck":"Escriba su código NCK","type_cck":"Escriba su código CCK","type_spck":"Escriba su código SPCK","type_nck1":"Type your NCK1 code","type_nck2":"Type your NCK2 code","type_hnck":"Type your HNCK code","type_rcck":"Type your RCCK code","type_rspck":"Type your RSPCK code","nckValidation":"El NCK debe tener entre 8 y 16 caracteres.","cckValidation":"El CCK debe tener entre 8 y 16 caracteres","spckValidation":"El SPCK debe tener entre 8 y 16 caracteres","nck1Validation":"NCK1 must have between 8 and 16 characters.","nck2Validation":"NCK2 must have between 8 and 16 characters.","hnckValidation":"HNCK must have between 8 and 16 characters.","rcckValidation":"RCCK must have between 8 and 16 characters.","rspckValidation":"RSPCK must have between 8 and 16 characters.","nckErrorMsg":"El código NCK es incorrecto.","nckAttemptMsg2":{"_index":["plural","n"],"_":{"one":"La despersonalización de red falló. Sólo le queda un intento para escribir el código correcto. Consulte la documentación de su dispositivo o contacte con su operador para tener más información.","two":"La despersonalización de red falló. Le quedan {{n}} intentos para escribir el código correcto. Consulte la documentación de su dispositivo o contacte con su operador para tener más información.","few":"La despersonalización de red falló. Le quedan {{n}} intentos para escribir el código correcto. Consulte la documentación de su dispositivo o contacte con su operador para tener más información.","many":"La despersonalización de red falló. Le quedan {{n}} intentos para escribir el código correcto. Consulte la documentación de su dispositivo o contacte con su operador para tener más información.","other":"La despersonalización de red falló. Le quedan {{n}} intentos para escribir el código correcto. Consulte la documentación de su dispositivo o contacte con su operador para tener más información."}},"nckLastChanceMsg":"La despersonalización de red falló. Es el último intento para escribir el código correcto. Consulte la documentación de su dispositivo o contacte con su operador para tener más información.","skip":"Saltar","send":"Enviar","ok":"Aceptar","simLocked":"Esta tarjeta PIN está bloqueada","inputCodeRetriesLeft":{"_index":["plural","n"],"_":{"one":"último intento.","two":"{{n}} intentos.","few":"{{n}} intentos.","many":"{{n}} intentos.","other":"{{n}} intentos."}},"simManager":"Administrador SIM","simDetail":"SIM {{n}}","simDefault":"(predeterminada)","simDefaultMessage":"Las llamadas y los mensajes salientes así como la conexión de datos están configurados para la SIM 1 de manera predeterminada","simSettingsMessage":"Puede cambiar la configuración predeterminada en Ajustes > Administrador de tarjetas SIM","simPinLocked":"PIN de la SIM bloqueado","noOperator":"Sin operador","language":"Idioma","english":"Inglés","dvorak":"Inglés (Dvorak)","spanish":"Español","portuguese":"Portugués de Brasil","french":"Francés","italian":"Italiano","arabic":"Árabe","greek":"Griego","hebrew":"Hebreo","jp-kanji":"Japonés","jp-kanji-desc":"Kanji","traditionalChinese":"Chino tradicional","traditionalChinese-desc":"Zhuyin","simplifiedChinese":"Chino simplificado","simplifiedChinese-desc":"Pinyin","3g":"Datos móviles","dataConnection":"Activar datos","dataConnectionInfo":"Activar la conexión de datos le permitirá usar su teléfono sin una conexión wifi. También puede activarlo más adelante en Ajustes. Asegúrese de que dispone de un plan de datos con su operador para evitar posibles recargos futuros.","caution":"Advertencia","geolocation":"Geolocalización","geolocationCheckbox":"Activar geolocalización","geolocationInfo2":"{{brandShortName}} usa datos como los de GPS, wifi y redes móviles cercanas a usted para ayudar a determinar su ubicación aproximada.","geolocationInfoMore":"Los datos se envían a Mozilla y otros proveedores de servicios, y se usarán agregados con el fin de mejorar estas bases de datos sobre ubicaciones. Los datos se guardarán en su equipo y la recopilación de los mismos se efectuará incluso cuando no se esté ejecutando ninguna aplicación.","notice":"Aviso","aboutYourPrivacy":"Más información sobre su privacidad","wifi":"Wifi","scanningNetworks":"Buscando redes","selectNetwork":"Elija una red","shortStatus-connecting":"Conectando…","shortStatus-associated":"Obteniendo dirección IP…","shortStatus-connected":"Conectado","shortStatus-connectingfailed":"Error en la conexión","shortStatus-disconnected":"Sin conexión","securedBy":"Protegido por {{capabilities}}","security":"Seguridad","securityNone":"Ninguna","securityWEP":"WEP","securityWPA-PSK":"WPA-PSK","securityWPA-EAP":"WPA-EAP","securityOpen":"Abierta","identity":"Usuario/a","identityInput":{"placeholder":"Usuario/a"},"password":"Contraseña","passwordInput":{"placeholder":"Contraseña"},"showPassword":"Mostrar contraseña","refresh":"Actualizar","noWifiFound3":"No se han encontrado redes inalámbricas","join-hidden-button":"Unirse a una red oculta","authentication":"Autenticación","ssid-name":"Nombre SSID de red","dateAndTime":"Fecha y hora","setTimeAutomatically":"Ajuste automát.","timezoneMessage":"Zona horaria","timezoneTitle":"UTC{{utcOffset}} {{region}}/{{city}}","dateMessage":"Fecha","timeMessage":"Hora","timeZone":"Zona horaria","change":"Cambiar","importContacts3":"Importar contactos","importSim2":"Tarjeta SIM","importFb2":"Facebook","importOutlook":"Outlook","importGmail":"Gmail","fb-checking":"…comprobando","notImportedYet":"Aún sin importar","otherAccount":"Otras cuentas","mobile":"Móvil","afterFbImport":"Puede importar y editar sus amigos de Facebook en cualquier momento en la configuración de Contactos","firefox-accounts":"Firefox Accounts","fxa-overview":{"innerHTML":"A Firefox Account lets you use features like Find My Device and apps like the Firefox Marketplace."},"fxa-create-account-or-sign-in":"Create Account or Sign In","fxa-email-sent":"A verification link has been sent to {{email}}","about-your-rights-0":"{{brandShortName}} es software gratuito y de código libre desarrollado por una comunidad de miles de colaboradores por todo el mundo. Hay algunas cosas que debe saber:","about-your-rights-1":"{{brandShortName}} está disponible bajo los términos de varias licencias de código libre, entre ellas la Mozilla Public License. Un dispositivo que ejecute {{brandShortName}} puede también contener software patentado de un tercero. En tanto en cuanto se cumpla con los términos establecidos, cualquier código proporcionado bajo una licencia abierta otorga el derecho de modificar el código fuente y distribuir las versiones modificadas.","about-your-rights-2":"No se le otorga ningún derecho de marca registrada o licencia para las marcas registradas de Fundación Mozilla u otra parte, lo que incluye a modo enunciativo, pero no limitativo, el nombre o logo de {{brandShortName}}.","about-your-rights-3":"Algunas características en {{brandShortName}} como Crash Reporter le ofrecen la oportunidad de dar su opinión a Mozilla. Al elegir enviar su opinión, autoriza a Mozilla a utilizarla para mejorar sus productos, publicarla en sus sitios web y distribuirla.","about-other":"Otros","SIM_mandatory":"Advertencia de tarjeta SIM","SIM_mandatory_warm":"Inserte una tarjeta SIM y reinicie su teléfono.","sharing-performance-data":"Compartir datos de rendimiento","telemetry-sends":"Telemetry envía a Mozilla información sobre el rendimiento, hardware, configuración y personalización en su dispositivo {{brandShortName}}. Usamos esta información para mejorar nuestros productos, hacerlos más rápidos y adaptarlos a las necesidades de nuestros usuarios.","learn-more-telemetry":{"innerHTML":"Learn more at {{link}}"},"learn-more-information":{"innerHTML":"Learn how Mozilla handles your information at {{link}}"},"welcomeBrowser":"Bienvenido a {{brandShortName}}, el sistema operativo gratuito y abierto de Mozilla. Nuestra misión es promover la apertura, la innovación y la oportunidad para todos poniendo el poder de la Web en sus manos.","learn-more-privacy":{"innerHTML":"Learn how Mozilla handles your information in our {{link}}."},"learn-more-privacy-link":"privacy policy","aboutBrowser":"Acerca de {{brandShortName}}","aboutYourPrivacy2":"Su privacidad","mozillaCommunity2":"Al usar {{brandShortName}}, se convierte en parte de una comunidad mundial que colabora en la construcción de un futuro mejor para la Web. Si desea tener más información sobre la comunidad Mozilla, nuestros productos o los eventos próximos a usted, escriba abajo su dirección de correo.","collaborate":"Me gustaría ayudar a mejorar {{brandShortName}} compartiendo información sobre mi teléfono.","learnMore":"Más información.","emailAddress":{"placeholder":"Dirección de correo"},"email-successfully-added":"Correo agregado correctamente","email-loading":"Guardando su correo…","browserPrivacyChoices":"Privacidad de {{brandShortName}}","privacy-b2g":{"_":"{{brandShortName}}","title":"{{brandShortName}}"},"privacy-marketplace":{"_":"Marketplace","title":"{{privacy-marketplace}}"},"privacy-e-me":{"_":"everything.me","title":"{{privacy-e-me}}"},"navbar-back":"Atrás","navbar-next":"Siguiente","navbar-join":"Unirse","thatsIt":"¡Eso es todo!","startYourPhone":"¡Conozca su teléfono!","startYourTablet":"¡Inicie la visita virtual por su tableta!","joinTutorial":"Únase a nosotros para ver un tutorial sobre su nuevo teléfono.","enjoyYourPhone":"Todo está listo para que disfrute de su nuevo teléfono.","optionsAvailable":"En Ajustes puede modificar el idioma, la fecha y hora, o la conexión wifi.","letsGo":"Vamos allá","startTour":"Comenzar visita","thatsIt1Tablet-2":"Siempre puede deslizar el dedo desde la parte inferior de la pantalla para acceder a la pantalla de inicio.","thatsIt2Tablet-2":"¡Hagámoslo!","tutorial-step1-tiny":"Deslice la pantalla de derecha a izquierda para ver sus aplicaciones.","tutorial-step2-tiny":"Pulse un icono durante unos segundos para eliminarlo o moverlo.","tutorial-step3-tiny":"Escriba una palabra clave o un tema y su teléfono se adaptará al instante.","tutorial-step4-tiny":"Deslice la pantalla hacia abajo para acceder a las notificaciones, información de consumo de datos y ajustes.","tutorial-step5-tiny":"Pulse durante unos segundos el botón de inicio para explorar y cerrar las aplicaciones recientes.","tutorial-step6-tiny":"Deslice el lateral de la pantalla para avanzar o retroceder entre las aplicaciones recientes.","tutorial-step1-large-2":"Deslice la pantalla hacia abajo para acceder a las notificaciones recientes, información de consumo de datos y ajustes.","tutorial-step2-large-2":"Deslice la pantalla hacia la izquierda o derecha para descubrir nuevas aplicaciones en la pantalla de inicio.","tutorial-step3-large-2":"Pulse un icono durante unos segundos para borrarlo o moverlo.","tutorial-step4-large-2":"Deslice con dos dedos hacia arriba desde el borde inferior para activar la vista de tarjetas.","offline-dialog-title":"Debe estar conectado a Internet para ver la página.","offline-dialog-text":"Vuelva atrás y conéctese a Internet. También puede ver la página posteriormente en Ajustes o escribiendo la dirección {{url}} en cualquier navegador.","OK":"Aceptar","offline-newsletter-dialog-title":"Tiene que estar conectado a Internet para suscribirse al boletín de noticias.","offline-newsletter-dialog-text":"Vuelva y conéctese a Internet","invalid-email-dialog-title":"El correo no es válido","invalid-email-dialog-text":"Vuelva y compruebe sus datos.","cancel":"Cancelar","weekday-0-long":"domingo","weekday-1-long":"lunes","weekday-2-long":"martes","weekday-3-long":"miércoles","weekday-4-long":"jueves","weekday-5-long":"viernes","weekday-6-long":"sábado","weekday-0-short":"do.","weekday-1-short":"lu.","weekday-2-short":"ma.","weekday-3-short":"mi.","weekday-4-short":"ju.","weekday-5-short":"vi.","weekday-6-short":"sá.","month-0-long":"enero","month-1-long":"febrero","month-2-long":"marzo","month-3-long":"abril","month-4-long":"mayo","month-5-long":"junio","month-6-long":"julio","month-7-long":"agosto","month-8-long":"septiembre","month-9-long":"octubre","month-10-long":"noviembre","month-11-long":"diciembre","month-0-genitive":"enero","month-1-genitive":"febrero","month-2-genitive":"marzo","month-3-genitive":"abril","month-4-genitive":"mayo","month-5-genitive":"junio","month-6-genitive":"julio","month-7-genitive":"agosto","month-8-genitive":"septiembre","month-9-genitive":"octubre","month-10-genitive":"noviembre","month-11-genitive":"diciembre","month-0-short":"ene.","month-1-short":"feb.","month-2-short":"mar.","month-3-short":"abr.","month-4-short":"may.","month-5-short":"jun.","month-6-short":"jul.","month-7-short":"ago.","month-8-short":"sep.","month-9-short":"oct.","month-10-short":"nov.","month-11-short":"dic.","minutes-ago-long":{"_index":["plural","value"],"_":{"zero":"ahora","one":"hace un minuto","two":"hace {{value}} minutos","few":"hace {{value}} minutos","many":"hace {{value}} minutos","other":"hace {{value}} minutos"}},"hours-ago-long":{"_index":["plural","value"],"_":{"zero":"ahora","one":"hace una hora","two":"hace {{value}} horas","few":"hace {{value}} horas","many":"hace {{value}} horas","other":"hace {{value}} horas"}},"days-ago-long":{"_index":["plural","value"],"_":{"zero":"hoy","one":"ayer","two":"hace {{value}} días","few":"hace {{value}} días","many":"hace {{value}} días","other":"hace {{value}} días"}},"weeks-ago-long":{"_index":["plural","value"],"_":{"zero":"esta semana","one":"la semana pasada","two":"hace {{value}} semanas","few":"hace {{value}} semanas","many":"hace {{value}} semanas","other":"hace {{value}} semanas"}},"months-ago-long":{"_index":["plural","value"],"_":{"zero":"este mes","one":"el último mes","two":"hace {{value}} meses","few":"hace {{value}} meses","many":"hace {{value}} meses","other":"hace {{value}} meses"}},"years-ago-long":{"_index":["plural","value"],"_":{"zero":"este año","one":"último año","two":"hace {{value}} años","few":"hace {{value}} años","many":"hace {{value}} años","other":"hace {{value}} años"}},"minutes-until-long":{"_index":["plural","value"],"_":{"zero":"ahora","one":"en un minuto","two":"en {{value}} minutos","few":"en {{value}} minutos","many":"en {{value}} minutos","other":"en {{value}} minutos"}},"hours-until-long":{"_index":["plural","value"],"_":{"zero":"ahora","one":"en una hora","two":"en {{value}} horas","few":"en {{value}} horas","many":"en {{value}} horas","other":"en {{value}} horas"}},"days-until-long":{"_index":["plural","value"],"_":{"zero":"hoy","one":"mañana","two":"en {{value}} días","few":"en {{value}} días","many":"en {{value}} días","other":"en {{value}} días"}},"weeks-until-long":{"_index":["plural","value"],"_":{"zero":"esta semana","one":"la próxima semana","two":"en {{value}} semanas","few":"en {{value}} semanas","many":"en {{value}} semanas","other":"en {{value}} semanas"}},"months-until-long":{"_index":["plural","value"],"_":{"zero":"este mes","one":"próximo mes","two":"en {{value}} meses","few":"en {{value}} meses","many":"en {{value}} meses","other":"en {{value}} meses"}},"years-until-long":{"_index":["plural","value"],"_":{"zero":"este año","one":"próximo año","two":"en {{value}} años","few":"en {{value}} años","many":"en {{value}} años","other":"en {{value}} años"}},"minutes-ago-short":{"_index":["plural","value"],"_":{"zero":"ahora","other":"hace {{value}} m"}},"hours-ago-short":{"_index":["plural","value"],"_":{"zero":"ahora","other":"hace {{value}} h"}},"days-ago-short":{"_index":["plural","value"],"_":{"zero":"hoy","other":"hace {{value}} d"}},"minutes-until-short":{"_index":["plural","value"],"_":{"zero":"ahora","other":"en {{value}} m"}},"hours-until-short":{"_index":["plural","value"],"_":{"zero":"ahora","other":"en {{value}} h"}},"days-until-short":{"_index":["plural","value"],"_":{"zero":"hoy","other":"en {{value}} d"}},"incorrectDate":"(fecha incorrecta)","dateTimeFormat_%c":"%a, %e de %b, %Y %H:%M:%S","dateTimeFormat_%x":"%d/%m/%Y","dateTimeFormat_%X":"%H:%M:%S","shortTimeFormat":"%H:%M","shortDateTimeFormat":"%x %H:%M %p","weekStartsOnMonday":"1","time_am":"AM","time_pm":"PM","tz-region":"Región","tz-city":"Ciudad","tzRegion-Africa":"África","tzRegion-America":"América","tzRegion-Antarctica":"Antártida","tzRegion-Asia":"Asia","tzRegion-Atlantic":"Océano Atlántico","tzRegion-Australia":"Australia","tzRegion-Europe":"Europa","tzRegion-Indian":"Océano Índico","tzRegion-Pacific":"Océano Pacífico","close":"Close","import":"Import","update":"Update","fbFriends":"Facebook Friends","live-serviceName":"Outlook","gmail-serviceName":"Gmail","facebook-serviceName":"Facebook Friends","selectAll":"Select all","deselectAll":"Deselect all","viewAll":"View All Facebook Friends","viewRecommend":"View Only Recommended","linkProposal":{"_index":["plural","numFriends"],"_":{"zero":"No matching friends. Showing all","one":"Select the recommended one","two":"Select a recommended one","few":"Select a recommended one","many":"Select a recommended one","other":"Select a recommended one"}},"fbFriendsFound":{"_index":["plural","numFriends"],"_":{"zero":"All your friends are imported","one":"Found one friend to import","two":"Found {{numFriends}} friends to import","few":"Found {{numFriends}} friends to import","many":"Found {{numFriends}} friends to import","other":"Found {{numFriends}} friends to import"}},"facebook":"Facebook","search-contact":{"placeholder":"Search"},"noResults":"No contacts found","done-search":"Done","progressFB3ImportTitle":"Importing friends to Contacts","progressFB":"{{current}}/{{total}}","progressFB3UpdateTitle":"Updating friends in Contacts","message2":"This may take a couple of minutes","messageLinking":"Please hold on. We are linking your friend and your contact.","messageCanceling":"Please hold on. We are canceling the ongoing operation.","error1":"Error {{from}}","error2":"Do you want to retry?","errorProposal":"calculating proposals","errorFriends":"retrieving friends","errorLinking":"linking contact","timeout1":"Exceeded timeout {{from}}","timeout2":"Do you want to retry?","timeoutProposal":"calculating proposals","timeoutFriends":"retrieving friends","timeoutLinking":"linking contacts","wait1":"Please hold on","wait2":"This may take a couple of minutes","waitProposal":"Please hold on. We are calculating a proposal.","waitFriends":"Please hold on. We are connecting to obtain your friend list.","curtainCancel":"Cancel","curtainRetry":"Retry","curtainOK":"OK","connectionLost":"No Internet connection","connectionLostMsg":"Friends’ photos will not be added to your contacts. Continue anyway?","yesOption":"OK","noOption":"Cancel","friendsUpdated":{"_index":["plural","numFriends"],"_":{"zero":"No friends updated","one":"Updated one friend","two":"Updated {{numFriends}} friends","few":"Updated {{numFriends}} friends","many":"Updated {{numFriends}} friends","other":"Updated {{numFriends}} friends"}},"notificationLogin":"Your Facebook session is invalid. Please sign in.","syncError":"There was an error synchronizing your friend’s data","callAirplaneModeMessage":"Para realizar una llamada, necesita desactivar el modo avión en Ajustes.","callAirplaneModeBtnOk":"Aceptar","callAirplaneModeTitle":"Modo avión activado","numberIsBusyTitle":"El número está ocupado","numberIsBusyMessage":"El número está ocupado en este momento. Inténtelo más tarde.","fdnIsActiveTitle":"FDN active","fdnIsActiveMessage":"FDN (Fixed Dialing Numbers) is activated and the following number is not in your FDN list: {{ number }}","voiceMail":"Buzón de voz","emergencyNumber":"Núm. de emergencia","emergencyDialogBodyBadNumber":"Para realizar una llamada, el teléfono tiene que estar conectado a una red.","emergencyDialogBodyDeviceNotAccepted":"Las llamadas de emergencias no están permitidas por la red.","emergencyDialogBtnOk":"Aceptar","emergencyDialogTitle":"No hay conexión de red","invalidNumberToDialTitle":"Número de teléfono no válido","invalidNumberToDialMessage":"El número de teléfono al que está llamando no es válido.","unableToCallTitle":"No es posible hacer llamadas ahora","unableToCallMessage":"No se puede hacer ninguna llamada. Si está marcando un número, cuelgue primero.","otherConnectionInUseTitle":"Otra conexión en uso","otherConnectionInUseMessage":"Tiene una llamada activa en otra conexción. Sólo puede usar una conexión al mismo tiempo.","addNewNumber":"Add new number","addToExistingContact":"Agregar a contacto existente","all":"Todas","asterisk":{"ariaLabel":"Asterisk"},"callLog":"Reg. de llamadas","callLogEdit":{"title":"Edit call log"},"callLogEditDialog":{"ariaLabel":"Edit call log dialog"},"connecting":"Conectando","cf-async":"Asíncrona: {{ async }}\\n\\n","cf-data":"Datos: {{ data }}\\n","cf-error":"Se produjo un error al recuperar el estado de desvío de llamadas","cf-fax":"FAX: {{ fax }}\\n","cf-inactive":"Inactivo","cf-packet":"Paquete: {{ packet }}\\n","cf-pad":"PAD: {{ pad }}\\n","cf-sms":"SMS: {{ sms }}\\n","cf-status":"Estado de desvío de llamadas\\n","cf-sync":"Síncrona: {{ sync }}\\n","cf-voice":"Voz: {{ voice }}\\n","confirm-deletion":"¿Eliminar llamadas seleccionadas?","contacts":"Contactos","createNewContact":"Crear nuevo contacto","delete":"Delete","dialerAddContact":{"ariaLabel":"Add contact"},"dialerAddContactDialog":{"ariaLabel":"Add Contact Dialog"},"edit-selected":{"_index":["plural","n"],"_":{"one":"{{ n }} seleccionada","two":"{{ n }} seleccionadas","few":"{{ n }} seleccionadas","many":"{{ n }} seleccionadas","other":"{{ n }} seleccionadas"}},"edit":"Editar","hashSign":{"ariaLabel":"Hash sign"},"hideKeypad":{"ariaLabel":"Hide keypad"},"ignore":"Ignorar llamada","incoming":"Entrante","keypad":{"ariaLabel":"Keypad"},"keypadDelete":{"ariaLabel":"Delete"},"makeCall":{"ariaLabel":"Make call"},"merge":"Combinar","missed":"Perdidas","missedCall":"Llamada perdida","missedCallMultiSims":"(SIM {{ n }}) Llamada perdida","mmi-error":"Se produjo un error al enviar el mensaje","mmi-session-expired":"Sesión caducada","mmi-successfully-sent":"Mensaje enviado correctamente","mute":{"ariaLabel":"Mute"},"newCall":{"ariaLabel":"New call"},"no-logs-msg-1":"No hay llamadas registradas","no-logs-msg-2":"Comience a comunicarse ahora","no-logs-msg-3":"No hay llamadas perdidas","phoneNumberInput":{"ariaLabel":"Phone number"},"recents":{"ariaLabel":"Recent calls"},"reply":"Contestar","switch-calls":"Intercambiar llamadas","today":"Hoy","voiceMailKey":{"ariaLabel":"Voicemail"},"withheld-number":"Número oculto","from-contact":"De {{ contact }}","from-number":"De {{ number }}","from-withheld-number":"De un número oculto","yesterday":"Ayer","sending":"Enviando…","speakerOption":{"ariaLabel":"Speaker"},"ussd-services":"Servicios de {{ operator }}","toggleKeypad":{"ariaLabel":"Toggle keypad"},"type-your-response":{"placeholder":"Escriba su respuesta…"},"clear-all-text":"Borrar todo el texto","hide":"Ocultar","call":"Llamar","hold":"En espera","resume":"Continuar","sendSms":"Enviar mensaje","callEnded":"Fin llamada","via-sim":"vía SIM{{ n }}","sim-number":"SIM{{ n }}","hangup-a11y-button":{"aria-label":"Colgar"},"pickup-a11y-button":{"aria-label":"Descolgar"},"unlock-a11y-button":{"aria-label":"Barra"},"settings":"Ajustes","delete-n-log?":{"_index":["plural","n"],"_":{"zero":"Ninguno seleccionado","one":"¿Eliminar registro seleccionado?","two":"¿Eliminar {{ n }} registros?","few":"¿Eliminar {{ n }} registros?","many":"¿Eliminar {{ n }} registros?","other":"¿Eliminar {{ n }} registros?"}},"callDurationMinutes":"{{ m }}:{{ s }}","callDurationHours":"{{ h }}:{{ m }}:{{ s}}","suggestionMatches":{"_index":["plural","n"],"_":{"one":"{{ n }} coincidencia para \"{{ matchNumber }}\"","two":"{{ n }} coincidencias para \"{{ matchNumber }}\"","few":"{{ n }} coincidencias para \"{{ matchNumber }}\"","many":"{{ n }} coincidencias para \"{{ matchNumber }}\"","other":"{{ n }} coincidencias para \"{{ matchNumber }}\""}},"scCallBarring":"Bloqueo llamadas","scCallForwarding":"Desvío llamadas","scClip":"ID interlocutor","scClir":"ID interlocutor","scPwd":"Cambio de contraseña","scCallWaiting":"Llamada en espera","scPin":"Cambio de PIN","scPin2":"Cambio de PIN2","scPuk":"Desbloquear PIN","scPuk2":"Desbloquear PIN2","scImei":"IMEI","scUssd":"USSD","serviceClassVoice":"Voz","serviceClassData":"Datos","serviceClassFax":"FAX","serviceClassSms":"SMS","serviceClassDataSync":"Síncrono","serviceClassDataAsync":"Asíncrono","serviceClassPacket":"Paquete","serviceClassPad":"PAD","smServiceEnabled":"El servicio fue activado","smServiceDisabled":"El servicio está desactivado","smServiceRegistered":"El registro se realizó correctamente","smServiceErased":"El borrado se realizó correctamente","smServiceInterrogated":"La solicitud se realizó correctamente","smServiceNotProvisioned":"Servicio no aprovisionado","smClirPermanent":"No puede cambiar los ajustes de ID de llamadas","smClirDefaultOnNextCallOn":"El ID de llamada es, por defecto, restringido. Próxima llamada: restringido","smClirDefaultOnNextCallOff":"El ID de llamada es, por defecto, restringido. Próxima llamada: no restringido","smClirDefaultOffNextCallOn":"El ID de llamada es, por defecto, no restringido. Próxima llamada: restringido","smClirDefaultOffNextCallOff":"El ID de llamada es, por defecto, no restringido. Próxima llamada: no restringido","smServiceEnabledFor":"El servicio está activado para:","smPinChanged":"PIN cambiado correctamente","smPinUnblocked":"PIN desbloqueado correctamente","smPin2Changed":"PIN2 cambiado correctamente","smPin2Unblocked":"PIN2 desbloqueado correctamente","emMmiError":"Problema de conexión o código MMI no válido","emMmiErrorPasswordIncorrect":"Contraseña incorrecta","emMmiErrorNotSupported":"Código MMI no admitido o no válido","emMmiErrorInvalidAction":"Acción no válida","emMmiErrorInvalidScCode":"Código de servicio no válido","emMmiErrorBadPuk":"El PUK que escribió no es correcto","emMmiErrorBadPin":"El PIN antiguo que escribió no es correcto.","emMmiErrorNeedPuk2":"Escriba PUK2 para desbloquear la SIM","emMmiErrorMismatchPin":"Los PIN que escribió no coinciden","emMmiErrorInvalidPin":"Escriba un PIN que tenga entre 4 y 8 números","emMmiErrorNeedsPuk":"Su tarjeta SIM está bloqueada mediante PUK","emMmiErrorEnablePin":"Sin éxito. Active el bloqueo SIM/RUIM","emMmiErrorMmiFdn":"La operativa está restringida a marcar únicamente números prefijados","emMmiErrorStkCcUssdDial":"La solicitud USSD se ha cambiado a solicitud DIAL","emMmiErrorStkCcUssdSs":"La solicitud USSD se ha cambiado a solicitud SS","emMmiErrorStkCcUssdUssd":"La solicitud USSD se ha cambiado a una nueva solicitud USSD","emMmiErrorStkCcSsDial":"La solicitud SS se ha cambiado a solicitud DIAL","emMmiErrorStkCcSsUssd":"La solicitud SS se ha cambiado a solicitud USSD","emMmiErrorStkCcSsSs":"La solicitud SS se ha cambiado a una nueva solicitud SS","emMmiErrorPinPukAttempts":{"_index":["plural","n"],"_":{"one":"Sólo quedan {{ n }} reintentos","two":"quedan {{ n }} reintentos","few":"quedan {{ n }} reintentos","many":"quedan {{ n }} reintentos","other":"quedan {{ n }} reintentos"}},"emMmiErrorSimBlocked":"Número máximo de reintentos superado. SIM bloqueada","RadioNotAvailable":"Radio no disponible","GenericFailure":"Fallo genérico","PasswordIncorrect":"Contraseña incorrecta","SimPin2":"PIN2 de la SIM","SimPuk2":"PUK2 de la SIM","RequestNotSupported":"Solicitud incompatible","OpNotAllowedDuringVoiceCall":"Operación no permitida durante una llamada de voz","SmsSendFailRetry":"Reintento de envío fallido de SMS","SimAbsent":"SIM ausente","SubscriptionNotAvailable":"Suscripción no disponible","ModeNotSupported":"Modo incompatible","FdnCheckFailure":"Fallo de comprobación de Fdn","IllegalSimOrMe":"SIM o ME ilegal","DialModifiedToUssd":"Llamada cambiada a USSD","DialModifiedToSs":"Llamada cambiada a SS","DialModifiedToDial":"Llamada cambiada a llamada","UssdModifiedToDial":"USSD cambiado a llamada","UssdModifiedToSs":"USSD cambiado a SS","UssdModifiedToUssd":"USSD cambiado a USSD","SsModifiedToDial":"SS cambiado a llamada","SsModifiedToUssd":"SS cambiado a USSD","SsModifiedToSs":"SS cambiado a SS","SubscriptionNotSupported":"Suscripción incompatible","InvalidParameter":"Parámetro no válido","RejectedByRemote":"Rechazado en el destino","group-call":{"_index":["plural","n"],"_":{"one":"Conferencia ({{ n }})","two":"Conferencia ({{ n }})","few":"Conferencia ({{ n }})","many":"Conferencia ({{ n }})","other":"Conferencia ({{ n }})"}},"caller-left-call":"{{ caller }} ha abandonado la llamada.","conferenceAddError":"No se pueden combinar las llamadas","conferenceRemoveError":"No se pueden separar las llamadas","longDateFormat":"%A, %e de %B","select-audio-sources":"Seleccionar fuentes de audio","bluetooth-handsfree-device":"Dispositivo Bluetooth de manos libres","receiver":"Receptor","speaker":"Altavoz","add":"Agregar","done":"Hecho","retry":"Reintentar","addContact":"Agregar contacto","deleteContact":"Borrar contacto","selectContact":"Seleccionar contacto","editContact":"Editar contacto","deleteConfirmMsg":"¿Borrar contacto?","remove":"Eliminar","comments":"Comentarios","no_contact_phones":"Este contacto no tiene número de teléfono","no_contact_email":"Este contacto no tiene dirección de correo","removePhotoConfirm":"¿Eliminar foto del contacto?","loadingContacts":"Cargando contactos…","noContactsActivity":"No se pudo agregar al contacto al estar vacía la lista","noName":"Sin nombre","givenName":{"placeholder":"Nombre"},"familyName":{"placeholder":"Apellidos"},"tel":{"placeholder":"Teléfono"},"carrier":{"_":"Operador","placeholder":"Operador"},"separator":",","email":{"_":"Correo","placeholder":"Correo"},"streetAddress":{"placeholder":"Calle"},"postalCode":{"placeholder":"Código postal"},"locality":{"placeholder":"Ciudad"},"countryName":{"placeholder":"País"},"comment":{"placeholder":"Comentario"},"org":{"placeholder":"Compañía"},"custom":"Personalizar etiqueta","date":{"_":"Fecha","placeholder":"Fecha"},"date-span-placeholder":"Date","birthday":"Cumpleaños","dateFormat":"%B %e","dateOutput":"{{dayMonthFormatted}} {{year}}","anniversary":"Aniversario","addPhoto":"Agregar foto","addPhone":"Agregar teléfono","addEmail":"Agregar correo","addAddress":"Agregar dirección","addDate":"Añadir fecha","addComment":"Agregar comentario","addFavorite":"Agregar como favorito","removeFavorite":"Eliminar como favorito","label":"Etiqueta","home":"Hogar","work":"Trabajo","personal":"Personal","faxHome":"Fax hogar","faxOffice":"Fax oficina","faxOther":"Otro fax","another":"Otro","other":"Otros","current":"Actual","itemWithLabel":"{{label}}, {{item}}","exit":"Salir","expand":"Expandir","labelName":"Nombre:","labelLastName":"Apellidos:","labelPhoneNumber":"Número de teléfono:","labelCarrier":"Operador:","labelEmail":"Correo:","labelStreet":"Calle:","labelZip":"Código postal:","labelCity":"Ciudad:","labelCountry":"País:","labelComment":"Comentario:","legendTitleMain":"Información principal","legendPhones":"Números de teléfono","legendEmail":"Dirección de correo","legendAddress":"Dirección","transferContactsTitle":"Transferir contactos","importContactsTitle":"Importar contactos","importContactsButton":"Importar contactos","exportContactsTitle":"Exportar contactos","exportContactsButton":"Exportar contactos","exportContactsAction":"Exportar","simExport-title":"Exportar a la SIM","sdExport-title":"Exportar a la tarjeta SD","btExport-title":"Exportar a Bluetooth","sdUMSEnabled":"No se puede usar la tarjeta SD porque está activado el disco USB","exportErrorTitle":"Error al exportar","contactsExported2":{"_index":["plural","exported"],"_":{"zero":"No se han exportado contactos","one":"{{exported}}/{{total}} contactos exportados","two":"{{exported}}/{{total}} contactos exportados","few":"{{exported}}/{{total}} contactos exportados","many":"{{exported}}/{{total}} contactos exportados","other":"{{exported}}/{{total}} contactos exportados"}},"exportError-general":"Se produjo un error durante la exportación","exportError-SD-shared":"No se puede acceder a la tarjeta de memoria porque está compartida","exportError-SD-unavailable":"La tarjeta de memoria no está disponible","exportError-SD-noSpace":"No hay suficiente espacio en la tarjeta de memoria para exportar los contactos","exportError-SIM-unavailable":"La tarjeta SIM no está disponible","exportError-BT-shared":"No se puede acceder a la tarjeta de memoria porque está compartida","exportError-BT-unavailable":"La tarjeta de memoria no está disponible","exportError-BT-noSpace":"No hay suficiente espacio en la tarjeta de memoria para exportar los contactos","simContacts-import":"Importar contactos SIM","simContacts-importing":"Importando contactos de la SIM…","simContacts-reading":"Leyendo la tarjeta SIM…","simContacts-error":"No se importaron los contactos de la SIM","simContacts-imported3":{"_index":["plural","n"],"_":{"zero":"No se detectaron contactos en SIM","one":"Un contacto importado","two":"{{n}} contactos importados","few":"{{n}} contactos importados","many":"{{n}} contactos importados","other":"{{n}} contactos importados"}},"noSimMsgExport":"Para exportar contactos, inserte o desbloquee su tarjeta SIM","simNumber":"SIM {{number}}","memoryCardContacts-import":"Importar contactos de la tarjeta de memoria","memoryCardContacts-importing":"Importando contactos de la tarjeta de memoria...","memoryCardContacts-reading":"Leyendo de la tarjeta de memoria...","memoryCardContacts-error":"No se importaron los contactos de la tarjeta de memoria","memoryCardContacts-imported3":{"_index":["plural","n"],"_":{"zero":"No se detectaron contactos en la tarjeta de memoria","one":"Un contacto importado","two":"{{n}} contactos importados","few":"{{n}} contactos importados","many":"{{n}} contactos importados","other":"{{n}} contactos importados"}},"noMemoryCardMsgExport":"Para exportar contactos, inserte una tarjeta de memoria","genericProgress":"{{current}}/{{total}}","social-network":"Redes sociales","social-link":"Vincular contacto","social-unlink":"Desvincular contacto","social-unlink-confirm-title":"¿Desvincular a su amigo/a?","social-unlink-confirm-accept":"Desvincular","facebook-import":"Importar amigos de Facebook","show-fb-profile":"Ver el perfil de Facebook","msg-send":"Mensaje","wall-post":"Publicación en el muro","facebook-import-msg":{"_index":["plural","imported"],"_":{"zero":"No se importó ninguno (de {{total}})","one":"Un amigo importado (de {{total}})","two":"{{imported}} importados de {{total}}","few":"{{imported}} importados de {{total}}","many":"{{imported}} importados de {{total}}","other":"{{imported}} importados de {{total}}"}},"facebookSwitchMsg":"Sinc. amigos","select_mobile":"Elegir móvil","select_email":"Elegir correo","contactsOrderBy":"Ordenar por apellidos","bluetooth":"Bluetooth","fbUpdateFriends":"Actualizar amigos importados","cleaningFbData":"Eliminando datos de Facebook","loggingOutFb":"Desconectando de Facebook","cleanFbConfirmMsg":"¿Eliminar todos los datos de Facebook?","renewPwdMsg":"Su contraseña en Facebook ha cambiado. Por favor, actualícela.","notEnabledYet":"Aún sin activar","genericNoConnection":"Para importar contactos, conéctese a una red wifi o de datos","simCard":"Tarjeta SIM","memoryCard":"Tarjeta de memoria","create-new":"Crear un nuevo contacto","import-now":"Importar contactos de la tarjeta SIM o Facebook","no-contacts":"Sin contactos","start-adding":"Comience a agregarlos ya","notImported":"No importados","imported":"Importados","organise-contacts":"Organizar contactos","find-merge-contacts":"Encontrar contactos duplicados","preparing-contacts":"Preparando contactos","exportError-SIM-NoFreeRecordFound":"La tarjeta SIM está llena","exportError-SIM-CannotAccessPhoneBook":"No se puede acceder a la agenda de la tarjeta SIM","exportError-SIM-Unavailable":"SIM no detectada","exportError-SIM-GenericError":"Ha ocurrido un error al exportar un contacto","ContactManagementTitle":"Contacts Management","DeleteTitle":"Delete","bulkDeleteButton":"Delete Contacts","BulkDelCancel":"Contacts delete cancelled","DeletedTxt":{"_index":["plural","n"],"_":{"zero":"No Contact to Delete","one":"1 Contact removed","two":"{{n}} Contacts removed","few":"{{n}} Contacts removed","many":"{{n}} Contacts removed","other":"{{n}} Contacts removed"}},"DeletingContacts":"Deleting contacts","ContactConfirmDel":{"_index":["plural","n"],"_":{"zero":"No Contact to Delete","one":"Delete 1 Contact? This cannot be undone.","two":"Delete {{n}} Contacts? This cannot be undone.","few":"Delete {{n}} Contacts? This cannot be undone.","many":"Delete {{n}} Contacts? This cannot be undone.","other":"Delete {{n}} Contacts? This cannot be undone."}},"SelectedTxt":{"_index":["plural","n"],"_":{"zero":"Contacts","one":"{{n}} selected","two":"{{n}} selected","few":"{{n}} selected","many":"{{n}} selected","other":"{{n}} selected"}},"sim-picker-dial-via-with-number":"Llamar a {{ phoneNumber }} vía","sim-picker-select-sim":"Seleccionar SIM","sim-picker-button":"SIM{{ n }}","sim-picker-button-default":"(predeterminada)","waitDuplicateContacts":"Buscando contactos duplicados","waitMergingDuplicateContacts":"Combinando contactos duplicados","alertNoDuplicateContacts":"No se encontró ningún contacto duplicado","mergeDuplicateTitle":"Combinar duplicados","suggestedDuplicateContacts":"Contactos duplicados sugeridos para {{name}}","mergeActionButtonLabel":{"_index":["plural","n"],"_":{"zero":"Ningún contacto seleccionado","one":"Combinar con {{n}} contacto","other":"Combinar con {{n}} contactos"}},"duplicatesFoundTitle":"Duplicados encontrados","duplicatesFoundMessage":"{{name}} duplica información en los siguientes contactos"}