{"brandShortName":"B2G SEa","browserBrandShortName":"Web nabigatzailea","browserBrandFullName":"Mozilla web nabigatzailea","back":"Atzera","noSimMsg":"Kontaktuak inportatzeko, sartu edo desblokeatu SIM txartela","noMemoryCardMsg":"Kontaktuak inportatzeko, sartu memoria-txartela","importMemoryCard":"Memoria-txartela","noConnection11":"Facebookeko lagunak edo kontaktuak inportatzeko konektatu Wi-Fira edo datu-sarera","pincode2":"Sartu PIN kodea","type_pin":"Sartu zure PIN kodea","pincodeLabel":"{{n}}. SIMaren PINa","pinValidation":"PINak 4 eta 8 karaktere artekoa izan behar du.","pinError":"PINa okerra da.","pinAttemptMsg2":{"_index":["plural","n"],"_":{"one":"Azken aukera.","two":"{{n}} aukera falta dira.","few":"{{n}} aukera falta dira.","many":"{{n}} aukera falta dira.","other":"{{n}} aukera falta dira."}},"pinLastChanceMsg":"Hau da PIN zuzena sartzeko daukazun azken aukera. Bestela, PUK kodea sartu beharko duzu SIM txartel hau erabiltzeko.","pukcode":"Sartu PUK kodea","pukcodeTitle":"Sartu {{n}}. SIMaren PUKa","pukcodeLabel":"{{n}}. SIMaren PUKa","type_puk":"PUK kodea","pukValidation":"PUK kodeak zehazki 8 karakterekoa izan behar du.","pukInfo":"SIM txartelaren PUK kodea (Personal Unlocking Key) sartu behar duzu. Jo ezazu SIM txartelaren dokumentaziora edo jar zaitez harremanetan telefono-konpainiarekin informazio gehiagorako.","pukError":"SIM txartelaren PUK kodea (Personal Unlocking Key) sartu behar duzu. Jo ezazu SIM txartelaren dokumentaziora edo jar zaitez harremanetan telefono-konpainiarekin informazio gehiagorako.","pukAttemptMsg2":{"_index":["plural","n"],"_":{"one":"Aukera bat daukazu kode zuzena sartzeko SIM txartela betirako erabilgaitz geratu aurretik. Jo ezazu SIM txartelaren dokumentaziora edo jar zaitez harremanetan telefono-konpainiarekin informazio gehiagorako.","two":"{{n}} aukera dauzkazu kode zuzena sartzeko SIM txartela betirako erabilgaitz geratu aurretik. Jo ezazu SIM txartelaren dokumentaziora edo jar zaitez harremanetan telefono-konpainiarekin informazio gehiagorako.","few":"{{n}} aukera dauzkazu kode zuzena sartzeko SIM txartela betirako erabilgaitz geratu aurretik. Jo ezazu SIM txartelaren dokumentaziora edo jar zaitez harremanetan telefono-konpainiarekin informazio gehiagorako.","many":"{{n}} aukera dauzkazu kode zuzena sartzeko SIM txartela betirako erabilgaitz geratu aurretik. Jo ezazu SIM txartelaren dokumentaziora edo jar zaitez harremanetan telefono-konpainiarekin informazio gehiagorako.","other":"{{n}} aukera dauzkazu kode zuzena sartzeko SIM txartela betirako erabilgaitz geratu aurretik. Jo ezazu SIM txartelaren dokumentaziora edo jar zaitez harremanetan telefono-konpainiarekin informazio gehiagorako."}},"pukLastChanceMsg":"Hau da PUK kode zuzena sartzeko daukazun azken aukera. Zure SIM txartela betirako erabilgaitz geratuko da PUK kode okerra sartzen baduzu.","create_newpin":"Sortu PIN berria (4 eta 8 digitu artekoa)","confirm_newpin":"Berretsi PIN berria","newpinConfirmation":"PINak ez datoz bat.","nckcode":"Sartu NCK kodea","cckcode":"Sartu CCK kodea","spckcode":"Sartu SPCK kodea","nck1code":"Enter NCK1 code","nck2code":"Enter NCK2 code","hnckcode":"Enter HNCK code","rcckcode":"Enter RCCK code","rspckcode":"Enter RSPCK code","nckcodeTitle":"Sartu {{n}}. SIMaren NCK","cckcodeTitle":"Sartu {{n}}. SIMaren CCK","spckcodeTitle":"Sartu {{n}}. SIMaren SPCK","nck1codeTitle":"Enter SIM {{n}} NCK1","nck2codeTitle":"Enter SIM {{n}} NCK2","hnckcodeTitle":"Enter SIM {{n}} HNCK","rcckcodeTitle":"Enter SIM {{n}} RCCK","rspckcodeTitle":"Enter SIM {{n}} RSPCK","nckcodeLabel":"{{n}}. SIMaren NCK","cckcodeLabel":"{{n}}. SIMaren CCK","spckcodeLabel":"{{n}}. SIMaren SPCK","nck1codeLabel":"SIM {{n}} NCK1","nck2codeLabel":"SIM {{n}} NCK2","hnckcodeLabel":"SIM {{n}} HNCK","rcckcodeLabel":"SIM {{n}} RCCK","rspckcodeLabel":"SIM {{n}} RSPCK","type_nck":"Sartu zure NCK kodea","type_cck":"Sartu zure CCK kodea","type_spck":"Sartu zure SPCK kodea","type_nck1":"Type your NCK1 code","type_nck2":"Type your NCK2 code","type_hnck":"Type your HNCK code","type_rcck":"Type your RCCK code","type_rspck":"Type your RSPCK code","nckValidation":"NCKak 8 eta 16 karaktere artekoa izan behar du.","cckValidation":"CCKak 8 eta 16 karaktere artekoa izan behar du.","spckValidation":"SPCKak 8 eta 16 karaktere artekoa izan behar du.","nck1Validation":"NCK1 must have between 8 and 16 characters.","nck2Validation":"NCK2 must have between 8 and 16 characters.","hnckValidation":"HNCK must have between 8 and 16 characters.","rcckValidation":"RCCK must have between 8 and 16 characters.","rspckValidation":"RSPCK must have between 8 and 16 characters.","nckErrorMsg":"NCK kodea okerra da.","nckAttemptMsg2":{"_index":["plural","n"],"_":{"one":"Sarearen despertsonalizazio-eskaeraren hutsegitea. Azken aukera daukazu kode zuzena sartzeko. Jo ezazu zure gailuaren dokumentaziora edo jar zaitez harremanetan telefono-konpainiarekin informazio gehiagorako.","two":"Sarearen despertsonalizazio-eskaeraren hutsegitea. {{n}} aukera dauzkazu kode zuzena sartzeko. Jo ezazu zure gailuaren dokumentaziora edo jar zaitez harremanetan telefono-konpainiarekin informazio gehiagorako.","few":"Sarearen despertsonalizazio-eskaeraren hutsegitea. {{n}} aukera dauzkazu kode zuzena sartzeko. Jo ezazu zure gailuaren dokumentaziora edo jar zaitez harremanetan telefono-konpainiarekin informazio gehiagorako.","many":"Sarearen despertsonalizazio-eskaeraren hutsegitea. {{n}} aukera dauzkazu kode zuzena sartzeko. Jo ezazu zure gailuaren dokumentaziora edo jar zaitez harremanetan telefono-konpainiarekin informazio gehiagorako.","other":"Sarearen despertsonalizazio-eskaeraren hutsegitea. {{n}} aukera dauzkazu kode zuzena sartzeko. Jo ezazu zure gailuaren dokumentaziora edo jar zaitez harremanetan telefono-konpainiarekin informazio gehiagorako."}},"nckLastChanceMsg":"Sarearen despertsonalizazio-eskaeraren hutsegitea. Azken aukera dauzkazu NCK kode zuzena sartzeko. Jo ezazu zure gailuaren dokumentaziora edo jar zaitez harremanetan telefono-konpainiarekin informazio gehiagorako.","skip":"Saltatu","send":"Bidali","ok":"Ados","simLocked":"SIM txartela blokeatuta dago","inputCodeRetriesLeft":{"_index":["plural","n"],"_":{"one":"azken aukera.","two":"{{n}} aukera falta dira.","few":"{{n}} aukera falta dira.","many":"{{n}} aukera falta dira.","other":"{{n}} aukera falta dira."}},"simManager":"SIM kudeatzailea","simDetail":"{{n}}. SIMa","simDefault":"(lehenetsia)","simDefaultMessage":"Irteerako deiak, mezuak eta datu-konexioa 1. SIMari daude ezarrita lehenespenez","simSettingsMessage":"Ezarpen lehenetsiak Ezarpenak > SIM kudeatzailean alda ditzakezu","simPinLocked":"SIM PINa blokeatuta","noOperator":"Operatzailerik ez","language":"Hizkuntza","english":"Ingelesa","dvorak":"Ingelesa (Dvorak)","spanish":"Gaztelania","portuguese":"Portugesa (Brasil)","french":"Frantsesa","italian":"Italiera","arabic":"Arabiera","greek":"Grekoa","hebrew":"Hebreera","jp-kanji":"Japoniera","jp-kanji-desc":"Kanji","traditionalChinese":"Txinera tradizionala","traditionalChinese-desc":"Zhuyina","simplifiedChinese":"Txinera soildua","simplifiedChinese-desc":"Pinyina","3g":"Mugikorreko datuak","dataConnection":"Gaitu datuak","dataConnectionInfo":"Datu-konexioa orain gaituz gero telefonoa Wi-Fi konexiorik gabe konfiguratu ahal izango duzu. Beranduago ezarpenetan ere gaitu dezakezu. Tarifa izugarriak saihesteko, ziurtatu datu-plana badaukazula zure telefono-konpainiarekin.","caution":"Abisua","geolocation":"Geolokalizazioa","geolocationCheckbox":"Gaitu geolokalizazioa","geolocationInfo2":"GPSaren, Wi-Fiaren eta zure inguruko sare mugikorren datuak erabiltzen ditu {{brandShortName}}(e)k zure gutxi gorabeherako kokapena zehazteko.","geolocationInfoMore":"Datuak Mozillara eta bestelako zerbitzu-hornitzaileetara bidaltzen dira eta bere osotasunean erabiliko dira kokapenen datu-base horiek hobetzeko. Datuak zure gailuan biltegira daitezke eta datuen bilketa aplikaziorik exekuzioan izan gabe ere gerta liteke.","notice":"Oharra","aboutYourPrivacy":"Gehiago zure pribatutasunari buruz","wifi":"Wi-Fia","scanningNetworks":"Sareak bilatzen","selectNetwork":"Hautatu sarea","shortStatus-connecting":"Konektatzen…","shortStatus-associated":"IP helbidea eskuratzen…","shortStatus-connected":"Konektatuta","shortStatus-connectingfailed":"Konexioak huts egin du","shortStatus-disconnected":"Lineaz kanpo","securedBy":"babesa: {{capabilities}}","security":"Segurtasuna","securityNone":"Bat ere ez","securityWEP":"WEP","securityWPA-PSK":"WPA-PSK","securityWPA-EAP":"WPA-EAP","securityOpen":"Irekia","identity":"Erabiltzailea","identityInput":{"placeholder":"Erabiltzailea"},"password":"Pasahitza","passwordInput":{"placeholder":"Pasahitza"},"showPassword":"Erakutsi pasahitza","refresh":"Berritu","noWifiFound3":"Ez da haririk gabeko sarerik aurkitu","join-hidden-button":"Elkartu sare ezkutura","authentication":"Autentifikazioa","ssid-name":"SSID sarearen izena","dateAndTime":"Data eta ordua","setTimeAutomatically":"Ezarri automatikoki","timezoneMessage":"Ordu-zona","timezoneTitle":"UTC{{utcOffset}} {{region}}/{{city}}","dateMessage":"Data","timeMessage":"Ordua","timeZone":"Ordu-zona","change":"Aldatu","importContacts3":"Inportatu kontaktuak","importSim2":"SIM txartela","importFb2":"Facebook","importOutlook":"Outlook","importGmail":"Gmail","fb-checking":"… egiaztatzen","notImportedYet":"Oraindik inportatu gabe","otherAccount":"Bestelako kontuak","mobile":"Mugikorra","afterFbImport":"Noiznahi inporta eta edita ditzakezu Facebookeko lagunak kontaktuen ezarpenetan","firefox-accounts":"Firefox Accounts","fxa-overview":{"innerHTML":"A Firefox Account lets you use features like Find My Device and apps like the Firefox Marketplace."},"fxa-create-account-or-sign-in":"Create Account or Sign In","fxa-email-sent":"A verification link has been sent to {{email}}","about-your-rights-0":"Mundu osoko milaka pertsonek osatutako komunitateak kode irekiko software librea erabiliz eraiki da {{brandShortName}}. Badira jakin beharko zenituzkeen gauza batzuk:","about-your-rights-1":"Iturburu irekiko hainbat lizentzien baldintzapean (Mozilla Public License barne) eskuratu duzu {{brandShortName}}. {{brandShortName}} exekutatzen duen gailu batek hirugarrenen software jabeduna ere izan lezake. Lizentzia librepean eskaintzen den edozein kodek eskubidea ematen dizu iturburu-kodea aldatu eta egindako aldaketak banatzeko, beti ere baldintzak obeditzen dituzun bitartean.","about-your-rights-2":"Ez zaizu ematen Mozilla Fundazioaren edo beste inorren erregistratutako marken eskubiderik ezta hauen gaineko lizentziarik ere, {{brandShortName}} izena edo logoak barne.","about-your-rights-3":"{{brandShortName}}(e)ko hainbat eginbidek, hala nola hutsegiteen berriemaileak, Mozillari iritzia emateko aukera ematen dizute. Iritzia bidaltzea aukeratuz gero, Mozillari baimena ematen diozu iritzi hori erabiltzeko bere produktuak hobetzeko, bere webguneetan argitaratzeko eta banatzeko.","about-other":"Besteak","SIM_mandatory":"SIM txartelaren abisua","SIM_mandatory_warm":"Sartu SIM txartela eta berrabiarazi zure telefonoa mesedez.","sharing-performance-data":"Errendimenduaren inguruko datuak partekatzea","telemetry-sends":"Telmetry zure {{brandShortName}} gailuaren errendimenduaren, hardwarearen, konfigurazioen eta pertsonalizazioen inguruko datuak bidaltzen ditu Mozillara. Gure produktuak hobeagoak, azkarragoak eta erantzuten azkarragoak egiteko erabiltzen dugu hau.","learn-more-telemetry":{"innerHTML":"Learn more at {{link}}"},"learn-more-information":{"innerHTML":"Learn how Mozilla handles your information at {{link}}"},"welcomeBrowser":"Ongi etorri {{brandShortName}}(e)ra, Mozillaren kode irekiko sistema eragile librera. Webaren indarra zure eskuetan mantenduz, irekitasuna, berrikuntza eta aukerak sustatzea da gure misioa.","learn-more-privacy":{"innerHTML":"Learn how Mozilla handles your information in our {{link}}."},"learn-more-privacy-link":"privacy policy","aboutBrowser":"{{brandShortName}}(r)i buruz","aboutYourPrivacy2":"Zure pribatutasuna","mozillaCommunity2":"{{brandShortName}} erabiltzen duzunean, webarentzat etorkizun argiagoa eraikitzen laguntzen duen komunitate globalaren parte bihurtzen zara. Mozilla komunitatearen edo gure beste produktu eta zure gertuko gertaeren inguruan gehiago jakin nahi baduzu, sartu zure helbide elektronikoa azpian.","collaborate":"{{brandShortName}} hobetzen lagundu nahi dut nire telefonoaren inguruko datuak partekatuz.","learnMore":"Argibide gehiago.","emailAddress":{"placeholder":"Helbide elektronikoa"},"email-successfully-added":"Helbide elektronikoa ondo gehitu da","email-loading":"Zure helbide elektronikoa gordetzen…","browserPrivacyChoices":"{{brandShortName}}(r)en pribatutasun-aukerak","privacy-b2g":{"_":"{{brandShortName}}","title":"{{brandShortName}}"},"privacy-marketplace":{"_":"Marketplace","title":"{{privacy-marketplace}}"},"privacy-e-me":{"_":"everything.me","title":"{{privacy-e-me}}"},"navbar-back":"Atzera","navbar-next":"Hurrengoa","navbar-join":"Elkartu","thatsIt":"Horixe da dena!","startYourPhone":"Hasi telefonoaren itzulia!","startYourTablet":"Hasi tabletaren itzulia!","joinTutorial":"Etor zaitez gurekin zure telefono berriaren inguruko itzuli azkar baterako.","enjoyYourPhone":"Zure telefono berria gozatzeko prest zaude.","optionsAvailable":"Hizkuntza, data eta ordua eta Wi-Fi konexioa ezarpenetan alda ditzakezu.","letsGo":"Goazen!","startTour":"Hasi itzulia","thatsIt1Tablet-2":"Beheko ertzetik hatza pasa dezakezu hasierako pantailan sartzeko.","thatsIt2Tablet-2":"Egin dezagun!","tutorial-step1-tiny":"Pasatu hatza eskuinetik ezkerrera zure aplikazioak arakatzeko.","tutorial-step2-tiny":"Sakatu eta eutsi ikono batean berau ezabatu edo lekuz aldatzeko.","tutorial-step3-tiny":"Idatzi edozein gako-hitz edo gai eta zure telefonoa berehala moldatuko da.","tutorial-step4-tiny":"Pasatu hatza goitik behera azken jakinarazpenen, kredituaren informazioaren eta ezarpenen sarbidea izateko.","tutorial-step5-tiny":"Sakatu eta eutsi hasiera-botoia azken aplikazioak arakatu eta ixteko.","tutorial-step6-tiny":"Pasatu hatza pantailaren aldamenetik eta aldatu azken aplikazioen artean.","tutorial-step1-large-2":"Pasatu hatza goitik behera azken jakinarazpenen, kredituaren informazioaren eta ezarpenen sarbidea izateko.","tutorial-step2-large-2":"Pasatu hatza ezkerrera edo eskuinera hasierako pantailan aplikazio berriak deskubritzeko.","tutorial-step3-large-2":"Sakatu eta eutsi ikono batean berau ezabatu edo lekuz aldatzeko.","tutorial-step4-large-2":"Pasatu bi hatz beheko ertzetik gora txartel-ikuspegia abiarazteko.","offline-dialog-title":"Internetera konektatuta egon behar duzu orria ikusteko.","offline-dialog-text":"Joan atzera eta konektatu Internetera. Orria beranduago ere ikus dezakezu ezarpenetatik edo edozein nabigatzailetan {{url}} sartuz.","OK":"Ados","offline-newsletter-dialog-title":"Internetera konektatuta egon behar duzu berripaperera harpidetzeko.","offline-newsletter-dialog-text":"Joan atzera eta konektatu Internetera.","invalid-email-dialog-title":"Zure helbide elektronikoa ez da baliozkoa","invalid-email-dialog-text":"Joan atzera eta zuzendu zure sarrera.","cancel":"Utzi","weekday-0-long":"igandea","weekday-1-long":"astelehena","weekday-2-long":"asteartea","weekday-3-long":"asteazkena","weekday-4-long":"osteguna","weekday-5-long":"ostirala","weekday-6-long":"larunbata","weekday-0-short":"ig.","weekday-1-short":"al.","weekday-2-short":"ar.","weekday-3-short":"az.","weekday-4-short":"og.","weekday-5-short":"or.","weekday-6-short":"lr.","month-0-long":"urtarrila","month-1-long":"otsaila","month-2-long":"martxoa","month-3-long":"apirila","month-4-long":"maiatza","month-5-long":"ekaina","month-6-long":"uztaila","month-7-long":"abuztua","month-8-long":"iraila","month-9-long":"urria","month-10-long":"azaroa","month-11-long":"abendua","month-0-genitive":"urtarrila","month-1-genitive":"otsaila","month-2-genitive":"martxoa","month-3-genitive":"apirila","month-4-genitive":"maiatza","month-5-genitive":"ekaina","month-6-genitive":"uztaila","month-7-genitive":"abuztua","month-8-genitive":"iraila","month-9-genitive":"urria","month-10-genitive":"azaroa","month-11-genitive":"abendua","month-0-short":"urt","month-1-short":"ots","month-2-short":"mar","month-3-short":"api","month-4-short":"mai","month-5-short":"eka","month-6-short":"uzt","month-7-short":"abu","month-8-short":"ira","month-9-short":"urr","month-10-short":"aza","month-11-short":"abe","minutes-ago-long":{"_index":["plural","value"],"_":{"zero":"oraintxe bertan","one":"duela minutu bat","two":"duela {{value}} minutu","few":"duela {{value}} minutu","many":"duela {{value}} minutu","other":"duela {{value}} minutu"}},"hours-ago-long":{"_index":["plural","value"],"_":{"zero":"oraintxe bertan","one":"duela ordubete","two":"duela {{value}} ordu","few":"duela {{value}} ordu","many":"duela {{value}} ordu","other":"duela {{value}} ordu"}},"days-ago-long":{"_index":["plural","value"],"_":{"zero":"gaur","one":"atzo","two":"herenegun","few":"duela {{value}} egun","many":"duela {{value}} egun","other":"duela {{value}} egun"}},"weeks-ago-long":{"_index":["plural","value"],"_":{"zero":"aste honetan","one":"azken astean","two":"duela {{value}} aste","few":"duela {{value}} aste","many":"duela {{value}} aste","other":"duela {{value}} aste"}},"months-ago-long":{"_index":["plural","value"],"_":{"zero":"hilabete honetan","one":"azken hilabetean","two":"duela {{value}} hilabete","few":"duela {{value}} hilabete","many":"duela {{value}} hilabete","other":"duela {{value}} hilabete"}},"years-ago-long":{"_index":["plural","value"],"_":{"zero":"aurten","one":"iaz","two":"duela {{value}} urte","few":"duela {{value}} urte","many":"duela {{value}} urte","other":"duela {{value}} urte"}},"minutes-until-long":{"_index":["plural","value"],"_":{"zero":"orain","one":"minutu barru","two":"{{value}} minutu barru","few":"{{value}} minutu barru","many":"{{value}} minutu barru","other":"{{value}} minutu barru"}},"hours-until-long":{"_index":["plural","value"],"_":{"zero":"orain","one":"ordubete barru","two":"{{value}} ordu barru","few":"{{value}} ordu barru","many":"{{value}} ordu barru","other":"{{value}} ordu barru"}},"days-until-long":{"_index":["plural","value"],"_":{"zero":"gaur","one":"bihar","two":"etzi","few":"{{value}} egun barru","many":"{{value}} egun barru","other":"{{value}} egun barru"}},"weeks-until-long":{"_index":["plural","value"],"_":{"zero":"aste honetan","one":"hurrengo astean","two":"{{value}} aste barru","few":"{{value}} aste barru","many":"{{value}} aste barru","other":"{{value}} aste barru"}},"months-until-long":{"_index":["plural","value"],"_":{"zero":"hil honetan","one":"hurrengo hilean","two":"{{value}} hilabete barru","few":"{{value}} hilabete barru","many":"{{value}} hilabete barru","other":"{{value}} hilabete barru"}},"years-until-long":{"_index":["plural","value"],"_":{"zero":"aurten","one":"hurrengo urtean","two":"{{value}} urte barru","few":"{{value}} urte barru","many":"{{value}} urte barru","other":"{{value}} urte barru"}},"minutes-ago-short":{"_index":["plural","value"],"_":{"zero":"oraintxe bertan","other":"duela {{value}}m"}},"hours-ago-short":{"_index":["plural","value"],"_":{"zero":"oraintxe bertan","other":"duela {{value}}h"}},"days-ago-short":{"_index":["plural","value"],"_":{"zero":"gaur","other":"duela {{value}}eg."}},"minutes-until-short":{"_index":["plural","value"],"_":{"zero":"orain","other":"{{value}}m barru"}},"hours-until-short":{"_index":["plural","value"],"_":{"zero":"orain","other":"{{value}}h barru"}},"days-until-short":{"_index":["plural","value"],"_":{"zero":"gaur","other":"{{value}}eg. barru"}},"incorrectDate":"(data okerra)","dateTimeFormat_%c":"%a, %Y.eko %Bren %ea %H:%M:%S","dateTimeFormat_%x":"%Y/%m/%d","dateTimeFormat_%X":"%H:%M:%S","shortTimeFormat":"%H:%M","shortDateTimeFormat":"%x %H:%M","weekStartsOnMonday":"1","time_am":"AM","time_pm":"PM","tz-region":"Eskualdea","tz-city":"Hiria","tzRegion-Africa":"Afrika","tzRegion-America":"Amerika","tzRegion-Antarctica":"Antartika","tzRegion-Asia":"Asia","tzRegion-Atlantic":"Ozeano Atlantikoa","tzRegion-Australia":"Australia","tzRegion-Europe":"Europa","tzRegion-Indian":"Ozeano Indikoa","tzRegion-Pacific":"Ozeano Barea","close":"Itxi","import":"Inportatu","update":"Eguneratu","fbFriends":"Facebookeko lagunak","live-serviceName":"Outlook","gmail-serviceName":"Gmail","facebook-serviceName":"Facebookeko lagunak","selectAll":"Hautatu denak","deselectAll":"Desautatu denak","viewAll":"Ikusi Facebookeko lagun guztiak","viewRecommend":"Ikusi gomendatutakoak soilik","linkProposal":{"_index":["plural","numFriends"],"_":{"zero":"Bat datorren lagunik ez. Denak erakusten","one":"Hautatu gomendatutakoa","two":"Hautatu bat gomendatutakoen artetik","few":"Hautatu bat gomendatutakoen artetik","many":"Hautatu bat gomendatutakoen artetik","other":"Hautatu bat gomendatutakoen artetik"}},"fbFriendsFound":{"_index":["plural","numFriends"],"_":{"zero":"Zure lagun guztiak inportatuta daude","one":"Inportatzeko lagun bat aurkitu da","two":"Inportatzeko {{numFriends}} lagun aurkitu dira","few":"Inportatzeko {{numFriends}} lagun aurkitu dira","many":"Inportatzeko {{numFriends}} lagun aurkitu dira","other":"Inportatzeko {{numFriends}} lagun aurkitu dira"}},"facebook":"Facebook","search-contact":{"placeholder":"Bilatu"},"noResults":"Ez da kontakturik aurkitu.","done-search":"Eginda","progressFB3ImportTitle":"Lagunak kontaktuetara inportatzen","progressFB":"{{total}}/{{current}}","progressFB3UpdateTitle":"Lagunak kontaktuetan eguneratzen","message2":"Pare bat minutu har ditzake","messageLinking":"Itxaron mesedez. Zure laguna eta kontaktua lotzen ari gara.","messageCanceling":"Itxaron mesedez. Martxan dagoen eragiketa uzten ari gara.","error1":"Errorea {{from}}","error2":"Berriro saiatu nahi duzu?","errorProposal":"proposamendak kalkulatzen","errorFriends":"lagunak eskuratzen","errorLinking":"kontaktua lotzen","timeout1":"Denbora-muga gainditu da {{from}}","timeout2":"Berriro saiatu nahi duzu?","timeoutProposal":"proposamenak kalkulatzen","timeoutFriends":"lagunak eskuratzen","timeoutLinking":"kontaktuak lotzen","wait1":"Itxaron mesedez","wait2":"Pare bat minutu har ditzake","waitProposal":"Itxaron mesedez. Proposamena kalkulatzen ari gara.","waitFriends":"Itxaron mesedez. Zure lagunen zerrenda eskuratzeko konektatzen ari gara.","curtainCancel":"Utzi","curtainRetry":"Saiatu berriro","curtainOK":"Ados","connectionLost":"Interneteko konexiorik ez","connectionLostMsg":"Lagunen argazkiak ez dira gehituko zure kontaktuetara. Jarraitu halere?","yesOption":"Ados","noOption":"Utzi","friendsUpdated":{"_index":["plural","numFriends"],"_":{"zero":"Ez da lagunik eguneratu","one":"Lagun bat eguneratu da","two":"{{numFriends}} lagun eguneratu dira","few":"{{numFriends}} lagun eguneratu dira","many":"{{numFriends}} lagun eguneratu dira","other":"{{numFriends}} lagun eguneratu dira"}},"notificationLogin":"Zure Facebook saioa baliogabea da. Hasi saioa mesedez.","syncError":"Errorea gertatu da zure lagunen datuak sinkronizatzean","callAirplaneModeMessage":"Deiak egiteko hegazkin modua desgaitu behar duzu ezarpenetan.","callAirplaneModeBtnOk":"Ados","callAirplaneModeTitle":"Hegazkin modua aktibatuta","numberIsBusyTitle":"Zenbakia lanpetuta dago","numberIsBusyMessage":"Zenbakia une honetan lanpetuta dago. Saiatu berriro beranduago.","fdnIsActiveTitle":"FDN active","fdnIsActiveMessage":"FDN (Fixed Dialing Numbers) is activated and the following number is not in your FDN list: {{ number }}","voiceMail":"Ahots-posta","emergencyNumber":"Larrialdietako zenbakia","emergencyDialogBodyBadNumber":"Deiak egiteko telefonoak sarera konektatuta egon behar du.","emergencyDialogBodyDeviceNotAccepted":"Sareak ez du larrialdi-deirik onartzen.","emergencyDialogBtnOk":"Ados","emergencyDialogTitle":"Sareko konexiorik ez","invalidNumberToDialTitle":"Telefono-zenbaki baliogabea","invalidNumberToDialMessage":"Deitzen ari zaren telefono-zenbakia ez da baliozkoa.","unableToCallTitle":"Ezin da telefono-deia egin orain","unableToCallMessage":"Ezin da deia egin. Dagoeneko deitzen ari bazara, eskegi lehenik.","otherConnectionInUseTitle":"Beste konexio bat erabiltzen ari da","otherConnectionInUseMessage":"Dei aktibo bat daukazu beste konexio batean. Konexio bakarra erabil dezakezu aldi bakoitzean.","addNewNumber":"Add new number","addToExistingContact":"Gehitu badagoen kontaktuari","all":"Denak","asterisk":{"ariaLabel":"Asterisk"},"callLog":"Deien erregistroa","callLogEdit":{"title":"Edit call log"},"callLogEditDialog":{"ariaLabel":"Edit call log dialog"},"connecting":"Konektatzen","cf-async":"Asinkronoa: {{ async }}","cf-data":"Datuak: {{ data }}","cf-error":"Errorea gertatu da dei-birbidalketaren egoera eskuratzean","cf-fax":"FAXa: {{ fax }}\\n","cf-inactive":"Inaktibo","cf-packet":"Paketea: {{ packet }}\\n","cf-pad":"PADa: {{ pad }}\\n","cf-sms":"SMSa: {{ sms }}\\n","cf-status":"Dei-birbidalketaren egoera\\n","cf-sync":"Sinkronoa: {{ sync }}\\n","cf-voice":"Ahotsa: {{ voice }}\\n","confirm-deletion":"Garbitu hautatutako deiak?","contacts":"Kontaktuak","createNewContact":"Sortu kontaktu berria","delete":"Delete","dialerAddContact":{"ariaLabel":"Add contact"},"dialerAddContactDialog":{"ariaLabel":"Add Contact Dialog"},"edit-selected":{"_index":["plural","n"],"_":{"one":"Bat hautatuta","two":"{{ n }} hautatuta","few":"{{ n }} hautatuta","many":"{{ n }} hautatuta","other":"{{ n }} hautatuta"}},"edit":"Editatu","hashSign":{"ariaLabel":"Hash sign"},"hideKeypad":{"ariaLabel":"Hide keypad"},"ignore":"Ezikusi deia","incoming":"Sarrerakoak","keypad":{"ariaLabel":"Keypad"},"keypadDelete":{"ariaLabel":"Delete"},"makeCall":{"ariaLabel":"Make call"},"merge":"Batu","missed":"Galduak","missedCall":"Dei galduak","missedCallMultiSims":"({{ n }}. SIMa) Dei galdua","mmi-error":"Errorea gertatu da mezua bidaltzean","mmi-session-expired":"Saioa iraungita","mmi-successfully-sent":"Mezua ondo bidali da","mute":{"ariaLabel":"Mute"},"newCall":{"ariaLabel":"New call"},"no-logs-msg-1":"Erregistratutako deirik ez","no-logs-msg-2":"Hasi komunikatzen orain","no-logs-msg-3":"Dei galdurik ez","phoneNumberInput":{"ariaLabel":"Phone number"},"recents":{"ariaLabel":"Recent calls"},"reply":"Erantzun","switch-calls":"Aldatu deiak","today":"Gaur","voiceMailKey":{"ariaLabel":"Voicemail"},"withheld-number":"Zenbaki ezkutua","from-contact":"{{ contact }}","from-number":"{{ number }}","from-withheld-number":"Zenbaki ezkutua","yesterday":"Atzo","sending":"Bidaltzen…","speakerOption":{"ariaLabel":"Speaker"},"ussd-services":"{{ operator }} zerbitzuak","toggleKeypad":{"ariaLabel":"Toggle keypad"},"type-your-response":{"placeholder":"Idatzi erantzuna…"},"clear-all-text":"Garbitu testu guztia","hide":"Ezkutatu","call":"Deitu","hold":"Mantendu","resume":"Berrekin","sendSms":"Bidali mezua","callEnded":"Deia amaituta","via-sim":"{{ n }}. SIMaren bidez","sim-number":"{{ n }}. SIMa","hangup-a11y-button":{"aria-label":"Eseki"},"pickup-a11y-button":{"aria-label":"Hartu"},"unlock-a11y-button":{"aria-label":"Graduatzailea"},"settings":"Ezarpenak","delete-n-log?":{"_index":["plural","n"],"_":{"zero":"Ez da ezer hautatu","one":"Ezabatu hautatutako loga?","two":"Ezabatu {{n}} log?","few":"Ezabatu {{n}} log?","many":"Ezabatu {{n}} log?","other":"Ezabatu {{n}} log?"}},"callDurationMinutes":"{{ m }}:{{ s }}","callDurationHours":"{{ h }}:{{ m }}:{{ s}}","suggestionMatches":{"_index":["plural","n"],"_":{"one":"Agerpen bat \"{{ matchNumber }}\" zenbakirako","two":"{{ n }} agerpen \"{{ matchNumber }}\" zenbakirako","few":"{{ n }} agerpen \"{{ matchNumber }}\" zenbakirako","many":"{{ n }} agerpen \"{{ matchNumber }}\" zenbakirako","other":"{{ n }} agerpen \"{{ matchNumber }}\" zenbakirako"}},"scCallBarring":"Deien blokeoa","scCallForwarding":"Dei-birbidalketa","scClip":"Sarrerako deitzailearen IDa","scClir":"Irteerako deitzailearen IDa","scPwd":"Pasahitz-aldaketa","scCallWaiting":"Dei-itxarotea","scPin":"PIN aldaketa","scPin2":"PIN2 aldaketa","scPuk":"Desblokeatu PINa","scPuk2":"Desblokeatu PIN2a","scImei":"IMEI","scUssd":"USSD","serviceClassVoice":"Ahotsa","serviceClassData":"Datuak","serviceClassFax":"FAXa","serviceClassSms":"SMSa","serviceClassDataSync":"Sinkr.","serviceClassDataAsync":"Asinkr.","serviceClassPacket":"Paketea","serviceClassPad":"PAD","smServiceEnabled":"Zerbitzua gaitu egin da","smServiceDisabled":"Zerbitzua desgaitu egin da","smServiceRegistered":"Erregistroa ondo burutu da","smServiceErased":"Ezabatzea ondo burutu da","smServiceInterrogated":"Eskaera ondo burutu da","smServiceNotProvisioned":"Hornitu gabeko zerbitzua","smClirPermanent":"Ezin duzu deitzailearen IDaren ezarpena aldatu","smClirDefaultOnNextCallOn":"Deitzailearen IDa mugatuta dago lehenespenez. Hurrengo deia: mugatuta","smClirDefaultOnNextCallOff":"Deitzailearen IDa mugatuta dago lehenespenez. Hurrengo deia: mugatu gabe","smClirDefaultOffNextCallOn":"Deitzailearen IDa mugatu gabe dago lehenespenez. Hurrengo deia: mugatuta","smClirDefaultOffNextCallOff":"Deitzailearen IDa mugatu gabe dago lehenespenez. Hurrengo deia: mugatu gabe","smServiceEnabledFor":"Zerbitzua honentzat gaitu da:","smPinChanged":"PINa ondo aldatu da","smPinUnblocked":"PINa ondo desblokeatu da","smPin2Changed":"PIN2a ondo aldatu da","smPin2Unblocked":"PIN2a ondo desblokeatu da","emMmiError":"Konexio-arazoa edo MMI kode baliogabea","emMmiErrorPasswordIncorrect":"Pasahitz okerra","emMmiErrorNotSupported":"MMI kode baliogabea edo onartzen ez dena","emMmiErrorInvalidAction":"Ekintza baliogabea","emMmiErrorInvalidScCode":"Zerbitzu-kode baliogabea","emMmiErrorBadPuk":"Idatzi duzun PUKa ez da zuzena","emMmiErrorBadPin":"Idatzi duzun PIN zaharra ez da zuzena.","emMmiErrorNeedPuk2":"Idatzi PUK2a SIM txartela desblokeatzeko","emMmiErrorMismatchPin":"Idatzi dituzun PINak ez datoz bat","emMmiErrorInvalidPin":"Idatzi 4 eta 8 zenbaki arteko PINa","emMmiErrorNeedsPuk":"Zure SIM txartela PUK bidez blokeatuta dago","emMmiErrorEnablePin":"Ez da ondo burutu. Gaitu SIM/RUIM LOCK","emMmiErrorMmiFdn":"Eragiketa zenbaki aurrefinkatuen markatzeari soilik dago mugatuta","emMmiErrorStkCcUssdDial":"USSD eskaera DIAL eskaerara aldatu da","emMmiErrorStkCcUssdSs":"USSD eskaera SS eskaerara aldatu da","emMmiErrorStkCcUssdUssd":"USSD eskaera USSD eskaera berrira aldatu da","emMmiErrorStkCcSsDial":"SS eskaera DIAL eskaerara aldatu da","emMmiErrorStkCcSsUssd":"SS eskaera USSD eskaerara aldatu da","emMmiErrorStkCcSsSs":"SS eskaera SS eskaera berrira aldatu da","emMmiErrorPinPukAttempts":{"_index":["plural","n"],"_":{"one":"Azken aukera falta da","two":"{{n}} aukera falta dira","few":"{{n}} aukera falta dira","many":"{{n}} aukera falta dira","other":"{{n}} aukera falta dira"}},"emMmiErrorSimBlocked":"Aukeren kopuru maximoa gaindituta. SIMa blokeatuta","RadioNotAvailable":"Irratia ez dago erabilgarri","GenericFailure":"Hutsegite generikoa","PasswordIncorrect":"Pasahitz okerra","SimPin2":"SIM PIN2a","SimPuk2":"SIM PUK2a","RequestNotSupported":"Eskaera ez da onartzen","OpNotAllowedDuringVoiceCall":"Eragiketa ez dago baimenduta ahots-deian zehar","SmsSendFailRetry":"SMSa bidaltzeko birsaiakeraren hutsegitea","SimAbsent":"Ez dago SIMa","SubscriptionNotAvailable":"Harpidetza ez dago erabilgarri","ModeNotSupported":"Modua ez da onartzen","FdnCheckFailure":"Fdn egiaztapenaren hutsegitea","IllegalSimOrMe":"SIM edo ME ilegala","DialModifiedToUssd":"Dial USSDra aldatu da","DialModifiedToSs":"Dial SSra aldatu da","DialModifiedToDial":"Dial dial-era aldatu da","UssdModifiedToDial":"USSD dial-era aldatu da","UssdModifiedToSs":"USSD SSra aldatu da","UssdModifiedToUssd":"USSD USSDra aldatu da","SsModifiedToDial":"SS dial-era aldatu da","SsModifiedToUssd":"SS USSDra aldatu da","SsModifiedToSs":"SS SSra aldatu da","SubscriptionNotSupported":"Harpidetza ez da onartzen","InvalidParameter":"Parametro baliogabea","RejectedByRemote":"Urrunekoak baztertua","group-call":{"_index":["plural","n"],"_":{"one":"Taldeko deia ({{ n }})","two":"Taldeko deia ({{ n }})","few":"Taldeko deia ({{ n }})","many":"Taldeko deia ({{ n }})","other":"Taldeko deia ({{ n }})"}},"caller-left-call":"{{ caller }}(e)k deia utzi du.","conferenceAddError":"Ezin dira deiak konbinatu","conferenceRemoveError":"Ezin dira deiak banandu","longDateFormat":"%A, %Bk %e","select-audio-sources":"Hautatu audio-iturriak","bluetooth-handsfree-device":"Esku libreko bluetooth gailua","receiver":"Hargailua","speaker":"Bozgorailua","add":"Gehitu","done":"Eginda","retry":"Saiatu berriro","addContact":"Gehitu kontaktua","deleteContact":"Ezabatu kontaktua","selectContact":"Hautatu kontaktua","editContact":"Editatu kontaktua","deleteConfirmMsg":"Ezabatu kontaktua?","remove":"Kendu","comments":"Iruzkinak","no_contact_phones":"Kontaktu honek ez dauka telefono-zenbakirik","no_contact_email":"Kontaktu honek ez dauka helbide elektronikorik","removePhotoConfirm":"Kendu kontaktuaren argazkia?","loadingContacts":"Kontaktuak kargatzen…","noContactsActivity":"Ezin da kontaktura gehitu kontaktuen zerrenda hutsik dagoelako","noName":"Izenik ez","givenName":{"placeholder":"Izena"},"familyName":{"placeholder":"Abizena"},"tel":{"placeholder":"Telefonoa"},"carrier":{"_":"Telefono-konpainia","placeholder":"Telefono-konpainia"},"separator":",","email":{"_":"Helbide elektronikoa","placeholder":"Helbide elektronikoa"},"streetAddress":{"placeholder":"Kalea"},"postalCode":{"placeholder":"Posta-kodea"},"locality":{"placeholder":"Hiria"},"countryName":{"placeholder":"Herrialdea"},"comment":{"placeholder":"Iruzkina"},"org":{"placeholder":"Enpresa"},"custom":"Etiketa pertsonalizatua","date":{"_":"Data","placeholder":"Data"},"date-span-placeholder":"Date","birthday":"Urtebetetzea","dateFormat":"%Bk %e","dateOutput":"{{year}} {{dayMonthFormatted}}","anniversary":"Urteurrena","addPhoto":"Gehitu argazkia","addPhone":"Gehitu telefonoa","addEmail":"Gehitu helbide elektronikoa","addAddress":"Gehitu helbidea","addDate":"Gehitu data","addComment":"Gehitu iruzkina","addFavorite":"Gehitu gogoko gisa","removeFavorite":"Kendu gogokoetatik","label":"Etiketa","home":"Etxea","work":"Lana","personal":"Pertsonala","faxHome":"Faxa (etxea)","faxOffice":"Faxa (bulegoa)","faxOther":"Faxa (bestelakoa)","another":"Beste bat","other":"Bestelakoa","current":"Unekoa","itemWithLabel":"{{label}}, {{item}}","exit":"Irten","expand":"Zabaldu","labelName":"Izena:","labelLastName":"Abizena:","labelPhoneNumber":"Telefono-zenbakia:","labelCarrier":"Telefono-konpainia:","labelEmail":"Helbide elektronikoa:","labelStreet":"Kalea:","labelZip":"Posta-kodea:","labelCity":"Hiria:","labelCountry":"Herrialdea:","labelComment":"Iruzkina:","legendTitleMain":"Informazio nagusia","legendPhones":"Telefono-zenbakiak","legendEmail":"Helbide elektronikoa","legendAddress":"Helbidea","transferContactsTitle":"Transferitu kontaktuak","importContactsTitle":"Inportatu kontaktuak","importContactsButton":"Inportatu kontaktuak","exportContactsTitle":"Esportatu kontaktuak","exportContactsButton":"Esportatu kontaktuak","exportContactsAction":"Esportatu","simExport-title":"Esportatu SIMera","sdExport-title":"Esportatu SD txartelera","btExport-title":"Esportatu Bluetoothera","sdUMSEnabled":"Ezin da SD txartela erabili USB biltegiratzea gaituta dagoelako","exportErrorTitle":"Esportatze-errorea","contactsExported2":{"_index":["plural","exported"],"_":{"zero":"Ez da kontakturik esportatu","one":"{{total}}/{{imported}} kontaktu esportatu dira","two":"{{total}}/{{imported}} kontaktu esportatu dira","few":"{{total}}/{{imported}} kontaktu esportatu dira","many":"{{total}}/{{imported}} kontaktu esportatu dira","other":"{{total}}/{{imported}} kontaktu esportatu dira"}},"exportError-general":"Erroreren bat gertatu da esportatzean","exportError-SD-shared":"Ezin da memoria-txartela atzitu partekatuta dagoelako","exportError-SD-unavailable":"Memoria-txartela ez dago erabilgarri","exportError-SD-noSpace":"Ez dago kontaktuak esportatzeko toki libre nahikorik memoria-txartelean","exportError-SIM-unavailable":"SIM txartela ez dago erabilgarri","exportError-BT-shared":"Ezin da memoria-txartela atzitu partekatuta dagoelako","exportError-BT-unavailable":"Memoria-txartela ez dago erabilgarri","exportError-BT-noSpace":"Ez dago kontaktuak esportatzeko toki libre nahikorik memoria-txartelean","simContacts-import":"Inportatu SIMeko kontaktuak","simContacts-importing":"SIMeko kontaktuak inportatzen…","simContacts-reading":"SIM txarteletik irakurtzen…","simContacts-error":"Ezin dira kontaktuak inportatu SIMetik","simContacts-imported3":{"_index":["plural","n"],"_":{"zero":"Ez da inportatzeko kontakturik atzeman SIMean","one":"Kontaktu bat inportatu da","two":"{{n}} kontaktu inportatu dira","few":"{{n}} kontaktu inportatu dira","many":"{{n}} kontaktu inportatu dira","other":"{{n}} kontaktu inportatu dira"}},"noSimMsgExport":"Kontaktuak esportatzeko, sartu edo desblokeatu SIM txartela","simNumber":"{{number}}. SIMa","memoryCardContacts-import":"Inportatu kontaktuak memoria-txarteletik","memoryCardContacts-importing":"Kontaktuak memoria-txarteletik inportatzen…","memoryCardContacts-reading":"SIM txarteletik irakurtzen…","memoryCardContacts-error":"Ezin dira kontaktuak inportatu memoria-txarteletik","memoryCardContacts-imported3":{"_index":["plural","n"],"_":{"zero":"Ez da inportatzeko kontakturik atzeman memoria-txartelean","one":"Kontaktu bat inportatu da","two":"{{n}} kontaktu inportatu dira","few":"{{n}} kontaktu inportatu dira","many":"{{n}} kontaktu inportatu dira","other":"{{n}} kontaktu inportatu dira"}},"noMemoryCardMsgExport":"Kontaktuak esportatzeko, sartu memoria-txartela","genericProgress":"{{total}}/{{current}}","social-network":"Sare sozialak","social-link":"Lotu kontaktua","social-unlink":"Deslotu kontaktua","social-unlink-confirm-title":"Zure laguna deslotu nahi duzu?","social-unlink-confirm-accept":"Deslotu","facebook-import":"Inportatu Facebookeko lagunak","show-fb-profile":"Ikusi Facebook profila","msg-send":"Bidali mezua","wall-post":"Argitaratu horman","facebook-import-msg":{"_index":["plural","imported"],"_":{"zero":"Ez da lagunik inportatu ({{total}} guztira)","one":"Lagunik bat inportatu da ({{total}} guztira)","two":"{{total}}/{{imported}} lagun inportatu dira","few":"{{total}}/{{imported}} lagun inportatu dira","many":"{{total}}/{{imported}} lagun inportatu dira","other":"{{total}}/{{imported}} lagun inportatu dira"}},"facebookSwitchMsg":"Sinkronizatu lagunak","select_mobile":"Hautatu mugikorra","select_email":"Hautatu helbide elektronikoa","contactsOrderBy":"Ordenatu abizenaren arabera","bluetooth":"Bluetooth","fbUpdateFriends":"Eguneratu inportatutako lagunak","cleaningFbData":"Facebookeko datuak kentzen","loggingOutFb":"Facebookeko saioa ixten","cleanFbConfirmMsg":"Facebookeko datu guztiak kendu?","renewPwdMsg":"Facebookeko zure pasahitza aldatu egin da. Egunera ezazu mesedez.","notEnabledYet":"Oraindik gaitu gabe","genericNoConnection":"Kontaktuak inportatzeko konektatu Wi-Fira edo datu-sarera","simCard":"SIM txartela","memoryCard":"Memoria-txartela","create-new":"Sortu kontaktu berria","import-now":"Inportatu kontaktua SIM txarteletik edo Facebooketik","no-contacts":"Kontakturik ez","start-adding":"Hasi orain gehitzen","notImported":"Inportatu gabe","imported":"Inportatuta","organise-contacts":"Antolatu kontaktuak","find-merge-contacts":"Bilatu bikoiztutako kontaktuak","preparing-contacts":"Kontaktuak prestatzen","exportError-SIM-NoFreeRecordFound":"SIM txartela beteta dago","exportError-SIM-CannotAccessPhoneBook":"Ezin da SIM txartelaren telefono-liburua atzitu","exportError-SIM-Unavailable":"Ez da SIMik atzeman","exportError-SIM-GenericError":"Errorea gertatu da kontaktu bat esportatzean","ContactManagementTitle":"Contacts Management","DeleteTitle":"Delete","bulkDeleteButton":"Delete Contacts","BulkDelCancel":"Contacts delete cancelled","DeletedTxt":{"_index":["plural","n"],"_":{"zero":"No Contact to Delete","one":"1 Contact removed","two":"{{n}} Contacts removed","few":"{{n}} Contacts removed","many":"{{n}} Contacts removed","other":"{{n}} Contacts removed"}},"DeletingContacts":"Deleting contacts","ContactConfirmDel":{"_index":["plural","n"],"_":{"zero":"No Contact to Delete","one":"Delete 1 Contact? This cannot be undone.","two":"Delete {{n}} Contacts? This cannot be undone.","few":"Delete {{n}} Contacts? This cannot be undone.","many":"Delete {{n}} Contacts? This cannot be undone.","other":"Delete {{n}} Contacts? This cannot be undone."}},"SelectedTxt":{"_index":["plural","n"],"_":{"zero":"Contacts","one":"{{n}} selected","two":"{{n}} selected","few":"{{n}} selected","many":"{{n}} selected","other":"{{n}} selected"}},"sim-picker-dial-via-with-number":"Markatu {{ phoneNumber }} zenbakia","sim-picker-select-sim":"Hautatu SIMa","sim-picker-button":"SIM{{ n }}","sim-picker-button-default":"(lehenetsia)","waitDuplicateContacts":"Bikoiztutako kontaktuak bilatzen","waitMergingDuplicateContacts":"Bikoiztutako kontaktuak batzen","alertNoDuplicateContacts":"Ez da bikoiztutako kontakturik aurkitu","mergeDuplicateTitle":"Batu bikoiztuak","suggestedDuplicateContacts":"{{name}}(r)entzat iradokitako bikoiztutako kontaktuak","mergeActionButtonLabel":{"_index":["plural","n"],"_":{"zero":"Ez da kontakturik hautatu","one":"Batu kontaktu batekin","other":"Batu {{n}} kontakturekin"}},"duplicatesFoundTitle":"Bikoiztutakoak aurkitu dira","duplicatesFoundMessage":"{{name}}(r)en bikoiztutakoen informazioa ondorengo kontaktuetan"}