{"brandShortName":"B2G OS","browserBrandShortName":"Navegador web","browserBrandFullName":"Navegador web de Mozilla","back":"Atrás","noSimMsg":"Para importar os contactos, insira ou desbloquee a súa tarxeta SIM","noMemoryCardMsg":"Para importar contactos insira unha tarxeta de memoria","importMemoryCard":"Tarxeta de memoria","noConnection11":"Para importar os contactos ou amigos do Facebook, conéctese a unha rede Wi-Fi ou a unha rede de datos","pincode2":"Escriba o PIN","type_pin":"Escriba o seu código PIN","pincodeLabel":"PIN da SIM {{n}}","pinValidation":"O PIN debe ter entre 4 e 8 caracteres.","pinError":"O PIN é incorrecto.","pinAttemptMsg2":{"_index":["plural","n"],"_":{"one":"Só lle queda un intento para escribir o código correcto antes de bloquear a tarxeta SIM.","two":"Quédanlle {{n}} intentos para escribir o código correcto antes de bloquear a tarxeta SIM.","few":"Quédanlle {{n}} intentos para escribir o código correcto antes de bloquear a tarxeta SIM.","many":"Quédanlle {{n}} intentos para escribir o código correcto antes de bloquear a tarxeta SIM.","other":"Quédanlle {{n}} intentos para escribir o código correcto antes de bloquear a tarxeta SIM."}},"pinLastChanceMsg":"Esta é a súa última oportunidade para escribir o PIN correcto. Se non o fai, debe escribir o código PUK para usar esta tarxeta SIM.","pukcode":"Escriba o PUK","pukcodeTitle":"Escribir PUK da SIM {{n}}","pukcodeLabel":"PUK da SIM {{n}}","type_puk":"Código PUK","pukValidation":"O código PUK debe ter exactamente 8 caracteres.","pukInfo":"Debe escribir a chave de desbloqueo persoal (código PUK) da tarxeta SIM. Consulte a documentación da súa tarxeta SIM ou contacte coa súa operadora de telefonía para obter máis información.","pukError":"O PUK é incorrecto.","pukAttemptMsg2":{"_index":["plural","n"],"_":{"one":"Só lle queda un intento para escribir o código correcto antes de que esta tarxeta SIM quede inservíbel. Consulte a documentación da súa tarxeta SIM ou contacte coa súa operadora de telefonía para obter máis información.","two":"Quédanlle {{n}} intentos para escribir o código correcto antes de que esta tarxeta SIM quede inservíbel. Consulte a documentación da súa tarxeta SIM ou contacte coa súa operadora de telefonía para obter máis información.","few":"Quédanlle {{n}} intentos para escribir o código correcto antes de que esta tarxeta SIM quede inservíbel. Consulte a documentación da súa tarxeta SIM ou contacte coa súa operadora de telefonía para obter máis información.","many":"Quédanlle {{n}} intentos para escribir o código correcto antes de que esta tarxeta SIM quede inservíbel. Consulte a documentación da súa tarxeta SIM ou contacte coa súa operadora de telefonía para obter máis información.","other":"Quédanlle {{n}} intentos para escribir o código correcto antes de que esta tarxeta SIM quede inservíbel. Consulte a documentación da súa tarxeta SIM ou contacte coa súa operadora de telefonía para obter máis información."}},"pukLastChanceMsg":"Esta é a súa última oportunidade para escribir o código PUK correcto. A súa tarxeta SIM quedará inservíbel se escribe un código PUK incorrecto.","create_newpin":"Crear novo PIN (4 a 8 díxitos)","confirm_newpin":"Confirmar novo PIN","newpinConfirmation":"Non coincide o PIN","nckcode":"Escribir código NCK","cckcode":"Escribir código CCK","spckcode":"Escribir código SPCK","nck1code":"Enter NCK1 code","nck2code":"Enter NCK2 code","hnckcode":"Enter HNCK code","rcckcode":"Enter RCCK code","rspckcode":"Enter RSPCK code","nckcodeTitle":"Escribir código NCK da SIM {{n}}","cckcodeTitle":"Escribir código CCK da SIM {{n}}","spckcodeTitle":"Escribir código SPCK da SIM {{n}}","nck1codeTitle":"Enter SIM {{n}} NCK1","nck2codeTitle":"Enter SIM {{n}} NCK2","hnckcodeTitle":"Enter SIM {{n}} HNCK","rcckcodeTitle":"Enter SIM {{n}} RCCK","rspckcodeTitle":"Enter SIM {{n}} RSPCK","nckcodeLabel":"NCK da SIM {{n}}","cckcodeLabel":"CCK da SIM {{n}}","spckcodeLabel":"SPCK da SIM {{n}}","nck1codeLabel":"SIM {{n}} NCK1","nck2codeLabel":"SIM {{n}} NCK2","hnckcodeLabel":"SIM {{n}} HNCK","rcckcodeLabel":"SIM {{n}} RCCK","rspckcodeLabel":"SIM {{n}} RSPCK","type_nck":"Escriba o código NCK","type_cck":"Escriba o código CCK","type_spck":"Escriba o código SPCK","type_nck1":"Type your NCK1 code","type_nck2":"Type your NCK2 code","type_hnck":"Type your HNCK code","type_rcck":"Type your RCCK code","type_rspck":"Type your RSPCK code","nckValidation":"O código NCK debe ter entre 8 e 16 caracteres.","cckValidation":"O código CCK debe ter entre 8 e 16 caracteres.","spckValidation":"O código SPCK debe ter entre 8 e 16 caracteres.","nck1Validation":"NCK1 must have between 8 and 16 characters.","nck2Validation":"NCK2 must have between 8 and 16 characters.","hnckValidation":"HNCK must have between 8 and 16 characters.","rcckValidation":"RCCK must have between 8 and 16 characters.","rspckValidation":"RSPCK must have between 8 and 16 characters.","nckErrorMsg":"O código NCK é incorrecto.","nckAttemptMsg2":{"_index":["plural","n"],"_":{"one":"Fallou a solicitude de despersonalización da rede. Só lle queda un intento para escribir o código correcto. Consulte a documentación do seu dispositivo ou contacte coa súa operadora de telefonía para obter máis información.","two":"Fallou a solicitude de despersonalización da rede. Quédanlle {{n}} intentos para escribir o código correcto. Consulte a documentación do seu dispositivo ou contacte coa súa operadora de telefonía para obter máis información.","few":"Fallou a solicitude de despersonalización da rede. Quédanlle {{n}} intentos para escribir o código correcto. Consulte a documentación do seu dispositivo ou contacte coa súa operadora de telefonía para obter máis información.","many":"Fallou a solicitude de despersonalización da rede. Quédanlle {{n}} intentos para escribir o código correcto. Consulte a documentación do seu dispositivo ou contacte coa súa operadora de telefonía para obter máis información.","other":"Fallou a solicitude de despersonalización da rede. Quédanlle {{n}} intentos para escribir o código correcto. Consulte a documentación do seu dispositivo ou contacte coa súa operadora de telefonía para obter máis información."}},"nckLastChanceMsg":"Fallou a solicitude de despersonalización da rede. Esta é a súa última oportunidade para escribir o código NCK correcto. Consulte a documentación do seu dispositivo ou contacte coa súa operadora de telefonía para obter máis información.","skip":"Saltar","send":"Enviar","ok":"Aceptar","simLocked":"A tarxeta SIM está bloqueada","inputCodeRetriesLeft":{"_index":["plural","n"],"_":{"one":"Último intento.","two":"Quedan{{n}} intentos.","few":"Quedan{{n}} intentos.","many":"Quedan{{n}} intentos.","other":"Quedan{{n}} intentos."}},"simManager":"Xestor SIM","simDetail":"SIM {{n}}","simDefault":"(predeterminado)","simDefaultMessage":"De forma predeterminada, úsase a SIM 1 para a conexión de datos e as chamadas e mensaxes saíntes","simSettingsMessage":"Pode cambiar a configuración predeterminada en Axustes > Xestor SIM","simPinLocked":"PIN da SIM bloqueado","noOperator":"Sen operadora","language":"Idioma","english":"Inglés","dvorak":"Inglés (Dvorak)","spanish":"Español","portuguese":"Portugués de Brasil","french":"Francés","italian":"Italiano","arabic":"Árabe","greek":"Grego","hebrew":"Hebreo","jp-kanji":"Xaponés","jp-kanji-desc":"Kanji","traditionalChinese":"Chinés tradicional","traditionalChinese-desc":"Zhuyin","simplifiedChinese":"Chinés simplificado","simplifiedChinese-desc":"Pinyin","3g":"Datos móbiles","dataConnection":"Activar a conexión","dataConnectionInfo":"Activando a conexión de datos do móbil agora, permitíralle configurar o seu teléfono sen unha conexión Wi-Fi. Tamén pode activala máis tarde no aplicativo Configuración. Asegúrese de ter un plan de datos coa súa operadora para evitar cargos adicionais.","caution":"Aviso","geolocation":"Xeolocalización","geolocationCheckbox":"Activar xeolocalización","geolocationInfo2":"{{brandShortName}} usa os datos do GPS, Wi-Fi e de antenas de telefonía móbil que o rodean para determinar a súa localización aproximada.","geolocationInfoMore":"Os datos envíanse a Mozilla e a outros fornecedores de servizos e agrúpanse para mellorar a precisión das bases de datos de localización. Os datos almacénanse no seu dispositivo e poden recollerse incluso cando non se executa ningún aplicativo.","notice":"Aviso","aboutYourPrivacy":"Máis información sobre a privacidade","wifi":"Wi-Fi","scanningNetworks":"Buscando redes","selectNetwork":"Seleccione unha rede","shortStatus-connecting":"Conectando…","shortStatus-associated":"Obtendo un enderezo IP…","shortStatus-connected":"Conectado","shortStatus-connectingfailed":"Fallou a conexión","shortStatus-disconnected":"Desconectado","securedBy":"protexida por {{capabilities}}","security":"Seguranza","securityNone":"Ningunha","securityWEP":"WEP","securityWPA-PSK":"WPA-PSK","securityWPA-EAP":"WPA-EAP","securityOpen":"Aberta","identity":"Usuario","identityInput":{"placeholder":"Usuario"},"password":"Contrasinal","passwordInput":{"placeholder":"Contrasinal"},"showPassword":"Amosar contrasinal","refresh":"Refrescar","noWifiFound3":"Non se atoparon redes sen fíos","join-hidden-button":"Unirse a unha rede agochada","authentication":"Autenticación","ssid-name":"SSID da rede","dateAndTime":"Data e hora","setTimeAutomatically":"Axuste automático","timezoneMessage":"Fuso horario","timezoneTitle":"UTC{{utcOffset}} {{region}}/{{city}}","dateMessage":"Data","timeMessage":"Hora","timeZone":"Fuso horario","change":"Cambiar","importContacts3":"Importar contactos","importSim2":"Tarxeta SIM","importFb2":"Facebook","importOutlook":"Outlook","importGmail":"Gmail","fb-checking":"… comprobando","notImportedYet":"Aínda sen importar","otherAccount":"Outras contas","mobile":"Móbil","afterFbImport":"Pode importar e editar os amigos do Facebook en calquera momento na configuración do aplicativo Contactos","firefox-accounts":"Firefox Accounts","fxa-overview":{"innerHTML":"A Firefox Account lets you use features like Find My Device and apps like the Firefox Marketplace."},"fxa-create-account-or-sign-in":"Create Account or Sign In","fxa-email-sent":"A verification link has been sent to {{email}}","about-your-rights-0":"{{brandShortName}} é un software de código aberto e libre, construído por unha comunidade de centos de persoas de todo o mundo. Hai algunhas cousas que debería saber:","about-your-rights-1":"{{brandShortName}} está dispoñíbel nos termos de varias licenzas libres incluíndo a Mozilla Public License. Un dispositivo que execute {{brandShortName}} tamén pode conter software privativo de terceiros. Calquera código con licenza libre outorga o dereito de modificar o código fonte e distribuír as versións modificadas coa condición de respectar os termos da licenza.","about-your-rights-2":"Non se lle outorga ningún dereito nin licenza sobre as marcas da Fundación Mozilla ou as súas filiais, incluíndo sen limitación o nome ou o logo do {{brandShortName}}.","about-your-rights-3":"Algunhas características do {{brandShortName}}, como o Informador de erros, dánlle a opción de fornecer información a Mozilla. Cando escolle enviar esa información, dálle a Mozilla permiso para usala para mellorar os seus produtos, para publicala nos seus sitios web e para distribuíla.","about-other":"Outros","SIM_mandatory":"Aviso da tarxeta SIM","SIM_mandatory_warm":"Insira unha tarxeta SIM e reinicie o teléfono.","sharing-performance-data":"Compartir os datos de rendemento","telemetry-sends":"Telemetry envía a Mozilla información sobre o rendemento, o hardware, a configuración e as personalizacións no seu dispositivo {{brandShortName}}. Esta información úsase para mellorar os nosos produtos, facelos máis rápidos e máis receptivos.","learn-more-telemetry":{"innerHTML":"Learn more at {{link}}"},"learn-more-information":{"innerHTML":"Learn how Mozilla handles your information at {{link}}"},"welcomeBrowser":"Benvida a {{brandShortName}}, o sistema operativo libre e de código aberto de Mozilla. A nosa misión é promover os estándares abertos, a innovación e garantir que o poder da Web permanece nas súas mans.","learn-more-privacy":{"innerHTML":"Learn how Mozilla handles your information in our {{link}}."},"learn-more-privacy-link":"privacy policy","aboutBrowser":"Sobre o {{brandShortName}}","aboutYourPrivacy2":"A súa privacidade","mozillaCommunity2":"Cando vostede usa {{brandShortName}}, entra a formar parte dunha comunidade global que traballa por un futuro mellor para a Web. Se desexa saber máis sobre a comunidade de Mozilla, os nosos produtos e eventos na súa zona, escriba o seu enderezo de correo electrónico a continuación.","collaborate":"Quero axudar a mellorar {{brandShortName}} compartindo información sobre o meu teléfono.","learnMore":"Máis información.","emailAddress":{"placeholder":"Enderezo de correo"},"email-successfully-added":"Engadiuse o correo correctamente","email-loading":"Gardando o seu correo…","browserPrivacyChoices":"Opcións de privacidade do {{brandShortName}}","privacy-b2g":{"_":"{{brandShortName}}","title":"{{brandShortName}}"},"privacy-marketplace":{"_":"Marketplace","title":"{{privacy-marketplace}}"},"privacy-e-me":{"_":"everything.me","title":"{{privacy-e-me}}"},"navbar-back":"Atrás","navbar-next":"Seguinte","navbar-join":"Unirse","thatsIt":"Iso é todo!","startYourPhone":"Coñeza o seu teléfono!","startYourTablet":"Coñeza a súa tableta!","joinTutorial":"Faga unha breve visita guiada polo seu novo teléfono.","enjoyYourPhone":"Todo listo para gozar do seu novo teléfono.","optionsAvailable":"Pode cambiar o idioma, a data/hora e a conexión Wi-Fi en Axustes.","letsGo":"Adiante","startTour":"Comezar visita","thatsIt1Tablet-2":"Sempre pode volver á pantalla inicial con só deslizar o dedo dende o borde inferior da pantalla.","thatsIt2Tablet-2":"Próbeo agora!","tutorial-step1-tiny":"Deslice a pantalla de dereita a esquerda para ver os aplicativos.","tutorial-step2-tiny":"Toque durante uns segundos unha icona para eliminala ou movela.","tutorial-step3-tiny":"Escriba unha palabra clave ou un tema e o teléfono adaptarase ao instante.","tutorial-step4-tiny":"Deslice a pantalla cara abaixo para acceder ás notificacións recentes, información de consumo e aos axustes.","tutorial-step5-tiny":"Toque durante uns segundos o botón de inicio para examinar e pechar os aplicativos recentes.","tutorial-step6-tiny":"Deslice o dedo desde o lateral da pantalla para desprazarse adiante e atrás entre os aplicativos recentes.","tutorial-step1-large-2":"Deslice o dedo desde a parte superior da pantalla para acceder ás notificacións, información de consumo e aos axustes.","tutorial-step2-large-2":"Deslice o dedo á esquerda ou á dereita para descubrir novos aplicativos na pantalla inicial.","tutorial-step3-large-2":"Toque durante uns segundos unha icona para eliminala ou movela.","tutorial-step4-large-2":"Deslice dous dedos desde o borde inferior para activar a visualización de tarxetas.","offline-dialog-title":"É necesario estar conectado á Internet para ver a páxina.","offline-dialog-text":"Volva atrás e conéctese á Internet. Tamén pode ver a páxina máis tarde desde os Axustes ou escribindo o enderezo {{url}} en calquera navegador.","OK":"Aceptar","offline-newsletter-dialog-title":"É necesario estar conectado á Internet para subscribirse ao boletín de información.","offline-newsletter-dialog-text":"Volva atrás e conéctese á Internet.","invalid-email-dialog-title":"O seu correo é incorrecto","invalid-email-dialog-text":"Volva atrás e corrixa os datos inseridos.","cancel":"Cancelar","weekday-0-long":"Domingo","weekday-1-long":"Luns","weekday-2-long":"Martes","weekday-3-long":"Mércores","weekday-4-long":"Xoves","weekday-5-long":"Venres","weekday-6-long":"Sábado","weekday-0-short":"Dom","weekday-1-short":"Lun","weekday-2-short":"Mar","weekday-3-short":"Mer","weekday-4-short":"Xov","weekday-5-short":"Ven","weekday-6-short":"Sab","month-0-long":"Xaneiro","month-1-long":"Febreiro","month-2-long":"Marzo","month-3-long":"Abril","month-4-long":"Maio","month-5-long":"Xuño","month-6-long":"Xullo","month-7-long":"Agosto","month-8-long":"Setembro","month-9-long":"Outubro","month-10-long":"Novembro","month-11-long":"Decembro","month-0-genitive":"Xaneiro","month-1-genitive":"Febreiro","month-2-genitive":"Marzo","month-3-genitive":"Abril","month-4-genitive":"Maio","month-5-genitive":"Xuño","month-6-genitive":"Xullo","month-7-genitive":"Agosto","month-8-genitive":"Setembro","month-9-genitive":"Outubro","month-10-genitive":"Novembro","month-11-genitive":"Decembro","month-0-short":"Xan","month-1-short":"Feb","month-2-short":"Mar","month-3-short":"Abr","month-4-short":"Maio","month-5-short":"Xun","month-6-short":"Xul","month-7-short":"Ago","month-8-short":"Set","month-9-short":"Out","month-10-short":"Nov","month-11-short":"Dec","minutes-ago-long":{"_index":["plural","value"],"_":{"zero":"xusto agora","one":"hai un minuto","two":"hai {{value}} minutos","few":"hai {{value}} minutos","many":"hai {{value}} minutos","other":"hai {{value}} minutos"}},"hours-ago-long":{"_index":["plural","value"],"_":{"zero":"xusto agora","one":"hai unha hora","two":"hai {{value}} horas","few":"hai {{value}} horas","many":"hai {{value}} horas","other":"hai {{value}} horas"}},"days-ago-long":{"_index":["plural","value"],"_":{"zero":"hoxe","one":"onte","two":"hai {{value}} días","few":"hai {{value}} días","many":"hai {{value}} días","other":"hai {{value}} días"}},"weeks-ago-long":{"_index":["plural","value"],"_":{"zero":"esta semana","one":"a semana pasada","two":"hai {{value}} semanas","few":"hai {{value}} semanas","many":"hai {{value}} semanas","other":"hai {{value}} semanas"}},"months-ago-long":{"_index":["plural","value"],"_":{"zero":"Este mes","one":"o mes pasado","two":"hai {{value}} meses","few":"hai {{value}} meses","many":"hai {{value}} meses","other":"hai {{value}} meses"}},"years-ago-long":{"_index":["plural","value"],"_":{"zero":"este ano","one":"o ano pasado","two":"hai {{value}} anos","few":"hai {{value}} anos","many":"hai {{value}} anos","other":"hai {{value}} anos"}},"minutes-until-long":{"_index":["plural","value"],"_":{"zero":"agora","one":"nun minuto","two":"en {{value}} minutos","few":"en {{value}} minutos","many":"en {{value}} minutos","other":"en {{value}} minutos"}},"hours-until-long":{"_index":["plural","value"],"_":{"zero":"agora","one":"nunha hora","two":"en {{value}} horas","few":"en {{value}} horas","many":"en {{value}} horas","other":"en {{value}} horas"}},"days-until-long":{"_index":["plural","value"],"_":{"zero":"hoxe","one":"mañá","two":"en {{value}} días","few":"en {{value}} días","many":"en {{value}} días","other":"en {{value}} días"}},"weeks-until-long":{"_index":["plural","value"],"_":{"zero":"esta semana","one":"a semana que ven","two":"en {{value}} semanas","few":"en {{value}} semanas","many":"en {{value}} semanas","other":"en {{value}} semanas"}},"months-until-long":{"_index":["plural","value"],"_":{"zero":"Este mes","one":"o mes que ven","two":"en {{value}} meses","few":"en {{value}} meses","many":"en {{value}} meses","other":"en {{value}} meses"}},"years-until-long":{"_index":["plural","value"],"_":{"zero":"este ano","one":"o ano que ven","two":"en {{value}} anos","few":"en {{value}} anos","many":"en {{value}} anos","other":"en {{value}} anos"}},"minutes-ago-short":{"_index":["plural","value"],"_":{"zero":"xusto agora","other":"hai {{value}}min"}},"hours-ago-short":{"_index":["plural","value"],"_":{"zero":"xusto agora","other":"hai {{value}}h"}},"days-ago-short":{"_index":["plural","value"],"_":{"zero":"hoxe","other":"hai {{value}}d"}},"minutes-until-short":{"_index":["plural","value"],"_":{"zero":"agora","other":"en {{value}}min"}},"hours-until-short":{"_index":["plural","value"],"_":{"zero":"agora","other":"en {{value}}h"}},"days-until-short":{"_index":["plural","value"],"_":{"zero":"hoxe","other":"en {{value}}d"}},"incorrectDate":"(data incorrecta)","dateTimeFormat_%c":"%a, %e de %b, %Y %H:%M:%S","dateTimeFormat_%x":"%d/%m/%Y","dateTimeFormat_%X":"%H:%M:%S","shortTimeFormat":"%H:%M","shortDateTimeFormat":"%x %H:%M %p","weekStartsOnMonday":"1","time_am":"AM","time_pm":"PM","tz-region":"Rexión","tz-city":"Cidade","tzRegion-Africa":"África","tzRegion-America":"América","tzRegion-Antarctica":"Antártida","tzRegion-Asia":"Asia","tzRegion-Atlantic":"Océano Atlántico","tzRegion-Australia":"Australia","tzRegion-Europe":"Europa","tzRegion-Indian":"Océano Índico","tzRegion-Pacific":"Océano Pacífico","close":"Close","import":"Import","update":"Update","fbFriends":"Facebook Friends","live-serviceName":"Outlook","gmail-serviceName":"Gmail","facebook-serviceName":"Facebook Friends","selectAll":"Select all","deselectAll":"Deselect all","viewAll":"View All Facebook Friends","viewRecommend":"View Only Recommended","linkProposal":{"_index":["plural","numFriends"],"_":{"zero":"No matching friends. Showing all","one":"Select the recommended one","two":"Select a recommended one","few":"Select a recommended one","many":"Select a recommended one","other":"Select a recommended one"}},"fbFriendsFound":{"_index":["plural","numFriends"],"_":{"zero":"All your friends are imported","one":"Found one friend to import","two":"Found {{numFriends}} friends to import","few":"Found {{numFriends}} friends to import","many":"Found {{numFriends}} friends to import","other":"Found {{numFriends}} friends to import"}},"facebook":"Facebook","search-contact":{"placeholder":"Search"},"noResults":"No contacts found","done-search":"Done","progressFB3ImportTitle":"Importing friends to Contacts","progressFB":"{{current}}/{{total}}","progressFB3UpdateTitle":"Updating friends in Contacts","message2":"This may take a couple of minutes","messageLinking":"Please hold on. We are linking your friend and your contact.","messageCanceling":"Please hold on. We are canceling the ongoing operation.","error1":"Error {{from}}","error2":"Do you want to retry?","errorProposal":"calculating proposals","errorFriends":"retrieving friends","errorLinking":"linking contact","timeout1":"Exceeded timeout {{from}}","timeout2":"Do you want to retry?","timeoutProposal":"calculating proposals","timeoutFriends":"retrieving friends","timeoutLinking":"linking contacts","wait1":"Please hold on","wait2":"This may take a couple of minutes","waitProposal":"Please hold on. We are calculating a proposal.","waitFriends":"Please hold on. We are connecting to obtain your friend list.","curtainCancel":"Cancel","curtainRetry":"Retry","curtainOK":"OK","connectionLost":"No Internet connection","connectionLostMsg":"Friends’ photos will not be added to your contacts. Continue anyway?","yesOption":"OK","noOption":"Cancel","friendsUpdated":{"_index":["plural","numFriends"],"_":{"zero":"No friends updated","one":"Updated one friend","two":"Updated {{numFriends}} friends","few":"Updated {{numFriends}} friends","many":"Updated {{numFriends}} friends","other":"Updated {{numFriends}} friends"}},"notificationLogin":"Your Facebook session is invalid. Please sign in.","syncError":"There was an error synchronizing your friend’s data","callAirplaneModeMessage":"Para facer unha chamada ten que desactivar o modo avión nos axustes.","callAirplaneModeBtnOk":"Aceptar","callAirplaneModeTitle":"Activouse o modo avión","numberIsBusyTitle":"O número está ocupado","numberIsBusyMessage":"Neste momento o número está ocupado. Tente de novo máis tarde.","fdnIsActiveTitle":"FDN active","fdnIsActiveMessage":"FDN (Fixed Dialing Numbers) is activated and the following number is not in your FDN list: {{ number }}","voiceMail":"Mensaxes de voz","emergencyNumber":"Número de emerxencia","emergencyDialogBodyBadNumber":"Para facer unha chamada, o teléfono ten que ter rede.","emergencyDialogBodyDeviceNotAccepted":"A rede non permite chamadas de emerxencia.","emergencyDialogBtnOk":"Aceptar","emergencyDialogTitle":"Sen conexión de rede","invalidNumberToDialTitle":"Número de teléfono incorrecto","invalidNumberToDialMessage":"O número de teléfono ao que está chamando é incorrecto.","unableToCallTitle":"Non é posíbel facer chamadas agora","unableToCallMessage":"Non é posíbel facer unha chamada. Se xa está marcando, primeiro colgue.","otherConnectionInUseTitle":"Outras conexións en uso","otherConnectionInUseMessage":"Ten unha chamada activa noutra conexión. Só pode usar unha conexión ao mesmo tempo.","addNewNumber":"Add new number","addToExistingContact":"Engadir a un contacto existente","all":"Todas","asterisk":{"ariaLabel":"Asterisk"},"callLog":"Rexistro chamadas","callLogEdit":{"title":"Edit call log"},"callLogEditDialog":{"ariaLabel":"Edit call log dialog"},"connecting":"Conectando","cf-async":"Asíncrono: {{ async }}\\n","cf-data":"Datos: {{ data }}\\n","cf-error":"Produciuse un erro ao recuperar o estado do desvío de chamadas","cf-fax":"FAX: {{ fax }}\\n","cf-inactive":"Inactivo","cf-packet":"Paquetes: {{ packet }}\\n","cf-pad":"PAD: {{ pad }}\\n","cf-sms":"SMS: {{ sms }}\\n","cf-status":"Estado do desvío de chamadas\\n","cf-sync":"Síncrono: {{ sync }}\\n","cf-voice":"Voz: {{ voice }}\\n","confirm-deletion":"Desexa limpar as chamadas seleccionadas?","contacts":"Contactos","createNewContact":"Crear novo contacto","delete":"Delete","dialerAddContact":{"ariaLabel":"Add contact"},"dialerAddContactDialog":{"ariaLabel":"Add Contact Dialog"},"edit-selected":{"_index":["plural","n"],"_":{"one":"{{ n }} seleccionadas","two":"{{ n }} seleccionadas","few":"{{ n }} seleccionadas","many":"{{ n }} seleccionadas","other":"{{ n }} seleccionadas"}},"edit":"Editar","hashSign":{"ariaLabel":"Hash sign"},"hideKeypad":{"ariaLabel":"Hide keypad"},"ignore":"Ignorar chamada","incoming":"Entrante","keypad":{"ariaLabel":"Keypad"},"keypadDelete":{"ariaLabel":"Delete"},"makeCall":{"ariaLabel":"Make call"},"merge":"Combinar","missed":"Perdidas","missedCall":"Chamada perdida","missedCallMultiSims":"(SIM {{ n }}) Chamada perdida","mmi-error":"Produciuse un erro ao enviar a mensaxe","mmi-session-expired":"Caducou a sesión","mmi-successfully-sent":"Enviouse a mensaxe correctamente","mute":{"ariaLabel":"Mute"},"newCall":{"ariaLabel":"New call"},"no-logs-msg-1":"Ningunha chamada rexistrada","no-logs-msg-2":"Iniciar a comunicación agora","no-logs-msg-3":"Ningunha chamada perdida","phoneNumberInput":{"ariaLabel":"Phone number"},"recents":{"ariaLabel":"Recent calls"},"reply":"Responder","switch-calls":"Trocar chamadas","today":"Hoxe","voiceMailKey":{"ariaLabel":"Voicemail"},"withheld-number":"Número oculto","from-contact":"De {{ contact }}","from-number":"De {{ number }}","from-withheld-number":"Dun número oculto","yesterday":"Onte","sending":"Enviando…","speakerOption":{"ariaLabel":"Speaker"},"ussd-services":"Servizos de {{ operator }}","toggleKeypad":{"ariaLabel":"Toggle keypad"},"type-your-response":{"placeholder":"Escriba a súa reposta…"},"clear-all-text":"Limpar todo o texto","hide":"Agochar","call":"Chamar","hold":"En espera","resume":"Retomar","sendSms":"Enviar a mensaxe","callEnded":"Chamada finalizada","via-sim":"coa SIM{{ n }}","sim-number":"SIM{{ n }}","hangup-a11y-button":{"aria-label":"Colgar"},"pickup-a11y-button":{"aria-label":"Responder"},"unlock-a11y-button":{"aria-label":"Control deslizante"},"settings":"Axustes","delete-n-log?":{"_index":["plural","n"],"_":{"zero":"Ningún elemento seleccionado","one":"Eliminar o rexistro seleccionado?","two":"Eliminar {{ n }} rexistros?","few":"Eliminar {{ n }} rexistros?","many":"Eliminar {{ n }} rexistros?","other":"Eliminar {{ n }} rexistros?"}},"callDurationMinutes":"{{ m }}:{{ s }}","callDurationHours":"{{ h }}:{{ m }}:{{ s}}","suggestionMatches":{"_index":["plural","n"],"_":{"one":"{{ n }} coincidencia para \"{{ matchNumber }}\"","two":"{{ n }} coincidencias para \"{{ matchNumber }}\"","few":"{{ n }} coincidencias para \"{{ matchNumber }}\"","many":"{{ n }} coincidencias para \"{{ matchNumber }}\"","other":"{{ n }} coincidencias para \"{{ matchNumber }}\""}},"scCallBarring":"Bloqueo chamadas","scCallForwarding":"Desvío chamadas","scClip":"Presentación do número entrante","scClir":"Presentación do número saínte","scPwd":"Cambio do contrasinal","scCallWaiting":"Chama en espera","scPin":"Cambio de PIN","scPin2":"Cambio de PIN2","scPuk":"Desbloquear PIN","scPuk2":"Desbloquear PIN2","scImei":"IMEI","scUssd":"USSD","serviceClassVoice":"Voz","serviceClassData":"Datos","serviceClassFax":"FAX","serviceClassSms":"SMS","serviceClassDataSync":"Síncrono","serviceClassDataAsync":"Asíncrono","serviceClassPacket":"Paquete","serviceClassPad":"PAD","smServiceEnabled":"Activouse o servizo para:","smServiceDisabled":"Desactivouse o servizo","smServiceRegistered":"O rexistro realizouse correctamente","smServiceErased":"O borrado realizouse correctamente","smServiceInterrogated":"A solicitude realizouse correctamente","smServiceNotProvisioned":"Servizo non provisto","smClirPermanent":"Non é posíbel cambiar a configuración da presentación do número","smClirDefaultOnNextCallOn":"Presentación do número desactivada de forma predeterminada. Próxima chamada: restrinxida","smClirDefaultOnNextCallOff":"Presentación do número desactivada de forma predeterminada. Próxima chamada: non restrinxida","smClirDefaultOffNextCallOn":"Presentación do número activada de forma predeterminada. Próxima chamada: restrinxida","smClirDefaultOffNextCallOff":"Presentación do número activada de forma predeterminada. Próxima chamada: non restrinxida","smServiceEnabledFor":"Activouse o servizo para:","smPinChanged":"PIN cambiado correctamente","smPinUnblocked":"PIN desbloqueado correctamente","smPin2Changed":"PIN2 cambiado correctamente","smPin2Unblocked":"PIN2 desbloqueado correctamente","emMmiError":"Problema de conexión ou código MMI incorrecto","emMmiErrorPasswordIncorrect":"Contrasinal incorrecto","emMmiErrorNotSupported":"Código MMI non admitido ou incorrecto","emMmiErrorInvalidAction":"Acción incorrecta","emMmiErrorInvalidScCode":"Código de servizo incorrecto","emMmiErrorBadPuk":"O PUK que escribiu é incorrecto","emMmiErrorBadPin":"O antigo PIN que escribiu é incorrecto.","emMmiErrorNeedPuk2":"Escriba o PUK2 para desbloquear a tarxeta SIM","emMmiErrorMismatchPin":"Os PIN que escribiu non coinciden","emMmiErrorInvalidPin":"Escriba un PIN que teña entre 4 e 8 números","emMmiErrorNeedsPuk":"A tarxeta SIM está bloqueada por código PUK","emMmiErrorEnablePin":"Non é correcto. Active o SIM/RUIM LOCK","emMmiErrorMmiFdn":"A operación está restrinxida a unha lista de números autorizados (FDN)","emMmiErrorStkCcUssdDial":"Modificouse a solicitude USSD a DIAL","emMmiErrorStkCcUssdSs":"Modificouse a solicitude USSD a SS","emMmiErrorStkCcUssdUssd":"Modificouse a solicitude USSD a unha nova USSD","emMmiErrorStkCcSsDial":"Modificouse a solicitude SS a DIAL","emMmiErrorStkCcSsUssd":"Modificouse a solicitude SS a USSD","emMmiErrorStkCcSsSs":"Modificouse a solicitude SS a unha nova SS","emMmiErrorPinPukAttempts":{"_index":["plural","n"],"_":{"one":"Queda {{ n }} intento","two":"Quedan {{ n }} intentos","few":"Quedan {{ n }} intentos","many":"Quedan {{ n }} intentos","other":"Quedan {{ n }} intentos"}},"emMmiErrorSimBlocked":"Excedeuse o número máximo de intentos. Bloqueouse a SIM","RadioNotAvailable":"Radio non dispoñíbel","GenericFailure":"Fallo xenérico","PasswordIncorrect":"Contrasinal incorrecto","SimPin2":"PIN2 da SIM","SimPuk2":"PUK2 da SIM","RequestNotSupported":"Solicitude incompatíbel","OpNotAllowedDuringVoiceCall":"Non se permite a operación durante unha chamada","SmsSendFailRetry":"Fallou o envío do SMS, tente de novo","SimAbsent":"SIM ausente","SubscriptionNotAvailable":"Subscrición non dispoñíbel","ModeNotSupported":"Modo incompatíbel","FdnCheckFailure":"Fallo de comprobación de FDN","IllegalSimOrMe":"SIM ou ME inaceptábel","DialModifiedToUssd":"Modificouse a DIAL a USSD","DialModifiedToSs":"Modificouse a DIAL a SS","DialModifiedToDial":"Modificouse a DIAL a DIAL","UssdModifiedToDial":"Modificouse a USSD a DIAL","UssdModifiedToSs":"Modificouse a USSD a SS","UssdModifiedToUssd":"Modificouse a USSD a USSD","SsModifiedToDial":"Modificouse a SS a DIAL","SsModifiedToUssd":"Modificouse a SS a USSD","SsModifiedToSs":"Modificouse a SS a SS","SubscriptionNotSupported":"Subscrición non compatíbel","InvalidParameter":"Parámetro incorrecto","RejectedByRemote":"Rexeitada polo remoto","group-call":{"_index":["plural","n"],"_":{"one":"Chamada grupo ({{ n }})","two":"Chamada grupo ({{ n }})","few":"Chamada grupo ({{ n }})","many":"Chamada grupo ({{ n }})","other":"Chamada grupo ({{ n }})"}},"caller-left-call":"{{ caller }} abandonou a chamada.","conferenceAddError":"Imposíbel combinar as chamadas","conferenceRemoveError":"Imposíbel separar as chamadas","longDateFormat":"%A, %e de %B","select-audio-sources":"Seleccionar as fontes de son","bluetooth-handsfree-device":"Dispositivo Bluetooth mans libres","receiver":"Receptor","speaker":"Altofalante","add":"Engadir","done":"Feito","retry":"Tentar de novo","addContact":"Engadir conta","deleteContact":"Eliminar contacto","selectContact":"Seleccionar contacto","editContact":"Editar contacto","deleteConfirmMsg":"Desexa eliminar o contacto?","remove":"Retirar","comments":"Comentarios","no_contact_phones":"Este contacto non ten número de teléfono","no_contact_email":"Este contacto non ten enderezo de correo","removePhotoConfirm":"Desexa retirar a foto do contacto?","loadingContacts":"Cargando contactos…","noContactsActivity":"Non foi posíbel engadir o contacto porque a lista de contactos está baleira","noName":"Sen nome","givenName":{"placeholder":"Nome"},"familyName":{"placeholder":"Apelidos"},"tel":{"placeholder":"Teléfono"},"carrier":{"_":"Operadora","placeholder":"Operadora"},"separator":",","email":{"_":"Correo","placeholder":"Correo"},"streetAddress":{"placeholder":"Rúa"},"postalCode":{"placeholder":"Código postal"},"locality":{"placeholder":"Cidade"},"countryName":{"placeholder":"País"},"comment":{"placeholder":"Comentario"},"org":{"placeholder":"Empresa"},"custom":"Personalizar etiqueta","date":{"_":"Data","placeholder":"Data"},"date-span-placeholder":"Date","birthday":"Aniversario","dateFormat":"%e de %B","dateOutput":"{{dayMonthFormatted}} {{year}}","anniversary":"Aniversario","addPhoto":"Engadir foto","addPhone":"Engadir teléfono","addEmail":"Engadir correo","addAddress":"Engadir enderezo","addDate":"Engadir data","addComment":"Engadir comentario","addFavorite":"Engadir como favorito","removeFavorite":"Retirar como favorito","label":"Etiqueta","home":"Casa","work":"Traballo","personal":"Persoal","faxHome":"Fax casa","faxOffice":"Fax oficina","faxOther":"Outro fax","another":"Outro","other":"Outros","current":"Actual","itemWithLabel":"{{label}}, {{item}}","exit":"Saír","expand":"Expandir","labelName":"Nome:","labelLastName":"Apelidos:","labelPhoneNumber":"Número de teléfono:","labelCarrier":"Operadora:","labelEmail":"Correo:","labelStreet":"Rúa:","labelZip":"Código postal:","labelCity":"Cidade:","labelCountry":"País:","labelComment":"Comentario:","legendTitleMain":"Información principal","legendPhones":"Números de teléfono","legendEmail":"Enderezo de correo","legendAddress":"Enderezo","transferContactsTitle":"Transferir contactos","importContactsTitle":"Importar contactos","importContactsButton":"Importar contactos","exportContactsTitle":"Exportar contactos","exportContactsButton":"Exportar contactos","exportContactsAction":"Exportar","simExport-title":"Exportar á SIM","sdExport-title":"Exportar á tarxeta SD","btExport-title":"Exportar por Bluetooth","sdUMSEnabled":"Non é posíbel usar a tarxeta SD porque o USB está activado","exportErrorTitle":"Erro de exportación","contactsExported2":{"_index":["plural","exported"],"_":{"zero":"Non se exportaron contactos","one":"{{exported}}/{{total}} contactos exportados","two":"{{exported}}/{{total}} contactos exportados","few":"{{exported}}/{{total}} contactos exportados","many":"{{exported}}/{{total}} contactos exportados","other":"{{exported}}/{{total}} contactos exportados"}},"exportError-general":"Produciuse algún erro durante a exportación","exportError-SD-shared":"Non é posíbel acceder á memoria porque está compartida","exportError-SD-unavailable":"A tarxeta de memoria non está dispoñíbel","exportError-SD-noSpace":"Non hai suficiente espazo na tarxeta de memoria para exportar os contactos","exportError-SIM-unavailable":"A tarxeta SIM non está dispoñíbel","exportError-BT-shared":"Non é posíbel acceder á memoria porque está compartida","exportError-BT-unavailable":"A tarxeta de memoria non está dispoñíbel","exportError-BT-noSpace":"Non hai suficiente espazo na tarxeta de memoria para exportar os contactos","simContacts-import":"Importar contactos da SIM","simContacts-importing":"Importando contactos da SIM…","simContacts-reading":"Lendo contactos da tarxeta SIM…","simContacts-error":"Non foi posíbel importar os contactos da SIM","simContacts-imported3":{"_index":["plural","n"],"_":{"zero":"Non se detectaron contactos na SIM para importar","one":"Importouse un contacto","two":"Importáronse {{n}} contactos","few":"Importáronse {{n}} contactos","many":"Importáronse {{n}} contactos","other":"Importáronse {{n}} contactos"}},"noSimMsgExport":"Para exportar os contactos, insira ou desbloquee a súa tarxeta SIM","simNumber":"SIM {{number}}","memoryCardContacts-import":"Importar contactos da tarxeta de memoria","memoryCardContacts-importing":"Importando contactos da tarxeta de memoria","memoryCardContacts-reading":"Lendo contactos da tarxeta de memoria…","memoryCardContacts-error":"Non foi posíbel importar os contactos da tarxeta de memoria","memoryCardContacts-imported3":{"_index":["plural","n"],"_":{"zero":"Non se detectaron contactos na tarxeta de memoria para importar","one":"Importouse un contacto","two":"Importáronse {{n}} contactos","few":"Importáronse {{n}} contactos","many":"Importáronse {{n}} contactos","other":"Importáronse {{n}} contactos"}},"noMemoryCardMsgExport":"Para exportar contactos insira unha tarxeta de memoria","genericProgress":"{{current}}/{{total}}","social-network":"Redes sociais","social-link":"Ligar contacto","social-unlink":"Desligar contacto","social-unlink-confirm-title":"Quere desligar ao seu amigo?","social-unlink-confirm-accept":"Desligar","facebook-import":"Importar amigos do Facebook","show-fb-profile":"Ver perfil do Facebook","msg-send":"Mensaxe","wall-post":"Estado","facebook-import-msg":{"_index":["plural","imported"],"_":{"zero":"Ningún amigo importado (de {{total}})","one":"Importouse un amigo (de {{total}})","two":"{{imported}}/{{total}} amigos importados","few":"{{imported}}/{{total}} amigos importados","many":"{{imported}}/{{total}} amigos importados","other":"{{imported}}/{{total}} amigos importados"}},"facebookSwitchMsg":"Sincronizar amigos","select_mobile":"Seleccionar móbil","select_email":"Seleccionar correo","contactsOrderBy":"Ordenar polos apelidos","bluetooth":"Bluetooth","fbUpdateFriends":"Actualizar os amigos importados","cleaningFbData":"Retirando os datos do Facebook","loggingOutFb":"Saíndo do Facebook","cleanFbConfirmMsg":"Desexa retirar todos os datos do Facebook?","renewPwdMsg":"Cambiou o seu contrasinal en Facebook. Actualíceo.","notEnabledYet":"Aínda sen activar","genericNoConnection":"Para importar contactos, conéctese a unha rede Wi-Fi ou a unha rede de datos","simCard":"Tarxeta SIM","memoryCard":"Tarxeta de memoria","create-new":"Crear unha nova conta","import-now":"Importar contactos da tarxeta SIM ou Facebook","no-contacts":"Sen contactos","start-adding":"Comece a engadilos agora","notImported":"Sen importar","imported":"Importados","organise-contacts":"Organizar os contactos","find-merge-contacts":"Atopar contactos duplicados","preparing-contacts":"Preparando os contactos","exportError-SIM-NoFreeRecordFound":"A tarxeta SIM está completa","exportError-SIM-CannotAccessPhoneBook":"Non é posíbel acceder á axenda da tarxeta SIM","exportError-SIM-Unavailable":"Non se detectou a SIM","exportError-SIM-GenericError":"Produciuse un erro ao exportar un contacto","ContactManagementTitle":"Contacts Management","DeleteTitle":"Delete","bulkDeleteButton":"Delete Contacts","BulkDelCancel":"Contacts delete cancelled","DeletedTxt":{"_index":["plural","n"],"_":{"zero":"No Contact to Delete","one":"1 Contact removed","two":"{{n}} Contacts removed","few":"{{n}} Contacts removed","many":"{{n}} Contacts removed","other":"{{n}} Contacts removed"}},"DeletingContacts":"Deleting contacts","ContactConfirmDel":{"_index":["plural","n"],"_":{"zero":"No Contact to Delete","one":"Delete 1 Contact? This cannot be undone.","two":"Delete {{n}} Contacts? This cannot be undone.","few":"Delete {{n}} Contacts? This cannot be undone.","many":"Delete {{n}} Contacts? This cannot be undone.","other":"Delete {{n}} Contacts? This cannot be undone."}},"SelectedTxt":{"_index":["plural","n"],"_":{"zero":"Contacts","one":"{{n}} selected","two":"{{n}} selected","few":"{{n}} selected","many":"{{n}} selected","other":"{{n}} selected"}},"sim-picker-dial-via-with-number":"Marcar {{ phoneNumber }} con","sim-picker-select-sim":"Seleccionar SIM","sim-picker-button":"SIM{{ n }}","sim-picker-button-default":"(predeterminado)","waitDuplicateContacts":"Buscando contactos duplicados","waitMergingDuplicateContacts":"Combinando contactos duplicados","alertNoDuplicateContacts":"Non se atoparon contactos duplicados","mergeDuplicateTitle":"Combinar duplicados","suggestedDuplicateContacts":"Contactos duplicados suxeridos para {{name}}","mergeActionButtonLabel":{"_index":["plural","n"],"_":{"zero":"Ningún contacto seleccionado","one":"Combinar con {{n}} contacto","other":"Combinar con {{n}} contactos"}},"duplicatesFoundTitle":"Atopáronse duplicados","duplicatesFoundMessage":"{{name}} duplica información nos seguintes contactos"}