{"brandShortName":"B2G OS","browserBrandShortName":"Web preglednik","browserBrandFullName":"Mozilla web preglednik","back":"Natrag","noSimMsg":"Da biste uvezli kontakte, umetnite ili otključajte svoju SIM karticu","noMemoryCardMsg":"Da biste uvezli kontakte umetnite memorijsku karticu","importMemoryCard":"Memorijska kartica","noConnection11":"Da biste uvezli Facebook prijatelje ili kontakte, povežite se na Wi-Fi ili podatkovnu mrežu","pincode2":"Upišite PIN","type_pin":"Upište svoj PIN","pincodeLabel":"SIM {{n}} PIN","pinValidation":"PIN mora imati 4-8 znamenki.","pinError":"PIN nije bio ispravan.","pinAttemptMsg2":{"_index":["plural","n"],"_":{"one":"Posljednji pokušaj.","two":"Preostala su {{n}} pokušaja za unos ispravnog PIN-a prije zaključavanja SIM kartice.","few":"{{n}} preostalih pokušaja.","many":"{{n}} preostalih pokušaja.","other":"{{n}} preostalih pokušaja."}},"pinLastChanceMsg":"Ovo je posljednja prilika za unos ispravnog PIN-a, u suprotnome ćete trebati upisati PUK kôd ove SIM kartice.","pukcode":"Upišite PUK kôd","pukcodeTitle":"Unesite SIM {{n}} PUK","pukcodeLabel":"SIM {{n}} PUK","type_puk":"PUK kôd","pukValidation":"PUK kôd mora imati točno 8 znakova.","pukInfo":"Morate upisati osobni ključ za otključavanje (PUK kôd) za SIM karticu. Za detalje se konzultirajte s dokumentacijom SIM kartice ili kontaktirajte pružatelja usluge.","pukError":"Morate upisati PUK (Personal Unlocking Key) ove SIM kartice. Konzultirajte se s dokumentacijom SIM kartice ili kontaktirajte pružatelja usluge za pomoć.","pukAttemptMsg2":{"_index":["plural","n"],"_":{"one":"Imate još jedan pokušaj za unos ispravnog kôda prije nego što SIM kartica postane trajno neupotrebljiva. Za detalje se konzultirajte s dokumentacijom SIM kartice ili kontaktirajte pružatelja usluge.","two":"Imate još {{n}} pokušaja za unos ispravnog kôda prije nego što SIM kartica postane trajno neupotrebljiva. Za detalje se konzultirajte s dokumentacijom SIM kartice ili kontaktirajte pružatelja usluge.","few":"Imate još {{n}} pokušaja za unos ispravnog kôda prije nego što SIM kartica postane trajno neupotrebljiva. Za detalje se konzultirajte s dokumentacijom SIM kartice ili kontaktirajte pružatelja usluge.","many":"Imate još {{n}} pokušaja za unos ispravnog kôda prije nego što SIM kartica postane trajno neupotrebljiva. Za detalje se konzultirajte s dokumentacijom SIM kartice ili kontaktirajte pružatelja usluge.","other":"Imate još {{n}} pokušaja za unos ispravnog kôda prije nego što SIM kartica postane trajno neupotrebljiva. Za detalje se konzultirajte s dokumentacijom SIM kartice ili kontaktirajte pružatelja usluge."}},"pukLastChanceMsg":"Ovo je posljednja prilika za unos ispravnog PUK kôda. Ako upišete netočan kôd, vaša će SIM kartica postati trajno neupotrebljiva.","create_newpin":"Stvori novi PIN (4-8 znamenki)","confirm_newpin":"Potvrdite novi PIN","newpinConfirmation":"PIN-ovi se ne podudaraju","nckcode":"Unesite NCK kôd","cckcode":"Unesite CCK kôd","spckcode":"Unesite SPCK kôd","nck1code":"Enter NCK1 code","nck2code":"Enter NCK2 code","hnckcode":"Enter HNCK code","rcckcode":"Enter RCCK code","rspckcode":"Enter RSPCK code","nckcodeTitle":"Unesite SIM {{n}} NCK","cckcodeTitle":"Unesite SIM {{n}} CCK","spckcodeTitle":"Unesite SIM {{n}} SPCK","nck1codeTitle":"Enter SIM {{n}} NCK1","nck2codeTitle":"Enter SIM {{n}} NCK2","hnckcodeTitle":"Enter SIM {{n}} HNCK","rcckcodeTitle":"Enter SIM {{n}} RCCK","rspckcodeTitle":"Enter SIM {{n}} RSPCK","nckcodeLabel":"SIM {{n}} NCK","cckcodeLabel":"SIM {{n}} CCK","spckcodeLabel":"SIM {{n}} SPCK","nck1codeLabel":"SIM {{n}} NCK1","nck2codeLabel":"SIM {{n}} NCK2","hnckcodeLabel":"SIM {{n}} HNCK","rcckcodeLabel":"SIM {{n}} RCCK","rspckcodeLabel":"SIM {{n}} RSPCK","type_nck":"Upišite svoj NCK kôd","type_cck":"Upišite svoj CCK kôd","type_spck":"Upišite svoj SPCK kôd","type_nck1":"Type your NCK1 code","type_nck2":"Type your NCK2 code","type_hnck":"Type your HNCK code","type_rcck":"Type your RCCK code","type_rspck":"Type your RSPCK code","nckValidation":"NCK kôd mora imati između 8 i 16 znakova.","cckValidation":"CCK kôd mora imati između 8 i 16 znakova.","spckValidation":"SPCK kôd mora imati između 8 i 16 znakova.","nck1Validation":"NCK1 must have between 8 and 16 characters.","nck2Validation":"NCK2 must have between 8 and 16 characters.","hnckValidation":"HNCK must have between 8 and 16 characters.","rcckValidation":"RCCK must have between 8 and 16 characters.","rspckValidation":"RSPCK must have between 8 and 16 characters.","nckErrorMsg":"NCK kôd je netočan.","nckAttemptMsg2":{"_index":["plural","n"],"_":{"one":"Zahtjev za otključavanje vašeg uređaja je bio neuspješan. Preostao vam je jedan pokušaj za unos ispravnog kôda. Proučite dokumentaciju koja je došla s Vašim uređajem te konaktirajte Vašeg pružatelja usluga za više informacija.","two":"Zahtjev za otključavanje vašeg uređaja je bio neuspješan. Preostao vam je {{n}} pokušaja za unos ispravnog kôda. Proučite dokumentaciju koja je došla s Vašim uređajem te konaktirajte Vašeg pružatelja usluga za više informacija.","few":"Zahtjev za otključavanje vašeg uređaja je bio neuspješan. Preostao vam je {{n}} pokušaja za unos ispravnog kôda. Proučite dokumentaciju koja je došla s Vašim uređajem te konaktirajte Vašeg pružatelja usluga za više informacija.","many":"Zahtjev za otključavanje vašeg uređaja je bio neuspješan. Preostao vam je {{n}} pokušaja za unos ispravnog kôda. Proučite dokumentaciju koja je došla s Vašim uređajem te konaktirajte Vašeg pružatelja usluga za više informacija.","other":"Zahtjev za otključavanje vašeg uređaja je bio neuspješan. Preostao vam je {{n}} pokušaja za unos ispravnog kôda. Proučite dokumentaciju koja je došla s Vašim uređajem te konaktirajte Vašeg pružatelja usluga za više informacija."}},"nckLastChanceMsg":"Zahtjev za otključavanje vašeg uređaja je bio neuspješan. Ovo je posljednji pokušaj za unos ispravnog kôda. Proučite dokumentaciju koja je došla s Vašim uređajem te konaktirajte Vašeg pružatelja usluga za više informacija.","skip":"Preskoči","send":"Pošalji","ok":"U redu","simLocked":"SIM kartica je zaključana","inputCodeRetriesLeft":{"_index":["plural","n"],"_":{"two":"preostala {{n}} pokušaja.","few":"preostalo {{n}} pokušaja.","many":"preostalo {{n}} pokušaja.","other":"preostalo {{n}} pokušaja."}},"simManager":"SIM upravitelj","simDetail":"SIM {{n}}","simDefault":"(uobičajena postavka)","simDefaultMessage":"Outgoing calls, outgoing messages and data connection are set to SIM 1 as default","simSettingsMessage":"You can change default settings at Settings > SIM manager","simPinLocked":"SIM PIN zaključan","noOperator":"Nema operatera","language":"Jezik","english":"Engleski","dvorak":"Enggleski (Dvorak)","spanish":"Španjolski","portuguese":"Brazilski portugalski","french":"Francuski","italian":"Talijanski","arabic":"Arapski","greek":"Grčki","hebrew":"Hebrejski","jp-kanji":"Japanski","jp-kanji-desc":"Kanji","traditionalChinese":"Tradicionalno kinesko pismo","traditionalChinese-desc":"Zhuyin","simplifiedChinese":"Pojednostavljeno kinesko pismo","simplifiedChinese-desc":"Pinyin","3g":"Podatkovna veza","dataConnection":"Omogući pod. vezu","dataConnectionInfo":"Omogućavanje podatkovne veze će vam dopustiti podešavanje uređaja bez Wi-Fi veze. Aktivaciju možete obaviti kasnije u postavkama. Da biste izbjegli neželjene troškove, provjerite da vam je pružatelj usluge omogućio podatkovnu tarifu.","caution":"Upozorenje","geolocation":"Geolokacija","geolocationCheckbox":"Omogući geolociranje","geolocationInfo2":"{{brandShortName}} koristi podatke iz izvora kao što su GPS, WiFi te mobilne mreže u vašoj blizini kako bi uspješno odredi Vašu približnu lokaciju.","geolocationInfoMore":"Podaci se šalju Mozilli, te drugim pružateljima usluga i bit će korišteni uz druge prikupljene podatke za poboljšanje geolokacijskih baza podataka. Podaci mogu biti pohranjeni na vaš uređaj, prikupljanje podataka se može dogoditi i kada aplikacije ne rade.","notice":"Obavijest","aboutYourPrivacy":"Više o Vašoj privatnosti","wifi":"Wi-Fi","scanningNetworks":"Tražim mreže","selectNetwork":"Odaberite mrežu","shortStatus-connecting":"Povezivanje…","shortStatus-associated":"Prikupljanje IP adrese…","shortStatus-connected":"Povezano","shortStatus-connectingfailed":"Povezivanje nije uspjelo","shortStatus-disconnected":"Izvamrežno","securedBy":"osigurano sa {{capabilities}}","security":"Sigurnost","securityNone":"Ništa","securityWEP":"WEP","securityWPA-PSK":"WPA-PSK","securityWPA-EAP":"WPA-EAP","securityOpen":"Otvoreno","identity":"Korisnik","identityInput":{"placeholder":"Korisnik"},"password":"Lozinka","passwordInput":{"placeholder":"Lozinka"},"showPassword":"Prikaži lozinku","refresh":"Osvježi","noWifiFound3":"Nema pronađenih bežičnih mreža","join-hidden-button":"Skrivena mreža","authentication":"Authentication","ssid-name":"SSID naziv mreže","dateAndTime":"Datum i vrijeme","setTimeAutomatically":"Postavi automatski","timezoneMessage":"Vremenska zona","timezoneTitle":"UTC{{utcOffset}} {{region}}/{{city}}","dateMessage":"Datum","timeMessage":"Vrijeme","timeZone":"Vremenska zona","change":"Promijeni","importContacts3":"Uvezite kontakte","importSim2":"SIM kartica","importFb2":"Facebooka","importOutlook":"Outlook","importGmail":"Gmail","fb-checking":"… provjera","notImportedYet":"Još nisu uvezeni","otherAccount":"Ostali računi","mobile":"Mobitel","afterFbImport":"U postavkama kontakata možete u bilo kojem trenutku uvesti i uređivati svoje Facebook prijatelje","firefox-accounts":"Firefox Accounts","fxa-overview":{"innerHTML":"A Firefox Account lets you use features like Find My Device and apps like the Firefox Marketplace."},"fxa-create-account-or-sign-in":"Create Account or Sign In","fxa-email-sent":"A verification link has been sent to {{email}}","about-your-rights-0":"{{brandShortName}} je izradila globalna zajednica na temelju slobodnog softvera otvorenog kôda. Postoji nekoliko stvari koje trebate znati:","about-your-rights-1":"{{brandShortName}} je dostupan pod uvjetima nekoliko licenci otvorenog kôda uključujući Mozillinu javnu licencu. Uređaj koji pokreće {{brandShortName}} može sadržavati vlasnički softver od trećih strana. Bilo koji dio kôda objavljen pod licencom otvorenog kôda daje vam pravo modifikacije izvornog kôda i daljnju distribuciju izmijenjenih verzija sve dok se pridržavate njihovih uvjeta.","about-your-rights-2":"Nisu vam odobrena bilo kakva prava ili licence koje se odnose na zaštitni znak Mozilla fundacije ili trećih strana, uključujući {{brandShortName}} naziv ili logotip.","about-your-rights-3":"Neke mogućnosti u {{brandShortName}}, poput Crash Reportera, nude vam mogućnost slanja povratnih informacija Mozilli. Odabirom slanja povratnih informacija, Mozilli dajete dopuštenje za korištenje povratnih informacija za unaprijeđenje njezinih proizvoda, objavu povratnih informacija na njezinim web stranicama i distribuciju povratnih informacija.","about-other":"Other","SIM_mandatory":"Upozorenje SIM kartice","SIM_mandatory_warm":"Molim umetnice SIM karticu i ponovno uključite svoj telefon.","sharing-performance-data":"Dijeljenje podataka o performansama","telemetry-sends":"Telemetry šalje Mozilli informacije o performansama, hardveru, konfiguraciji i vašim prilagodbama na {{brandShortName}} uređaji. Ove informacije koristimo da bismo unaprijedili naše proizvode, učinili ih bržima, boljima i responsivnijima.","learn-more-telemetry":{"innerHTML":"Learn more at {{link}}"},"learn-more-information":{"innerHTML":"Learn how Mozilla handles your information at {{link}}"},"welcomeBrowser":"Dobrodošli u {{brandShortName}}, Mozillin slobodan operativni sustav otvorenog kôda. Naša misija je promicanje otvorenost, inovacija i prilika na način da snagu Weba postavimo u vaše ruke.","learn-more-privacy":{"innerHTML":"Learn how Mozilla handles your information in our {{link}}."},"learn-more-privacy-link":"privacy policy","aboutBrowser":"O {{brandShortName}}","aboutYourPrivacy2":"Vaša privatnost","mozillaCommunity2":"Kada koristite {{brandShortName}}, postajete dijelom globalne zajednice koja pomaže stvoriti bolju budućnost za Web. Ako želite saznati više o Mozillinoj zajednici, našim ostalim proizvodima i događajima u vašoj blizini, molim upišite svoju adresu e-pošte.","collaborate":"Želim pomoći unaprijediti {{brandShortName}} dijeljenjem podataka o mojem uređaju.","learnMore":"Saznajte više.","emailAddress":{"placeholder":"Adresa e-pošte"},"email-successfully-added":"E-pošta uspješno dodana","email-loading":"Spremanje vaše e-pošte…","browserPrivacyChoices":"{{brandShortName}} opcije privatnosti","privacy-b2g":{"_":"{{brandShortName}}","title":"{{brandShortName}}"},"privacy-marketplace":{"_":"Trgovina","title":"{{privacy-marketplace}}"},"privacy-e-me":{"_":"everything.me","title":"{{privacy-e-me}}"},"navbar-back":"Natrag","navbar-next":"Naprijed","navbar-join":"Pridruži se","thatsIt":"That’s it!","startYourPhone":"Započnite obilazak vašeg telefona!","startYourTablet":"Započnite obilazak vašeg tableta!","joinTutorial":"Pridružite nam se u brzoj vodiču o vašem novom telefonu.","enjoyYourPhone":"You’re ready to enjoy your new phone.","optionsAvailable":"U postavkama možete promijeniti jezik, datum/vrijeme i Wi-Fi postavke.","letsGo":"Let’s go","startTour":"Započni obilazak","thatsIt1Tablet-2":"You can always swipe from the bottom edge to enter home screen.","thatsIt2Tablet-2":"Let’s do it!","tutorial-step1-tiny":"Kliznite od desna na lijevo da biste pretražili vaše aplikacije.","tutorial-step2-tiny":"Pritisnite i držite ikonu da biste je obrisali ili pomaknuli.","tutorial-step3-tiny":"Unesite bilo koju riječ ili pojam i vaš telefon će se instantno prilagoditi.","tutorial-step4-tiny":"Kliznite prema dolje da biste pristupili obavijestima i postavkama.","tutorial-step5-tiny":"Kliknite i zadržite home gumb da biste pretražili i zatvorili trenutne aplikacije","tutorial-step6-tiny":"Swipe from the side of the screen to move back and forth between recent apps.","tutorial-step1-large-2":"Kliznite od vrha prema dolje da biste pristupili obavijestima, informacijama i postavkama","tutorial-step2-large-2":"Swipe left or right to discover new apps on home screen.","tutorial-step3-large-2":"Tap and hold on an icon to delete or move it.","tutorial-step4-large-2":"Two fingers swipe up from the bottom edge to trigger card view.","offline-dialog-title":"Da biste vidjeli stranicu, morate biti povezani na Internet.","offline-dialog-text":"Molim vratite se natrag i povežite se na Internet. Stranicu možete također vidjeti kasnije iz postavki ili upisivanjem adrese {{url}} u bilo koji preglednik.","OK":"U redu","offline-newsletter-dialog-title":"Da biste se mogli pretplatiti na newsletter, trebate biti povezani na Internet.","offline-newsletter-dialog-text":"Molim vratite se natrag i povežite se na Internet.","invalid-email-dialog-title":"Adresa vaše e-pošte nije ispravna","invalid-email-dialog-text":"Molim vratite se i ispravite svoj unos.","cancel":"Otkaži","weekday-0-long":"Nedjelja","weekday-1-long":"Ponedjeljak","weekday-2-long":"Utorak","weekday-3-long":"Srijeda","weekday-4-long":"Četvrtak","weekday-5-long":"Petak","weekday-6-long":"Subota","weekday-0-short":"Ned","weekday-1-short":"Pon","weekday-2-short":"Uto","weekday-3-short":"Sri","weekday-4-short":"Čet","weekday-5-short":"Pet","weekday-6-short":"Sub","month-0-long":"Siječanj","month-1-long":"Veljača","month-2-long":"Ožujak","month-3-long":"Travanj","month-4-long":"Svibanj","month-5-long":"Lipanj","month-6-long":"Srpanj","month-7-long":"Kolovoz","month-8-long":"Rujan","month-9-long":"Listopad","month-10-long":"Studeni","month-11-long":"Prosinac","month-0-genitive":"Siječnja","month-1-genitive":"Veljače","month-2-genitive":"Ožujka","month-3-genitive":"Travnja","month-4-genitive":"Svibnja","month-5-genitive":"Lipnja","month-6-genitive":"Srpnja","month-7-genitive":"Kolovoza","month-8-genitive":"Rujna","month-9-genitive":"Listopada","month-10-genitive":"Studenoga","month-11-genitive":"Prosinca","month-0-short":"Sij","month-1-short":"Velj","month-2-short":"Ožu","month-3-short":"Tra","month-4-short":"Svi","month-5-short":"Lip","month-6-short":"Srp","month-7-short":"Kol","month-8-short":"Ruj","month-9-short":"Lis","month-10-short":"Stu","month-11-short":"Pro","minutes-ago-long":{"_index":["plural","value"],"_":{"zero":"upravo","one":"prije minutu","two":"prije {{value}} minute","few":"prije {{value}} minutes","many":"prije {{value}} minuta","other":"prije {{value}} minuta"}},"hours-ago-long":{"_index":["plural","value"],"_":{"zero":"upravo","one":"prije sat vremena","two":"prije {{value}} sata","few":"prije {{value}} sati","many":"prije {{value}} sati","other":"prije {{value}} sati"}},"days-ago-long":{"_index":["plural","value"],"_":{"zero":"danas","one":"jučer","two":"prije {{value}} dana","few":"prije {{value}} dana","many":"prije {{value}} dana","other":"prije {{value}} dana"}},"weeks-ago-long":{"_index":["plural","value"],"_":{"zero":"ovaj tjedan","one":"prošli tjedan","two":"prije {{value}} tjedna","few":"prije {{value}} tjedana","many":"prije {{value}} tjedana","other":"prije {{value}} tjedana"}},"months-ago-long":{"_index":["plural","value"],"_":{"zero":"ovaj mjesec","one":"prošli mjesec","two":"prije {{value}} mjeseca","few":"prije {{value}} mjeseci","many":"prije {{value}} mjeseci","other":"prije {{value}} mjeseci"}},"years-ago-long":{"_index":["plural","value"],"_":{"zero":"ove godine","one":"prošle godine","two":"prije {{value}} godine","few":"prije {{value}} godina","many":"prije {{value}} godina","other":"prije {{value}} godina"}},"minutes-until-long":{"_index":["plural","value"],"_":{"zero":"upravo","one":"za minutu","two":"za {{value}} minute","few":"za {{value}} minuta","many":"za {{value}} minuta","other":"za {{value}} minuta"}},"hours-until-long":{"_index":["plural","value"],"_":{"zero":"upravo","one":"za sat vremena","two":"za {{value}} sata","few":"za {{value}} sati","many":"za {{value}} sati","other":"za {{value}} sati"}},"days-until-long":{"_index":["plural","value"],"_":{"zero":"danas","one":"sutra","two":"za {{value}} dana","few":"za {{value}} dana","many":"za {{value}} dana","other":"za {{value}} dana"}},"weeks-until-long":{"_index":["plural","value"],"_":{"zero":"ovaj tjedan","one":"idući tjedan","two":"za {{value}} tjedna","few":"za {{value}} tjedana","many":"za {{value}} tjedana","other":"za {{value}} tjedana"}},"months-until-long":{"_index":["plural","value"],"_":{"zero":"ovaj mjesec","one":"idući mjesec","two":"za {{value}} mjeseca","few":"za {{value}} mjeseci","many":"za {{value}} mjeseci","other":"za {{value}} mjeseci"}},"years-until-long":{"_index":["plural","value"],"_":{"zero":"ove godine","one":"iduće godine","two":"za {{value}} godine","few":"za {{value}} godina","many":"za {{value}} godina","other":"za {{value}} godina"}},"minutes-ago-short":{"_index":["plural","value"],"_":{"zero":"upravo","other":"prije {{value}}m"}},"hours-ago-short":{"_index":["plural","value"],"_":{"zero":"upravo","other":"prije {{value}}s"}},"days-ago-short":{"_index":["plural","value"],"_":{"zero":"danas","other":"prije {{value}}d"}},"minutes-until-short":{"_index":["plural","value"],"_":{"zero":"sada","other":"za {{value}}m"}},"hours-until-short":{"_index":["plural","value"],"_":{"zero":"sada","other":"za {{value}}s"}},"days-until-short":{"_index":["plural","value"],"_":{"zero":"danas","other":"za {{value}}d"}},"incorrectDate":"(netočan datum)","dateTimeFormat_%c":"%a %e %b %Y %H:%M:%S","dateTimeFormat_%x":"%d.%m.%Y","dateTimeFormat_%X":"%H:%M:%S","shortTimeFormat":"%H:%M","shortDateTimeFormat":"%x %H:%M","weekStartsOnMonday":"1","time_am":"AM","time_pm":"PM","tz-region":"Regija","tz-city":"Grad","tzRegion-Africa":"Afrika","tzRegion-America":"Amerika","tzRegion-Antarctica":"Antarktika","tzRegion-Asia":"Azija","tzRegion-Atlantic":"Atlantski ocean","tzRegion-Australia":"Australija","tzRegion-Europe":"Europa","tzRegion-Indian":"Indijski ocean","tzRegion-Pacific":"Tihi ocean","close":"Close","import":"Import","update":"Update","fbFriends":"Facebook Friends","live-serviceName":"Outlook","gmail-serviceName":"Gmail","facebook-serviceName":"Facebook Friends","selectAll":"Select all","deselectAll":"Deselect all","viewAll":"View All Facebook Friends","viewRecommend":"View Only Recommended","linkProposal":{"_index":["plural","numFriends"],"_":{"zero":"No matching friends. Showing all","one":"Select the recommended one","two":"Select a recommended one","few":"Select a recommended one","many":"Select a recommended one","other":"Select a recommended one"}},"fbFriendsFound":{"_index":["plural","numFriends"],"_":{"zero":"All your friends are imported","one":"Found one friend to import","two":"Found {{numFriends}} friends to import","few":"Found {{numFriends}} friends to import","many":"Found {{numFriends}} friends to import","other":"Found {{numFriends}} friends to import"}},"facebook":"Facebook","search-contact":{"placeholder":"Search"},"noResults":"No contacts found","done-search":"Done","progressFB3ImportTitle":"Importing friends to Contacts","progressFB":"{{current}}/{{total}}","progressFB3UpdateTitle":"Updating friends in Contacts","message2":"This may take a couple of minutes","messageLinking":"Please hold on. We are linking your friend and your contact.","messageCanceling":"Please hold on. We are canceling the ongoing operation.","error1":"Error {{from}}","error2":"Do you want to retry?","errorProposal":"calculating proposals","errorFriends":"retrieving friends","errorLinking":"linking contact","timeout1":"Exceeded timeout {{from}}","timeout2":"Do you want to retry?","timeoutProposal":"calculating proposals","timeoutFriends":"retrieving friends","timeoutLinking":"linking contacts","wait1":"Please hold on","wait2":"This may take a couple of minutes","waitProposal":"Please hold on. We are calculating a proposal.","waitFriends":"Please hold on. We are connecting to obtain your friend list.","curtainCancel":"Cancel","curtainRetry":"Retry","curtainOK":"OK","connectionLost":"No Internet connection","connectionLostMsg":"Friends’ photos will not be added to your contacts. Continue anyway?","yesOption":"OK","noOption":"Cancel","friendsUpdated":{"_index":["plural","numFriends"],"_":{"zero":"No friends updated","one":"Updated one friend","two":"Updated {{numFriends}} friends","few":"Updated {{numFriends}} friends","many":"Updated {{numFriends}} friends","other":"Updated {{numFriends}} friends"}},"notificationLogin":"Your Facebook session is invalid. Please sign in.","syncError":"There was an error synchronizing your friend’s data","callAirplaneModeMessage":"Da biste uspostavili poziv, trebate isključiti zrakoplovni način rada.","callAirplaneModeBtnOk":"U redu","callAirplaneModeTitle":"Zrakoplovni način rada uključen","numberIsBusyTitle":"Broj je zauzet","numberIsBusyMessage":"Broj je trenutno zauzet. Molim pokušajte kasnije.","fdnIsActiveTitle":"FDN active","fdnIsActiveMessage":"FDN (Fixed Dialing Numbers) is activated and the following number is not in your FDN list: {{ number }}","voiceMail":"Glasovna pošta","emergencyNumber":"Broj za hitne slučajeve","emergencyDialogBodyBadNumber":"Da biste uspostavili poziv, uređaj mora biti spojen na mrežu.","emergencyDialogBodyDeviceNotAccepted":"Mreža ne dopušta hitne pozive.","emergencyDialogBtnOk":"U redu","emergencyDialogTitle":"Nema mrežne veze","invalidNumberToDialTitle":"Neispravan broj telefona","invalidNumberToDialMessage":"Broj telefona kojeg zovete nije ispravan.","unableToCallTitle":"Trenutno nije moguće uspostaviti poziv","unableToCallMessage":"Nije moguće uspostaviti poziv. Ako već birate broj, molim otkažite poziv.","otherConnectionInUseTitle":"Other connection in use","otherConnectionInUseMessage":"You have an active call on another connection. You can only use one connection at a time.","addNewNumber":"Add new number","addToExistingContact":"Dodaj postojećem kontaktu","all":"Svi","asterisk":{"ariaLabel":"Asterisk"},"callLog":"Pozivi","callLogEdit":{"title":"Edit call log"},"callLogEditDialog":{"ariaLabel":"Edit call log dialog"},"connecting":"Povezivanje","cf-async":"Asinkrono: {{ async }}\\n","cf-data":"Podaci: {{ data }}\\n","cf-error":"Došlo je do greške prilikom preuzimanja statusa proslijeđivanja poziva","cf-fax":"FAKS: {{ fax }}\\n","cf-inactive":"Neaktivno","cf-packet":"Paket: {{ packet }}\\n","cf-pad":"PAD: {{ pad }}\\n","cf-sms":"SMS: {{ sms }}\\n","cf-status":"Status proslijeđivanja poziva\\n","cf-sync":"Sinkrono: {{ sync }}\\n","cf-voice":"Glas: {{ voice }}\\n","confirm-deletion":"Obrisati odabrane pozive?","contacts":"Kontakti","createNewContact":"Stvori novi kontakt","delete":"Delete","dialerAddContact":{"ariaLabel":"Add contact"},"dialerAddContactDialog":{"ariaLabel":"Add Contact Dialog"},"edit-selected":{"_index":["plural","n"],"_":{"one":"{{ n }} odabran","two":"{{ n }} odabrana","few":"{{ n }} odabrano","many":"{{ n }} odabrano","other":"{{ n }} odabrano"}},"edit":"Uredo","hashSign":{"ariaLabel":"Hash sign"},"hideKeypad":{"ariaLabel":"Hide keypad"},"ignore":"Ignoriraj poziv","incoming":"Dolazni","keypad":{"ariaLabel":"Keypad"},"keypadDelete":{"ariaLabel":"Delete"},"makeCall":{"ariaLabel":"Make call"},"merge":"Spoji","missed":"Propušteni","missedCall":"Propušteni poziv","missedCallMultiSims":"(SIM {{ n }}) Missed call","mmi-error":"Došlo je do greške pri slanju poruke","mmi-session-expired":"Prijava istekla","mmi-successfully-sent":"Poruka uspješno poslana","mute":{"ariaLabel":"Mute"},"newCall":{"ariaLabel":"New call"},"no-logs-msg-1":"Nema zabilježenih poziva","no-logs-msg-2":"Započni komunicirati sada","no-logs-msg-3":"Nema propuštenih poziva","phoneNumberInput":{"ariaLabel":"Phone number"},"recents":{"ariaLabel":"Recent calls"},"reply":"Odgovori","switch-calls":"Zamijeni pozive","today":"Danas","voiceMailKey":{"ariaLabel":"Voicemail"},"withheld-number":"Skriveni broj","from-contact":"Od {{ contact }}","from-number":"Od {{ number }}","from-withheld-number":"Sa skrivenog broja","yesterday":"Jučer","sending":"Slanje…","speakerOption":{"ariaLabel":"Speaker"},"ussd-services":"{{ operator }} usluge","toggleKeypad":{"ariaLabel":"Toggle keypad"},"type-your-response":{"placeholder":"Upišite svoj odgovor…"},"clear-all-text":"Obriši sav tekst","hide":"Sakrij","call":"Zovi","hold":"Na čekanje","resume":"Nastavi","sendSms":"Pošalji poruku","callEnded":"Poziv završen","via-sim":"via SIM{{ n }}","sim-number":"SIM{{ n }}","hangup-a11y-button":{"aria-label":"Prekid poziva"},"pickup-a11y-button":{"aria-label":"Privaćanje poziva"},"unlock-a11y-button":{"aria-label":"Klizač"},"settings":"Postavke","delete-n-log?":{"_index":["plural","n"],"_":{"zero":"Ništa nije odabrano","one":"Obrisati odabrani zapis?","two":"Obrisati {{ n }} zapisa?","few":"Obrisati {{ n }} zapisa?","many":"Obrisati {{ n }} zapisa?","other":"Obrisati {{ n }} zapisa?"}},"callDurationMinutes":"{{ m }}:{{ s }}","callDurationHours":"{{ h }}:{{ m }}:{{ s}}","suggestionMatches":{"_index":["plural","n"],"_":{"one":"{{ n }} podudaranje za \"{{ matchNumber }}\"","two":"{{ n }} podudaranja za \"{{ matchNumber }}\"","few":"{{ n }} podudaranja za \"{{ matchNumber }}\"","many":"{{ n }} podudaranja za \"{{ matchNumber }}\"","other":"{{ n }} podudaranja za \"{{ matchNumber }}\""}},"scCallBarring":"Zabrana poziva","scCallForwarding":"Preusmjeravanje","scClip":"ID dol. poziva","scClir":"ID odlaznog poziva","scPwd":"Promjena lozinke","scCallWaiting":"Poziv na čekanju","scPin":"Promijeni PIN","scPin2":"Promijeni PIN2","scPuk":"Odblokiraj PIN","scPuk2":"Odblokiraj PIN2","scImei":"IMEI","scUssd":"USSD","serviceClassVoice":"Glasovne usluge","serviceClassData":"Podatkovne usluge","serviceClassFax":"FAX usluge","serviceClassSms":"SMS usluge","serviceClassDataSync":"Usluge sinkronizacije","serviceClassDataAsync":"Usluge desinkronizacije","serviceClassPacket":"Paketne Usluge","serviceClassPad":"PAD Usluge","smServiceEnabled":"Usluga omogućena","smServiceDisabled":"Usluga onemogućena","smServiceRegistered":"Registracija uspješna","smServiceErased":"Brisanje uspješno","smServiceInterrogated":"Zahtjev uspješan","smServiceNotProvisioned":"Usluga nije podržana","smClirPermanent":"Ne možete izmjeniti ID pozivatelja","smClirDefaultOnNextCallOn":"ID pozivatelja postavljen na sakriven. Sljedeći poziv: Sakriven","smClirDefaultOnNextCallOff":"ID pozivatelja postavljen na sakriven. Sljedeći poziv: Vidljiv","smClirDefaultOffNextCallOn":"ID pozivatelja postavljen na vidljiv. Sljedeći poziv: Sakriven","smClirDefaultOffNextCallOff":"ID pozivatelja postavljen na vidljiv. Sljedeći poziv: Vidljiv","smServiceEnabledFor":"Usluga omogućena za:","smPinChanged":"PIN uspješno izmijenjen","smPinUnblocked":"PIN uspješno odblokiran","smPin2Changed":"PIN2 uspješno izmijenjen","smPin2Unblocked":"PIN2 uspješno odblokiran","emMmiError":"Greška u vezi ili netočan MMI kôd","emMmiErrorPasswordIncorrect":"Netočna zaporka","emMmiErrorNotSupported":"Netočan ili nekorišten MMI kôd","emMmiErrorInvalidAction":"Nepodržana akcija","emMmiErrorInvalidScCode":"Netočan kôd usluge","emMmiErrorBadPuk":"PUK kôd koji ste unijeli je netočan.","emMmiErrorBadPin":"Stari PIN kôd koji ste unijeli je netočan.","emMmiErrorNeedPuk2":"Unesite PUK2 kôd da bi odblokirali SIM karticu","emMmiErrorMismatchPin":"PIN kôdovi koje ste unijeli nisu isti","emMmiErrorInvalidPin":"Unesite PIN kôd koji ima 4 do 8 znamenaka","emMmiErrorNeedsPuk":"Vaša SIM kartica je zaključana PUK kôdom","emMmiErrorEnablePin":"Neuspješno. Omogućite SIM/RUIM zaključavanje","emMmiErrorMmiFdn":"Operacija je ograničena na fiksno biranje brojeva","emMmiErrorStkCcUssdDial":"USSD zahtjev je prenamijenjen u DIAL zahtjev","emMmiErrorStkCcUssdSs":"USSD zahtjev je prenamijenjen u SS zahtjev","emMmiErrorStkCcUssdUssd":"USSD zahtjev je prenamijenjen u novi USSD zahtjev","emMmiErrorStkCcSsDial":"SS zahtjev je prenamijenjen u DIAL zahtjev","emMmiErrorStkCcSsUssd":"SS zahtjev je prenamijenjen u novi USSD zahtjev","emMmiErrorStkCcSsSs":"SS zahtjev je prenamijenjen u SS zahtjev","emMmiErrorPinPukAttempts":{"_index":["plural","n"],"_":{"one":"Preostao je samo {{ n }} pokušaj","two":"Preostala su {{ n }} pokušaja","few":"Preostalo je {{ n }} pokušaja","many":"Preostalo je {{ n }} pokušaja","other":"Preostalo je {{ n }} pokušaja"}},"emMmiErrorSimBlocked":"Maksimalan broj pokušaja prekoračen. SIM kartica blokirana.","RadioNotAvailable":"Radio nije dostupan","GenericFailure":"Generička greška","PasswordIncorrect":"Zaporka netočna","SimPin2":"SIM PIN2","SimPuk2":"SIM PUK2","RequestNotSupported":"Zahtjev nije podržan","OpNotAllowedDuringVoiceCall":"Operacija nije podržana tokom glasovnog poziva","SmsSendFailRetry":"Slanje SMS-a nije uspjelo.","SimAbsent":"SIM kartica nije detektirana","SubscriptionNotAvailable":"Pretplata nije dostupna","ModeNotSupported":"Način rada nije podržan","FdnCheckFailure":"Greška u FDN provjeri","IllegalSimOrMe":"Nedopušten SIM ili ME","DialModifiedToUssd":"Biranje izmijenjeno u USSD","DialModifiedToSs":"Biranje izmijenjeno u SS","DialModifiedToDial":"Biranje izmijenjeno u poziv","UssdModifiedToDial":"USSD izmijenjeno u poziv","UssdModifiedToSs":"USSD izmijenjeno u SS","UssdModifiedToUssd":"USSD izmijenjeno u USSD","SsModifiedToDial":"SS izmijenjeno u poziv","SsModifiedToUssd":"SS izmijenjeno u USSD","SsModifiedToSs":"SS izmijenjeno u SS","SubscriptionNotSupported":"Pretplata nije podržana","InvalidParameter":"Nepodržan parametar","RejectedByRemote":"Odbijeno od druge strane","group-call":{"_index":["plural","n"],"_":{"one":"Grupno nazovi ({{ n }})","two":"Grupno nazovi ({{ n }})","few":"Grupno nazovi ({{ n }})","many":"Grupno nazovi ({{ n }})","other":"Grupno nazovi ({{ n }})"}},"caller-left-call":"{{ caller }} je napustio poziv.","conferenceAddError":"Neuspjelo spajanje poziva","conferenceRemoveError":"Neuspješno odspajanje poziva","longDateFormat":"%A, %e. %B","select-audio-sources":"Select audio sources","bluetooth-handsfree-device":"Bluetooth handsfree device","receiver":"Receiver","speaker":"Speaker","add":"Dodaj","done":"Gotovo","retry":"Pokušaj ponovno","addContact":"Dodaj kontakt","deleteContact":"Obriši kontakt","selectContact":"Odaberi kontakt","editContact":"Uredi kontakt","deleteConfirmMsg":"Obrisati kontakt?","remove":"Ukloni","comments":"Komentari","no_contact_phones":"Ovaj kontakt nema broj telefona","no_contact_email":"Ovaj kontakt nema adresu e-pošte","removePhotoConfirm":"Ukloniti sliku kontakta?","loadingContacts":"Učitavanje kontakata…","noContactsActivity":"Nije moguće dodati kontakt jer je vaš popis kontakata prazan","noName":"Nema imena","givenName":{"placeholder":"Ime"},"familyName":{"placeholder":"Prezime"},"tel":{"placeholder":"Telefon"},"carrier":{"_":"Operater","placeholder":"Operater"},"separator":",","email":{"_":"E-pošta","placeholder":"E-pošta"},"streetAddress":{"placeholder":"Ulica"},"postalCode":{"placeholder":"Poštanski broj"},"locality":{"placeholder":"Grad"},"countryName":{"placeholder":"Država"},"comment":{"placeholder":"Komentar"},"org":{"placeholder":"Tvrtka"},"custom":"Prilagođena oznaka","date":{"_":"Date","placeholder":"Date"},"date-span-placeholder":"Date","birthday":"Rođendan","dateFormat":"%B %e","dateOutput":"{{dayMonthFormatted}} {{year}}","anniversary":"Anniversary","addPhoto":"Dodaj sliku","addPhone":"Dodaj telefon","addEmail":"Dodaj e-poštu","addAddress":"Dodaj adresu","addDate":"Add Date","addComment":"Dodaj komentar","addFavorite":"Dodaj kao favorita","removeFavorite":"Ukloni iz favorita","label":"Naslov","home":"Kuća","work":"Posao","personal":"Osobno","faxHome":"Kućni faks","faxOffice":"Uredski faks","faxOther":"Drugi faks","another":"Drugo","other":"Other","current":"Current","itemWithLabel":"{{label}}, {{item}}","exit":"Izlaz","expand":"Proširi","labelName":"Ime:","labelLastName":"Prezime:","labelPhoneNumber":"Telefon:","labelCarrier":"Operater:","labelEmail":"E-pošta:","labelStreet":"Ulica:","labelZip":"Poštanski broj:","labelCity":"Grad:","labelCountry":"Država:","labelComment":"Komentar:","legendTitleMain":"Glavne informacije","legendPhones":"Brojevi telefona","legendEmail":"Adrese e-pošte","legendAddress":"Adrese","transferContactsTitle":"Transfer kontakte","importContactsTitle":"Import Contacts","importContactsButton":"Import Contacts","exportContactsTitle":"Export Contacts","exportContactsButton":"Export Contacts","exportContactsAction":"Izvoz","simExport-title":"Izvoz na SIM","sdExport-title":"Izvoz na SD karticu","btExport-title":"Izvoz putem Bluetootha","sdUMSEnabled":"Memorijska kartica nije dostupna jer je uključeno USB spremište","exportErrorTitle":"Greška izvoza","contactsExported2":{"_index":["plural","exported"],"_":{"zero":"Nema izvezenih kontakata","one":"{{exported}}/{{total}} kontakt izvezen","two":"{{exported}}/{{total}} kontakta izvezena","few":"{{exported}}/{{total}} kontakata izvezeno","many":"{{exported}}/{{total}} kontakata izvezeno","other":"{{exported}}/{{total}} kontakata izvezeno"}},"exportError-general":"Došlo je do greške pri izvozu","exportError-SD-shared":"Can’t access memory card because it’s shared","exportError-SD-unavailable":"Memorijska kartica nije dostupna","exportError-SD-noSpace":"There’s not enough space on the memory card to export the contacts","exportError-SIM-unavailable":"SIM kartica nije dostupna","exportError-BT-shared":"Can’t access memory card because it’s shared","exportError-BT-unavailable":"Memorijska kartica nije dostupna","exportError-BT-noSpace":"There’s not enough space on the memory card to export the contacts","simContacts-import":"Uvoz kontakta sa SIM kartice","simContacts-importing":"Uvoz SIM kontakata…","simContacts-reading":"Čitanje sa SIM kartice…","simContacts-error":"Nije moguće uvesti kontakte sa SIM kartice","simContacts-imported3":{"_index":["plural","n"],"_":{"zero":"Nisu pronađeni kontakti prilikom uvoza sa SIM kartice","one":"Uvezen je jedan kontakt","two":"Uvezena su {{n}} kontakta","few":"Uvezeno je {{n}} kontakata","many":"Uvezeno je mnogo {{n}} kontakata","other":"Uvezeno je {{n}} kontakata"}},"noSimMsgExport":"Da biste izvezli kontakte, umetnite ili otključajte svoju SIM karticu","simNumber":"SIM {{number}}","memoryCardContacts-import":"Uvoz kontakata s memorijske kartice ","memoryCardContacts-importing":"Uvoz kontakata s memorijske kartice…","memoryCardContacts-reading":"Čitam s memorijske kartice…","memoryCardContacts-error":"Neuspješan uvoz kontakata s kartice","memoryCardContacts-imported3":{"_index":["plural","n"],"_":{"zero":"Na memorijskoj kartici nisu pronađeni kontakti","one":"Uvezen jedan kontakt","two":"Uvezena su {{n}} kontakta","few":"Uvezeno je {{n}} kontakata","many":"Uvezeno je {{n}} kontakata","other":"Uvezeno je {{n}} kontakata"}},"noMemoryCardMsgExport":"Da biste izvezli kontakte umetnite memorijsku karticu","genericProgress":"{{current}}/{{total}}","social-network":"Društvene mreže","social-link":"Poveži kontakt","social-unlink":"Odspoji kontakt","social-unlink-confirm-title":"Želite li odspojiti svojeg prijatelja/icu?","social-unlink-confirm-accept":"Odspoji","facebook-import":"Uvezi prijatelje s Facebooka","show-fb-profile":"Prikaži Facebook profil","msg-send":"Poruka","wall-post":"Poruka na zidu","facebook-import-msg":{"_index":["plural","imported"],"_":{"zero":"Nema uvezenih prijatelja (od ukupno {{total}})","one":"Uvezen je jedan prijatelj (od ukupno {{total}})","two":"{{imported}}/{{total}} prijatelja uvezeno","few":"{{imported}}/{{total}} prijatelja uvezeno","many":"{{imported}}/{{total}} prijatelja uvezeno","other":"{{imported}}/{{total}} prijatelja uvezeno"}},"facebookSwitchMsg":"Sinkr. prijatelje","select_mobile":"Odaberi mobitel","select_email":"Odaberi e-poštu","contactsOrderBy":"Poredaj po prezimenu","bluetooth":"Bluetooth","fbUpdateFriends":"Ažuriraj uvezene prijatelje","cleaningFbData":"Uklanjanje Facebook podataka","loggingOutFb":"Odjava s Facebooka","cleanFbConfirmMsg":"Ukloni sve Facebook podatke?","renewPwdMsg":"Vaša Facebook lozinka se promijenila. Molim, ažurirajte je.","notEnabledYet":"Još nije omogućeno","genericNoConnection":"Da biste uvezli kontakte, povežite se na Wi-Fi ili podatkovnu vezu","simCard":"SIM kartica","memoryCard":"Memorijska kartica","create-new":"Stvori novi kontakt","import-now":"Uvezite svoje kontakte sa SIM kartice ili Facebooka","no-contacts":"Nema kontakata","start-adding":"Dodajte ih sada","notImported":"Nisu uvezeni","imported":"Uvezeni","organise-contacts":"Organizirajte kontakte","find-merge-contacts":"Pronađite duplicirane kontakte","preparing-contacts":"Priprema kontakata","exportError-SIM-NoFreeRecordFound":"SIM kartica je puna","exportError-SIM-CannotAccessPhoneBook":"Ne mogu pristupiti imeniku na SIM kartici","exportError-SIM-Unavailable":"Nema SIM kartice","exportError-SIM-GenericError":"Tijekom izvoza kontakata došlo je do greške","ContactManagementTitle":"Contacts Management","DeleteTitle":"Delete","bulkDeleteButton":"Delete Contacts","BulkDelCancel":"Contacts delete cancelled","DeletedTxt":{"_index":["plural","n"],"_":{"zero":"No Contact to Delete","one":"1 Contact removed","two":"{{n}} Contacts removed","few":"{{n}} Contacts removed","many":"{{n}} Contacts removed","other":"{{n}} Contacts removed"}},"DeletingContacts":"Deleting contacts","ContactConfirmDel":{"_index":["plural","n"],"_":{"zero":"No Contact to Delete","one":"Delete 1 Contact? This cannot be undone.","two":"Delete {{n}} Contacts? This cannot be undone.","few":"Delete {{n}} Contacts? This cannot be undone.","many":"Delete {{n}} Contacts? This cannot be undone.","other":"Delete {{n}} Contacts? This cannot be undone."}},"SelectedTxt":{"_index":["plural","n"],"_":{"zero":"Contacts","one":"{{n}} selected","two":"{{n}} selected","few":"{{n}} selected","many":"{{n}} selected","other":"{{n}} selected"}},"sim-picker-dial-via-with-number":"Dial {{ phoneNumber }} via","sim-picker-select-sim":"Select SIM","sim-picker-button":"SIM{{ n }}","sim-picker-button-default":"(default)","waitDuplicateContacts":"Potraga za dupliciranim kontaktima","waitMergingDuplicateContacts":"Spajanje dupliciranih kontakata","alertNoDuplicateContacts":"Nema dupliciranih kontakata","mergeDuplicateTitle":"Spajanje duplih","suggestedDuplicateContacts":"Predloženi duplicirani kontakti za {{name}}","mergeActionButtonLabel":{"_index":["plural","n"],"_":{"zero":"Nema odabranih kontakata","one":"Spoji sa {{n}} kontaktom","other":"Spoji sa {{n}} kontakata"}},"duplicatesFoundTitle":"Pronađeni duplikati","duplicatesFoundMessage":"{{name}} ima duplicirane informacije u sljedećim kontaktima"}