{"brandShortName":"B2G OS","browserBrandShortName":"Webböngésző","browserBrandFullName":"Mozilla webböngésző","back":"Vissza","noSimMsg":"Névjegyek másolásához helyezze be vagy oldja fel SIM-kártyáját","noMemoryCardMsg":"Névjegyek másolásához helyezzen be egy memóriakártyát","importMemoryCard":"Memóriakártya","noConnection11":"Facebook ismerősök vagy névjegyek átmásolásához kapcsolódjon egy Wi-Fi-s vagy mobilos adathálózathoz.","pincode2":"Adja meg a PIN kódot","type_pin":"Írja be PIN kódját","pincodeLabel":"{{n}}. SIM PIN","pinValidation":"A PIN 4 és 8 karakter közti hosszúságú kell legyen.","pinError":"A PIN kód helytelen volt.","pinAttemptMsg2":{"_index":["plural","n"],"_":{"one":"Utolsó lehetőség.","two":"Még {{n}} kísérlete van.","few":"Még {{n}} kísérlete van.","many":"Még {{n}} kísérlete van.","other":"Még {{n}} kísérlete van."}},"pinLastChanceMsg":"Ez az utolsó lehetősége a helyes PIN kód megadására. Ellenkező esetben a PUK kódot kell megadnia a SIM kártya használatához.","pukcode":"Adja meg a PUK kódot","pukcodeTitle":"{{n}}. SIM PUK beírása","pukcodeLabel":"{{n}}. SIM PUK","type_puk":"PUK kód","pukValidation":"A PUK pontosan 8 karakter hosszú kell legyen.","pukInfo":"Meg kell adnia a SIM kártya PUK (személyes feloldókulcs) kódját. További információkért nézze meg a SIM kártya dokumentációját, vagy keresse meg szolgáltatóját.","pukError":"Meg kell adnia a SIM kártya PUK (személyes feloldókulcs) kódját. További információkért nézze meg a SIM kártya dokumentációját, vagy keresse meg szolgáltatóját.","pukAttemptMsg2":{"_index":["plural","n"],"_":{"one":"Még egy lehetősége van a helyes kód megadására, mielőtt a SIM kártya véglegesen használhatatlanná válik. További információkért nézze meg a SIM kártya dokumentációját, vagy keresse meg szolgáltatóját.","two":"Még {{n}} lehetősége van a helyes kód megadására, mielőtt a SIM kártya véglegesen használhatatlanná válik. További információkért nézze meg a SIM kártya dokumentációját, vagy keresse meg szolgáltatóját.","few":"Még {{n}} lehetősége van a helyes kód megadására, mielőtt a SIM kártya véglegesen használhatatlanná válik. További információkért nézze meg a SIM kártya dokumentációját, vagy keresse meg szolgáltatóját.","many":"Még {{n}} lehetősége van a helyes kód megadására, mielőtt a SIM kártya véglegesen használhatatlanná válik. További információkért nézze meg a SIM kártya dokumentációját, vagy keresse meg szolgáltatóját.","other":"Még {{n}} lehetősége van a helyes kód megadására, mielőtt a SIM kártya véglegesen használhatatlanná válik. További információkért nézze meg a SIM kártya dokumentációját, vagy keresse meg szolgáltatóját."}},"pukLastChanceMsg":"Ez az utolsó lehetősége a helyes PUK kód megadására. A SIM kártyája véglegesen használhatatlan lesz, ha rossz PUK kódot ad meg.","create_newpin":"Új PIN létrehozása (4 – 8 számjegy)","confirm_newpin":"Új PIN kód megerősítése","newpinConfirmation":"A PIN kódok nem egyeznek.","nckcode":"Írja be az NCK kódot","cckcode":"Írja be a CCK kódot","spckcode":"Írja be az SPCK kódot","nck1code":"Enter NCK1 code","nck2code":"Enter NCK2 code","hnckcode":"Enter HNCK code","rcckcode":"Enter RCCK code","rspckcode":"Enter RSPCK code","nckcodeTitle":"{{n}}. SIM NCK beírása","cckcodeTitle":"{{n}}. SIM CCK beírása","spckcodeTitle":"{{n}}. SIM SPCK beírása","nck1codeTitle":"Enter SIM {{n}} NCK1","nck2codeTitle":"Enter SIM {{n}} NCK2","hnckcodeTitle":"Enter SIM {{n}} HNCK","rcckcodeTitle":"Enter SIM {{n}} RCCK","rspckcodeTitle":"Enter SIM {{n}} RSPCK","nckcodeLabel":"{{n}}. SIM NCK","cckcodeLabel":"{{n}}. SIM CCK","spckcodeLabel":"{{n}}. SIM SPCK","nck1codeLabel":"SIM {{n}} NCK1","nck2codeLabel":"SIM {{n}} NCK2","hnckcodeLabel":"SIM {{n}} HNCK","rcckcodeLabel":"SIM {{n}} RCCK","rspckcodeLabel":"SIM {{n}} RSPCK","type_nck":"Írja be az NCK kódot","type_cck":"Írja be a CCK kódot","type_spck":"Írja be az SPCK kódot","type_nck1":"Type your NCK1 code","type_nck2":"Type your NCK2 code","type_hnck":"Type your HNCK code","type_rcck":"Type your RCCK code","type_rspck":"Type your RSPCK code","nckValidation":"Az NCK 8 és 16 karakter közti hosszúságú kell legyen.","cckValidation":"A CCK 8 és 16 karakter közti hosszúságú kell legyen.","spckValidation":"Az SPCK 8 és 16 karakter közti hosszúságú kell legyen.","nck1Validation":"NCK1 must have between 8 and 16 characters.","nck2Validation":"NCK2 must have between 8 and 16 characters.","hnckValidation":"HNCK must have between 8 and 16 characters.","rcckValidation":"RCCK must have between 8 and 16 characters.","rspckValidation":"RSPCK must have between 8 and 16 characters.","nckErrorMsg":"Az NCK kód helytelen.","nckAttemptMsg2":{"_index":["plural","n"],"_":{"one":"A hálózat személytelenítésére vonatkozó kérés sikertelen. Még egy lehetősége van a helyes kód megadására. Nézze meg az eszköz dokumentációját, vagy keresse meg szolgáltatóját.","two":"A hálózat személytelenítésére vonatkozó kérés sikertelen. Még {{n}} lehetősége van a helyes kód megadására. Nézze meg az eszköz dokumentációját, vagy keresse meg szolgáltatóját.","few":"A hálózat személytelenítésére vonatkozó kérés sikertelen. Még {{n}} lehetősége van a helyes kód megadására. Nézze meg az eszköz dokumentációját, vagy keresse meg szolgáltatóját.","many":"A hálózat személytelenítésére vonatkozó kérés sikertelen. Még {{n}} lehetősége van a helyes kód megadására. Nézze meg az eszköz dokumentációját, vagy keresse meg szolgáltatóját.","other":"A hálózat személytelenítésére vonatkozó kérés sikertelen. Még {{n}} lehetősége van a helyes kód megadására. Nézze meg az eszköz dokumentációját, vagy keresse meg szolgáltatóját."}},"nckLastChanceMsg":"A hálózat személytelenítésére vonatkozó kérés sikertelen. Ez az utolsó lehetősége a helyes NCK kód megadására. Nézze meg az eszköz dokumentációját, vagy keresse meg szolgáltatóját.","skip":"Kihagyás","send":"Küldés","ok":"OK","simLocked":"A SIM kártya zárolva van","inputCodeRetriesLeft":{"_index":["plural","n"],"_":{"one":"Utolsó kísérlet.","two":"Még {{n}} kísérlete van.","few":"Még {{n}} kísérlete van.","many":"Még {{n}} kísérlete van.","other":"Még {{n}} kísérlete van."}},"simManager":"SIM-kezelő","simDetail":"{{n}}. SIM","simDefault":"(alapértelmezett)","simDefaultMessage":"Kimenő hívások, kimenő üzenetek és az adatkapcsolat alapesetben az 1. SIM-re vannak állítva","simSettingsMessage":"Az alapbeállítások a Beállítások > SIM kártyakezelőben módosíthatók","simPinLocked":"SIM PIN zárolva","noOperator":"Nincs szolgáltató","language":"Nyelv","english":"Angol","dvorak":"Angol (Dvorak)","spanish":"Spanyol","portuguese":"Brazil portugál","french":"Francia","italian":"Olasz","arabic":"Arab","greek":"Görög","hebrew":"Héber","jp-kanji":"Japán","jp-kanji-desc":"Kandzsi","traditionalChinese":"Hagyományos kínai","traditionalChinese-desc":"Zhuyin","simplifiedChinese":"Egyszerűsített kínai","simplifiedChinese-desc":"Pinyin","3g":"Mobiladatok","dataConnection":"Adatkapcsolat","dataConnectionInfo":"Az adatkapcsolat engedélyezése lehetővé teszi a telefon Wi-Fi kapcsolat nélküli beállítását. Később ezt a Beállításokban is bekapcsolhatja. A borsos számlák elkerülése érdekében győződjön meg arról, hogy van adatkapcsolati előfizetése a szolgáltatójánál.","caution":"Figyelmeztetés","geolocation":"Földrajzi helyzet","geolocationCheckbox":"Földrajzi helyzet","geolocationInfo2":"A {{brandShortName}} a GPS, Wi-Fi és a közeli mobil hálózatok adatait használja a megközelítő hely meghatározásához.","geolocationInfoMore":"A Mozillának és más szolgáltatóknak adatok kerülnek elküldésre, amelyek összesítve azok helyadatbázisainak javítására lesznek felhasználva. Az eszközén adatok kerülhetnek tárolásra, és adatgyűjtés történhet akkor is, ha nem futnak appok.","notice":"Figyelmeztetés","aboutYourPrivacy":"Információk a magánszférájáról","wifi":"Wi-Fi","scanningNetworks":"Hálózatok keresése","selectNetwork":"Hálózatok","shortStatus-connecting":"Kapcsolódás…","shortStatus-associated":"IP-cím beszerzése…","shortStatus-connected":"Kapcsolódva","shortStatus-connectingfailed":"Kapcsolódás sikertelen","shortStatus-disconnected":"Kapcsolat nélkül","securedBy":"biztosítja: {{capabilities}}","security":"Biztonság","securityNone":"Nincs","securityWEP":"WEP","securityWPA-PSK":"WPA-PSK","securityWPA-EAP":"WPA-EAP","securityOpen":"Nyitott","identity":"Felhasználó","identityInput":{"placeholder":"Felhasználó"},"password":"Jelszó","passwordInput":{"placeholder":"Jelszó"},"showPassword":"Jelszó megjelenítése","refresh":"Frissítés","noWifiFound3":"Nem található vezeték nélküli hálózat","join-hidden-button":"Rejtett hálózat elérése","authentication":"Hitelesítés","ssid-name":"SSID hálózat neve","dateAndTime":"Dátum és idő","setTimeAutomatically":"Automatikus beállítás","timezoneMessage":"Időzóna","timezoneTitle":"UTC{{utcOffset}} {{region}}/{{city}}","dateMessage":"Dátum","timeMessage":"Idő","timeZone":"Időzóna","change":"Módosítás","importContacts3":"Névjegyek másolása","importSim2":"SIM kártya","importFb2":"Facebook","importOutlook":"Outlook","importGmail":"Gmail","fb-checking":"… ellenőrzés","notImportedYet":"Még nincs átmásolva","otherAccount":"Más fiókok","mobile":"Mobil","afterFbImport":"A Névjegyek beállításai alatt bármikor átmásolhat és szerkeszthet facebookos ismerősöket","firefox-accounts":"Firefox Accounts","fxa-overview":{"innerHTML":"A Firefox Account lets you use features like Find My Device and apps like the Firefox Marketplace."},"fxa-create-account-or-sign-in":"Create Account or Sign In","fxa-email-sent":"A verification link has been sent to {{email}}","about-your-rights-0":"A {{brandShortName}} ingyenes és nyílt forrású szoftver, amelyet világszerte több ezer ember fejleszt. Néhány dologról tudnia kell:","about-your-rights-1":"A {{brandShortName}} számos nyílt forrású licenc, köztük a Mozilla Public License feltételei szerint lett közreadva. A {{brandShortName}} rendszert futtató készülék tartalmazhat harmadik felektől származó zárt szoftvereket is. A nyílt licencek alatt közzétett forráskódok módosítása és továbbterjesztése megengedett a feltételeik betartása mellett.","about-your-rights-2":"Ön nem kapott jogot vagy felhatalmazást a védjegyek használatára sem a Mozilla Foundationtől, sem mástól, beleértve – de nem csak erre korlátozva – a {{brandShortName}} nevet és logót.","about-your-rights-3":"A {{brandShortName}} egyes funkciói, például az Összeomlás-bejelentő, lehetőséget ad a visszajelzésre a Mozilla felé. A visszajelzés elküldésével Ön engedélyt ad a Mozilla részére, hogy a visszajelzést a termékei fejlesztésére használja fel, a visszajelzést közzétegye a webhelyein, valamint a visszajelzést terjessze.","about-other":"Egyéb","SIM_mandatory":"SIM kártya figyelmeztetés","SIM_mandatory_warm":"Tegye be a SIM kártyát és indítsa újra a telefont.","sharing-performance-data":"Teljesítményadatok megosztása","telemetry-sends":"A telemetria adatokat küld a Mozillának a {{brandShortName}} eszköz teljesítményéről, hardveréről, beállításairól és a testreszabásáról. Ezeket a termékeink jobbá, gyorsabbá és válaszkészebbé tételéhez használjuk fel.","learn-more-telemetry":{"innerHTML":"Learn more at {{link}}"},"learn-more-information":{"innerHTML":"Learn how Mozilla handles your information at {{link}}"},"welcomeBrowser":"Üdvözli Önt a {{brandShortName}}, a Mozilla szabad és nyílt forrású operációs rendszere. Küldetésünk a nyíltság, az innováció és a lehetőségek népszerűsítése a web erejének az Ön kezébe adásával.","learn-more-privacy":{"innerHTML":"Learn how Mozilla handles your information in our {{link}}."},"learn-more-privacy-link":"privacy policy","aboutBrowser":"A {{brandShortName}} névjegye","aboutYourPrivacy2":"Magánszféra","mozillaCommunity2":"A {{brandShortName}} használatával egy globális közösség részévé válik, és segít szebbé tenni a web jövőjét. Ha szeretne többet tudni a Mozilla közösségről, más termékeinkről és Önhöz közeli eseményeinkről, akkor adja meg alább az e-mail címét.","collaborate":"Szeretném segíteni a {{brandShortName}} tökéletesítését adatok megosztásával a telefonomról.","learnMore":"További információk.","emailAddress":{"placeholder":"E-mail cím"},"email-successfully-added":"Az e-mail sikeresen felvéve!","email-loading":"E-mail mentése…","browserPrivacyChoices":"{{brandShortName}} magánszféra","privacy-b2g":{"_":"{{brandShortName}}","title":"{{brandShortName}}"},"privacy-marketplace":{"_":"Marketplace","title":"{{privacy-marketplace}}"},"privacy-e-me":{"_":"everything.me","title":"{{privacy-e-me}}"},"navbar-back":"Vissza","navbar-next":"Tovább","navbar-join":"Csatlakozás","thatsIt":"Gratulálunk!","startYourPhone":"A telefonismertető indítása","startYourTablet":"A tablet ismertető indítása","joinTutorial":"Hadd mutassuk be új telefonját.","enjoyYourPhone":"Készen áll új telefonja használatára.","optionsAvailable":"A Beállításokban módosíthatja a nyelvet, a dátumot/időt és a Wi-Fi kapcsolatot.","letsGo":"Gyerünk","startTour":"Bemutató","thatsIt1Tablet-2":"Lentről felfelé csúsztatva bármikor elérheti a kezdőképernyőt.","thatsIt2Tablet-2":"Csináljuk!","tutorial-step1-tiny":"Csúsztassa ujját jobbról balra az appok lapozásához.","tutorial-step2-tiny":"Mutasson egy ikonra, és tartsa rajta az ujját a törléséhez vagy az áthelyezéséhez.","tutorial-step3-tiny":"Gépeljen be bármilyen kulcsszót vagy témát és a telefonja azonnal alkalmazkodik hozzá.","tutorial-step4-tiny":"Csúsztassa ujját lefelé az értesítések, egyenleginformációk és beállítások eléréséhez.","tutorial-step5-tiny":"Tartsa lenyomva a Kezdőoldal gombot a nemrég futtatott appok lapozásához és bezárásához.","tutorial-step6-tiny":"A képernyő széleiről csúsztatva a legutóbbi appok közt lépkedhet előre és hátra.","tutorial-step1-large-2":"Csúsztassa ujját fentről lefelé az értesítések, egyenleginformációk és beállítások eléréséhez.","tutorial-step2-large-2":"Jobbra vagy balra csúsztatva új appokat fedezhet fel a kezdőképernyőn.","tutorial-step3-large-2":"Mutasson egy ikonra, és tartsa rajta az ujját a törléséhez vagy az áthelyezéséhez.","tutorial-step4-large-2":"Két ujjal lentről felfelé csúsztatva beléphet a kártya nézetbe.","offline-dialog-title":"Az oldal megjelenítéséhez csatlakoznia kell az internetre.","offline-dialog-text":"Lépjen vissza, és csatlakozzon az internetre. Az oldalt később a Beállításokból, vagy a {{url}} cím bármely böngészőbe való beírásával is megjelenítheti.","OK":"OK","offline-newsletter-dialog-title":"Csatlakoznia kell az internetre a feliratkozáshoz a hírlevélre.","offline-newsletter-dialog-text":"Lépjen vissza, és csatlakozzon az internetre.","invalid-email-dialog-title":"Az e-mail cím érvénytelen.","invalid-email-dialog-text":"Lépjen vissza, és javítsa a bejegyzést.","cancel":"Mégse","weekday-0-long":"Vasárnap","weekday-1-long":"Hétfő","weekday-2-long":"Kedd","weekday-3-long":"Szerda","weekday-4-long":"Csütörtök","weekday-5-long":"Péntek","weekday-6-long":"Szombat","weekday-0-short":"Va.","weekday-1-short":"Hé.","weekday-2-short":"Ke.","weekday-3-short":"Sze.","weekday-4-short":"Csü.","weekday-5-short":"Pé.","weekday-6-short":"Szo.","month-0-long":"Január","month-1-long":"Február","month-2-long":"Március","month-3-long":"Április","month-4-long":"Május","month-5-long":"Június","month-6-long":"Július","month-7-long":"Augusztus","month-8-long":"Szeptember","month-9-long":"Október","month-10-long":"November","month-11-long":"December","month-0-genitive":"Január","month-1-genitive":"Február","month-2-genitive":"Március","month-3-genitive":"Április","month-4-genitive":"Május","month-5-genitive":"Június","month-6-genitive":"Július","month-7-genitive":"Augusztus","month-8-genitive":"Szeptember","month-9-genitive":"Október","month-10-genitive":"November","month-11-genitive":"December","month-0-short":"Jan","month-1-short":"Feb","month-2-short":"Már","month-3-short":"Ápr","month-4-short":"Máj","month-5-short":"Jún","month-6-short":"Júl","month-7-short":"Aug","month-8-short":"Szep","month-9-short":"Okt","month-10-short":"Nov","month-11-short":"Dec","minutes-ago-long":{"_index":["plural","value"],"_":{"zero":"épp most","one":"egy perccel ezelőtt","two":"{{value}} perccel ezelőtt","few":"{{value}} perccel ezelőtt","many":"{{value}} perccel ezelőtt","other":"{{value}} perccel ezelőtt"}},"hours-ago-long":{"_index":["plural","value"],"_":{"zero":"épp most","one":"egy órája","two":"{{value}} órával ezelőtt","few":"{{value}} órával ezelőtt","many":"{{value}} órával ezelőtt","other":"{{value}} órával ezelőtt"}},"days-ago-long":{"_index":["plural","value"],"_":{"zero":"ma","one":"tegnap","two":"{{value}} nappal ezelőtt","few":"{{value}} nappal ezelőtt","many":"{{value}} nappal ezelőtt","other":"{{value}} nappal ezelőtt"}},"weeks-ago-long":{"_index":["plural","value"],"_":{"zero":"ez a hét","one":"múlt hét","two":"{{value}} héttel ezelőtt","few":"{{value}} héttel ezelőtt","many":"{{value}} héttel ezelőtt","other":"{{value}} héttel ezelőtt"}},"months-ago-long":{"_index":["plural","value"],"_":{"zero":"ez a hónap","one":"előző hónap","two":"{{value}} hónappal ezelőtt","few":"{{value}} hónappal ezelőtt","many":"{{value}} hónappal ezelőtt","other":"{{value}} hónappal ezelőtt"}},"years-ago-long":{"_index":["plural","value"],"_":{"zero":"ez az év","one":"tavaly","two":"{{value}} évvel ezelőtt","few":"{{value}} évvel ezelőtt","many":"{{value}} évvel ezelőtt","other":"{{value}} évvel ezelőtt"}},"minutes-until-long":{"_index":["plural","value"],"_":{"zero":"most","one":"egy percen belül","two":"{{value}} percen belül","few":"{{value}} percen belül","many":"{{value}} percen belül","other":"{{value}} percen belül"}},"hours-until-long":{"_index":["plural","value"],"_":{"zero":"most","one":"egy órán belül","two":"{{value}} órán belül","few":"{{value}} órán belül","many":"{{value}} órán belül","other":"{{value}} órán belül"}},"days-until-long":{"_index":["plural","value"],"_":{"zero":"ma","one":"holnap","two":"{{value}} napon belül","few":"{{value}} napon belül","many":"{{value}} napon belül","other":"{{value}} napon belül"}},"weeks-until-long":{"_index":["plural","value"],"_":{"zero":"ez a hét","one":"következő hét","two":"{{value}} héten belül","few":"{{value}} héten belül","many":"{{value}} héten belül","other":"{{value}} héten belül"}},"months-until-long":{"_index":["plural","value"],"_":{"zero":"ez a hónap","one":"következő hónap","two":"{{value}} héten belül","few":"{{value}} héten belül","many":"{{value}} héten belül","other":"{{value}} héten belül"}},"years-until-long":{"_index":["plural","value"],"_":{"zero":"ez az év","one":"következő év","two":"{{value}} éven belül","few":"{{value}} éven belül","many":"{{value}} éven belül","other":"{{value}} éven belül"}},"minutes-ago-short":{"_index":["plural","value"],"_":{"zero":"épp most","other":"{{value}}p ezelőtt"}},"hours-ago-short":{"_index":["plural","value"],"_":{"zero":"épp most","other":"{{value}}ó ezelőtt"}},"days-ago-short":{"_index":["plural","value"],"_":{"zero":"ma","other":"{{value}}n ezelőtt"}},"minutes-until-short":{"_index":["plural","value"],"_":{"zero":"most","other":"{{value}} percen belül"}},"hours-until-short":{"_index":["plural","value"],"_":{"zero":"most","other":"{{value}} órán belül"}},"days-until-short":{"_index":["plural","value"],"_":{"zero":"ma","other":"{{value}} napon belül"}},"incorrectDate":"(helytelen dátum)","dateTimeFormat_%c":"%Y. %b %d %a %H:%M:%S","dateTimeFormat_%x":"%Y. %m. %d.","dateTimeFormat_%X":"%H:%M:%S","shortTimeFormat":"%H:%M","shortDateTimeFormat":"%x %H:%M","weekStartsOnMonday":"0","time_am":"DE","time_pm":"DU","tz-region":"Terület","tz-city":"Város","tzRegion-Africa":"Afrika","tzRegion-America":"Amerika","tzRegion-Antarctica":"Antarktisz","tzRegion-Asia":"Ázsia","tzRegion-Atlantic":"Atlanti-óceán","tzRegion-Australia":"Ausztrália","tzRegion-Europe":"Európa","tzRegion-Indian":"Indiai-óceán","tzRegion-Pacific":"Csendes-óceán","close":"Close","import":"Import","update":"Update","fbFriends":"Facebook Friends","live-serviceName":"Outlook","gmail-serviceName":"Gmail","facebook-serviceName":"Facebook Friends","selectAll":"Select all","deselectAll":"Deselect all","viewAll":"View All Facebook Friends","viewRecommend":"View Only Recommended","linkProposal":{"_index":["plural","numFriends"],"_":{"zero":"No matching friends. Showing all","one":"Select the recommended one","two":"Select a recommended one","few":"Select a recommended one","many":"Select a recommended one","other":"Select a recommended one"}},"fbFriendsFound":{"_index":["plural","numFriends"],"_":{"zero":"All your friends are imported","one":"Found one friend to import","two":"Found {{numFriends}} friends to import","few":"Found {{numFriends}} friends to import","many":"Found {{numFriends}} friends to import","other":"Found {{numFriends}} friends to import"}},"facebook":"Facebook","search-contact":{"placeholder":"Search"},"noResults":"No contacts found","done-search":"Done","progressFB3ImportTitle":"Importing friends to Contacts","progressFB":"{{current}}/{{total}}","progressFB3UpdateTitle":"Updating friends in Contacts","message2":"This may take a couple of minutes","messageLinking":"Please hold on. We are linking your friend and your contact.","messageCanceling":"Please hold on. We are canceling the ongoing operation.","error1":"Error {{from}}","error2":"Do you want to retry?","errorProposal":"calculating proposals","errorFriends":"retrieving friends","errorLinking":"linking contact","timeout1":"Exceeded timeout {{from}}","timeout2":"Do you want to retry?","timeoutProposal":"calculating proposals","timeoutFriends":"retrieving friends","timeoutLinking":"linking contacts","wait1":"Please hold on","wait2":"This may take a couple of minutes","waitProposal":"Please hold on. We are calculating a proposal.","waitFriends":"Please hold on. We are connecting to obtain your friend list.","curtainCancel":"Cancel","curtainRetry":"Retry","curtainOK":"OK","connectionLost":"No Internet connection","connectionLostMsg":"Friends’ photos will not be added to your contacts. Continue anyway?","yesOption":"OK","noOption":"Cancel","friendsUpdated":{"_index":["plural","numFriends"],"_":{"zero":"No friends updated","one":"Updated one friend","two":"Updated {{numFriends}} friends","few":"Updated {{numFriends}} friends","many":"Updated {{numFriends}} friends","other":"Updated {{numFriends}} friends"}},"notificationLogin":"Your Facebook session is invalid. Please sign in.","syncError":"There was an error synchronizing your friend’s data","callAirplaneModeMessage":"Híváshoz ki kell kapcsolni a repülő módot a beállításokban.","callAirplaneModeBtnOk":"OK","callAirplaneModeTitle":"A repülő mód be van kapcsolva","numberIsBusyTitle":"A szám foglalt","numberIsBusyMessage":"A szám jelenleg foglalt. Próbálja újra később.","fdnIsActiveTitle":"FDN active","fdnIsActiveMessage":"FDN (Fixed Dialing Numbers) is activated and the following number is not in your FDN list: {{ number }}","voiceMail":"Hangposta","emergencyNumber":"Segélyhívó szám","emergencyDialogBodyBadNumber":"Hívás indításához a telefonnak csatlakoznia kell egy hálózathoz.","emergencyDialogBodyDeviceNotAccepted":"A hálózat nem engedélyezi a segélyhívásokat.","emergencyDialogBtnOk":"OK","emergencyDialogTitle":"Nincs hálózati kapcsolat","invalidNumberToDialTitle":"A szám érvénytelen","invalidNumberToDialMessage":"A hívott szám nem érvényes.","unableToCallTitle":"Nem indítható telefonhívás","unableToCallMessage":"Nem indítható hívás. Ha már tárcsázott, előbb tegye le.","otherConnectionInUseTitle":"Másik vonal használatban","otherConnectionInUseMessage":"A másik vonalon már van egy aktív hívása. Egyszerre csak egy vonal használható.","addNewNumber":"Add new number","addToExistingContact":"Hozzáadás meglévő névjegyhez","all":"Összes","asterisk":{"ariaLabel":"Asterisk"},"callLog":"Hívásnapló","callLogEdit":{"title":"Edit call log"},"callLogEditDialog":{"ariaLabel":"Edit call log dialog"},"connecting":"Kapcsolódás","cf-async":"Aszinkron: {{ async }}\\n","cf-data":"Adat: {{ data }}\\n","cf-error":"Hiba lépett fel a hívásátirányítás állapotának lekérdezése közben","cf-fax":"FAX: {{ fax }}\\n","cf-inactive":"Inaktív","cf-packet":"Csomag: {{ packet }}\\n","cf-pad":"PAD: {{ pad }}\\n","cf-sms":"SMS: {{ sms }}\\n","cf-status":"Hívásátirányítás állapota\\n","cf-sync":"Szinkron: {{ sync }}\\n","cf-voice":"Hanghívás: {{ voice }}\\n","confirm-deletion":"Törli a kijelölt hívásokat?","contacts":"Névjegyek","createNewContact":"Új névjegy létrehozása","delete":"Delete","dialerAddContact":{"ariaLabel":"Add contact"},"dialerAddContactDialog":{"ariaLabel":"Add Contact Dialog"},"edit-selected":{"_index":["plural","n"],"_":{"one":"{{ n }} kijelölve","two":"{{ n }} kijelölve","few":"{{ n }} kijelölve","many":"{{ n }} kijelölve","other":"{{ n }} kijelölve"}},"edit":"Szerkesztés","hashSign":{"ariaLabel":"Hash sign"},"hideKeypad":{"ariaLabel":"Hide keypad"},"ignore":"Hívás mellőzése","incoming":"Bejövő","keypad":{"ariaLabel":"Keypad"},"keypadDelete":{"ariaLabel":"Delete"},"makeCall":{"ariaLabel":"Make call"},"merge":"Egyesítés","missed":"Nem fogadott","missedCall":"Nem fogadott hívás","missedCallMultiSims":"({{ n }}. SIM) Nem fogadott hívás","mmi-error":"Hiba lépett fel az üzenet elküldése közben","mmi-session-expired":"Munkamenet lejárt","mmi-successfully-sent":"Az üzenet elküldve","mute":{"ariaLabel":"Mute"},"newCall":{"ariaLabel":"New call"},"no-logs-msg-1":"Nincsenek feljegyzett hívások","no-logs-msg-2":"Kezdjen kommunikálni most","no-logs-msg-3":"Nincs nem fogadott hívás","phoneNumberInput":{"ariaLabel":"Phone number"},"recents":{"ariaLabel":"Recent calls"},"reply":"Válasz","switch-calls":"Hívásváltás","today":"Ma","voiceMailKey":{"ariaLabel":"Voicemail"},"withheld-number":"Visszatartott szám","from-contact":"Tőle: {{ contact }}","from-number":"Ettől: {{ number }}","from-withheld-number":"Visszatartott számtól","yesterday":"Tegnap","sending":"Küldés…","speakerOption":{"ariaLabel":"Speaker"},"ussd-services":"{{ operator }} szolgáltatások","toggleKeypad":{"ariaLabel":"Toggle keypad"},"type-your-response":{"placeholder":"Írja be válaszát…"},"clear-all-text":"Minden szöveg törlése","hide":"Elrejtés","call":"Hívás","hold":"Tartás","resume":"Folytatás","sendSms":"Üzenetküldés","callEnded":"Hívás befejezve","via-sim":"{{ n }}. SIM-en","sim-number":"{{ n }}. SIM","hangup-a11y-button":{"aria-label":"Lerakás"},"pickup-a11y-button":{"aria-label":"Felvétel"},"unlock-a11y-button":{"aria-label":"Csúszka"},"settings":"Beállítások","delete-n-log?":{"_index":["plural","n"],"_":{"zero":"Nincs kiválasztva","one":"Törli a naplót?","two":"Töröl {{ n }} naplót?","few":"Töröl {{ n }} naplót?","many":"Töröl {{ n }} naplót?","other":"Töröl {{ n }} naplót?"}},"callDurationMinutes":"{{ m }}:{{ s }}","callDurationHours":"{{ h }}:{{ m }}:{{ s}}","suggestionMatches":{"_index":["plural","n"],"_":{"one":"{{ n }} találat erre: „{{ matchNumber }}”","two":"{{ n }} találat erre: „{{ matchNumber }}”","few":"{{ n }} találat erre: „{{ matchNumber }}”","many":"{{ n }} találat erre: „{{ matchNumber }}”","other":"{{ n }} találat erre: „{{ matchNumber }}”"}},"scCallBarring":"Hívástiltás","scCallForwarding":"Hívástovábbítás","scClip":"Bejövő hívó","scClir":"Kimenő hívó","scPwd":"Jelszómódosítás","scCallWaiting":"Hívásvárakoztatás","scPin":"PIN-módosítás","scPin2":"PIN2-módosítás","scPuk":"PIN feloldása","scPuk2":"PIN2 feloldása","scImei":"IMEI","scUssd":"USSD","serviceClassVoice":"Hang","serviceClassData":"Adatok","serviceClassFax":"FAX","serviceClassSms":"SMS","serviceClassDataSync":"Szinkron","serviceClassDataAsync":"Aszinkron","serviceClassPacket":"Csomag","serviceClassPad":"PAD","smServiceEnabled":"Szolgáltatás bekapcsolva","smServiceDisabled":"Szolgáltatás kikapcsolva","smServiceRegistered":"Regisztráció sikeres","smServiceErased":"Törlés sikeres","smServiceInterrogated":"A kérés sikeres","smServiceNotProvisioned":"Szolgáltatás nem jött létre","smClirPermanent":"Nem módosíthatja a hívóazonosító beállítást","smClirDefaultOnNextCallOn":"A hívóazonosító alapbeállítása a korlátozott. Következő hívás: korlátozott","smClirDefaultOnNextCallOff":"A hívóazonosító alapbeállítása a korlátozott. Következő hívás: nem korlátozott","smClirDefaultOffNextCallOn":"A hívóazonosító alapbeállítása a nem korlátozott. Következő hívás: korlátozott","smClirDefaultOffNextCallOff":"A hívóazonosító alapbeállítása a nem korlátozott. Következő hívás: nem korlátozott","smServiceEnabledFor":"Szolgáltatás bekapcsolva ehhez:","smPinChanged":"A PIN módosítás sikeres","smPinUnblocked":"PIN blokkolás feloldva","smPin2Changed":"A PIN2 módosítás sikeres","smPin2Unblocked":"PIN2 blokkolás feloldva","emMmiError":"Kapcsolatprobléma vagy érvénytelen MMI kód","emMmiErrorPasswordIncorrect":"Helytelen jelszó","emMmiErrorNotSupported":"Érvénytelen vagy nem támogatott MMI kód","emMmiErrorInvalidAction":"Érvénytelen művelet","emMmiErrorInvalidScCode":"Érvénytelen szolgáltatáskód","emMmiErrorBadPuk":"A beírt PUK helytelen","emMmiErrorBadPin":"A beírt régi PIN helytelen.","emMmiErrorNeedPuk2":"Írja be a PUK2-t a SIM blokkolás feloldásához","emMmiErrorMismatchPin":"A beírt PIN-ek nem egyeznek","emMmiErrorInvalidPin":"4-8 számjegyű PIN-t írjon be","emMmiErrorNeedsPuk":"A SIM kártya a PUK kóddal zárolva van","emMmiErrorEnablePin":"Sikertelen. Kapcsolja be a SIM/RUIM LOCK-ot","emMmiErrorMmiFdn":"A működés a rögzített számok hívására van korlátozva","emMmiErrorStkCcUssdDial":"Az USSD kérés módosítva DIAL kérésre","emMmiErrorStkCcUssdSs":"Az USSD kérés módosítva SS kérésre","emMmiErrorStkCcUssdUssd":"Az USSD kérés módosítva új USSD kérésre","emMmiErrorStkCcSsDial":"Az SS kérés módosítva DIAL kérésre","emMmiErrorStkCcSsUssd":"Az SS kérés módosítva USSD kérésre","emMmiErrorStkCcSsSs":"Az SS kérés módosítva új SS kérésre","emMmiErrorPinPukAttempts":{"_index":["plural","n"],"_":{"one":"Csak {{ n }} kísérlete van","two":"{{ n }} kísérlete van","few":"{{ n }} kísérlete van","many":"{{ n }} kísérlete van","other":"{{ n }} kísérlete van"}},"emMmiErrorSimBlocked":"A kísérletek maximális száma elérve. A SIM blokkolva","RadioNotAvailable":"Rádió nem érhető el","GenericFailure":"Általános hiba","PasswordIncorrect":"A jelszó helytelen","SimPin2":"SIM PIN2","SimPuk2":"SIM PUK2","RequestNotSupported":"A kérés nem támogatott","OpNotAllowedDuringVoiceCall":"A művelet nem engedélyezett hanghívás alatt","SmsSendFailRetry":"SMS küldési hiba, újra","SimAbsent":"Hiányzik a SIM","SubscriptionNotAvailable":"Az előfizetés nem érhető el","ModeNotSupported":"A mód nem támogatott","FdnCheckFailure":"Fdn ellenőrzési hiba","IllegalSimOrMe":"Illegális SIM vagy ME","DialModifiedToUssd":"Dial módosítva USSD-re","DialModifiedToSs":"Dial módosítva SS-re","DialModifiedToDial":"Dial módosítva dialra","UssdModifiedToDial":"USSD módosítva dialra","UssdModifiedToSs":"USSD módosítva SS-re","UssdModifiedToUssd":"USSD módosítva USSD-re","SsModifiedToDial":"SS módosítva dialra","SsModifiedToUssd":"SS módosítva USSD-re","SsModifiedToSs":"SS módosítva SS-re","SubscriptionNotSupported":"Az előfizetés nem támogatott","InvalidParameter":"Érvénytelen paraméter","RejectedByRemote":"A túloldal visszautasította","group-call":{"_index":["plural","n"],"_":{"one":"Csoporthívás ({{ n }})","two":"Csoporthívás ({{ n }})","few":"Csoporthívás ({{ n }})","many":"Csoporthívás ({{ n }})","other":"Csoporthívás ({{ n }})"}},"caller-left-call":"{{ caller }} befejezte a hívást.","conferenceAddError":"Nem egyesíthetők a hívások","conferenceRemoveError":"Nem választhatók szét a hívások","longDateFormat":"%B %d. %A","select-audio-sources":"Hangforrás kiválasztása","bluetooth-handsfree-device":"Bluetooth kéz nélküli eszköz","receiver":"Vevő","speaker":"Hangszóró","add":"Felvétel","done":"Kész","retry":"Próbálja újra","addContact":"Névjegy felvétele","deleteContact":"Névjegy törlése","selectContact":"Névjegy kiválasztása","editContact":"Névjegy írása","deleteConfirmMsg":"Törli a névjegyet?","remove":"Eltávolítás","comments":"Megjegyzések","no_contact_phones":"Ehhez a névjegyhez nem tartozik telefonszám","no_contact_email":"Ehhez a névjegyhez nem tartozik email-cím","removePhotoConfirm":"Eltávolítja a névjegy képét?","loadingContacts":"Névjegyek betöltése…","noContactsActivity":"Nem adható névjegyhez, mert a névjegylista üres","noName":"Nincs név","givenName":{"placeholder":"Név"},"familyName":{"placeholder":"Vezetéknév"},"tel":{"placeholder":"Telefonszám"},"carrier":{"_":"Szolgáltató","placeholder":"Szolgáltató"},"separator":",","email":{"_":"E-mail","placeholder":"E-mail"},"streetAddress":{"placeholder":"Utca"},"postalCode":{"placeholder":"Irányítószám"},"locality":{"placeholder":"Város"},"countryName":{"placeholder":"Ország"},"comment":{"placeholder":"Megjegyzés"},"org":{"placeholder":"Cég"},"custom":"Egyéni címke","date":{"_":"Dátum","placeholder":"Dátum"},"date-span-placeholder":"Date","birthday":"Születésnap","dateFormat":"%B %e.","dateOutput":"{{year}} {{dayMonthFormatted}}","anniversary":"Évforduló","addPhoto":"Kép felvétele","addPhone":"Telefonszám felvétele","addEmail":"E-mail felvétele","addAddress":"Cím felvétele","addDate":"Dátum hozzáadása","addComment":"Megjegyzés felvétele","addFavorite":"Felvétel kedvencként","removeFavorite":"Kedvenc eltávolítása","label":"Címke","home":"Otthoni","work":"Munka","personal":"Saját","faxHome":"Ott. fax","faxOffice":"Mh. fax","faxOther":"Más fax","another":"Másik","other":"Egyéb","current":"Aktuális","itemWithLabel":"{{label}}, {{item}}","exit":"Kilépés","expand":"Kibontás","labelName":"Név:","labelLastName":"Vezetéknév:","labelPhoneNumber":"Telefonszám:","labelCarrier":"Szolgáltató:","labelEmail":"E-mail:","labelStreet":"Utca:","labelZip":"Irányítószám:","labelCity":"Város:","labelCountry":"Ország:","labelComment":"Megjegyzés:","legendTitleMain":"Elsődleges információk","legendPhones":"Telefonszámok","legendEmail":"E-mail cím","legendAddress":"Cím","transferContactsTitle":"Névjegyek átvitele","importContactsTitle":"Névjegyek másolása","importContactsButton":"Névjegyek másolása","exportContactsTitle":"Névjegyek exportálása","exportContactsButton":"Névjegyek exportálása","exportContactsAction":"Exportálás","simExport-title":"Névjegyek másolása SIM kártyára","sdExport-title":"Névjegyek másolása SD kártyára","btExport-title":"Névjegyek másolása Bluetooth-on","sdUMSEnabled":"Nem érhető el az SD-kártya, mert az USB tároló üzemmód engedélyezve van","exportErrorTitle":"Exportálási hiba","contactsExported2":{"_index":["plural","exported"],"_":{"zero":"Nincs exportálva névjegy","one":"{{exported}}/{{total}} névjegy exportálva","two":"{{exported}}/{{total}} névjegy exportálva","few":"{{exported}}/{{total}} névjegy exportálva","many":"{{exported}}/{{total}} névjegy exportálva","other":"{{exported}}/{{total}} névjegy exportálva"}},"exportError-general":"Néhány hiba lépett fel az exportálás során","exportError-SD-shared":"Nem érhető el a memóriakártya, mert meg van osztva","exportError-SD-unavailable":"A memóriakártya nem érhető el","exportError-SD-noSpace":"Nincs elég hely a memóriakártyán a névjegyek másolásához","exportError-SIM-unavailable":"A SIM kártya nem érhető el","exportError-BT-shared":"Nem érhető el a memóriakártya, mert meg van osztva","exportError-BT-unavailable":"A memóriakártya nem érhető el","exportError-BT-noSpace":"Nincs elég hely a memóriakártyán a névjegyek másolásához","simContacts-import":"Névjegyek másolása SIM-ről","simContacts-importing":"Névjegyek másolása SIM-ről…","simContacts-reading":"Olvasás a SIM kártyáról…","simContacts-error":"Nem lehet névjegyeket másolni a SIM-ről","simContacts-imported3":{"_index":["plural","n"],"_":{"zero":"Nincsenek átmásolható névjegyek a SIM-en","one":"Egy névjegy átmásolva","two":"{{n}} névjegy átmásolva","few":"{{n}} névjegy átmásolva","many":"{{n}} névjegy átmásolva","other":"{{n}} névjegy átmásolva"}},"noSimMsgExport":"Névjegyek exportálásához helyezze be vagy oldja fel SIM-kártyáját","simNumber":"{{number}}. SIM","memoryCardContacts-import":"Névjegyek másolása memóriakártyáról","memoryCardContacts-importing":"Névjegyek másolása memóriakártyáról…","memoryCardContacts-reading":"Olvasás memóriakártyáról…","memoryCardContacts-error":"Nem sikerült névjegyeket átmásolni a memóriakártyáról","memoryCardContacts-imported3":{"_index":["plural","n"],"_":{"zero":"Nincs átmásolható névjegy a memóriakártyán","one":"Egy névjegy átmásolva","two":"{{n}} névjegy átmásolva","few":"{{n}} névjegy átmásolva","many":"{{n}} névjegy átmásolva","other":"{{n}} névjegy átmásolva"}},"noMemoryCardMsgExport":"Névjegyek másolásához helyezzen be egy memóriakártyát","genericProgress":"{{current}}/{{total}}","social-network":"Közösségi hálózatok","social-link":"Névjegy összekapcsolása","social-unlink":"Névjegykapcsolat felbontása","social-unlink-confirm-title":"Fel kívánja bontani a névjegykapcsolatot?","social-unlink-confirm-accept":"Felbontás","facebook-import":"Facebook ismerősök másolása","show-fb-profile":"Facebook profil megjelenítése","msg-send":"Üzenet","wall-post":"Falára írás","facebook-import-msg":{"_index":["plural","imported"],"_":{"zero":"Nincs ismerős átmásolva (összesen: {{total}})","one":"Egy ismerős átmásolva (összesen: {{total}})","two":"{{imported}}/{{total}} ismerős átmásolva","few":"{{imported}}/{{total}} ismerős átmásolva","many":"{{imported}}/{{total}} ismerős átmásolva","other":"{{imported}}/{{total}} ismerős átmásolva"}},"facebookSwitchMsg":"Szinkronizálás","select_mobile":"Válasszon mobilt","select_email":"Válasszon e-mailt","contactsOrderBy":"Rendezés előnév szerint","bluetooth":"Bluetooth","fbUpdateFriends":"Ismerősök adatainak frissítése","cleaningFbData":"Facebook adatok eltávolítása","loggingOutFb":"Kijelentkezés Facebookról","cleanFbConfirmMsg":"Eltávolítja az összes Facebook adatot?","renewPwdMsg":"A Facebookon használt jelszava megváltozott. Frissítse a jelszavát itt is.","notEnabledYet":"Még nincs engedélyezve","genericNoConnection":"Névjegyek átmásolásához kapcsolódjon egy Wi-Fi-s vagy mobilos adathálózathoz","simCard":"SIM kártya","memoryCard":"Memóriakártya","create-new":"Új névjegy létrehozása","import-now":"Névjegyek másolása a SIM kártyáról vagy a Facebookról","no-contacts":"Nincsenek névjegyek","start-adding":"Kezdjen el felvenni néhányat","notImported":"Nincs átmásolva","imported":"Átmásolva","organise-contacts":"Névjegyek rendezése","find-merge-contacts":"Többszörös névjegyek keresése","preparing-contacts":"Névjegyek előkészítése","exportError-SIM-NoFreeRecordFound":"A SIM kártya tele","exportError-SIM-CannotAccessPhoneBook":"Nem érhető el a SIM kártya telefonkönyve","exportError-SIM-Unavailable":"Nem található SIM","exportError-SIM-GenericError":"Hiba történt egy névjegy exportálásakor","ContactManagementTitle":"Contacts Management","DeleteTitle":"Delete","bulkDeleteButton":"Delete Contacts","BulkDelCancel":"Contacts delete cancelled","DeletedTxt":{"_index":["plural","n"],"_":{"zero":"No Contact to Delete","one":"1 Contact removed","two":"{{n}} Contacts removed","few":"{{n}} Contacts removed","many":"{{n}} Contacts removed","other":"{{n}} Contacts removed"}},"DeletingContacts":"Deleting contacts","ContactConfirmDel":{"_index":["plural","n"],"_":{"zero":"No Contact to Delete","one":"Delete 1 Contact? This cannot be undone.","two":"Delete {{n}} Contacts? This cannot be undone.","few":"Delete {{n}} Contacts? This cannot be undone.","many":"Delete {{n}} Contacts? This cannot be undone.","other":"Delete {{n}} Contacts? This cannot be undone."}},"SelectedTxt":{"_index":["plural","n"],"_":{"zero":"Contacts","one":"{{n}} selected","two":"{{n}} selected","few":"{{n}} selected","many":"{{n}} selected","other":"{{n}} selected"}},"sim-picker-dial-via-with-number":"{{number}} tárcsázása a következőn:","sim-picker-select-sim":"Válasszon egy SIM kártyát","sim-picker-button":"{{ n }}. SIM","sim-picker-button-default":"(alapértelmezett)","waitDuplicateContacts":"Többszörös névjegyek keresése","waitMergingDuplicateContacts":"Többszörös névjegyek egyesítése","alertNoDuplicateContacts":"Nincsenek többszörös névjegyek","mergeDuplicateTitle":"Többszörösek egyesítése","suggestedDuplicateContacts":"Valószínű többszörös névjegyek: {{name}}","mergeActionButtonLabel":{"_index":["plural","n"],"_":{"zero":"Nincs kijelölve névjegy","one":"Egyesítés {{n}} névjeggyel","other":"Egyesítés {{n}} névjeggyel"}},"duplicatesFoundTitle":"Többszörös névjegyek","duplicatesFoundMessage":"{{name}} információi már szerepelnek a következő névjegyben"}