{"brandShortName":"B2G OS","browserBrandShortName":"Web ブラウザ","browserBrandFullName":"Mozilla Web ブラウザ","back":"戻る","noSimMsg":"連絡先をインポートするには SIM カードを挿入するかロックを解除してください","noMemoryCardMsg":"連絡先をインポートするにはメモリーカードを挿入してください","importMemoryCard":"メモリーカード","noConnection11":"Facebook の友達や連絡先をインポートするには Wi-Fi かデータ通信ネットワークに接続してください。","pincode2":"PIN コード入力","type_pin":"PIN コードを入力してください","pincodeLabel":"SIM {{n}} PIN コード","pinValidation":"PIN コードは 4 から 8 文字です。","pinError":"PIN コードが正しくありません。","pinAttemptMsg2":{"_index":["plural","n"],"_":{"one":"残り 1 回です。SIM カードがロックされる前に正しいコードを入力してください。","two":"残り {{n}} 回です。SIM カードがロックされる前に正しいコードを入力してください。","few":"残り {{n}} 回です。SIM カードがロックされる前に正しいコードを入力してください。","many":"残り {{n}} 回です。SIM カードがロックされる前に正しいコードを入力してください。","other":"残り {{n}} 回です。SIM カードがロックされる前に正しいコードを入力してください。"}},"pinLastChanceMsg":"正しい PIN コードを入力できるのはこれが最後です。入力に失敗した場合、この SIM カードを使用するには PIN ロック解除コード (PUK コード) を入力しなければなりません。","pukcode":"PUK コード入力","pukcodeTitle":"SIM {{n}} PUK コード入力","pukcodeLabel":"SIM {{n}} PUK コード","type_puk":"PUK コードを入力してください","pukValidation":"PUK コードは 8 文字です。","pukInfo":"SIM カードを使用するには PIN ロック解除コード (PUK コード) を入力する必要があります。詳しい情報は、SIM カードの取扱い説明書を参照するかご利用の携帯通信事業者にお問い合わせください。","pukError":"PUK コードが正しくありません。","pukAttemptMsg2":{"_index":["plural","n"],"_":{"one":"残り 1 回です。SIM カードが永久に使用不可になる前に正しいコードを入力してください。詳しい情報は、SIM カードの取扱説明書を参照するか、ご利用の携帯通信事業者にお問い合わせください。","two":"残り {{n}} 回です。SIM カードが永久に使用不可になる前に正しいコードを入力してください。詳しい情報は、SIM カードの取扱説明書を参照するか、ご利用の携帯通信事業者にお問い合わせください。","few":"残り {{n}} 回です。SIM カードが永久に使用不可になる前に正しいコードを入力してください。詳しい情報は、SIM カードの取扱説明書を参照するか、ご利用の携帯通信事業者にお問い合わせください。","many":"残り {{n}} 回です。SIM カードが永久に使用不可になる前に正しいコードを入力してください。詳しい情報は、SIM カードの取扱説明書を参照するか、ご利用の携帯通信事業者にお問い合わせください。","other":"残り {{n}} 回です。SIM カードが永久に使用不可になる前に正しいコードを入力してください。詳しい情報は、SIM カードの取扱説明書を参照するか、ご利用の携帯通信事業者にお問い合わせください。"}},"pukLastChanceMsg":"正しい PIN ロック解除コードを入力できるのはこれが最後です。入力に失敗した場合、この SIM カードは永久に使用できなくなります。詳しい情報は、SIM カードの取扱説明書を参照するか、ご利用の携帯通信事業者にお問い合わせください。","create_newpin":"新しい PIN コード (4～8桁の数字)","confirm_newpin":"新しい PIN コード (確認)","newpinConfirmation":"PIN コードが一致しません。","nckcode":"NCK コード入力","cckcode":"CCK コード入力","spckcode":"SPCK コード入力","nck1code":"Enter NCK1 code","nck2code":"Enter NCK2 code","hnckcode":"Enter HNCK code","rcckcode":"Enter RCCK code","rspckcode":"Enter RSPCK code","nckcodeTitle":"SIM {{n}} NCK コード入力","cckcodeTitle":"SIM {{n}} CCK コード入力","spckcodeTitle":"SIM {{n}} SPCK コード入力","nck1codeTitle":"Enter SIM {{n}} NCK1","nck2codeTitle":"Enter SIM {{n}} NCK2","hnckcodeTitle":"Enter SIM {{n}} HNCK","rcckcodeTitle":"Enter SIM {{n}} RCCK","rspckcodeTitle":"Enter SIM {{n}} RSPCK","nckcodeLabel":"SIM {{n}} NCK コード","cckcodeLabel":"SIM {{n}} CCK コード","spckcodeLabel":"SIM {{n}} SPCK コード","nck1codeLabel":"SIM {{n}} NCK1","nck2codeLabel":"SIM {{n}} NCK2","hnckcodeLabel":"SIM {{n}} HNCK","rcckcodeLabel":"SIM {{n}} RCCK","rspckcodeLabel":"SIM {{n}} RSPCK","type_nck":"NCK コードを入力してください","type_cck":"CCK コードを入力してください","type_spck":"SPCK コードを入力してください","type_nck1":"Type your NCK1 code","type_nck2":"Type your NCK2 code","type_hnck":"Type your HNCK code","type_rcck":"Type your RCCK code","type_rspck":"Type your RSPCK code","nckValidation":"NCK コードは 8 から 16 文字です。","cckValidation":"CCK コードは 8 から 16 文字です。","spckValidation":"SPCK コードは 8 から 16 文字です。","nck1Validation":"NCK1 must have between 8 and 16 characters.","nck2Validation":"NCK2 must have between 8 and 16 characters.","hnckValidation":"HNCK must have between 8 and 16 characters.","rcckValidation":"RCCK must have between 8 and 16 characters.","rspckValidation":"RSPCK must have between 8 and 16 characters.","nckErrorMsg":"NCK コードが正しくありません。","nckAttemptMsg2":{"_index":["plural","n"],"_":{"one":"ネットワークロックの解除リクエストに失敗しました。あと 1 回まで入力できます。詳しい情報は、端末の取扱説明書を参照するか、ご利用の携帯通信事業者にお問い合わせください。","two":"ネットワークロックの解除リクエストに失敗しました。あと {{n}} 回まで入力できます。詳しい情報は、端末の取扱説明書を参照するか、ご利用の携帯通信事業者にお問い合わせください。","few":"ネットワークロックの解除リクエストに失敗しました。あと {{n}} 回まで入力できます。詳しい情報は、端末の取扱説明書を参照するか、ご利用の携帯通信事業者にお問い合わせください。","many":"ネットワークロックの解除リクエストに失敗しました。あと {{n}} 回まで入力できます。詳しい情報は、端末の取扱説明書を参照するか、ご利用の携帯通信事業者にお問い合わせください。","other":"ネットワークロックの解除リクエストに失敗しました。あと {{n}} 回まで入力できます。詳しい情報は、端末の取扱説明書を参照するか、ご利用の携帯通信事業者にお問い合わせください。"}},"nckLastChanceMsg":"ネットワークロックの解除リクエストに失敗しました。正しい NCK コードを入力できるのはこれが最後です。詳しい情報は、端末の取扱説明書を参照するか、ご利用の携帯通信事業者にお問い合わせください。","skip":"スキップ","send":"送信","ok":"OK","simLocked":"SIM カードがロックされました","inputCodeRetriesLeft":{"_index":["plural","n"],"_":{"one":"残り 1 回。","two":"残り {{n}} 回。","few":"残り {{n}} 回。","many":"残り {{n}} 回。","other":"残り {{n}} 回。"}},"simManager":"SIM マネージャ","simDetail":"SIM {{n}}","simDefault":"(既定)","simDefaultMessage":"外部への通話、メッセージ送信、データ通信接続には、既定で SIM 1 がセットされます。","simSettingsMessage":"既定の設定は 環境設定 > SIM マネージャから変更できます。","simPinLocked":"SIM PIN がロックされています","noOperator":"通信事業者なし","language":"言語","english":"英語","dvorak":"英語 (Dvorak)","spanish":"スペイン語","portuguese":"ブラジル・ポルトガル語","french":"フランス語","italian":"イタリア語","arabic":"アラビア語","greek":"ギリシャ語","hebrew":"ヘブライ語","jp-kanji":"日本語","jp-kanji-desc":"漢字","traditionalChinese":"中国語 (繁体)","traditionalChinese-desc":"注音 (ZhuYin)","simplifiedChinese":"中国語 (簡体)","simplifiedChinese-desc":"ピン音 (PinYin)","3g":"データ通信","dataConnection":"データ通信を有効化","dataConnectionInfo":"データ通信を有効にすると Wi-Fi 接続なしで携帯電話をセットアップできます。後で設定から有効化することもできます。データ通信により多額の請求が発生することを避けるため、通信キャリアに定額制の料金プランを申し込んでください。","caution":"警告","geolocation":"地理位置情報","geolocationCheckbox":"位置情報の送信を有効化","geolocationInfo2":"{{brandShortName}} は、ご利用地点の GPS や Wi-Fi、その他のモバイルネットワークなどのデータを利用しておおよその位置情報を決定します。","geolocationInfoMore":"このデータは、Mozilla と他のサービスプロバイダに送信され、位置情報データベースを改善するために集計されます。このデータは、ご使用の端末に保存され、アプリが実行中でない時にもデータが収集されることがあります。","notice":"通知","aboutYourPrivacy":"あなたのプライバシーについて","wifi":"Wi-Fi","scanningNetworks":"ネットワーク検索中","selectNetwork":"ネットワークを選択してください","shortStatus-connecting":"接続中…","shortStatus-associated":"IP アドレス取得中…","shortStatus-connected":"接続完了","shortStatus-connectingfailed":"接続失敗","shortStatus-disconnected":"オフライン","securedBy":"{{capabilities}} による保護","security":"セキュリティ","securityNone":"なし","securityWEP":"WEP","securityWPA-PSK":"WPA-PSK","securityWPA-EAP":"WPA-EAP","securityOpen":"オープン","identity":"ID","identityInput":{"placeholder":"ID"},"password":"パスワード","passwordInput":{"placeholder":"パスワード"},"showPassword":"パスワードを表示する","refresh":"更新","noWifiFound3":"無線ネットワークが見つかりませんでした","join-hidden-button":"隠しネットワークに参加","authentication":"認証方式","ssid-name":"SSID ネットワーク名","dateAndTime":"日付と時刻","setTimeAutomatically":"自動調整","timezoneMessage":"タイムゾーン","timezoneTitle":"UTC{{utcOffset}} {{region}}/{{city}}","dateMessage":"日付","timeMessage":"時刻","timeZone":"タイムゾーン","change":"変更","importContacts3":"連絡先のインポート","importSim2":"SIM カード","importFb2":"Facebook","importOutlook":"Outlook","importGmail":"Gmail","fb-checking":"… 確認中","notImportedYet":"まだインポートされていません","otherAccount":"他のアカウント","mobile":"携帯","afterFbImport":"Facebook の友達は連絡先設定からいつでもインポートと編集ができます","firefox-accounts":"Firefox Accounts","fxa-overview":{"innerHTML":"A Firefox Account lets you use features like Find My Device and apps like the Firefox Marketplace."},"fxa-create-account-or-sign-in":"Create Account or Sign In","fxa-email-sent":"A verification link has been sent to {{email}}","about-your-rights-0":"{{brandShortName}} は無料のオープンソースソフトウェアであり、世界中の多数のコミュニティによって開発されています。ご利用に際してはいくつか知っておいていただきたいことがあります:","about-your-rights-1":"{{brandShortName}} は、Mozilla Public License を含むいくつかのオープンソースライセンスの条項下で提供されます。ただし、{{brandShortName}} を実行している端末には、サードパーティから提供された独占的なソフトウェアが含まれていることがあります。あなたは、これらのオープンソースライセンスの条項下で提供されたコードを使用、複製、配布することができます。あなたはまた、Firefox のソースコードを必要に応じて修正することもできます。Mozilla Public License では、あなたが修正したバージョンを配布することも認めています。","about-your-rights-2":"Mozilla Foundation とその関係団体の商標およびロゴについては、{{brandShortName}} の製品名およびロゴを含めこれに限定されず、何らの権利もあなたに与えるものではありません。","about-your-rights-3":"クラッシュレポータなど {{brandShortName}} の一部の機能には、Mozilla へフィードバックを送信するオプションがあります。あなたがフィードバックの送信を選択することにより、Mozilla がそのフィードバックを製品の改善および Mozilla Web サイトでの公開、配布のために使用する許可を Mozilla に与えるものとします。","about-other":"その他","SIM_mandatory":"SIM カード警告","SIM_mandatory_warm":"SIM カードを挿入し、端末を再起動してください。","sharing-performance-data":"パフォーマンスデータの共有","telemetry-sends":"Telemetry は、パフォーマンスやハードウェア、{{brandShortName}} 端末の設定とカスタマイズについての詳細な情報を Mozilla に送信します。これらの情報は、私たちの製品をより良くする速さと応答性の改善のために使用されます。","learn-more-telemetry":{"innerHTML":"Learn more at {{link}}"},"learn-more-information":{"innerHTML":"Learn how Mozilla handles your information at {{link}}"},"welcomeBrowser":"Mozilla がお届けする自由なオープンソースのオペレーティングシステム {{brandShortName}} をご使用いただきありがとうございます。私たちのミッションは、Web の活力をあなたの手に委ねることによって、オープン性と革新、機会を促進することです。","learn-more-privacy":{"innerHTML":"Learn how Mozilla handles your information in our {{link}}."},"learn-more-privacy-link":"privacy policy","aboutBrowser":"{{brandShortName}} について","aboutYourPrivacy2":"あなたのプライバシーについて","mozillaCommunity2":"{{brandShortName}} をご使用いただくと、グローバルコミュニティの一員として、Web の明るい未来を構築する助けになります。Mozilla コミュニティや私たちの他の製品、お近くで開催されるイベントについて詳しく知りたい方は、以下にメールアドレスをご記入ください。","collaborate":"{{brandShortName}} の改善に協力するため携帯端末についてのデータを共有します。","learnMore":"詳細情報","emailAddress":{"placeholder":"メールアドレス"},"email-successfully-added":"メールアドレスが追加されました","email-loading":"メールアドレスを保存しています…","browserPrivacyChoices":"{{brandShortName}} プライバシーの選択","privacy-b2g":{"_":"{{brandShortName}}","title":"{{brandShortName}}"},"privacy-marketplace":{"_":"Marketplace","title":"{{privacy-marketplace}}"},"privacy-e-me":{"_":"everything.me","title":"{{privacy-e-me}}"},"navbar-back":"戻る","navbar-next":"次へ","navbar-join":"参加","thatsIt":"ツアー終わり！","startYourPhone":"はじめてガイドへようこそ！","startYourTablet":"はじめてガイドへようこそ！","joinTutorial":"これから使い始める端末の短いガイドツアーに参加してください。","enjoyYourPhone":"基本的な操作はこれだけです。お好みのアプリを開いてみましょう。","optionsAvailable":"表示言語や日付と時刻、Wi-Fi 接続は設定から変更できます。","letsGo":"ホーム画面へ進む","startTour":"ツアー開始","thatsIt1Tablet-2":"いつでも画面下端からスワイプするとホーム画面へ移動できます。","thatsIt2Tablet-2":"操作してみましょう！","tutorial-step1-tiny":"アプリを見るには、画面を右から左へスワイプします (指でなぞります) 。","tutorial-step2-tiny":"アイコンを長押しすると、そのアプリの削除や移動ができます。","tutorial-step3-tiny":"キーワードやトピックを入力すると、適切なアプリが表示されます。","tutorial-step4-tiny":"画面を下へスワイプすると、最近の通知、クレジット情報、設定へアクセスできます。","tutorial-step5-tiny":"ホームボタンを長押しすると、最近使用したアプリを見たり閉じたりできます。","tutorial-step6-tiny":"画面端からスワイプすると、最近使用したアプリへ戻ったり進んだりできます。","tutorial-step1-large-2":"画面上端を下へスワイプする (指でなぞる) と、最近の通知、クレジット情報、設定へアクセスできます。","tutorial-step2-large-2":"ホーム画面上の新しいアプリを探すには、画面を左または右へスワイプします (指でなぞります) 。","tutorial-step3-large-2":"アイコンを長押しすると、そのアプリの削除や移動ができます。","tutorial-step4-large-2":"二本指で画面下端から上へスワイプするとカードビューが開きます。","offline-dialog-title":"ページを表示するにはインターネットに接続する必要があります。","offline-dialog-text":"前のページへ戻り、インターネットに接続してください。このページは後で設定から表示するか、ブラウザに {{url}} を入力して表示することもできます。","OK":"OK","offline-newsletter-dialog-title":"ニュースレターを購読するにはインターネットに接続する必要があります。","offline-newsletter-dialog-text":"前のページへ戻り、インターネットに接続してください。","invalid-email-dialog-title":"メールアドレスが正しくありません","invalid-email-dialog-text":"前のページへ戻り、正しく記入してください。","cancel":"キャンセル","weekday-0-long":"日曜日","weekday-1-long":"月曜日","weekday-2-long":"火曜日","weekday-3-long":"水曜日","weekday-4-long":"木曜日","weekday-5-long":"金曜日","weekday-6-long":"土曜日","weekday-0-short":"日","weekday-1-short":"月","weekday-2-short":"火","weekday-3-short":"水","weekday-4-short":"木","weekday-5-short":"金","weekday-6-short":"土","month-0-long":"1月","month-1-long":"2月","month-2-long":"3月","month-3-long":"4月","month-4-long":"5月","month-5-long":"6月","month-6-long":"7月","month-7-long":"8月","month-8-long":"9月","month-9-long":"10月","month-10-long":"11月","month-11-long":"12月","month-0-genitive":"1月","month-1-genitive":"2月","month-2-genitive":"3月","month-3-genitive":"4月","month-4-genitive":"5月","month-5-genitive":"6月","month-6-genitive":"7月","month-7-genitive":"8月","month-8-genitive":"9月","month-9-genitive":"10月","month-10-genitive":"11月","month-11-genitive":"12月","month-0-short":"1月","month-1-short":"2月","month-2-short":"3月","month-3-short":"4月","month-4-short":"5月","month-5-short":"6月","month-6-short":"7月","month-7-short":"8月","month-8-short":"9月","month-9-short":"10月","month-10-short":"11月","month-11-short":"12月","minutes-ago-long":{"_index":["plural","value"],"_":{"zero":"現在","one":"1分前","two":"{{value}}分前","few":"{{value}}分前","many":"{{value}}分前","other":"{{value}}分前"}},"hours-ago-long":{"_index":["plural","value"],"_":{"zero":"現在","one":"1時間前","two":"{{value}}時間前","few":"{{value}}時間前","many":"{{value}}時間前","other":"{{value}}時間前"}},"days-ago-long":{"_index":["plural","value"],"_":{"zero":"今日","one":"昨日","two":"{{value}}日前","few":"{{value}}日前","many":"{{value}}日前","other":"{{value}}日前"}},"weeks-ago-long":{"_index":["plural","value"],"_":{"zero":"今週","one":"先週","two":"{{value}}週間前","few":"{{value}}週間前","many":"{{value}}週間前","other":"{{value}}週間前"}},"months-ago-long":{"_index":["plural","value"],"_":{"zero":"今月","one":"先月","two":"{{value}}か月前","few":"{{value}}か月前","many":"{{value}}か月前","other":"{{value}}か月前"}},"years-ago-long":{"_index":["plural","value"],"_":{"zero":"今年","one":"昨年","two":"{{value}}年前","few":"{{value}}年前","many":"{{value}}年前","other":"{{value}}年前"}},"minutes-until-long":{"_index":["plural","value"],"_":{"zero":"現在","one":"1分後","two":"{{value}}分後","few":"{{value}}分後","many":"{{value}}分後","other":"{{value}}分後"}},"hours-until-long":{"_index":["plural","value"],"_":{"zero":"現在","one":"1時間後","two":"{{value}}時間後","few":"{{value}}時間後","many":"{{value}}時間後","other":"{{value}}時間後"}},"days-until-long":{"_index":["plural","value"],"_":{"zero":"今日","one":"明日","two":"{{value}}日後","few":"{{value}}日後","many":"{{value}}日後","other":"{{value}}日後"}},"weeks-until-long":{"_index":["plural","value"],"_":{"zero":"今週","one":"来週","two":"{{value}}週間後","few":"{{value}}週間後","many":"{{value}}週間後","other":"{{value}}週間後"}},"months-until-long":{"_index":["plural","value"],"_":{"zero":"今月","one":"来月","two":"{{value}}か月後","few":"{{value}}か月後","many":"{{value}}か月後","other":"{{value}}か月後"}},"years-until-long":{"_index":["plural","value"],"_":{"zero":"今年","one":"来年","two":"{{value}}年後","few":"{{value}}年後","many":"{{value}}年後","other":"{{value}}年後"}},"minutes-ago-short":{"_index":["plural","value"],"_":{"zero":"今","other":"{{value}}分前"}},"hours-ago-short":{"_index":["plural","value"],"_":{"zero":"今","other":"{{value}}時間前"}},"days-ago-short":{"_index":["plural","value"],"_":{"zero":"今日","other":"{{value}}日前"}},"minutes-until-short":{"_index":["plural","value"],"_":{"zero":"今","other":"{{value}}分後"}},"hours-until-short":{"_index":["plural","value"],"_":{"zero":"今","other":"{{value}}時間後"}},"days-until-short":{"_index":["plural","value"],"_":{"zero":"今日","other":"{{value}}日後"}},"incorrectDate":"(日付が不正です)","dateTimeFormat_%c":"%Y年%b%e日(%a) %I:%M:%S %p","dateTimeFormat_%x":"%Y/%m/%d","dateTimeFormat_%X":"%I:%M:%S %p","shortTimeFormat":"%I:%M %p","shortDateTimeFormat":"%x %I:%M %p","weekStartsOnMonday":"0","time_am":"午前","time_pm":"午後","tz-region":"地域","tz-city":"都市","tzRegion-Africa":"アフリカ","tzRegion-America":"アメリカ","tzRegion-Antarctica":"南極","tzRegion-Asia":"アジア","tzRegion-Atlantic":"大西洋","tzRegion-Australia":"オーストラリア","tzRegion-Europe":"ヨーロッパ","tzRegion-Indian":"インド洋","tzRegion-Pacific":"太平洋","close":"Close","import":"Import","update":"Update","fbFriends":"Facebook Friends","live-serviceName":"Outlook","gmail-serviceName":"Gmail","facebook-serviceName":"Facebook Friends","selectAll":"Select all","deselectAll":"Deselect all","viewAll":"View All Facebook Friends","viewRecommend":"View Only Recommended","linkProposal":{"_index":["plural","numFriends"],"_":{"zero":"No matching friends. Showing all","one":"Select the recommended one","two":"Select a recommended one","few":"Select a recommended one","many":"Select a recommended one","other":"Select a recommended one"}},"fbFriendsFound":{"_index":["plural","numFriends"],"_":{"zero":"All your friends are imported","one":"Found one friend to import","two":"Found {{numFriends}} friends to import","few":"Found {{numFriends}} friends to import","many":"Found {{numFriends}} friends to import","other":"Found {{numFriends}} friends to import"}},"facebook":"Facebook","search-contact":{"placeholder":"Search"},"noResults":"No contacts found","done-search":"Done","progressFB3ImportTitle":"Importing friends to Contacts","progressFB":"{{current}}/{{total}}","progressFB3UpdateTitle":"Updating friends in Contacts","message2":"This may take a couple of minutes","messageLinking":"Please hold on. We are linking your friend and your contact.","messageCanceling":"Please hold on. We are canceling the ongoing operation.","error1":"Error {{from}}","error2":"Do you want to retry?","errorProposal":"calculating proposals","errorFriends":"retrieving friends","errorLinking":"linking contact","timeout1":"Exceeded timeout {{from}}","timeout2":"Do you want to retry?","timeoutProposal":"calculating proposals","timeoutFriends":"retrieving friends","timeoutLinking":"linking contacts","wait1":"Please hold on","wait2":"This may take a couple of minutes","waitProposal":"Please hold on. We are calculating a proposal.","waitFriends":"Please hold on. We are connecting to obtain your friend list.","curtainCancel":"Cancel","curtainRetry":"Retry","curtainOK":"OK","connectionLost":"No Internet connection","connectionLostMsg":"Friends’ photos will not be added to your contacts. Continue anyway?","yesOption":"OK","noOption":"Cancel","friendsUpdated":{"_index":["plural","numFriends"],"_":{"zero":"No friends updated","one":"Updated one friend","two":"Updated {{numFriends}} friends","few":"Updated {{numFriends}} friends","many":"Updated {{numFriends}} friends","other":"Updated {{numFriends}} friends"}},"notificationLogin":"Your Facebook session is invalid. Please sign in.","syncError":"There was an error synchronizing your friend’s data","callAirplaneModeMessage":"発信するには機内モードを OFF にする必要があります。","callAirplaneModeBtnOk":"OK","callAirplaneModeTitle":"機内モードが ON です","numberIsBusyTitle":"相手が話し中です","numberIsBusyMessage":"電話番号の相手が現在話し中です。後でおかけ直しください。","fdnIsActiveTitle":"FDN active","fdnIsActiveMessage":"FDN (Fixed Dialing Numbers) is activated and the following number is not in your FDN list: {{ number }}","voiceMail":"ボイスメール","emergencyNumber":"緊急通報用電話番号","emergencyDialogBodyBadNumber":"発信するにはネットワーク設定を行う必要があります。","emergencyDialogBodyDeviceNotAccepted":"緊急通報はネットワークにより許可されていません。","emergencyDialogBtnOk":"OK","emergencyDialogTitle":"ネットワーク未接続","invalidNumberToDialTitle":"電話番号が正しくありません","invalidNumberToDialMessage":"おかけになった電話番号は正しくありません。","unableToCallTitle":"電話の発信ができません","unableToCallMessage":"発信できません。ダイヤル中の場合は先に発信ボタンを押してください。","otherConnectionInUseTitle":"他の回線が使用中です","otherConnectionInUseMessage":"別の回線で通話中です。同時に使用できる回線は 1 本までです。","addNewNumber":"Add new number","addToExistingContact":"既存の連絡先に追加","all":"すべて","asterisk":{"ariaLabel":"Asterisk"},"callLog":"通話履歴","callLogEdit":{"title":"Edit call log"},"callLogEditDialog":{"ariaLabel":"Edit call log dialog"},"connecting":"発信中","cf-async":"Asynchronous: {{ async }}\\n","cf-data":"Data: {{ data }}\\n","cf-error":"転送状態の取得中にエラーが発生しました","cf-fax":"FAX: {{ fax }}\\n","cf-inactive":"停止中","cf-packet":"Packet: {{ packet }}\\n","cf-pad":"PAD: {{ pad }}\\n","cf-sms":"SMS: {{ sms }}\\n","cf-status":"転送状態\\n","cf-sync":"Synchronous: {{ sync }}\\n","cf-voice":"Voice: {{ voice }}\\n","confirm-deletion":"選択した履歴を削除しますか？","contacts":"連絡先","createNewContact":"連絡先を新規登録","delete":"Delete","dialerAddContact":{"ariaLabel":"Add contact"},"dialerAddContactDialog":{"ariaLabel":"Add Contact Dialog"},"edit-selected":{"_index":["plural","n"],"_":{"one":"{{ n }} 件選択","two":"{{ n }} 件選択","few":"{{ n }} 件選択","many":"{{ n }} 件選択","other":"{{ n }} 件選択"}},"edit":"編集","hashSign":{"ariaLabel":"Hash sign"},"hideKeypad":{"ariaLabel":"Hide keypad"},"ignore":"着信拒否","incoming":"着信","keypad":{"ariaLabel":"Keypad"},"keypadDelete":{"ariaLabel":"Delete"},"makeCall":{"ariaLabel":"Make call"},"merge":"併合","missed":"不在着信","missedCall":"不在着信","missedCallMultiSims":"(SIM {{ n }}) 不在着信","mmi-error":"メッセージの送信中にエラーが発生しました","mmi-session-expired":"セッションの有効期限が切れました","mmi-successfully-sent":"メッセージが送信されました","mute":{"ariaLabel":"Mute"},"newCall":{"ariaLabel":"New call"},"no-logs-msg-1":"通話履歴はありません","no-logs-msg-2":"通話を開始してください","no-logs-msg-3":"不在着信はありません","phoneNumberInput":{"ariaLabel":"Phone number"},"recents":{"ariaLabel":"Recent calls"},"reply":"返信","switch-calls":"発信先の切り替え","today":"今日","voiceMailKey":{"ariaLabel":"Voicemail"},"withheld-number":"番号非通知","from-contact":"{{ contact }} からの着信","from-number":"{{ number }} からの着信","from-withheld-number":"番号非通知の着信","yesterday":"昨日","sending":"送信中…","speakerOption":{"ariaLabel":"Speaker"},"ussd-services":"{{ operator }} サービス","toggleKeypad":{"ariaLabel":"Toggle keypad"},"type-your-response":{"placeholder":"応答を入力してください…"},"clear-all-text":"すべてのテキストを消去","hide":"隠す","call":"発信","hold":"保留","resume":"再開","sendSms":"メッセージ送信","callEnded":"通話終了","via-sim":"使用回線 SIM{{ n }}","sim-number":"SIM{{ n }}","hangup-a11y-button":{"aria-label":"応答"},"pickup-a11y-button":{"aria-label":"選択"},"unlock-a11y-button":{"aria-label":"スライダー"},"settings":"設定","delete-n-log?":{"_index":["plural","n"],"_":{"zero":"選択されていません","one":"選択した履歴を削除しますか？","two":"履歴を {{ n }} 件削除しますか？","few":"履歴を {{ n }} 件削除しますか？","many":"履歴を {{ n }} 件削除しますか？","other":"履歴を {{ n }} 件削除しますか？"}},"callDurationMinutes":"{{ m }}:{{ s }}","callDurationHours":"{{ h }}:{{ m }}:{{ s}}","suggestionMatches":{"_index":["plural","n"],"_":{"one":"{{ n }} 件が \"{{ matchNumber }}\" と一致しました","two":"{{ n }} 件が \"{{ matchNumber }}\" と一致しました","few":"{{ n }} 件が \"{{ matchNumber }}\" と一致しました","many":"{{ n }} 件が \"{{ matchNumber }}\" と一致しました","other":"{{ n }} 件が \"{{ matchNumber }}\" と一致しました"}},"scCallBarring":"ダイヤル発信制限","scCallForwarding":"着信転送","scClip":"発信者番号の受信","scClir":"発信者番号の送信","scPwd":"パスワード変更","scCallWaiting":"割込通話","scPin":"PIN 変更","scPin2":"PIN2 変更","scPuk":"PIN ブロック解除","scPuk2":"PIN2 ブロック解除","scImei":"IMEI","scUssd":"USSD","serviceClassVoice":"音声","serviceClassData":"データ","serviceClassFax":"FAX","serviceClassSms":"SMS","serviceClassDataSync":"同期","serviceClassDataAsync":"非同期","serviceClassPacket":"パケット","serviceClassPad":"PAD","smServiceEnabled":"サービスを有効化しました","smServiceDisabled":"サービスは無効化されています","smServiceRegistered":"登録完了しました","smServiceErased":"抹消完了しました","smServiceInterrogated":"リクエストが完了しました","smServiceNotProvisioned":"サービスは用意されていません","smClirPermanent":"発信者番号を変更することはできません","smClirDefaultOnNextCallOn":"発信者番号の通知は制限されています。次回の発信: 制限あり","smClirDefaultOnNextCallOff":"発信者番号の通知は制限されています。次回の発信: 制限なし","smClirDefaultOffNextCallOn":"発信者番号の通知は制限されていません。次回の発信: 制限あり","smClirDefaultOffNextCallOff":"発信者番号の通知は制限されていません。次回の発信: 制限なし","smServiceEnabledFor":"サービスを有効化しました:","smPinChanged":"PIN コードが変更されました","smPinUnblocked":"PIN コードのブロックが解除されました","smPin2Changed":"PIN2 コードが変更されました","smPin2Unblocked":"PIN2 コードのブロックが解除されました","emMmiError":"接続に問題があるか MMI コードが正しくありません","emMmiErrorPasswordIncorrect":"パスワードが正しくありません","emMmiErrorNotSupported":"MMI コードが正しくないかサポートされていません","emMmiErrorInvalidAction":"動作が正しくありません","emMmiErrorInvalidScCode":"サービスコードが正しくありません","emMmiErrorBadPuk":"入力された PUK コードが正しくありません","emMmiErrorBadPin":"入力された古い PIN コードが正しくありません","emMmiErrorNeedPuk2":"SIM カードのブロックを解除するには PUK2 コードを入力してください","emMmiErrorMismatchPin":"入力された PIN コードが一致しません","emMmiErrorInvalidPin":"PIN コードは 4 桁から 8 桁の数字を入力してください","emMmiErrorNeedsPuk":"SIM カードが PUK コードでロックされています","emMmiErrorEnablePin":"解除に失敗したため、SIM/RUIM をロックします","emMmiErrorMmiFdn":"固定ダイヤル番号への発信のみに制限されています","emMmiErrorStkCcUssdDial":"非構造付加サービスデータ (USSD) リクエストはダイヤル発信 (DIAL) リクエストに変更されています","emMmiErrorStkCcUssdSs":"非構造付加サービスデータ (USSD) リクエストは付加サービス (SS) リクエストに変更されています","emMmiErrorStkCcUssdUssd":"非構造付加サービスデータ (USSD) リクエストは新しい USSD リクエストに変更されています","emMmiErrorStkCcSsDial":"付加サービス (SS) リクエストはダイヤル発信 (DIAL) リクエストに変更されています","emMmiErrorStkCcSsUssd":"付加サービス (SS) リクエストは非構造付加サービスデータ (USSD) リクエストに変更されています","emMmiErrorStkCcSsSs":"付加サービス (SS) リクエストは新しい SS リクエストに変更されています","emMmiErrorPinPukAttempts":{"_index":["plural","n"],"_":{"one":"残り {{ n }} 回 (最後)","two":"残り {{ n }} 回","few":"残り {{ n }} 回","many":"残り {{ n }} 回","other":"残り {{ n }} 回"}},"emMmiErrorSimBlocked":"入力可能回数の上限を超えました。SIM カードをブロックします。","RadioNotAvailable":"ラジオは利用できません","GenericFailure":"一般エラー","PasswordIncorrect":"パスワードが正しくありません","SimPin2":"SIM PIN2 コード","SimPuk2":"SIM PUK2 コード","RequestNotSupported":"未サポートのリクエスト","OpNotAllowedDuringVoiceCall":"音声発信中の操作は許可されていません","SmsSendFailRetry":"SMS 送信失敗による再試行","SimAbsent":"SIM カード無し","SubscriptionNotAvailable":"サブスクリプションは利用できません","ModeNotSupported":"未サポートのモード","FdnCheckFailure":"固定電話番号の確認失敗","IllegalSimOrMe":"違法な SIM または ME","DialModifiedToUssd":"ダイヤル発信が USSD に変更されました","DialModifiedToSs":"ダイヤル発信が付加サービスに変更されました","DialModifiedToDial":"ダイヤル発信がダイヤル発信に変更されました","UssdModifiedToDial":"USSD がダイヤル発信に変更されました","UssdModifiedToSs":"USSD が付加サービスに変更されました","UssdModifiedToUssd":"USSD が USSD に変更されました","SsModifiedToDial":"付加サービスがダイヤル発信に変更されました","SsModifiedToUssd":"付加サービスが USSD に変更されました","SsModifiedToSs":"付加サービスが付加サービスに変更されました","SubscriptionNotSupported":"未サポートのサブスクリプション","InvalidParameter":"パラメータが正しくありません","RejectedByRemote":"リモートから拒否されました","group-call":{"_index":["plural","n"],"_":{"one":"グループ通話 ({{ n }})","two":"グループ通話 ({{ n }})","few":"グループ通話 ({{ n }})","many":"グループ通話 ({{ n }})","other":"グループ通話 ({{ n }})"}},"caller-left-call":"{{ caller }} さんが通話を終了しました。","conferenceAddError":"グループ通話に合流できません","conferenceRemoveError":"グループ通話から離脱できません","longDateFormat":"%B%e日(%a)","select-audio-sources":"音声出力元を選択してください","bluetooth-handsfree-device":"Bluetooth ハンズフリー機器","receiver":"レシーバ","speaker":"スピーカ","add":"追加","done":"完了","retry":"再試行","addContact":"連絡先を追加","deleteContact":"連絡先を削除","selectContact":"連絡先を選択","editContact":"連絡先を編集","deleteConfirmMsg":"連絡先を削除してもよろしいですか？","remove":"削除","comments":"備考","no_contact_phones":"この連絡先には電話番号が含まれていません","no_contact_email":"この連絡先にはメールアドレスが含まれていません","removePhotoConfirm":"連絡先から写真を削除してもよろしいですか？","loadingContacts":"連絡先を読込中","noContactsActivity":"連絡先リストが空のため連絡先に追加できません","noName":"無名","givenName":{"placeholder":"名前"},"familyName":{"placeholder":"姓"},"tel":{"placeholder":"電話番号"},"carrier":{"_":"通信事業者","placeholder":"通信事業者"},"separator":",","email":{"_":"メールアドレス","placeholder":"メールアドレス"},"streetAddress":{"placeholder":"番地"},"postalCode":{"placeholder":"郵便番号"},"locality":{"placeholder":"市区町村"},"countryName":{"placeholder":"都道府県"},"comment":{"placeholder":"備考"},"org":{"placeholder":"所属組織"},"custom":"カスタムタグ","date":{"_":"日付","placeholder":"日付"},"date-span-placeholder":"Date","birthday":"誕生日","dateFormat":"%B%e日","dateOutput":"{{year}}年{{dayMonthFormatted}}","anniversary":"記念日","addPhoto":"画像を追加","addPhone":"電話番号を追加","addEmail":"メールアドレスを追加","addAddress":"住所を追加","addDate":"日付を追加","addComment":"備考を追加","addFavorite":"お気に入りに追加","removeFavorite":"お気に入りから削除","label":"ラベル","home":"自宅","work":"勤務先","personal":"個人","faxHome":"自宅の FAX","faxOffice":"勤務先 FAX","faxOther":"その他 FAX","another":"予備","other":"その他","current":"現住所","itemWithLabel":"{{label}}, {{item}}","exit":"終了","expand":"広げる","labelName":"名前:","labelLastName":"姓:","labelPhoneNumber":"電話番号:","labelCarrier":"通信事業者:","labelEmail":"メールアドレス:","labelStreet":"番地:","labelZip":"郵便番号:","labelCity":"市区町村:","labelCountry":"都道府県:","labelComment":"備考:","legendTitleMain":"メイン情報","legendPhones":"電話番号","legendEmail":"メールアドレス","legendAddress":"所在地","transferContactsTitle":"連絡先の転送","importContactsTitle":"連絡先のインポート","importContactsButton":"連絡先をインポート","exportContactsTitle":"連絡先のエクスポート","exportContactsButton":"連絡先をエクスポート","exportContactsAction":"エクスポート","simExport-title":"SIM カードにエクスポート","sdExport-title":"SD カードにエクスポート","btExport-title":"Bluetooth 経由でエクスポート","sdUMSEnabled":"USB ストレージが有効なため SD カードを使用できません","exportErrorTitle":"エクスポートエラー","contactsExported2":{"_index":["plural","exported"],"_":{"zero":"エクスポートする連絡先はありません","one":"{{exported}}/{{total}} 件の連絡先をエクスポートしました","two":"{{exported}}/{{total}} 件の連絡先をエクスポートしました","few":"{{exported}}/{{total}} 件の連絡先をエクスポートしました","many":"{{exported}}/{{total}} 件の連絡先をエクスポートしました","other":"{{exported}}/{{total}} 件の連絡先をエクスポートしました"}},"exportError-general":"エクスポート中にエラーが発生しました","exportError-SD-shared":"メモリーカードが共有されているためアクセスできません","exportError-SD-unavailable":"メモリーカードが利用できません","exportError-SD-noSpace":"メモリーカードに連絡先をエクスポートするための十分な空き領域がありません","exportError-SIM-unavailable":"SIM カードが利用できません","exportError-BT-shared":"メモリーカードが共有されているためアクセスできません","exportError-BT-unavailable":"メモリーカードが利用できません","exportError-BT-noSpace":"メモリーカードに連絡先をエクスポートするための十分な空き領域がありません","simContacts-import":"SIM の連絡先をインポート","simContacts-importing":"SIM の連絡先をインポート中…","simContacts-reading":"SIM カードから読み込み中…","simContacts-error":"連絡先のインポートに失敗しました","simContacts-imported3":{"_index":["plural","n"],"_":{"zero":"SIM カードにインポートする連絡先はありません","one":"1 件の連絡先をインポートしました","two":"{{n}} 件の連絡先をインポートしました","few":"{{n}} 件の連絡先をインポートしました","many":"{{n}} 件の連絡先をインポートしました","other":"{{n}} 件の連絡先をインポートしました"}},"noSimMsgExport":"連絡先をエクスポートするには SIM カードを挿入するかロックを解除してください","simNumber":"SIM {{number}}","memoryCardContacts-import":"メモリーカードから連絡先をインポート","memoryCardContacts-importing":"メモリーカードから連絡先をインポート中…","memoryCardContacts-reading":"メモリーカードから読み込み中…","memoryCardContacts-error":"メモリーカードから連絡先をインポートできませんでした","memoryCardContacts-imported3":{"_index":["plural","n"],"_":{"zero":"メモリーカードにインポートする連絡先はありません","one":"1 件の連絡先をインポートしました","two":"{{n}} 件の連絡先をインポートしました","few":"{{n}} 件の連絡先をインポートしました","many":"{{n}} 件の連絡先をインポートしました","other":"{{n}} 件の連絡先をインポートしました"}},"noMemoryCardMsgExport":"連絡先をエクスポートするにはメモリーカードを挿入してください","genericProgress":"{{current}}/{{total}}","social-network":"SNS","social-link":"Facebook で探す","social-unlink":"Facebook の登録情報を削除","social-unlink-confirm-title":"友達の登録情報を削除してもよろしいですか？","social-unlink-confirm-accept":"登録情報削除","facebook-import":"Facebook の友達を読み込む","show-fb-profile":"Facebookのプロフィールを表示","msg-send":"メッセージ","wall-post":"Wall に投稿","facebook-import-msg":{"_index":["plural","imported"],"_":{"zero":"インポートされた友達はいません (他 {{total}} 名)","one":"1 名の友達をインポートしました (他 {{total}} 名)","two":"{{imported}}/{{total}} 名の友達をインポートしました","few":"{{imported}}/{{total}} 名の友達をインポートしました","many":"{{imported}}/{{total}} 名の友達をインポートしました","other":"{{imported}}/{{total}} 名の友達をインポートしました"}},"facebookSwitchMsg":"友達を同期","select_mobile":"モバイルを選択","select_email":"メールを選択","contactsOrderBy":"姓で並べ替え","bluetooth":"Bluetooth","fbUpdateFriends":"友達リストを更新","cleaningFbData":"Facebook データを削除","loggingOutFb":"Facebook からログアウト","cleanFbConfirmMsg":"すべての Facebook データを削除しますか？","renewPwdMsg":"Facebook のパスワードが変更されています。更新してください。","notEnabledYet":"有効化されていません","genericNoConnection":"連絡先をインポートするには Wi-Fi かデータ通信ネットワークに接続してください。","simCard":"SIM カード","memoryCard":"メモリーカード","create-new":"連絡先を追加します","import-now":"SIM カードまたは Facebook から連絡先をインポートします","no-contacts":"連絡先項目がありません","start-adding":"連絡先を追加してください","notImported":"未インポート","imported":"インポート済み","organise-contacts":"連絡先の管理","find-merge-contacts":"連絡先が重複していないか調べる","preparing-contacts":"連絡先を準備しています","exportError-SIM-NoFreeRecordFound":"SIM カードが満杯です","exportError-SIM-CannotAccessPhoneBook":"SIM カードの電話帳にアクセスできません","exportError-SIM-Unavailable":"SIM カードがありません","exportError-SIM-GenericError":"連絡先のエクスポート中にエラーが発生しました","ContactManagementTitle":"Contacts Management","DeleteTitle":"Delete","bulkDeleteButton":"Delete Contacts","BulkDelCancel":"Contacts delete cancelled","DeletedTxt":{"_index":["plural","n"],"_":{"zero":"No Contact to Delete","one":"1 Contact removed","two":"{{n}} Contacts removed","few":"{{n}} Contacts removed","many":"{{n}} Contacts removed","other":"{{n}} Contacts removed"}},"DeletingContacts":"Deleting contacts","ContactConfirmDel":{"_index":["plural","n"],"_":{"zero":"No Contact to Delete","one":"Delete 1 Contact? This cannot be undone.","two":"Delete {{n}} Contacts? This cannot be undone.","few":"Delete {{n}} Contacts? This cannot be undone.","many":"Delete {{n}} Contacts? This cannot be undone.","other":"Delete {{n}} Contacts? This cannot be undone."}},"SelectedTxt":{"_index":["plural","n"],"_":{"zero":"Contacts","one":"{{n}} selected","two":"{{n}} selected","few":"{{n}} selected","many":"{{n}} selected","other":"{{n}} selected"}},"sim-picker-dial-via-with-number":"ダイヤル先 {{ phoneNumber }} への使用回線","sim-picker-select-sim":"SIM を選択してください","sim-picker-button":"SIM{{ n }}","sim-picker-button-default":"(既定)","waitDuplicateContacts":"連絡先が重複していないか調べています","waitMergingDuplicateContacts":"重複した連絡先を併合しています","alertNoDuplicateContacts":"重複は見つかりませんでした","mergeDuplicateTitle":"重複した連絡先の併合","suggestedDuplicateContacts":"{{name}} さんの連絡先が重複しています","mergeActionButtonLabel":{"_index":["plural","n"],"_":{"zero":"連絡先が選択されていません","one":"{{n}} 件の連絡先と併合する","other":"{{n}} 件の連絡先と併合する"}},"duplicatesFoundTitle":"重複が見つかりました","duplicatesFoundMessage":"{{name}} さんの情報が次の連絡先に重複しています"}