{"brandShortName":"B2G OS","browserBrandShortName":"កម្មវិធី​អ៊ីនធឺណិត","browserBrandFullName":"កម្មវិធី​អ៊ីនធឺណិត​ Mozilla","back":"ថយក្រោយ","noSimMsg":"ដើម្បីនាំចូលទំនាក់ទំនង បញ្ចូល ឬ​ដោះសោ​ស៊ីមកាត​របស់​អ្នក","noMemoryCardMsg":"ដើម្បី​នាំចូល​ទំនាក់ទំនង បញ្ចូល​កាត​អង្គចងចាំ","importMemoryCard":"កាត​អង្គចងចាំ","noConnection11":"ដើម្បី​នាំចូល​​ទំនាក់ទំនង​ ឬ​មត្តិភ័ក្ដិ​លើ Facebook សូម​ភ្ជាប់បណ្ដាញ​វ៉ាយហ្វាយ ឬ​ទិន្នន័យ","pincode2":"បញ្ចូល​​កូដ PIN","type_pin":"វាយ​លេខ​កូដ PIN របស់​អ្នក","pincodeLabel":"SIM {{n}} PIN","pinValidation":"PIN ត្រូវតែ​មាន​ចន្លោះ​ពី 4 និង 8 តួអក្សរ។","pinError":"PIN មិន​ត្រឹមត្រូវ។","pinAttemptMsg2":{"_index":["plural","n"],"_":{"one":"អ្នក​នៅ​សល់​ការ​ព្យាយាម​ម្ដង​ទៀត​ក្នុង​ការ​បញ្ចូល​លេខ​កូដ​ត្រឹមត្រូវ មុន​ពេល​​បិទ​​​ SIM កាតនេះ។","two":"អ្នក​នៅ​សល់​ការ​ព្យាយាម {{n}} ​ទៀត​ក្នុង​ការ​បញ្ចូល​លេខ​កូដ​ត្រឹមត្រូវ មុន​ពេល​​​បិទ SIM កាត​នេះ។","few":"អ្នក​នៅ​សល់​ការ​ព្យាយាម {{n}} ​ទៀត​ក្នុង​ការ​បញ្ចូល​លេខ​កូដ​ត្រឹមត្រូវ មុន​ពេល​​បិទ SIM កាត។","many":"អ្នក​នៅ​សល់​ការ​ព្យាយាម {{n}} ​ទៀត​ក្នុង​ការ​បញ្ចូល​លេខ​កូដ​ត្រឹមត្រូវ មុន​ពេល​​បិទ SIM កាត។","other":"អ្នក​នៅ​សល់​ការ​ព្យាយាម {{n}} ​ទៀត​ក្នុង​ការ​បញ្ចូល​លេខ​កូដ​ត្រឹមត្រូវ មុន​ពេល​​បិទ SIM កាត។"}},"pinLastChanceMsg":"នេះ​ជា​លើក​ចុង​ក្រោយ​​ក្នុង​ការ​បញ្ចូល​កូដ PIN ដែល​ត្រឹមត្រូវ។ បើ​មិន​ដូច្នោះ​ទេ អ្នក​ត្រូវតែ​បញ្ចូល​កូដ PUK ដើម្បី​​អាច​ប្រើ SIM ​កាត​នេះ​បាន។","pukcode":"បញ្ចូល​កូដ PUK","pukcodeTitle":"បញ្ចូល SIM {{n}} PUK","pukcodeLabel":"SIM {{n}} PUK","type_puk":"កូដ PUK","pukValidation":"កូដ PUK ត្រូវតែ​មាន​ 8 តួអក្សរ។","pukInfo":"អ្នក​ត្រូវតែ​បញ្ចូល​កូដ​ដោះ​សោ​ផ្ទាល់ខ្លួន (PUK) សម្រាប់​ SIM កាត​នេះ។ យោង​តាម​ឯកសារ SIM ​កាត​របស់​អ្នក ឬ​ទាក់ទង​ក្រុមហ៊ុន​គមនាគមន៍​សម្រាប់​ព័ត៌មាន​បន្ថែម។","pukError":"PUK មិន​ត្រឹមត្រូវ​ទេ។","pukAttemptMsg2":{"_index":["plural","n"],"_":{"one":"អ្នក​នៅ​សល់​ការ​ព្យាយាម​ម្ដង​​ទៀត​ក្នុង​ការ​បញ្ចូល​លេខ​កូដ​ត្រឹមត្រូវ មុន​ពេល​​ SIM ​កាត​មិន​អាច​ប្រើ​បាន​ជា​រៀង​រហូត។ យោង​ទៅ​ឯកសារ​ SIM កាត​របស់​អ្នក​ ឬ​ទាក់ទង​ក្រុមហ៊ុន​គមនាគមន៍​របស់​អ្នក​សម្រាប់​ព័ត៌មាន​បន្ថែម។","two":"អ្នក​នៅ​សល់​ការ​ព្យាយាម {{n}} ​​ទៀត​ក្នុង​ការ​បញ្ចូល​លេខ​កូដ​ត្រឹមត្រូវ មុន​ពេល​​ SIM ​កាត​មិន​អាច​ប្រើ​បាន​ជា​រៀង​រហូត។ យោង​ទៅ​ឯកសារ​ SIM កាត​របស់​អ្នក​ ឬ​ទាក់ទង​ក្រុមហ៊ុន​គមនាគមន៍​របស់​អ្នក​សម្រាប់​ព័ត៌មាន​បន្ថែម។","few":"អ្នក​​មាន​ការ​ព្យាយាម​ {{n}} ទៀត​ក្នុង​ការ​បញ្ចូល​លេខ​កូដ​​ដែល​ត្រឹមត្រូវ មុន​ពេល​ SIM ​កាត​នេះ​នឹង​​មិន​អាច​ប្រើ​បាន​ជា​បណ្ដោះអាសន្ន។ យោង​​ទៅ​​ឯកសារ​​ SIM កាត​​របស់​អ្នក ឬ​ទាក់ទង​ក្រុមហ៊ុន​គមនាគមន៍​របស់​អ្នក​សម្រាប់​ព័ត៌មាន​បន្ថែម។","many":"អ្នក​នៅ​សល់​ការ​ព្យាយាម {{n}} ដង​ទៀត​ដើម្បី​​បញ្ចូល​លេខ​កូដ​ត្រឹមត្រូវ​មុន​​ពេល​​ SIM កាតមិន​អាច​ប្រើ​បាន​​ជា​រៀង​រហូត។ យោង​តាម​ឯកសារ​​ SIM កាត ឬ​​ទាក់ទង​ក្រុមហ៊ុន​គមនាគមន៍​របស់​អ្នក​សម្រាប់​ព័ត៌មាន​បន្ថែម។","other":"អ្នក​នៅ​សល់​ការ​ព្យាយាម {{n}} ដង​ទៀត​ដើម្បី​​បញ្ចូល​លេខ​កូដ​ត្រឹមត្រូវ​ មុន​​ពេល SIM កាត​នេះ​នឹង​​មិន​អាច​ប្រើ​បាន​​ជា​រៀង​រហូត។ យោង​​ទៅ​​ឯកសារ​​ SIM កាត ឬ​​ទាក់ទង​ក្រុមហ៊ុន​គមនាគមន៍​របស់​អ្នក​សម្រាប់​ព័ត៌មាន​បន្ថែម។"}},"pukLastChanceMsg":"នេះ​ជា​លើក​ចុង​ក្រោយ​របស់​អ្នក​ក្នុង​ការ​បញ្ចូល​លេខ​​​កូដ PUK ឲ្យ​បាន​ត្រឹមត្រូវ។ SIM ​កាត​របស់​អ្នក​នឹង​មិន​អាច​ប្រើ​បាន​ជា​រៀង​រហូត ប្រសិនបើ​អ្នក​បញ្ចូល​​លេខ​កូដ PUK ខុស។","create_newpin":"បង្កើត PIN ថ្មី (4 ទៅ 8 ខ្ទង់)","confirm_newpin":"អះអាង PIN ថ្មី","newpinConfirmation":"PINs មិន​ត្រូវគ្នា","nckcode":"បញ្ចូល​កូដ NCK","cckcode":"បញ្ចូល​កូដ CCK","spckcode":"បញ្ចូល​កូដ SPCK","nck1code":"បញ្ចូល​កូដ NCK1","nck2code":"បញ្ចូល​កូដ NCK2","hnckcode":"បញ្ចូល​កូដ HNCK","rcckcode":"Enter RCCK code","rspckcode":"បញ្ចូល​កូដ RSPCK","nckcodeTitle":"បញ្ចូល SIM {{n}} NCK","cckcodeTitle":"បញ្ចូល SIM {{n}} CCK","spckcodeTitle":"បញ្ចូល SIM {{n}} SPCK","nck1codeTitle":"Enter SIM {{n}} NCK1","nck2codeTitle":"Enter SIM {{n}} NCK2","hnckcodeTitle":"Enter SIM {{n}} HNCK","rcckcodeTitle":"Enter SIM {{n}} RCCK","rspckcodeTitle":"Enter SIM {{n}} RSPCK","nckcodeLabel":"SIM {{n}} NCK","cckcodeLabel":"SIM {{n}} CCK","spckcodeLabel":"SIM {{n}} SPCK","nck1codeLabel":"SIM {{n}} NCK1","nck2codeLabel":"SIM {{n}} NCK2","hnckcodeLabel":"SIM {{n}} HNCK","rcckcodeLabel":"SIM {{n}} RCCK","rspckcodeLabel":"SIM {{n}} RSPCK","type_nck":"វាយ​លេខ​កូដ NCK របស់​អ្នក","type_cck":"វាយ​លេខ​កូដ CCK របស់​អ្នក","type_spck":"វាយ​លេខ​កូដ SPCK របស់​អ្នក","type_nck1":"បញ្ចូល​លេខ​កូដ NCK1 របស់​អ្នក","type_nck2":"បញ្ចូល​លេខ​កូដ NCK2 របស់​អ្នក","type_hnck":"បញ្ចូល​លេខ​កូដ HNCK របស់​អ្នក","type_rcck":"បញ្ចូល​លេខ​កូដ RCCK របស់​អ្នក","type_rspck":"បញ្ចូល​លេខ​កូដ RSPCK របស់​អ្នក","nckValidation":"NCK ត្រូវតែ​មាន​ចន្លោះ​ពី 8 ទៅ 16 តួអក្សរ។","cckValidation":"CCK ត្រូវតែ​មាន​ចន្លោះ​ពី 8 ទៅ 16 តួអក្សរ។","spckValidation":"SPCK ត្រូវតែ​មាន​ចន្លោះ​ពី 8 ទៅ 16 តួអក្សរ។","nck1Validation":"NCK1 ត្រូវតែ​មាន​ចន្លោះ​ពី 8 ទៅ 16 តួអក្សរ។","nck2Validation":"NCK2 ត្រូវ​តែ​ចន្លោះ​ពី 8 ទៅ 16 តួអក្សរ។","hnckValidation":"HNCK ត្រូវតែ​មាន​ចន្លោះ​ពី 8 ទៅ 16 តួអក្សរ។","rcckValidation":"RCCK ត្រូវតែ​ចន្លោះ​ពី 8 ទៅ 16 តួអក្សរ។","rspckValidation":"RSPCK ត្រូវតែ​ចន្លោះ​ពី 8 ទៅ 16 តួអក្សរ។","nckErrorMsg":"លេខ​កូដ​ NCK មិន​ត្រឹមត្រូវ។","nckAttemptMsg2":{"_index":["plural","n"],"_":{"one":"សំណើរ​មិន​មាន​លក្ខណៈ​ផ្ទាល់ខ្លួន​នៃ​បណ្ដញ​បាន​បរាជ័យ។ អ្នក​​មាន​ការ​ព្យាយាម​ម្ដង​ទៀត​ក្នុង​ការ​បញ្ចូល​លេខ​កូដ​​ដែល​ត្រឹមត្រូវ។ យោង​​ទៅ​​ឯកសារ​ឧបករណ៍​របស់​អ្នក ឬ​ទាក់ទង​ក្រុមហ៊ុន​គមនាគមន៍​របស់​អ្នក​សម្រាប់​ព័ត៌មាន​បន្ថែម។","two":"សំណើរ​មិន​មាន​លក្ខណៈ​ផ្ទាល់ខ្លួន​នៃ​បណ្ដញ​បាន​បរាជ័យ។ អ្នក​​មាន​ការ​ព្យាយាម​ {{n}} ទៀត​ក្នុង​ការ​បញ្ចូល​លេខ​កូដ​​ដែល​ត្រឹមត្រូវ។ យោង​​ទៅ​​ឯកសារ​ឧបករណ៍​របស់​អ្នក ឬ​ទាក់ទង​ក្រុមហ៊ុន​គមនាគមន៍​របស់​អ្នក​សម្រាប់​ព័ត៌មាន​បន្ថែម។","few":"សំណើរ​មិន​មាន​លក្ខណៈ​ផ្ទាល់ខ្លួន​នៃ​បណ្ដញ​បាន​បរាជ័យ។ អ្នក​​មាន​ការ​ព្យាយាម​ {{n}} ទៀត​ក្នុង​ការ​បញ្ចូល​លេខ​កូដ​​ដែល​ត្រឹមត្រូវ។ យោង​​ទៅ​​ឯកសារ​ឧបករណ៍​របស់​អ្នក ឬ​ទាក់ទង​ក្រុមហ៊ុន​គមនាគមន៍​របស់​អ្នក​សម្រាប់​ព័ត៌មាន​បន្ថែម។","many":"សំណើរ​មិន​មាន​លក្ខណៈ​ផ្ទាល់ខ្លួន​នៃ​បណ្ដញ​បាន​បរាជ័យ។ អ្នក​​មាន​ការ​ព្យាយាម​ {{n}} ទៀត​ក្នុង​ការ​បញ្ចូល​លេខ​កូដ​​ដែល​ត្រឹមត្រូវ។ យោង​​ទៅ​​ឯកសារ​ឧបករណ៍​របស់​អ្នក ឬ​ទាក់ទង​ក្រុមហ៊ុន​គមនាគមន៍​របស់​អ្នក​សម្រាប់​ព័ត៌មាន​បន្ថែម។","other":"សំណើរ​មិន​មាន​លក្ខណៈ​ផ្ទាល់ខ្លួន​នៃ​បណ្ដញ​បាន​បរាជ័យ។ អ្នក​​មាន​ការ​ព្យាយាម​ {{n}} ទៀត​ក្នុង​ការ​បញ្ចូល​លេខ​កូដ​​ដែល​ត្រឹមត្រូវ។ យោង​​ទៅ​​ឯកសារ​ឧបករណ៍​របស់​អ្នក ឬ​ទាក់ទង​ក្រុមហ៊ុន​គមនាគមន៍​របស់​អ្នក​សម្រាប់​ព័ត៌មាន​បន្ថែម។"}},"nckLastChanceMsg":"សំណើរ​មិន​មាន​លក្ខណៈ​ផ្ទាល់ខ្លួន​នៃ​បណ្ដញ​បាន​បរាជ័យ។ លើក​ចុង​ក្រោយ​​ក្នុង​ការ​បញ្ចូល​លេខ​កូដ NCK ​ត្រឹមត្រូវ។ យោង​​ទៅ​​ឯកសារ​ឧបករណ៍​របស់​អ្នក ឬ​ទាក់ទង​ក្រុមហ៊ុន​គមនាគមន៍​របស់​អ្នក​សម្រាប់​ព័ត៌មាន​បន្ថែម។","skip":"រំលង","send":"ផ្ញើ","ok":"យល់ព្រម","simLocked":"ជាប់​សោ SIM ​កាត","inputCodeRetriesLeft":{"_index":["plural","n"],"_":{"one":"ព្យាយាម​ចុង​ក្រោយ។","two":"នៅ​សល់​ការ​ព្យាយាម {{n}} ដង​ទៀត។","few":"នៅ​សល់​ការ​ព្យាយាម {{n}} ដង​ទៀត។","many":"នៅ​សល់​ការ​ព្យាយាម {{n}} ដង​ទៀត។","other":"នៅ​សល់​ការ​ព្យាយាម {{n}} ដង​ទៀត។"}},"simManager":"កម្មវិធី​គ្រប់គ្រង​ SIM","simDetail":"SIM {{n}}","simDefault":"(លំនាំដើម)","simDefaultMessage":"ការ​ហៅ​ចេញ, សារ​ចេញ និង​​ការ​តភ្ជាប់​ទិន្នន័យ​ត្រូវ​បាន​កំណត់​ទៅ​ SIM 1 ជា​លំនាំដើម","simSettingsMessage":"អ្នក​អាច​ប្ដូរ​ការ​កំណត់​លំនាំដើម​នៅ​ឯ​ ការ​កំណត់ > កម្មវិធី​គ្រប់គ្រង​ SIM","simPinLocked":"SIM PIN ជាប់​សោ","noOperator":"មិន​មាន​ការី​","language":"ភាសា","english":"អង់គ្លេស","dvorak":"អង់គ្លេស (Dvorak)","spanish":"អេស្ប៉ាញ","portuguese":"ព័រទុយហ្គាល់ ប្រេស៊ីល","french":"បារាំង","italian":"អ៊ីតាលី","arabic":"អារ៉ាប់","greek":"ក្រិក","hebrew":"ហេប្រ៊ូ","jp-kanji":"ជប៉ុន","jp-kanji-desc":"កាន់ជី","traditionalChinese":"ចិន​អក្សរ​ពេញ","traditionalChinese-desc":"ជូអ៊ីន","simplifiedChinese":"ចិន​អក្សរ​កាត់","simplifiedChinese-desc":"ភីនអ៊ីន","3g":"ទិន្នន័យ​ចល័ត","dataConnection":"អនុញ្ញាត​ទិន្នន័យ","dataConnectionInfo":"អនុញ្ញាត​ការ​ភ្ជាប់​ទិន្នន័យ​​ឥឡូវ​នឹង​អាច​ឲ្យ​អ្នក​រៀបចំ​ទូរស័ព្ទ​របស់​អ្នក​ដោយ​​មិន​​មាន​ការ​ភ្ជាប់ Wi-Fi ។ អ្នក​ក៏​អាច​អនុញ្ញាត​វា​ពេល​ក្រោយ​បាន​នៅ​ក្នុង​ការ​កំណត់។ គ្រាន់តែ​ប្រាកដ​ថា​អ្នក​មាន​​ផែនការ​ទិន្នន័យ​ជាមួយ​​ក្រុមហ៊ុន​​ទូរស័ព្ទ​របស់​អ្នក​ដើម្បី​ជៀសវាង​​បន្ទុក​ធ្ងន់ធ្ងរ​ខ្លាំង។","caution":"ការ​ព្រមាន","geolocation":"ទីតាំង​ភូមិសាស្ត្រ","geolocationCheckbox":"បើក​ទីតាំង​ភូមិសាស្ត្រ","geolocationInfo2":"{{brandShortName}} ប្រើ​ទិន្នន័យ​ដូច​ជា GPS, វ៉ាយហ្វាយ និង​បណ្ដាញ​ចល័ត​ដែល​នៅ​ជិត​អ្នក​ដើម្បី​ជួយ​កំណត់​ទីតាំង​​ត្រឹមត្រូវ​របស់​អ្នក។","geolocationInfoMore":"ទិន្នន័យ​ត្រូវ​បាន​ផ្ញើ​ទៅ Mozilla នឹង​ក្រុមហ៊ុន​ផ្ដល់​សេវាកម្ម​ផ្សេង​ នឹង​ត្រូវ​ប្រើ​នៅ​ក្នុង​​ការ​ចងក្រង ដើម្បី​ធ្វើ​ឲ្យ​មូលដ្ឋាន​ទិន្នន័យ​ទីតាំង​ទាំងនេះ​ប្រសើរ​ឡើង។   ទិន្នន័យ​អាច​ត្រូវ​បាន​ស្ដារ​នៅ​លើ​ឧបករណ៍​​របស់​អ្នក ហើយ​​ការ​ប្រមូល​​ទិន្នន័យ​​អាច​កើត​មាន​ទោះ​​ពេល​គ្មាន​កម្មវិធី​កំពុង​ដំណើរការ​ក៏​ដោយ។","notice":"ចំណាំ","aboutYourPrivacy":"បន្ថែម​អំពី​ភាព​ឯកជន​របស់​អ្នក","wifi":"Wi-Fi","scanningNetworks":"ជ្រើស​បណ្ដាញ","selectNetwork":"ជ្រើស​បណ្ដាញ","shortStatus-connecting":"កំពុង​ភ្ជាប់...","shortStatus-associated":"កំពុង​ទទួល​អាសយដ្ឋាន IP...","shortStatus-connected":"បាន​​ភ្ជាប់","shortStatus-connectingfailed":"បាន​បរាជ័យ​ក្នុង​ការ​​ភ្ជាប់","shortStatus-disconnected":"ក្រៅ​បណ្ដាញ","securedBy":"បាន​ធានា​ដោយ {{capabilities}}","security":"សុវត្ថិភាព","securityNone":"គ្មាន","securityWEP":"WEP","securityWPA-PSK":"WPA-PSK","securityWPA-EAP":"WPA-EAP","securityOpen":"បើក","identity":"អ្នកប្រើ","identityInput":{"placeholder":"អ្នកប្រើ"},"password":"ពាក្យ​សម្ងាត់","passwordInput":{"placeholder":"ពាក្យ​សម្ងាត់"},"showPassword":"បង្ហាញ​ពាក្យ​សម្ងាត់","refresh":"ធ្វើ​ឲ្យ​ស្រស់","noWifiFound3":"រក​មិន​ឃើញ​បណ្ដាញ​ឥតខ្សែ","join-hidden-button":"ចូល​បណ្ដាញ​បានលាក់","authentication":"ការ​ផ្ទៀងផ្ទាត់​","ssid-name":"ឈ្មោះ​បណ្ដាញ​​ SSID","dateAndTime":"កាលបរិច្ឆេទ និង​ពេលវេលា","setTimeAutomatically":"កំណត់​ស្វ័យ​ប្រវត្តិ","timezoneMessage":"តំបន់​ពេលវេលា","timezoneTitle":"UTC{{utcOffset}} {{region}}/{{city}}","dateMessage":"កាល​បរិច្ឆេទ","timeMessage":"ពេលវេលា","timeZone":"តំបន់​ពេលវេលា","change":"ផ្លាស់​ប្ដូរ","importContacts3":"នាំចូល​ទំនាក់ទំនង","importSim2":"SIM កាត","importFb2":"Facebook","importOutlook":"Outlook","importGmail":"Gmail","fb-checking":"... កំពុង​ពិនិត្យ","notImportedYet":"មិន​ទាន់​នាំចូល​នៅ​ឡើយ​ទេ","otherAccount":"គណនី​ផ្សេងទៀត","mobile":"ទូរស័ព្ទ​ចល័ត","afterFbImport":"អ្នក​អាច​នាំចូល និង​កែ​មិត្តភ័ក្ដិ Facebook នៅ​ពេល​ណា​ក៏​បាន​នៅ​ក្នុង​ការ​កំណត់​ទំនាក់ទំនង","firefox-accounts":"គណនី Firefox","fxa-overview":{"innerHTML":"គណនី Firefox អនុញ្ញាត​ឲ្យ​អ្នក​ប្រើ​លក្ខណៈ ដូច​ជា​ស្វែងរក​ឧបករណ៍​របស់​ខ្ញុំ និង​កម្មវិធី​នៅ​ឃ្លាំង​កម្មវិធី Firefox ។"},"fxa-create-account-or-sign-in":"បង្កើត​គណនី ឬ​ចូល","fxa-email-sent":"A verification link has been sent to {{email}}","about-your-rights-0":"{{brandShortName}} បាន​បង្កើត​ឡើង​លើ​កម្មវិធី​កូដ​ចំហ និង​ឥត​គិត​ថ្លៃ​ដោយ​​សហគមន៍​រាប់​ពាន់​ពី​ពាសពេញ​ពិភព​លោក។ មាន​រឿង​មួយ​ចំនួន​ដែល​អ្នក​គួរ​ដឹង៖","about-your-rights-1":"{{brandShortName}} បាន​បង្កើត​​ឲ្យ​មាន​សម្រាប់​អ្នក​ក្រោម​លក្ខខណ្ឌ​​នៃ​អាជ្ញាប័ណ្ណ​កូដ​ចំហ​ជា​ច្រើន​រួម​​ទាំង​អាជ្ញាប័ណ្ណ​សាធារណៈ​​របស់ Mozilla។ ឧបករណ៍​ដែល​ដំណើរការ {{brandShortName}} ​ក៏​អាច​មាន​​កម្មវិធី​កម្មសិទ្ធិ​ពី​ភាគី​ទី​បី។ កូដ​ណា​​មួយ​ដែល​​បាន​ផ្ដល់​ក្រោម​អាជ្ញាប័ណ្ណ​បើក​ចំហ​​ ផ្ដល់​ឲ្យ​អ្នក​នូវ​សិទ្ធិ​​កែប្រែ​​កូដ​ប្រភព និង​ចែកចាយ​កំណែ​ដែល​បាន​កែប្រែ​របស់​អ្នក​​​​ដរាប​ណា​​អ្នក​​គោរព​តាម​លក្ខខណ្ឌ​របស់​ពួកគេ។","about-your-rights-2":"អ្នក​មិន​ត្រូវ​បាន​ផ្ដល់​សិទ្ធិ ឬ​អាជ្ញាប័ណ្ណ​​ស្លាក​ពាណិជ្ជកម្ម​ណា​មួយ​​​ពី​មូលនិធិ Mozilla ឬ​ភាគី​​ណា​មួយ រួម​ទាំង​មិន​មាន​ការ​កំណត់​ឈ្មោះ ឬ​ស្លាក​សញ្ញា {{brandShortName}} នេះ​ទេ។","about-your-rights-3":"លក្ខណៈ​ខ្លះ​នៅ​ក្នុង {{brandShortName}}, ដូចជា​របាយការណ៍​គាំង, អាច​ឲ្យ​ជម្រើស​អ្នក​ផ្ដល់​មតិ​ត្រឡប់​ដល់​ Mozilla ។ ដោយ​ជ្រើស​ដាក់​ស្នើ​មតិ​ត្រឡប់ នោះ​អ្នក​ផ្ដល់​សិទ្ធិ​ឲ្យ Mozilla ប្រើ​មតិ​ត្រឡប់​ដើម្បី​ធ្វើ​​ផលិតផល​ឲ្យ​ប្រសើរ ដើម្បី​ផ្សព្វផ្សាយ​មតិ​ត្រឡប់​នៅ​លើ​តំបន់បណ្ដាញ​របស់​ខ្លួន និង​ចែកចាយ​មតិ​ត្រឡប់។","about-other":"ផ្សេងៗ","SIM_mandatory":"ការ​ព្រមាន​​ SIM កាត","SIM_mandatory_warm":"សូម​បញ្ចូល​ SIM កាត និង​ចាប់ផ្ដើម​ទូរស័ព្ទ​របស់​អ្នក​ឡើង​វិញ។","sharing-performance-data":"ចែករំលែក​ទិន្នន័យ​ប្រតិបត្តិ","telemetry-sends":"ទូរមាត្រ​វិធី​ផ្ញើ​​​​ទិន្នន័យ Mozilla អំពី​​ការ​ប្រតិបត្តិ ផ្នែក​រឹង ការ​កំណត់​រចនាសម្ព័ន្ធ និង​ការ​កំណត់​ផ្ទាល់ខ្លួន​​នៅ​ក្នុង​ឧបករណ៍ {{brandShortName}} របស់​អ្នក។ យើង​ប្រើ​វា​ដើម្បី​ធ្វើ​ឲ្យ​ផលិតផល​របស់​យើង​ប្រសើរ លឿន និង​ប្រសិទ្ធភាព​ជាង។","learn-more-telemetry":{"innerHTML":"ស្វែងយល់​បន្ថែម​នៅ {{link}}"},"learn-more-information":{"innerHTML":"ស្វែងយល់​បន្ថែម​អំពី​របៀប​ Mozilla គ្រប់គ្រង​ព័ត៌មាន​របស់​អ្នក​នៅ {{link}}"},"welcomeBrowser":"ស្វាគមន៍​មក​កាន់ {{brandShortName}} ប្រព័ន្ធ​ប្រតិបត្តិការ​កូដ​ចំហ និង​ឥតគិតថ្លៃ​ពី Mozilla ។ បេសកកម្ម​របស់​យើង​ គឺ​ដើម្បី​ជំរុញ​​ការ​បើក​ចំហ ការ​ច្នៃប្រឌិត​ថ្មី និង​​ឱកាស​​ ដោយ​​រក្សា​អានុភាព​បណ្ដាញ​ក្នុង​ដៃ​របស់​អ្នក។","learn-more-privacy":{"innerHTML":"ស្វែងយល់​បន្ថែម​អំពី​​ Mozilla គ្រប់គ្រង​ព័ត៌មាន​របស់​អ្នក​នៅ​ {{link}} របស់​យើង។"},"learn-more-privacy-link":"គោលនយោបាយ​ភាព​ឯកជន","aboutBrowser":"អំពី {{brandShortName}}","aboutYourPrivacy2":"ភាព​ឯកជន​របស់​អ្នក","mozillaCommunity2":"នៅ​ពេល​អ្នក​ប្រើ {{brandShortName}} អ្នក​​ក្លាយ​ជា​ផ្នែក​នៃ​សហគមន៍​​សកល​ដែល​ជួយ​បង្កើត​អនាគត​ដ៏​ត្រចះត្រចង់​សម្រាប់​បណ្ដាញ។ បើ​អ្នក​ចង់​ដឹង​បន្ថែម​អំពី​សហគមន៍ Mozilla ផលិតផល​ និង​ព្រឹត្តិការ​ផ្សេង​ៗ​របស់​យើង​ដែល​នៅ​ជិត​អ្នក សូម​បញ្ចូល​អាសយដ្ឋាន​អ៊ីមែល​របស់​អ្នក​ខាង​ក្រោម។","collaborate":"ខ្ញុំ​ចង់​ជួយ​​ធ្វើ​ឲ្យ​ប្រសើរ {{brandShortName}} ដោយ​ចែករំលែក​ទិន្នន័យ​អំពី​ទូរស័ព្ទ​របស់​ខ្ញុំ។","learnMore":"ស្វែងយល់​បន្ថែម​។","emailAddress":{"placeholder":"អាសយដ្ឋាន​អ៊ីមែល"},"email-successfully-added":"បាន​បន្ថែម​អ៊ីមែល​ដោយ​ជោគជ័យ","email-loading":"កំពុង​រក្សាទុក​អ៊ីមែល​របស់​អ្នក...","browserPrivacyChoices":"ការ​ជ្រើស​ភាព​ឯកជន {{brandShortName}}","privacy-b2g":{"_":"{{brandShortName}}","title":"{{brandShortName}}"},"privacy-marketplace":{"_":"ឃ្លាំង​ទីផ្សារ","title":"{{privacy-marketplace}}"},"privacy-e-me":{"_":"everything.me","title":"{{privacy-e-me}}"},"navbar-back":"ថយក្រោយ","navbar-next":"បន្ទាប់","navbar-join":"ចូលរួម","thatsIt":"That’s it!","startYourPhone":"ចាប់ផ្ដើម​មើល​សាក​ទូរស័ព្ទ​របស់​អ្នក!","startYourTablet":"ចាប់ផ្ដើម​មើល​​កុំព្យូទ័រ​បន្ទះ​របស់​អ្នក!","joinTutorial":"ចូលរួម​ជាមួយ​យើង​​​រៀន​​ឆាប់​ចេះ​​អំពី​ទូរស័ព្ទ​ថ្មី​របស់​អ្នក។","enjoyYourPhone":"អ្នក​ត្រៀម​រួច​​ហើយ​ដើម្បី​រីករាយ​ជាមួយ​ទូរស័ព្ទ​ថ្មី​របស់​អ្នក។","optionsAvailable":"អ្នក​អាច​ប្ដូរ​ភាសា កាលបរិច្ឆេទ/ពេលវេលា និង​ការ​ភ្ជាប់ Wi-Fi នៅ​ក្នុង​ការ​កំណត់។","letsGo":"តោះ​ទៅ","startTour":"ចាប់ផ្ដើម​មើល​សាក","thatsIt1Tablet-2":"អ្នក​អាច​អូស​ពី​គែម​ប៊ូតុង​​ដើម្បី​បញ្ចូល​ទៅ​អេក្រង់​ដើម​​ជា​និច្ច។","thatsIt2Tablet-2":"អនុញ្ញាត​ឲ្យ​ធ្វើ​វា!","tutorial-step1-tiny":"អូស​ពី​ស្ដាំ​ទៅ​ឆ្វេង​ដើម្បី​រក​មើល​កម្មវិធី​របស់​អ្នក។","tutorial-step2-tiny":"ចុច​ឲ្យ​ជាប់​លើ​រូបតំណាង​ដើម្បី​លុប ឬ​ផ្លាស់ទី​វា។","tutorial-step3-tiny":"បញ្ចូល​ពាក្យ​គន្លឹះ ឬ​ប្រធាន​បទ និង​ទូរស័ព្ទ​របស់​អញនក​នឹង​សម្របសម្រួល​ភ្លាម។","tutorial-step4-tiny":"អូស​ចុច​ក្រោម​ដើម្បី​ចូល​មើល​ការ​ជូនដំណឹង ព័ត៌មាន​ទឹក​ប្រាក់ និង​ការ​កំណត់​ថ្មីៗ។","tutorial-step5-tiny":"ចុច​ឲ្យ​ជាប់​ប៊ូតុង​ ដើម ដើម្បី​រក​មើល​ និង​បិទ​កម្មវិធី​ថ្មីៗ។","tutorial-step6-tiny":"អូស​ពី​​ផ្នែក​អេក្រង់ ដើម្បី​ផ្លាស់ទី​ថយក្រោយ និង​ទៅ​មុខ​រវាង​កម្មវិធី​បច្ចុប្បន្ន។","tutorial-step1-large-2":"អូស​​ពី​លើ​ចុះ​ក្រោម​ ដើម្បី​ចូល​មើល​ការ​ជូនដំណឹង​ថ្មីៗ, ការ​កំណត់ និង​ព័ត៌មាន​ឥណទាន​។","tutorial-step2-large-2":"អូស​ពី​ឆ្វេង ឬ​ស្ដាំ​ដើម្បី​រកមើល​កម្មវិធី​ថ្មី​ៗ​លើ​អេក្រង់​ដើម។","tutorial-step3-large-2":"ចុច​ឲ្យ​ជាប់​លើ​រូបតំណាង​ដើម្បី​លុប ឬ​ផ្លាស់ទី​វា។","tutorial-step4-large-2":"អូស​ម្រាម​ដៃ​ពីរ​ពី​គែម​ប៊ូតុង​ដើម្បី​បិទ/បើក​ card view.","offline-dialog-title":"អ្នក​ត្រូវ​តែ​ភ្ជាប់​ទៅ​អ៊ីនធឺណិត​ដើម្បី​មើល​ទំព័រ​នេះ។","offline-dialog-text":"សូម​​ត្រឡប់​ក្រោយ និង​ភ្ជាប់​ទៅ​អ៊ីនធឺណិត។ អ្នក​ក៏​អាច​មើល​ទំព័រ​នេះ​ពេល​ក្រោយ​ពី​ការ​កំណត់ ឬ​ដោយ​បញ្ចូល {{url}} ក្នុង​កម្មវិធី​អ៊ីនធឺណិត​ណា​មួយ។","OK":"យល់​ព្រម","offline-newsletter-dialog-title":"អ្នក​ត្រូវតែ​ភ្ជាប់​ទៅ​​អ៊ីនធឺណិត​ដើម្បី​ជាវប្រចាំ​ព្រឹត្តិបត្រ​ព័ត៌មាន។","offline-newsletter-dialog-text":"សូម​ត្រឡប់​ក្រោយ និង​ភ្ជាប់​ទៅ​កាន់​អ៊ីនធឺណិត។","invalid-email-dialog-title":"អ៊ីមែល​របស់​អ្នក​មិន​ត្រឹមត្រូវ","invalid-email-dialog-text":"សូម​ត្រឡប់​ក្រោយ រួច​កែ​​ធាតុ​បញ្ចូល​របស់​អ្នក។","cancel":"បោះបង់","weekday-0-long":"អាទិត្យ","weekday-1-long":"ច័ន្ទ","weekday-2-long":"អង្គារ","weekday-3-long":"ពុធ","weekday-4-long":"ព្រហស្បតិ៍","weekday-5-long":"សុក្រ","weekday-6-long":"សៅរ៍","weekday-0-short":"អាទិត្យ","weekday-1-short":"ច័ន្ទ","weekday-2-short":"អង្គារ","weekday-3-short":"ពុធ","weekday-4-short":"ព្រហស្បតិ៍","weekday-5-short":"សុក្រ","weekday-6-short":"សៅរ៍","month-0-long":"មករា","month-1-long":"កុម្ភៈ","month-2-long":"មីនា","month-3-long":"មេសា","month-4-long":"ឧសភា","month-5-long":"មិថុនា","month-6-long":"កក្កដា","month-7-long":"សីហា","month-8-long":"កញ្ញា","month-9-long":"តុលា","month-10-long":"វិច្ឆិកា","month-11-long":"ធ្នូ","month-0-genitive":"មករា","month-1-genitive":"កុម្ភៈ","month-2-genitive":"មីនា","month-3-genitive":"មេសា","month-4-genitive":"ឧសភា","month-5-genitive":"មិថុនា","month-6-genitive":"កក្កដា","month-7-genitive":"សីហា","month-8-genitive":"កញ្ញា","month-9-genitive":"តុលា","month-10-genitive":"វិច្ឆិកា","month-11-genitive":"ធ្នូ","month-0-short":"មករា","month-1-short":"កុម្ភៈ","month-2-short":"មីនា","month-3-short":"មេសា","month-4-short":"ឧសភា","month-5-short":"មិថុនា","month-6-short":"កក្កដា","month-7-short":"សីហា","month-8-short":"កញ្ញា","month-9-short":"តុលា","month-10-short":"វិច្ឆិកា","month-11-short":"ធ្នូ","minutes-ago-long":{"_index":["plural","value"],"_":{"zero":"អម្បាញ់មិញនេះ","one":"មួយ​នាទី​មុន","two":"{{value}} នាទី​មុន","few":"{{value}} នាទី​មុន","many":"{{value}} នាទី​មុន","other":"{{value}} នាទី​មុន"}},"hours-ago-long":{"_index":["plural","value"],"_":{"zero":"អម្បាញ់មិញនេះ","one":"មួយ​ម៉ោង​មុន","two":"{{value}} ម៉ោង​មុន","few":"{{value}} ម៉ោង​មុន","many":"{{value}} ម៉ោង​មុន","other":"{{value}} ម៉ោង​មុន"}},"days-ago-long":{"_index":["plural","value"],"_":{"zero":"ថ្ងៃ​នេះ","one":"ម្សិលមិញ","two":"{{value}} ថ្ងៃ​មុន","few":"{{value}} ថ្ងៃ​មុន","many":"{{value}} ថ្ងៃ​មុន","other":"{{value}} ថ្ងៃ​មុន"}},"weeks-ago-long":{"_index":["plural","value"],"_":{"zero":"សប្ដាហ៍​នេះ","one":"សប្ដាហ៍​មុន","two":"{{value}} សប្ដាហ៍​មុន","few":"{{value}} សប្ដាហ៍​មុន","many":"{{value}} សប្ដាហ៍​មុន","other":"{{value}} សប្ដាហ៍​មុន"}},"months-ago-long":{"_index":["plural","value"],"_":{"zero":"ខែ​នេះ","one":"ខែ​មុន","two":"{{value}} ខែ​មុន","few":"{{value}} ខែ​មុន","many":"{{value}} ខែ​មុន","other":"{{value}} ខែ​មុន"}},"years-ago-long":{"_index":["plural","value"],"_":{"zero":"ឆ្នាំនេះ","one":"ឆ្នាំ​មុន","two":"{{value}} ឆ្នាំ​មុន","few":"{{value}} ឆ្នាំ​មុន","many":"{{value}} ឆ្នាំ​មុន","other":"{{value}} ឆ្នាំ​មុន"}},"minutes-until-long":{"_index":["plural","value"],"_":{"zero":"ឥឡូវ","one":"ក្នុង​ពេល​មួយ​នាទី","two":"ក្នុង​ពេល {{value}} នាទី","few":"ក្នុង​ពេល {{value}} នាទី","many":"ក្នុង​ពេល​ {{value}} នាទី​","other":"ក្នុង​ពេល {{value}} នាទី"}},"hours-until-long":{"_index":["plural","value"],"_":{"zero":"ឥឡូវ","one":"ក្នុង​រយៈពេល​១​ម៉ោង","two":"ក្នុង​ពេល​​ {{value}} ម៉ោង","few":"ក្នុង​ពេល​​ {{value}} ម៉ោង","many":"ក្នុង​ពេល​​ {{value}} ម៉ោង","other":"ក្នុង​ពេល​​ {{value}} ម៉ោង"}},"days-until-long":{"_index":["plural","value"],"_":{"zero":"ថ្ងៃ​នេះ","one":"ថ្ងៃស្អែក","two":"ក្នុង​ពេល​​ {{value}} ថ្ងៃ","few":"ក្នុង​ពេល​​ {{value}} ថ្ងៃ","many":"ក្នុង​ពេល​​ {{value}} ថ្ងៃ","other":"ក្នុង​ពេល​​ {{value}} ថ្ងៃ"}},"weeks-until-long":{"_index":["plural","value"],"_":{"zero":"សប្ដាហ៍​នេះ","one":"សប្ដាហ៍​ក្រោយ","two":"ក្នុង​ពេល {{value}} សប្ដាហ៍","few":"ក្នុង​ពេល {{value}} សប្ដាហ៍","many":"ក្នុង​ពេល {{value}} សប្ដាហ៍","other":"ក្នុង​ពេល {{value}} សប្ដាហ៍"}},"months-until-long":{"_index":["plural","value"],"_":{"zero":"ខែ​នេះ","one":"ខែ​ក្រោយ","two":"ក្នុង​ពេល {{value}} ខែ","few":"ក្នុង​ពេល {{value}} ខែ","many":"ក្នុង​ពេល {{value}} ខែ","other":"ក្នុង​ពេល {{value}} ខែ"}},"years-until-long":{"_index":["plural","value"],"_":{"zero":"ឆ្នាំនេះ","one":"ឆ្នាំ​ក្រោយ","two":"ក្នុង​ពេល {{value}} ឆ្នាំ","few":"ក្នុង​ពេល {{value}} ឆ្នាំ","many":"ក្នុង​ពេល {{value}} ឆ្នាំ","other":"ក្នុង​ពេល {{value}} ឆ្នាំ"}},"minutes-ago-short":{"_index":["plural","value"],"_":{"zero":"អម្បាញ់មិញនេះ","other":"{{value}}នាទី​មុន"}},"hours-ago-short":{"_index":["plural","value"],"_":{"zero":"អម្បាញ់មិញនេះ","other":"{{value}}ម៉ោង​មុន"}},"days-ago-short":{"_index":["plural","value"],"_":{"zero":"ថ្ងៃ​នេះ","other":"{{value}}ថ្ងៃ​មុន"}},"minutes-until-short":{"_index":["plural","value"],"_":{"zero":"ឥឡូវ","other":"ក្នុង​ពេល {{value}}នាទី"}},"hours-until-short":{"_index":["plural","value"],"_":{"zero":"ឥឡូវ","other":"ក្នុង​ពេល {{value}}ម៉ោង"}},"days-until-short":{"_index":["plural","value"],"_":{"zero":"ថ្ងៃ​នេះ","other":"ក្នុង​ពេល {{value}}ថ្ងៃ"}},"incorrectDate":"(កាលបរិច្ឆេទ​មិន​ត្រឹមត្រូវ)","dateTimeFormat_%c":"%a %b %e %Y %I:%M:%S %p","dateTimeFormat_%x":"%m/%d/%Y","dateTimeFormat_%X":"%I:%M:%S %p","shortTimeFormat":"%I:%M %p","shortDateTimeFormat":"%x %I:%M %p","weekStartsOnMonday":"0","time_am":"ព្រឹក","time_pm":"PM","tz-region":"តំបន់","tz-city":"ទីក្រុង","tzRegion-Africa":"អាហ្វ្រិក","tzRegion-America":"អាមេរិក","tzRegion-Antarctica":"អង់តាកទិក","tzRegion-Asia":"អាស៊ី","tzRegion-Atlantic":"មហាសមុទ្រអាត្លង់ទិក","tzRegion-Australia":"អូស្ត្រាលី","tzRegion-Europe":"អឺរ៉ុប","tzRegion-Indian":"មហាសមុទ្រ​ឥណ្ឌា","tzRegion-Pacific":"មហាសមុទ្រ​ប៉ាស៊ីហ្វិក","close":"បិទ","import":"នាំ​ចូល","update":"ធ្វើបច្ចុប្បន្នភាព","fbFriends":"មិត្តភ័ក្ដិ​លើ Facebook","live-serviceName":"Outlook","gmail-serviceName":"Gmail","facebook-serviceName":"មិត្តភ័ក្ដិ​លើ Facebook","selectAll":"ជ្រើស​ទាំងអស់","deselectAll":"មិន​ជ្រើស​ទាំងអស់","viewAll":"មើល​មិត្តភ័ក្ដិ Facebook ទាំងអស់","viewRecommend":"មើល​តែ​​​អ្នក​បាន​ផ្ដល់​អនុសាសន៍","linkProposal":{"_index":["plural","numFriends"],"_":{"zero":"មិន​មាន​មិត្តភ័ក្ដិ​ដែល​ផ្គូផ្គង​គ្នា​ទេ ។ បង្ហាញ​ទាំងអស់","one":"ជ្រើស​មួយ​ដែល​បាន​ផ្ដល់​អនុសាសន៍","two":"ជ្រើស​មួយ​ដែល​បាន​ផ្ដល់​អនុសាសន៍","few":"ជ្រើស​មួយ​ដែល​បាន​ផ្ដល់​អនុសាសន៍","many":"ជ្រើស​មួយ​ដែល​បាន​ផ្ដល់​អនុសាសន៍","other":"ជ្រើស​មួយ​ដែល​បាន​ផ្ដល់​អនុសាសន៍"}},"fbFriendsFound":{"_index":["plural","numFriends"],"_":{"zero":"បាន​នាំចូល​មិត្តភ័ក្ដិ​​របស់​អ្នក​ទាំងអស់","one":"រក​ឃើញ​មិត្តភ័ក្ដិ​ម្នាក់​ដើម្បី​នាំចូល","two":"រកឃើញ​មិត្តភ័ក្ដិ {{numFriends}} ដើម្បី​នាំចូល","few":"រក​ឃើញ​មិត្តភ័ក្ដិ {{numFriends}} ដើម្បី​នាំចូល","many":"រក​ឃើញ​មិត្តភ័ក្ដិ {{numFriends}} ដើម្បី​នាំចូល","other":"រក​ឃើញ​មិត្តភ័ក្ដិ {{numFriends}} ដើម្បី​នាំចូល"}},"facebook":"Facebook","search-contact":{"placeholder":"ស្វែងរក"},"noResults":"រក​មិន​ឃើញ​ទំនាក់ទំនង","done-search":"ធ្វើ​រួច","progressFB3ImportTitle":"នាំចូល​មិត្តភ័ក្ដិ​ទៅ​ទំនាក់ទំនង","progressFB":"{{current}}/{{total}}","progressFB3UpdateTitle":"ធ្វើ​បច្ចុប្បន្នភាព​មិត្តភ័ក្ដិ​ក្នុង​ទំនាក់ទំនង","message2":"នេះ​អាច​ចំណាយ​ពេល​ប៉ុន្មាន​នាទី","messageLinking":"សូម​រងចាំ។ យើង​​កំពុង​តភ្ជាប់​ទៅ​មិត្តភ័ក្ដិ និង​ទំនាក់ទំនង​របស់​អ្នក។","messageCanceling":"សូម​រង់ចាំ។ យើង​កំពុង​បោះបង់​ចោល​​ប្រតិបត្តិការ​ដែល​កំពុង​ដំណើរការ។","error1":"កំហុស {{from}}","error2":"តើ​អ្នក​ចង់ព្យាយាម​ម្ដងទៀត​ឬ ?","errorProposal":"កំពុង​គណនា​សំណើរ","errorFriends":"កំពុង​ទៅ​រក​មិត្តភ័ក្ដិ","errorLinking":"កំពុង​ភ្ជាប់​ទំនាក់ទំនង","timeout1":"ពេលវេលា​ហួស​កំណត់ {{from}}","timeout2":"តើ​អ្នក​ចង់ព្យាយាម​ម្ដងទៀត​ឬ ?","timeoutProposal":"កំពុង​គណនា​សំណើរ","timeoutFriends":"កំពុង​រក​មើល​មិត្តភ័ក្ដិ","timeoutLinking":"កំពុង​ភ្ជាប់​ទំនាក់ទំនង","wait1":"សូម​រង់ចាំ","wait2":"វា​អាច​ប្រើ​ពេល​ពីរ​បី​នាទី","waitProposal":"សូម​រង់ចាំ ។ យើង​កំពុង​គណនា​សំណើ ។","waitFriends":"សូម​រង់ចាំ ។ យើង​កំពុង​តភ្ជាប់​ដើម្បី​យក​បញ្ជី​មិត្តភ័ក្ដិ​របស់​អ្នក ។","curtainCancel":"បោះបង់","curtainRetry":"ព្យាយាម​ម្ដង​ទៀត","curtainOK":"យល់ព្រម","connectionLost":"គ្មាន​ការ​ភ្ជាប់​អ៊ីនធឺណិត","connectionLostMsg":"នឹង​មិន​បន្ថែម​រូបថត​របស់​មិត្តភ័ក្ដិ​​​ទៅ​ទំនាក់ទំនង​របស់​អ្នក​ទេ។ បន្ត​យ៉ាង​ណា​ក៏​​ដោយ​ឬ?","yesOption":"យល់ព្រម","noOption":"បោះបង់","friendsUpdated":{"_index":["plural","numFriends"],"_":{"zero":"មិន​មាន​មិត្ត​ភ័ក្ដិ​​បាន​ធ្វើ​បច្ចុប្បន្នភាព​ឡើយ","one":"បាន​ធ្វើ​បច្ចុប្បន្នភាព​មិត្តភ័ក្ដិ​ម្នាក់","two":"បាន​ធ្វើ​បច្ចុប្បន្នភាព​មិត្តភ័ក្ដិ {{numFriends}}","few":"បាន​ធ្វើ​បច្ចុប្បន្នភាព​មិត្តភ័ក្ដិ {{numFriends}}","many":"បាន​ធ្វើ​បច្ចុប្បន្នភាព​មិត្តភ័ក្ដិ {{numFriends}}","other":"បាន​ធ្វើ​បច្ចុប្បន្នភាព​មិត្តភ័ក្ដិ {{numFriends}}"}},"notificationLogin":"សម័យ Facebook របស់​អ្នក​មិន​ត្រឹមត្រូវ។ សូម​ចូល។","syncError":"មាន​កំហុស​​​​ក្នុង​ការ​ធ្វើ​សមកាលកម្ម​ទិន្នន័យ​របស់​មិត្តភ័ក្ដិ​អ្នក","callAirplaneModeMessage":"ដើម្បី​ហៅ​ចេញ​អ្នក​ត្រូវ​បិទ​របៀប​លើ​យន្តហោះ​នៅ​ក្នុង​ការ​កំណត់។","callAirplaneModeBtnOk":"យល់​ព្រម","callAirplaneModeTitle":"ធ្វើ​ឲ្យ​សកម្ម​របៀប​លើ​យន្តហោះ","numberIsBusyTitle":"លេខ​ជាប់​រវល់","numberIsBusyMessage":"បច្ចុប្បន្ន​លេខ​កំពុង​ជាប់​រវល់។ សូម​ព្យាយាម​ម្ដង​ទៀត​ពេល​ក្រោយ។","fdnIsActiveTitle":"FDN សកម្ម","fdnIsActiveMessage":"FDN (Fixed Dialing Numbers) is activated and the following number is not in your FDN list: {{ number }}","voiceMail":"សារ​ជា​សំឡេង","emergencyNumber":"លេខ​ហៅ​បន្ទាន់","emergencyDialogBodyBadNumber":"ដើម្បី​​ធ្វើ​ការ​ហៅ ទូរស័ព្ទ​ត្រូវតែ​ភ្ជាប់​ទៅ​បណ្ដាញ។","emergencyDialogBodyDeviceNotAccepted":"មិន​អនុញ្ញាត​ការ​ហៅ​បន្ទាន់​តាម​បណ្ដាញ​នេះ​ទេ។","emergencyDialogBtnOk":"យល់​ព្រម","emergencyDialogTitle":"គ្មាន​ការ​តភ្ជាប់​បណ្ដាញ","invalidNumberToDialTitle":"លេខ​ទូរស័ព្ទ​មិន​ត្រឹមត្រូវ","invalidNumberToDialMessage":"លេខ​ទូរស័ព្ទ​ដែល​អ្នក​កំពុង​ហៅ​មិន​ត្រឹមត្រូវ​ទេ។","unableToCallTitle":"មិន​អាច​ធ្វើ​ការ​ហៅ​ទូរស័ព្ទ​ឥឡូវ​នេះ​បាន​ទេ","unableToCallMessage":"មិន​អាច​ធ្វើ​ការ​ហៅ។ បើ​អ្នក​​​បាន​ចុច​លេខ​រួច​ហើយ សូម​ដាក់​ទូរស័ព្ទ​​ចុះ​សិន។","otherConnectionInUseTitle":"ការ​តភ្ជាប់​ផ្សេង​ទៀត​កំពុង​ប្រើ","otherConnectionInUseMessage":"អ្នក​មាន​ការ​ហៅ​សកម្មភាព​នៅ​លើ​ការ​ហៅ​ផ្សេង​ទៀត។ អ្នក​អាច​ប្រើ​​តែ​ការ​តភ្ជាប់​មួយ​ប៉ុណ្ណោះ​នៅ​​ពេល​តភ្ជាប់​ពេល​តែមួយ។","addNewNumber":"បន្ថែម​លេខ​ថ្មី","addToExistingContact":"បន្ថែម​ទៅ​ទំនាក់ទំនង​ដែល​មាន","all":"ទាំងអស់","asterisk":{"ariaLabel":"Asterisk"},"callLog":"កំណត់​ត្រា​ការ​ហៅ","callLogEdit":{"title":"Edit call log"},"callLogEditDialog":{"ariaLabel":"Edit call log dialog"},"connecting":"តភ្ជាប់","cf-async":"ដែល​មិន​ស៊ី​សង្វាក់៖ {{ async }}\\n","cf-data":"ទិន្នន័យ៖ {{ data }}\\n","cf-error":"មាន​កំហុស​​បាន​កើត​ឡើង​អំឡុង​ពេល​ទៅ​រក​ស្ថានភាព​ការ​ហៅ​បញ្ជូន​បន្ត","cf-fax":"FAX: {{ fax }}\\n","cf-inactive":"អសកម្ម","cf-packet":"កញ្ចប់ ៖ {{ packet }}\\n","cf-pad":"PAD: {{ pad }}\\n","cf-sms":"SMS: {{ sms }}\\n","cf-status":"ស្ថានភាព​ការ​ហៅ​បញ្ជូន​បន្ត\\n","cf-sync":"នៅ​ពេល​ជាមួយ​គ្នា៖ {{ sync }}\\n","cf-voice":"សំឡេង៖ {{ voice }}\\n","confirm-deletion":"សម្អាត​ការ​ហៅ​ដែល​បាន​ជ្រើស?","contacts":"ទំនាក់ទំនង","createNewContact":"បង្កើត​ទំនាក់​ទំនង​ថ្មី","delete":"Delete","dialerAddContact":{"ariaLabel":"បន្ថែម​ទំនាក់ទំនង​"},"dialerAddContactDialog":{"ariaLabel":"បន្ថែម​ប្រអប់​ទំនាក់ទំនង"},"edit-selected":{"_index":["plural","n"],"_":{"one":"បាន​ជ្រើស {{ n }}","two":"បាន​ជ្រើស {{ n }}","few":"បាន​ជ្រើស {{ n }}","many":"បាន​ជ្រើស {{ n }}","other":"បាន​ជ្រើស {{ n }}"}},"edit":"កែសម្រួល","hashSign":{"ariaLabel":"Hash sign"},"hideKeypad":{"ariaLabel":"លាក់​ក្ដារចុច"},"ignore":"មិន​អើ​ពើ​ការ​ហៅ","incoming":"ហៅ​ចូល","keypad":{"ariaLabel":"ក្ដារចុច"},"keypadDelete":{"ariaLabel":"លុប"},"makeCall":{"ariaLabel":"ហៅ"},"merge":"បញ្ចូល​គ្នា","missed":{"_":"ខកខាន​ទទួល","ariaLabel":"ខកខាន​ទទួល"},"missedCall":"ខកខាន​ទទួល","missedCallMultiSims":"(SIM {{ n }}) ខកខាន​ការ​ទទួល","mmi-error":"កំហុស​បាន​កើតឡើង ខណៈ​ពេល​ផ្ញើ​សារ","mmi-session-expired":"សម័យ​បាន​ផុត​កំណត់","mmi-successfully-sent":"បាន​ផ្ញើ​សារ​ដោយ​ជោគជ័យ","mute":{"ariaLabel":"ស្ងាត់"},"newCall":{"ariaLabel":"ហៅ​ថ្មី"},"no-logs-msg-1":"មិន​បាន​កត់ត្រា​ការ​ហៅ","no-logs-msg-2":"ចាប់ផ្ដើម​​ទាក់ទង​ឥឡូវ","no-logs-msg-3":"គ្មាន​ការ​ហៅ​ដែល​ខកខាន","phoneNumberInput":{"ariaLabel":"លេខ​ទូរស័ព្ទ"},"recents":{"ariaLabel":"ការ​ហៅ​ថ្មីៗ"},"reply":"ឆ្លើយតប","switch-calls":"ប្ដូរ​ការហៅ","today":"ថ្ងៃ​នេះ","voiceMailKey":{"ariaLabel":"សារ​ជា​សំឡេង"},"withheld-number":"លេខ​មិន​អនុញ្ញាត​ឲ្យ","from-contact":"ពី {{ contact }}","from-number":"ពី {{ number }}","from-withheld-number":"ពី​លេខ​មិន​អនុញ្ញាត​ឲ្យ","yesterday":"ម្សិលមិញ","sending":"កំពុង​ផ្ញើ…","speakerOption":{"ariaLabel":"អូប៉ាល័រ​"},"ussd-services":"សេវាកម្ម {{ operator }}","toggleKeypad":{"ariaLabel":"បិទ/បើក​ ក្ដារចុច​"},"type-your-response":{"placeholder":"បញ្ចូល​ការ​ឆ្លើយតប​របស់​អ្នក..."},"clear-all-text":"សម្អាត​អត្ថបទ​ទាំងអស់","hide":"លាក់","call":"ហៅ","hold":{"ariaLabel":"រង់ចាំ"},"resume":{"_":"បន្ត","ariaLabel":"បន្ត"},"sendSms":"ផ្ញើសារ","callEnded":"បញ្ចប់​ការ​ហៅ","via-sim":"តាម​រយៈ SIM{{ n }}","sim-number":"SIM{{ n }}","hangup-a11y-button":{"ariaLabel":"ដាក់​ទូរស័ព្ទ​ចុះ"},"pickup-a11y-button":{"ariaLabel":"លើក​ទូរស័ព្ទ"},"unlock-a11y-button":{"ariaLabel":"គ្រាប់​រំកិល"},"settings":"ការ​កំណត់","delete-n-log?":{"_index":["plural","n"],"_":{"zero":"គ្មានអ្វី​បាន​ជ្រើស","one":"លុប​កំណត់​ហេតុ​បាន​ជ្រើស?","two":"លុប​កំណត់​ហេតុ {{ n }} ?","few":"លុប​កំណត់​ហេតុ {{ n }} ?","many":"លុប​កំណត់ហេតុ {{ n }} ?","other":"លុប​កំណត់​ហេតុ {{ n }} ?"}},"callDurationMinutes":"{{ m }}:{{ s }}","callDurationHours":"{{ h }}:{{ m }}:{{ s}}","suggestionMatches":{"_index":["plural","n"],"_":{"one":"{{ n }} ត្រូវ​គ្នា​​នឹង \"{{ matchNumber }}\"","two":"{{ n }} ត្រូវ​គ្នា​នឹង \"{{ matchNumber }}\"","few":"{{ n }} ត្រូវ​គ្នា​នឹង \"{{ matchNumber }}\"","many":"{{ n }} ត្រូវ​គ្នា​នឹង \"{{ matchNumber }}\"","other":"{{ n }} ត្រូវ​គ្នា​នឹង \"{{ matchNumber }}\""}},"scCallBarring":"បង្ខាំងទុក​ការហៅ","scCallForwarding":"បញ្ជូន​ការហៅ","scClip":"លេខ​សម្គាល់​អ្នក​ហៅ​ចូល","scClir":"លេខ​សម្គាល់​អ្នក​ហៅ​ចេញ","scPwd":"ផ្លាស់ប្ដូរ​ពាក្យ​សម្ងាត់","scCallWaiting":"រង់ចាំ​ការ​ហៅ","scPin":"ផ្លាស់ប្ដូរ PIN","scPin2":"ផ្លាស់ប្ដូរ PIN2","scPuk":"បើក​លេខ​កូដ PIN","scPuk2":"ដោះលេខកូដ PIN2","scImei":"IMEI","scUssd":"USSD","serviceClassVoice":"សំឡេង","serviceClassData":"ទិន្នន័យ","serviceClassFax":"FAX","serviceClassSms":"សារ​ខ្លី SMS","serviceClassDataSync":"ធ្វើ​សមកាលកម្ម","serviceClassDataAsync":"មិន​សមកាល","serviceClassPacket":"ហោប៉ៅ","serviceClassPad":"PAD","smServiceEnabled":"បើក​ឲ្យ​ប្រើប្រាស់​សេវាកម្ម","smServiceDisabled":"បិទ​ការ​ប្រើប្រាស់​សេវាកម្ម","smServiceRegistered":"ការ​ចុះឈ្មោះ​​បាន​​ជោគជ័យ","smServiceErased":"ការ​លុប​​ជោគជ័យ","smServiceInterrogated":"សំណើរ​ដោយ​ជោគជ័យ","smServiceNotProvisioned":"សេវាកម្ម​ដែល​មិន​បាន​ផ្ដល់","smClirPermanent":"អ្នក​មិន​អាច​ផ្លាស់ប្ដូរ​ការ​កំណត់​លេខ​សម្គាល់​អ្នក​ហៅ​បាន​ទេ","smClirDefaultOnNextCallOn":"លេខ​សម្គាល់​​អ្នក​ហៅ​លំនាំដើម​ត្រូវ​បាន​ដាក់​កម្រិត។ ការ​ហៅ​បន្ទាប់៖ បាន​ដាក់​កម្រិត","smClirDefaultOnNextCallOff":"លេខ​សម្គាល់​​អ្នក​ហៅ​លំនាំដើម​ត្រូវ​បាន​ដាក់​កម្រិត។ ការ​ហៅ​បន្ទាប់៖ មិន​ត្រូវ​បាន​ដាក់​កម្រិត","smClirDefaultOffNextCallOn":"លេខ​សម្គាល់​អ្នក​ហៅ​លំនាំដើម​មិន​ត្រូវ​បាន​ដាក់​កម្រិត។ ការ​ហៅ​បន្ទាប់៖ បាន​ដាក់​កម្រិត","smClirDefaultOffNextCallOff":"លេខ​សម្គាល់​​អ្នក​ហៅ​លំនាំដើម​មិន​ត្រូវ​បាន​ដាក់​កម្រិត។ ការ​ហៅ​បន្ទាប់៖ មិន​ត្រូវ​បាន​ដាក់​កម្រិត","smServiceEnabledFor":"សេវាកម្ម​ត្រូវ​បាន​បើក​សម្រាប់៖","smPinChanged":"បាន​ប្ដូរ​កូដ PIN ដោយ​ជោគជ័យ","smPinUnblocked":"បាន​ដោះ​សោ​កូដ​ PIN ដោយ​ជោគជ័យ","smPin2Changed":"បាន​ប្ដូរ​កូដ PIN2 ដោយ​ជោគជ័យ","smPin2Unblocked":"បាន​ដោះ​សោ​កូដ PIN2 ដោយ​ជោគជ័យ","emMmiError":"មាន​បញ្ហា​ការ​តភ្ជាប់ ឬ​កូដ MMI មិន​ត្រឹមត្រូវ","emMmiErrorPasswordIncorrect":"ពាក្យ​​សម្ងាត់​​មិន​​ត្រឹម​​ត្រូវ","emMmiErrorNotSupported":"កូដ MMI មិន​គាំទ្រ ឬ​មិន​ត្រឹមត្រូវ","emMmiErrorInvalidAction":"សកម្មភាព​មិន​ត្រឹមត្រូវ","emMmiErrorInvalidScCode":"កូដ​សេវាកម្ម​​មិន​ត្រឹមត្រូវ","emMmiErrorBadPuk":"PUK ដែល​អ្នក​បាន​​បញ្ចូល​មិន​ត្រឹមត្រូវ","emMmiErrorBadPin":"កូដ PIN ចាស់​ដែល​អ្នក​បាន​បញ្ចូល​មិន​ត្រឹមត្រូវ។","emMmiErrorNeedPuk2":"វាយ​កូដ PUK2 ដើម្បី​ដោះ​សោ​​ SIM ​កាត","emMmiErrorMismatchPin":"កូដ PINs ដែល​អ្នក​បាន​បញ្ចូល​មិន​ផ្គូផ្គង","emMmiErrorInvalidPin":"បញ្ចូល​កូដ PIN ដែល​មាន​លេខ 4 ដល់ 8","emMmiErrorNeedsPuk":"SIM កាត​របស់​​អ្នក​ គឺ​​បាន​បិទ PUK","emMmiErrorEnablePin":"បរាជ័យ។ បើក​ដំណើរការ SIM/RUIM LOCK","emMmiErrorMmiFdn":"ប្រតិបត្តិការ​ត្រូវ​បាន​ដាក់​កម្រិត​ចំពោះ​លេខ​ហៅ​ថេរ​ប៉ុណ្ណោះ","emMmiErrorStkCcUssdDial":"សំណើ USSD ត្រូវ​បាន​កែប្រែ​ទៅ​សំណើ DIAL","emMmiErrorStkCcUssdSs":"សំណើ USSD ត្រូវ​បាន​កែប្រែ​ទៅ​សំណើ SS","emMmiErrorStkCcUssdUssd":"សំណើ USSD ត្រូវ​បាន​កែប្រែ​ទៅ​សំណើ USSD ថ្មី","emMmiErrorStkCcSsDial":"សំណើ SS ត្រូវ​បាន​កែប្រែ​ទៅ​សំណើ DIAL","emMmiErrorStkCcSsUssd":"សំណើ SS ត្រូវ​បាន​កែប្រែ​ទៅ​សំណើ USSD","emMmiErrorStkCcSsSs":"សំណើ SS ត្រូវ​បាន​កែប្រែ​ទៅ​សំណើ SS ថ្មី","emMmiErrorPinPukAttempts":{"_index":["plural","n"],"_":{"one":"Only {{ n }} retry left","two":"{{ n }} retries left","few":"{{ n }} retries left","many":"{{ n }} retries left","other":"{{ n }} retries left"}},"emMmiErrorSimBlocked":"បាន​ហួស​កំណត់​ចំនួន​ការ​ព្យាយាម​អតិបរមា​។ បាន​បិទ SIM","RadioNotAvailable":"គ្មាន​វិទ្យុ","GenericFailure":"កំហុស​ទូទៅ","PasswordIncorrect":"ពាក្យសម្ងាត់​មិន​ត្រឹមត្រូវ","SimPin2":"SIM PIN2","SimPuk2":"SIM PUK2","RequestNotSupported":"សំណើ​មិន​ត្រូវ​បាន​គាំទ្រ","OpNotAllowedDuringVoiceCall":"ប្រតិបត្តិការ​មិន​ត្រូវ​បាន​អនុញ្ញាត​អំឡុង​ពេល​ហៅ​ជា​សំឡេង","SmsSendFailRetry":"បរាជ័យ​ក្នុង​ការ​ផ្ញើ​សារ SMS ព្យាយាម​ម្ដងទៀត","SimAbsent":"អវត្តមាន SIM","SubscriptionNotAvailable":"គ្មាន​ការ​ជាវ","ModeNotSupported":"មិន​គាំទ្រ​វិធី","FdnCheckFailure":"ភាព​បរាជ័យ​ការ​ពិនិត្យមើល Fdn","IllegalSimOrMe":"SIM ឬ ME មិន​ស្របច្បាប់","DialModifiedToUssd":"បាន​កែប្រែ​ចុច​ទៅ USSD","DialModifiedToSs":"បាន​កែប្រែ​ចុច​ទៅ SS","DialModifiedToDial":"បាន​កែប្រែ​ចុច​ទៅ​បន្ទះ​លេខ","UssdModifiedToDial":"បាន​កែប្រែ USSD ដើម្បី​ចុច","UssdModifiedToSs":"បាន​កែប្រែ USSD ទៅ","UssdModifiedToUssd":"USSD បាន​កែប្រែ​ទៅ USSD","SsModifiedToDial":"SS បាន​កែប្រែ​ទៅ​បន្ទះ​ចុច","SsModifiedToUssd":"SS បាន​កែប្រែ​ទៅ USSD","SsModifiedToSs":"SS បាន​កែប្រែ​ទៅ SS","SubscriptionNotSupported":"ការ​ជាវ​មិន​ត្រូវ​បាន​គាំទ្រ","InvalidParameter":"ប៉ារ៉ាម៉ែត្រ​មិន​ត្រឹមត្រូវ","RejectedByRemote":"បាន​បដិសេធ​ពី​ចម្ងាយ","group-call":{"_index":["plural","n"],"_":{"one":"ការ​ហៅ​ជា​ក្រុម ({{ n }})","two":"កា​រហៅ​ជា​ក្រុម ({{ n }})","few":"ការ​ហៅ​ជា​ក្រុម ({{ n }})","many":"ការ​ហៅ​ជា​ក្រុម ({{ n }})","other":"កា​រហៅ​ជា​ក្រុម ({{ n }})"}},"caller-left-call":"{{ caller }} បាន​ចេញ​ពី​ការហៅ។","conferenceAddError":"មិន​អាច​បញ្ចូល​ការ​ហៅ​ចូល​គ្នា","conferenceRemoveError":"មិន​អាច​មិន​បញ្ចូល​ការ​ហៅ​ចូល​គ្នា","longDateFormat":"%A, %B %e","select-audio-sources":"ជ្រើស​ប្រភព​អូឌីយ៉ូ","bluetooth-handsfree-device":"ឧបករណ៍​មិន​ប្រើ​ដៃ​សម្រាប់ប៊្លូធូស","receiver":"អ្នកទទួល","speaker":"អូប៉ាល័រ​","add":"បន្ថែម","done":"ធ្វើ​រួច","retry":"ព្យាយាម​ម្ដង​ទៀត","addContact":"បន្ថែម​ទំនាក់ទំនង","deleteContact":"លុប​ទំនាក់ទំនង","selectContact":"ជ្រើស​ទំនាក់ទំនង​","editContact":"កែ​​ទំនាក់ទំនង","deleteConfirmMsg":"លុប​ទំនាក់ទនង​?","remove":"លុប​ចេញ","comments":"មតិយោបល់","no_contact_phones":"ទំនាក់ទំនង​នេះ​មិន​មាន​លេខ​ទូរសព្ទ​ទេ","no_contact_email":"ទំនាក់​ទំនង​នេះ​មិន​មាន​អ៊ីមែល​ទេ","removePhotoConfirm":"លុប​រូបភាព​​​ទំនាក់ទំនង​​ឬ?","loadingContacts":"កំពុង​ផ្ទុក​ទំនាក់ទំនង...","noContactsActivity":"មិន​អាច​បន្ថែម​ទៅ​ទំនាក់ទំនង​​​ព្រោះ​បញ្ជី​ទំនាក់ទំនង​របស់​អ្នក​​ទទេ","noName":"គ្មាន​ឈ្មោះ","givenName":{"placeholder":"ឈ្មោះ"},"familyName":{"placeholder":"នាមត្រកូល"},"tel":{"placeholder":"ទូរស័ព្ទ"},"carrier":{"_":"ក្រុមហ៊ុន​ទូរគមនាគមន៍","placeholder":"ក្រុមហ៊ុន​ទូរគមនាគមន៍"},"separator":",","email":{"_":"អ៊ីមែល","placeholder":"អ៊ីមែល"},"streetAddress":{"placeholder":"ផ្លូវ"},"postalCode":{"placeholder":"លេខ​​កូដ​តំបន់"},"locality":{"placeholder":"ទីក្រុង"},"countryName":{"placeholder":"ប្រទេស"},"comment":{"placeholder":"មតិយោបល់"},"org":{"placeholder":"ក្រុមហ៊ុន"},"custom":"ស្លាក​តាម​បំណង","date":{"_":"កាលបរិច្ឆេទ","placeholder":"កាលបរិច្ឆេទ"},"date-span-placeholder":"Date","birthday":"ថ្ងៃកំណើត","dateFormat":"%B %e","dateOutput":"{{dayMonthFormatted}} {{year}}","anniversary":"បុណ្យខួប​","addPhoto":"បន្ថែម​រូបភាព","addPhone":"បន្ថែម​ទូរស័ព្ទ","addEmail":"បន្ថែម​អ៊ីមែល","addAddress":"បន្ថែម​អាសយដ្ឋាន","addDate":"បន្ថែម​កាលបរិច្ឆេទ","addComment":"បន្ថែម​មតិយោបល់","addFavorite":"បន្ថែម​ទៅ​សំណព្វ","removeFavorite":"យកចេញ​សំណព្វ","label":"ស្លាក","home":"ផ្ទះ","work":"ការងារ","personal":"ផ្ទាល់​ខ្លួន","faxHome":"ទូរសារ​ផ្ទះ","faxOffice":"ទូរសារ​ការិយាល័យ","faxOther":"ទូរសារ​ផ្សេងៗ","another":"ផ្សេង","other":"ផ្សេងៗ","current":"បច្ចុប្បន្ន","itemWithLabel":"{{label}}, {{item}}","exit":"ចេញ","expand":"ពង្រីក","labelName":"ឈ្មោះ ៖","labelLastName":"នាម​ត្រកូល ៖","labelPhoneNumber":"លេខ​ទូរស័ព្ទ ៖","labelCarrier":"ក្រុមហ៊ុន​ទូរគមនាគមន៍ ៖","labelEmail":"អ៊ីមែល ៖","labelStreet":"វិថី ៖","labelZip":"លេខ​កូដ​តំបន់ ៖","labelCity":"ទីក្រុង ៖","labelCountry":"ប្រទេស ៖","labelComment":"មតិយោបល់ ៖","legendTitleMain":"ព័ត៌មាន​ចម្បង","legendPhones":"លេខ​ទូរស័ព្ទ","legendEmail":"អាសយដ្ឋាន​អ៊ីមែល","legendAddress":"អាសយដ្ឋាន","transferContactsTitle":"ផ្ទេរ​ទំនាក់ទំនង","importContactsTitle":"នាំចូល​ទំនាក់ទំនង","importContactsButton":"នាំចូល​ទំនាក់ទំនង","exportContactsTitle":"នាំចេញ​ទំនាក់ទំនង","exportContactsButton":"នាំចេញ​ទំនាក់ទំនង","exportContactsAction":"នាំចេញ","simExport-title":"នាំចេញ​ទៅ SIM","sdExport-title":"នាំ​ចេញ​ទៅ​កាត SD","btExport-title":"នាំ​ចេញ​ទៅប៊្លូសធូស","sdUMSEnabled":"មិន​អាច​ប្រើ​កាត SD ព្រោះ​​បាន​បើក​​ដំណើរការ​ទំហំ​ផ្ទុក USB","exportErrorTitle":"កំហុស​នាំចេញ","contactsExported2":{"_index":["plural","exported"],"_":{"zero":"គ្មាន​បញ្ជី​ទំនាក់​ទំនង​បាន​នាំចេញ","one":"បាន​នាំចេញ​ទំនាក់ទំនង {{exported}}/{{total}}","two":"បាន​នាំចេញ​ទំនាក់ទំនង {{exported}}/{{total}}","few":"បាន​នាំចេញ​ទំនាក់ទំនង {{exported}}/{{total}}","many":"បាន​នាំ​ចេញ​ទំនាក់ទំនង {{exported}}/{{total}}","other":"បាន​នាំ​ចេញ​ទំនាក់ទំនង {{exported}}/{{total}}"}},"exportError-general":"មាន​កំហុស​​​កើត​ឡើង​​អំឡុង​ពេល​នាំចេញ","exportError-SD-shared":"មិន​អាច​ដំណើរការ​កាត​អង្គ​ចងចាំ​បាន​ទេ ព្រោះ​វា​ត្រូវ​បាន​ចែករំលែក","exportError-SD-unavailable":"កាត​អង្គ​ចងចាំ​មិន​អាច​ប្រើ​បាន","exportError-SD-noSpace":"មិន​មាន​ទំហំ​ទំនេរ​គ្រប់គ្រាន់​នៅ​លើ​កាត​អង្គ​ចងចាំ​ដើម្បី​នាំចេញ​​​ទំនាក់ទំនង","exportError-SIM-unavailable":"SIM ​កាត​មិន​អាច​ប្រើ​បាន","exportError-BT-shared":"មិន​អាច​ដំណើរការ​កាត​អង្គ​ចងចាំ​បាន​ទេ ព្រោះ​វា​ត្រូវ​បាន​ចែក​រំលែក","exportError-BT-unavailable":"កាត់​អង្គ​ចងចាំ​មិន​អាច​ប្រើបាន","exportError-BT-noSpace":"មិន​មាន​ទំហំ​ទំនេរ​គ្រប់គ្រាន់​នៅ​លើ​កាត​អង្គ​ចងចាំ​ដើម្បី​នាំចេញ​​​​ទំនាក់ទំនង","simContacts-import":"នាំចូល​ទំនាក់ទំនង​ពី​​ SIM","simContacts-importing":"កំពុង​នាំចូល​ទំនាក់ទំនង​ពី​ SIM...","simContacts-reading":"កំពុង​អាន​ពី​​​ SIM កាត...","simContacts-error":"មិន​អាច​នាំចូល​ទំនាក់ទំនង​ពី​ SIM","simContacts-imported3":{"_index":["plural","n"],"_":{"zero":"រក​មិន​ឃើញ​ទំនាក់ទំនង​នៅ​លើ​ SIM ដើម្បី​នាំចូល​ទេ","one":"បាន​នាំចូល​ទំនាក់ទំនង​​មួយ","two":"បាន​នាំចូល​ទំនាក់ទំនង {{n}}","few":"បាន​នាំចូល​ទំនាក់ទំនង {{n}}","many":"បាន​នាំចូល​ទំនាក់ទំនង {{n}}","other":"បាន​នាំចូល​ទំនាក់ទំនង {{n}}"}},"noSimMsgExport":"ដើម្បី​នាំចេញ​ទំនាក់ទំនង បញ្ចូល ឬ​ដោះ​សោ SIM កាត","simNumber":"SIM {{number}}","memoryCardContacts-import":"នាំចូល​ទំនាក់ទំនង​ពី​កាត​អង្គចងចាំ","memoryCardContacts-importing":"កំពុង​នាំចូល​ទំនាក់ទំនង​ពី​កាត​អង្គចងចាំ...","memoryCardContacts-reading":"កំពុង​អាន​ពី​កាត​អង្គចងចាំ...","memoryCardContacts-error":"មិន​អាច​នាំចូល​ទំនាក់ទំនង​ពី​​កាត​អង្គចងចាំ","memoryCardContacts-imported3":{"_index":["plural","n"],"_":{"zero":"រក​មិន​ឃើញ​ទំនាក់ទំនង​លើ​កាត​អង្គចងចាំ​ដើម្បីនាំចូល","one":"បាន​នាំចូល​ទំនាក់ទំនង​​មួយ","two":"បាន​នាំចូល​ទំនាក់ទំនង {{n}}","few":"បាន​នាំចូល​ទំនាក់ទំនង {{n}}","many":"បាន​នាំចូល​ទំនាក់ទំនង {{n}}","other":"បាន​នាំចូល​ទំនាក់ទំនង {{n}}"}},"noMemoryCardMsgExport":"ដើម្បី​នាំចេញ​​ទំនាក់ទំនង​ សូម​បញ្ចូល​កាត​អង្គ​ចងចាំ","genericProgress":"{{current}}/{{total}}","social-network":"បណ្ដាញ​សង្គម","social-link":"ភ្ជាប់​ទំនាក់ទំនង","social-unlink":"ផ្ដាច់​​ទំនាក់ទំនង","social-unlink-confirm-title":"តើ​អ្នក​ចង់​​ផ្ដាច់​​ទំនាក់ទំនង​ជាមួយ​មិត្ត​របស់​អ្នក​ឬ?","social-unlink-confirm-accept":"ដក​តំណ​ចេញ","facebook-import":"នាំចូល​មិត្តភ័ក្ដិ​​ពី Facebook","show-fb-profile":"មើល​ប្រវត្តិរូប Facebook","msg-send":"សារ","wall-post":"ប្រកាស​លើ​​ផ្ទៃ​មុខ","facebook-import-msg":{"_index":["plural","imported"],"_":{"zero":"គ្មាន​មិត្តភ័ក្ដិ​បាន​នាំចូល (អស់​ពី​ {{total}})","one":"បាន​នាំចូល​មិត្តភ័ក្ដិ​ម្នាក់​ (នៃ {{total}})","two":"បាន​នាំចូល​មិត្តភ័ក្ដិ {{imported}}/{{total}}","few":"បាន​នាំចូល​មិត្តភ័ក្ដិ {{imported}}/{{total}}","many":"បាន​នាំចូល​មិត្តភ័ក្ដិ {{imported}}/{{total}}","other":"បាន​នាំចូល​មិត្តភ័ក្ដិ {{imported}}/{{total}}"}},"facebookSwitchMsg":"ធ្វើ​សមកាល​មិត្តិភ័ក្ដិ","select_mobile":"ជ្រើស​ទូរស័ព្ទ","select_email":"ជ្រើស​អ៊ីមែល","contactsOrderBy":"តម្រៀប​តាម​នាម​ត្រកូល","bluetooth":"ប្ល៊ូធូស","fbUpdateFriends":"ធ្វើ​បច្ចុប្បន្នភាព​មិត្តភ័ក្ដិ​ដែល​បាន​នាំចូល","cleaningFbData":"លុប​ទិន្នន័យ Facebook ចេញ","loggingOutFb":"ចេញ​ពី Facebook","cleanFbConfirmMsg":"លុប​ទិន្នន័យ Facebook ទាំងអស់​ចេញ?","renewPwdMsg":"ពាក្យសម្ងាត់​របស់​អ្នក​នៅ​ក្នុង Facebook ត្រូវ​បាន​ប្ដូរ ។ សូម​ធ្វើ​បច្ចុប្បន្នភាព​វា ។","notEnabledYet":"មិន​ទាន់​បើក​ឲ្យ​ប្រើ​បាន​នៅ​ឡើង​ទេ","genericNoConnection":"ដើម្បី​នាំចូល​ទំនាក់​ទំនង សូម​​ភ្ជាប់​ទៅ​បណ្ដាញ​ Wi-Fi ឬ​​ទិន្នន័យ​ទូរសព្ទ","simCard":"SIM កាត","memoryCard":"កាត​អង្គ​ចងចាំ","create-new":"បង្កើត​ទំនាក់​ទំនង​ថ្មី​មួយ","import-now":"នាំចូល​ទំនាក់ទំនង​របស់​អ្នក​ពី​​ SIM ឬ Facebook","no-contacts":"គ្មាន​ទំនាក់ទំនង","start-adding":"ចាប់ផ្ដើម​បន្ថែម​​វា​ឥឡូវ","notImported":"មិន​បាននាំចូល","imported":"បាននាំចូល","organise-contacts":"រៀបចំ​ទំនាក់ទំនង","find-merge-contacts":"រក​ទំនាក់ទំនង​ដែល​ស្ទួន​គ្នា","preparing-contacts":"រៀបចំ​ទំនាក់ទំនង","exportError-SIM-NoFreeRecordFound":"SIM កាត​ពេញ","exportError-SIM-CannotAccessPhoneBook":"Cannot access SIM card’s phone book","exportError-SIM-Unavailable":"រក​មិន​ឃើញ​ SIM","exportError-SIM-GenericError":"កំហុស​បាន​កើត​ឡើង​លក្ខណៈ​ពេល​នាំចេញ​ទំនាក់ទំនង","ContactManagementTitle":"ការ​គ្រប់គ្រង​ទំនាក់ទំនង","DeleteTitle":"​លុប​","bulkDeleteButton":"លុប​ទំនាក់ទំនង","BulkDelCancel":"Contacts delete cancelled","DeletedTxt":{"_index":["plural","n"],"_":{"zero":"គ្មាន​ទំនាក់ទំនង​ត្រូវ​លុប","one":"បាន​លុប​ទំនាក់ទំនង 1","two":"បាន​លុប​ទំនាក់ទំនង {{n}}","few":"បាន​លុប​ទំនាក់ទំនង {{n}}","many":"បាន​លុប​ទំនាក់ទំនង {{n}}","other":"បាន​លុប​ទំនាក់ទំនង {{n}}"}},"DeletingContacts":"លុប​ទំនាក់ទំនង","ContactConfirmDel":{"_index":["plural","n"],"_":{"zero":"គ្មាន​ទំនាក់ទំនង​ត្រូវ​លុប","one":"បាន​លុប​ទំនាក់ទំនង 1 ? វា​មិន​អាច​មិន​ធ្វើ​វិញ។"}},"SelectedTxt":{"_index":["plural","n"],"_":{"zero":"ទំនាក់ទំនង","one":"បាន​ជ្រើស {{n}}","two":"បាន​ជ្រើស {{n}}","few":"បាន​ជ្រើស​ {{n}}","many":"បាន​ជ្រើស {{n}}","other":"បាន​ជ្រើស {{n}}"}},"sim-picker-dial-via-with-number":"ហៅ​លេខ {{ phoneNumber }} តាមរយៈ","sim-picker-select-sim":"ជ្រើស SIM","sim-picker-button":"SIM{{ n }}","sim-picker-button-default":"(លំនាំដើម)","waitDuplicateContacts":"រក​មើល​ទំនាក់ទំនង​ដែល​ស្ទួន​គ្នា","waitMergingDuplicateContacts":"បញ្ចូល​ទំនាក់ទំនង​ស្ទួន​គ្នា​ចូលគ្នា","alertNoDuplicateContacts":"រក​មិន​ឃើញ​ទំនាក់​ទំនង​ដែល​​ស្ទួន​គ្នា","mergeDuplicateTitle":"បញ្ចូល​ឈ្មោះ​ស្ទួន​គ្នា","suggestedDuplicateContacts":"បាន​​ស្នើ​ទំនាក់ទំនង​ដែល​ស្ទួន​នឹង {{name}}","mergeActionButtonLabel":{"_index":["plural","n"],"_":{"zero":"គ្មាន​ទំនាក់ទំនង​បាន​ជ្រើស","one":"បញ្ចូល​ទំនាក់ទំនង {{n}} ចូល​គ្នា","other":"បញ្ចូល​ទំនាក់ទំនង {{n}} ចូល​គ្នា"}},"duplicatesFoundTitle":"រក​ឃើញ​​ភាព​ស្ទួន​គ្នា","duplicatesFoundMessage":"{{name}} មាន​ព័ត៌មាន​ស្ទួន​គ្នា​នៅ​ក្នុង​ទំនាក់ទំនង​ខាងក្រោម​នេះ"}