{"brandShortName":"B2G OS","browserBrandShortName":"웹 브라우저","browserBrandFullName":"Mozilla 웹 브라우저","back":"뒤로","noSimMsg":"SIM 카드를 넣거나 잠금을 풀어야 연락처를 가져올 수 있음","noMemoryCardMsg":"메모리 카드를 넣어야 연락처를 가져올 수 있음","importMemoryCard":"메모리 카드","noConnection11":"Wi-Fi나 데이터 네트워크에 연결하여 Facebook 친구 및 연락처 가져오기","pincode2":"PIN 코드 입력","type_pin":"PIN 코드 넣기","pincodeLabel":"SIM {{n}} PIN","pinValidation":"PIN은 4~8자리 글자입니다.","pinError":"PIN이 올바르지 않습니다.","pinAttemptMsg2":{"_index":["plural","n"],"_":{"one":"올바른 코드를 입력할 수 있는 기회가 한 번 남았습니다. 만약 틀리면 이 SIM 카드는 잠기게 됩니다.","two":"올바른 코드를 입력할 수 있는 기회가 {{n}}번 남았습니다. 만약 틀리면 이 SIM 카드는 잠기게 됩니다.","few":"올바른 코드를 입력할 수 있는 기회가 {{n}}번 남았습니다. 만약 틀리면 이 SIM 카드는 잠기게 됩니다.","many":"올바른 코드를 입력할 수 있는 기회가 {{n}}번 남았습니다. 만약 틀리면 이 SIM 카드는 잠기게 됩니다.","other":"올바른 코드를 입력할 수 있는 기회가 {{n}}번 남았습니다. 만약 틀리면 이 SIM 카드는 잠기게 됩니다."}},"pinLastChanceMsg":"올바른 PIN을 입력할 수 있는 마지막 기회입니다. 그러지 못하면 PUK를 입력해야 이 SIM 카드를 쓸 수 있습니다.","pukcode":"PUK 코드 입력","pukcodeTitle":"SIM {{n}} PUK 입력","pukcodeLabel":"SIM {{n}} PUK","type_puk":"PUK 코드","pukValidation":"PUK 코드는 반드시 정확히 8자리 숫자여야 합니다.","pukInfo":"SIM 카드의 Personal Unlocking Key (PUK) 코드를 입력해야 합니다. 자세한 정보는 SIM 카드 문서를 참조하거나 통신사에 문의하시기 바랍니다.","pukError":"PUK가 올바르지 않습니다.","pukAttemptMsg2":{"_index":["plural","n"],"_":{"one":"올바른 코드를 입력할 수 있는 기회가 한 번 남았습니다. 만약 틀리면 이 SIM 카드는 영구적으로 사용할 수 없게 됩니다. 자세한 정보는 SIM 카드 문서를 참조하거나 통신사에 문의하시기 바랍니다.","two":"올바른 코드를 입력할 수 있는 기회가 {{n}}번 남았습니다. 만약 틀리면 이 SIM 카드는 영구적으로 사용할 수 없게 됩니다. 자세한 정보는 SIM 카드 문서를 참조하거나 통신사에 문의하시기 바랍니다.","few":"올바른 코드를 입력할 수 있는 기회가 {{n}}번 남았습니다. 만약 틀리면 이 SIM 카드는 영구적으로 사용할 수 없게 됩니다. 자세한 정보는 SIM 카드 문서를 참조하거나 통신사에 문의하시기 바랍니다.","many":"올바른 코드를 입력할 수 있는 기회가 {{n}}번 남았습니다. 만약 틀리면 이 SIM 카드는 영구적으로 사용할 수 없게 됩니다. 자세한 정보는 SIM 카드 문서를 참조하거나 통신사에 문의하시기 바랍니다.","other":"올바른 코드를 입력할 수 있는 기회가 {{n}}번 남았습니다. 만약 틀리면 이 SIM 카드는 영구적으로 사용할 수 없게 됩니다. 자세한 정보는 SIM 카드 문서를 참조하거나 통신사에 문의하시기 바랍니다."}},"pukLastChanceMsg":"올바른 PUK 코드를 입력할 수 있는 마지막 기회입니다. 만약 잘못된 PUK 코드를 입력하면 이 SIM 카드는 영구적으로 사용할 수 없게 됩니다.","create_newpin":"새 PIN 만들기 (4~8자리 숫자)","confirm_newpin":"새 PIN 확인","newpinConfirmation":"PIN이 맞지 않음","nckcode":"NCK 코드 입력","cckcode":"CCK 코드 입력","spckcode":"SPCK 코드 입력","nck1code":"Enter NCK1 code","nck2code":"Enter NCK2 code","hnckcode":"Enter HNCK code","rcckcode":"Enter RCCK code","rspckcode":"Enter RSPCK code","nckcodeTitle":"SIM {{n}} NCK 입력","cckcodeTitle":"SIM {{n}} CCK 입력","spckcodeTitle":"SIM {{n}} SPCK 입력","nck1codeTitle":"Enter SIM {{n}} NCK1","nck2codeTitle":"Enter SIM {{n}} NCK2","hnckcodeTitle":"Enter SIM {{n}} HNCK","rcckcodeTitle":"Enter SIM {{n}} RCCK","rspckcodeTitle":"Enter SIM {{n}} RSPCK","nckcodeLabel":"SIM {{n}} NCK","cckcodeLabel":"SIM {{n}} CCK","spckcodeLabel":"SIM {{n}} SPCK","nck1codeLabel":"SIM {{n}} NCK1","nck2codeLabel":"SIM {{n}} NCK2","hnckcodeLabel":"SIM {{n}} HNCK","rcckcodeLabel":"SIM {{n}} RCCK","rspckcodeLabel":"SIM {{n}} RSPCK","type_nck":"NCK 코드 넣기","type_cck":"CCK 코드 넣기","type_spck":"SPCK 코드 넣기","type_nck1":"Type your NCK1 code","type_nck2":"Type your NCK2 code","type_hnck":"Type your HNCK code","type_rcck":"Type your RCCK code","type_rspck":"Type your RSPCK code","nckValidation":"NCK는 8~16자리 글자입니다.","cckValidation":"CCK는 8~16자리 글자입니다.","spckValidation":"SPCK는 8~16자리 글자입니다.","nck1Validation":"NCK1 must have between 8 and 16 characters.","nck2Validation":"NCK2 must have between 8 and 16 characters.","hnckValidation":"HNCK must have between 8 and 16 characters.","rcckValidation":"RCCK must have between 8 and 16 characters.","rspckValidation":"RSPCK must have between 8 and 16 characters.","nckErrorMsg":"NCK 코드가 올바르지 않습니다.","nckAttemptMsg2":{"_index":["plural","n"],"_":{"one":"네트워크 잠금 해제 요청이 실패했습니다. 올바른 코드를 입력할 수 있는 기회가 한 번 남았습니다. 자세한 정보는 단말기 설명서를 참조하거나 통신사에 문의하시기 바랍니다.","two":"네트워크 잠금 해제 요청이 실패했습니다. 올바른 코드를 입력할 수 있는 기회가 {{n}}번 남았습니다. 자세한 정보는 단말기 설명서를 참조하거나 통신사에 문의하시기 바랍니다.","few":"네트워크 잠금 해제 요청이 실패했습니다. 올바른 코드를 입력할 수 있는 기회가 {{n}}번 남았습니다. 자세한 정보는 단말기 설명서를 참조하거나 통신사에 문의하시기 바랍니다.","many":"네트워크 잠금 해제 요청이 실패했습니다. 올바른 코드를 입력할 수 있는 기회가 {{n}}번 남았습니다. 자세한 정보는 단말기 설명서를 참조하거나 통신사에 문의하시기 바랍니다.","other":"네트워크 잠금 해제 요청이 실패했습니다. 올바른 코드를 입력할 수 있는 기회가 {{n}}번 남았습니다. 자세한 정보는 단말기 설명서를 참조하거나 통신사에 문의하시기 바랍니다."}},"nckLastChanceMsg":"네트워크 잠금 해제 요청이 실패했습니다. 올바른 NCK 코드를 입력할 수 있는 마지막 기회입니다. 자세한 정보는 단말기 설명서를 참조하거나 통신사에 문의하시기 바랍니다.","skip":"건너뛰기","send":"보내기","ok":"확인","simLocked":"SIM 카드 잠김","inputCodeRetriesLeft":{"_index":["plural","n"],"_":{"one":"마지막 기회입니다.","two":"{{n}}번 남았습니다.","few":"{{n}}번 남았습니다.","many":"{{n}}번 남았습니다.","other":"{{n}}번 남았습니다."}},"simManager":"SIM 관리자","simDetail":"SIM {{n}}","simDefault":"(기본)","simDefaultMessage":"착신 통화 및 메시지, 데이터 연결은 SIM 1으로 기본 설정됨","simSettingsMessage":"설정 > SIM 관리자에서 기본 설정 변경 가능 ","simPinLocked":"SIM PIN 잠금","noOperator":"통신사 없음","language":"언어","english":"영어","dvorak":"영어 (드보락)","spanish":"스페인어","portuguese":"포르투갈어 (브라질)","french":"프랑스어","italian":"이탈리아어","arabic":"아라비아어","greek":"그리스어","hebrew":"히브리어","jp-kanji":"일본어","jp-kanji-desc":"간지","traditionalChinese":"번체","traditionalChinese-desc":"주음","simplifiedChinese":"간체","simplifiedChinese-desc":"병음","3g":"모바일 네트워크 사용","dataConnection":"데이터 연결","dataConnectionInfo":"데이터 연결을 시작하면 통신사에서 제공하는 데이터망에 연결하여, Wi-Fi에 연결하지 않고도 설정할 수 있습니다. 물론 나중에 설정에서 데이터 연결을 시작할 수도 있습니다. 다만 통신사에 요금이 지나치게 많이 나오지 않을 충분한 요금제로 가입되어 있는지 확인하십시오.","caution":"주의","geolocation":"위치 서비스","geolocationCheckbox":"위치 서비스 활성화","geolocationInfo2":"{{brandShortName}} 폰은 사용자의 대략적인 위치를 파악하기 위해 GPS, Wi-Fi, 모바일 네트워크를 사용합니다.","geolocationInfoMore":"위치 데이터는 Mozilla와 서비스 제공업체들에 전달하고, 위치 데이터베이스 향상을 위해 사용됩니다. 이 데이터는 여러분의 기기에 저장되고 앱이 실행되지 않을 때도 수집 될 수 있습니다.","notice":"알림","aboutYourPrivacy":"개인 정보 보호 정책","wifi":"Wi-Fi","scanningNetworks":"Wi-Fi 네트워크 찾는 중","selectNetwork":"Wi-Fi 선택","shortStatus-connecting":"연결 중…","shortStatus-associated":"IP 주소를 받아오는 중…","shortStatus-connected":"연결됨","shortStatus-connectingfailed":"연결 실패","shortStatus-disconnected":"연결되어 있지 않음","securedBy":"{{capabilities}}로 보안이 걸려 있음","security":"보안","securityNone":"없음","securityWEP":"WEP","securityWPA-PSK":"WPA-PSK","securityWPA-EAP":"WPA-EAP","securityOpen":"개방","identity":"사용자","identityInput":{"placeholder":"사용자"},"password":"암호","passwordInput":{"placeholder":"암호"},"showPassword":"암호 보이기","refresh":"새로 고침","noWifiFound3":"무선 네트워크를 찾을 수 없음","join-hidden-button":"숨은 네트워크 접속","authentication":"인증","ssid-name":"SSID 네트워크 이름","dateAndTime":"날짜 및 시간","setTimeAutomatically":"자동 맞춤","timezoneMessage":"시간대","timezoneTitle":"UTC{{utcOffset}} {{region}}/{{city}}","dateMessage":"날짜","timeMessage":"시간","timeZone":"시간대","change":"변경","importContacts3":"연락처 가져오기","importSim2":"SIM 카드","importFb2":"Facebook","importOutlook":"Outlook","importGmail":"Gmail","fb-checking":"… 검사 중","notImportedYet":"아직 가져오지 않음","otherAccount":"다른 계정","mobile":"모바일","afterFbImport":"연락처 설정에서 Facebook 친구를 편집 혹은 가져오기 가능합니다.","firefox-accounts":"Firefox Accounts","fxa-overview":{"innerHTML":"A Firefox Account lets you use features like Find My Device and apps like the Firefox Marketplace."},"fxa-create-account-or-sign-in":"Create Account or Sign In","fxa-email-sent":"A verification link has been sent to {{email}}","about-your-rights-0":"{{brandShortName}}는 전 세계 수천명의 커뮤니티 참여자에 의해 만들어지는 오픈 소스 소프트웨어 입니다. ","about-your-rights-1":"{{brandShortName}}는 Mozilla Public License를 비롯한 몇 가지 오픈 소스 라이선스를 기반으로 제공됩니다. {{brandShortName}} 기반 기기는 서드파티가 제공하는 상용 소프트웨어를 포함할 수 있습니다. 오픈 라이선스를 통해 만들어진 소스 코드는 여러분 스스로 직접 수정해서 적용하고 배포할 수 있습니다.","about-your-rights-2":"단, {{brandShortName}} 상표 및 로고는 Mozilla 재단의 상표권 라이선스를 받아야 사용할 수 있습니다.","about-your-rights-3":"{{brandShortName}}의 문제점 보고서를 통해 Mozilla에 여러분의 피드백을 제공할 수 있습니다. 피드백을 통해 제품에 대한 기능 및 성능 향상에 도움을 주실 수 있습니다. ","about-other":"기타","SIM_mandatory":"SIM 카드 경고","SIM_mandatory_warm":"SIM 카드를 넣고 전화기를 재시작 해 주십시오.","sharing-performance-data":"성능 데이터 공유","telemetry-sends":"데이터 수집은 여러분의 {{brandShortName}} 기기에서 성능, 하드웨어, 사용량, 사용자 설정에 대한 정보를 Mozilla에 보냅니다. 우리는 이 정보를 가지고 제품의 성능을 개선하고 더 빠르고 반응성을 높히는데 사용합니다.","learn-more-telemetry":{"innerHTML":"Learn more at {{link}}"},"learn-more-information":{"innerHTML":"Learn how Mozilla handles your information at {{link}}"},"welcomeBrowser":"Mozilla의 오픈 소스 모바일 운영체제인 {{brandShortName}}를 선택해 주셔서 감사합입니다. 우리의 사명은 공유, 창조 및 선택 기회를 제공하여, 여러분이 개방된 웹의 힘을 느낄 수 있도록 하는 것입니다.","learn-more-privacy":{"innerHTML":"Learn how Mozilla handles your information in our {{link}}."},"learn-more-privacy-link":"privacy policy","aboutBrowser":"{{brandShortName}} 정보","aboutYourPrivacy2":"개인 정보 보호","mozillaCommunity2":"{{brandShortName}}를 사용하면 여러분은 보다 밝은 웹의 미래를 만들어가는 글로벌 커뮤니티의 일원이 된 것입니다. Mozilla 커뮤니티와 제품 및 행사에 대해 알고 싶으시면, 이메일 주소를 적어주십시오.","collaborate":"{{brandShortName}}를 보다 빠르고 쉽게 쓸 수 있도록 전화의 성능 정보를 공유해서 돕고 싶습니다.","learnMore":"자세히 보기","emailAddress":{"placeholder":"이메일 주소"},"email-successfully-added":"이메일이 성공적으로 추가됨","email-loading":"이메일을 저장하는 중…","browserPrivacyChoices":"{{brandShortName}} 개인 정보 보호 선택 사항","privacy-b2g":{"_":"{{brandShortName}}","title":"{{brandShortName}}"},"privacy-marketplace":{"_":"Marketplace","title":"{{privacy-marketplace}}"},"privacy-e-me":{"_":"everything.me","title":"{{privacy-e-me}}"},"navbar-back":"뒤로","navbar-next":"다음","navbar-join":"접속하기","thatsIt":"시작하기","startYourPhone":"스마트폰 사용법","startYourTablet":"태블릿 사용법","joinTutorial":"잠깐 시간을 내서 여러 기능을 알아보십시오.","enjoyYourPhone":"이제 즐겁게 사용하실 준비가 되었습니다.","optionsAvailable":"먼저 '설정'에서 언어, 날짜 및 시간, Wi-Fi 연결 방식을 바꿀 수 있습니다.","letsGo":"시작하기","startTour":"둘러보기","thatsIt1Tablet-2":"홈 화면으로 가려면 아래에서 위로 밀면 됩니다.","thatsIt2Tablet-2":"해 봅시다!","tutorial-step1-tiny":"화면을 오른쪽에서 왼쪽으로 밀어 보시면, 설치된 기본 앱을 살펴보실 수 있습니다.","tutorial-step2-tiny":"앱 아이콘을 길게 누르면, 삭제하거나 다른 곳으로 옮길 수 있습니다.","tutorial-step3-tiny":"앱 검색 창에 키워드를 입력하시면, 관련 앱 및 모바일 웹사이트 목록을 표시합니다.","tutorial-step4-tiny":"화면을 위에서 아래로 밀어 보시면, 최신 알림과 사용량 및 각종 설정을 표시합니다.","tutorial-step5-tiny":"홈 버튼을 길게 누르면, 실행 중인 앱을 하나씩 살펴보고 종료할 수 있습니다.","tutorial-step6-tiny":"화면 측면에서 뒤로 이동하면 실행 중 앱을 계속 볼 수 있습니다.","tutorial-step1-large-2":"최신 알림, 정보 및 설정에 접근화려면 화면 위에서 아래로 미세요.","tutorial-step2-large-2":"홈 화면에 새 앱을 보려면 오른쪽에서 왼쪽으로 미세요.","tutorial-step3-large-2":"아이콘을 길게 누르면 삭제하거나 옮길 수 있습니다.","tutorial-step4-large-2":"카드로 보려면 아래에서 위로 두 손가락으로 미세요.","offline-dialog-title":"인터넷에 연결되어 있어야 이 페이지를 볼 수 있습니다.","offline-dialog-text":"뒤로 간 다음 인터넷을 연결하십시오. 설정이나 브라우저에서 {{url}}을 입력해 다시 볼 수도 있습니다.","OK":"예","offline-newsletter-dialog-title":"뉴스레터를 받아보려면 인터넷에 연결되어 있어야 합니다.","offline-newsletter-dialog-text":"뒤로 가서 인터넷에 연결하십시오.","invalid-email-dialog-title":"올바르지 않은 이메일","invalid-email-dialog-text":"뒤로 가서 항목을 고치십시오.","cancel":"취소","weekday-0-long":"일요일","weekday-1-long":"월요일","weekday-2-long":"화요일","weekday-3-long":"수요일","weekday-4-long":"목요일","weekday-5-long":"금요일","weekday-6-long":"토요일","weekday-0-short":"일","weekday-1-short":"월","weekday-2-short":"화","weekday-3-short":"수","weekday-4-short":"목","weekday-5-short":"금","weekday-6-short":"토","month-0-long":"1월","month-1-long":"2월","month-2-long":"3월","month-3-long":"4월","month-4-long":"5월","month-5-long":"6월","month-6-long":"7월","month-7-long":"8월","month-8-long":"9월","month-9-long":"10월","month-10-long":"11월","month-11-long":"12월","month-0-genitive":"1월","month-1-genitive":"2월","month-2-genitive":"3월","month-3-genitive":"4월","month-4-genitive":"5월","month-5-genitive":"6월","month-6-genitive":"7월","month-7-genitive":"8월","month-8-genitive":"9월","month-9-genitive":"10월","month-10-genitive":"11월","month-11-genitive":"12월","month-0-short":"1월","month-1-short":"2월","month-2-short":"3월","month-3-short":"4월","month-4-short":"5월","month-5-short":"6월","month-6-short":"7월","month-7-short":"8월","month-8-short":"9월","month-9-short":"10월","month-10-short":"11월","month-11-short":"12월","minutes-ago-long":{"_index":["plural","value"],"_":{"zero":"지금","one":"1분 전","two":"{{value}}분 전","few":"{{value}}분 전","many":"{{value}}분 전","other":"{{value}}분 전"}},"hours-ago-long":{"_index":["plural","value"],"_":{"zero":"지금","one":"1시간 전","two":"{{value}}시간 전","few":"{{value}}시간 전","many":"{{value}}시간 전","other":"{{value}}시간 전"}},"days-ago-long":{"_index":["plural","value"],"_":{"zero":"오늘","one":"어제","two":"{{value}}일 전","few":"{{value}}일 전","many":"{{value}}일 전","other":"{{value}}일 전"}},"weeks-ago-long":{"_index":["plural","value"],"_":{"zero":"이번 주","one":"지난 주","two":"{{value}}주 전","few":"{{value}}주 전","many":"{{value}}주 전","other":"{{value}}주 전"}},"months-ago-long":{"_index":["plural","value"],"_":{"zero":"이번 달","one":"지난 달","two":"{{value}}개월 전","few":"{{value}}개월 전","many":"{{value}}개월 전","other":"{{value}}개월 전"}},"years-ago-long":{"_index":["plural","value"],"_":{"zero":"올해","one":"작년","two":"{{value}}년 전","few":"{{value}}년 전","many":"{{value}}년 전","other":"{{value}}년 전"}},"minutes-until-long":{"_index":["plural","value"],"_":{"zero":"지금","one":"1분 후","two":"{{value}}분 후","few":"{{value}}분 후","many":"{{value}}분 후","other":"{{value}}분 후"}},"hours-until-long":{"_index":["plural","value"],"_":{"zero":"지금","one":"한 시간 후","two":"{{value}}시간 후","few":"{{value}}시간 후","many":"{{value}}시간 후","other":"{{value}}시간 후"}},"days-until-long":{"_index":["plural","value"],"_":{"zero":"오늘","one":"내일","two":"{{value}}일 후","few":"{{value}}일 후","many":"{{value}}일 후","other":"{{value}}일 후"}},"weeks-until-long":{"_index":["plural","value"],"_":{"zero":"이번 주","one":"다음 주","two":"{{value}}주 후","few":"{{value}}주 후","many":"{{value}}주 후","other":"{{value}}주 후"}},"months-until-long":{"_index":["plural","value"],"_":{"zero":"이번 달","one":"다음 달","two":"{{value}}개월 후","few":"{{value}}개월 후","many":"{{value}}개월 후","other":"{{value}}개월 후"}},"years-until-long":{"_index":["plural","value"],"_":{"zero":"올해","one":"내년","two":"{{value}}년 후","few":"{{value}}년 후","many":"{{value}}년 후","other":"{{value}}년 후"}},"minutes-ago-short":{"_index":["plural","value"],"_":{"zero":"지금","other":"{{value}}분 전"}},"hours-ago-short":{"_index":["plural","value"],"_":{"zero":"지금","other":"{{value}}시간 전"}},"days-ago-short":{"_index":["plural","value"],"_":{"zero":"오늘","other":"{{value}}일 전"}},"minutes-until-short":{"_index":["plural","value"],"_":{"zero":"지금","other":"{{value}}분 후"}},"hours-until-short":{"_index":["plural","value"],"_":{"zero":"지금","other":"{{value}}시간 후"}},"days-until-short":{"_index":["plural","value"],"_":{"zero":"오늘","other":"{{value}}일 후"}},"incorrectDate":"(잘못된 날짜)","dateTimeFormat_%c":"%Y년 %B %e일 %a %I:%M:%S %p","dateTimeFormat_%x":"%Y/%m/%d","dateTimeFormat_%X":"%I:%M:%S %p","shortTimeFormat":"%I:%M %p","shortDateTimeFormat":"%x %I:%M %p","weekStartsOnMonday":"0","time_am":"오전","time_pm":"오후","tz-region":"대륙","tz-city":"도시","tzRegion-Africa":"아프리카","tzRegion-America":"아메리카","tzRegion-Antarctica":"남극","tzRegion-Asia":"아시아","tzRegion-Atlantic":"대서양","tzRegion-Australia":"호주","tzRegion-Europe":"유럽","tzRegion-Indian":"인도","tzRegion-Pacific":"태평양","close":"Close","import":"Import","update":"Update","fbFriends":"Facebook Friends","live-serviceName":"Outlook","gmail-serviceName":"Gmail","facebook-serviceName":"Facebook Friends","selectAll":"Select all","deselectAll":"Deselect all","viewAll":"View All Facebook Friends","viewRecommend":"View Only Recommended","linkProposal":{"_index":["plural","numFriends"],"_":{"zero":"No matching friends. Showing all","one":"Select the recommended one","two":"Select a recommended one","few":"Select a recommended one","many":"Select a recommended one","other":"Select a recommended one"}},"fbFriendsFound":{"_index":["plural","numFriends"],"_":{"zero":"All your friends are imported","one":"Found one friend to import","two":"Found {{numFriends}} friends to import","few":"Found {{numFriends}} friends to import","many":"Found {{numFriends}} friends to import","other":"Found {{numFriends}} friends to import"}},"facebook":"Facebook","search-contact":{"placeholder":"Search"},"noResults":"No contacts found","done-search":"Done","progressFB3ImportTitle":"Importing friends to Contacts","progressFB":"{{current}}/{{total}}","progressFB3UpdateTitle":"Updating friends in Contacts","message2":"This may take a couple of minutes","messageLinking":"Please hold on. We are linking your friend and your contact.","messageCanceling":"Please hold on. We are canceling the ongoing operation.","error1":"Error {{from}}","error2":"Do you want to retry?","errorProposal":"calculating proposals","errorFriends":"retrieving friends","errorLinking":"linking contact","timeout1":"Exceeded timeout {{from}}","timeout2":"Do you want to retry?","timeoutProposal":"calculating proposals","timeoutFriends":"retrieving friends","timeoutLinking":"linking contacts","wait1":"Please hold on","wait2":"This may take a couple of minutes","waitProposal":"Please hold on. We are calculating a proposal.","waitFriends":"Please hold on. We are connecting to obtain your friend list.","curtainCancel":"Cancel","curtainRetry":"Retry","curtainOK":"OK","connectionLost":"No Internet connection","connectionLostMsg":"Friends’ photos will not be added to your contacts. Continue anyway?","yesOption":"OK","noOption":"Cancel","friendsUpdated":{"_index":["plural","numFriends"],"_":{"zero":"No friends updated","one":"Updated one friend","two":"Updated {{numFriends}} friends","few":"Updated {{numFriends}} friends","many":"Updated {{numFriends}} friends","other":"Updated {{numFriends}} friends"}},"notificationLogin":"Your Facebook session is invalid. Please sign in.","syncError":"There was an error synchronizing your friend’s data","callAirplaneModeMessage":"비행기 모드를 비활성화하면 통화를 할 수 있습니다.","callAirplaneModeBtnOk":"예","callAirplaneModeTitle":"비행기 모드 활성화됨","numberIsBusyTitle":"통화중","numberIsBusyMessage":"현재 통화중입니다. 잠시 후에 다시 시도해 주세요.","fdnIsActiveTitle":"FDN active","fdnIsActiveMessage":"FDN (Fixed Dialing Numbers) is activated and the following number is not in your FDN list: {{ number }}","voiceMail":"음성메일","emergencyNumber":"긴급 전화번호","emergencyDialogBodyBadNumber":"네트워크에 연결되어 있어야 통화를 할 수 있습니다.","emergencyDialogBodyDeviceNotAccepted":"이 네트워크에서는 비상 통화가 되지 않습니다.","emergencyDialogBtnOk":"예","emergencyDialogTitle":"네트워크 연결 없음","invalidNumberToDialTitle":"유효하지 않은 전화 번호","invalidNumberToDialMessage":"전화 번호가 유효하지 않습니다.","unableToCallTitle":"전화 걸기 실패","unableToCallMessage":"전화를 걸 수 없습니다. 거는 중이라면 끊으셔야 합니다.","otherConnectionInUseTitle":"기존 통화 사용 중","otherConnectionInUseMessage":"기존에 통화가 아직 진행중입니다. 한번에 한 통화만 가능합니다.","addNewNumber":"Add new number","addToExistingContact":"기존 연락처에 추가","all":"전체","asterisk":{"ariaLabel":"Asterisk"},"callLog":"통화 기록","callLogEdit":{"title":"Edit call log"},"callLogEditDialog":{"ariaLabel":"Edit call log dialog"},"connecting":"연결 중","cf-async":"비동기: {{ async }}\\n","cf-data":"데이터: {{ data }}\\n","cf-error":"착신전환 상태를 검색하다 오류가 발생함","cf-fax":"팩스: {{ fax }}\\n","cf-inactive":"비활성화됨","cf-packet":"패킷: {{ packet }}\\n","cf-pad":"PAD: {{ pad }}\\n","cf-sms":"SMS: {{ sms }}\\n","cf-status":"착신전환 상태\\n","cf-sync":"동기: {{ sync }}\\n","cf-voice":"음성: {{ voice }}\\n","confirm-deletion":"선택한 통화를 삭제하시겠습니까?","contacts":"연락처","createNewContact":"새 연락처 만들기","delete":"Delete","dialerAddContact":{"ariaLabel":"Add contact"},"dialerAddContactDialog":{"ariaLabel":"Add Contact Dialog"},"edit-selected":{"_index":["plural","n"],"_":{"one":"{{ n }}개 선택됨","two":"{{ n }}개 선택됨","few":"{{ n }}개 선택됨","many":"{{ n }}개 선택됨","other":"{{ n }}개 선택됨"}},"edit":"편집","hashSign":{"ariaLabel":"Hash sign"},"hideKeypad":{"ariaLabel":"Hide keypad"},"ignore":"전화 무시","incoming":"수신","keypad":{"ariaLabel":"Keypad"},"keypadDelete":{"ariaLabel":"Delete"},"makeCall":{"ariaLabel":"Make call"},"merge":"합침","missed":"부재중","missedCall":"부재 중 전화","missedCallMultiSims":"SIM {{ n }} - 부재중 전화","mmi-error":"메시지 보내는 중 오류","mmi-session-expired":"세션이 만료됨","mmi-successfully-sent":"메시지 보내기 성공","mute":{"ariaLabel":"Mute"},"newCall":{"ariaLabel":"New call"},"no-logs-msg-1":"녹음된 통화 없음","no-logs-msg-2":"지금 연락하기","no-logs-msg-3":"부재 중 전화 없음","phoneNumberInput":{"ariaLabel":"Phone number"},"recents":{"ariaLabel":"Recent calls"},"reply":"응답","switch-calls":"통화 전환","today":"오늘","voiceMailKey":{"ariaLabel":"Voicemail"},"withheld-number":"제한 표시 번호","from-contact":"{{ contact }}로 부터 전화","from-number":"{{ number }}로 부터 전화","from-withheld-number":"제한 표시 번호로 부터 전화","yesterday":"어제","sending":"보내는 중...","speakerOption":{"ariaLabel":"Speaker"},"ussd-services":"{{ operator }}에서 서비스함","toggleKeypad":{"ariaLabel":"Toggle keypad"},"type-your-response":{"placeholder":"귀하의 응답을 입력중..."},"clear-all-text":"텍스트 모두 지우기","hide":"감추기","call":"통화","hold":"대기","resume":"계속","sendSms":"메시지 전송","callEnded":"통화 종료","via-sim":"- SIM{{ n }}","sim-number":"SIM{{ n }}","hangup-a11y-button":{"aria-label":"전화 걸기"},"pickup-a11y-button":{"aria-label":"전화 받기"},"unlock-a11y-button":{"aria-label":"슬라이더"},"settings":"설정","delete-n-log?":{"_index":["plural","n"],"_":{"zero":"선택된 기록 없음","one":"선택된 기록을 지우시겠습니까?","two":"{{ n }}개의 기록을 지우시겠습니까?","few":"{{ n }}개의 기록을 지우시겠습니까?","many":"{{ n }}개의 기록을 지우시겠습니까?","other":"{{ n }}개의 기록을 지우시겠습니까?"}},"callDurationMinutes":"{{ m }}:{{ s }}","callDurationHours":"{{ h }}:{{ m }}:{{ s}}","suggestionMatches":{"_index":["plural","n"],"_":{"one":"\"{{ matchNumber }}\"와 1개 번호 일치","two":"\"{{ matchNumber }}\"와 2개 번호 일치","few":"\"{{ matchNumber }}\"와 서너개 번호 일치","many":"\"{{ matchNumber }}\"와 많은 번호 일치","other":"\"{{ matchNumber }}\"와 다수 번호 일치"}},"scCallBarring":"수신 거부","scCallForwarding":"착신 전환","scClip":"수신자 ID","scClir":"송신자 ID","scPwd":"비밀번호 변경","scCallWaiting":"통화 대기","scPin":"PIN 변경","scPin2":"PIN2 변경","scPuk":"PIN 잠금해제","scPuk2":"PIN2 잠금해제","scImei":"IMEI","scUssd":"USSD","serviceClassVoice":"음성","serviceClassData":"데이터","serviceClassFax":"팩스","serviceClassSms":"문자","serviceClassDataSync":"동기","serviceClassDataAsync":"비동기","serviceClassPacket":"패킷","serviceClassPad":"PAD","smServiceEnabled":"서비스 활성화됨","smServiceDisabled":"서비스 비활성화됨","smServiceRegistered":"성공적으로 등록됨","smServiceErased":"성공적으로 삭제됨","smServiceInterrogated":"성공적으로 요청됨","smServiceNotProvisioned":"서비스가 제공되지 않음","smClirPermanent":"발신자 ID 설정은 변경할 수 없음","smClirDefaultOnNextCallOn":"발신자 ID가 제한되었습니다. 다음 통화: 제한됨","smClirDefaultOnNextCallOff":"발신자 ID가 제한되었습니다. 다음 통화: 제한되지 않음","smClirDefaultOffNextCallOn":"발신자 ID가 제한되지 않았습니다. 다음 통화: 제한됨","smClirDefaultOffNextCallOff":"발신자 ID가 제한되지 않았습니다. 다음 통화: 제한되지 않음","smServiceEnabledFor":"다음 서비스 활성화:","smPinChanged":"PIN 변경 완료","smPinUnblocked":"PIN 잠금 해제 완료","smPin2Changed":"PIN2 변경 완료","smPin2Unblocked":"PIN2 잠금 해제 완료","emMmiError":"연결 불량이거나 유효하지 않은 MMI 코드","emMmiErrorPasswordIncorrect":"잘못된 비밀번호","emMmiErrorNotSupported":"유효하지 않거나 지원되지 않는 MMI 코드","emMmiErrorInvalidAction":"잘못된 동작","emMmiErrorInvalidScCode":"유효하지 않은 서비스 코드","emMmiErrorBadPuk":"입력된 PUK가 맞지 않음","emMmiErrorBadPin":"입력된 이전 PIN이 맞지 않습니다","emMmiErrorNeedPuk2":"SIM 카드 잠금을 해제 위해 PUK2 입력","emMmiErrorMismatchPin":"입력한 PIN이 맞지 않음","emMmiErrorInvalidPin":"4~8자의 PIN을 입력","emMmiErrorNeedsPuk":"SIM 카드 PUK-잠금 상태","emMmiErrorEnablePin":"실패하였습니다. SIM/RUIM을 잠금","emMmiErrorMmiFdn":"고정 다이얼링 번호에서만 할 수 있는 동작","emMmiErrorStkCcUssdDial":"USSD 요청이 DIAL 요청으로 변경됨","emMmiErrorStkCcUssdSs":"USSD 요청이 SS 요청으로 변경됨","emMmiErrorStkCcUssdUssd":"USSD 요청이 새로운 USSD 요청으로 변경됨","emMmiErrorStkCcSsDial":"SS 요청이 DIAL 요청으로 변경됨","emMmiErrorStkCcSsUssd":"SS 요청이 USSD 요청으로 변경됨","emMmiErrorStkCcSsSs":"SS 요청이 새로운 SS 요청으로 변경됨","emMmiErrorPinPukAttempts":{"_index":["plural","n"],"_":{"one":"{{ n }}번 남음","two":"{{ n }}번 남음","few":"{{ n }}번 남음","many":"{{ n }}번 남음","other":"{{ n }}번 남음"}},"emMmiErrorSimBlocked":"최대 시도 횟수를 초과하였습니다. SIM이 잠겼습니다","RadioNotAvailable":"라디오를 사용할 수 없음","GenericFailure":"일반적인 실패","PasswordIncorrect":"비밀번호 맞지 않음","SimPin2":"SIM PIN2","SimPuk2":"SIM PUK2","RequestNotSupported":"지원되지 않는 요청","OpNotAllowedDuringVoiceCall":"음성 통화 중 조작 할 수 없음","SmsSendFailRetry":"SMS 송신 실패 재시도","SimAbsent":"SIM이 없음","SubscriptionNotAvailable":"가입할 수 없음","ModeNotSupported":"지원되지 않는 모드","FdnCheckFailure":"Fdn 검사 실피","IllegalSimOrMe":"허용되지 않은 SIM 또는 ME","DialModifiedToUssd":"Dial이 USSD로 변경","DialModifiedToSs":"Dial이 SS로 변경","DialModifiedToDial":"Dial이 dial로 변경","UssdModifiedToDial":"USSD이 dial로 변경","UssdModifiedToSs":"USSD이 SS로 변경","UssdModifiedToUssd":"USSD이 USSD로 변경","SsModifiedToDial":"SS이 dial로 변경","SsModifiedToUssd":"SS이 USSD로 변경","SsModifiedToSs":"SS이 SS로 변경","SubscriptionNotSupported":"가입이 지원되지 않음","InvalidParameter":"잘못된 파라메터","RejectedByRemote":"원격에서 거부됨","group-call":{"_index":["plural","n"],"_":{"one":"그룹 연결 ({{ n }})","two":"그룹 연결 ({{ n }})","few":"그룹 연결 ({{ n }})","many":"그룹 연결 ({{ n }})","other":"그룹 연결 ({{ n }})"}},"caller-left-call":"{{ caller }}님과의 전화가 끊겼습니다.","conferenceAddError":"통화 합치기 할 수 없음","conferenceRemoveError":"통화 분리 할 수 없음","longDateFormat":"%B %e일 %A","select-audio-sources":"오디오 소스 선택","bluetooth-handsfree-device":"블루투스 핸즈프리 기기","receiver":"리시버","speaker":"스피커","add":"추가","done":"완료","retry":"다시 시도","addContact":"연락처 추가","deleteContact":"연락처 삭제","selectContact":"연락처 선택","editContact":"연락처 편집","deleteConfirmMsg":"연락처를 삭제하시겠습니까?","remove":"삭제","comments":"메모","no_contact_phones":"전화번호 없음","no_contact_email":"이메일 주소 없음","removePhotoConfirm":"연락처 사진을 삭제하시겠습니까?","loadingContacts":"연락처를 읽어들이는 중…","noContactsActivity":"연락처 목록이 비어 있어 추가할 수 없음","noName":"이름 없음","givenName":{"placeholder":"이름"},"familyName":{"placeholder":"성"},"tel":{"placeholder":"전화"},"carrier":{"_":"통신사","placeholder":"통신사"},"separator":",","email":{"_":"이메일","placeholder":"이메일"},"streetAddress":{"placeholder":"주소"},"postalCode":{"placeholder":"우편번호"},"locality":{"placeholder":"도시"},"countryName":{"placeholder":"국가"},"comment":{"placeholder":"메모"},"org":{"placeholder":"회사"},"custom":"사용자 정의","date":{"_":"날짜","placeholder":"날짜"},"date-span-placeholder":"Date","birthday":"생일","dateFormat":"%B %e일","dateOutput":"{{dayMonthFormatted}} {{year}}","anniversary":"기념일","addPhoto":"사진 추가","addPhone":"전화 추가","addEmail":"이메일 추가","addAddress":"주소 추가","addDate":"날짜 추가","addComment":"메모 추가","addFavorite":"즐겨찾기에 추가","removeFavorite":"즐겨찾기에서 제외","label":"라벨","home":"자택","work":"직장","personal":"개인","faxHome":"자택 팩스","faxOffice":"사무실 팩스","faxOther":"기타 팩스","another":"기타","other":"기타","current":"현재 주소","itemWithLabel":"{{label}}, {{item}}","exit":"나가기","expand":"펼치기","labelName":"이름:","labelLastName":"성:","labelPhoneNumber":"전화번호:","labelCarrier":"통신사:","labelEmail":"이메일:","labelStreet":"주소:","labelZip":"우편번호:","labelCity":"도시:","labelCountry":"국가:","labelComment":"메모:","legendTitleMain":"기본 정보","legendPhones":"전화번호","legendEmail":"이메일 주소","legendAddress":"주소","transferContactsTitle":"연락처 보내기","importContactsTitle":"연락처 가져오기","importContactsButton":"연락처 가져오기","exportContactsTitle":"연락처 내보내기","exportContactsButton":"연락처 내보내기","exportContactsAction":"내보내기","simExport-title":"SIM으로 내보내기","sdExport-title":"SD 카드로 내보내기","btExport-title":"블루투스로 내보내기","sdUMSEnabled":"USB 저장소가 활성화되어서 SD 카드 사용할 수 없음","exportErrorTitle":"내보내기 오류","contactsExported2":{"_index":["plural","exported"],"_":{"zero":"내보낼 연락처 없음","one":"{{exported}}/{{total}} 연락처 내보냄","two":"{{exported}}/{{total}} 연락처 내보냄","few":"{{exported}}/{{total}} 연락처 내보냄","many":"{{exported}}/{{total}} 연락처 내보냄","other":"{{exported}}/{{total}} 연락처 내보냄"}},"exportError-general":"내보내는 중 오류 발생","exportError-SD-shared":"메모리 카드가 공유되어 있어서 접근 할 수 없음","exportError-SD-unavailable":"메모리 카드를 사용할 수 없음","exportError-SD-noSpace":"메모리 카드에 연락처를 내보낼 수 있는 충분한 용량이 없음","exportError-SIM-unavailable":"SIM 카드를 사용할 수 없음","exportError-BT-shared":"메모리 카드가 공유되어 있어서 접근 할 수 없음","exportError-BT-unavailable":"메모리 카드를 사용할 수 없음","exportError-BT-noSpace":"메모리 카드에 연락처를 내보낼 수 있는 충분한 용량이 없음","simContacts-import":"SIM 연락처 가져오기","simContacts-importing":"SIM 연락처를 가져오는 중…","simContacts-reading":"SIM 카드에서 읽는 중…","simContacts-error":"SIM에서 연락처를 가져오지 못함","simContacts-imported3":{"_index":["plural","n"],"_":{"zero":"SIM 카드에서 가져올 연락처 없음","one":"연락처 한 개 가져옴","two":"연락처 {{n}}개 가져옴","few":"연락처 {{n}}개 가져옴","many":"연락처 {{n}}개 가져옴","other":"연락처 {{n}}개 가져옴"}},"noSimMsgExport":"SIM 카드를 넣거나 잠금을 풀어야 연락처를 내보낼 수 있음","simNumber":"SIM {{number}}","memoryCardContacts-import":"메모리 카드에서 연락처 가져오기","memoryCardContacts-importing":"메모리 카드에서 연락처를 가져오는 중…","memoryCardContacts-reading":"메모리 카드에서 읽는 중…","memoryCardContacts-error":"메모리 카드에서 연락처를 가져오지 못함","memoryCardContacts-imported3":{"_index":["plural","n"],"_":{"zero":"메모리 카드에 가져올 연락처 없음","one":"연락처 한 개 가져옴","two":"연락처 {{n}}개 가져옴","few":"연락처 {{n}}개 가져옴","many":"연락처 {{n}}개 가져옴","other":"연락처 {{n}}개 가져옴"}},"noMemoryCardMsgExport":"메모리 카드를 넣어야 연락처를 내보낼 수 있음","genericProgress":"{{current}}/{{total}}","social-network":"소셜 네트워크","social-link":"연락처 연결","social-unlink":"연락처 연결 끊기","social-unlink-confirm-title":"친구와의 연결을 끊겠습니까?","social-unlink-confirm-accept":"끊기","facebook-import":"Facebook 친구 가져오기","show-fb-profile":"Facebook 프로필 보기","msg-send":"메시지","wall-post":"담벼락","facebook-import-msg":{"_index":["plural","imported"],"_":{"zero":"친구를 한명도 가져오지 않음 (총 {{total}}명)","one":"한 명 가져옴 (총 {{total}}명)","two":"친구 {{imported}}명 가운데 {{total}}명 가져옴","few":"친구 {{imported}}명 가운데 {{total}}명 가져옴","many":"친구 {{imported}}명 가운데 {{total}}명 가져옴","other":"친구 {{imported}}명 가운데 {{total}}명 가져옴"}},"facebookSwitchMsg":"친구 목록 동기화","select_mobile":"모바일 선택","select_email":"이메일 선택","contactsOrderBy":"성으로 정렬","bluetooth":"블루투스","fbUpdateFriends":"가져온 친구 목록 업데이트","cleaningFbData":"Facebook 데이터 삭제하기","loggingOutFb":"Facebook에서 나가기","cleanFbConfirmMsg":"Facebook 데이터를 모두 삭제하시겠습니까?","renewPwdMsg":"Facebook 암호가 바뀌었습니다. 업데이트해 주십시오.","notEnabledYet":"사용 안함","genericNoConnection":"Wi-Fi나 데이터 네트워크에 연결하여 연락처 가저오기","simCard":"SIM 카드","memoryCard":"메모리 카드","create-new":"새 연락처 만들기","import-now":"SIM 카드나 Facebook에서 연락처 가져오기","no-contacts":"연락처 없음","start-adding":"연락처 추가","notImported":"이전 안함","imported":"이전 완료","organise-contacts":"연락처 정리","find-merge-contacts":"중복된 연락처 찾기","preparing-contacts":"연락처 준비","exportError-SIM-NoFreeRecordFound":"SIM 카드 공간 없음","exportError-SIM-CannotAccessPhoneBook":"SIM 카드 주소록 접근할 수 없음","exportError-SIM-Unavailable":"SIM 카드 없음","exportError-SIM-GenericError":"연락처 내보내는 동안 오류 발생","ContactManagementTitle":"Contacts Management","DeleteTitle":"Delete","bulkDeleteButton":"Delete Contacts","BulkDelCancel":"Contacts delete cancelled","DeletedTxt":{"_index":["plural","n"],"_":{"zero":"No Contact to Delete","one":"1 Contact removed","two":"{{n}} Contacts removed","few":"{{n}} Contacts removed","many":"{{n}} Contacts removed","other":"{{n}} Contacts removed"}},"DeletingContacts":"Deleting contacts","ContactConfirmDel":{"_index":["plural","n"],"_":{"zero":"No Contact to Delete","one":"Delete 1 Contact? This cannot be undone.","two":"Delete {{n}} Contacts? This cannot be undone.","few":"Delete {{n}} Contacts? This cannot be undone.","many":"Delete {{n}} Contacts? This cannot be undone.","other":"Delete {{n}} Contacts? This cannot be undone."}},"SelectedTxt":{"_index":["plural","n"],"_":{"zero":"Contacts","one":"{{n}} selected","two":"{{n}} selected","few":"{{n}} selected","many":"{{n}} selected","other":"{{n}} selected"}},"sim-picker-dial-via-with-number":"{{ phoneNumber }} 전화걸기-","sim-picker-select-sim":"SIM 선택","sim-picker-button":"SIM{{ n }}","sim-picker-button-default":"(기본)","waitDuplicateContacts":"중복된 연락처 찾기","waitMergingDuplicateContacts":"중복된 연락처 합치기","alertNoDuplicateContacts":"중복된 연락처 없음","mergeDuplicateTitle":"중복 합치기","suggestedDuplicateContacts":"{{name}}와 중복된 연락처","mergeActionButtonLabel":{"_index":["plural","n"],"_":{"zero":"선택된 연락처 없음","one":"{{n}} 연락처와 합침","other":"{{n}} 연락처와 합침"}},"duplicatesFoundTitle":"중복 발견","duplicatesFoundMessage":"{{name}} 연락처의 정보가 아래 연락처의 정보와 중복"}