{"brandShortName":"B2G OS","browserBrandShortName":"Saityno naršyklė","browserBrandFullName":"„Mozillos“ saityno naršyklė","back":"Atgal","noSimMsg":"Kad galėtumėte importuoti adresatus, įdėkite arba atrakinkite SIM kortelę","noMemoryCardMsg":"Kad galėtumėte importuoti adresatus, įdėkite atminties kortelę","importMemoryCard":"Atminties kortelė","noConnection11":"Kad galėtumėte importuoti „Facebook“ draugus ar adresatus, prisijunkite prie belaidžio tinklo arba mobiliojo duomenų ryšio.","pincode2":"Įveskite PIN kodą","type_pin":"Įveskite savo PIN kodą","pincodeLabel":"SIM {{n}} PIN","pinValidation":"PIN kodą turi sudaryti 4–8 skaitmenys.","pinError":"PIN kodas neteisingas.","pinAttemptMsg2":{"_index":["plural","n"],"_":{"one":"Jums liko {{n}} bandymas įvesti teisingą kodą. Jeigu suklysite, SIM kortelė užsirakins.","two":"Jums liko {{n}} bandymai įvesti teisingą kodą. Jeigu jie bus nesėkmingi, SIM kortelė užsirakins.","few":"Jums liko {{n}} bandymai įvesti teisingą kodą. Jeigu jie bus nesėkmingi, SIM kortelė užsirakins.","many":"Jums liko {{n}} bandymų įvesti teisingą kodą. Jeigu jie bus nesėkmingi, SIM kortelė užsirakins.","other":"Jums liko {{n}} bandymų įvesti teisingą kodą. Jeigu jie bus nesėkmingi, SIM kortelė užsirakins."}},"pinLastChanceMsg":"Tai – paskutinė galimybė įvesti teisingą PIN kodą. Jeigu dabar suklysite, norėdami toliau naudotis šia SIM kortele, turėsite įvesti jos PUK kodą.","pukcode":"Įveskite PUK kodą","pukcodeTitle":"Įveskite SIM {{n}} PUK kodą","pukcodeLabel":"SIM {{n}} PUK","type_puk":"PUK kodas","pukValidation":"PUK kodą sudaro lygiai 8 skaitmenys.","pukInfo":"Privalote įvesti šios SIM kortelės PUK kodą. Išsamesnės informacijos apie jį ieškokite kortelės dokumentacijoje arba susisiekę su savo mobiliojo ryšio operatoriumi.","pukError":"PUK kodas neteisingas.","pukAttemptMsg2":{"_index":["plural","n"],"_":{"one":"Jums liko {{n}} bandymas įvesti teisingą kodą. Jeigu suklysite, SIM kortelė užsiblokuos visam laikui. Daugiau informacijos ieškokite kortelės dokumentacijoje arba teiraukitės savo mobiliojo ryšio operatoriaus.","two":"Jums liko {{n}} bandymai įvesti teisingą kodą. Jeigu jie bus nesėkmingi, SIM kortelė užsiblokuos visam laikui. Daugiau informacijos ieškokite kortelės dokumentacijoje arba teiraukitės savo mobiliojo ryšio operatoriaus.","few":"Jums liko {{n}} bandymai įvesti teisingą kodą. Jeigu jie bus nesėkmingi, SIM kortelė užsiblokuos visam laikui. Daugiau informacijos ieškokite kortelės dokumentacijoje arba teiraukitės savo mobiliojo ryšio operatoriaus..","many":"Jums liko {{n}} bandymų įvesti teisingą kodą. Jeigu jie bus nesėkmingi, SIM kortelė užsiblokuos visam laikui. Daugiau informacijos ieškokite kortelės dokumentacijoje arba teiraukitės savo mobiliojo ryšio operatoriaus.","other":"Jums liko {{n}} bandymų įvesti teisingą kodą. Jeigu jie bus nesėkmingi, SIM kortelė užsiblokuos visam laikui. Daugiau informacijos ieškokite kortelės dokumentacijoje arba teiraukitės savo mobiliojo ryšio operatoriaus."}},"pukLastChanceMsg":"Tai – paskutinė galimybė įvesti teisingą PUK kodą. Jeigu dabar suklysite, jūsų SIM kortelė negrįžtamai užsiblokuos. Daugiau informacijos apie PUK kodą ieškokite kortelės dokumentacijoje arba susisiekę su savo mobiliojo ryšio operatoriumi.","create_newpin":"Įveskite naująjį PIN kodą (4–8 skaitmenis)","confirm_newpin":"Pakartokite naująjį PIN kodą","newpinConfirmation":"Įvesti PIN kodai nesutampa","nckcode":"Įveskite NCK kodą","cckcode":"Įveskite CCK kodą","spckcode":"Įveskite SPCK kodą","nck1code":"Enter NCK1 code","nck2code":"Enter NCK2 code","hnckcode":"Enter HNCK code","rcckcode":"Enter RCCK code","rspckcode":"Enter RSPCK code","nckcodeTitle":"Įveskite SIM {{n}} NCK kodą","cckcodeTitle":"Įveskite SIM {{n}} CCK kodą","spckcodeTitle":"Įveskite SIM {{n}} SPCK kodą","nck1codeTitle":"Enter SIM {{n}} NCK1","nck2codeTitle":"Enter SIM {{n}} NCK2","hnckcodeTitle":"Enter SIM {{n}} HNCK","rcckcodeTitle":"Enter SIM {{n}} RCCK","rspckcodeTitle":"Enter SIM {{n}} RSPCK","nckcodeLabel":"SIM {{n}} NCK","cckcodeLabel":"SIM {{n}} CCK","spckcodeLabel":"SIM {{n}} SPCK","nck1codeLabel":"SIM {{n}} NCK1","nck2codeLabel":"SIM {{n}} NCK2","hnckcodeLabel":"SIM {{n}} HNCK","rcckcodeLabel":"SIM {{n}} RCCK","rspckcodeLabel":"SIM {{n}} RSPCK","type_nck":"Įveskite savo NCK kodą","type_cck":"Įveskite savo CCK kodą","type_spck":"Įveskite savo SPCK kodą","type_nck1":"Type your NCK1 code","type_nck2":"Type your NCK2 code","type_hnck":"Type your HNCK code","type_rcck":"Type your RCCK code","type_rspck":"Type your RSPCK code","nckValidation":"NCK kodą turi sudaryti 8–16 simbolių.","cckValidation":"CCK kodą turi sudaryti 8–16 simbolių.","spckValidation":"SPCK kodą turi sudaryti 8–16 simbolių.","nck1Validation":"NCK1 must have between 8 and 16 characters.","nck2Validation":"NCK2 must have between 8 and 16 characters.","hnckValidation":"HNCK must have between 8 and 16 characters.","rcckValidation":"RCCK must have between 8 and 16 characters.","rspckValidation":"RSPCK must have between 8 and 16 characters.","nckErrorMsg":"NCK kodas neteisingas.","nckAttemptMsg2":{"_index":["plural","n"],"_":{"one":"Įrenginio „atrišti“ nuo tinklo nepavyko. Jums liko {{n}} bandymas įvesti teisingą NCK kodą. Daugiau informacijos apie šį kodą ieškokite įrenginio dokumentacijoje arba teiraukitės savo mobiliojo ryšio operatoriaus.","two":"Įrenginio „atrišti“ nuo tinklo nepavyko. Jums liko {{n}} bandymai įvesti teisingą NCK kodą. Daugiau informacijos apie šį kodą ieškokite įrenginio dokumentacijoje arba teiraukitės savo mobiliojo ryšio operatoriaus.","few":"Įrenginio „atrišti“ nuo tinklo nepavyko. Jums liko {{n}} bandymai įvesti teisingą NCK kodą. Daugiau informacijos apie šį kodą ieškokite įrenginio dokumentacijoje arba teiraukitės savo mobiliojo ryšio operatoriaus.","many":"Įrenginio „atrišti“ nuo tinklo nepavyko. Jums liko {{n}} bandymų įvesti teisingą NCK kodą. Daugiau informacijos apie šį kodą ieškokite įrenginio dokumentacijoje arba teiraukitės savo mobiliojo ryšio operatoriaus.","other":"Įrenginio „atrišti“ nuo tinklo nepavyko. Jums liko {{n}} bandymų įvesti teisingą NCK kodą. Daugiau informacijos apie šį kodą ieškokite įrenginio dokumentacijoje arba teiraukitės savo mobiliojo ryšio operatoriaus."}},"nckLastChanceMsg":"Įrenginio „atrišti“ nuo tinklo nepavyko. Jums liko paskutinis bandymas įvesti teisingą NCK kodą. Daugiau informacijos apie šį kodą ieškokite įrenginio dokumentacijoje arba teiraukitės savo mobiliojo ryšio operatoriaus.","skip":"Praleisti","send":"Siųsti","ok":"Gerai","simLocked":"SIM kortelė užrakinta","inputCodeRetriesLeft":{"_index":["plural","n"],"_":{"one":"Paskutinis bandymas.","two":"Liko {{n}} bandymai.","few":"Liko {{n}} bandymai.","many":"Liko {{n}} bandymų.","other":"Liko {{n}} bandymų."}},"simManager":"SIM tvarkytuvė","simDetail":"SIM {{n}}","simDefault":"(numatytoji)","simDefaultMessage":"Išeinantiems skambučiams, siunčiamoms žinutėms ir duomenims siųsti numatytuoju atveju naudojama SIM 1 kortelė","simSettingsMessage":"Numatytąsias nuostatas galite keisti Nuostatose esančioje SIM tvarkytuvėje","simPinLocked":"SIM PIN užrakintas","noOperator":"Operatoriaus nėra","language":"Kalba","english":"Anglų","dvorak":"Anglų (Dvorako)","spanish":"Ispanų","portuguese":"Portugalų (Brazilijos)","french":"Prancūzų","italian":"Italų","arabic":"Arabų","greek":"Graikų","hebrew":"Hebrajų","jp-kanji":"Japonų","jp-kanji-desc":"Kanji","traditionalChinese":"Kinų (tradicinė)","traditionalChinese-desc":"Zhuyin","simplifiedChinese":"Kinų (supaprastintoji)","simplifiedChinese-desc":"Pinyin","3g":"Mobilieji duomenys","dataConnection":"Įjungti duomenų ryšį","dataConnectionInfo":"Įjungus duomenų ryšį, telefono konfigūravimą bus galima užbaigti be belaidžio tinklo prieigos. Duomenų ryšį galite įjungti ir vėliau nuostatose. Tik nepamirškite pasirūpinti atitinkamu duomenų planu, kad išvengtumėte skausmingų sąskaitų.","caution":"Įspėjimas","geolocation":"Geololokavimas","geolocationCheckbox":"Įgalinti geolokavimą","geolocationInfo2":"„{{brandShortName}}“ jūsų buvimo vietai nustatyti naudoja duomenis, tokius, kaip GPS signalas ir pasiekiamų belaidžių bei mobiliojo ryšio tinklų sąrašas.","geolocationInfoMore":"Šie duomenys siunčiami „Mozillai“ ir kitiems paslaugų teikėjams ir, agregavus, yra naudojami geografinių vietų duomenų bazėms tobulinti. Šie duomenys gali būti saugomi jūsų įrenginyje ir kaupiami net tada, kai nėra paleistos jokios juos naudojančios programos.","notice":"Pastaba","aboutYourPrivacy":"Išsamiau apie jūsų privatumą","wifi":"Belaidis tinklas","scanningNetworks":"Ieškoma tinklų","selectNetwork":"Išsirinkite tinklą","shortStatus-connecting":"Jungiamasi…","shortStatus-associated":"Gaunamas IP adresas…","shortStatus-connected":"Prisijungta","shortStatus-connectingfailed":"Prisijungti nepavyko","shortStatus-disconnected":"Neprisijungta","securedBy":"apsaugotas naudojant {{capabilities}}","security":"Sauga","securityNone":"Jokios","securityWEP":"WEP","securityWPA-PSK":"WPA-PSK","securityWPA-EAP":"WPA-EAP","securityOpen":"Atviras","identity":"Abonento vardas","identityInput":{"placeholder":"Abonento vardas"},"password":"Slaptažodis","passwordInput":{"placeholder":"Slaptažodis"},"showPassword":"Rodyti slaptažodį","refresh":"Atnaujinti","noWifiFound3":"Belaidžių tinklų neaptikta","join-hidden-button":"Jungtis prie paslėpto tinklo","authentication":"Autentikavimas","ssid-name":"Tinklo vardas (SSID)","dateAndTime":"Data ir laikas","setTimeAutomatically":"Nustatyti automatiškai","timezoneMessage":"Laiko juosta","timezoneTitle":"UTC{{utcOffset}} {{region}}/{{city}}","dateMessage":"Data","timeMessage":"Laikas","timeZone":"Laiko juosta","change":"Keisti","importContacts3":"Adresatų importas","importSim2":"SIM kortelė","importFb2":"Facebook","importOutlook":"Outlook","importGmail":"Gmail","fb-checking":"… tikrinama","notImportedYet":"Dar neimportuoti","otherAccount":"Kitos paskyros","mobile":"Mobilusis","afterFbImport":"„Facebook“ draugus importuoti ir redaguoti galėsite bet kada, pasinaudoję adresinės nuostatomis","firefox-accounts":"Firefox Accounts","fxa-overview":{"innerHTML":"A Firefox Account lets you use features like Find My Device and apps like the Firefox Marketplace."},"fxa-create-account-or-sign-in":"Create Account or Sign In","fxa-email-sent":"A verification link has been sent to {{email}}","about-your-rights-0":"„{{brandShortName}}“ yra laisvoji atvirojo kodo programinė įranga, kuriama bendruomenės, apimančios tūkstančius žmonių iš viso pasaulio. Keletas dalykų, kuriuos turėtumėte žinoti:","about-your-rights-1":"Jums leidžiama naudotis „{{brandShortName}}“, vadovaujantis keletu atvirojo kodo licencijų, viena kurių – „Mozillos“ viešoji licencija („Mozilla Public License“). Įrenginyje, kuriame veikia „{{brandShortName}}“, gali būti įdiegtos ir ne atvirojo kodo trečiųjų šalių programinės įrangos. Atvirojo kodo licencijos leidžia pirminius programų, kurioms atitinkamos licencijos taikomos, tekstus keisti ir tokias pakeistas versijas platinti, kol tenkinami ir kiti tose licencijose apibrėžti reikalavimai.","about-your-rights-2":"Jums nesuteikiamos jokios licencijos ar teisės į „Mozilla Foundation“ ar kitų šalių prekės ženklus, tarp jų – į „{{brandShortName}}“ vardą ar logotipą.","about-your-rights-3":"Kai kurios „{{brandShortName}}“ savybės, pavyzdžiui, strigčių pranešiklis, suteikia galimybę siųsti atsiliepimus „Mozillai“. Siųsdami atsiliepimus, jūs suteikiate „Mozillai“ teisę jais naudotis savo kuriamų produktų tobulinimo tikslais, skelbti juos savo svetainėse ir platinti juos kitais būdais.","about-other":"Kitkas","SIM_mandatory":"Įspėjimas dėl SIM kortelės","SIM_mandatory_warm":"Įdėkite SIM kortelę ir įjunkite telefoną iš naujo.","sharing-performance-data":"Dalijimasis našumo duomenimis","telemetry-sends":"Telemetrijos būdu „Mozillai“ galima siųsti duomenis apie šio „{{brandShortName}}“ įrenginio našumą, aparatinę įrangą, konfigūraciją ir individualizuotas nuostatas. Šiais duomenimis mes naudojamės, tobulindami savo produktus.","learn-more-telemetry":{"innerHTML":"Learn more at {{link}}"},"learn-more-information":{"innerHTML":"Learn how Mozilla handles your information at {{link}}"},"welcomeBrowser":"Sveiki! Tai – „{{brandShortName}}“, atvirojo kodo laisvoji „Mozillos“ kuriama operacinė sistema. Mūsų misija – skatinti atvirumą, inovacijas ir galimybes, išlaikant saityno galias jūsų rankose.","learn-more-privacy":{"innerHTML":"Learn how Mozilla handles your information in our {{link}}."},"learn-more-privacy-link":"privacy policy","aboutBrowser":"Apie „{{brandShortName}}“","aboutYourPrivacy2":"Jūsų privatumas","mozillaCommunity2":"Naudodamiesi „{{brandShortName}}“, jūs tampate dalimi pasaulinės bendruomenės, bendromis jėgomis kuriančios šviesią saityno ateitį. Jeigu norite daugiau sužinoti apie „Mozillos“ bendruomenę, kitus mūsų produktus ar netoliese vyksiančius renginius, žemiau įveskite savo elektroninio pašto adresą.","collaborate":"Pažymėkite, jeigu sutinkate prisidėti prie „{{brandShortName}}“ tobulinimo, pasidalindami duomenimis apie šį įrenginį.","learnMore":"Sužinoti daugiau.","emailAddress":{"placeholder":"El. pašto adresas"},"email-successfully-added":"El. pašto adresas sėkmingai pridėtas","email-loading":"Įrašomas jūsų el. pašto adresas…","browserPrivacyChoices":"„{{brandShortName}}“ privatumo parinktys","privacy-b2g":{"_":"{{brandShortName}}","title":"{{brandShortName}}"},"privacy-marketplace":{"_":"Krautuvė","title":"{{privacy-marketplace}}"},"privacy-e-me":{"_":"everything.me","title":"{{privacy-e-me}}"},"navbar-back":"Atgal","navbar-next":"Toliau","navbar-join":"Jungtis","thatsIt":"Štai ir viskas!","startYourPhone":"Susipažinkite su savo telefonu!","startYourTablet":"Susipažinkite su savo planšete!","joinTutorial":"Pažiūrėkite trumpą savo naujojo telefono pristatymą.","enjoyYourPhone":"Dabar galite mėgautis savo naujuoju telefonu.","optionsAvailable":"Kalbą, datą, naudojamą belaidį tinklą ir kitką galite keisti Nuostatose.","letsGo":"Pirmyn","startTour":"Pradėti","thatsIt1Tablet-2":"Į pradžios ekraną bet kada galite patekti, brūkštelėję pirštu nuo apatinio ekrano krašto.","thatsIt2Tablet-2":"Pabandykime!","tutorial-step1-tiny":"Savo programas galite peržiūrėti, braukdami pirštu iš dešinės į kairę.","tutorial-step2-tiny":"Palieskite piktogramą ir palaikykite ją nuspaustą, jeigu norite ją perkelti ar pašalinti.","tutorial-step3-tiny":"Įveskite bet kokį reikšminį žodį ar temos pavadinimą, ir telefonas iškart prisitaikys.","tutorial-step4-tiny":"Brūkštelėkite žemyn pamatyti paskiausiems pranešimams, informacijai apie sąskaitos likutį ir nuostatoms.","tutorial-step5-tiny":"Palaikykite nuspaudę pradžios mygtuką, kai norėsite peržiūrėti ar užverti paskiausiai naudotas programas.","tutorial-step6-tiny":"Braukite iš vieno ekrano šono į kitą navigavimui tarp paskiausiai naudotų programų.","tutorial-step1-large-2":"Brūkštelėkite žemyn pamatyti paskiausiems pranešimams, informacijai apie sąskaitos likutį ir nuostatoms.","tutorial-step2-large-2":"Brūkštelėkite kairėn arba dešinėn naujoms programoms pamatyti ar Pradžios ekranui pasiekti.","tutorial-step3-large-2":"Palieskite piktogramą ir palaikykite ją nuspaustą, jeigu norite ją perkelti ar pašalinti.","tutorial-step4-large-2":"Brūkštelėkite dviem pirštais iš apatinio ekrano krašto, kad įsijungtų kortelių rodinys.","offline-dialog-title":"Šiam tinklalapiui peržiūrėti turite prisijungti prie interneto.","offline-dialog-text":"Grįžkite atgal ir prisijunkite prie interneto. Šį tinklalapį taip pat galėsite peržiūrėti ir vėliau, nuėję į nuostatas, arba bet kurioje naršyklėje įvedę adresą {{url}}.","OK":"Gerai","offline-newsletter-dialog-title":"Naujienlaiškiui prenumeruoti turite prisijungti prie interneto.","offline-newsletter-dialog-text":"Grįžkite atgal ir prisijunkite prie interneto.","invalid-email-dialog-title":"Pateiktas el. pašto adresas neteisingas","invalid-email-dialog-text":"Grįžkite atgal ir pataisykite jį.","cancel":"Atsisakyti","weekday-0-long":"Sekmadienis","weekday-1-long":"Pirmadienis","weekday-2-long":"Antradienis","weekday-3-long":"Trečiadienis","weekday-4-long":"Ketvirtadienis","weekday-5-long":"Penktadienis","weekday-6-long":"Šeštadienis","weekday-0-short":"Sk","weekday-1-short":"Pr","weekday-2-short":"An","weekday-3-short":"Tr","weekday-4-short":"Kt","weekday-5-short":"Pn","weekday-6-short":"Št","month-0-long":"sausis","month-1-long":"vasaris","month-2-long":"kovas","month-3-long":"balandis","month-4-long":"gegužė","month-5-long":"birželis","month-6-long":"liepa","month-7-long":"rugpjūtis","month-8-long":"rugsėjis","month-9-long":"spalis","month-10-long":"lapkritis","month-11-long":"gruodis","month-0-genitive":"sausio","month-1-genitive":"vasario","month-2-genitive":"kovo","month-3-genitive":"balandžio","month-4-genitive":"gegužės","month-5-genitive":"birželio","month-6-genitive":"liepos","month-7-genitive":"rugpjūčio","month-8-genitive":"rugsėjo","month-9-genitive":"spalio","month-10-genitive":"lapkričio","month-11-genitive":"gruodžio","month-0-short":"Sau","month-1-short":"Vas","month-2-short":"Kov","month-3-short":"Bal","month-4-short":"Geg","month-5-short":"Bir","month-6-short":"Lie","month-7-short":"Rgp","month-8-short":"Rgs","month-9-short":"Spa","month-10-short":"Lap","month-11-short":"Grd","minutes-ago-long":{"_index":["plural","value"],"_":{"zero":"ką tik","one":"prieš {{value}} minutę","two":"prieš {{value}} minutes","few":"prieš {{value}} minutes","many":"prieš {{value}} minučių","other":"prieš {{value}} minučių"}},"hours-ago-long":{"_index":["plural","value"],"_":{"zero":"ką tik","one":"prieš {{value}} valandą","two":"prieš {{value}} valandas","few":"prieš {{value}} valandas","many":"prieš {{value}} valandų","other":"prieš {{value}} valandų"}},"days-ago-long":{"_index":["plural","value"],"_":{"zero":"šiandien","one":"vakar","two":"prieš {{value}} dienas","few":"prieš {{value}} dienas","many":"prieš {{value}} dienų","other":"prieš {{value}} dienų"}},"weeks-ago-long":{"_index":["plural","value"],"_":{"zero":"šią savaitę","one":"praėjusią savaitę","two":"prieš {{value}} savaites","few":"prieš {{value}} savaites","many":"prieš {{value}} savaičių","other":"prieš {{value}} savaičių"}},"months-ago-long":{"_index":["plural","value"],"_":{"zero":"šį mėnesį","one":"praėjusį mėnesį","two":"prieš {{value}} mėnesius","few":"prieš {{value}} mėnesius","many":"prieš {{value}} mėnesių","other":"prieš {{value}} mėnesių"}},"years-ago-long":{"_index":["plural","value"],"_":{"zero":"šiemet","one":"prieš {{value}} metus","two":"prieš {{value}} metus","few":"prieš {{value}} metus","many":"prieš {{value}} metų","other":"prieš {{value}} metų"}},"minutes-until-long":{"_index":["plural","value"],"_":{"zero":"dabar","one":"už {{value}} minutės","two":"už {{value}} minučių","few":"už {{value}} minučių","many":"už {{value}} minučių","other":"už {{value}} minučių"}},"hours-until-long":{"_index":["plural","value"],"_":{"zero":"dabar","one":"už {{value}} valandos","two":"už {{value}} valandų","few":"už {{value}} valandų","many":"už {{value}} valandų","other":"už {{value}} valandų"}},"days-until-long":{"_index":["plural","value"],"_":{"zero":"šiandien","one":"rytoj","two":"už {{value}} dienų","few":"už {{value}} dienų","many":"už {{value}} dienų","other":"už {{value}} dienų"}},"weeks-until-long":{"_index":["plural","value"],"_":{"zero":"šią savaitę","one":"kitą savaitę","two":"už {{value}} savaičių","few":"už {{value}} savaičių","many":"už {{value}} savaičių","other":"už {{value}} savaičių"}},"months-until-long":{"_index":["plural","value"],"_":{"zero":"šį mėnesį","one":"kitą mėnesį","two":"už {{value}} mėnesių","few":"už {{value}} mėnesių","many":"už {{value}} mėnesių","other":"už {{value}} mėnesių"}},"years-until-long":{"_index":["plural","value"],"_":{"zero":"šiemet","one":"kitais metais","two":"už {{value}} metų","few":"už {{value}} metų","many":"už {{value}} metų","other":"už {{value}} metų"}},"minutes-ago-short":{"_index":["plural","value"],"_":{"zero":"ką tik","other":"prieš {{value}} min."}},"hours-ago-short":{"_index":["plural","value"],"_":{"zero":"ką tik","other":"prieš {{value}} val."}},"days-ago-short":{"_index":["plural","value"],"_":{"zero":"šiandien","other":"prieš {{value}} d."}},"minutes-until-short":{"_index":["plural","value"],"_":{"zero":"dabar","other":"už {{value}} min."}},"hours-until-short":{"_index":["plural","value"],"_":{"zero":"dabar","other":"už {{value}} val."}},"days-until-short":{"_index":["plural","value"],"_":{"zero":"šiandien","other":"už {{value}} d."}},"incorrectDate":"(negalima data)","dateTimeFormat_%c":"%Y m. %Eb %e d. %H:%M:%S","dateTimeFormat_%x":"%Y-%m-%d","dateTimeFormat_%X":"%H:%M:%S","shortTimeFormat":"%H:%M","shortDateTimeFormat":"%x %H:%M","weekStartsOnMonday":"1","time_am":"priešpiet","time_pm":"popiet","tz-region":"Regionas","tz-city":"Miestas","tzRegion-Africa":"Afrika","tzRegion-America":"Amerika","tzRegion-Antarctica":"Antarktida","tzRegion-Asia":"Azija","tzRegion-Atlantic":"Atlanto vandenynas","tzRegion-Australia":"Australija","tzRegion-Europe":"Europa","tzRegion-Indian":"Indijos vandenynas","tzRegion-Pacific":"Ramusis vandenynas","close":"Close","import":"Import","update":"Update","fbFriends":"Facebook Friends","live-serviceName":"Outlook","gmail-serviceName":"Gmail","facebook-serviceName":"Facebook Friends","selectAll":"Select all","deselectAll":"Deselect all","viewAll":"View All Facebook Friends","viewRecommend":"View Only Recommended","linkProposal":{"_index":["plural","numFriends"],"_":{"zero":"No matching friends. Showing all","one":"Select the recommended one","two":"Select a recommended one","few":"Select a recommended one","many":"Select a recommended one","other":"Select a recommended one"}},"fbFriendsFound":{"_index":["plural","numFriends"],"_":{"zero":"All your friends are imported","one":"Found one friend to import","two":"Found {{numFriends}} friends to import","few":"Found {{numFriends}} friends to import","many":"Found {{numFriends}} friends to import","other":"Found {{numFriends}} friends to import"}},"facebook":"Facebook","search-contact":{"placeholder":"Search"},"noResults":"No contacts found","done-search":"Done","progressFB3ImportTitle":"Importing friends to Contacts","progressFB":"{{current}}/{{total}}","progressFB3UpdateTitle":"Updating friends in Contacts","message2":"This may take a couple of minutes","messageLinking":"Please hold on. We are linking your friend and your contact.","messageCanceling":"Please hold on. We are canceling the ongoing operation.","error1":"Error {{from}}","error2":"Do you want to retry?","errorProposal":"calculating proposals","errorFriends":"retrieving friends","errorLinking":"linking contact","timeout1":"Exceeded timeout {{from}}","timeout2":"Do you want to retry?","timeoutProposal":"calculating proposals","timeoutFriends":"retrieving friends","timeoutLinking":"linking contacts","wait1":"Please hold on","wait2":"This may take a couple of minutes","waitProposal":"Please hold on. We are calculating a proposal.","waitFriends":"Please hold on. We are connecting to obtain your friend list.","curtainCancel":"Cancel","curtainRetry":"Retry","curtainOK":"OK","connectionLost":"No Internet connection","connectionLostMsg":"Friends’ photos will not be added to your contacts. Continue anyway?","yesOption":"OK","noOption":"Cancel","friendsUpdated":{"_index":["plural","numFriends"],"_":{"zero":"No friends updated","one":"Updated one friend","two":"Updated {{numFriends}} friends","few":"Updated {{numFriends}} friends","many":"Updated {{numFriends}} friends","other":"Updated {{numFriends}} friends"}},"notificationLogin":"Your Facebook session is invalid. Please sign in.","syncError":"There was an error synchronizing your friend’s data","callAirplaneModeMessage":"Jeigu norite skambinti, turite nuostatose išjungti skrydžio veikseną.","callAirplaneModeBtnOk":"Gerai","callAirplaneModeTitle":"Įgalinta skrydžio veiksena","numberIsBusyTitle":"Numeris užimtas","numberIsBusyMessage":"Numeris šiuo metu užimtas. Bandykite paskambinti vėliau.","fdnIsActiveTitle":"FDN active","fdnIsActiveMessage":"FDN (Fixed Dialing Numbers) is activated and the following number is not in your FDN list: {{ number }}","voiceMail":"Balso paštas","emergencyNumber":"Pagalbos skambutis","emergencyDialogBodyBadNumber":"Kad galėtumėte atlikti skambutį, šis telefonas turi būti tinkle.","emergencyDialogBodyDeviceNotAccepted":"Pagalbos skambučiai šiame tinkle draudžiami.","emergencyDialogBtnOk":"Gerai","emergencyDialogTitle":"Nėra ryšio su tinklu","invalidNumberToDialTitle":"Negalimas telefono numeris","invalidNumberToDialMessage":"Telefono numeris, kuriuo bandote skambinti, yra blogas.","unableToCallTitle":"Šiuo metu skambinti negalima","unableToCallMessage":"Skambinti negalima. Jeigu šiuo metu skambutis jau vykdomas, pirmiau turite jį nutraukti.","otherConnectionInUseTitle":"Jau naudojamas kitas ryšys","otherConnectionInUseMessage":"Šiuo metu vykdomas skambutis, naudojant kitą ryšį. Vienu metu galima naudoti tik vieną ryšį.","addNewNumber":"Add new number","addToExistingContact":"Papildyti esamą adresatą","all":"Visi","asterisk":{"ariaLabel":"Asterisk"},"callLog":"Skambučių žurnalas","callLogEdit":{"title":"Edit call log"},"callLogEditDialog":{"ariaLabel":"Edit call log dialog"},"connecting":"Jungiamasi","cf-async":"Asinchroniniai: {{ async }}\\n","cf-data":"Duomenys: {{ data }}\\n","cf-error":"Gaunant skambučių nukreipimo būseną, įvyko klaida","cf-fax":"Faksas: {{ fax }}\\n","cf-inactive":"nenukreipti","cf-packet":"Paketiniai duomenys: {{ packet }}\\n","cf-pad":"PAD: {{ pad }}\\n","cf-sms":"SMS: {{ sms }}\\n","cf-status":"Skambučių nukreipimo būsena\\n","cf-sync":"Sinchroniniai: {{ sync }}\\n","cf-voice":"Balso: {{ voice }}\\n","confirm-deletion":"Pašalinti pažymėtus skambučius?","contacts":"Adresinė","createNewContact":"Kurti naują adresatą","delete":"Delete","dialerAddContact":{"ariaLabel":"Add contact"},"dialerAddContactDialog":{"ariaLabel":"Add Contact Dialog"},"edit-selected":{"_index":["plural","n"],"_":{"one":"{{ n }} pažymėtas","two":"{{ n }} pažymėti","few":"{{ n }} pažymėti","many":"{{ n }} pažymėti","other":"{{ n }} pažymėti"}},"edit":"Taisyti","hashSign":{"ariaLabel":"Hash sign"},"hideKeypad":{"ariaLabel":"Hide keypad"},"ignore":"Nepaisyti skambučio","incoming":"Įeinantys","keypad":{"ariaLabel":"Keypad"},"keypadDelete":{"ariaLabel":"Delete"},"makeCall":{"ariaLabel":"Make call"},"merge":"Sulieti","missed":"Praleisti","missedCall":"Praleistas skambutis","missedCallMultiSims":"(SIM {{ n }}) Praleistas skambutis","mmi-error":"Siunčiant pranešimą, įvyko klaida","mmi-session-expired":"Seansas nebegalioja","mmi-successfully-sent":"Pranešimas sėkmingai išsiųstas","mute":{"ariaLabel":"Mute"},"newCall":{"ariaLabel":"New call"},"no-logs-msg-1":"Skambučių žurnalas tuščias","no-logs-msg-2":"Paskambinkite jūs","no-logs-msg-3":"Praleistų skambučių nėra","phoneNumberInput":{"ariaLabel":"Phone number"},"recents":{"ariaLabel":"Recent calls"},"reply":"Atsakyti","switch-calls":"Perjungti pokalbį","today":"Šiandien","voiceMailKey":{"ariaLabel":"Voicemail"},"withheld-number":"numeris nerodomas","from-contact":"Skambina {{ contact }}","from-number":"Skambina {{ number }}","from-withheld-number":"Skambinama iš nerodomo numerio","yesterday":"Vakar","sending":"Siunčiama…","speakerOption":{"ariaLabel":"Speaker"},"ussd-services":"„{{ operator }}“ paslaugos","toggleKeypad":{"ariaLabel":"Toggle keypad"},"type-your-response":{"placeholder":"Įveskite savo atsakymą…"},"clear-all-text":"Išvalyti tekstą","hide":"Nerodyti","call":"Skambinti","hold":"Sulaikyti","resume":"Tęsti","sendSms":"Siųsti žinutę","callEnded":"Skambutis baigtas","via-sim":"naudojant SIM{{ n }}","sim-number":"SIM{{ n }}","hangup-a11y-button":{"aria-label":"Neatsiliepti"},"pickup-a11y-button":{"aria-label":"Atsiliepti"},"unlock-a11y-button":{"aria-label":"Slankiklis"},"settings":"Nuostatos","delete-n-log?":{"_index":["plural","n"],"_":{"zero":"Niekas nepažymėta","one":"Šalinti {{ n }} pažymėtą įrašą?","two":"Šalinti {{ n }} pažymėtus įrašus?","few":"Šalinti {{ n }} pažymėtus įrašus?","many":"Šalinti {{ n }} pažymėtų įrašų?","other":"Šalinti {{ n }} pažymėtų įrašų?"}},"callDurationMinutes":"{{ m }}:{{ s }}","callDurationHours":"{{ h }}:{{ m }}:{{ s }","suggestionMatches":{"_index":["plural","n"],"_":{"one":"{{ n }} numeris, atitinkantis „{{ matchNumber }}“","two":"{{ n }} numeriai, atitinkantys „{{ matchNumber }}“","few":"{{ n }} numeriai, atitinkantys „{{ matchNumber }}“","many":"{{ n }} numerių, atitinkančių „{{ matchNumber }}“","other":"{{ n }} numerių, atitinkančių „{{ matchNumber }}“"}},"scCallBarring":"Skamb. draudimas","scCallForwarding":"Sk. nukreipimas","scClip":"Įein. skamb. tel. nr.","scClir":"Išein. sk. tel. nr.","scPwd":"Slapt. keitimas","scCallWaiting":"Skamb. laukimas","scPin":"PIN keitimas","scPin2":"PIN2 keitimas","scPuk":"PIN atblokavimas","scPuk2":"PIN2 atblokavimas","scImei":"IMEI","scUssd":"USSD","serviceClassVoice":"Balsas","serviceClassData":"Duomenys","serviceClassFax":"Faksas","serviceClassSms":"SMS","serviceClassDataSync":"Sinchroninis","serviceClassDataAsync":"Nesinchroninis","serviceClassPacket":"Paketiniai duomenys","serviceClassPad":"PAD","smServiceEnabled":"Paslauga įjungta","smServiceDisabled":"Paslauga išjungta","smServiceRegistered":"Registracija sėkminga","smServiceErased":"Šalinimas sėkmingas","smServiceInterrogated":"Užklausa sėkminga","smServiceNotProvisioned":"Paslauga neteikiama","smClirPermanent":"Keisti numerio rodymo parinkties negalima","smClirDefaultOnNextCallOn":"Numeris numatytai nerodomas. Kito skambučio metu jis nebus rodomas","smClirDefaultOnNextCallOff":"Numeris numatytai nerodomas. Kito skambučio metu jis bus rodomas","smClirDefaultOffNextCallOn":"Numeris numatytai rodomas. Kito skambučio metu jis nebus rodomas","smClirDefaultOffNextCallOff":"Numeris numatytai rodomas. Kito skambučio metu jis bus rodomas","smServiceEnabledFor":"Paslauga įjungta:","smPinChanged":"PIN kodas pakeistas","smPinUnblocked":"PIN kodas atblokuotas","smPin2Changed":"PIN2 kodas pakeistas","smPin2Unblocked":"PIN2 kodas atblokuotas","emMmiError":"Ryšio problema arba negalimas MMI kodas","emMmiErrorPasswordIncorrect":"Neteisingas slaptažodis","emMmiErrorNotSupported":"Negalimas arba nepalaikomas MMI kodas","emMmiErrorInvalidAction":"Negalimas veiksmas","emMmiErrorInvalidScCode":"Negalimas paslaugos kodas","emMmiErrorBadPuk":"Įvestas neteisingas PUK kodas","emMmiErrorBadPin":"Įvestas neteisingas senasis PIN kodas","emMmiErrorNeedPuk2":"Kortelei atblokuoti įveskite PIN2 kodą","emMmiErrorMismatchPin":"Įvesti PIN kodai nesutampa","emMmiErrorInvalidPin":"Pin kodą turi sudaryti 4–8 skaitmenys","emMmiErrorNeedsPuk":"Jūsų SIM kortelė užrakinta PUK kodu","emMmiErrorEnablePin":"Nesėkminga. Įjunkite SIM/RUIM LOCK","emMmiErrorMmiFdn":"Operacija galima tik su numeriais iš fiksuotojo (FDN) sąrašo","emMmiErrorStkCcUssdDial":"USSD užklausa pakeista DIAL užklausa","emMmiErrorStkCcUssdSs":"USSD užklausa pakeista SS užklausa","emMmiErrorStkCcUssdUssd":"USSD užklausa pakeista nauja USSD užklausa","emMmiErrorStkCcSsDial":"SS užklausa pakeista DIAL užklausa","emMmiErrorStkCcSsUssd":"SS užklausa pakeista USSD užklausa","emMmiErrorStkCcSsSs":"SS užklausa pakeista nauja SS užklausa","emMmiErrorPinPukAttempts":{"_index":["plural","n"],"_":{"one":"Liko {{ n }} bandymas","two":"Liko {{ n }} bandymai","few":"Liko {{ n }} bandymai","many":"Liko {{ n }} bandymų","other":"Liko {{ n }} bandymų"}},"emMmiErrorSimBlocked":"Viršytas leistinas bandymų skaičius. SIM kortelė užblokuota","RadioNotAvailable":"Nėra ryšio signalo","GenericFailure":"Nedetalizuota klaida","PasswordIncorrect":"Slaptažodis neteisingas","SimPin2":"SIM PIN2","SimPuk2":"SIM PUK2","RequestNotSupported":"Užklausa nepalaikoma","OpNotAllowedDuringVoiceCall":"Operacija negalima balso skambučio metu","SmsSendFailRetry":"SMS išsiųsti nepavyko, bandoma dar kartą","SimAbsent":"Nėra SIM kortelės","SubscriptionNotAvailable":"Paslauga negalima","ModeNotSupported":"Veiksena nepalaikoma","FdnCheckFailure":"FDN patikrinimo klaida","IllegalSimOrMe":"Neleistina SIM arba ME","DialModifiedToUssd":"DIAL užklausa pakeista į USSD","DialModifiedToSs":"DIAL užklausa pakeista į SS","DialModifiedToDial":"DIAL užklausa pakeista į DIAL","UssdModifiedToDial":"USSD užklausa pakeista į DIAL","UssdModifiedToSs":"USSD užklausa pakeista į SS","UssdModifiedToUssd":"USSD užklausa pakeista į USSD","SsModifiedToDial":"SS užklausa pakeista į DIAL","SsModifiedToUssd":"SS užklausa pakeista į USSD","SsModifiedToSs":"SS užklausa pakeista į SS","SubscriptionNotSupported":"Paslauga nepalaikoma","InvalidParameter":"Neleistinas parametras","RejectedByRemote":"Atmesta ryšio partnerio","group-call":{"_index":["plural","n"],"_":{"one":"Konf. skambutis ({{ n }})","two":"Konf. skambutis ({{ n }})","few":"Konf. skambutis ({{ n }})","many":"Konf. skambutis ({{ n }})","other":"Konf. skambutis ({{ n }})"}},"caller-left-call":"{{ caller }} atsijungė nuo pokalbio.","conferenceAddError":"Nepavyko sujungti skambučių","conferenceRemoveError":"Nepavyko atjungti skambučio","longDateFormat":"%A, %Eb %e d.","select-audio-sources":"Pasirinkite garso šaltinį","bluetooth-handsfree-device":"„Bluetooth“ laisvų rankų įranga","receiver":"Mikrofonas","speaker":"Garsiakalbis","add":"Pridėti","done":"Baigta","retry":"Bandyti vėl","addContact":"Adresato kūrimas","deleteContact":"Šalinti adresatą","selectContact":"Žymėti adresatą","editContact":"Adresato taisa","deleteConfirmMsg":"Pašalinti adresatą?","remove":"Šalinti","comments":"Pastabos","no_contact_phones":"Šio adresato telefono numeris nenurodytas","no_contact_email":"Šio adresato el. pašto adresas nenurodytas","removePhotoConfirm":"Pašalinti adresato nuotrauką?","loadingContacts":"Įkeliami adresatai…","noContactsActivity":"Adresinė yra tuščia, joje nėra adresatų, kuriuos būtų galima papildyti","noName":"Be vardo","givenName":{"placeholder":"Vardas"},"familyName":{"placeholder":"Pavardė"},"tel":{"placeholder":"Telefonas"},"carrier":{"_":"Operatorius","placeholder":"Operatorius"},"separator":",","email":{"_":"El. paštas","placeholder":"El. paštas"},"streetAddress":{"placeholder":"Adresas"},"postalCode":{"placeholder":"Pašto kodas"},"locality":{"placeholder":"Miestas"},"countryName":{"placeholder":"Valstybė"},"comment":{"placeholder":"Pastaba"},"org":{"placeholder":"Darbovietė"},"custom":"Kitas tipas","date":{"_":"Data","placeholder":"Data"},"date-span-placeholder":"Date","birthday":"Gimimo diena","dateFormat":"%Eb %e d.","dateOutput":"{{year}} m. {{dayMonthFormatted}}","anniversary":"Sukaktis","addPhoto":"Pridėti nuotrauką","addPhone":"Pridėti telefoną","addEmail":"Pridėti el. pašto adresą","addAddress":"Pridėti adresą","addDate":"Pridėti datą","addComment":"Pridėti pastabą","addFavorite":"Žymėti kaip mėgstamiausią","removeFavorite":"Nužymėti kaip mėgstamiausią","label":"Tipas","home":"Namų","work":"Darbo","personal":"Asmeninis","faxHome":"Namų faksas","faxOffice":"Darbo faksas","faxOther":"Kitas faksas","another":"Kitas","other":"Kitas","current":"Dabartinis adr.","itemWithLabel":"{{label}}, {{item}}","exit":"Išeiti","expand":"Išskleisti","labelName":"Vardas:","labelLastName":"Pavardė:","labelPhoneNumber":"Telefono numeris:","labelCarrier":"Operatorius:","labelEmail":"Elektroninio pašto adresas:","labelStreet":"Adresas:","labelZip":"Pašto kodas:","labelCity":"Miestas:","labelCountry":"Valstybė:","labelComment":"Pastaba:","legendTitleMain":"Pagrindiniai duomenys","legendPhones":"Telefono numeriai","legendEmail":"Elektroninio pašto adresas","legendAddress":"Adresas","transferContactsTitle":"Adresatų perkėlimas","importContactsTitle":"Importuoti adresatus","importContactsButton":"Importuoti adresatus","exportContactsTitle":"Eksportuoti adresatus","exportContactsButton":"Eksportuoti adresatus","exportContactsAction":"Eksportuoti","simExport-title":"Eksportuoti į SIM kortelę","sdExport-title":"Eksportuoti į adminties kortelę","btExport-title":"Išsiųsti per „Bluetooth“","sdUMSEnabled":"Atminties kortelės naudoti negalima, kol įgalinta USB laikmenos veiksena","exportErrorTitle":"Eksporto klaida","contactsExported2":{"_index":["plural","exported"],"_":{"zero":"Neeksportuotas nė vienas adresatas","one":"Eksportuotas {{exported}} adresatas iš {{total}}","two":"Eksportuoti {{exported}} adresatai iš {{total}}","few":"Eksportuoti {{exported}} adresatai iš {{total}}","many":"Eksportuota {{exported}} adresatų iš {{total}}","other":"Eksportuota {{exported}} adresatų iš {{total}}"}},"exportError-general":"Eksportuojant adresatus, įvyko klaida","exportError-SD-shared":"Atminties kortelė nepasiekiama, nes ji bendrinama","exportError-SD-unavailable":"Atminties kortelė nepasiekiama","exportError-SD-noSpace":"Atminties kortelėje nepakanka vietos eksportuoti adresatams","exportError-SIM-unavailable":"SIM kortelė nepasiekiama","exportError-BT-shared":"Atminties kortelė nepasiekiama, nes ji bendrinama","exportError-BT-unavailable":"Atminties kortelė nepasiekiama","exportError-BT-noSpace":"Atminties kortelėje nepakanka vietos eksportuoti adresatams","simContacts-import":"Importuoti SIM adresatus","simContacts-importing":"Importuojami SIM adresatai…","simContacts-reading":"Skaitoma iš SIM kortelės…","simContacts-error":"Nepavyko importuoti SIM adresatų","simContacts-imported3":{"_index":["plural","n"],"_":{"zero":"SIM kortelėje neaptikta importuotinų adresatų","one":"Importuotas {{n}} adresatas","two":"Importuoti {{n}} adresatai","few":"Importuoti {{n}} adresatai","many":"Importuota {{n}} adresatų","other":"Importuota {{n}} adresatų"}},"noSimMsgExport":"Kad galėtumėte eksportuoti adresatus, įdėkite arba atrakinkite SIM kortelę","simNumber":"SIM Nr. {{number}}","memoryCardContacts-import":"Importuoti adresatus iš atminties kortelėe","memoryCardContacts-importing":"Importuojami adresatai iš atminties kortelės…","memoryCardContacts-reading":"Skaitoma iš atminties kortelės…","memoryCardContacts-error":"Nepavyko importuoti adresatų iš atminties kortelės","memoryCardContacts-imported3":{"_index":["plural","n"],"_":{"zero":"Atminties kortelėje neaptikta importuotinų adresatų","one":"Importuotas {{n}} adresatas","two":"Importuoti {{n}} adresatai","few":"Importuoti {{n}} adresatai","many":"Importuota {{n}} adresatų","other":"Importuota {{n}} adresatų"}},"noMemoryCardMsgExport":"Kad galėtumėte eksportuoti adresatus, įdėkite atminties kortelę","genericProgress":"{{current}} iš {{total}}","social-network":"Socialiniai tinklai","social-link":"Susieti adresatą","social-unlink":"Atsieti adresatą","social-unlink-confirm-title":"Ar norite atsieti savo draugą?","social-unlink-confirm-accept":"Atsieti","facebook-import":"Importuoti „Facebook“ draugus","show-fb-profile":"Rodyti „Facebook“ profilį","msg-send":"Siųsti žinutę","wall-post":"Raš. ant sienos","facebook-import-msg":{"_index":["plural","imported"],"_":{"zero":"Parsiųsta {{imported}} draugų iš {{total}}","one":"Parsiųstas {{imported}} draugas iš {{total}}","two":"Parsiųsti {{imported}} draugai iš {{total}}","few":"Parsiųsti {{imported}} draugai iš {{total}}","many":"Parsiųsta {{imported}} draugų iš {{total}}","other":"Parsiųsta {{imported}} draugų iš {{total}}"}},"facebookSwitchMsg":"Sinchr. draugus","select_mobile":"Išsirinkite mobiliojo tel. numerį","select_email":"Išsirinkite el. pašto adresą","contactsOrderBy":"Rikiuoti pagal pavardę","bluetooth":"Bluetooth","fbUpdateFriends":"Papildyti importuotų draugų duomenis","cleaningFbData":"Šalinami „Facebook“ duomenys","loggingOutFb":"Atsijungiama nuo „Facebook“","cleanFbConfirmMsg":"Pašalinti visus „Facebook“ duomenis?","renewPwdMsg":"Pakeistas jūsų „Facebook“ slaptažodis. Įveskite naująjį slaptažodį.","notEnabledYet":"Dar neįgalinta","genericNoConnection":"Kad galėtumėte importuoti adresatus, prisijunkite prie belaidžio tinklo arba mobiliojo duomenų ryšio.","simCard":"SIM kortelė","memoryCard":"Atminties kortelė","create-new":"Kurti naują adresatą","import-now":"Importuoti adresatus iš SIM kortelės arba „Facebook“","no-contacts":"Adresatų nėra","start-adding":"Pridėkite jų","notImported":"Neimportuota","imported":"Importuota","organise-contacts":"Adresatų tvarkymas","find-merge-contacts":"Ieškoti dublikatų","preparing-contacts":"Adresatai parengiami","exportError-SIM-NoFreeRecordFound":"SIM kortelė pilna","exportError-SIM-CannotAccessPhoneBook":"Nepavyko pasiekti SIM kortelės adresinės","exportError-SIM-Unavailable":"SIM kortelė neaptikta","exportError-SIM-GenericError":"Eksportuojant adresatą, įvyko klaida","ContactManagementTitle":"Contacts Management","DeleteTitle":"Delete","bulkDeleteButton":"Delete Contacts","BulkDelCancel":"Contacts delete cancelled","DeletedTxt":{"_index":["plural","n"],"_":{"zero":"No Contact to Delete","one":"1 Contact removed","two":"{{n}} Contacts removed","few":"{{n}} Contacts removed","many":"{{n}} Contacts removed","other":"{{n}} Contacts removed"}},"DeletingContacts":"Deleting contacts","ContactConfirmDel":{"_index":["plural","n"],"_":{"zero":"No Contact to Delete","one":"Delete 1 Contact? This cannot be undone.","two":"Delete {{n}} Contacts? This cannot be undone.","few":"Delete {{n}} Contacts? This cannot be undone.","many":"Delete {{n}} Contacts? This cannot be undone.","other":"Delete {{n}} Contacts? This cannot be undone."}},"SelectedTxt":{"_index":["plural","n"],"_":{"zero":"Contacts","one":"{{n}} selected","two":"{{n}} selected","few":"{{n}} selected","many":"{{n}} selected","other":"{{n}} selected"}},"sim-picker-dial-via-with-number":"Skambinti {{ phoneNumber }}, naudojant","sim-picker-select-sim":"Pasirinkite SIM kortelę","sim-picker-button":"SIM{{ n }}","sim-picker-button-default":"(numatytoji)","waitDuplicateContacts":"Ieškoma besidubliuojančių adresatų","waitMergingDuplicateContacts":"Suliejami besidubliuojantys adresatai","alertNoDuplicateContacts":"Besidubliuojančių adresatų neaptikta","mergeDuplicateTitle":"Dublikatų suliejimas","suggestedDuplicateContacts":"Siūlomi adresato {{name}} dublikatai","mergeActionButtonLabel":{"_index":["plural","n"],"_":{"zero":"Neparinktas nė vienas adresatas","one":"Sulieti su {{n}} adresatu","two":"Sulieti su {{n}} adresatais","few":"Sulieti su {{n}} adresatais","many":"Sulieti su {{n}} adresatų","other":"Sulieti su {{n}} adresatų"}},"duplicatesFoundTitle":"Aptikta dublikatų","duplicatesFoundMessage":"Adresato {{name}} duomenys kartojasi šiuose adresinės įrašuose"}