{"brandShortName":"B2G OS","browserBrandShortName":"Прелистувач","browserBrandFullName":"Прелистувач на Mozilla","back":"Назад","noSimMsg":"Вметнете ја или отклучете ја Вашата SIM картичка за да увезете контакти","noMemoryCardMsg":"Внесете мемориска картичка за да увезувате контакти","importMemoryCard":"Мемориска картичка","noConnection11":"Поврзете се на Wi-Fi или на податочна мрежа за да увезете пријатели од Facebook или контакти","pincode2":"Внесување PIN-код","type_pin":"Внесете го Вашиот PIN-код","pincodeLabel":"SIM {{n}} PIN","pinValidation":"PIN мора да биде помеѓу 4 и 8 знаци.","pinError":"Внесениот PIN беше неточен.","pinAttemptMsg2":{"_index":["plural","n"],"_":{"one":"Имате останато уште еден обид да внесете пред да се заклучи SIM картичката.","two":"Имате уште {{n}} обиди да внесете пред да се заклучи SIM картичката.","few":"Имате уште {{n}} обиди да внесете пред да се заклучи SIM картичката.","many":"Имате уште {{n}} обиди да внесете пред да се заклучи SIM картичката.","other":"Имате уште {{n}} обиди да внесете пред да се заклучи SIM картичката."}},"pinLastChanceMsg":"Ова е вашата последна шанса да внесете точен PIN. Во спротивно, ќе мора да внесете PUK код за да ја користите оваа SIM картичка.","pukcode":"Внесување PUK код","pukcodeTitle":"Внесете SIM {{n}} PUK","pukcodeLabel":"SIM {{n}} PUK","type_puk":"PUK код","pukValidation":"PUK кодот мора да биде точно 8 знаци.","pukInfo":"Мора да го внесете Личниот Клуч за Отклучување (PUK) за SIM картичката. Референцирајте се на документацијата на SIM картичката или контактирајте со вашиот оператор за повеќе информации.","pukError":"PUK кодот беше неточен.","pukAttemptMsg2":{"_index":["plural","n"],"_":{"one":"Ви останува уште еден обид пред СИМ картичката да биде неупотреблива за секогаш. Референцирајте се на документацијата на SIM картичката или контактирајте со вашиот оператор за повеќе информации.","two":"Ви остануваат уште {{n}} обиди пред СИМ картичката да биде неупотреблива за секогаш. Референцирајте се на документацијата на SIM картичката или контактирајте со вашиот оператор за повеќе информации.","few":"Ви остануваат уште {{n}} обиди пред СИМ картичката да биде неупотреблива за секогаш. Референцирајте се на документацијата на SIM картичката или контактирајте со вашиот оператор за повеќе информации.","many":"Ви остануваат уште {{n}} обиди пред СИМ картичката да биде неупотреблива за секогаш. Референцирајте се на документацијата на SIM картичката или контактирајте со вашиот оператор за повеќе информации.","other":"Ви остануваат уште {{n}} обиди пред СИМ картичката да биде неупотреблива за секогаш. Референцирајте се на документацијата на SIM картичката или контактирајте со вашиот оператор за повеќе информации."}},"pukLastChanceMsg":"Ова е вашиот последен обид да внесете точен PUK код. Вашата SIM картичката ќе биде за секогаш неупотреблива ако внесете погрешен PUK код.","create_newpin":"Создајте нов PIN (4 до 8 знаци)","confirm_newpin":"Потврди нов PIN","newpinConfirmation":"PIN кодовите не се совпаѓаат","nckcode":"Внесување NCK код","cckcode":"Внесување CCK код","spckcode":"Внесување SPCK код","nck1code":"Enter NCK1 code","nck2code":"Enter NCK2 code","hnckcode":"Enter HNCK code","rcckcode":"Enter RCCK code","rspckcode":"Enter RSPCK code","nckcodeTitle":"Внесете SIM {{n}} NCK","cckcodeTitle":"Внесете SIM {{n}} CCK","spckcodeTitle":"Внесете SIM {{n}} SPCK","nck1codeTitle":"Enter SIM {{n}} NCK1","nck2codeTitle":"Enter SIM {{n}} NCK2","hnckcodeTitle":"Enter SIM {{n}} HNCK","rcckcodeTitle":"Enter SIM {{n}} RCCK","rspckcodeTitle":"Enter SIM {{n}} RSPCK","nckcodeLabel":"SIM {{n}} NCK","cckcodeLabel":"SIM {{n}} CCK","spckcodeLabel":"SIM {{n}} SPCK","nck1codeLabel":"SIM {{n}} NCK1","nck2codeLabel":"SIM {{n}} NCK2","hnckcodeLabel":"SIM {{n}} HNCK","rcckcodeLabel":"SIM {{n}} RCCK","rspckcodeLabel":"SIM {{n}} RSPCK","type_nck":"Внесете го NCK кодот","type_cck":"Внесете го CCK кодот","type_spck":"Внесете го SPCK кодот","type_nck1":"Type your NCK1 code","type_nck2":"Type your NCK2 code","type_hnck":"Type your HNCK code","type_rcck":"Type your RCCK code","type_rspck":"Type your RSPCK code","nckValidation":"NCK мора да биде помеѓу 8 и 16 знаци.","cckValidation":"CCK мора да биде помеѓу 8 и 16 знаци.","spckValidation":"SPCK мора да биде помеѓу 8 и 16 знаци.","nck1Validation":"NCK1 must have between 8 and 16 characters.","nck2Validation":"NCK2 must have between 8 and 16 characters.","hnckValidation":"HNCK must have between 8 and 16 characters.","rcckValidation":"RCCK must have between 8 and 16 characters.","rspckValidation":"RSPCK must have between 8 and 16 characters.","nckErrorMsg":"NCK кодот не е точен.","nckAttemptMsg2":{"_index":["plural","n"],"_":{"one":"Барањето за мрежна одперсонализација не успеа. Имате уште еден обид. Референцирајте се на документацијата за уредот или контактирајте со вашиот оператор за повеќе информации.","two":"Барањето за мрежна одперсонализација не успеа. Имате уште {{n}} обиди да внесете точен код. Референцирајте се на документацијата за уредот или контактирајте со вашиот оператор за повеќе информации.","few":"Барањето за мрежна одперсонализација не успеа. Имате уште {{n}} обиди да внесете точен код. Референцирајте се на документацијата за уредот или контактирајте со вашиот оператор за повеќе информации.","many":"Барањето за мрежна одперсонализација не успеа. Имате уште {{n}} обиди да внесете точен код. Референцирајте се на документацијата за уредот или контактирајте со вашиот оператор за повеќе информации.","other":"Барањето за мрежна одперсонализација не успеа. Имате уште {{n}} обиди да внесете точен код. Референцирајте се на документацијата за уредот или контактирајте со вашиот оператор за повеќе информации."}},"nckLastChanceMsg":"Барањето за мрежна одперсонализација не успеа. Последна шанса да се внесе точниот NCK код. Референцирајте се на документацијата за уредот или контактирајте со вашиот оператор за повеќе информации.","skip":"Прескокни","send":"Прати","ok":"Во ред","simLocked":"SIM картичката е заклучена","inputCodeRetriesLeft":{"_index":["plural","n"],"_":{"one":"последен обид.","two":"{{n}} останати обиди.","few":"{{n}} останати обиди.","many":"{{n}} останати обиди.","other":"{{n}} останати обиди."}},"simManager":"SIM менаџер","simDetail":"SIM {{n}}","simDefault":"(предефинирано)","simDefaultMessage":"Излезните повици, излезните пораки и мобилните податоци се предефинирани преку SIM 1","simSettingsMessage":"Можете да ги промените предефинираните вредности во Поставки > SIM менаџер","simPinLocked":"SIM PIN заклучен","noOperator":"Нема оператор","language":"Јазик","english":"English","dvorak":"English (Dvorak)","spanish":"Spanish","portuguese":"Portuguese Brazilian","french":"French","italian":"Italian","arabic":"Arabic","greek":"Greek","hebrew":"Hebrew","jp-kanji":"Japanese","jp-kanji-desc":"Kanji","traditionalChinese":"Traditional Chinese","traditionalChinese-desc":"Zhuyin","simplifiedChinese":"Simplified Chinese","simplifiedChinese-desc":"Pinyin","3g":"Мобилни податоци","dataConnection":"Овозможете податоци","dataConnectionInfo":"Овозможување на мобилните податоци сега ќе Ви озвоможи да го конфигурирате уредот без Wi-Fi конекција. Можете и да ги овозможите подоцна во Поставки. Осигурајте се дека имате договор за мобилни податоци со Вашиот оператор за да избегнете можни високи сметки. ","caution":"Внимание","geolocation":"Геолокација","geolocationCheckbox":"Овозможување геолокација","geolocationInfo2":"{{brandShortName}} користи податоци како GPS, Wi-Fi и мобилни мрежи околу Вас за да ja утврди вашата приближна локација.","geolocationInfoMore":"Податоци се праќаат на Мозила и други оператори и ќе бидат сумарно користени за да ја подобрат базата со локации. Податоци може да бидат чувани на Вашиот уред а собирање податоци може да се случува и ако нема вклучени апликации.","notice":"Забелешка","aboutYourPrivacy":"Повеќе за Вашата приватност","wifi":"Wi-Fi","scanningNetworks":"Скенирање за мрежи","selectNetwork":"Изберете мрежа","shortStatus-connecting":"Поврзување…","shortStatus-associated":"Добивање ИП адреса…","shortStatus-connected":"Поврзано","shortStatus-connectingfailed":"Поврзувањето не успеа","shortStatus-disconnected":"Без мрежа","securedBy":"обезбедено со {{capabilities}}","security":"Безбедност","securityNone":"Ништо","securityWEP":"WEP","securityWPA-PSK":"WPA-PSK","securityWPA-EAP":"WPA-EAP","securityOpen":"Отвори","identity":"Корисник","identityInput":{"placeholder":"Корисник"},"password":"Лозинка","passwordInput":{"placeholder":"Лозинка"},"showPassword":"Прикажи лозинка","refresh":"Освежи","noWifiFound3":"Не се најдени безжични мрежи","join-hidden-button":"Приклучи се во скриена мрежа","authentication":"Автентикација","ssid-name":"SSID мрежно име","dateAndTime":"Датум и Време","setTimeAutomatically":"Постави автоматски","timezoneMessage":"Временска зона","timezoneTitle":"UTC{{utcOffset}} {{region}}/{{city}}","dateMessage":"Датум","timeMessage":"Време","timeZone":"Временска зона","change":"Промена","importContacts3":"Увези контакти","importSim2":"SIM картичка","importFb2":"Facebook","importOutlook":"Outlook","importGmail":"Gmail","fb-checking":"… проверка","notImportedYet":"Сеуште нема увезено","otherAccount":"Други сметки","mobile":"Мобилен","afterFbImport":"Може да увезете и уредувате Facebook пријатели секое време во поставките за Контакти","firefox-accounts":"Firefox Accounts","fxa-overview":{"innerHTML":"A Firefox Account lets you use features like Find My Device and apps like the Firefox Marketplace."},"fxa-create-account-or-sign-in":"Create Account or Sign In","fxa-email-sent":"A verification link has been sent to {{email}}","about-your-rights-0":"{{brandShortName}} is built on free and open source software by a community of thousands from all over the world. There are a few things you should know:","about-your-rights-1":"{{brandShortName}} is made available to you under the terms of several open source licenses including the Mozilla Public License. A device running {{brandShortName}} may also contain proprietary software from third parties. Any code provided under open licenses give you the right to modify the source code and distribute your modified versions as long as you comply with their terms.","about-your-rights-2":"You are not granted any trademark rights or licenses to the trademarks of the Mozilla Foundation or any party, including without limitation the {{brandShortName}} name or logo.","about-your-rights-3":"Some features in {{brandShortName}}, such as the Crash Reporter, give you the option to provide feedback to Mozilla. By choosing to submit feedback, you give Mozilla permission to use the feedback to improve its products, to publish the feedback on its websites, and to distribute the feedback.","about-other":"Останато","SIM_mandatory":"Внимание за SIM картичка","SIM_mandatory_warm":"Ве молиме, внесете SIM картичка и ресетирајте го вашиот телефон.","sharing-performance-data":"Споделување податоци за перформанси","telemetry-sends":"Телеметрија праќа податоци за перформанси, конфигурации, хардвер и прилагодувања на вашиот {{brandShortName}} уред. Ги користиме за да ги направиме нашите производи подобри и побрзи.","learn-more-telemetry":{"innerHTML":"Learn more at {{link}}"},"learn-more-information":{"innerHTML":"Learn how Mozilla handles your information at {{link}}"},"welcomeBrowser":"Добредојдовте во {{brandShortName}}, слободниот оперативен систем од Мозила. Нашата мисија е да промовираме отвореност, иновации и можности сочувувајќи ја моќта на Интернет во Вашите раце.","learn-more-privacy":{"innerHTML":"Learn how Mozilla handles your information in our {{link}}."},"learn-more-privacy-link":"privacy policy","aboutBrowser":"За {{brandShortName}}","aboutYourPrivacy2":"Вашата приватност","mozillaCommunity2":"Кога го користите {{brandShortName}} станувате дел од глобалната заедницата која помага да се изгради посветла иднина за Интернетот. Ако сакате да дознаете повеќе информации за Мозила заедницата, нашите други производи и настани блиску до Вас, ве молиме внесете ја вашата адреса за е-пошта подолу.","collaborate":"Сакам да придонесам да се подобри {{brandShortName}} со споделување податоци за мојот телефон.","learnMore":"Дознајте повеќе.","emailAddress":{"placeholder":"Адреса за е-пошта"},"email-successfully-added":"Е-пошта успешно додадена","email-loading":"Сочувување на Вашата е-пошта…","browserPrivacyChoices":"{{brandShortName}} избори за приватност","privacy-b2g":{"_":"{{brandShortName}}","title":"{{brandShortName}}"},"privacy-marketplace":{"_":"Пазар","title":"{{privacy-marketplace}}"},"privacy-e-me":{"_":"everything.me","title":"{{privacy-e-me}}"},"navbar-back":"Назад","navbar-next":"Следно","navbar-join":"Приклучи","thatsIt":"Готово!","startYourPhone":"Започнете ја турата за Вашиот телефон!","startYourTablet":"Започнете со турата за Вашиот таблет!","joinTutorial":"Придружете ни се набрзина да научите за Вашиот нов телефон.","enjoyYourPhone":"Подготвени сте да уживате со Вашиот нов телефон.","optionsAvailable":"Може да го промените јазикот, датумот, времето и Wi-Fi конекцијата во Поставки.","letsGo":"Ајде","startTour":"Започни тура","thatsIt1Tablet-2":"Секогаш може да повлечете од долниот раб за да пристапите на Домашниот екран.","thatsIt2Tablet-2":"Да го направиме тоа!","tutorial-step1-tiny":"Повлечете од десно налево за да ги разгледате Вашите апликации.","tutorial-step2-tiny":"Притиснете и држите на икона за да ја избришете или преместите.","tutorial-step3-tiny":"Внесете било кој клучен збор или наслов и вашиот телефон веднаш ќе се прилагоди.","tutorial-step4-tiny":"Повлечете надолу за да пристапите до скорешни известувања, информации за креди и поставки.","tutorial-step5-tiny":"Притиснете и држите на копчето Дома за да ги разгледате и затворите скорешните апликации.","tutorial-step6-tiny":"Повлечете од страната на екранот за да се движите напред и назад помеѓу скорешните апликации.","tutorial-step1-large-2":"Повлечете надолу од горниот раб за да пристапите на скорешните известувања, информации за кредит и поставки.","tutorial-step2-large-2":"Повлечете од лево или десно на Домашниот екран за да откриете нови апликации.","tutorial-step3-large-2":"Притиснете и држите на икона за да ја избришете или преместите. ","tutorial-step4-large-2":"Повлечете со два прста нагоре од долниот екран за да вклучите картичен поглед.","offline-dialog-title":"Мора да сте поврзани на Интернет да ја гледате страницава.","offline-dialog-text":"Ве молиме вратете се назад и поврзете се на Интернет. Исто така може да ја гледате страницата од Постсавки или со внесување на {{url}} во било кој прелистувач.","OK":"Во ред","offline-newsletter-dialog-title":"You must be connected to the Internet to subscribe to the newsletter.","offline-newsletter-dialog-text":"Ве молиме вратете се назад и поврзете се на Интернет.","invalid-email-dialog-title":"Вашата е-пошта е неправилна.","invalid-email-dialog-text":"Ве молиме вратете се назад и поправете го внесот.","cancel":"Откажи","weekday-0-long":"Недела","weekday-1-long":"Понеделник","weekday-2-long":"Вторник","weekday-3-long":"Среда","weekday-4-long":"Четврток","weekday-5-long":"Петок","weekday-6-long":"Сабота","weekday-0-short":"Нед","weekday-1-short":"Пон","weekday-2-short":"Вто","weekday-3-short":"Сре","weekday-4-short":"Чет","weekday-5-short":"Пет","weekday-6-short":"Саб","month-0-long":"јануари","month-1-long":"февруари","month-2-long":"март","month-3-long":"април","month-4-long":"мај","month-5-long":"јуни","month-6-long":"јули","month-7-long":"август","month-8-long":"септември","month-9-long":"октомври","month-10-long":"ноември","month-11-long":"декември","month-0-genitive":"јануари","month-1-genitive":"февруари","month-2-genitive":"март","month-3-genitive":"април","month-4-genitive":"мај","month-5-genitive":"јуни","month-6-genitive":"јули","month-7-genitive":"август","month-8-genitive":"септември","month-9-genitive":"октомври","month-10-genitive":"ноември","month-11-genitive":"декември","month-0-short":"јан","month-1-short":"фев","month-2-short":"мар","month-3-short":"апр","month-4-short":"мај","month-5-short":"јун","month-6-short":"јул","month-7-short":"авг","month-8-short":"сеп","month-9-short":"окт","month-10-short":"ное","month-11-short":"дек","minutes-ago-long":{"_index":["plural","value"],"_":{"zero":"сега","one":"пред една минута","two":"пред {{value}} минути","few":"пред {{value}} минути","many":"пред {{value}} минути","other":"пред {{value}} минути"}},"hours-ago-long":{"_index":["plural","value"],"_":{"zero":"сега","one":"пред еден час","two":"пред {{value}} часа","few":"пред {{value}} часа","many":"пред {{value}} часови","other":"пред {{value}} часови"}},"days-ago-long":{"_index":["plural","value"],"_":{"zero":"денес","one":"вчера","two":"пред {{value}} дена","few":"пред {{value}} дена","many":"пред {{value}} денови","other":"пред {{value}} денови"}},"weeks-ago-long":{"_index":["plural","value"],"_":{"zero":"оваа недела","one":"минатата недела","two":"пред {{value}} недели","few":"пред {{value}} недели","many":"пред {{value}} недели","other":"пред {{value}} недели"}},"months-ago-long":{"_index":["plural","value"],"_":{"zero":"овој месец","one":"минатиот месец","two":"пред {{value}} месеци","few":"пред {{value}} месеци","many":"пред {{value}} месеци","other":"пред {{value}} месеци"}},"years-ago-long":{"_index":["plural","value"],"_":{"zero":"оваа година","one":"минатата година","two":"пред {{value}} години","few":"пред {{value}} години","many":"пред {{value}} години","other":"пред {{value}} години"}},"minutes-until-long":{"_index":["plural","value"],"_":{"zero":"сега","one":"за една минута","two":"за {{value}} минути","few":"за {{value}} минути","many":"за {{value}} минути","other":"за {{value}} минути"}},"hours-until-long":{"_index":["plural","value"],"_":{"zero":"сега","one":"за еден час","two":"за {{value}} часа","few":"за {{value}} часа","many":"за {{value}} часови","other":"за {{value}} часови"}},"days-until-long":{"_index":["plural","value"],"_":{"zero":"денес","one":"утре","two":"за {{value}} дена","few":"за {{value}} дена","many":"за {{value}} денови","other":"за {{value}} денови"}},"weeks-until-long":{"_index":["plural","value"],"_":{"zero":"оваа седмица","one":"следната седмица","two":"за {{value}} седмици","few":"за {{value}} седмици","many":"за {{value}} седмици","other":"за {{value}} седмици"}},"months-until-long":{"_index":["plural","value"],"_":{"zero":"овој месец","one":"следниот месец","two":"за {{value}} месеци","few":"за {{value}} месеци","many":"за {{value}} месеци","other":"за {{value}} месеци"}},"years-until-long":{"_index":["plural","value"],"_":{"zero":"оваа година","one":"следната година","two":"за {{value}} години","few":"за {{value}} години","many":"за {{value}} години","other":"за {{value}} години"}},"minutes-ago-short":{"_index":["plural","value"],"_":{"zero":"сега","other":"пред {{value}}m"}},"hours-ago-short":{"_index":["plural","value"],"_":{"zero":"сега","other":"пред {{value}}h"}},"days-ago-short":{"_index":["plural","value"],"_":{"zero":"денес","other":"пред {{value}}d"}},"minutes-until-short":{"_index":["plural","value"],"_":{"zero":"сега","other":"за {{value}}m"}},"hours-until-short":{"_index":["plural","value"],"_":{"zero":"сега","other":"за {{value}}h"}},"days-until-short":{"_index":["plural","value"],"_":{"zero":"денес","other":"за {{value}}d"}},"incorrectDate":"(неточен датум)","dateTimeFormat_%c":"%a %b %e %Y %H:%M:%S","dateTimeFormat_%x":"%d/%m/%Y","dateTimeFormat_%X":"%H:%M:%S","shortTimeFormat":"%H:%M","shortDateTimeFormat":"%x %H:%M","weekStartsOnMonday":"1","time_am":"AM","time_pm":"PM","tz-region":"Регион","tz-city":"Град","tzRegion-Africa":"Африка","tzRegion-America":"Америка","tzRegion-Antarctica":"Антартик","tzRegion-Asia":"Азија","tzRegion-Atlantic":"Атлантски океан","tzRegion-Australia":"Австралија","tzRegion-Europe":"Европа","tzRegion-Indian":"Индиски океан","tzRegion-Pacific":"Тихи окоеан","close":"Close","import":"Import","update":"Update","fbFriends":"Facebook Friends","live-serviceName":"Outlook","gmail-serviceName":"Gmail","facebook-serviceName":"Facebook Friends","selectAll":"Select all","deselectAll":"Deselect all","viewAll":"View All Facebook Friends","viewRecommend":"View Only Recommended","linkProposal":{"_index":["plural","numFriends"],"_":{"zero":"No matching friends. Showing all","one":"Select the recommended one","two":"Select a recommended one","few":"Select a recommended one","many":"Select a recommended one","other":"Select a recommended one"}},"fbFriendsFound":{"_index":["plural","numFriends"],"_":{"zero":"All your friends are imported","one":"Found one friend to import","two":"Found {{numFriends}} friends to import","few":"Found {{numFriends}} friends to import","many":"Found {{numFriends}} friends to import","other":"Found {{numFriends}} friends to import"}},"facebook":"Facebook","search-contact":{"placeholder":"Search"},"noResults":"No contacts found","done-search":"Done","progressFB3ImportTitle":"Importing friends to Contacts","progressFB":"{{current}}/{{total}}","progressFB3UpdateTitle":"Updating friends in Contacts","message2":"This may take a couple of minutes","messageLinking":"Please hold on. We are linking your friend and your contact.","messageCanceling":"Please hold on. We are canceling the ongoing operation.","error1":"Error {{from}}","error2":"Do you want to retry?","errorProposal":"calculating proposals","errorFriends":"retrieving friends","errorLinking":"linking contact","timeout1":"Exceeded timeout {{from}}","timeout2":"Do you want to retry?","timeoutProposal":"calculating proposals","timeoutFriends":"retrieving friends","timeoutLinking":"linking contacts","wait1":"Please hold on","wait2":"This may take a couple of minutes","waitProposal":"Please hold on. We are calculating a proposal.","waitFriends":"Please hold on. We are connecting to obtain your friend list.","curtainCancel":"Cancel","curtainRetry":"Retry","curtainOK":"OK","connectionLost":"No Internet connection","connectionLostMsg":"Friends’ photos will not be added to your contacts. Continue anyway?","yesOption":"OK","noOption":"Cancel","friendsUpdated":{"_index":["plural","numFriends"],"_":{"zero":"No friends updated","one":"Updated one friend","two":"Updated {{numFriends}} friends","few":"Updated {{numFriends}} friends","many":"Updated {{numFriends}} friends","other":"Updated {{numFriends}} friends"}},"notificationLogin":"Your Facebook session is invalid. Please sign in.","syncError":"There was an error synchronizing your friend’s data","callAirplaneModeMessage":"Да направите повик треба да го исклучите авионскиот режив во поставките.","callAirplaneModeBtnOk":"Во ред","callAirplaneModeTitle":"Активиран авионски режим","numberIsBusyTitle":"Бројот е зафатен","numberIsBusyMessage":"Бројот е моментално зафатен. Ве молам пробајте подоцна. ","fdnIsActiveTitle":"FDN active","fdnIsActiveMessage":"FDN (Fixed Dialing Numbers) is activated and the following number is not in your FDN list: {{ number }}","voiceMail":"Говорна пошта","emergencyNumber":"Итен број","emergencyDialogBodyBadNumber":"Да направите повик, телефонот мора да биде приклучен на мрежа.","emergencyDialogBodyDeviceNotAccepted":"Итните повици не се дозволени од мрежата.","emergencyDialogBtnOk":"Во ред","emergencyDialogTitle":"Нема мрежна конекција","invalidNumberToDialTitle":"Неправилен тел. број","invalidNumberToDialMessage":"Телефонскиот број кој го вртите е неправилен.","unableToCallTitle":"Сега не може да се направи повик","unableToCallMessage":"Не може да се направи повик. Ако веќе вртите, ве молам прво спуштите.","otherConnectionInUseTitle":"Се користи друга конекција","otherConnectionInUseMessage":"Имате активен повик на друга конекција. Може да користите само една конекција истовремено.","addNewNumber":"Add new number","addToExistingContact":"Додај во постоечкиот контакт","all":"Сите","asterisk":{"ariaLabel":"Asterisk"},"callLog":"Запис на повици","callLogEdit":{"title":"Edit call log"},"callLogEditDialog":{"ariaLabel":"Edit call log dialog"},"connecting":"Се поврзува","cf-async":"Асинхроно: {{ async }}\\n","cf-data":"Податоци: {{ data }}\\n","cf-error":"Грешки при преземање на статусот за пренасочување повици","cf-fax":"Факс: {{ fax }}\\n","cf-inactive":"Неактивно","cf-packet":"Пакет: {{ packet }}\\n","cf-pad":"PAD: {{ pad }}\\n","cf-sms":"СМС: {{ sms }}\\n","cf-status":"Статус на пренасочување\\n","cf-sync":"Синхроно: {{ sync }}\\n","cf-voice":"Говор: {{ voice }}\\n","confirm-deletion":"Исчисти ги избраните повици?","contacts":"Контакти","createNewContact":"Создади нов контакт","delete":"Delete","dialerAddContact":{"ariaLabel":"Add contact"},"dialerAddContactDialog":{"ariaLabel":"Add Contact Dialog"},"edit-selected":{"_index":["plural","n"],"_":{"one":"{{ n }} избрано","two":"{{ n }} избрани","few":"{{ n }} избрани","many":"{{ n }} избрани","other":"{{ n }} избрано"}},"edit":"Уреди","hashSign":{"ariaLabel":"Hash sign"},"hideKeypad":{"ariaLabel":"Hide keypad"},"ignore":"Игнорирај повик","incoming":"Дојдовен","keypad":{"ariaLabel":"Keypad"},"keypadDelete":{"ariaLabel":"Delete"},"makeCall":{"ariaLabel":"Make call"},"merge":"Спои","missed":"Пропуштен","missedCall":"Пропуштен повик","missedCallMultiSims":"(SIM {{ n }}) пропуштен повик","mmi-error":"Грешка при праќање на пораката","mmi-session-expired":"Сесијата истече","mmi-successfully-sent":"Успешно пратена порака","mute":{"ariaLabel":"Mute"},"newCall":{"ariaLabel":"New call"},"no-logs-msg-1":"Нема запис на повици","no-logs-msg-2":"Започни со комуникација веднаш","no-logs-msg-3":"Нема пропуштени повици","phoneNumberInput":{"ariaLabel":"Phone number"},"recents":{"ariaLabel":"Recent calls"},"reply":"Одговори","switch-calls":"Смени повици","today":"Денес","voiceMailKey":{"ariaLabel":"Voicemail"},"withheld-number":"Скриен број","from-contact":"Од {{ contact }}","from-number":"Од {{ number }}","from-withheld-number":"Од скриен број","yesterday":"Вчера","sending":"Праќање…","speakerOption":{"ariaLabel":"Speaker"},"ussd-services":"{{ operator }} сервиси","toggleKeypad":{"ariaLabel":"Toggle keypad"},"type-your-response":{"placeholder":"Пишете го вашиот одговор…"},"clear-all-text":"Исчисти го цел текст","hide":"Скриј","call":"Повикај","hold":"Држи","resume":"Продолжи","sendSms":"Прати порака","callEnded":"Повикот заврши","via-sim":"преку SIM{{ n }}","sim-number":"SIM{{ n }}","hangup-a11y-button":{"aria-label":"Спушти"},"pickup-a11y-button":{"aria-label":"Одговори"},"unlock-a11y-button":{"aria-label":"Лизгач"},"settings":"Поставки","delete-n-log?":{"_index":["plural","n"],"_":{"few":"Бришење {{ n }} записи?","many":"Бришење {{ n }} записи?","one":"Бришење на избраниот запис?","other":"Бришење {{ n }} записи?","two":"Бришење {{ n }} записи?","zero":"Нема избрано"}},"callDurationMinutes":"{{ m }}:{{ s }}","callDurationHours":"{{ h }}:{{ m }}:{{ s}}","suggestionMatches":{"_index":["plural","n"],"_":{"one":"{{ n }} најдено за \"{{ matchNumber }}\"","two":"{{ n }} најдени за \"{{ matchNumber }}\"","few":"{{ n }} најдени за \"{{ matchNumber }}\"","many":"{{ n }} најдени за \"{{ matchNumber }}\"","other":"{{ n }} најдени за \"{{ matchNumber }}\""}},"scCallBarring":"Забрана за повик","scCallForwarding":"Пренасочување на повик","scClip":"Дојдовна идентификација","scClir":"Појдовна идентификација","scPwd":"Промена на лозинка","scCallWaiting":"Повик на чекање","scPin":"PIN промена","scPin2":"PIN2 промена","scPuk":"Одблокирај PIN","scPuk2":"Одблокирај PIN2","scImei":"IMEI","scUssd":"USSD","serviceClassVoice":"Говор","serviceClassData":"Податоци","serviceClassFax":"Факс","serviceClassSms":"СМС","serviceClassDataSync":"Синхрино","serviceClassDataAsync":"Асинхроно","serviceClassPacket":"Пакет","serviceClassPad":"PAD","smServiceEnabled":"Сервисот беше овозможен","smServiceDisabled":"Сервисот беше оневозможен","smServiceRegistered":"Регистрацијата беше успешна","smServiceErased":"Бришењето беше успешно","smServiceInterrogated":"Барањето беше успешно","smServiceNotProvisioned":"Сервисот не е провизиониран","smClirPermanent":"Не можете да ја смените поставката за идентификација на повик","smClirDefaultOnNextCallOn":"Предефинирано за идентификација на повик е скриен. Следниот повик: скриен","smClirDefaultOnNextCallOff":"Предефинирано за идентификација на повик е скриен. Следниот повик: прикажан","smClirDefaultOffNextCallOn":"Предефинирано за идентификација на повик е прикажан. Следниот повик: скриен","smClirDefaultOffNextCallOff":"Предефинирано за идентификација на повик е прикажан. Следниот повик: прикажан","smServiceEnabledFor":"Сервисот беше овозможен за:","smPinChanged":"PIN успешно променет","smPinUnblocked":"PIN успешно одблокиран","smPin2Changed":"PIN2 успешно променет","smPin2Unblocked":"PIN2 успешно одблокиран","emMmiError":"Проблем во комуникација или невалиден MMI код","emMmiErrorPasswordIncorrect":"Грешна лозинка","emMmiErrorNotSupported":"Неправилен или неподржан MMI код","emMmiErrorInvalidAction":"Неправилна акција","emMmiErrorInvalidScCode":"Неправилен сервисе код","emMmiErrorBadPuk":"PUK бројот што го внесовте не е точен.","emMmiErrorBadPin":"Стариот PUK број што го внесовте не е точен.","emMmiErrorNeedPuk2":"Внесете го PUK2 бројот за одблокирање на сим картичката.","emMmiErrorMismatchPin":"PIN броевите што ги внесовте не се исти","emMmiErrorInvalidPin":"Внесете PIN од 4 до 8 цифри","emMmiErrorNeedsPuk":"Вашата SIM картичка е PUK-заклучена","emMmiErrorEnablePin":"Неуспешно. Овозможи SIM/RUIM заклучувуање","emMmiErrorMmiFdn":"Операцијата е ограничена само на вртење предефинирани броеви","emMmiErrorStkCcUssdDial":"USSD е променето во ПОВИК барање","emMmiErrorStkCcUssdSs":"USSD е променето во барање за SS","emMmiErrorStkCcUssdUssd":"USSD е променето во ново USSD барање","emMmiErrorStkCcSsDial":"SS e променето во ПОВИК барање","emMmiErrorStkCcSsUssd":"SS е променето во USSD барање","emMmiErrorStkCcSsSs":"SS е променето во ново SS барање","emMmiErrorPinPukAttempts":{"_index":["plural","n"],"_":{"one":"Само {{ n }} обид преостанува","two":"{{ n }} преостанати обиди","few":"{{ n }} преостанати обиди","many":"{{ n }} преостанати обиди","other":"{{ n }} преостанати обиди"}},"emMmiErrorSimBlocked":"Надминат е максималниот број обиди. SIM блокирана","RadioNotAvailable":"Радиото не е достапно","GenericFailure":"Генерички неуспех","PasswordIncorrect":"Грешна лозинка","SimPin2":"SIM PIN2","SimPuk2":"SIM PUK2","RequestNotSupported":"Барањето не е поддржано","OpNotAllowedDuringVoiceCall":"Акцијата не е дозволена при говорен повик","SmsSendFailRetry":"SMS send fail retry","SimAbsent":"SIM не е присутна","SubscriptionNotAvailable":"Претплата не е достапна","ModeNotSupported":"Режим не е поддржан","FdnCheckFailure":"Неуспех на Fdn проверка","IllegalSimOrMe":"Нелегален SIM или ME","DialModifiedToUssd":"Повик променет во USSD","DialModifiedToSs":"Повик променет во SS","DialModifiedToDial":"Повик променет во повик","UssdModifiedToDial":"USSD променет во повик","UssdModifiedToSs":"USSD променет во SS","UssdModifiedToUssd":"USSD променет во USSD","SsModifiedToDial":"SS променет во повик","SsModifiedToUssd":"SS променет во USSD","SsModifiedToSs":"SS променет во SS","SubscriptionNotSupported":"Претплата не е поддржана","InvalidParameter":"Неправилен параметар","RejectedByRemote":"Одбиен од оддалеченo","group-call":{"_index":["plural","n"],"_":{"few":"Групен повик ({{ n }})","many":"Групен повик ({{ n }})","one":"Групен повик ({{ n }})","other":"Групен повик ({{ n }})","two":"Групен повик ({{ n }})"}},"caller-left-call":"{{ caller }} го напушти повикот.","conferenceAddError":"Не може да се спојат повиците","conferenceRemoveError":"Не може да се одвојат повиците","longDateFormat":"%A, %e %B","select-audio-sources":"Избери извори на аудио","bluetooth-handsfree-device":"Bluetooth-слушалка","receiver":"Примател","speaker":"Звучник","add":"Додај","done":"Готово","retry":"Повторно","addContact":"Додај контакт","deleteContact":"Избриши контакт","selectContact":"Избери контакт","editContact":"Уреди контакт","deleteConfirmMsg":"Го бришам контактот?","remove":"Отстрани","comments":"Коментари","no_contact_phones":"Овој контакт нема телефонски број","no_contact_email":"Овој контакт нема адреса за е-пошта","removePhotoConfirm":"Ја бришам сликата на контактот?","loadingContacts":"Се вчитуваат контакти…","noContactsActivity":"Не можам да додадам во контакт бидејќи листата на контакти е празна","noName":"Нема име","givenName":{"placeholder":"Име"},"familyName":{"placeholder":"Презиме"},"tel":{"placeholder":"Телефон"},"carrier":{"_":"Добавувач","placeholder":"Добавувач"},"separator":",","email":{"_":"Е-пошта","placeholder":"Е-пошта"},"streetAddress":{"placeholder":"Улица"},"postalCode":{"placeholder":"Поштенски код"},"locality":{"placeholder":"Град"},"countryName":{"placeholder":"Држава"},"comment":{"placeholder":"Коментар"},"org":{"placeholder":"Компанија"},"custom":"Ознака по избор","date":{"_":"Датум","placeholder":"Датум"},"date-span-placeholder":"Date","birthday":"Роденден","dateFormat":"%B %e","dateOutput":"{{dayMonthFormatted}} {{year}}","anniversary":"Годишнина","addPhoto":"Додај слика","addPhone":"Додај телефон","addEmail":"Додај е-пошта","addAddress":"Додај адреса","addDate":"Додади датум","addComment":"Додај коментар","addFavorite":"Додај во Омилени","removeFavorite":"Отстрани од Омилени","label":"Лепенка","home":"Домашен","work":"Работен","personal":"Личен","faxHome":"Домашен факс","faxOffice":"Факс во канцеларија","faxOther":"Факс - друго","another":"Друго","other":"Друго","current":"Моментална","itemWithLabel":"{{label}}, {{item}}","exit":"Излез","expand":"Прошири","labelName":"Име:","labelLastName":"Презиме:","labelPhoneNumber":"Телефонски број:","labelCarrier":"Добавувач:","labelEmail":"Е-пошта:","labelStreet":"Улица:","labelZip":"Поштенски код:","labelCity":"Град:","labelCountry":"Држава:","labelComment":"Коментар:","legendTitleMain":"Главни информации","legendPhones":"Телефонски броеви","legendEmail":"Адреса за е-пошта","legendAddress":"Адреса","transferContactsTitle":"Пренос на контакти","importContactsTitle":"Увоз на контакти","importContactsButton":"Увези контакти","exportContactsTitle":"Извезување на контакти","exportContactsButton":"Извези контакти","exportContactsAction":"Извези","simExport-title":"Извоз на SIM","sdExport-title":"Извоз на SD картичка","btExport-title":"Извоз преку Bluetooth","sdUMSEnabled":"Не може да се користи SD картичка бидејќи е овозможено складиштето на USB","exportErrorTitle":"Грешка при извезување","contactsExported2":{"_index":["plural","exported"],"_":{"few":"{{exported}}/{{total}} извезени контакти","many":"{{exported}}/{{total}} извезени контакти","one":"{{exported}}/{{total}} извезен контакт","other":"{{exported}}/{{total}} извезени контакти","two":"{{exported}}/{{total}} извезени контакти","zero":"Нема извезени контакти"}},"exportError-general":"Се случија некои грешки при извезувањето","exportError-SD-shared":"Не можам да ѝ пристапам на мемориската картичка бидејќи е споделена","exportError-SD-unavailable":"Мемориската картичка не е достапна","exportError-SD-noSpace":"Нема доволно простор на мемориската картичка за извоз на контактите","exportError-SIM-unavailable":"SIM-картичката не е достапна","exportError-BT-shared":"Не можам да ѝ пристапам на мемориската картичка бидејќи е споделена","exportError-BT-unavailable":"Мемориската картичка не е достапна","exportError-BT-noSpace":"Нема доволно простор на мемориската картичка за да ги извезам контактите","simContacts-import":"Увези контакти од SIM","simContacts-importing":"Се увезуваат контакти од SIM…","simContacts-reading":"Читам од SIM картичка…","simContacts-error":"Не може да се увезат контакти од SIM","simContacts-imported3":{"_index":["plural","n"],"_":{"zero":"Нема контакти за увезување од SIM","one":"Увезен еден контакт","two":"Увезени {{n}} контакти","few":"Увезени {{n}} контакти","many":"Увезени {{n}} контакти","other":"Увезени {{n}} контакти"}},"noSimMsgExport":"Внесете ја или отклучете ја Вашата SIM картичка за да извезувате контакти","simNumber":"SIM {{number}}","memoryCardContacts-import":"Увези контакти од мемориска картичка","memoryCardContacts-importing":"Се увезуваат контакти од мемориската картичка…","memoryCardContacts-reading":"Читам од мемориската картичка…","memoryCardContacts-error":"Не можев да увезам контакти од мемориската картичка","memoryCardContacts-imported3":{"_index":["plural","n"],"_":{"few":"Увезов {{n}} контакти","many":"Увезов {{n}} контакти","one":"Увезов еден контакт","other":"Увезов {{n}} контакти","two":"Увезов {{n}} контакти","zero":"Не најдов контакти за увезување на мемориската картичка"}},"noMemoryCardMsgExport":"Внесете мемориска картичка за да извезувате контакти","genericProgress":"{{current}}/{{total}}","social-network":"Социјални мрежи","social-link":"Поврзи контакт","social-unlink":"Одврзи контакт","social-unlink-confirm-title":"Сакате да го одврзете Вашиот пријател?","social-unlink-confirm-accept":"Одврзи","facebook-import":"Увези пријатели од Facebook","show-fb-profile":"Види профил на Facebook","msg-send":"Пиши порака","wall-post":"Напис на ѕид","facebook-import-msg":{"_index":["plural","imported"],"_":{"zero":"Нема увезени пријатели (од вкупно {{total}})","one":"Еден увезен пријател (од вкупно {{total}})","two":"{{imported}}/{{total}} увезени пријатели","few":"{{imported}}/{{total}} увезени пријатели","many":"{{imported}}/{{total}} увезени пријатели","other":"{{imported}}/{{total}} увезени пријатели"}},"facebookSwitchMsg":"Синхронизирај пријатели","select_mobile":"Избери мобилен","select_email":"Избери е-пошта","contactsOrderBy":"Подреди по презиме","bluetooth":"Bluetooth","fbUpdateFriends":"Ажурирај увезени контакти","cleaningFbData":"Бришам податоци на Facebook","loggingOutFb":"Се одјавувам од Facebook","cleanFbConfirmMsg":"Да ги избришам сите податоци на Facebook?","renewPwdMsg":"Вашата лозинка на Facebook е променета. Ве молам, ажурирајте ја.","notEnabledYet":"Сѐ уште не е овозможено","genericNoConnection":"Поврзете се на Wi-Fi или на податочна мрежа за да увезете контакти","simCard":"SIM картичка","memoryCard":"Мемориска картичка","create-new":"Создај нов контакт","import-now":"Увезете ги Вашите контакти од SIM картичка или Facebook","no-contacts":"Нема контакти","start-adding":"Почнете со додавање сега","notImported":"Неувезени","imported":"Увезени","organise-contacts":"Организирај контакти","find-merge-contacts":"Најди контакти што се повторуваат","preparing-contacts":"Preparing contacts","exportError-SIM-NoFreeRecordFound":"SIM-картичката е полна","exportError-SIM-CannotAccessPhoneBook":"Не може да се пристапи на именикот од SIM-картичката","exportError-SIM-Unavailable":"Не е детектирана SIM","exportError-SIM-GenericError":"Се случи грешка при извоз на контакт","ContactManagementTitle":"Contacts Management","DeleteTitle":"Delete","bulkDeleteButton":"Delete Contacts","BulkDelCancel":"Contacts delete cancelled","DeletedTxt":{"_index":["plural","n"],"_":{"zero":"No Contact to Delete","one":"1 Contact removed","two":"{{n}} Contacts removed","few":"{{n}} Contacts removed","many":"{{n}} Contacts removed","other":"{{n}} Contacts removed"}},"DeletingContacts":"Deleting contacts","ContactConfirmDel":{"_index":["plural","n"],"_":{"zero":"No Contact to Delete","one":"Delete 1 Contact? This cannot be undone.","two":"Delete {{n}} Contacts? This cannot be undone.","few":"Delete {{n}} Contacts? This cannot be undone.","many":"Delete {{n}} Contacts? This cannot be undone.","other":"Delete {{n}} Contacts? This cannot be undone."}},"SelectedTxt":{"_index":["plural","n"],"_":{"zero":"Contacts","one":"{{n}} selected","two":"{{n}} selected","few":"{{n}} selected","many":"{{n}} selected","other":"{{n}} selected"}},"sim-picker-dial-via-with-number":"Сврти {{ phoneNumber }} од","sim-picker-select-sim":"Избери SIM","sim-picker-button":"SIM{{ n }}","sim-picker-button-default":"(default)","waitDuplicateContacts":"Се пребарува за дупли контакти","waitMergingDuplicateContacts":"Се спојуваат дуплите контакти","alertNoDuplicateContacts":"Нема дупли контакти","mergeDuplicateTitle":"Спои дупликати","suggestedDuplicateContacts":"Можни дупли контакти за {{name}}","mergeActionButtonLabel":{"_index":["plural","n"],"_":{"zero":"Не беа избрани контакти","one":"Спои со {{n}} контакт","other":"Спои со {{n}} контакти"}},"duplicatesFoundTitle":"Дупли контакти","duplicatesFoundMessage":"{{name}} дупли информации во следниве контакти"}