{"brandShortName":"B2G OS","browserBrandShortName":"Pelayar Web","browserBrandFullName":"Pelayar Web Mozilla","back":"Undur","noSimMsg":"Untuk mengimport kenalan masukkan atau buka kunci kad SIM anda","noMemoryCardMsg":"Untuk mengimport kenalan masukkan kad memori","importMemoryCard":"Kad memori","noConnection11":"Untuk mengimport kenalan atau rakan Facebook sambung ke Wi-Fi atau jaringan data","pincode2":"Masukkan kod PIN","type_pin":"Taip kod PIN anda","pincodeLabel":"SIM {{n}} PIN","pinValidation":"PIN harus mempunyai antara 4 dan 8 aksara.","pinError":"PIN salah.","pinAttemptMsg2":{"_index":["plural","n"],"_":{"one":"Anda mempunyai satu cubaan berbaki untuk memasukkan kod yang betul sebelum mengunci kad SIM.","two":"Anda mempunyai {{n}} cubaan berbaki untuk memasukkan kod yang betul sebelum mengunci kad SIM.","few":"Anda mempunyai {{n}} cubaan berbaki untuk memasukkan kod yang betul sebelum mengunci kad SIM.","many":"Anda mempunyai {{n}} cubaan berbaki untuk memasukkan kod yang betul sebelum mengunci kad SIM.","other":"Anda mempunyai {{n}} cubaan berbaki untuk memasukkan kod yang betul sebelum mengunci kad SIM."}},"pinLastChanceMsg":"Ini adalah peluang terakhir anda untuk memasukkan PIN yang betul. Jika tidak, anda harus memasukkan kod PUK untuk menggunakan kad SIM ini.","pukcode":"Masukkan kod PUK","pukcodeTitle":"Masukkan SIM {{n}} PUK","pukcodeLabel":"SIM {{n}} PUK","type_puk":"Kod PUK","pukValidation":"Kod PUK mesti mempunyai 8 karakter.","pukInfo":"Anda mestilah memasukkan Kod Kunci Pembuka Peribadi (PUK) untuk kad SIM. Rujuk dokumentasi kad SIM anda atau hubungi operator anda untuk maklumat lanjut.","pukError":"PUK salah.","pukAttemptMsg2":{"_index":["plural","n"],"_":{"one":"Anda mempunyai satu cubaan berbaki untuk memasukkan kod yang betul sebelum kad SIM ini tidak boleh digunakan secara kekal. Rujuk dokumentasi kad SIM anda atau hubungi operator anda untuk maklumat lanjut.","two":"Anda mempunyai {{n}} cubaan berbaki untuk memasukkan kod yang betul sebelum kad SIM ini tidak boleh digunakan secara kekal. Rujuk dokumentasi kad SIM anda atau hubungi operator anda untuk maklumat lanjut.","few":"Anda mempunyai {{n}} cubaan berbaki untuk memasukkan kod yang betul sebelum kad SIM ini tidak boleh digunakan secara kekal. Rujuk dokumentasi kad SIM anda atau hubungi operator anda untuk maklumat lanjut.","many":"Anda mempunyai {{n}} cubaan berbaki untuk memasukkan kod yang betul sebelum kad SIM ini tidak boleh digunakan secara kekal. Rujuk dokumentasi kad SIM anda atau hubungi operator anda untuk maklumat lanjut.","other":"Anda mempunyai {{n}} cubaan berbaki untuk memasukkan kod yang betul sebelum kad SIM ini tidak boleh digunakan secara kekal. Rujuk dokumentasi kad SIM anda atau hubungi operator anda untuk maklumat lanjut."}},"pukLastChanceMsg":"Ini adalah peluang terakhir anda untuk memasukkan kod PUK yang betul. Kad SIM anda akan kekal tidak boleh digunakan jika kod PUK salah.","create_newpin":"Cipta PIN baru (4 hingga 8 digit)","confirm_newpin":"Sahkan PIN baru","newpinConfirmation":"PIN tidak padan","nckcode":"Masukkan kod NCK","cckcode":"Masukkan kod CCK","spckcode":"Masukkan kod SPCK","nck1code":"Enter NCK1 code","nck2code":"Enter NCK2 code","hnckcode":"Enter HNCK code","rcckcode":"Enter RCCK code","rspckcode":"Enter RSPCK code","nckcodeTitle":"Masukkan SIM {{n}} NCK","cckcodeTitle":"Masukkan SIM {{n}} CCK","spckcodeTitle":"Masukkan SIM {{n}} SPCK","nck1codeTitle":"Enter SIM {{n}} NCK1","nck2codeTitle":"Enter SIM {{n}} NCK2","hnckcodeTitle":"Enter SIM {{n}} HNCK","rcckcodeTitle":"Enter SIM {{n}} RCCK","rspckcodeTitle":"Enter SIM {{n}} RSPCK","nckcodeLabel":"SIM {{n}} NCK","cckcodeLabel":"SIM {{n}} CCK","spckcodeLabel":"SIM {{n}} SPCK","nck1codeLabel":"SIM {{n}} NCK1","nck2codeLabel":"SIM {{n}} NCK2","hnckcodeLabel":"SIM {{n}} HNCK","rcckcodeLabel":"SIM {{n}} RCCK","rspckcodeLabel":"SIM {{n}} RSPCK","type_nck":"Taip kod NCK anda","type_cck":"Taip kod CCK anda","type_spck":"Taip kod SPCK anda","type_nck1":"Type your NCK1 code","type_nck2":"Type your NCK2 code","type_hnck":"Type your HNCK code","type_rcck":"Type your RCCK code","type_rspck":"Type your RSPCK code","nckValidation":"NCK mestilah mempunyai antara 8 dan 16 aksara.","cckValidation":"CCK mestilah mempunyai antara 8 dan 16 aksara.","spckValidation":"SPCK mestilah mempunyai antara 8 dan 16 aksara.","nck1Validation":"NCK1 must have between 8 and 16 characters.","nck2Validation":"NCK2 must have between 8 and 16 characters.","hnckValidation":"HNCK must have between 8 and 16 characters.","rcckValidation":"RCCK must have between 8 and 16 characters.","rspckValidation":"RSPCK must have between 8 and 16 characters.","nckErrorMsg":"Kod NCK tidak sah.","nckAttemptMsg2":{"_index":["plural","n"],"_":{"one":"Kegagalan permintaan rangkaian depersonalisasi. Anda mempunyai satu cubaan berbaki untuk memasukkan kod yang betul. Lihat dokumentasi peranti atau hubungi operator anda untuk maklumat lanjut.","two":"Kegagalan permintaan rangkaian depersonalisasi. Anda mempunyai {{n}} cubaan berbaki untuk memasukkan kod yang betul. Lihat dokumentasi peranti atau hubungi operator anda untuk maklumat.","few":"Kegagalan permintaan rangkaian depersonalisasi. Anda mempunyai {{n}} cubaan berbaki untuk memasukkan kod yang betul. Lihat dokumentasi peranti atau hubungi operator anda untuk maklumat.","many":"Kegagalan permintaan rangkaian depersonalisasi. Anda mempunyai {{n}} cubaan berbaki untuk memasukkan kod yang betul. Lihat dokumentasi peranti atau hubungi operator anda untuk maklumat.","other":"Kegagalan permintaan rangkaian depersonalisasi. Anda mempunyai {{n}} cubaan berbaki untuk memasukkan kod yang betul. Lihat dokumentasi peranti atau hubungi operator anda untuk maklumat."}},"nckLastChanceMsg":"Kegagalan permintaan rangkaian depersonalisasi. Peluang terakhir untuk memasukkan kod NCK yang betul. Lihat dokumentasi peranti atau hubungi operator anda untuk maklumat lanjut.","skip":"Langkau","send":"Hantar","ok":"OK","simLocked":"Kad SIM terkunci","inputCodeRetriesLeft":{"_index":["plural","n"],"_":{"one":"Cubaan terakhir.","two":"{{n}} cubaan berbaki.","few":"{{n}} cubaan berbaki.","many":"{{n}} cubaan berbaki.","other":"{{n}} cubaan berbaki."}},"simManager":"Pengurus SIM","simDetail":"SIM {{n}}","simDefault":"(lalai)","simDefaultMessage":"Panggilan, mesej keluar dan sambungan data ditetapkan pada SIM 1 sebagai lalai","simSettingsMessage":"Anda boleh mengubah tetapan lalai pada Tetapan > Pengurus SIM","simPinLocked":"PIN SIM dikunci","noOperator":"Tiada operator","language":"Bahasa","english":"Inggeris","dvorak":"Inggeris (Dvorak)","spanish":"Sepanyol","portuguese":"Portugis Brazil","french":"Perancis","italian":"Itali","arabic":"Arab","greek":"Greek","hebrew":"Ibrani","jp-kanji":"Jepun","jp-kanji-desc":"Kanji","traditionalChinese":"Cina Tradisional","traditionalChinese-desc":"Zhuyin","simplifiedChinese":"Cina Dipermudah","simplifiedChinese-desc":"Pinyin","3g":"Data Selular","dataConnection":"Hidupkan Data","dataConnectionInfo":"Menghidupkan sambungan data kini akan membolehkan anda untuk menyediakan telefon anda tanpa sambungan Wi-Fi. Anda juga boleh menghidupkannya kemudian dalam Tetapan. Hanya pastikan yang anda mempunyai pelan data dengan operator anda untuk mengelakkan caj yang berpotensi besar.","caution":"Amaran","geolocation":"Geolokasi","geolocationCheckbox":"Hidupkan Geolokasi","geolocationInfo2":"{{brandShortName}} menggunakan data seperti GPS, Wi-Fi, dan rangkaian mudah alih yang berdekatan dengan anda untuk membantu menentukan lokasi anggaran anda.","geolocationInfoMore":"Data dihantar ke Mozilla dan penyedia perkhidmatan yang lain dan akan digunakan dalam agregat untuk memperbaiki pangkalan data lokasi berkenaan. Data boleh disimpan pada peranti anda dan pengumpulan data boleh berlaku walaupun tiada aplikasi yang berjalan.","notice":"Notis","aboutYourPrivacy":"Lebih lagi perihal privasi anda","wifi":"Wi-Fi","scanningNetworks":"Mengimbas jaringan","selectNetwork":"Pilih jaringan","shortStatus-connecting":"Menyambung...","shortStatus-associated":"Mendapatkan alamat IP...","shortStatus-connected":"Tersambung","shortStatus-connectingfailed":"Sambungan gagal","shortStatus-disconnected":"Luar Talian","securedBy":"dijamin oleh {{capabilities}}","security":"Keselamatan","securityNone":"Tiada","securityWEP":"WEP","securityWPA-PSK":"WPA-PSK","securityWPA-EAP":"WPA-EAP","securityOpen":"Buka","identity":"Pengguna","identityInput":{"placeholder":"Pengguna"},"password":"Kata laluan","passwordInput":{"placeholder":"Kata laluan"},"showPassword":"Tunjuk Kata Laluan","refresh":"Ulang segar","noWifiFound3":"Tiada jaringan tanpa wayar dijumpai","join-hidden-button":"Sertai rangkaian tersembunyi","authentication":"Pengesahan","ssid-name":"Nama Rangkaian SSID","dateAndTime":"Tarikh & Masa","setTimeAutomatically":"Set secara automatik","timezoneMessage":"Zon waktu","timezoneTitle":"UTC{{utcOffset}} {{region}}/{{city}}","dateMessage":"Tarikh","timeMessage":"Masa","timeZone":"Zon masa","change":"Ubah","importContacts3":"Import kenalan","importSim2":"Kad SIM","importFb2":"Facebook","importOutlook":"Outlook","importGmail":"Gmail","fb-checking":"...memeriksa","notImportedYet":"Belum diimport","otherAccount":"Akaun lain","mobile":"Mobil","afterFbImport":"Anda boleh mengimport dan sunting teman Facebook bila-bila masa dalam tetapan Kenalan","firefox-accounts":"Firefox Accounts","fxa-overview":{"innerHTML":"A Firefox Account lets you use features like Find My Device and apps like the Firefox Marketplace."},"fxa-create-account-or-sign-in":"Create Account or Sign In","fxa-email-sent":"A verification link has been sent to {{email}}","about-your-rights-0":"{{brandShortName}} dibina pada perisian sumber terbuka dan bebas oleh komuniti ribuan orang dari serata dunia. Terdapat beberapa perkata yang anda perlu tahu:","about-your-rights-1":"{{brandShortName}} dibina untuk anda dibawah terma  beberapa lesen sumber terbuka termasuk Lesen Awam Mozilla. Peranti yang mnggunakan {{brandShortName}} boleh juga mengandungi perisian tertutup daripada pihak ketida. Sebarang kod yang disediakan di bawah lesen terbuka memberikan andan hak untuk mengubah kod sumber dan mengagihkan versi diubahsuai selagi anda anda mematuhi termanya.","about-your-rights-2":"Anda tidak diberikan sebarang hak tanda dagang atau lesen kepada tanda dagang Yayasan Mozilla atau mana-mana pihak, termasuk tanpa had nama dan logo {{brandShortName}}.","about-your-rights-3":"Beberapa ciri dalam {{brandShortName}}, seperti Pelapor Nahas, memberi anda pilihan untuk menyediakan maklumbalas kepada Mozilla. Dengan memilih untuk hantar maklumbalas, anda memberi Mozilla kebenaran untuk menggunakan maklumbalas bagi menambahbaik produknya, untuk menghantar maklumbalas kepada laman webnya, dan juga mengagihkan maklumbalas.","about-other":"Lain-lain","SIM_mandatory":"Amaran Kad SIM","SIM_mandatory_warm":"Sila masukkaan kad SIM dan ulang mula telefon anda.","sharing-performance-data":"Kongsi Data Prestasi","telemetry-sends":"Telemetri menghantar data Mozilla tentang prestasi, perkakasan, konfigurasi dan penyesuaian pada peranti {{brandShortName}} anda. Kami menggunakannya bagi menjadikan produk kami lebih baik, lebih pantas dan lebih merespon.","learn-more-telemetry":{"innerHTML":"Learn more at {{link}}"},"learn-more-information":{"innerHTML":"Learn how Mozilla handles your information at {{link}}"},"welcomeBrowser":"Selamat datang ke {{brandShortName}}, sebuah sistem operasi sumber terbuka dan bebas daripada Mozilla. Misi kami adalah untuk mempromosikan keterbukaan, inovasi dan peluang dengan mengekalkan kuasa Web di tangan anda.","learn-more-privacy":{"innerHTML":"Learn how Mozilla handles your information in our {{link}}."},"learn-more-privacy-link":"privacy policy","aboutBrowser":"Perihal {{brandShortName}}","aboutYourPrivacy2":"Privasi Anda","mozillaCommunity2":"Apabila anda menggunakan {{brandShortName}}, anda menjadi sebahagian daripada komuniti global yang membantu untuk membina masa depan Web yang cerah. Jika anda ingin mengetahui lebih lanjut perihal komuniti Mozilla, produk lain kami dan acara berdekatan anda, sila masukkan alamat email anda di bawah.","collaborate":"Saya ingin membantu memuatnaik taraf {{brandShortName}} dengan berkongsi data tentang telefon saya.","learnMore":"Ketahui lanjut.","emailAddress":{"placeholder":"Alamat emel"},"email-successfully-added":"Emel berjaya ditambah","email-loading":"Menyimpan emel anda…","browserPrivacyChoices":"{{brandShortName}} Pilihan Privasi","privacy-b2g":{"_":"{{brandShortName}}","title":"{{brandShortName}}"},"privacy-marketplace":{"_":"Marketplace","title":"{{privacy-marketplace}}"},"privacy-e-me":{"_":"everything.me","title":"{{privacy-e-me}}"},"navbar-back":"Undur","navbar-next":"Maju","navbar-join":"Sertai","thatsIt":"Itu sahaja!","startYourPhone":"Mulakan perjalanan telefon anda!","startYourTablet":"Mulakan perjalanan tablet anda!","joinTutorial":"Sertai kami untuk tutorial ringkas perihal telefon baharu anda.","enjoyYourPhone":"Anda sudah sedia menikmati telefon baharu anda.","optionsAvailable":"Anda boleh menukar bahasa, tarikh/masa dan sambungan Wi-Fi dalam tetapan.","letsGo":"Mari","startTour":"Mulakan perjalanan","thatsIt1Tablet-2":"Anda sentiasa boleh leret daripada hujung bawah untuk memasuki skrin utama.","thatsIt2Tablet-2":"Mari lakukannya !","tutorial-step1-tiny":"Leret daripada kanan ke kiti untuk melayari app anda.","tutorial-step2-tiny":"Tap dan berpegang pada ikon untuk menghapus atau memindahkannya.","tutorial-step3-tiny":"Masukkan sebarang kata kunci atau topik dan telefon anda akan segera menyesuaikannya.","tutorial-step4-tiny":"Leret bawah untuk mencapai notis kebelakangan, maklumat kredit dan tetapan.","tutorial-step5-tiny":"Tap dan pegang butang utama untuk melayari dan tutup app kebelakangan.","tutorial-step6-tiny":"Leret dari sisi skrin untuk memindahkan dan mengembalikan antara app kebelakangan.","tutorial-step1-large-2":"Leret bawah untuk mencapai notis kebelakangan, maklumat kredit dan tetapan.","tutorial-step2-large-2":"Leret ke kiri atau ke kanan untuk mempelopori aplikasi baru pada laman utama.","tutorial-step3-large-2":"Tap dan berpegang pada ikon untuk menghapus atau memindahkannya.","tutorial-step4-large-2":"Leret dua jari atas ke hujung bawah untuk memicu pandangan kad.","offline-dialog-title":"Anda mesti menyambung kepada Internet untuk melihat laman.","offline-dialog-text":"Sila kembali dan sambung ke Internet. Anda boleh juga melihat laman kemudian daripada Tetapan atau memasukkan {{url}} dalam mana-mana pelayar.","OK":"OK","offline-newsletter-dialog-title":"Anda mesti menyambung kepada Internet untuk melanggan surat khabar.","offline-newsletter-dialog-text":"Sila kembali dan sambung ke Internet.","invalid-email-dialog-title":"Alamat email anda tidah sah","invalid-email-dialog-text":"Sila kembali dan betulkan masukan anda.","cancel":"Batal","weekday-0-long":"Ahad","weekday-1-long":"Isnin","weekday-2-long":"Selasa","weekday-3-long":"Rabu","weekday-4-long":"Khamis","weekday-5-long":"Jumaat","weekday-6-long":"Sabtu","weekday-0-short":"Ahad","weekday-1-short":"Isnin","weekday-2-short":"Selasa","weekday-3-short":"Rabu","weekday-4-short":"Khamis","weekday-5-short":"Jumaat","weekday-6-short":"Sabtu","month-0-long":"Januari","month-1-long":"Februari","month-2-long":"Mac","month-3-long":"April","month-4-long":"Mei","month-5-long":"Jun","month-6-long":"Julai","month-7-long":"Ogos","month-8-long":"September","month-9-long":"Oktober","month-10-long":"November","month-11-long":"Disember","month-0-genitive":"Januari","month-1-genitive":"Februari","month-2-genitive":"Mac","month-3-genitive":"April","month-4-genitive":"Mei","month-5-genitive":"Jun","month-6-genitive":"Julai","month-7-genitive":"Ogos","month-8-genitive":"September","month-9-genitive":"Oktober","month-10-genitive":"November","month-11-genitive":"Disember","month-0-short":"Jan","month-1-short":"Feb","month-2-short":"Mac","month-3-short":"Apr","month-4-short":"Mei","month-5-short":"Jun","month-6-short":"Jul","month-7-short":"Ogos","month-8-short":"Sep","month-9-short":"Okt","month-10-short":"Nov","month-11-short":"Dis","minutes-ago-long":{"_index":["plural","value"],"_":{"zero":"sebentar tadi","one":"satu minit lalu","two":"{{value}} minit lalu","few":"{{value}} minit lalu","many":"{{value}} minit lalu","other":"{{value}} minit lalu"}},"hours-ago-long":{"_index":["plural","value"],"_":{"zero":"sebentar tadi","one":"sejam yang lalu","two":"{{value}} jam lalu","few":"{{value}} jam lalu","many":"{{value}} jam lalu","other":"{{value}} jam lalu"}},"days-ago-long":{"_index":["plural","value"],"_":{"zero":"hari ini","one":"semalam","two":"{{value}} hari lalu","few":"{{value}} hari lalu","many":"{{value}} hari lalu","other":"{{value}} hari lalu"}},"weeks-ago-long":{"_index":["plural","value"],"_":{"zero":"minggu ini","one":"minggu lalu","two":"{{value}} minggu lalu","few":"{{value}} minggu lalu","many":"{{value}} minggu lalu","other":"{{value}} minggu lalu"}},"months-ago-long":{"_index":["plural","value"],"_":{"zero":"bulan ini","one":"bulan lalu","two":"{{value}} bulan lalu","few":"{{value}} bulan lalu","many":"{{value}} minit lalu","other":"{{value}} minit lalu"}},"years-ago-long":{"_index":["plural","value"],"_":{"zero":"tahun ini","one":"tahun lalu","two":"{{value}} tahun lalu","few":"{{value}} tahun lalu","many":"{{value}} tahun lalu","other":"{{value}} tahun lalu"}},"minutes-until-long":{"_index":["plural","value"],"_":{"zero":"sekarang","one":"dalam satu minit","two":"dalam {{value}} minit","few":"dalam {{value}} minit","many":"dalam {{value}} minit","other":"dalam {{value}} minit"}},"hours-until-long":{"_index":["plural","value"],"_":{"zero":"sekarang","one":"dalam satu jam","two":"dalam {{value}} jam","few":"dalam {{value}} jam","many":"dalam {{value}} jam","other":"dalam {{value}} jam"}},"days-until-long":{"_index":["plural","value"],"_":{"zero":"hari ini","one":"esok","two":"dalam {{value}} hari","few":"dalam {{value}} hari","many":"dalam {{value}} hari","other":"dalam {{value}} hari"}},"weeks-until-long":{"_index":["plural","value"],"_":{"zero":"minggu ini","one":"minggu depan","two":"dalam {{value}} minggu","few":"dalam {{value}} minggu","many":"dalam {{value}} minggu","other":"dalam {{value}} minggu"}},"months-until-long":{"_index":["plural","value"],"_":{"zero":"bulan ini","one":"bulan depan","two":"dalam {{value}} bulan","few":"dalam {{value}} bulan","many":"dalam {{value}} bulan","other":"dalam {{value}} bulan"}},"years-until-long":{"_index":["plural","value"],"_":{"zero":"tahun ini","one":"tahun depan","two":"dalam {{value}} tahun","few":"dalam {{value}} tahun","many":"dalam {{value}} tahun","other":"dalam {{value}} tahun"}},"minutes-ago-short":{"_index":["plural","value"],"_":{"zero":"sebentar tadi","other":"{{value}} minit lalu"}},"hours-ago-short":{"_index":["plural","value"],"_":{"zero":"sebentar tadi","other":"{{value}} jam lalu"}},"days-ago-short":{"_index":["plural","value"],"_":{"zero":"hari ini","other":"{{value}} hari lalu"}},"minutes-until-short":{"_index":["plural","value"],"_":{"zero":"sekarang","other":"dalam {{value}} minit"}},"hours-until-short":{"_index":["plural","value"],"_":{"zero":"sekarang","other":"dalam {{value}} jam"}},"days-until-short":{"_index":["plural","value"],"_":{"zero":"hari ini","other":"dalam {{value}} hari"}},"incorrectDate":"(tarikh tidak betul)","dateTimeFormat_%c":"%a %b %e %Y %I:%M:%S %p","dateTimeFormat_%x":"%m/%d/%Y","dateTimeFormat_%X":"%I:%M:%S %p","shortTimeFormat":"%I:%M %p","shortDateTimeFormat":"%x %I:%M %p","weekStartsOnMonday":"0","time_am":"PG","time_pm":"PTG","tz-region":"Wilayah","tz-city":"Bandar","tzRegion-Africa":"Afrika","tzRegion-America":"Amerika","tzRegion-Antarctica":"Antartika","tzRegion-Asia":"Asia","tzRegion-Atlantic":"Lautan Atlantik","tzRegion-Australia":"Australia","tzRegion-Europe":"Eropah","tzRegion-Indian":"Lautan India","tzRegion-Pacific":"Lautan Pasifik","close":"Close","import":"Import","update":"Update","fbFriends":"Facebook Friends","live-serviceName":"Outlook","gmail-serviceName":"Gmail","facebook-serviceName":"Facebook Friends","selectAll":"Select all","deselectAll":"Deselect all","viewAll":"View All Facebook Friends","viewRecommend":"View Only Recommended","linkProposal":{"_index":["plural","numFriends"],"_":{"zero":"No matching friends. Showing all","one":"Select the recommended one","two":"Select a recommended one","few":"Select a recommended one","many":"Select a recommended one","other":"Select a recommended one"}},"fbFriendsFound":{"_index":["plural","numFriends"],"_":{"zero":"All your friends are imported","one":"Found one friend to import","two":"Found {{numFriends}} friends to import","few":"Found {{numFriends}} friends to import","many":"Found {{numFriends}} friends to import","other":"Found {{numFriends}} friends to import"}},"facebook":"Facebook","search-contact":{"placeholder":"Search"},"noResults":"No contacts found","done-search":"Done","progressFB3ImportTitle":"Importing friends to Contacts","progressFB":"{{current}}/{{total}}","progressFB3UpdateTitle":"Updating friends in Contacts","message2":"This may take a couple of minutes","messageLinking":"Please hold on. We are linking your friend and your contact.","messageCanceling":"Please hold on. We are canceling the ongoing operation.","error1":"Error {{from}}","error2":"Do you want to retry?","errorProposal":"calculating proposals","errorFriends":"retrieving friends","errorLinking":"linking contact","timeout1":"Exceeded timeout {{from}}","timeout2":"Do you want to retry?","timeoutProposal":"calculating proposals","timeoutFriends":"retrieving friends","timeoutLinking":"linking contacts","wait1":"Please hold on","wait2":"This may take a couple of minutes","waitProposal":"Please hold on. We are calculating a proposal.","waitFriends":"Please hold on. We are connecting to obtain your friend list.","curtainCancel":"Cancel","curtainRetry":"Retry","curtainOK":"OK","connectionLost":"No Internet connection","connectionLostMsg":"Friends’ photos will not be added to your contacts. Continue anyway?","yesOption":"OK","noOption":"Cancel","friendsUpdated":{"_index":["plural","numFriends"],"_":{"zero":"No friends updated","one":"Updated one friend","two":"Updated {{numFriends}} friends","few":"Updated {{numFriends}} friends","many":"Updated {{numFriends}} friends","other":"Updated {{numFriends}} friends"}},"notificationLogin":"Your Facebook session is invalid. Please sign in.","syncError":"There was an error synchronizing your friend’s data","callAirplaneModeMessage":"Untuk membuat panggilan anda perlu matikan mod pesawat pada tetapan.","callAirplaneModeBtnOk":"OK","callAirplaneModeTitle":"Mod pesawat diaktifkan","numberIsBusyTitle":"Nombor sedang sibuk","numberIsBusyMessage":"Nombor sedang sibuk. Sila cuba lagi kemudian.","fdnIsActiveTitle":"FDN active","fdnIsActiveMessage":"FDN (Fixed Dialing Numbers) is activated and the following number is not in your FDN list: {{ number }}","voiceMail":"Mel suara","emergencyNumber":"Nombor kecemasan","emergencyDialogBodyBadNumber":"Untuk membuat panggilan, telefon mesti disambungkan ke rangkaian.","emergencyDialogBodyDeviceNotAccepted":"Panggilan kecemasan tidak dibenarkan oleh rangkaian.","emergencyDialogBtnOk":"OK","emergencyDialogTitle":"Tiada sambungan rangkaian","invalidNumberToDialTitle":"Nombor telefon tidak sah","invalidNumberToDialMessage":"Nombor telefon yang anda dail tidak sah.","unableToCallTitle":"Tidak dapat membuat panggilan telefon sekarang","unableToCallMessage":"Tidak dapat membuat panggilan. Jika anda sedang mendail, sila letakkan dahulu.","otherConnectionInUseTitle":"SIM{{ n }}","otherConnectionInUseMessage":"Anda mempunyai panggilan aktif pada sambungan yang lain. Anda hanya boleh menggunakan satu sambungan pada satu masa.","addNewNumber":"Add new number","addToExistingContact":"Tambah kepada kenalan sedia ada","all":"Semua","asterisk":{"ariaLabel":"Asterisk"},"callLog":"Log panggilan","callLogEdit":{"title":"Edit call log"},"callLogEditDialog":{"ariaLabel":"Edit call log dialog"},"connecting":"Menyambungkan","cf-async":"Asynchronous: {{ async }}\\n","cf-data":"Data: {{ data }}\\n","cf-error":"Ralat berlaku ketika menerima status panggilan teraju ","cf-fax":"FAX: {{ fax }}\\n","cf-inactive":"Tidak aktif","cf-packet":"Paket: {{ paket }}\\n","cf-pad":"PAD: {{ pad }}\\n","cf-sms":"SMS: {{ sms }}\\n","cf-status":"Status panggilan teraju\\n","cf-sync":"Synchronous: {{ sync }}\\n","cf-voice":"Suara: {{ voice }}\\n","confirm-deletion":"Lapangkan panggilan yang dipilih?","contacts":"Kenalan","createNewContact":"Cipta kenalan baru","delete":"Delete","dialerAddContact":{"ariaLabel":"Add contact"},"dialerAddContactDialog":{"ariaLabel":"Add Contact Dialog"},"edit-selected":{"_index":["plural","n"],"_":{"one":"{{ n }} dipilih","two":"{{ n }} dipilih","few":"{{ n }} dipilih","many":"{{ n }} dipilih","other":"{{ n }} dipilih"}},"edit":"Sunting","hashSign":{"ariaLabel":"Hash sign"},"hideKeypad":{"ariaLabel":"Hide keypad"},"ignore":"Abaikan Panggilan","incoming":"Masuk","keypad":{"ariaLabel":"Keypad"},"keypadDelete":{"ariaLabel":"Delete"},"makeCall":{"ariaLabel":"Make call"},"merge":"Gabung","missed":"Terlepas","missedCall":"Terlepas panggilan","missedCallMultiSims":"(SIM {{ n }}) Panggilan terlepas","mmi-error":"Ralat berlaku semasa menghantar mesej","mmi-session-expired":"Sesi tamat","mmi-successfully-sent":"Mesej berjaya dihantar","mute":{"ariaLabel":"Mute"},"newCall":{"ariaLabel":"New call"},"no-logs-msg-1":"Tiada panggilan yang direkodkan","no-logs-msg-2":"Mula berkomunikasi sekarang","no-logs-msg-3":"Tiada panggilan tidak dijawab","phoneNumberInput":{"ariaLabel":"Phone number"},"recents":{"ariaLabel":"Recent calls"},"reply":"Balas","switch-calls":"Tukar panggilan","today":"Hari ini","voiceMailKey":{"ariaLabel":"Voicemail"},"withheld-number":"Nombor rahsia","from-contact":"Dari {{ contact }}","from-number":"Dari {{ number }}","from-withheld-number":"Dari nombor rahsia","yesterday":"Semalam","sending":"Menghantar…","speakerOption":{"ariaLabel":"Speaker"},"ussd-services":"{{ operator }} perkhidmatan","toggleKeypad":{"ariaLabel":"Toggle keypad"},"type-your-response":{"placeholder":"Taipkan respon anda..."},"clear-all-text":"Padam semua teks","hide":"Sorok","call":"Panggil","hold":"Tunggu","resume":"Sambung","sendSms":"Hantar Mesej","callEnded":"Panggilan Ditamatkan","via-sim":"via SIM{{ n }}","sim-number":"SIM{{ n }}","hangup-a11y-button":{"aria-label":"Letak Gagang"},"pickup-a11y-button":{"aria-label":"Angkat"},"unlock-a11y-button":{"aria-label":"Gelangsar"},"settings":"Tetapan","delete-n-log?":{"_index":["plural","n"],"_":{"zero":"Tiada yang dipilih","one":"Hapus log yang dipilih?","two":"Hapus {{ n }} log?","few":"Hapus {{ n }} log?","many":"Hapus {{ n }} log?","other":"Hapus {{ n }} log?"}},"callDurationMinutes":"{{ m }}:{{ s }}","callDurationHours":"{{ h }}:{{ m }}:{{ s}}","suggestionMatches":{"_index":["plural","n"],"_":{"one":"{{ n }} padanan untuk \"{{ matchNumber }}\"","two":"{{ n }} padanan untuk \"{{ matchNumber }}\"","few":"{{ n }} padanan untuk \"{{ matchNumber }}\"","many":"{{ n }} padanan untuk \"{{ matchNumber }}\"","other":"{{ n }} padanan untuk \"{{ matchNumber }}\""}},"scCallBarring":"Menyekat panggilan","scCallForwarding":"Mengajukan panggilan","scClip":"ID Pemanggil Masuk","scClir":"ID Pemanggil Keluar","scPwd":"Tukar kata laluan","scCallWaiting":"Panggilan menunggu","scPin":"Tukar PIN","scPin2":"Tukar PIN2","scPuk":"Nyahsekat PIN","scPuk2":"Nyahsekat PIN2","scImei":"IMEI","scUssd":"USSD","serviceClassVoice":"Suara","serviceClassData":"Data","serviceClassFax":"FAKS","serviceClassSms":"SMS","serviceClassDataSync":"Sync","serviceClassDataAsync":"Async","serviceClassPacket":"Paket","serviceClassPad":"PAD","smServiceEnabled":"Servis telah dibolehkan","smServiceDisabled":"Servis telah dilumpuhkan","smServiceRegistered":"Pendaftaran telah berjaya","smServiceErased":"Pemadaman telah berjaya","smServiceInterrogated":"Permintaan telah berjaya","smServiceNotProvisioned":"Servis tidak diperuntukkan","smClirPermanent":"Anda tidak boleh menukar tetapan ID pemanggil","smClirDefaultOnNextCallOn":"ID pemanggil secara lalainya dihadkan. Panggilan seterusnya: Terhad","smClirDefaultOnNextCallOff":"ID pemanggil secara lalainya dihadkan. Panggilan seterusnya: Tidak terhad","smClirDefaultOffNextCallOn":"ID pemanggil secara lalainya tidak terhad. Panggilan seterusnya: Terhad","smClirDefaultOffNextCallOff":"ID pemanggil secara lalainya tidak terhad. Panggilan seterusnya: Tidak terhad","smServiceEnabledFor":"Servis telah dihidupkan untuk:","smPinChanged":"PIN berjaya diubah","smPinUnblocked":"PIN berjaya dinyahsekat","smPin2Changed":"PIN2 berjaya diubah","smPin2Unblocked":"PIN2 berjaya dinyahsekat","emMmiError":"Masalah sambungan atau kod MMI tidak sah","emMmiErrorPasswordIncorrect":"Katalaluan Salah","emMmiErrorNotSupported":"Kod MMI Tidak Sah atau Tidak Disokong","emMmiErrorInvalidAction":"Tindakan yang tidak sah","emMmiErrorInvalidScCode":"Kod servis tidak sah","emMmiErrorBadPuk":"PUK yang anda taip tidak betul","emMmiErrorBadPin":"PIN lama yang anda taip tidak betul.","emMmiErrorNeedPuk2":"Taip PUK2 untuk nyahsekat kad SIM","emMmiErrorMismatchPin":"PIN yang ada taip tidak sepadan","emMmiErrorInvalidPin":"Taip PIN yang terdiri dari 4 ke 8 angka","emMmiErrorNeedsPuk":"Kad SIM anda dikunci dengan PUK","emMmiErrorEnablePin":"Tidak berjaya. Hidupkan SIM/RUIM LOCK","emMmiErrorMmiFdn":"Operasi dihadkan kepada nombor dailan tetap sahaja","emMmiErrorStkCcUssdDial":"Permintaan USSD telah diubahsuai kepada permintaan DIAL","emMmiErrorStkCcUssdSs":"Permintaan USSD telah diubahsuai kepada permintaan SS","emMmiErrorStkCcUssdUssd":"Permintaan USSD telah diubahsuai kepada permintaan USSD baru","emMmiErrorStkCcSsDial":"Permintaan SS telah diubahsuai kepada permintaan DIAL","emMmiErrorStkCcSsUssd":"Permintaan SS telah diubahsuai kepada permintaan USSD","emMmiErrorStkCcSsSs":"Permintaan SS telah diubahsuai kepada permintaan SS baru","emMmiErrorPinPukAttempts":{"_index":["plural","n"],"_":{"one":"Hanya {{ n }} cubaan berbaki","two":"{{ n }} cubaan berbaki","few":"{{ n }} cubaan berbaki","many":"{{ n }} cubaan berbaki","other":"{{ n }} cubaan berbaki"}},"emMmiErrorSimBlocked":"Bilangan maksimum cubaan semula telah terlebih. SIM disekat","RadioNotAvailable":"Radio tidak tersedia","GenericFailure":"Kegagalan generik","PasswordIncorrect":"Katalaluan salah","SimPin2":"SIM PIN2","SimPuk2":"SIM PUK2","RequestNotSupported":"Permintaan tidak disokong","OpNotAllowedDuringVoiceCall":"Operasi tidak dibenarkan semasa panggilan suara","SmsSendFailRetry":"Cubaan semula menghantar SMS yang gagal","SimAbsent":"Tiada SIM","SubscriptionNotAvailable":"Langganan tidak tersedia","ModeNotSupported":"Mod tidak disokong","FdnCheckFailure":"Pemeriksaan Fdn gagal","IllegalSimOrMe":"SIM atau ME yang tidak sah","DialModifiedToUssd":"Dial diubahsuai kepada USSD","DialModifiedToSs":"Dial diubahsuai kepada SS","DialModifiedToDial":"Dial diubahsuai kepada dial","UssdModifiedToDial":"USSD diubahsuai kepada dial","UssdModifiedToSs":"USSD diubahsuai kepada SS","UssdModifiedToUssd":"USSD diubahsuai kepada USSD","SsModifiedToDial":"SS diubahsuai kepada dial","SsModifiedToUssd":"SS diubahsuai kepada USSD","SsModifiedToSs":"SS diubahsuai kepada SS","SubscriptionNotSupported":"Langganan tidak disokong","InvalidParameter":"Parameter tidak sah","RejectedByRemote":"Dihalang oleh jauh","group-call":{"_index":["plural","n"],"_":{"one":"Panggilan kumpulan ({{ n }})","two":"Panggilan kumpulan ({{ n }})","few":"Panggilan kumpulan ({{ n }})","many":"Panggilan kumpulan ({{ n }})","other":"Panggilan kumpulan ({{ n }})"}},"caller-left-call":"{{ caller }} telah meninggalkan panggilan.","conferenceAddError":"Tidak dapat menggabung penggilan","conferenceRemoveError":"Tidak dapat nyahgabung panggilan","longDateFormat":"%A, %B %e","select-audio-sources":"Pilih sumber audio","bluetooth-handsfree-device":"Peranti bebas tangan bluetooth","receiver":"Penerima","speaker":"Speaker","add":"Tambah","done":"Selesai","retry":"Cuba lagi","addContact":"Tambah Kenalan","deleteContact":"Hapus kenalan","selectContact":"Pilih kenalan","editContact":"Sunting kenalan","deleteConfirmMsg":"Hapus kenalan?","remove":"Buang","comments":"Komen","no_contact_phones":"Kenalan ini tidak mempunyai nombor telefon","no_contact_email":"Kenalan ini tidak mempunyai alamat emel","removePhotoConfirm":"Buang gambar kenalan?","loadingContacts":"Memuatkan kenalan...","noContactsActivity":"Tidak dapat menambah kenalan kerana senarai kenalan anda kosong","noName":"Tiada nama","givenName":{"placeholder":"Nama"},"familyName":{"placeholder":"Nama akhir"},"tel":{"placeholder":"Telefon"},"carrier":{"_":"Pembawa","placeholder":"Pembawa"},"separator":",","email":{"_":"Emel","placeholder":"Emel"},"streetAddress":{"placeholder":"Jalan"},"postalCode":{"placeholder":"Poskod"},"locality":{"placeholder":"Bandar"},"countryName":{"placeholder":"Negara"},"comment":{"placeholder":"Komen"},"org":{"placeholder":"Syarikat"},"custom":"Tanda suaian","date":{"_":"Tarikh","placeholder":"Tarikh"},"date-span-placeholder":"Date","birthday":"Tarikh lahir","dateFormat":"%B %e","dateOutput":"{{dayMonthFormatted}} {{year}}","anniversary":"Ulang tahun","addPhoto":"Tambah Gambar","addPhone":"Tambah Telefon","addEmail":"Tambah Email","addAddress":"Tambah Alamat","addDate":"Tambah Tarikh","addComment":"Tambah Komen","addFavorite":"Tambah sebagai Kegemaran","removeFavorite":"Hapus sebagai Kegemaran","label":"Label","home":"Laman Utama","work":"Kerja","personal":"Peribadi","faxHome":"Fax rumah","faxOffice":"Fax syarikat","faxOther":"Fax lain","another":"Lagi","other":"Lain","current":"Semasa","itemWithLabel":"{{label}}, {{item}}","exit":"Keluar","expand":"Kembang","labelName":"Nama:","labelLastName":"Nama akhir:","labelPhoneNumber":"Nombor telefon:","labelCarrier":"Pembawa:","labelEmail":"E-mel:","labelStreet":"Jalan:","labelZip":"Poskod:","labelCity":"Bandar:","labelCountry":"Negara:","labelComment":"Komen:","legendTitleMain":"Maklumat utama","legendPhones":"Nombor telefon","legendEmail":"Alamat e-mel","legendAddress":"Alamat","transferContactsTitle":"Pindah Kenalan","importContactsTitle":"Import Kenalan","importContactsButton":"Import Kenalan","exportContactsTitle":"Eksport Kenalan","exportContactsButton":"Eksport Kenalan","exportContactsAction":"Eksport","simExport-title":"Eksport ke SIM","sdExport-title":"Eksport ke Kad SD","btExport-title":"Eksport ke Bluetooth","sdUMSEnabled":"Tidak dapat menggunakan Kad SD kerana storan USB diaktifkan","exportErrorTitle":"Ralat eksport","contactsExported2":{"_index":["plural","exported"],"_":{"zero":"Tiada kenalan dieksport","one":"{{exported}}/{{total}} kenalan dieksport","two":"{{exported}}/{{total}} kenalan dieksport","few":"{{exported}}/{{total}} kenalan dieksport","many":"{{exported}}/{{total}} kenalan dieksport","other":"{{exported}}/{{total}} kenalan dieksport"}},"exportError-general":"Beberapa ralat berlaku ketika mengeksport","exportError-SD-shared":"Tidak dapat mengakses kad memori kerana ia dikongsi","exportError-SD-unavailable":"Kad memori tiada","exportError-SD-noSpace":"Tiada ruang yang mencukupi pada kad memori untuk mengeksport kenalan","exportError-SIM-unavailable":"Kad SIM tiada","exportError-BT-shared":"Tidak dapat mengakses kad memori kerana ia dikongsi","exportError-BT-unavailable":"Kad memori tiada","exportError-BT-noSpace":"Tiada ruang yang mencukupi pada kad memori untuk mengeksport kenalan","simContacts-import":"Import kenalan SIM","simContacts-importing":"Mengimport kenalan SIM...","simContacts-reading":"Membaca dari kad SIM…","simContacts-error":"Tidak dapat mengimport kenalan dari kad SIM","simContacts-imported3":{"_index":["plural","n"],"_":{"zero":"Tiada kenalan yang dikesan pada SIM untuk diimport","one":"Satu kenalan diimport","two":"{{n}} kenalan diimport","few":"{{n}} kenalan diimport","many":"{{n}} kenalan diimport","other":"{{n}} kenalan diimport"}},"noSimMsgExport":"Untuk mengeksport kenalan masukkan atau buka kunci kad SIM anda","simNumber":"SIM {{number}}","memoryCardContacts-import":"Import kenalan dari kad memori","memoryCardContacts-importing":"Mengimport kenalan dari kad memori…","memoryCardContacts-reading":"Membaca dari kad memori…","memoryCardContacts-error":"Tidak dapat mengimport kenalan dari kad memori","memoryCardContacts-imported3":{"_index":["plural","n"],"_":{"zero":"Tiada kenalan yang dikesan pada kad memori untuk diimport","one":"Satu kenalan diimport","two":"{{n}} kenalan diimport ","few":"{{n}} kenalan diimport","many":"{{n}} kenalan diimport","other":"{{n}} kenalan diimport"}},"noMemoryCardMsgExport":"Untuk mengeksport kenalan masukkan kad memori","genericProgress":"{{current}}/{{total}}","social-network":"Rangkaian sosial","social-link":"Kaitkan kenalan","social-unlink":"Tidak menghubungkan perhubungan","social-unlink-confirm-title":"Apakah anda ingin menghapus perhubungan teman anda?","social-unlink-confirm-accept":"Tidak perhubungan","facebook-import":"Import teman Facebook","show-fb-profile":"Lihat profil Facebook","msg-send":"Mesej","wall-post":"Kiriman dinding","facebook-import-msg":{"_index":["plural","imported"],"_":{"zero":"Tiada teman diimport (daripada {{total}})","one":"Satu kawan diimport (daripada {{total}})","two":"{{imported}}/{{total}} kawan yang diimport","few":"{{imported}}/{{total}} kawan yang diimport","many":"{{imported}}/{{total}} kawan yang diimport","other":"{{imported}}/{{total}} kawan yang diimport"}},"facebookSwitchMsg":"Selaraskan teman","select_mobile":"Pilih mobil","select_email":"Pilih emel","contactsOrderBy":"Urutan mengikut nama akhir","bluetooth":"Bluetooth","fbUpdateFriends":"Kemaskini teman yang telah diimport","cleaningFbData":"Membuang data Facebook","loggingOutFb":"Log keluar dari Facebook","cleanFbConfirmMsg":"Buang semua data Facebook?","renewPwdMsg":"Kata laluan anda di Facebook telah berubah. Sila, kemaskini.","notEnabledYet":"Belum dibolehkan lagi","genericNoConnection":"Untuk mengimport kenalan sambung ke Wi-Fi atau jaringan data","simCard":"Kad SIM","memoryCard":"Kad memori","create-new":"Cipta kenalan baru","import-now":"Mengimport kenalan dari kad SIM atau Facebook","no-contacts":"Tiada kenalan","start-adding":"Mula menambah mereka sekarang","notImported":"Tidak diimport","imported":"Diimport","organise-contacts":"Uruskan Kenalan","find-merge-contacts":"Cari kenalan berganda","preparing-contacts":"Menyediakan kenalan","exportError-SIM-NoFreeRecordFound":"Kad SIM penuh","exportError-SIM-CannotAccessPhoneBook":"TIda dapat mencapai buku alamat kad SIM","exportError-SIM-Unavailable":"Tiada SIM dikesan","exportError-SIM-GenericError":"Ralat berlaku ketika mengeksport kenalan","ContactManagementTitle":"Contacts Management","DeleteTitle":"Delete","bulkDeleteButton":"Delete Contacts","BulkDelCancel":"Contacts delete cancelled","DeletedTxt":{"_index":["plural","n"],"_":{"zero":"No Contact to Delete","one":"1 Contact removed","two":"{{n}} Contacts removed","few":"{{n}} Contacts removed","many":"{{n}} Contacts removed","other":"{{n}} Contacts removed"}},"DeletingContacts":"Deleting contacts","ContactConfirmDel":{"_index":["plural","n"],"_":{"zero":"No Contact to Delete","one":"Delete 1 Contact? This cannot be undone.","two":"Delete {{n}} Contacts? This cannot be undone.","few":"Delete {{n}} Contacts? This cannot be undone.","many":"Delete {{n}} Contacts? This cannot be undone.","other":"Delete {{n}} Contacts? This cannot be undone."}},"SelectedTxt":{"_index":["plural","n"],"_":{"zero":"Contacts","one":"{{n}} selected","two":"{{n}} selected","few":"{{n}} selected","many":"{{n}} selected","other":"{{n}} selected"}},"sim-picker-dial-via-with-number":"Dail {{ phoneNumber }} via","sim-picker-select-sim":"Pilih SIM","sim-picker-button":"SIM{{ n }}","sim-picker-button-default":"(default)","waitDuplicateContacts":"Mencari kenalan pendua","waitMergingDuplicateContacts":"Menggabung kenalan pendua","alertNoDuplicateContacts":"Tiada kenalan pendua dijumpai","mergeDuplicateTitle":"Gabung pendua","suggestedDuplicateContacts":"Mencadang kenalan pendua untuk {{name}}","mergeActionButtonLabel":{"_index":["plural","n"],"_":{"zero":"Tiada kenalan dipilih","one":"Gabung dengan {{n}} kenalan","other":"Gabung dengan {{n}} kenalan"}},"duplicatesFoundTitle":"Pendua ditemui","duplicatesFoundMessage":"{{name}} maklumat berganda dalam kenalan berikut"}