{"brandShortName":"बिटुजि अोएस","browserBrandShortName":"वेब ब्राउजर","browserBrandFullName":"मोजिल्ला वेब ब्राउजर","back":"पछाडि","noSimMsg":"सम्पर्कहरु आयात गर्न सिमकार्ड घुसाउनुहोस् वा अनलक गर्नुहोस्","noMemoryCardMsg":"सम्पर्कहरु आयात गर्नका लागि स्मृति कार्ड घुसाउनुहोस्","importMemoryCard":"मेमोरी कार्ड","noConnection11":"फेसबुकका साथीहरु वा सम्पर्कहरु आयात गर्न वाइफाई वा डाटा नेटवर्कमा जडित हुनुहोस्","pincode2":"PIN कोड प्रविष्ट गर्नुहोस्","type_pin":"PIN कोड लेख्नुहोस्","pincodeLabel":"SIM {{n}} PIN","pinValidation":"PIN ४ देखि ८ क्यारेक्टरहरूको हुनुपर्छ।","pinError":"PIN गलत थियो।","pinAttemptMsg2":{"_index":["plural","n"],"_":{"one":"तपाईंसंग सिम कार्ड बन्द हुनु भन्दा अघी साहि कोड प्रविष्ट गर्न एक कोसिस मात्र बाकी छ।","two":"तपाईंसंग सिम कार्ड बन्द हुनु भन्दा अघी साहि कोड प्रविष्ट गर्न {{n}} कोसिस बाकी छन्।","few":"तपाईंसंग सिम कार्ड बन्द हुनु भन्दा अघी साहि कोड प्रविष्ट गर्न {{n}} कोसिस बाकी छन्।","many":"तपाईंसंग सिम कार्ड बन्द हुनु भन्दा अघी साहि कोड प्रविष्ट गर्न {{n}} कोसिस बाकी छन्।","other":"तपाईंसंग सिम कार्ड बन्द हुनु भन्दा अघी साहि कोड प्रविष्ट गर्न {{n}} कोसिस बाकी छन्।"}},"pinLastChanceMsg":"ठिक PIN प्रविष्ट गर्ने तपाईको यो अन्तिम मौका हो।नत्र यो SIM कार्ड प्रयोग गर्न तपाईले PUK कोड प्रविष्ट गर्नुपर्नेछ।","pukcode":"PUK कोड प्रविष्ट गर्नुहोस्","pukcodeTitle":"SIM {{n}} PUK प्रविष्ट गर्नुहोस्","pukcodeLabel":"SIM {{n}} PUK","type_puk":"PUK कोड","pukValidation":"PUK कोडमा ठ्याक्क ८वटा क्यारेक्टरहरु हुनुपर्छ।","pukInfo":"सिम कार्डका लागि तपाईले व्यक्तिगत खोल्ने चाबीको (PUK) कोड प्रविष्ट गर्नुपर्नेछ। थप जानकारीका लागि तपाईको सिम कार्ड कागजत हेर्नुहोस् अथवा सिम वाहकसंग सम्पर्क राख्नुहोस्।","pukError":"PUK गलत भयो।","pukAttemptMsg2":{"_index":["plural","n"],"_":{"one":"तपाईंसंग सिम कार्ड सधैका लागि चलाउन नमिल्ने हुन भन्दा अघी साहि कोड प्रविष्ट गर्न एक कोसिस बांकी छ।थप जानकारिका लागि सिम कार्ड कागजत वा तपाईको वाहकसंग सम्पर्क राख्नुहोस्।","two":"तपाईंसंग सिम कार्ड सधैका लागि चलाउन नमिल्ने हुन भन्दा अघी साहि कोड प्रविष्ट गर्न {{n}} कोसिस बांकी छन्।थप जानकारिका लागि सिम कार्ड कागजत वा तपाईको वाहकसंग सम्पर्क राख्नुहोस्।","few":"तपाईंसंग सिम कार्ड सधैका लागि चलाउन नमिल्ने हुन भन्दा अघी साहि कोड प्रविष्ट गर्न {{n}} कोसिस बांकी छन्।थप जानकारिका लागि सिम कार्ड कागजत वा तपाईको वाहकसंग सम्पर्क राख्नुहोस्।","many":"यस सिम कार्ड सधैका लागि नचल्नु अघि तपाईसंग ठिक कोड प्रविष्ट गर्न {{n}} कोसिस बाँकी छन्। थप जानकारीका लागि तपाईको सिम कार्ड कागजात हेर्नुहोस् अथवा तपाईको वाहकसंग सम्पर्क राख्नुहोस्।","other":"यस सिम कार्ड सधैका लागि नचल्नु अघि तपाईसंग ठिक कोड प्रविष्ट गर्न {{n}} कोसिस बाँकी छन्। थप जानकारीका लागि तपाईको सिम कार्ड कागजात हेर्नुहोस् अथवा तपाईको वाहकसंग सम्पर्क राख्नुहोस्।"}},"pukLastChanceMsg":"साहि PUK कोड प्रविष्ट गर्न तपाईको यस अन्तिम मैका हो। गलत PUK कोड प्रविष्ट गरेमा तपाईको सिम कार्ड सधैका लागि चलाउन मल्दैन।","create_newpin":"नँया PIN सृजना गर्नुहोस्(४ देखि ८ अङ्क)","confirm_newpin":"नँया PIN पुष्टि गर्नुहोस्","newpinConfirmation":"PINहरु मिलेकोछैन","nckcode":"NCK कोड प्रविष्ट गर्नुहोस्","cckcode":"CCK कोड प्रविष्ट गर्नुहोस्","spckcode":"SPCK कोड प्रविष्ट गर्नुहोस्","nck1code":"Enter NCK1 code","nck2code":"Enter NCK2 code","hnckcode":"Enter HNCK code","rcckcode":"Enter RCCK code","rspckcode":"Enter RSPCK code","nckcodeTitle":"SIM {{n}} NCK प्रविष्ट गर्नुहोस्","cckcodeTitle":"सिम को {{n}} CCK प्रविष्ट गर्नुहोस्","spckcodeTitle":"सिम को {{n}} SPCK प्रविष्ट गर्नुहोस्","nck1codeTitle":"Enter SIM {{n}} NCK1","nck2codeTitle":"Enter SIM {{n}} NCK2","hnckcodeTitle":"Enter SIM {{n}} HNCK","rcckcodeTitle":"Enter SIM {{n}} RCCK","rspckcodeTitle":"Enter SIM {{n}} RSPCK","nckcodeLabel":"सिम को {{n}} NCK","cckcodeLabel":"सिम को {{n}} CCK","spckcodeLabel":"SIM {{n}} SPCK","nck1codeLabel":"SIM {{n}} NCK1","nck2codeLabel":"SIM {{n}} NCK2","hnckcodeLabel":"SIM {{n}} HNCK","rcckcodeLabel":"SIM {{n}} RCCK","rspckcodeLabel":"SIM {{n}} RSPCK","type_nck":"तपाईको NCK कोड लेख्नुहोस्","type_cck":"तपाईको CCK कोड लेख्नुहोस्","type_spck":"तपाईको SPCK कोड लेख्नुहोस्","type_nck1":"Type your NCK1 code","type_nck2":"Type your NCK2 code","type_hnck":"Type your HNCK code","type_rcck":"Type your RCCK code","type_rspck":"Type your RSPCK code","nckValidation":"NCKमा ८ देखि१६ क्यारेक्टरहरू हुनुपर्छ।","cckValidation":"CCK अनिवार्य ८ देखि १६ क्यारेक्टरहरूको हुनुपर्छ।","spckValidation":"SPCK अनिवार्य ८ देखि १६ क्यारेक्टरहरूको हुनुपर्छ।","nck1Validation":"NCK1 must have between 8 and 16 characters.","nck2Validation":"NCK2 must have between 8 and 16 characters.","hnckValidation":"HNCK must have between 8 and 16 characters.","rcckValidation":"RCCK must have between 8 and 16 characters.","rspckValidation":"RSPCK must have between 8 and 16 characters.","nckErrorMsg":"NCK कोड गलत छ।","nckAttemptMsg2":{"_index":["plural","n"],"_":{"one":"सञ्जाल निजीकरण नगर्ने अनुरोध असफल। तपाईँसँग ठिक कोड प्रविष्ट गर्न एउटा कोसिस बाँकी छ। थप जानकारीका लागि आफ्नो यन्त्रको कागजत हेर्नुहोस् वा तपाईँको यन्त्र वाहकसँग सम्पर्क राख्नुहोस्।","two":"सञ्जाल निजीकरण नगर्ने अनुरोध असफल। तपाईँसँग ठिक कोड प्रविष्ट गर्न {{n}} कोसिसहरु बाँकी छन्। थप जानकारीका लागि आफ्नो यन्त्रको कागजत हेर्नुहोस् वा तपाईँको यन्त्र वाहकसँग सम्पर्क राख्नुहोस्।","few":"सञ्जाल निजीकरण नगर्ने अनुरोध असफल। तपाईँसँग ठिक कोड प्रविष्ट गर्न {{n}} कोसिसहरु बाँकी छन्। थप जानकारीका लागि आफ्नो यन्त्रको कागजत हेर्नुहोस् वा तपाईँको यन्त्र वाहकसँग सम्पर्क राख्नुहोस्।","many":"सञ्जाल निजीकरण नगर्ने अनुरोध असफल। तपाईँसँग ठिक कोड प्रविष्ट गर्न {{n}} कोसिसहरु बाँकी छन्। थप जानकारीका लागि आफ्नो यन्त्रको कागजत हेर्नुहोस् वा तपाईँको यन्त्र वाहकसँग सम्पर्क राख्नुहोस्।","other":"सञ्जाल निजीकरण नगर्ने अनुरोध असफल। तपाईँसँग ठिक कोड प्रविष्ट गर्न {{n}} कोसिसहरु बाँकी छन्। थप जानकारीका लागि आफ्नो यन्त्रको कागजत हेर्नुहोस् वा तपाईँको यन्त्र वाहकसँग सम्पर्क राख्नुहोस्।"}},"nckLastChanceMsg":"सञ्जाल निजीकरण नगर्ने अनुरोध असफल। ठिक NCK कोड प्रविष्ट गर्न अन्तिम मौका। थप जानकारीका लागि आफ्नो यन्त्रको कागजत हेर्नुहोस् वा तपाईँको यन्त्र वाहकसँग सम्पर्क राख्नुहोस्।","skip":"छोड्नुहोस्","send":"पठाउनुहोस्","ok":"ठीक छ","simLocked":"सिम कार्ड ताल्चा लगाइएको छ","inputCodeRetriesLeft":{"_index":["plural","n"],"_":{"one":"अन्तिम प्रयास।","two":"{{n}} प्रयासहरु बाँकी।","few":"{{n}} प्रयासहरु बाँकी।","many":"{{n}} प्रयासहरु बाँकी।","other":"{{n}} प्रयासहरु बाँकी।"}},"simManager":"सिम व्यवस्थापक","simDetail":"SIM {{n}}","simDefault":"(अभाव)","simDefaultMessage":"बहिर्गमन कल, निवर्तमान सन्देश र डेटा जडान पूर्वनिर्धारित रूपमा SIM १ मा सेट छ","simSettingsMessage":"तपाईँ > सिम प्रबन्धक मा पूर्वनिर्धारित सेटिङ परिवर्तन गर्न सक्नुहुन्छ","simPinLocked":"सिम को पिन बन्द गरिएकोछ","noOperator":"सञ्चालक छैन","language":"भाषा","english":"अंग्रेजी","dvorak":"अंग्रेजी (देव्रोक)","spanish":"स्पेनी","portuguese":"पोर्तुगाली ब्राजिलीयन","french":"फ्रान्सेली","italian":"इटालीयन","arabic":"अरेबिक","greek":"ग्रीक","hebrew":"हिब्रु","jp-kanji":"जापानी","jp-kanji-desc":"कान्जी","traditionalChinese":"परमपरागत चिनियाँ","traditionalChinese-desc":"हुइन","simplifiedChinese":"सरलीकृत चिनियाँ","simplifiedChinese-desc":"पिनयिन","3g":"सेलुलर डाटा","dataConnection":"डाटा सक्षम पार्नुहोस्","dataConnectionInfo":"अहिले डाटा जडान सक्षम गरेमा तपाईले आफ्नो फोन वाई-फाई बिना जडान गर्न सक्नुहुन्छ | तपाईले यसलाई पछि पनि सेटिङहरूमा गएर सक्षम गर्न सक्नुहुन्छ, मात्र तपाईले आफ्नो डाटा वाहकसँग डाटा प्लान भएको निर्धारण गर्नुहोस् ताकी पछि संभावित ठूलो रकम तिर्नुपर्दैन|","caution":"चेतावनी","geolocation":"भू-स्थान","geolocationCheckbox":"भू-स्थान सक्षम पार्नुहोस्","geolocationInfo2":"फायरफक्स OSले तपाईंको नजिक भएका GPS, वाई-फाई, र मोबाइल सञ्जालहरुको डाटा प्रयोग गरी तपाईंको स्थान पत्ता लगाउन मद्दत गर्दछ।","geolocationInfoMore":"डाटा मोजिल्ला र अन्य सेवा प्रदायकहरुलाई पठाएको छ र त्यस स्थान डाटाबेसमा सुधार गर्नको लागि समग्र रुपमा उपयोग गरिनेछ।  डाटा आफनो यन्त्रमा भण्डारण गर्न सकिनेछ र अरु कुनै एपहरु नचलिरहेको अवस्थामा पनि डाटा सङ्कलन हुन सक्छ।","notice":"सूचना","aboutYourPrivacy":"तपाईँको गोपनीयताका बारे थप","wifi":"वाई-फाई","scanningNetworks":"सञ्जालको लागि स्क्यान गर्दै","selectNetwork":"एउटा सञ्जाल चयन गर्नुहोस्","shortStatus-connecting":"जडान हुँदैछ","shortStatus-associated":"एक IP ठेगाना पाउदै ...","shortStatus-connected":"जडान गरियो","shortStatus-connectingfailed":"जडान असफल भयो","shortStatus-disconnected":"अफलाइन","securedBy":"सुरछित {{capabilities}} छ","security":"सुरक्षा","securityNone":"कुनै पनि होइन","securityWEP":"डब्लु इ पी","securityWPA-PSK":"डब्लु पी ए-पी एस् के","securityWPA-EAP":"डब्लु पी ए-इ ए पी","securityOpen":"खुल्ला","identity":"प्रयोगकर्ता","identityInput":{"placeholder":"प्रयोगकर्ता"},"password":"पासवर्ड","passwordInput":{"placeholder":"पासवर्ड"},"showPassword":"पासवर्ड देखाउनुहोस्","refresh":"ताजा पार्नुहोस्","noWifiFound3":"कुनै पनि बेतारका संजाल भेटिएन","join-hidden-button":"लुकिएका संजाल संग संलग्न हुनुहोस्","authentication":"प्रमाणीकरण","ssid-name":"एस् एस् आइ डी सञ्जाल नाम","dateAndTime":"मिति र समय","setTimeAutomatically":"स्वचालित रूपमा सेट","timezoneMessage":"समय क्षेत्र","timezoneTitle":"यू टि सि{{utcOffset}} {{region}}/{{city}}","dateMessage":"मिति","timeMessage":"समय","timeZone":"समय क्षेत्र","change":"परिवर्तन","importContacts3":"SIM सम्पर्क आयात गर्नुहोस्","importSim2":"सिम कार्ड","importFb2":"फेसबुक","importOutlook":"आउटलूक","importGmail":"जिमेल","fb-checking":"...जाँच गर्दै","notImportedYet":"अझ सम्म आयात गरिएको छैन ।","otherAccount":"अन्य खाताहरु","mobile":"मोबाइल","afterFbImport":"तपाईले कुनै पनि समय सम्पर्क सेटिङमा फेसबुकका साथीहरुलाई आयात र सम्पादन गर्नसक्नुहुन्छ","firefox-accounts":"Firefox Accounts","fxa-overview":{"innerHTML":"A Firefox Account lets you use features like Find My Device and apps like the Firefox Marketplace."},"fxa-create-account-or-sign-in":"Create Account or Sign In","fxa-email-sent":"A verification link has been sent to {{email}}","about-your-rights-0":"{{brandShortName}} संसार भरीका हजारौ समुदाय मिलि बनाएको नि:शुल्क र ओपन सोर्स सफ्टवेर हो। यहा तपाईले केही जान्नु पर्ने कुराहरु छन्:","about-your-rights-1":"मोजिल्ला सार्वजनिक इजाजपत्र सम्मिलित गर्दै कयौँ खुला स्रोत इजाजपत्रहरुको सर्तहरूको तहत तपाईँलाई {{brandShortName}} उपलब्ध पारिएको छ।{{brandShortName}} चलाइरहेको यन्त्रमा तेस्रो पार्टीको मालिकाना सफ्टवेर हुन सक्छ। तपाईँले खुला इजाजपत्रहरु अन्तरगत प्रदान गरिएको कुनै पनि कोडले तपाईँलाई स्रोत कोड परिमार्जन गर्ने अधिकार र तपाईँको परिमार्जन गरिएको भर्सनहरु बाँड्न दिनेछ जबसम्म तपाईँले तिनीहरुको सर्तहरु पालना गर्नुहुन्छ।","about-your-rights-2":"तपाईँलाई मोजिल्ला संस्था वा अरु कुनै पार्टीको कुनै व्यापारचिन्ह अधिकार वा इजाजतपत्रहरु, साथै कुनै सीमा बिना {{brandShortName}} नाम वा लोगो दिएको छैन।","about-your-rights-3":"केहि {{brandShortName}} मा सुविधाहरु जस्तै क्र्यास रिपोर्टरले मोजिल्लालाई पृष्ठपोषण पठाउने विकल्प तपाईलाई दिन्छन्। पृष्ठपोषण निवेदन छानेर, तपाईले मोजिल्लालाई पृष्ठपोषण प्रयोग गरेर उत्पादन सुधार्ने, वेबसाइटमा पृष्ठपोषण प्रकाशन गर्ने र पृष्ठपोषण वितरण गर्ने अनुमति दिनसक्नुहुन्छ ।","about-other":"अरु","SIM_mandatory":"सिम कार्ड चेतावनी","SIM_mandatory_warm":"कृपया सिम कार्ड घुसाउनुहोस् र आफ्नो फोन फेरि बुट गर्नुहोस्","sharing-performance-data":"शेयरिंग प्रदर्शन डाटा","telemetry-sends":"टेलीमेट्रीले मोजिल्लालाई तपाईको {{brandShortName}} यन्त्रमा व्यवहार, हार्डवेयर, कन्फिगुरेसन् र अनुकूलका डाटा पठाउँछ | हामी यस डाटालाई हाम्रो उत्पादनहरु राम्रो, छिटो, र अझ छरितो बनाउन प्रयोग गर्छौ |","learn-more-telemetry":{"innerHTML":"Learn more at {{link}}"},"learn-more-information":{"innerHTML":"Learn how Mozilla handles your information at {{link}}"},"welcomeBrowser":"{{brandShortName}}, मोजिल्लाले बनाएको स्वतन्त्र तथा खुला स्रोत अपरेटिङ्ग सिस्टममा तपाईको स्वागत छ। हाम्रो लक्ष भनेको वेबको शक्तिलाई तपाईको हातमा राखेर खुलापन, नवविचार र अवसरलाई बढावा दिने हो।","learn-more-privacy":{"innerHTML":"Learn how Mozilla handles your information in our {{link}}."},"learn-more-privacy-link":"privacy policy","aboutBrowser":"{{brandShortName}} बारे","aboutYourPrivacy2":"तपाईँको गोपनीयता","mozillaCommunity2":"जब तपाई {{brandShortName}}को प्रयोग गर्नुहुन्छ, तपाई एक सार्वभौम समुदायको हिस्सा बन्नुहुन्छ, जसले वेबको उज्ज्वल भविष्यका बनाउनका लागि सहयोग गर्दैछ। यदि तपाई मोजिल्ला समुदाय, हाम्रो अन्य उत्पादन र कार्यक्रमहरुका बारेमा अझै जान्न चाहनुहुन्छ भने कृपया तपाईको इमेल ठेगाना तल प्रविष्ट गर्नुहोस्।","collaborate":"म आफ्नो फोनको डाटा बाडेर {{brandShortName}}लाई सुधार्नका लागि सहयोग पूराउन चाहान्छु |","learnMore":"धेरै सिक्नुहोस्।","emailAddress":{"placeholder":"इमेल ठेगाना"},"email-successfully-added":"इमेल सफलतापूर्वक थपियो","email-loading":"तपाईको इमेल सेभ हुँदैछ...","browserPrivacyChoices":"{{brandShortName}} गोपनियेता छनोटहरू","privacy-b2g":{"_":"{{brandShortName}}","title":"{{brandShortName}}"},"privacy-marketplace":{"_":"मार्केटप्लेस","title":"{{privacy-marketplace}}"},"privacy-e-me":{"_":"everything.me","title":"{{privacy-e-me}}"},"navbar-back":"पछाडि","navbar-next":"अर्को","navbar-join":"जोड्नुहोस्","thatsIt":"यहि हो!","startYourPhone":"तपाईंको फोन यात्रा सुरु गर्नुहोस्!","startYourTablet":"तपाईंको ट्याब्लेटको यात्रा सुरु गर्नुहोस्!","joinTutorial":"तपाईंको नयाँ फोन चलाउने प्रक्रिया बारेमा बुझ्न हामीसँग शामिल हुनुहोस्।","enjoyYourPhone":"तपाईंँ आफ्नो नयाँ फोनको मनोरञ्जन लिन तयार हुनुभयो।","optionsAvailable":"तपाईंले भाषा, मिति/समय र वाइ-फाइ जडान सेटिङ्हरूमा परिवर्तन गर्नसक्नुहुन्छ।","letsGo":"ल जाऊँ","startTour":"भ्रमण सुरु गर्नुहोस्","thatsIt1Tablet-2":"तपाईं सधैं घर पर्दा प्रवेश गर्न तल किनाराबाट स्वाइप गर्न।","thatsIt2Tablet-2":"हामी गरौ","tutorial-step1-tiny":"तपाईको एपहरु ब्राउज गर्न दाँया देखि बाँया स्वाइप गर्नुहोस्।","tutorial-step2-tiny":"मेट्न र ठाउँ सार्नको लागि प्रतिमा थिच्नु र समातिराख्नुहोस्|","tutorial-step3-tiny":"कुनै पनि शब्दकुञ्जी वा विषय लेख्नुहोस् र तपाईंको फोनले तुरुन्तै त्यसलाई अनुकूल गर्दछ।","tutorial-step4-tiny":"हालसालका सूचनाहरू, श्रेयका सूचना र सेटिङहरू पाउन तल सार्नुहोस् |","tutorial-step5-tiny":"हालको अनुप्रयोगहरु ब्राउज तथा बन्द गर्न गृह बटन थिचिरहनुहोस् ।","tutorial-step6-tiny":"नयाँ अनुप्रयोगहरू बीच अगाडी र पछि सार्न पर्दा को तर्फ देखि स्वाइप।","tutorial-step1-large-2":"हालसालका सूचनाहरू, श्रेयका सूचना र सेटिङहरूको पहुँचका लागि छोएर तल सार्नुहोस् |","tutorial-step2-large-2":"गृह पर्दामा नँया अनुप्रयोग पत्तालगाउनु परेमा दाँया अथवा बाँया छोएर सार्नुहोस् ।","tutorial-step3-large-2":"मेट्न वा ठाउँ सार्नको लागि प्रतिमा थिचिराख्नुहोस्|","tutorial-step4-large-2":"दुई औंलाहरु कार्ड दृष्टिकोण ट्रिगर लागि तल बढत देखि स्वाइप गर्नुहोस्","offline-dialog-title":"यो पृष्ठ हेर्नका लागि तपाईको फोन इन्टरनेटमा जडान हुनुपर्छ |","offline-dialog-text":"कृपया पछाडि गएर इन्टरनेट जडान गर्नुहोला | तपाईले यस पृष्ठ पछि पनि सेटिङमा गएर अथवा कुनै पनि ब्राउजरमा {{url}} प्रविष्ट गरेर हेर्न सक्नुहुन्छ |","OK":"ठीक छ","offline-newsletter-dialog-title":"समाचारपत्रको ग्राहाक बन्नका लागि तपाई इन्टरनेटसंग जडान हुनुपर्छ |","offline-newsletter-dialog-text":"कृपया पछाडि जानुहोस् र इन्टरनेटमा जडान गर्नुहोस्।","invalid-email-dialog-title":"तपाईको इमेल अवैध छ","invalid-email-dialog-text":"कृपया पछाडि गएर तपाईको गलती सच्चाउनुहोस् |","cancel":"रद्द गर्नुहोस्","weekday-0-long":"आइतबार","weekday-1-long":"सोमबार","weekday-2-long":"मंगलबार","weekday-3-long":"बुधबार","weekday-4-long":"बिहिबार","weekday-5-long":"शुक्रबार","weekday-6-long":"शनिबार","weekday-0-short":"आइत","weekday-1-short":"सोम","weekday-2-short":"मङ्गल","weekday-3-short":"बुध","weekday-4-short":"बिहि","weekday-5-short":"शुक्र","weekday-6-short":"शनि","month-0-long":"जनवरी","month-1-long":"फेब्रुअरी","month-2-long":"ंमार्च","month-3-long":"अप्रिल","month-4-long":"मे","month-5-long":"जुन","month-6-long":"जुलाई","month-7-long":"अगस्ट","month-8-long":"सेप्टेम्बर","month-9-long":"अक्टोबर","month-10-long":"नोभेम्बर","month-11-long":"डिसेम्बर","month-0-genitive":"जनवरी","month-1-genitive":"फेब्रुअरी","month-2-genitive":"ंमार्च","month-3-genitive":"अप्रिल","month-4-genitive":"मे","month-5-genitive":"जुन","month-6-genitive":"जुलाई","month-7-genitive":"अगस्ट","month-8-genitive":"सेप्टेम्बर","month-9-genitive":"अक्टोबर","month-10-genitive":"नोभेम्बर","month-11-genitive":"डिसेम्बर","month-0-short":"जन","month-1-short":"फेब","month-2-short":"मार्च","month-3-short":"अप्रिल","month-4-short":"मे","month-5-short":"जुन","month-6-short":"जुलाई","month-7-short":"अगस्ट","month-8-short":"सेप्टेम्वर","month-9-short":"अक्टुवर","month-10-short":"नोभेम्वर","month-11-short":"डिसेम्वर","minutes-ago-long":{"_index":["plural","value"],"_":{"zero":"भर्खरै","one":"एक मिनेट अगाडि","two":"{{value}} मिनेट अगाडि","few":"{{value}} मिनेट अगाडि","many":"{{value}} मिनेट अगाडि","other":"{{value}} मिनेट अगाडि"}},"hours-ago-long":{"_index":["plural","value"],"_":{"zero":"भर्खरै","one":"एक घन्टा अगाडि","two":"{{value}} घण्टा अगाडि","few":"{{value}} घण्टा अगाडि","many":"{{value}} घण्टा अगाडि","other":"{{value}} घण्टा अगाडि"}},"days-ago-long":{"_index":["plural","value"],"_":{"zero":"आज","one":"हिजो","two":"{{value}} दिन अगाडि","few":"{{value}} दिन अगाडि","many":"{{value}} दिन अगाडि","other":"{{value}} दिन अगाडि"}},"weeks-ago-long":{"_index":["plural","value"],"_":{"zero":"यो हप्ता","one":"गएको हप्ता","two":"{{value}} हप्ता अगाडि","few":"{{value}} हप्ता अगाडि","many":"{{value}} हप्ता अगाडि","other":"{{value}} हप्ता अगाडि"}},"months-ago-long":{"_index":["plural","value"],"_":{"zero":"यो महिना","one":"गएको महिना","two":"{{value}} महिना अगाडि","few":"{{value}} महिना अगाडि","many":"{{value}} महिना अगाडि","other":"{{value}} महिना अगाडि"}},"years-ago-long":{"_index":["plural","value"],"_":{"zero":"यो वर्ष","one":"अघिल्लो वर्ष","two":"{{value}} वर्ष अगाडि","few":"{{value}} वर्ष अगाडि","many":"{{value}} वर्ष अगाडि","other":"{{value}} वर्ष अगाडि"}},"minutes-until-long":{"_index":["plural","value"],"_":{"zero":"अहिले","one":"एक मिनेटमा","two":"{{value}} मिनेटमा","few":"{{value}} मिनेटमा","many":"{{value}} मिनेटमा","other":"{{value}} मिनेटमा"}},"hours-until-long":{"_index":["plural","value"],"_":{"zero":"अहिले","one":"एक घण्टामा","two":"{{value}} घण्टामा","few":"{{value}} घण्टामा","many":"{{value}} घण्टामा","other":"{{value}} घण्टामा"}},"days-until-long":{"_index":["plural","value"],"_":{"zero":"आज","one":"भोलि","two":"{{value}} दिनमा","few":"{{value}} दिनमा","many":"{{value}} दिनमा","other":"{{value}} दिनमा"}},"weeks-until-long":{"_index":["plural","value"],"_":{"zero":"यो हप्ता","one":"पछिल्लो हप्ता","two":"{{value}} हप्तामा","few":"{{value}} हप्तामा","many":"{{value}} हप्तामा","other":"{{value}} हप्तामा"}},"months-until-long":{"_index":["plural","value"],"_":{"zero":"यस महिना","one":"पछिल्लो महिना","two":"{{value}} महिनामा","few":"{{value}} महिनामा","many":"{{value}} महिनामा","other":"{{value}} महिनामा"}},"years-until-long":{"_index":["plural","value"],"_":{"zero":"यस बर्ष","one":"आर्को बर्ष","two":"{{value}} बर्षमा","few":"{{value}} बर्षमा","many":"{{value}} वर्षमा","other":"{{value}} वर्षमा"}},"minutes-ago-short":{"_index":["plural","value"],"_":{"zero":"भर्खरै","other":"{{value}}मिनेट अघि"}},"hours-ago-short":{"_index":["plural","value"],"_":{"zero":"भर्खरै","other":"{{value}}घण्टा अघि"}},"days-ago-short":{"_index":["plural","value"],"_":{"zero":"आज","other":"{{value}}दिन अघि"}},"minutes-until-short":{"_index":["plural","value"],"_":{"zero":"अहिले","other":"{{value}}मिनेटमा"}},"hours-until-short":{"_index":["plural","value"],"_":{"zero":"अहिले","other":"{{value}}घण्टामा"}},"days-until-short":{"_index":["plural","value"],"_":{"zero":"आज","other":"{{value}}दिनमा"}},"incorrectDate":"(गलत मिति)","dateTimeFormat_%c":"%a %b %e %Y %I:%M:%S %p","dateTimeFormat_%x":"%m/%d/%Y","dateTimeFormat_%X":"%I:%M:%S %p","shortTimeFormat":"%I:%M %p","shortDateTimeFormat":"%x %I:%M %p","weekStartsOnMonday":"0","time_am":"ए एम","time_pm":"पी एम","tz-region":"क्षेत्र","tz-city":"शहर","tzRegion-Africa":"अफ्रिका","tzRegion-America":"अमेरिका","tzRegion-Antarctica":"एन्टार्क्टिका","tzRegion-Asia":"एसिया","tzRegion-Atlantic":"एटलान्टिक महासागर","tzRegion-Australia":"अस्ट्रेलिया","tzRegion-Europe":"युरोप","tzRegion-Indian":"इण्डियन महासागर","tzRegion-Pacific":"प्रशान्त महासागर","close":"Close","import":"Import","update":"Update","fbFriends":"Facebook Friends","live-serviceName":"Outlook","gmail-serviceName":"Gmail","facebook-serviceName":"Facebook Friends","selectAll":"Select all","deselectAll":"Deselect all","viewAll":"View All Facebook Friends","viewRecommend":"View Only Recommended","linkProposal":{"_index":["plural","numFriends"],"_":{"zero":"No matching friends. Showing all","one":"Select the recommended one","two":"Select a recommended one","few":"Select a recommended one","many":"Select a recommended one","other":"Select a recommended one"}},"fbFriendsFound":{"_index":["plural","numFriends"],"_":{"zero":"All your friends are imported","one":"Found one friend to import","two":"Found {{numFriends}} friends to import","few":"Found {{numFriends}} friends to import","many":"Found {{numFriends}} friends to import","other":"Found {{numFriends}} friends to import"}},"facebook":"Facebook","search-contact":{"placeholder":"Search"},"noResults":"No contacts found","done-search":"Done","progressFB3ImportTitle":"Importing friends to Contacts","progressFB":"{{current}}/{{total}}","progressFB3UpdateTitle":"Updating friends in Contacts","message2":"This may take a couple of minutes","messageLinking":"Please hold on. We are linking your friend and your contact.","messageCanceling":"Please hold on. We are canceling the ongoing operation.","error1":"Error {{from}}","error2":"Do you want to retry?","errorProposal":"calculating proposals","errorFriends":"retrieving friends","errorLinking":"linking contact","timeout1":"Exceeded timeout {{from}}","timeout2":"Do you want to retry?","timeoutProposal":"calculating proposals","timeoutFriends":"retrieving friends","timeoutLinking":"linking contacts","wait1":"Please hold on","wait2":"This may take a couple of minutes","waitProposal":"Please hold on. We are calculating a proposal.","waitFriends":"Please hold on. We are connecting to obtain your friend list.","curtainCancel":"Cancel","curtainRetry":"Retry","curtainOK":"OK","connectionLost":"No Internet connection","connectionLostMsg":"Friends’ photos will not be added to your contacts. Continue anyway?","yesOption":"OK","noOption":"Cancel","friendsUpdated":{"_index":["plural","numFriends"],"_":{"zero":"No friends updated","one":"Updated one friend","two":"Updated {{numFriends}} friends","few":"Updated {{numFriends}} friends","many":"Updated {{numFriends}} friends","other":"Updated {{numFriends}} friends"}},"notificationLogin":"Your Facebook session is invalid. Please sign in.","syncError":"There was an error synchronizing your friend’s data","callAirplaneModeMessage":"कल गर्नको लागि तपाईले सेटिङमा गएर उडान शैली अक्षम पार्नुपर्नेछ।","callAirplaneModeBtnOk":"ठीक छ","callAirplaneModeTitle":"उडान शैली सक्रिय भयो","numberIsBusyTitle":"नम्बर व्यस्त छ","numberIsBusyMessage":"नम्बर अहिले व्यस्त छ । पछि पुन: प्रयास गर्नु होला ।","fdnIsActiveTitle":"FDN active","fdnIsActiveMessage":"FDN (Fixed Dialing Numbers) is activated and the following number is not in your FDN list: {{ number }}","voiceMail":"वाच्य इमेल","emergencyNumber":"आपत्कालिन नम्बर","emergencyDialogBodyBadNumber":"कल गर्नको लागि, फोन कुनै सञ्जालसङ्ग जडान हुनुपर्छ।","emergencyDialogBodyDeviceNotAccepted":"आपातकालीन कलहरु गर्न सञ्जालले अनुमति दिएकोछैन।","emergencyDialogBtnOk":"ठीक छ","emergencyDialogTitle":"सञ्जाल जडान छैन","invalidNumberToDialTitle":"अमान्य फोन नम्बर","invalidNumberToDialMessage":"तपाईले कल गरिराख्नु भएको फोन नम्बर मान्य छैन।","unableToCallTitle":"अहिले फोन कल गर्न असक्षम","unableToCallMessage":"फोन कल गर्न मिलेन। यदि तपाईले पाहिला देखि नै डायल गारिराख्नुभाएको छ भने, कृपया पहिला ह्याङ्ग अप गर्नुहोस्।","otherConnectionInUseTitle":"प्रयोगमा भएको अन्य जडान","otherConnectionInUseMessage":"तपाईंको अर्को जडानमा एउटा सक्रिय कल छ । तपाईं एक समयमा मात्र एउटा जडान प्रयोग गर्न सक्नुहुन्छ।","addNewNumber":"Add new number","addToExistingContact":"अवस्थित सम्पर्कमा थप्नुहोस्","all":"सबै","asterisk":{"ariaLabel":"Asterisk"},"callLog":"कल लग","callLogEdit":{"title":"Edit call log"},"callLogEditDialog":{"ariaLabel":"Edit call log dialog"},"connecting":"जडान हुँदैछ","cf-async":"Asynchronous: {{ async }}\\n","cf-data":"डाटा: {{ data }}\\n","cf-error":"कल फरवार्डको स्थिति पाउन खोज्दा त्रुटि भयो","cf-fax":"FAX: {{ fax }}\\n","cf-inactive":"निस्क्रिय","cf-packet":"Packet: {{ packet }}\\n","cf-pad":"PAD: {{ pad }}\\n","cf-sms":"SMS: {{ sms }}\\n","cf-status":"कल फर्वार्डको स्थिति\\n","cf-sync":"Synchronous: {{ sync }}\\n","cf-voice":"Voice: {{ voice }}\\n","confirm-deletion":"चयन गरिएको कल हटाउनुहुन्छ?","contacts":"सम्पर्कहरू","createNewContact":"एउटा नयाँ सम्पर्क सिर्जना गर्नुहोस्","delete":"Delete","dialerAddContact":{"ariaLabel":"Add contact"},"dialerAddContactDialog":{"ariaLabel":"Add Contact Dialog"},"edit-selected":{"_index":["plural","n"],"_":{"one":"{{ n }}वटा चयन गरिएको","two":"{{ n }}वटा चयन गरिएको","few":"{{ n }} वटा चयन गरिएको","many":"{{ n }} वटा चयन गरिएको","other":"{{ n }} वटा चयन गरिएको"}},"edit":"सम्पादन गर्नुहोस्","hashSign":{"ariaLabel":"Hash sign"},"hideKeypad":{"ariaLabel":"Hide keypad"},"ignore":"कल वेवास्ता गर्नुहोस्","incoming":"आगमन","keypad":{"ariaLabel":"Keypad"},"keypadDelete":{"ariaLabel":"Delete"},"makeCall":{"ariaLabel":"Make call"},"merge":"गाभ्नुहोस्","missed":"छुटेको","missedCall":"छुटेको कल","missedCallMultiSims":"(SIM {{ n }}) छुटेका कल","mmi-error":"सन्देश पठाउँदै गर्दा त्रुटि भयो","mmi-session-expired":"सत्र समाप्त","mmi-successfully-sent":"सन्देश सफलतापूर्व पठाइयो","mute":{"ariaLabel":"Mute"},"newCall":{"ariaLabel":"New call"},"no-logs-msg-1":"कुनै कल रेकर्ड गरिएको छैन","no-logs-msg-2":"संचार अहिले सुरु गर्दै","no-logs-msg-3":"छुट कलहरु छैन","phoneNumberInput":{"ariaLabel":"Phone number"},"recents":{"ariaLabel":"Recent calls"},"reply":"जवाफ पठाउनुहोस्","switch-calls":"बोलावटहरू स्विच गर्नुहोस्","today":"आज","voiceMailKey":{"ariaLabel":"Voicemail"},"withheld-number":"रोक लगाईएको नम्बर","from-contact":"{{ सम्पर्क}}बाट","from-number":"{{नम्बर}}बाट","from-withheld-number":"रोक लगाईएको नम्बरबाट","yesterday":"हिजो","sending":"पठाउँदै...","speakerOption":{"ariaLabel":"Speaker"},"ussd-services":"{{ operator }} सुबिधाहरु","toggleKeypad":{"ariaLabel":"Toggle keypad"},"type-your-response":{"placeholder":"तपाईँको प्रतिक्रिया लेख्नुहोस्..."},"clear-all-text":"सबै पाठ मेटाउनुहोस्","hide":"लुकाउनुहोस्","call":"कल ","hold":"समाउनुहोस्","resume":"पुन: निरन्तरता गर्नुहोस्","sendSms":"सन्देश पठाउनुहोस्","callEnded":"कल समाप्त भयो","via-sim":"SIM मार्फत{{ n }}","sim-number":"SIM{{ n }}","hangup-a11y-button":{"aria-label":"ह्याङ अप"},"pickup-a11y-button":{"aria-label":"उठानोउस"},"unlock-a11y-button":{"aria-label":"स्लाइडर"},"settings":"सेटिङहरू","delete-n-log?":{"_index":["plural","n"],"_":{"zero":"केहि चयन गरिएको छैन","one":"चयन गरिएको नोडहरू मेटाउने हो?","two":"{{ n }} लगहरु मेटाउनु हुन्छ ?","few":"{{ n }} लगहरु मेटाउनुहुन्छ?","many":"{{ n }} लगहरु मेटाउनुहुन्छ?","other":"{{ n }} लगहरु मेटाउनुहुन्छ?"}},"callDurationMinutes":"{{ m }}:{{ s }}","callDurationHours":"{{ h }}:{{ m }}:{{ s}}","suggestionMatches":{"_index":["plural","n"],"_":{"one":"\"{{ matchNumber }}\"का लागि {{ n }} वटा जोडा","two":"\"{{ matchNumber }}\"का लागि {{ n }} वटा जोडाहरु","few":"\"{{ matchNumber }}\"का लागि {{ n }} वटा जोडाहरु","many":"\"{{ matchNumber }}\"का लागि {{ n }} वटा जोडाहरु","other":"\"{{ matchNumber }}\"का लागि {{ n }} वटा जोडाहरु"}},"scCallBarring":"अपवाद कल","scCallForwarding":"कल पठाउँदै","scClip":"आगमन कलर आईडी","scClir":"बाह्यगमन कलर आईडी","scPwd":"पासवर्ड परिवर्तन","scCallWaiting":"कल प्रतिक्षा","scPin":"PIN परिवर्तन","scPin2":"PIN2 परिवर्तन","scPuk":"PIN बाधा हटाउनु","scPuk2":"PIN2 बाधा हटाउनुहोस्","scImei":"IMEI","scUssd":"USSD","serviceClassVoice":"स्वर","serviceClassData":"डाटा","serviceClassFax":"फ्याक्स","serviceClassSms":"एसएमएस","serviceClassDataSync":"सिन्क्रोनाइज","serviceClassDataAsync":"असक्रमित","serviceClassPacket":"प्याकेट","serviceClassPad":"PAD","smServiceEnabled":"सेवा सक्षम पारियो","smServiceDisabled":"सेवा अक्षम भएको छ।","smServiceRegistered":"दर्ता सफल भएको छ।","smServiceErased":"मेट्ने काम सफल भयो।","smServiceInterrogated":"तपाईको अनुरोध सफल भयो।","smServiceNotProvisioned":"सेवा लिइएको छैन","smClirPermanent":"तपाईले कलर आइडि सेटिङ्ग परिर्वतन गर्न मिल्दैन","smClirDefaultOnNextCallOn":"पूर्वनिर्धारित कलर आइडि निशेधित। पछिल्लो कल: निशेधित","smClirDefaultOnNextCallOff":"पूर्वनिर्धारित कलर आइडि निशेधित। पछिल्लो कल: निशेधित नगरिएको","smClirDefaultOffNextCallOn":"पूर्वनिर्धारित कलर आइडि निशेधित नगरिएको। पछिल्लो कल: निशेधित","smClirDefaultOffNextCallOff":"पूर्वनिर्धारित कलर आइडि निशेधित नगरिएको। पछिल्लो कल: निशेधित नगरिएको","smServiceEnabledFor":"सेवा यसका लागि सक्षम पारियो:","smPinChanged":"PIN सफलतापूर्वक परिवर्तन भयो","smPinUnblocked":"PIN सफलतापूर्वक अनब्लक भयो","smPin2Changed":"PIN२ सफलतापूर्वक परिवर्तन भयो","smPin2Unblocked":"PIN२ सफलतापूर्वक अनब्लक भयो","emMmiError":"जडानमा समस्या वा अवैध MMI कोड","emMmiErrorPasswordIncorrect":"गलत पासवर्ड","emMmiErrorNotSupported":"अवैध वा असमर्थित MMI कोड","emMmiErrorInvalidAction":"रद्ध रोजाइ","emMmiErrorInvalidScCode":"रद्ध सेवा कोड","emMmiErrorBadPuk":"ेतपाईले लेख्नु भएको PUK गलत भयो।","emMmiErrorBadPin":"तपाईले लेख्नु भएको पुरानो PIN सहि छैन।","emMmiErrorNeedPuk2":"PUK2 लेखि सिम कार्डको रोक हटाउनु होस्।","emMmiErrorMismatchPin":"तपाईले लेख्नु भएको PIN हरु मेल खाएन।","emMmiErrorInvalidPin":"४ देखि ८ अङ्कको PIN लेख्नु होस्।","emMmiErrorNeedsPuk":"तपाईँको सिम कार्ड PUK-ताल्चा लागेको छ","emMmiErrorEnablePin":"असफल। SIM/RUIM LOCK सक्षम पार्नुहोस्","emMmiErrorMmiFdn":"सञ्चालन स्थिर डायल सङ्ख्याहरुका लागि मात्र रोक लगाईएकोछ","emMmiErrorStkCcUssdDial":"USSD अनुरोध DIAL अनुरोधमा परिमाजन गरियो","emMmiErrorStkCcUssdSs":"USSD अनुरोध SS अनुरोधमा परिमाजन गरियो","emMmiErrorStkCcUssdUssd":"USSD अनुरोध नयाँ USSD अनुरोधमा परिमाजन गरियो","emMmiErrorStkCcSsDial":"SS अनुरोध DIAL अनुरोधमा परिमाजन गरियो","emMmiErrorStkCcSsUssd":"SS अनुरोध USSD अनुरोधमा परिमाजन गरियो","emMmiErrorStkCcSsSs":"SS अनुरोध नयाँ SS अनुरोधमा परिमाजन गरियो","emMmiErrorPinPukAttempts":{"_index":["plural","n"],"_":{"one":"{{ n }} कोसिस मात्र बाँकी","two":"{{ n }} कोसिसहरु बाँकी","few":"{{ n }} कोसिसहरु बाँकी","many":"{{ n }} कोसिसहरु बाँकी","other":"{{ n }} कोसिसहरु बाँकी"}},"emMmiErrorSimBlocked":"अधिकतम पुन: प्रयास सङ्ख्याले सीमा नाघ्यो।SIM रोकियो","RadioNotAvailable":"रेडियो उपलब्ध छैन","GenericFailure":"साधारण विफल","PasswordIncorrect":"गलत पासवर्ड","SimPin2":"SIM PIN२","SimPuk2":"SIM PUK२","RequestNotSupported":"अनुरोध असमर्थित","OpNotAllowedDuringVoiceCall":"वाच्य कलका बेला सञ्चालन अनुमति नदिईएको","SmsSendFailRetry":"SMS पठाउन असफल पुन: प्रयास गर्नुहोस्","SimAbsent":"SIM अनुपस्थित","SubscriptionNotAvailable":"सदस्यता उपलब्ध छैन","ModeNotSupported":"शैली समर्थित छैन","FdnCheckFailure":"Fdn जाँच विफल","IllegalSimOrMe":"अवैध SIM वा ME","DialModifiedToUssd":"डायल USSDमा परिमार्जित गरियो","DialModifiedToSs":"डायल SSमा परिमार्जित गरियो","DialModifiedToDial":"डायल डायलमा परिमार्जित गरियो","UssdModifiedToDial":"USSD डायलमा परिमार्जित गरियो","UssdModifiedToSs":"USSD SSमा परिमार्जित गरियो","UssdModifiedToUssd":"USSD USSDमा परिमार्जित गरियो","SsModifiedToDial":"डायल SSमा परिमार्जित गरियो","SsModifiedToUssd":"USSD SSमा परिमार्जित गरियो","SsModifiedToSs":"SS SSमा परिमार्जित गरियो","SubscriptionNotSupported":"सदस्यता समर्थित छैन","InvalidParameter":"अवैध परामिति","RejectedByRemote":"प्रतिकरणद्वारा अस्वीकार","group-call":{"_index":["plural","n"],"_":{"one":"सामुहिक कल ({{ n }})","two":"सामुहिक कल ({{ n }})","few":"सामुहिक कल ({{ n }})","many":"सामुहिक कल ({{ n }})","other":"सामुहिक कल ({{ n }})"}},"caller-left-call":"{{ caller }} ले कल छोडेको छ।","conferenceAddError":"कलहरु मिलाउन असमर्थ","conferenceRemoveError":"कलहरु नमिलाउन असमर्थ","longDateFormat":"%A, %B %e","select-audio-sources":"श्रवनस्रोत चयन गर्नुहोस्","bluetooth-handsfree-device":"ब्लुटुथ स्वतन्त्र यन्त्र हो","receiver":"प्रप्तिकर्ता","speaker":"वक्ता","add":"थप्नुहोस्","done":"भयो","retry":"पुन:प्रयास गर्नुहोस्","addContact":"सम्पर्क थप्नुहोस्","deleteContact":"सम्पर्क मेट्नुहोस्","selectContact":"सम्पर्क चयन गर्नुहोस्","editContact":"सम्पर्क सम्पादन गर्नुहोस्","deleteConfirmMsg":"सम्पर्क मेट्नुहुन्छ?","remove":"हटाउनुहोस्","comments":"टिप्पणीहरू","no_contact_phones":"सम्पर्कको लागि फोन नम्बर छैन।","no_contact_email":"सम्पर्कको लागि ईमेल ठेगाना छैन।","removePhotoConfirm":"सम्पर्क तस्विर हटाउनुहुन्छ?","loadingContacts":"सम्पर्कहरु लोड हुँदैछ...","noContactsActivity":"सम्पर्कमा थप्न सकिएन किनभने तपाईको सम्पर्क सूचि खाली छ","noName":"नाम छैन","givenName":{"placeholder":"नाम"},"familyName":{"placeholder":"अन्तिम नाम"},"tel":{"placeholder":"फोन"},"carrier":{"_":"वाहक","placeholder":"वाहक"},"separator":",","email":{"_":"इमेल","placeholder":"इमेल"},"streetAddress":{"placeholder":"गल्ली"},"postalCode":{"placeholder":"हुलाकी सङ्केत"},"locality":{"placeholder":"शहर"},"countryName":{"placeholder":"देश"},"comment":{"placeholder":"टिप्पणी"},"org":{"placeholder":"कम्पनी"},"custom":"अनुकूल ट्याग","date":{"_":"मिति","placeholder":"मिति"},"date-span-placeholder":"Date","birthday":"जन्मदिन","dateFormat":"%B %e","dateOutput":"{{dayMonthFormatted}} {{year}}","anniversary":"वार्षिकोत्सव","addPhoto":"तस्विर थप्नुहोस्","addPhone":"फोन थप्नुहोस्","addEmail":"इमेल थप्नुहोस्","addAddress":"ठेगाना थप्नुहोस्","addDate":"मिति थप्नुहोस्","addComment":"टिप्पणी थप्नुहोस्","addFavorite":"मनपर्नेहरूमा थप्नुहोस्","removeFavorite":"मनपर्नेहरूबाट हटाउनुहोस्","label":"लेबुल","home":"गृह","work":"काम","personal":"व्यक्तिगत","faxHome":"गृह फ्याक्स","faxOffice":"फ्याक्स कार्यालय","faxOther":"फ्याक्स अरु","another":"अर्को","other":"अरु","current":"हालको","itemWithLabel":"{{label}}, {{item}}","exit":"निस्कनुहोस्","expand":"विस्तार गर्नुहोस्","labelName":"नाम:","labelLastName":"अन्तिम नाम:","labelPhoneNumber":"फोन नम्बर:","labelCarrier":"वाहक:","labelEmail":"इमेल:","labelStreet":"गल्ली:","labelZip":"जिप कोड","labelCity":"शहर","labelCountry":"देश:","labelComment":"टिप्पणी:","legendTitleMain":"मुख्य सूचना","legendPhones":"फोन नम्बर","legendEmail":"इमेल ठेगाना","legendAddress":"ठेगाना","transferContactsTitle":"स्थानान्तर विवरण","importContactsTitle":"सम्पर्कहरु आयात गर्नुहोस्","importContactsButton":"सम्पर्कहरु आयात गर्नुहोस्","exportContactsTitle":"सम्पर्कहरु निर्यात गर्नुहोस्","exportContactsButton":"सम्पर्कहरु निर्यात गर्नुहोस्","exportContactsAction":"निर्यात गर्नुहोस्","simExport-title":"SIM मा निर्यात गर्नुहोस्","sdExport-title":"SD Card मा निर्यात गर्नुहोस् ","btExport-title":"ब्लुटुथमा निर्यात गर्नुहोस्","sdUMSEnabled":"एस् डी कार्डको प्रयोग हुन सक्दैन किनभने यु एस् बी भण्डारण सक्षम भइरहेको छ","exportErrorTitle":"निर्यात त्रुटि","contactsExported2":{"_index":["plural","exported"],"_":{"zero":"कुनै सम्पर्क निर्यात भएको छैन","one":"{{निर्यात}}/{{जम्मा}} सम्पर्कहरु आयात गरियो","two":"{{निर्यात}}/{{जम्मा}} सम्पर्कहरु आयात गरियो","few":"{{निर्यात}}/{{जम्मा}} सम्पर्कहरु आयात गरियो","many":"{{निर्यात}}/{{जम्मा}} सम्पर्कहरु आयात गरियो","other":"{{निर्यात}}/{{जम्मा}} सम्पर्कहरु आयात गरियो"}},"exportError-general":"कुनै त्रुटि निर्यात गर्दा भएको छ","exportError-SD-shared":"मेमोरी कार्ड पहुँच हुन सकेन किनभने यो साझेदारी भइरहेको छ","exportError-SD-unavailable":"मेमोरी कार्ड छैन।","exportError-SD-noSpace":"मेमोरी कार्डमा खाली स्थान नरहेकोले सम्पर्क विवरण निर्यात गर्न सकिएन।","exportError-SIM-unavailable":"सिम कार्ड छैन।","exportError-BT-shared":"मेमोरी कार्ड पहुँच हुन सकेन किनभने यो साझेदारी भइरहेको छ","exportError-BT-unavailable":"मेमोरी कार्ड प्रयोगका लागि प्राप्तहुन सकेन।","exportError-BT-noSpace":"मेमोरी कार्डमा खाली स्थान नरहेकोले सम्पर्क विवरण निर्यात गर्न सकिएन।","simContacts-import":"SIMको सम्पर्कहरु आयात गर्नुहोस्","simContacts-importing":"SIMको सम्पर्कहरु आयात गरिँदै छ...","simContacts-reading":"सिम कार्ड बाट पढ्दैछ।","simContacts-error":"सिम बाट सम्पर्क आयात गर्न सकिएन","simContacts-imported3":{"_index":["plural","n"],"_":{"zero":"सिममा आयात गर्न कुनै सम्पर्क भेटिएन","one":"एउटा सम्पर्क आयात गरियो","two":"{{n}} सम्पर्क आयात गरियो","few":"{{n}} सम्पर्क आयात गरियो","many":"{{n}} वटा सम्पर्कहरु आयातित:","other":"{{n}} सम्पर्कहरु आयात गरियो"}},"noSimMsgExport":"सम्पर्कहरु आयात गर्न सिमकार्ड घुसाउनुहोस् वा अन्लक् गर्नुहोस्","simNumber":"SIM {{सङ्ख्या}}","memoryCardContacts-import":"एस् डी कार्डबाट सम्पर्कहरु आयात गर्नुहोस्","memoryCardContacts-importing":"एस् डी कार्डबाट सम्पर्कहरु आयात गरिदैछ…","memoryCardContacts-reading":"एस् डी कार्डबाट पढिदैछ…","memoryCardContacts-error":"एस् डी कार्डबाट सम्पर्कहरु आयात गर्न सकिएन","memoryCardContacts-imported3":{"_index":["plural","n"],"_":{"zero":"आयात गर्न SD कार्डमा कुनै पनि सम्पर्कहरु भेटिएन","one":"एउटा सम्पर्क आयात गरियो","two":"{{n}} सम्पर्क आयात गरियो","few":"{{n}} सम्पर्कहरु आयात गरियो","many":"{{n}} सम्पर्क आयात गरियो","other":"{{n}} सम्पर्क आयात गरियो"}},"noMemoryCardMsgExport":"सम्पर्कहरु आयात गर्न एस् डी कार्ड घुसाउनुहोस्","genericProgress":"{{current}}/{{total}}","social-network":"सामाजिक सञ्जालहरु","social-link":"जोड्ने सम्पर्क","social-unlink":"सम्पर्क अनलिङ्क गर्नुहोस्","social-unlink-confirm-title":"के तपाईं आफ्नो साथीलाई अनलिङ्क गर्न चहानुहुन्छ?","social-unlink-confirm-accept":"अनलिङ्क","facebook-import":"फेसबुक साथीहरू आयात गर्नुहोस्","show-fb-profile":"फेसबुक प्रोफाइल देखाउनुहोस्","msg-send":"सन्देश","wall-post":"भिती लेखन","facebook-import-msg":{"_index":["plural","imported"],"_":{"zero":"({{total}}बाट) कोहि नि साथीहरु अायात गरिएन","one":"({{total}}बाट) एकजना साथि अायात गरियो","two":"{{imported}}/{{total}} साथीहरु आयात गरियो","few":"{{imported}}/{{total}} साथीहरु आयात गरियो","many":"{{imported}}/{{total}} साथीहरु आयात गरियो","other":"{{imported}}/{{total}} साथीहरु आयात गरियो"}},"facebookSwitchMsg":"साथीहरु समक्रमण गर्नुहोस्","select_mobile":"मोबाइल चयन गर्नुहोस","select_email":"इमेल चयन गर्नुहोस","contactsOrderBy":"अन्तिम नामद्वारा क्रमबद्ध गर्नुहोस्","bluetooth":"ब्लुटुथ","fbUpdateFriends":"आयातित: साथीहरु अपडेट गर्नुहोस्","cleaningFbData":"फेसबुक डाटा हटाइँदैछ","loggingOutFb":"फेसबुकबाट बहिर निस्कँदै","cleanFbConfirmMsg":"सबै फेसबुक डाटा हटाउने?","renewPwdMsg":"तपाईँको फेसबुकको पासवर्ड परिवर्तन भएको छ।कृपया अद्यावधिक गर्नुहोस्।","notEnabledYet":"अझै सक्रिय नपारिएको","genericNoConnection":"सम्पर्क विवरण आयात गर्न वाई-फाई वा डाटा सञ्जालमा रहनुहोस्।","simCard":"सिम कार्ड","memoryCard":"मेमोरी कार्ड","create-new":"एउटा नयाँ सम्पर्क सिर्जना गर्नुहोस्","import-now":"SIM कार्ड वा फेसबुक बाट सम्पर्क आयात गार्नुहोस्","no-contacts":"सम्पर्कहरू छैनन्","start-adding":"तीनिहरूलाई थप्न अहिल्यै सुरु गर्नुहोस्","notImported":"आयातित गारिएको छैन","imported":"आयातित","organise-contacts":"सम्पर्क विवरण मिलाउनुहोस्।","find-merge-contacts":"उस्तै सम्पर्क विवरण खोज्नुहोस्।","preparing-contacts":"सम्पर्क विवरण बनाउने तयारी गर्दै।","exportError-SIM-NoFreeRecordFound":"सिम कार्ड पूर्णरुपले भरिएको छ","exportError-SIM-CannotAccessPhoneBook":"सिम कार्ड फोन पुस्तकमा प्रवेश निषेध","exportError-SIM-Unavailable":"सिम पत्ता लागेन","exportError-SIM-GenericError":"संपर्क निकसी गर्दा त्रुटि देखा परेकोछ ","ContactManagementTitle":"Contacts Management","DeleteTitle":"Delete","bulkDeleteButton":"Delete Contacts","BulkDelCancel":"Contacts delete cancelled","DeletedTxt":{"_index":["plural","n"],"_":{"zero":"No Contact to Delete","one":"1 Contact removed","two":"{{n}} Contacts removed","few":"{{n}} Contacts removed","many":"{{n}} Contacts removed","other":"{{n}} Contacts removed"}},"DeletingContacts":"Deleting contacts","ContactConfirmDel":{"_index":["plural","n"],"_":{"zero":"No Contact to Delete","one":"Delete 1 Contact? This cannot be undone.","two":"Delete {{n}} Contacts? This cannot be undone.","few":"Delete {{n}} Contacts? This cannot be undone.","many":"Delete {{n}} Contacts? This cannot be undone.","other":"Delete {{n}} Contacts? This cannot be undone."}},"SelectedTxt":{"_index":["plural","n"],"_":{"zero":"Contacts","one":"{{n}} selected","two":"{{n}} selected","few":"{{n}} selected","many":"{{n}} selected","other":"{{n}} selected"}},"sim-picker-dial-via-with-number":"यस बाट {{ phoneNumber }} डायल गर्नुहोस","sim-picker-select-sim":"सिम चयन गर्नुहोस्","sim-picker-button":"सिम{{ n }}","sim-picker-button-default":"(पूर्वनिर्धारित)","waitDuplicateContacts":"उस्तै सम्पर्क विवरण हेर्दै","waitMergingDuplicateContacts":"उस्तै सम्पर्क विवरण गाभदै।","alertNoDuplicateContacts":"कुनै नक्कली सम्पर्क फेला परेन","mergeDuplicateTitle":"नक्कल प्रतिहरू गाभ्नुहोस्","suggestedDuplicateContacts":"{{name}} लाई सुझाव दिईएको नक्कल सम्पर्कहरु","mergeActionButtonLabel":{"_index":["plural","n"],"_":{"zero":"कुनै सम्पर्क चयन गरिएको छैन","one":"{{n}} सम्पर्कसँग गाभ्नु होस्","other":"सम्पर्क विवरणलाई {{n}} संग गाभनुहोस्।"}},"duplicatesFoundTitle":"नक्कल भेटियो","duplicatesFoundMessage":"{{name}} निम्न सम्पर्कहरुमा रहेको नक्कल सूचना"}