{"brandShortName":"B2G OS","browserBrandShortName":"Webbrowser","browserBrandFullName":"Mozilla-webbrowser","back":"Terug","noSimMsg":"Plaats of ontgrendel uw simkaart om contacten te importeren","noMemoryCardMsg":"Plaats een geheugenkaart om contacten te importeren","importMemoryCard":"Geheugenkaart","noConnection11":"Maak verbinding met een wifi- of gegevensnetwerk om Facebook-vrienden of contacten te importeren","pincode2":"Voer pincode in","type_pin":"Typ uw pincode","pincodeLabel":"Pincode van simkaart {{n}}","pinValidation":"De pincode moet tussen 4 en 8 tekens bevatten.","pinError":"De pincode was onjuist.","pinAttemptMsg2":{"_index":["plural","n"],"_":{"one":"U hebt één poging over om de juiste code in te voeren voordat de simkaart wordt vergrendeld.","two":"U hebt {{n}} pogingen over om de juiste code in te voeren voordat de simkaart wordt vergrendeld.","few":"U hebt {{n}} pogingen over om de juiste code in te voeren voordat de simkaart wordt vergrendeld.","many":"U hebt {{n}} pogingen over om de juiste code in te voeren voordat de simkaart wordt vergrendeld.","other":"U hebt {{n}} pogingen over om de juiste code in te voeren voordat de simkaart wordt vergrendeld."}},"pinLastChanceMsg":"Dit is uw laatste kans om de juiste pincode in te voeren. Anders moet u de pukcode invoeren om deze simkaart te gebruiken.","pukcode":"Voer pukcode in","pukcodeTitle":"Voer pukcode van simkaart {{n}} in","pukcodeLabel":"Pukcode van simkaart {{n}}","type_puk":"Pukcode","pukValidation":"De pukcode moet precies 8 tekens bevatten.","pukInfo":"U moet de persoonlijke deblokkeringscode (pukcode) voor de simkaart invoeren. Kijk in de documentatie van uw simkaart of neem contact op met uw mobiele provider voor meer informatie.","pukError":"De pukcode was onjuist.","pukAttemptMsg2":{"_index":["plural","n"],"_":{"one":"U hebt één poging over om de juiste code in te voeren voordat deze simkaart blijvend onbruikbaar wordt. Kijk in de documentatie van uw simkaart of neem contact op met uw mobiele provider voor meer informatie.","two":"U hebt {{n}} pogingen over om de juiste code in te voeren voordat deze simkaart blijvend onbruikbaar wordt. Kijk in de documentatie van uw simkaart of neem contact op met uw mobiele provider voor meer informatie.","few":"U hebt {{n}} pogingen over om de juiste code in te voeren voordat deze simkaart blijvend onbruikbaar wordt. Kijk in de documentatie van uw simkaart of neem contact op met uw mobiele provider voor meer informatie.","many":"U hebt {{n}} pogingen over om de juiste code in te voeren voordat deze simkaart blijvend onbruikbaar wordt. Kijk in de documentatie van uw simkaart of neem contact op met uw mobiele provider voor meer informatie.","other":"U hebt {{n}} pogingen over om de juiste code in te voeren voordat deze simkaart blijvend onbruikbaar wordt. Kijk in de documentatie van uw simkaart of neem contact op met uw mobiele provider voor meer informatie."}},"pukLastChanceMsg":"Dit is uw laatste kans om de juiste pukcode in te voeren. Uw simkaart wordt blijvend onbruikbaar als u de verkeerde pukcode invoert.","create_newpin":"Creëer nieuwe pincode (4 tot 8 cijfers)","confirm_newpin":"Bevestig nieuwe pincode","newpinConfirmation":"Pincodes komen niet overeen","nckcode":"Voer NCK-code in","cckcode":"Voer CCK-code in","spckcode":"Voer SPCK-code in","nck1code":"Voer NCK1-code in","nck2code":"Voer NCK2-code in","hnckcode":"Voer HNCK-code in","rcckcode":"Voer RCCK-code in","rspckcode":"Voer RSPCK-code in","nckcodeTitle":"Voer NCK-code van simkaart {{n}} in","cckcodeTitle":"Voer CCK-code van simkaart {{n}} in","spckcodeTitle":"Voer SPCK-code van simkaart {{n}} in","nck1codeTitle":"Voer NCK1-code van simkaart {{n}} in","nck2codeTitle":"Voer NCK2-code van simkaart {{n}} in","hnckcodeTitle":"Voer HNCK-code van simkaart {{n}} in","rcckcodeTitle":"Voer RCCK-code van simkaart {{n}} in","rspckcodeTitle":"Voer RSPCK-code van simkaart {{n}} in","nckcodeLabel":"NCK-code van simkaart {{n}}","cckcodeLabel":"CCK-code van simkaart {{n}}","spckcodeLabel":"SPCK-code van simkaart {{n}}","nck1codeLabel":"NCK1-code van simkaart {{n}}","nck2codeLabel":"NCK2-code van simkaart {{n}}","hnckcodeLabel":"HNCK-code van simkaart {{n}}","rcckcodeLabel":"RCCK-code van simkaart {{n}}","rspckcodeLabel":"RSPCK-code van simkaart {{n}}","type_nck":"Typ uw NCK-code","type_cck":"Typ uw CCK-code","type_spck":"Typ uw SPCK-code","type_nck1":"Typ uw NCK1-code","type_nck2":"Typ uw NCK2-code","type_hnck":"Typ uw HNCK-code","type_rcck":"Typ uw RCCK-code","type_rspck":"Typ uw RSPCK-code","nckValidation":"NCK moet tussen 8 en 16 tekens bevatten.","cckValidation":"CCK moet tussen 8 en 16 tekens bevatten.","spckValidation":"SPCK moet tussen 8 en 16 tekens bevatten.","nck1Validation":"NCK1 moet tussen 8 en 16 tekens bevatten.","nck2Validation":"NCK2 moet tussen 8 en 16 tekens bevatten.","hnckValidation":"HNCK moet tussen 8 en 16 tekens bevatten.","rcckValidation":"RCCK moet tussen 8 en 16 tekens bevatten.","rspckValidation":"RSPCK moet tussen 8 en 16 tekens bevatten.","nckErrorMsg":"De NCK-code is onjuist.","nckAttemptMsg2":{"_index":["plural","n"],"_":{"one":"Fout bij netwerkdepersonalisatieverzoek. U hebt één poging over om de juiste code in te voeren. Kijk in de documentatie van uw apparaat of neem contact op met uw mobiele provider voor meer informatie.","two":"Fout bij netwerkdepersonalisatieverzoek. U hebt {{n}} pogingen over om de juiste code in te voeren. Kijk in de documentatie van uw apparaat of neem contact op met uw mobiele provider voor meer informatie.","few":"Fout bij netwerkdepersonalisatieverzoek. U hebt {{n}} pogingen over om de juiste code in te voeren. Kijk in de documentatie van uw apparaat of neem contact op met uw mobiele provider voor meer informatie.","many":"Fout bij netwerkdepersonalisatieverzoek. U hebt {{n}} pogingen over om de juiste code in te voeren. Kijk in de documentatie van uw apparaat of neem contact op met uw mobiele provider voor meer informatie.","other":"Fout bij netwerkdepersonalisatieverzoek. U hebt {{n}} pogingen over om de juiste code in te voeren. Kijk in de documentatie van uw apparaat of neem contact op met uw mobiele provider voor meer informatie."}},"nckLastChanceMsg":"Fout bij netwerkdepersonalisatieverzoek. Dit is uw laatste kans om de juiste NCK-code in te voeren. Kijk in de documentatie van uw apparaat of neem contact op met uw mobiele provider voor meer informatie.","skip":"Overslaan","send":"Bevestigen","ok":"OK","simLocked":"De simkaart is vergrendeld","inputCodeRetriesLeft":{"_index":["plural","n"],"_":{"one":"Laatste poging.","two":"{{n}} pogingen over.","few":"{{n}} pogingen over.","many":"{{n}} pogingen over.","other":"{{n}} pogingen over."}},"simManager":"Simkaartbeheerder","simDetail":"Simkaart {{n}}","simDefault":"(standaard)","simDefaultMessage":"Uitgaande oproepen, uitgaande berichten en de gegevensverbinding worden standaard naar simkaart 1 ingesteld","simSettingsMessage":"U kunt standaardinstellingen wijzigen bij Instellingen > Simkaartbeheerder","simPinLocked":"Simpincode vergrendeld","noOperator":"Geen operator","language":"Taal","english":"Engels","dvorak":"Engels (Dvorak)","spanish":"Spaans","portuguese":"Braziliaans-Portugees","french":"Frans","italian":"Italiaans","arabic":"Arabisch","greek":"Grieks","hebrew":"Hebreeuws","jp-kanji":"Japans","jp-kanji-desc":"Kanji","traditionalChinese":"Traditioneel Chinees","traditionalChinese-desc":"Zhuyin","simplifiedChinese":"Vereenvoudigd Chinees","simplifiedChinese-desc":"Pinyin","3g":"Gegevensverkeer","dataConnection":"Gegevens inschakelen","dataConnectionInfo":"Door de gegevensverbinding nu in te schakelen kunt u uw telefoon instellen zonder een wifi-verbinding. U kunt dit ook later inschakelen via Instellingen. Zorg ervoor dat u een gegevensabonnement bij uw mobiele provider hebt om mogelijk hoge rekeningen te voorkomen.","caution":"Waarschuwing","geolocation":"Geolocatie","geolocationCheckbox":"Geolocatie inschakelen","geolocationInfo2":"{{brandShortName}} gebruikt gegevens als gps, wifi en mobiele netwerken in uw omgeving om uw geschatte locatie te helpen bepalen.","geolocationInfoMore":"Deze gegevens worden naar Mozilla en andere serviceproviders verzonden en gezamenlijk gebruikt om de locatiedatabases te verbeteren. Mogelijk worden gegevens op uw apparaat bewaard, en gegevensverzameling kan ook plaatsvinden als er geen apps actief zijn.","notice":"Kennisgeving","aboutYourPrivacy":"Meer over uw privacy","wifi":"Wifi","scanningNetworks":"Scannen naar netwerken","selectNetwork":"Netwerken","shortStatus-connecting":"Verbinden…","shortStatus-associated":"IP-adres verkrijgen…","shortStatus-connected":"Verbonden","shortStatus-connectingfailed":"Verbinding mislukt","shortStatus-disconnected":"Offline","securedBy":"beveiligd door {{capabilities}}","security":"Beveiliging","securityNone":"Geen","securityWEP":"WEP","securityWPA-PSK":"WPA-PSK","securityWPA-EAP":"WPA-EAP","securityOpen":"Open","identity":"Gebruiker","identityInput":{"placeholder":"Gebruiker"},"password":"Wachtwoord","passwordInput":{"placeholder":"Wachtwoord"},"showPassword":"Wachtwoord tonen","refresh":"Vernieuwen","noWifiFound3":"Geen draadloze netwerken gevonden","join-hidden-button":"Verborgen netwerk toevoegen","authentication":"Authenticatie","ssid-name":"SSID-netwerknaam","dateAndTime":"Datum & tijd","setTimeAutomatically":"Automatisch instellen","timezoneMessage":"Tijdzone","timezoneTitle":"UTC{{utcOffset}} {{region}}/{{city}}","dateMessage":"Datum","timeMessage":"Tijd","timeZone":"Tijdzone","change":"Wijzigen","importContacts3":"Contacten importeren","importSim2":"Simkaart","importFb2":"Facebook","importOutlook":"Outlook","importGmail":"Gmail","fb-checking":"… controleren","notImportedYet":"Nog niet geïmporteerd","otherAccount":"Andere accounts","mobile":"Mobiel","afterFbImport":"U kunt Facebook-vrienden altijd importeren en bewerken in de instellingen voor Contacten","firefox-accounts":"Firefox-accounts","fxa-overview":{"innerHTML":"Met een Firefox-acount kunt u functies als Find My Device en apps als de Firefox Marketplace gebruiken."},"fxa-create-account-or-sign-in":"Account aanmaken of aanmelden","fxa-email-sent":"Er is een verificatiekoppeling naar {{email}} verzonden","about-your-rights-0":"{{brandShortName}} is gebouwd op vrije en opensourcesoftware door een gemeenschap van duizenden mensen over de hele wereld. Er zijn een paar zaken die u moet weten:","about-your-rights-1":"{{brandShortName}} wordt voor u beschikbaar gesteld onder de voorwaarden van diverse opensourcelicenties, waaronder de Mozilla Public License. Een apparaat dat met {{brandShortName}} werkt kan tevens bedrijfseigen software van derden bevatten. Code die onder open licenties wordt verschaft geeft u het recht om de broncode te modificeren en uw aangepaste versies te verspreiden, zolang u aan de voorwaarden ervan voldoet.","about-your-rights-2":"Er worden u geen rechten of licenties verleend op de handelsmerken van de Mozilla Foundation of enige andere partij, met inbegrip van en zonder beperking tot de naam of het logo van {{brandShortName}}.","about-your-rights-3":"Een aantal onderdelen in {{brandShortName}}, zoals de Crashreporter, bieden u de mogelijkheid om feedback aan Mozilla te leveren. Door het indienen van feedback geeft u Mozilla toestemming om de feedback te gebruiken om zijn producten te verbeteren, de feedback op zijn websites te publiceren en de feedback te verspreiden.","about-other":"Overige","SIM_mandatory":"Simkaartwaarschuwing","SIM_mandatory_warm":"Plaats een simkaart en herstart uw telefoon.","sharing-performance-data":"Prestatiegegevens delen","telemetry-sends":"Telemetry verzendt gegevens over prestaties, hardware, configuraties en aanpassingen in uw {{brandShortName}}-apparaat naar Mozilla. We gebruiken dit om onze producten beter, sneller en responsiever te maken.","learn-more-telemetry":{"innerHTML":"Lees meer op {{link}}"},"learn-more-information":{"innerHTML":"Lees hoe Mozilla met uw gegevens omgaat op {{link}}"},"welcomeBrowser":"Welkom bij {{brandShortName}}, het vrije en opensource-besturingssysteem van Mozilla. Onze missie is het bevorderen van openheid, innovatie en mogelijkheden door de kracht van het internet in uw handen te houden.","learn-more-privacy":{"innerHTML":"Lees hoe Mozilla met uw gegevens omgaat in ons {{link}}."},"learn-more-privacy-link":"privacybeleid","aboutBrowser":"Over {{brandShortName}}","aboutYourPrivacy2":"Uw privacy","mozillaCommunity2":"Wanneer u {{brandShortName}} gebruikt, wordt u onderdeel van een wereldwijde gemeenschap die een betere toekomst voor het internet helpt te bouwen. Als u meer wilt weten over de Mozilla-gemeenschap, onze andere producten en evenementen in uw omgeving, voer dan hieronder uw e-mailadres in.","collaborate":"Ik wil helpen {{brandShortName}} te verbeteren door gegevens over mijn telefoon te delen.","learnMore":"Lees meer.","emailAddress":{"placeholder":"E-mailadres"},"email-successfully-added":"E-mailadres met succes toegevoegd","email-loading":"Uw e-mailadres opslaan…","browserPrivacyChoices":"{{brandShortName}}-privacykeuzes","privacy-b2g":{"_":"{{brandShortName}}","title":"{{brandShortName}}"},"privacy-marketplace":{"_":"Marketplace","title":"{{privacy-marketplace}}"},"privacy-e-me":{"_":"everything.me","title":"{{privacy-e-me}}"},"navbar-back":"Terug","navbar-next":"Volgende","navbar-join":"Verbinden","thatsIt":"Dat is alles!","startYourPhone":"Start uw rondleiding!","startYourTablet":"Start uw rondleiding!","joinTutorial":"Volg de snelle zelfstudie over uw nieuwe telefoon.","enjoyYourPhone":"U kunt nu van uw telefoon genieten.","optionsAvailable":"U kunt de taal, datum/tijd en wifi-verbinding wijzigen onder Instellingen.","letsGo":"Beginnen","startTour":"Starten","thatsIt1Tablet-2":"U kunt altijd vanaf de onderste rand vegen om het startscherm te benaderen.","thatsIt2Tablet-2":"Ga uw gang!","tutorial-step1-tiny":"Veeg van rechts naar links om door uw apps te bladeren.","tutorial-step2-tiny":"Houd uw vinger op een pictogram om het te verwijderen of te verplaatsen.","tutorial-step3-tiny":"Voer een trefwoord of onderwerp in en uw telefoon past zich meteen aan.","tutorial-step4-tiny":"Veeg omlaag om recente meldingen, tegoedgegevens en instellingen te benaderen.","tutorial-step5-tiny":"Houd uw vinger op de startknop om recente apps te bekijken en te sluiten.","tutorial-step6-tiny":"Veeg vanaf de rand van het scherm om tussen recente apps heen en weer te bewegen.","tutorial-step1-large-2":"Veeg omlaag vanaf de bovenkant om recente meldingen, tegoedgegevens en instellingen te benaderen.","tutorial-step2-large-2":"Veeg naar links of naar rechts om nieuwe apps op het startscherm te ontdekken.","tutorial-step3-large-2":"Houd uw vinger op een pictogram om het te verwijderen of te verplaatsen.","tutorial-step4-large-2":"Veeg met twee vingers omhoog vanaf de onderkant om kaartweergave te starten.","offline-dialog-title":"U moet verbinding hebben met het internet om de pagina te bekijken.","offline-dialog-text":"Ga terug en maak verbinding met het internet. U kunt de pagina ook later bekijken vanuit Instellingen of door {{url}} in te voeren in een browser.","OK":"OK","offline-newsletter-dialog-title":"U moet verbinding hebben met het internet om u op de nieuwsbrief te abonneren.","offline-newsletter-dialog-text":"Ga terug en maak verbinding met het internet.","invalid-email-dialog-title":"Uw e-mailadres is niet geldig","invalid-email-dialog-text":"Ga terug en corrigeer uw invoer.","cancel":"Annuleren","weekday-0-long":"zondag","weekday-1-long":"maandag","weekday-2-long":"dinsdag","weekday-3-long":"woensdag","weekday-4-long":"donderdag","weekday-5-long":"vrijdag","weekday-6-long":"zaterdag","weekday-0-short":"zon","weekday-1-short":"maa","weekday-2-short":"din","weekday-3-short":"woe","weekday-4-short":"don","weekday-5-short":"vrij","weekday-6-short":"zat","month-0-long":"januari","month-1-long":"februari","month-2-long":"maart","month-3-long":"april","month-4-long":"mei","month-5-long":"juni","month-6-long":"juli","month-7-long":"augustus","month-8-long":"september","month-9-long":"oktober","month-10-long":"november","month-11-long":"december","month-0-genitive":"januari","month-1-genitive":"februari","month-2-genitive":"maart","month-3-genitive":"april","month-4-genitive":"mei","month-5-genitive":"juni","month-6-genitive":"juli","month-7-genitive":"augustus","month-8-genitive":"september","month-9-genitive":"oktober","month-10-genitive":"november","month-11-genitive":"december","month-0-short":"jan","month-1-short":"feb","month-2-short":"mrt","month-3-short":"apr","month-4-short":"mei","month-5-short":"jun","month-6-short":"jul","month-7-short":"aug","month-8-short":"sep","month-9-short":"okt","month-10-short":"nov","month-11-short":"dec","minutes-ago-long":{"_index":["plural","value"],"_":{"zero":"zojuist","one":"een minuut geleden","two":"{{value}} minuten geleden","few":"{{value}} minuten geleden","many":"{{value}} minuten geleden","other":"{{value}} minuten geleden"}},"hours-ago-long":{"_index":["plural","value"],"_":{"zero":"zojuist","one":"een uur geleden","two":"{{value}} uur geleden","few":"{{value}} uur geleden","many":"{{value}} uur geleden","other":"{{value}} uur geleden"}},"days-ago-long":{"_index":["plural","value"],"_":{"zero":"vandaag","one":"gisteren","two":"{{value}} dagen geleden","few":"{{value}} dagen geleden","many":"{{value}} dagen geleden","other":"{{value}} dagen geleden"}},"weeks-ago-long":{"_index":["plural","value"],"_":{"zero":"deze week","one":"vorige week","two":"{{value}} weken geleden","few":"{{value}} weken geleden","many":"{{value}} weken geleden","other":"{{value}} weken geleden"}},"months-ago-long":{"_index":["plural","value"],"_":{"zero":"deze maand","one":"vorige maand","two":"{{value}} maanden geleden","few":"{{value}} maanden geleden","many":"{{value}} maanden geleden","other":"{{value}} maanden geleden"}},"years-ago-long":{"_index":["plural","value"],"_":{"zero":"dit jaar","one":"vorig jaar","two":"{{value}} jaar geleden","few":"{{value}} jaar geleden","many":"{{value}} jaar geleden","other":"{{value}} jaar geleden"}},"minutes-until-long":{"_index":["plural","value"],"_":{"zero":"nu","one":"zo meteen","two":"over {{value}} minuten","few":"over {{value}} minuten","many":"over {{value}} minuten","other":"over {{value}} minuten"}},"hours-until-long":{"_index":["plural","value"],"_":{"zero":"nu","one":"over een uur","two":"over {{value}} uur","few":"over {{value}} uur","many":"over {{value}} uur","other":"over {{value}} uur"}},"days-until-long":{"_index":["plural","value"],"_":{"zero":"vandaag","one":"morgen","two":"over {{value}} dagen","few":"over {{value}} dagen","many":"over {{value}} dagen","other":"over {{value}} dagen"}},"weeks-until-long":{"_index":["plural","value"],"_":{"zero":"deze week","one":"volgende week","two":"over {{value}} weken","few":"over {{value}} weken","many":"over {{value}} weken","other":"over {{value}} weken"}},"months-until-long":{"_index":["plural","value"],"_":{"zero":"deze maand","one":"volgende maand","two":"over {{value}} maanden","few":"over {{value}} maanden","many":"over {{value}} maanden","other":"over {{value}} maanden"}},"years-until-long":{"_index":["plural","value"],"_":{"zero":"dit jaar","one":"volgend jaar","two":"over {{value}} jaar","few":"over {{value}} jaar","many":"over {{value}} jaar","other":"over {{value}} jaar"}},"minutes-ago-short":{"_index":["plural","value"],"_":{"zero":"zojuist","other":"{{value}}m geleden"}},"hours-ago-short":{"_index":["plural","value"],"_":{"zero":"zojuist","other":"{{value}}h geleden"}},"days-ago-short":{"_index":["plural","value"],"_":{"zero":"vandaag","other":"{{value}}d geleden"}},"minutes-until-short":{"_index":["plural","value"],"_":{"zero":"nu","other":"over {{value}}m"}},"hours-until-short":{"_index":["plural","value"],"_":{"zero":"nu","other":"over {{value}}h"}},"days-until-short":{"_index":["plural","value"],"_":{"zero":"vandaag","other":"over {{value}}d"}},"incorrectDate":"(onjuiste datum)","dateTimeFormat_%c":"%a %e %b %Y %H:%M:%S","dateTimeFormat_%x":"%d-%m-%Y","dateTimeFormat_%X":"%H:%M:%S","shortTimeFormat":"%H:%M","shortDateTimeFormat":"%x %H:%M","weekStartsOnMonday":"1","time_am":"AM","time_pm":"PM","tz-region":"Regio","tz-city":"Stad","tzRegion-Africa":"Afrika","tzRegion-America":"Amerika","tzRegion-Antarctica":"Antarctica","tzRegion-Asia":"Azië","tzRegion-Atlantic":"Atlantische Oceaan","tzRegion-Australia":"Australië","tzRegion-Europe":"Europa","tzRegion-Indian":"Indische Oceaan","tzRegion-Pacific":"Stille Oceaan","close":"Sluiten","import":"Importeren","update":"Bijwerken","fbFriends":"Facebook-vrienden","live-serviceName":"Outlook","gmail-serviceName":"Gmail","facebook-serviceName":"Facebook-vrienden","selectAll":"Alles selecteren","deselectAll":"Alles deselecteren","viewAll":"Alle Facebook-vrienden bekijken","viewRecommend":"Alleen aanbevolen bekijken","linkProposal":{"_index":["plural","numFriends"],"_":{"zero":"Geen vrienden gevonden. Alle worden getoond","one":"De aanbevolen selecteren","two":"Een aanbevolen selecteren","few":"Een aanbevolen selecteren","many":"Een aanbevolen selecteren","other":"Een aanbevolen selecteren"}},"fbFriendsFound":{"_index":["plural","numFriends"],"_":{"zero":"Al uw vrienden zijn geïmporteerd","one":"Eén te importeren vriend gevonden","two":"{{numFriends}} te importeren vrienden gevonden","few":"{{numFriends}} te importeren vrienden gevonden","many":"{{numFriends}} te importeren vrienden gevonden","other":"{{numFriends}} te importeren vrienden gevonden"}},"facebook":"Facebook","search-contact":{"placeholder":"Zoeken"},"noResults":"Geen contacten gevonden","done-search":"Gereed","progressFB3ImportTitle":"Vrienden naar contacten importeren","progressFB":"{{current}}/{{total}}","progressFB3UpdateTitle":"Vrienden in contacten bijwerken","message2":"Dit kan enkele minuten duren","messageLinking":"Een moment geduld. Uw vriend en uw contact worden aan elkaar gekoppeld.","messageCanceling":"Een moment. De huidige bewerking wordt geannuleerd.","error1":"Fout {{from}}","error2":"Wilt u het nogmaals proberen?","errorProposal":"voorstellen berekenen","errorFriends":"vrienden ophalen","errorLinking":"contact koppelen","timeout1":"Time-out overschreden {{from}}","timeout2":"Wilt u het nogmaals proberen?","timeoutProposal":"voorstellen berekenen","timeoutFriends":"vrienden ophalen","timeoutLinking":"contacten koppelen","wait1":"Een moment geduld","wait2":"Dit kan enkele minuten duren","waitProposal":"Een moment geduld. Er wordt een voorstel berekend.","waitFriends":"Een moment geduld. Er wordt verbinding gemaakt om uw vriendenlijst te verkrijgen.","curtainCancel":"Annuleren","curtainRetry":"Opnieuw proberen","curtainOK":"OK","connectionLost":"Geen internetverbinding","connectionLostMsg":"Foto’s van vrienden worden niet aan uw contacten toegevoegd. Toch doorgaan?","yesOption":"Ok","noOption":"Annuleren","friendsUpdated":{"_index":["plural","numFriends"],"_":{"zero":"Geen vrienden bijgewerkt","one":"Eén vriend bijgewerkt","two":"{{numFriends}} vrienden bijgewerkt","few":"{{numFriends}} vrienden bijgewerkt","many":"{{numFriends}} vrienden bijgewerkt","other":"{{numFriends}} vrienden bijgewerkt"}},"notificationLogin":"Uw Facebook-sessie is ongeldig. Meld u aan.","syncError":"Er is een fout opgetreden tijdens het synchroniseren van de gegevens van uw vriend","callAirplaneModeMessage":"Om te kunnen bellen dient u de vliegtuigmodus uit te schakelen onder Instellingen.","callAirplaneModeBtnOk":"OK","callAirplaneModeTitle":"Vliegtuigmodus geactiveerd","numberIsBusyTitle":"Nummer is in gesprek","numberIsBusyMessage":"Het nummer is momenteel in gesprek. Probeer het later nog eens.","fdnIsActiveTitle":"FDN actief","fdnIsActiveMessage":"FDN (Fixed Dialing Numbers) is geactiveerd en het volgende nummer staat niet in uw FDN-lijst: {{ number }}","voiceMail":"Voicemail","emergencyNumber":"Alarmnummer","emergencyDialogBodyBadNumber":"Om te kunnen bellen moet de telefoon verbinding hebben met een netwerk.","emergencyDialogBodyDeviceNotAccepted":"Noodoproepen zijn niet toegestaan door het netwerk.","emergencyDialogBtnOk":"OK","emergencyDialogTitle":"Geen netwerkverbinding","invalidNumberToDialTitle":"Ongeldig telefoonnummer","invalidNumberToDialMessage":"Het telefoonnummer dat u belt is niet geldig.","unableToCallTitle":"Kan nu geen telefoongesprek voeren","unableToCallMessage":"Kan nu niet bellen. Als u al een nummer draait, hang dan eerst op.","otherConnectionInUseTitle":"Andere verbinding in gebruik","otherConnectionInUseMessage":"U hebt een actief gesprek op een andere verbinding. U kunt slechts één verbinding tegelijk gebruiken.","addNewNumber":"Nieuw nummer toevoegen","addToExistingContact":"Toevoegen aan bestaand contact","all":{"_":"Alle","ariaLabel":"Alle"},"asterisk":{"ariaLabel":"Sterretje"},"callLog":"Oproeplogboek","callLogEdit":{"title":"Oproeplogboek bewerken"},"callLogEditDialog":{"ariaLabel":"Dialoogvenster Oproeplogboek bewerken"},"connecting":"Verbinden","cf-async":"Asynchroon: {{ async }}\\n","cf-data":"Gegevens: {{ data }}\\n","cf-error":"Er is een fout opgetreden tijdens het ophalen van de doorschakelstatus","cf-fax":"FAX: {{ fax }}\\n","cf-inactive":"Inactief","cf-packet":"Pakket: {{ packet }}\\n","cf-pad":"PAD: {{ pad }}\\n","cf-sms":"SMS: {{ sms }}\\n","cf-status":"Doorschakelstatus\\n","cf-sync":"Synchroon: {{ sync }}\\n","cf-voice":"Spraak: {{ voice }}\\n","confirm-deletion":"Geselecteerde oproepen wissen?","contacts":"Contacten","createNewContact":"Nieuw contact aanmaken","delete":"Delete","dialerAddContact":{"ariaLabel":"Contact toevoegen"},"dialerAddContactDialog":{"ariaLabel":"Dialoogvenster Contact toevoegen"},"edit-selected":{"_index":["plural","n"],"_":{"one":"{{ n }} geselecteerd","two":"{{ n }} geselecteerd","few":"{{ n }} geselecteerd","many":"{{ n }} geselecteerd","other":"{{ n }} geselecteerd"}},"edit":"Bewerken","hashSign":{"ariaLabel":"Hashteken"},"hideKeypad":{"ariaLabel":"Toetsenblok verbergen"},"ignore":"Oproep negeren","incoming":"Inkomend","keypad":{"ariaLabel":"Toetsenblok"},"keypadDelete":{"ariaLabel":"Verwijderen"},"makeCall":{"ariaLabel":"Oproep maken"},"merge":"Samenvoegen","missed":{"_":"Gemist","ariaLabel":"Gemist"},"missedCall":"Gemiste oproep","missedCallMultiSims":"(Simkaart {{ n }}) Gemiste oproep","mmi-error":"Er is een fout opgetreden tijdens het verzenden van het bericht","mmi-session-expired":"Sessie verlopen","mmi-successfully-sent":"Bericht met succes verzonden","mute":{"ariaLabel":"Dempen"},"newCall":{"ariaLabel":"Nieuwe oproep"},"no-logs-msg-1":"Geen oproepen vermeld","no-logs-msg-2":"Communicatie nu starten","no-logs-msg-3":"Geen gemiste oproepen","phoneNumberInput":{"ariaLabel":"Telefoonnummer"},"recents":{"ariaLabel":"Recente oproepen"},"reply":"Antwoorden","switch-calls":"Gesprekken wisselen","today":"Vandaag","voiceMailKey":{"ariaLabel":"Voicemail"},"withheld-number":"Onderdrukt nummer","from-contact":"Van {{ contact }}","from-number":"Van {{ number }}","from-withheld-number":"Van onderdrukt nummer","yesterday":"Gisteren","sending":"Verzenden…","speakerOption":{"ariaLabel":"Luidspreker"},"ussd-services":"{{ operator }}-services","toggleKeypad":{"ariaLabel":"Toetsenblok in-/uitschakelen"},"type-your-response":{"placeholder":"Typ uw antwoord…"},"clear-all-text":"Alle tekst wissen","hide":"Verbergen","call":"Bellen","hold":{"ariaLabel":"Wachtstand"},"resume":{"_":"Hervatten","ariaLabel":"Hervatten"},"sendSms":"Bericht verzenden","callEnded":"Gesprek beëindigd","via-sim":"via simkaart{{ n }}","sim-number":"Simkaart{{ n }}","hangup-a11y-button":{"ariaLabel":"Ophangen"},"pickup-a11y-button":{"ariaLabel":"Opnemen"},"unlock-a11y-button":{"ariaLabel":"Schuifregelaar"},"settings":"Instellingen","delete-n-log?":{"_index":["plural","n"],"_":{"zero":"Niets geselecteerd","one":"Geselecteerde logboekvermelding verwijderen?","two":"{{ n }} logboekvermeldingen verwijderen?","few":"{{ n }} logboekvermeldingen verwijderen?","many":"{{ n }} logboekvermeldingen verwijderen?","other":"{{ n }} logboekvermeldingen verwijderen?"}},"callDurationMinutes":"{{ m }}:{{ s }}","callDurationHours":"{{ h }}:{{ m }}:{{ s}}","suggestionMatches":{"_index":["plural","n"],"_":{"one":"{{ n }} overeenkomst voor “{{ matchNumber }}”","two":"{{ n }} overeenkomsten voor “{{ matchNumber }}”","few":"{{ n }} overeenkomsten voor “{{ matchNumber }}”","many":"{{ n }} overeenkomsten voor “{{ matchNumber }}”","other":"{{ n }} overeenkomsten voor “{{ matchNumber }}”"}},"scCallBarring":"Oproep blokkeren","scCallForwarding":"Doorschakelen","scClip":"Nummerweergave inkomend","scClir":"Nummerweergave uitgaand","scPwd":"Wachtwoordwijziging","scCallWaiting":"Wisselgesprek","scPin":"Pinwijziging","scPin2":"Pin2-wijziging","scPuk":"Pin deblokkeren","scPuk2":"Pin2 deblokkeren","scImei":"IMEI","scUssd":"USSD","serviceClassVoice":"Spraak","serviceClassData":"Gegevens","serviceClassFax":"FAX","serviceClassSms":"SMS","serviceClassDataSync":"Sync","serviceClassDataAsync":"Async","serviceClassPacket":"Pakket","serviceClassPad":"PAD","smServiceEnabled":"Service is ingeschakeld","smServiceDisabled":"Service is uitgeschakeld","smServiceRegistered":"Registratie is gelukt","smServiceErased":"Verwijdering is gelukt","smServiceInterrogated":"Aanvraag is gelukt","smServiceNotProvisioned":"Service niet ingericht","smClirPermanent":"U kunt de nummerweergave-instelling niet wijzigen","smClirDefaultOnNextCallOn":"Nummerweergave is standaard beperkt. Volgende oproep: beperkt","smClirDefaultOnNextCallOff":"Nummerweergave is standaard beperkt. Volgende oproep: niet beperkt","smClirDefaultOffNextCallOn":"Nummerweergave is standaard niet beperkt. Volgende oproep: beperkt","smClirDefaultOffNextCallOff":"Nummerweergave is standaard niet beperkt. Volgende oproep: niet beperkt","smServiceEnabledFor":"Service is ingeschakeld voor:","smPinChanged":"Pincode met succes gewijzigd","smPinUnblocked":"Pincode met succes gedeblokkeerd","smPin2Changed":"Pincode2 met succes gewijzigd","smPin2Unblocked":"Pincode2 met succes gedeblokkeerd","emMmiError":"Verbindingsprobleem of ongeldige MMI-code","emMmiErrorPasswordIncorrect":"Onjuist wachtwoord","emMmiErrorNotSupported":"Ongeldige of niet-ondersteunde MMI-code","emMmiErrorInvalidAction":"Ongeldige actie","emMmiErrorInvalidScCode":"Ongeldige servicecode","emMmiErrorBadPuk":"De ingevoerde pukcode is onjuist","emMmiErrorBadPin":"De oude ingevoerde pincode is onjuist.","emMmiErrorNeedPuk2":"Typ pukcode2 om simkaart te deblokkeren","emMmiErrorMismatchPin":"De ingevoerde pincodes komen niet overeen","emMmiErrorInvalidPin":"Typ een pincode van 4 tot 8 cijfers in","emMmiErrorNeedsPuk":"Uw simkaart is puk-vergrendeld","emMmiErrorEnablePin":"Niet gelukt. Schakel SIM/RUIM LOCK in","emMmiErrorMmiFdn":"Bewerking is beperkt tot vaste telefoonnummers","emMmiErrorStkCcUssdDial":"USSD-aanvraag is aangepast naar DIAL-aanvraag","emMmiErrorStkCcUssdSs":"USSD-aanvraag is aangepast naar SS-aanvraag","emMmiErrorStkCcUssdUssd":"USSD-aanvraag is aangepast naar nieuwe USSD-aanvraag","emMmiErrorStkCcSsDial":"SS-aanvraag is aangepast naar DIAL-aanvraag","emMmiErrorStkCcSsUssd":"SS-aanvraag is aangepast naar USSD-aanvraag","emMmiErrorStkCcSsSs":"SS-aanvraag is aangepast naar nieuwe SS-aanvraag","emMmiErrorPinPukAttempts":{"_index":["plural","n"],"_":{"one":"Nog {{ n }} nieuwe poging resterend","two":"{{ n }} nieuwe pogingen resterend","few":"{{ n }} nieuwe pogingen resterend","many":"{{ n }} nieuwe pogingen resterend","other":"{{ n }} nieuwe pogingen resterend"}},"emMmiErrorSimBlocked":"Maximumaantal nieuwe pogingen bereikt. Simkaart geblokkeerd","RadioNotAvailable":"Radio niet beschikbaar","GenericFailure":"Algemene fout","PasswordIncorrect":"Wachtwoord onjuist","SimPin2":"Simpincode2","SimPuk2":"Simpukcode2","RequestNotSupported":"Aanvraag niet ondersteund","OpNotAllowedDuringVoiceCall":"Bewerking niet toegestaan tijdens spraakoproep","SmsSendFailRetry":"Sms-verzendfout-herhaling","SimAbsent":"Simkaart ontbreekt","SubscriptionNotAvailable":"Abonnement niet beschikbaar","ModeNotSupported":"Modus niet ondersteund","FdnCheckFailure":"Fdn-controle mislukt","IllegalSimOrMe":"Ongeldig(e) simkaart of ME","DialModifiedToUssd":"Dial aangepast naar USSD","DialModifiedToSs":"Dial aangepast naar SS","DialModifiedToDial":"Dial aangepast naar dial","UssdModifiedToDial":"USSD aangepast naar dial","UssdModifiedToSs":"USSD aangepast naar SS","UssdModifiedToUssd":"USSD aangepast naar USSD","SsModifiedToDial":"SS aangepast naar dial","SsModifiedToUssd":"SS aangepast naar USSD","SsModifiedToSs":"SS aangepast naar SS","SubscriptionNotSupported":"Abonnement niet ondersteund","InvalidParameter":"Ongeldige parameter","RejectedByRemote":"Geweigerd door externe partij","group-call":{"_index":["plural","n"],"_":{"one":"Groepsgesprek ({{ n }})","two":"Groepsgesprek ({{ n }})","few":"Groepsgesprek ({{ n }})","many":"Groepsgesprek ({{ n }})","other":"Groepsgesprek ({{ n }})"}},"caller-left-call":"{{ caller }} heeft het gesprek verlaten.","conferenceAddError":"Kan gesprekken niet samenvoegen","conferenceRemoveError":"Kan gesprekken niet splitsen","longDateFormat":"%A %e %B","select-audio-sources":"Audiobronnen selecteren","bluetooth-handsfree-device":"Bluetooth-handsfree-apparaat","receiver":"Ontvanger","speaker":"Luidspreker","add":"Toevoegen","done":"Gereed","retry":"Opnieuw","addContact":"Toevoegen","deleteContact":"Contact verwijderen","selectContact":"Contact selecteren","editContact":"Bewerken","deleteConfirmMsg":"Contact verwijderen?","remove":"Verwijderen","comments":"Notities","no_contact_phones":"Dit contact heeft geen telefoonnummer","no_contact_email":"Dit contact heeft geen e-mailadres","removePhotoConfirm":"Contactafbeelding verwijderen?","loadingContacts":"Contacten laden…","noContactsActivity":"Toevoegen aan contact niet mogelijk, omdat uw contactenlijst leeg is","noName":"Geen naam","givenName":{"placeholder":"Naam"},"familyName":{"placeholder":"Achternaam"},"tel":{"placeholder":"Telefoon"},"carrier":{"_":"Mobiel netwerk","placeholder":"Mobiel netwerk"},"separator":",","email":{"_":"E-mailadres","placeholder":"E-mailadres"},"streetAddress":{"placeholder":"Straat"},"postalCode":{"placeholder":"Postcode"},"locality":{"placeholder":"Plaats"},"countryName":{"placeholder":"Land"},"comment":{"placeholder":"Notitie"},"org":{"placeholder":"Organisatie"},"custom":"Aangepast label","date":{"_":"Datum","placeholder":"Datum"},"date-span-placeholder":"Datum","birthday":"Verjaardag","dateFormat":"%e %B","dateOutput":"{{dayMonthFormatted}} {{year}}","anniversary":"Speciale datum","addPhoto":"Afbeelding toevoegen","addPhone":"Telefoon toevoegen","addEmail":"E-mailadres toevoegen","addAddress":"Adres toevoegen","addDate":"Datum toevoegen","addComment":"Notitie toevoegen","addFavorite":"Toevoegen als Favoriet","removeFavorite":"Verwijderen als Favoriet","label":"Label","home":"Thuis","work":"Werk","personal":"Privé","faxHome":"Fax thuis","faxOffice":"Fax kantoor","faxOther":"Fax overig","another":"Anders","other":"Anders","current":"Huidig","itemWithLabel":"{{label}}, {{item}}","exit":"Afsluiten","expand":"Uitvouwen","labelName":"Naam:","labelLastName":"Achternaam:","labelPhoneNumber":"Telefoonnummer:","labelCarrier":"Mobiel netwerk:","labelEmail":"E-mailadres:","labelStreet":"Straat:","labelZip":"Postcode:","labelCity":"Plaats:","labelCountry":"Land:","labelComment":"Notitie:","legendTitleMain":"Belangrijkste informatie","legendPhones":"Telefoonnummers","legendEmail":"E-mailadressen","legendAddress":"Adres","transferContactsTitle":"Contacten overzetten","importContactsTitle":"Contacten importeren","importContactsButton":"Contacten importeren","exportContactsTitle":"Contacten exporteren","exportContactsButton":"Contacten exporteren","exportContactsAction":"Exporteren","simExport-title":"Exporteren naar simkaart","sdExport-title":"Exporteren naar SD-kaart","btExport-title":"Exporteren naar Bluetooth","sdUMSEnabled":"Kan SD-kaart niet gebruiken, omdat USB-opslag is ingeschakeld","exportErrorTitle":"Fout bij exporteren","contactsExported2":{"_index":["plural","exported"],"_":{"zero":"Geen contacten geëxporteerd","one":"{{exported}}/{{total}} contacten geëxporteerd","two":"{{exported}}/{{total}} contacten geëxporteerd","few":"{{exported}}/{{total}} contacten geëxporteerd","many":"{{exported}}/{{total}} contacten geëxporteerd","other":"{{exported}}/{{total}} contacten geëxporteerd"}},"exportError-general":"Er is een fout opgetreden tijdens het exporteren","exportError-SD-shared":"Kan geheugenkaart niet benaderen, omdat deze is gedeeld","exportError-SD-unavailable":"Geheugenkaart is niet beschikbaar","exportError-SD-noSpace":"Er is niet genoeg ruimte op de geheugenkaart om de contacten te exporteren","exportError-SIM-unavailable":"Simkaart is niet beschikbaar","exportError-BT-shared":"Kan geheugenkaart niet benaderen, omdat deze is gedeeld","exportError-BT-unavailable":"Geheugenkaart is niet beschikbaar","exportError-BT-noSpace":"Er is niet genoeg ruimte op de geheugenkaart om de contacten te exporteren","simContacts-import":"Simcontacten importeren","simContacts-importing":"Simcontacten importeren…","simContacts-reading":"Lezen vanaf simkaart…","simContacts-error":"Kon geen contacten vanaf simkaart importeren","simContacts-imported3":{"_index":["plural","n"],"_":{"zero":"Geen contacten op simkaart gevonden om te importeren","one":"Eén contact geïmporteerd","two":"{{n}} contacten geïmporteerd","few":"{{n}} contacten geïmporteerd","many":"{{n}} contacten geïmporteerd","other":"{{n}} contacten geïmporteerd"}},"noSimMsgExport":"Plaats of ontgrendel uw simkaart om contacten te exporteren","simNumber":"Simkaart {{number}}","memoryCardContacts-import":"Contacten van geheugenkaart importeren","memoryCardContacts-importing":"Contacten van geheugenkaart importeren…","memoryCardContacts-reading":"Lezen vanaf geheugenkaart…","memoryCardContacts-error":"Kon geen contacten vanaf geheugenkaart importeren","memoryCardContacts-imported3":{"_index":["plural","n"],"_":{"zero":"Geen contacten op geheugenkaart gevonden om te importeren","one":"Eén contact geïmporteerd","two":"{{n}} contacten geïmporteerd","few":"{{n}} contacten geïmporteerd","many":"{{n}} contacten geïmporteerd","other":"I{{n}} contacten geïmporteerd"}},"noMemoryCardMsgExport":"Plaats een geheugenkaart om contacten te exporteren","genericProgress":"{{current}}/{{total}}","social-network":"Sociale netwerken","social-link":"Contact koppelen","social-unlink":"Contact ontkoppelen","social-unlink-confirm-title":"Wilt u uw vriend ontkoppelen?","social-unlink-confirm-accept":"Ontkoppelen","facebook-import":"Facebook-vrienden importeren","show-fb-profile":"Facebook-profiel bekijken","msg-send":"Bericht","wall-post":"Prikbordbericht","facebook-import-msg":{"_index":["plural","imported"],"_":{"zero":"Geen vrienden geïmporteerd (van {{total}})","one":"Eén vriend geïmporteerd (van {{total}})","two":"{{imported}}/{{total}} vrienden geïmporteerd","few":"{{imported}}/{{total}} vrienden geïmporteerd","many":"{{imported}}/{{total}} vrienden geïmporteerd","other":"{{imported}}/{{total}} vrienden geïmporteerd"}},"facebookSwitchMsg":"Vrienden synchroniseren","select_mobile":"Mobiel selecteren","select_email":"E-mail selecteren","contactsOrderBy":"Sorteren op achternaam","bluetooth":"Bluetooth","fbUpdateFriends":"Geïmporteerde vrienden bijwerken","cleaningFbData":"Facebook-gegevens verwijderen","loggingOutFb":"Afmelden bij Facebook","cleanFbConfirmMsg":"Alle Facebook-gegevens verwijderen?","renewPwdMsg":"Uw wachtwoord bij Facebook is gewijzigd. Werk het bij.","notEnabledYet":"Nog niet ingeschakeld","genericNoConnection":"Maak verbinding met een wifi- of gegevensnetwerk om contacten te importeren","simCard":"Simkaart","memoryCard":"Geheugenkaart","create-new":"Nieuw contact aanmaken","import-now":"Contacten van simkaart of Facebook importeren","no-contacts":"Geen contacten","start-adding":"Begin nu met toevoegen","notImported":"Niet geïmporteerd","imported":"Geïmporteerd","organise-contacts":"Contacten ordenen","find-merge-contacts":"Dubbele contacten zoeken","preparing-contacts":"Contacten voorbereiden","exportError-SIM-NoFreeRecordFound":"Simkaart is vol","exportError-SIM-CannotAccessPhoneBook":"Kan telefoonboek van simkaart niet benaderen","exportError-SIM-Unavailable":"Geen simkaart gevonden","exportError-SIM-GenericError":"Er is een fout opgetreden bij het exporteren van een contact","ContactManagementTitle":"Contactenbeheer","DeleteTitle":"Verwijderen","bulkDeleteButton":"Contacten verwijderen","BulkDelCancel":"Contacten verwijderen geannuleerd","DeletedTxt":{"_index":["plural","n"],"_":{"zero":"Geen contacten te verwijderen","one":"1 contact verwijderd","two":"{{n}} contacten verwijderd","few":"{{n}} contacten verwijderd","many":"{{n}} contacten verwijderd","other":"{{n}} contacten verwijderd"}},"DeletingContacts":"Contacten verwijderen","ContactConfirmDel":{"_index":["plural","n"],"_":{"zero":"Geen contacten te verwijderen","one":"1 contact verwijderen? Dit kan niet ongedaan worden gemaakt.","two":"{{n}} contacten verwijderen? Dit kan niet ongedaan worden gemaakt.","few":"{{n}} contacten verwijderen? Dit kan niet ongedaan worden gemaakt.","many":"{{n}} contacten verwijderen? Dit kan niet ongedaan worden gemaakt.","other":"{{n}} contacten verwijderen? Dit kan niet ongedaan worden gemaakt."}},"SelectedTxt":{"_index":["plural","n"],"_":{"zero":"Contacten","one":"{{n}} geselecteerd","two":"{{n}} geselecteerd","few":"{{n}} geselecteerd","many":"{{n}} geselecteerd","other":"{{n}} geselecteerd"}},"sim-picker-dial-via-with-number":"{{ phoneNumber }} kiezen via","sim-picker-select-sim":"Selecteer simkaart","sim-picker-button":"Simkaart{{ n }}","sim-picker-button-default":"(standaard)","waitDuplicateContacts":"Zoeken naar dubbele contacten","waitMergingDuplicateContacts":"Dubbele contacten samenvoegen","alertNoDuplicateContacts":"Geen dubbele contacten gevonden","mergeDuplicateTitle":"Duplicaten samenvoegen","suggestedDuplicateContacts":"Voorgestelde dubbele contacten voor {{name}}","mergeActionButtonLabel":{"_index":["plural","n"],"_":{"zero":"Geen contacten geselecteerd","one":"Samenvoegen met {{n}} contact","other":"Samenvoegen met {{n}} contacten"}},"duplicatesFoundTitle":"Duplicaten gevonden","duplicatesFoundMessage":"{{name}} voegt gegevens samen in de volgende contacten"}