{"brandShortName":"B2G OS","browserBrandShortName":"ਵੈੱਬ ਬਰਾਊਜ਼ਰ","browserBrandFullName":"ਮੋਜ਼ੀਲਾ ਵੈੱਬ ਬਰਾਊਜ਼ਰ","back":"ਪਿੱਛੇ","noSimMsg":"ਸੰਪਰਕ ਇੰਪੋਰਟ ਕਰਨ ਲਈ ਆਪਣਾ ਸਿਮ ਕਾਰਡ ਪਾਉ ਜਾਂ ਅਣ-ਲਾਕ ਕਰੋ","noMemoryCardMsg":"ਸੰਪਰਕ ਇੰਪੋਰਟ ਕਰਨ ਲਈ ਮੈਮੋਰੀ ਕਾਰਡ ਪਾਉ","importMemoryCard":"ਮੈਮੋਰੀ ਕਾਰਡ","noConnection11":"ਫੇਸਬੁੱਕ ਦੋਸਤ ਜਾਂ ਸੰਪਰਕ ਇੰਪੋਰਟ ਕਰਨ ਲਈ ਵਾਈ-ਫਾਈ ਡਾਟਾ ਨੈੱਟਵਰਕ ਨਾਲ ਕੁਨੈਕਟ ਹੋਵੋ","pincode2":"ਆਪਣਾ ਪਿੰਨ ਕੋਡ ਦਿਓ","type_pin":"ਆਪਣਾ ਪਿੰਨ ਕੋਡ","pincodeLabel":"ਸਿਮ {{n}} ਪਿੰਨ","pinValidation":"PIN 4 ਤੋਂ 8 ਅੱਖਰਾਂ ਵਿੱਚ ਹੋਵੇਗਾ।","pinError":"PIN ਗਲਤ ਸੀ","pinAttemptMsg2":{"_index":["plural","n"],"_":{"one":"ਤੁਹਾਡੇ ਕੋਲ ਠੀਕ ਕੋਡ ਦੇਣ ਦੀ ਇੱਕ ਹੀ ਕੋਸ਼ਿਸ਼ ਬਾਕੀ ਬਚੀ ਹੈ, ਜਿਸ ਤੋਂ ਬਾਅਦ ਸਿਮ ਕਾਰਡ ਲਾਕ ਹੋ ਜਾਵੇਗਾ।","two":"ਤੁਹਾਡੇ ਕੋਲ ਠੀਕ ਕੋਡ ਦੇਣ ਦੀਆਂ {{n}} ਕੋਸ਼ਿਸ਼ਾਂ ਬਾਕੀ ਬਚੀਆਂ ਹਨ, ਜਿਸ ਤੋਂ ਬਾਅਦ ਸਿਮ ਕਾਰਡ ਲਾਕ ਹੋ ਜਾਵੇਗਾ।","few":"ਤੁਹਾਡੇ ਕੋਲ ਠੀਕ ਕੋਡ ਦੇਣ ਦੀਆਂ {{n}} ਕੋਸ਼ਿਸ਼ਾਂ ਬਾਕੀ ਬਚੀਆਂ ਹਨ, ਜਿਸ ਤੋਂ ਬਾਅਦ ਸਿਮ ਕਾਰਡ ਲਾਕ ਹੋ ਜਾਵੇਗਾ।","many":"ਤੁਹਾਡੇ ਕੋਲ ਠੀਕ ਕੋਡ ਦੇਣ ਦੀਆਂ {{n}} ਕੋਸ਼ਿਸ਼ਾਂ ਬਾਕੀ ਬਚੀਆਂ ਹਨ, ਜਿਸ ਤੋਂ ਬਾਅਦ ਸਿਮ ਕਾਰਡ ਲਾਕ ਹੋ ਜਾਵੇਗਾ।","other":"ਤੁਹਾਡੇ ਕੋਲ ਠੀਕ ਕੋਡ ਦੇਣ ਦੀਆਂ {{n}} ਕੋਸ਼ਿਸ਼ਾਂ ਬਾਕੀ ਬਚੀਆਂ ਹਨ, ਜਿਸ ਤੋਂ ਬਾਅਦ ਸਿਮ ਕਾਰਡ ਲਾਕ ਹੋ ਜਾਵੇਗਾ।"}},"pinLastChanceMsg":"ਇਹ ਤੁਹਾਡੇ ਕੋਲ ਠੀਕ ਪਿੰਨ ਦਾ ਆਖਰੀ ਮੌਕਾ ਹੈ। ਨਹੀਂ ਤਾਂ ਤੁਹਾਨੂੰ ਇਹ ਸਿਮ ਕਾਰਡ ਨੂੰ ਵਰਤਣ ਲਈ PUK ਕੋਡ ਦੇਣਾ ਪਵੇਗਾ।","pukcode":"PUK ਕੋਡ ਦਿਓ","pukcodeTitle":"ਸਿਮ {{n}} PUK ਦਿਓ","pukcodeLabel":"ਸਿਮ {{n}} PUK","type_puk":"PUK ਕੋਡ","pukValidation":"PUK ਕੋਡ ਠੀਕ 8 ਅੱਖਰਾਂ ਦਾ ਹੋਵੇਗਾ।","pukInfo":"ਤੁਹਾਨੂੰ ਸਿਮ ਕਾਰਡ ਲਈ ਪਰਸਨਲ ਅਣਲਾਕਿੰਗ ਕੀ (PUK) ਕੋਡ ਦੇਣਾ ਪਵੇਗਾ। ਆਪਣੇ ਸਿਮ ਦਸਤਾਵੇਜ਼ ਨੂੰ ਵੇਖੋ ਜਾਂ ਆਪਣੇ ਕੈਰੀਅਰ ਨਾਲ ਹੋਰ ਜਾਣਕਾਰੀ ਲਈ ਸੰਪਰਕ ਕਰੋ।","pukError":"PUK ਗਲਤ ਹੈ","pukAttemptMsg2":{"_index":["plural","n"],"_":{"one":"ਤੁਹਾਡੇ ਕੋਲ ਠੀਕ ਕੋਡ ਦੇਣ ਦੀ ਕੇਵਲ ਇੱਕ ਹੀ ਕੋਸ਼ਿਸ਼ ਬਾਕੀ ਬਚੀ ਹੈ, ਜਿਸ ਤੋਂ ਬਾਅਦ ਸਿਮ ਕਾਰਡ ਪੱਕੇ ਤੌਰ ਉੱਤੇ ਬੇਕਾਰ ਹੋ ਜਾਵੇਗਾ। ਆਪਣੇ ਸਿਮ ਦਸਤਾਵੇਜ਼ ਨੂੰ ਵੇਖੋ ਜਾਂ ਆਪਣੇ ਕੈਰੀਅਰ ਨਾਲ ਹੋਰ ਜਾਣਕਾਰੀ ਲਈ ਸੰਪਰਕ ਕਰੋ।","two":"ਤੁਹਾਡੇ ਕੋਲ ਠੀਕ ਕੋਡ ਦੇਣ ਦੀ {{n}} ਕੋਸ਼ਿਸ਼ਾਂ ਬਾਕੀ ਬਚੀਆਂ ਹਨ, ਜਿਸ ਤੋਂ ਬਾਅਦ ਸਿਮ ਕਾਰਡ ਪੱਕੇ ਤੌਰ ਉੱਤੇ ਬੇਕਾਰ ਹੋ ਜਾਵੇਗਾ। ਆਪਣੇ ਸਿਮ ਦਸਤਾਵੇਜ਼ ਨੂੰ ਵੇਖੋ ਜਾਂ ਆਪਣੇ ਕੈਰੀਅਰ ਨਾਲ ਹੋਰ ਜਾਣਕਾਰੀ ਲਈ ਸੰਪਰਕ ਕਰੋ।","few":"ਤੁਹਾਡੇ ਕੋਲ ਠੀਕ ਕੋਡ ਦੇਣ ਦੀ {{n}} ਕੋਸ਼ਿਸ਼ਾਂ ਬਾਕੀ ਬਚੀਆਂ ਹਨ, ਜਿਸ ਤੋਂ ਬਾਅਦ ਸਿਮ ਕਾਰਡ ਪੱਕੇ ਤੌਰ ਉੱਤੇ ਬੇਕਾਰ ਹੋ ਜਾਵੇਗਾ। ਆਪਣੇ ਸਿਮ ਦਸਤਾਵੇਜ਼ ਨੂੰ ਵੇਖੋ ਜਾਂ ਆਪਣੇ ਕੈਰੀਅਰ ਨਾਲ ਹੋਰ ਜਾਣਕਾਰੀ ਲਈ ਸੰਪਰਕ ਕਰੋ।","many":"ਤੁਹਾਡੇ ਕੋਲ ਠੀਕ ਕੋਡ ਦੇਣ ਦੀ {{n}} ਕੋਸ਼ਿਸ਼ਾਂ ਬਾਕੀ ਬਚੀਆਂ ਹਨ, ਜਿਸ ਤੋਂ ਬਾਅਦ ਸਿਮ ਕਾਰਡ ਪੱਕੇ ਤੌਰ ਉੱਤੇ ਬੇਕਾਰ ਹੋ ਜਾਵੇਗਾ। ਆਪਣੇ ਸਿਮ ਦਸਤਾਵੇਜ਼ ਨੂੰ ਵੇਖੋ ਜਾਂ ਆਪਣੇ ਕੈਰੀਅਰ ਨਾਲ ਹੋਰ ਜਾਣਕਾਰੀ ਲਈ ਸੰਪਰਕ ਕਰੋ।","other":"ਤੁਹਾਡੇ ਕੋਲ ਠੀਕ ਕੋਡ ਦੇਣ ਦੀ {{n}} ਕੋਸ਼ਿਸ਼ਾਂ ਬਾਕੀ ਬਚੀਆਂ ਹਨ, ਜਿਸ ਤੋਂ ਬਾਅਦ ਸਿਮ ਕਾਰਡ ਪੱਕੇ ਤੌਰ ਉੱਤੇ ਬੇਕਾਰ ਹੋ ਜਾਵੇਗਾ। ਆਪਣੇ ਸਿਮ ਦਸਤਾਵੇਜ਼ ਨੂੰ ਵੇਖੋ ਜਾਂ ਆਪਣੇ ਕੈਰੀਅਰ ਨਾਲ ਹੋਰ ਜਾਣਕਾਰੀ ਲਈ ਸੰਪਰਕ ਕਰੋ।"}},"pukLastChanceMsg":"ਠੀਕ PUK ਕੋਡ ਦੇਣ ਦਾ ਆਖਰੀ ਮੌਕਾ ਹੈ। ਜੇ ਤੁਸੀਂ ਗਲਤ PUK ਦਿੱਤਾ ਤਾਂ ਤੁਹਾਡਾ ਸਿਮ ਪੱਕੇ ਤੌਰ ਉੱਤੇ ਖਰਾਬ ਹੋ ਜਾਵੇਗਾ। ਆਪਣੇ ਸਿਮ ਦਸਤਾਵੇਜ਼ ਨੂੰ ਵੇਖੋ ਜਾਂ ਆਪਣੇ ਕੈਰੀਅਰ ਨਾਲ ਹੋਰ ਜਾਣਕਾਰੀ ਲਈ ਸੰਪਰਕ ਕਰੋ।","create_newpin":"ਨਵਾਂ ਪਿੰਨ ਬਣਾਓ (4 ਤੋਂ 8 ਅੰਕ)","confirm_newpin":"ਨਵੇਂ ਪਿੰਨ ਦੀ ਪੁਸ਼ਟੀ ਕਰੋ","newpinConfirmation":"ਪਿੰਨ ਮਿਲਦੇ ਨਹੀਂ ਹਨ","nckcode":"NCK ਕੋਡ ਦਿਓ","cckcode":"CCK ਕੋਡ ਦਿਓ","spckcode":"SPCK ਕੋਡ ਦਿਓ","nck1code":"Enter NCK1 code","nck2code":"Enter NCK2 code","hnckcode":"Enter HNCK code","rcckcode":"Enter RCCK code","rspckcode":"Enter RSPCK code","nckcodeTitle":"ਸਿਮ {{n}} NCK ਦਿਓ","cckcodeTitle":"ਸਿਮ {{n}} CCK ਦਿਓ","spckcodeTitle":"ਸਿਮ {{n}} SPCK ਦਿਓ","nck1codeTitle":"Enter SIM {{n}} NCK1","nck2codeTitle":"Enter SIM {{n}} NCK2","hnckcodeTitle":"Enter SIM {{n}} HNCK","rcckcodeTitle":"Enter SIM {{n}} RCCK","rspckcodeTitle":"Enter SIM {{n}} RSPCK","nckcodeLabel":"ਸਿਮ {{n}} NCKਦਿਓ","cckcodeLabel":"ਸਿਮ {{n}} CCK ਦਿਓ","spckcodeLabel":"ਸਿਮ {{n}} SPCK","nck1codeLabel":"SIM {{n}} NCK1","nck2codeLabel":"SIM {{n}} NCK2","hnckcodeLabel":"SIM {{n}} HNCK","rcckcodeLabel":"SIM {{n}} RCCK","rspckcodeLabel":"SIM {{n}} RSPCK","type_nck":"ਆਪਣਾ NCK ਕੋਡ ਲਿਖੋ","type_cck":"ਆਪਣਾ CCK ਕੋਡ ਲਿਖੋ","type_spck":"ਆਪਣਾ SPCK ਕੋਡ ਲਿਖੋ","type_nck1":"Type your NCK1 code","type_nck2":"Type your NCK2 code","type_hnck":"Type your HNCK code","type_rcck":"Type your RCCK code","type_rspck":"Type your RSPCK code","nckValidation":"NCK 8 ਤੋਂ 16 ਅੱਖਰਾਂ ਦੇ ਵਿੱਚ ਹੋਣਾ ਚਾਹੀਦਾ ਹੈ।","cckValidation":"CCK 8 ਤੋਂ 16 ਅੱਖਰਾਂ ਦੇ ਵਿੱਚ ਹੋਣਾ ਚਾਹੀਦਾ ਹੈ।","spckValidation":"SPCK 8 ਤੋਂ 16 ਅੱਖਰਾਂ ਦੇ ਵਿੱਚ ਹੋਣਾ ਚਾਹੀਦਾ ਹੈ।","nck1Validation":"NCK1 must have between 8 and 16 characters.","nck2Validation":"NCK2 must have between 8 and 16 characters.","hnckValidation":"HNCK must have between 8 and 16 characters.","rcckValidation":"RCCK must have between 8 and 16 characters.","rspckValidation":"RSPCK must have between 8 and 16 characters.","nckErrorMsg":"NCK ਕੋਡ ਗਲਤ ਹੈ।","nckAttemptMsg2":{"_index":["plural","n"],"_":{"one":"ਨੈੱਟਵਰਕ ਡੀ-ਪਰਨਸਲਾਈਜ਼ ਬੇਨਤੀ ਫੇਲ੍ਹ ਹੈ। ਤੁਹਾਡੇ ਕੋਲ ਕੋਡ ਦੇਣ ਲਈ ਇੱਕ ਮੌਕਾ ਬਚਿਆ ਹੈ। ਹੋਰ ਜਾਣਕਾਰੀ ਲਈ ਆਪਣੇ ਜੰਤਰ ਦੇ ਦਸਤਾਵੇਜ਼ ਵੇਖੋ ਜਾਂ ਆਪਣੇ ਕੈਰੀਅਰ ਨਾਲ ਸੰਪਰਕ ਕਰੋ।","two":"ਨੈੱਟਵਰਕ ਡੀ-ਪਰਨਸਲਾਈਜ਼ ਬੇਨਤੀ ਫੇਲ੍ਹ ਹੈ। ਤੁਹਾਡੇ ਕੋਲ ਕੋਡ ਦੇਣ ਲਈ {{n}} ਮੌਕੇ ਬਚੇ ਹਨ। ਹੋਰ ਜਾਣਕਾਰੀ ਲਈ ਆਪਣੇ ਜੰਤਰ ਦੇ ਦਸਤਾਵੇਜ਼ ਵੇਖੋ ਜਾਂ ਆਪਣੇ ਕੈਰੀਅਰ ਨਾਲ ਸੰਪਰਕ ਕਰੋ।","few":"ਨੈੱਟਵਰਕ ਡੀ-ਪਰਨਸਲਾਈਜ਼ ਬੇਨਤੀ ਫੇਲ੍ਹ ਹੈ। ਤੁਹਾਡੇ ਕੋਲ ਕੋਡ ਦੇਣ ਲਈ {{n}} ਮੌਕੇ ਬਚੇ ਹਨ। ਹੋਰ ਜਾਣਕਾਰੀ ਲਈ ਆਪਣੇ ਜੰਤਰ ਦੇ ਦਸਤਾਵੇਜ਼ ਵੇਖੋ ਜਾਂ ਆਪਣੇ ਕੈਰੀਅਰ ਨਾਲ ਸੰਪਰਕ ਕਰੋ।","many":"ਨੈੱਟਵਰਕ ਡੀ-ਪਰਨਸਲਾਈਜ਼ ਬੇਨਤੀ ਫੇਲ੍ਹ ਹੈ। ਤੁਹਾਡੇ ਕੋਲ ਕੋਡ ਦੇਣ ਲਈ {{n}} ਮੌਕੇ ਬਚੇ ਹਨ। ਹੋਰ ਜਾਣਕਾਰੀ ਲਈ ਆਪਣੇ ਜੰਤਰ ਦੇ ਦਸਤਾਵੇਜ਼ ਵੇਖੋ ਜਾਂ ਆਪਣੇ ਕੈਰੀਅਰ ਨਾਲ ਸੰਪਰਕ ਕਰੋ।","other":"ਨੈੱਟਵਰਕ ਡੀ-ਪਰਨਸਲਾਈਜ਼ ਬੇਨਤੀ ਫੇਲ੍ਹ ਹੈ। ਤੁਹਾਡੇ ਕੋਲ ਕੋਡ ਦੇਣ ਲਈ {{n}} ਮੌਕੇ ਬਚੇ ਹਨ। ਹੋਰ ਜਾਣਕਾਰੀ ਲਈ ਆਪਣੇ ਜੰਤਰ ਦੇ ਦਸਤਾਵੇਜ਼ ਵੇਖੋ ਜਾਂ ਆਪਣੇ ਕੈਰੀਅਰ ਨਾਲ ਸੰਪਰਕ ਕਰੋ।"}},"nckLastChanceMsg":"ਨੈੱਟਵਰਕ ਡੀ-ਪਰਨਸਲਾਈਜ਼ ਬੇਨਤੀ ਫੇਲ੍ਹ ਹੈ। ਤੁਹਾਡੇ ਕੋਲ ਕੋਡ ਦੇਣ ਲਈ ਆਖਰੀ ਮੌਕਾ ਹੈ। ਹੋਰ ਜਾਣਕਾਰੀ ਲਈ ਆਪਣੇ ਜੰਤਰ ਦੇ ਦਸਤਾਵੇਜ਼ ਵੇਖੋ ਜਾਂ ਆਪਣੇ ਕੈਰੀਅਰ ਨਾਲ ਸੰਪਰਕ ਕਰੋ।","skip":"ਛੱਡੋ","send":"ਭੇਜੋ","ok":"ਠੀਕ ਹੈ","simLocked":"ਸਿਮ ਕਾਰਡ ਲਾਕ ਹੈ।","inputCodeRetriesLeft":{"_index":["plural","n"],"_":{"one":"ਆਖਰੀ ਕੋਸ਼ਿਸ਼","two":"{{n}} ਕੋਸ਼ਿਸ਼ਾਂ ਬਾਕੀ ਹਨ।","few":"{{n}} ਕੋਸ਼ਿਸ਼ਾਂ ਬਾਕੀ ਹਨ।","many":"{{n}} ਕੋਸ਼ਿਸ਼ਾਂ ਬਾਕੀ ਹਨ।","other":"{{n}} ਕੋਸ਼ਿਸ਼ਾਂ ਬਾਕੀ ਹਨ।"}},"simManager":"SIM ਮੈਨੇਜਰ","simDetail":"SIM {{n}}","simDefault":"(ਮੂਲ)","simDefaultMessage":"ਬਾਹਰ ਕੀਤੀਆਂ ਜਾਣ ਵਾਲੀਆਂ ਕਾਲਾਂ, ਬਾਹਰ ਭੇਜੇ ਜਾਣ ਵਾਲੇ ਸੁਨੇਹੇ ਤੇ ਡਾਟਾ ਕੁਨੈਕਸ਼ਨ ਮੂਲ ਰੂਪ ਵਿੱਚ ਸਿਮ 1 ਲਈ ਸੈੱਟ ਕੀਤੇ ਹਨ।","simSettingsMessage":"ਤੁਸੀਂ ਮੂਲ ਸੈਟਿੰਗ ਨੂੰ ਸੈਟਿੰਗ > ਸਿਮ ਮੈਨੇਜਰ ਵਿੱਚ ਜਾ ਕੇ ਬਦਲ ਸਕਦੇ ਹੋ","simPinLocked":"ਸਿਮ ਪਿੰਨ ਲਾਕ ਹੈ","noOperator":"ਕੋਈ ਓਪਰੇਟਰ ਨਹੀਂ","language":"ਭਾਸ਼ਾ","english":"ਅੰਗਰੇਜ਼ੀ","dvorak":"ਅੰਗਰੇਜ਼ੀ (Dvorak)","spanish":"ਸਪੇਨੀ","portuguese":"ਪੁਰਤਗਾਲੀ ਬਰਾਜ਼ੀਲੀ","french":"ਫਰੈਂਚ","italian":"ਇਤਾਲਵੀ","arabic":"ਅਰਬੀ","greek":"ਗਰੀਕ","hebrew":"ਹੈਬਰਿਊ","jp-kanji":"ਜਾਪਾਨੀ","jp-kanji-desc":"ਕਾਂਜੀ","traditionalChinese":"ਪੁਰਾਤਨ ਚੀਨੀ","traditionalChinese-desc":"ਜ਼ੂਯਿਨ","simplifiedChinese":"ਸਧਾਰਨ ਚੀਨੀ","simplifiedChinese-desc":"ਪਿਨਯਿਨ","3g":"ਸੈਲੂਲਰ ਡਾਟਾ","dataConnection":"ਡਾਟਾ ਚਾਲੂ","dataConnectionInfo":"Enabling data connection now will allow you to set up your phone without a Wi-Fi connection. You may also enable it later on in Settings. Just make sure you have a data plan with your carrier to avoid potentially hefty charges.","caution":"ਚੇਤਾਵਨੀ","geolocation":"ਭੂਗੋਲਿਕ-ਟਿਕਾਣਾ","geolocationCheckbox":"ਭੂਗੋਲਿਕ-ਟਿਕਾਣਾ ਚਾਲੂ","geolocationInfo2":"{{brandShortName}} GPS, Wi-Fi, ਅਤੇ ਤੁਹਾਡੇ ਨੇੜਲੇ ਮੋਬਾਇਥ ਨੈੱਟਵਰਕ ਡਾਟਏ ਨੂੰ ਤੁਹਾਡਾ ਲਗਭਗ ਟਿਕਾਣਾ ਪਤਾ ਕਰਨ ਲਈ ਮਦਦ ਵਾਸਤੇ ਵਰਤਦਾ ਹੈ।","geolocationInfoMore":"ਡਾਟਾ ਮੋਜ਼ੀਲਾ ਤੇ ਹੋਰ ਸੇਵਾ ਦੇਣ ਵਾਲਿਆਂ ਨੂੰ ਭੇਜਿਆ ਜਾਂਦਾ ਹੈ ਅਤੇ ਇੱਕਠਾ ਕਰਕੇ ਉਹਨਾਂ ਦੇ ਟਿਕਾਣਾ ਡਾਟਾਬੇਸ ਵਿੱਚ ਸੁਧਾਰ ਲਈ ਵਰਤਿਆ ਜਾਵੇਗਾ। ਡਾਟਾ ਤੁਹਾਡੇ ਯੰਤਰ ਉੱਤੇ ਸਟੋਰ ਕੀਤਾ ਜਾਵੇਗਾ ਅਤੇ ਡਾਟਾ ਇੱਕਠਾ ਕਰਨ ਦੀ ਕਾਰਵਾਈ ਉਦੋਂ ਵੀ ਜਾਰੀ ਰਹਿ ਸਕਦੀ ਹੈ, ਜਦੋਂ ਕੋਈ ਐਪਸ ਨਾ ਚੱਲਦੀ ਹੋਵੇ।","notice":"ਸੂਚਨਾ","aboutYourPrivacy":"ਤੁਹਾਡੀ ਪਰਦੇਦਾਰੀ ਬਾਰੇ","wifi":"ਵਾਈ-ਫਾਈ","scanningNetworks":"ਨੈੱਟਵਰਕ ਦੀ ਜਾਂਚ ਕੀਤੀ ਜਾ ਰਹੀ ਹੈ","selectNetwork":"ਨੈੱਟਵਰਕ ਚੁਣੋ","shortStatus-connecting":"…ਕੁਨੈਕਟ ਕੀਤਾ ਜਾ ਰਿਹਾ ਹੈ","shortStatus-associated":"…IP ਸਿਰਨਾਵਾਂ ਲਿਆ ਜਾ ਰਿਹਾ ਹੈ","shortStatus-connected":"ਕੁਨੈਕਟ ਹੈ","shortStatus-connectingfailed":"ਕੁਨੈਕਸ਼ਨ ਫੇਲ੍ਹ ਹੈ","shortStatus-disconnected":"ਆਫਲਾਈਨ","securedBy":"{{capabilities}} ਰਾਹੀਂ ਸੁਰੱਖਿਅਤ","security":"ਸੁਰੱਖਿਆ","securityNone":"ਕੋਈ ਨਹੀਂ","securityWEP":"WEP","securityWPA-PSK":"WPA-PSK","securityWPA-EAP":"WPA-EAP","securityOpen":"ਓਪਨ","identity":"ਯੂਜ਼ਰ","identityInput":{"placeholder":"ਯੂਜ਼ਰ"},"password":"ਪਾਸਵਰਡ","passwordInput":{"placeholder":"ਪਾਸਵਰਡ"},"showPassword":"ਪਾਸਵਰਡ ਵੇਖਾਓ","refresh":"ਤਾਜ਼ਾ ਕਰੋ","noWifiFound3":"ਕੋਈ ਬੇਤਾਰ ਨੈੱਟਵਰਕ ਨਹੀਂ ਲੱਭਿਆ","join-hidden-button":"ਲੁਕਵੇਂ ਨੈੱਟਵਰਕ ਨਾਲ ਕੁਨੈਕਟ ਕਰੋ","authentication":"ਪ੍ਰਮਾਣਕਿਤਾ","ssid-name":"SSID ਨੈੱਟਵਰਕ ਨਾਂ","dateAndTime":"ਮਿਤੀ ਤੇ ਸਮਾਂ","setTimeAutomatically":"ਆਟੋਮੈਟਿਕ ਸੈੱਟ ਕਰੋ","timezoneMessage":"ਸਮਾਂ ਖੇਤਰ","timezoneTitle":"UTC{{utcOffset}} {{region}}/{{city}}","dateMessage":"ਮਿਤੀ","timeMessage":"ਸਮਾਂ","timeZone":"ਸਮਾਂ ਖੇਤਰ","change":"ਬਦਲੋ","importContacts3":"ਸੰਪਰਕ ਲਵੋ","importSim2":"ਸਿਮ ਕਾਰਡ","importFb2":"ਫੇਸਬੁੱਕ","importOutlook":"ਆਉਟਲੁੱਕ","importGmail":"ਜੀਮੇਲ","fb-checking":"… ਜਾਂਚ ਜਾਰੀ ਹੈ","notImportedYet":"ਹਾਲੇ ਪ੍ਰਾਪਤ ਨਹੀਂ ਕੀਤੇ","otherAccount":"ਹੋਰ ਖਾਤੇ","mobile":"ਮੋਬਾਇਲ","afterFbImport":"ਤੁਸੀਂ ਸੰਪਰਕ ਸੈਟਿੰਗ ਵਿੱਚ ਕਿਸੇ ਵੀ ਸਮੇਂ ਫੇਸਬੁੱਕ ਦੋਸਤਾਂ ਨੂੰ ਇੰਪੋਰਟ ਕਰ ਅਤੇ ਸੋਧ ਸਕਦੇ ਹੋ।","firefox-accounts":"Firefox Accounts","fxa-overview":{"innerHTML":"A Firefox Account lets you use features like Find My Device and apps like the Firefox Marketplace."},"fxa-create-account-or-sign-in":"Create Account or Sign In","fxa-email-sent":"A verification link has been sent to {{email}}","about-your-rights-0":"{{brandShortName}} ਨੂੰ ਸੰਸਾਰ ਭਰ ਵਿੱਚ ਮੌਜੂਦ ਹਜ਼ਾਰਾਂ ਲੋਕਾਂ ਦੀ ਕਮਿਊਨਟਈ ਵਲੋਂ ਮੁਫ਼ਤ ਤੇ ਮੁਕਤ ਸਰੋਤ ਸਾਫਤਵੇਅਰ ਉੱਤੇੇ ਬਣਾਇਆ ਗਿਆ ਹੈ। ਕੁਝ ਚੀਜ਼ਾਂ ਹਨ, ਜਿਹਨਾਂ ਬਾਰੇ ਤੁਹਾਨੂੰ ਪਤਾ ਹੋਣਾ ਚਾਹੀਦਾ ਹੈ:","about-your-rights-1":"{{brandShortName}} ਨੂੰ ਤੁਹਾਨੂੰ ਕੋਈ ਓਪਨ ਸੋਰਸ ਲਸੰਸਾਂ ਦੇ ਅਧੀਨ ਉਪਲੱਬਧ ਕਰਵਾਇਆ ਗਿਆ ਹੈ, ਜਿਸ ਵਿੱਚ ਮੋਜ਼ੀਲਾ ਪਬਲਿਕ ਲਸੰਸ ਵਿੱਚ ਸ਼ਾਮਿਲ ਹੈ। {{brandShortName}} ਰਾਹੀਂ ਚੱਲਣ ਵਾਲੇ ਯੰਤਰ ਵਿੱਚ ਤੀਜੀ ਧਿਰ ਤੋਂ ਪ੍ਰੋਪ੍ਰੀਟਰੀ ਸਾਫਟਵੇਅਰ ਵੀ ਹੋ ਸਕਦੇ ਹਨ। ਓਪਨ ਲਸੰਸ ਦੇ ਅਧੀਨ ਦਿੱਤਾ ਗਿਆ ਕੋਈ ਕੋਡ ਤੁਹਾਨੂੰ ਸਰੋਤ ਨੂੰ ਸੋਧਣ ਅਤੇ ਆਪਣੇ ਸੋਧ ਦੇ ਨਾਲ ਵੰਡਣ ਦਾ ਹੱਕ ਦਿੰਦਾ ਹੈ, ਜਦੋਂ ਤੱਕ ਕਿ ਤੁਸੀਂ ਉਹਨਾਂ ਦੀਆਂ ਸ਼ਰਤਾਂ ਦੀ ਪਾਲਣਾ ਕਰਦੇ ਹੋ।","about-your-rights-2":"ਤੁਹਾਨੂੰ ਮੋਜ਼ੀਲਾ ਫਾਊਂਡੇਸ਼ਨ ਜਾਂ ਕਿਸੇ ਵੀ ਧਿਰ ਦੇ ਟਰੇਡਮਾਰਕ ਲਈ ਟਰੇਡਮਾਰਕ ਹੱਕ ਜਾਂ ਲਸੰਸ ਨਹੀਂ ਦਿੱਤਾ ਜਾ ਰਿਹਾ ਹੈ, ਜਿਸ ਵਿੱਚ {{brandShortName}} ਦਾ ਨਾਂ ਜਾਂ ਲੋਗੋ ਬਿਨਾਂ ਕਿਸੇ ਹੱਦ ਦੇ ਸ਼ਾਮਿਲ ਹੈ।","about-your-rights-3":"{{brandShortName}} ਵਿੱਚ ਕੁਝ ਫੀਚਰ, ਜਿਵੇਂ ਕਿ ਕਰੈਸ਼ ਰਿਪੋਰਟ, ਤੁਹਾਨੂੰ ਮੋਜ਼ੀਲਾ ਨੂੰ ਸੁਝਾਅ ਭੇਜਣ ਦੀ ਚੋਣ ਦਿੰਦੀ ਹੈ। ਸੁਝਾਅ ਦੇਣ ਦੀ ਚੋਣ ਕਰਕੇ ਤੁਸੀਂ ਮੋਜ਼ੀਲਾ ਨੂੰ ਉਸ ਦੇ ਉਤਪਾਦਾਂ ਵਿੱਚ ਸੁਧਾਰ ਕਰਨ, ਸੁਝਾਆਵਾਂ ਨੂੰ ਇਸ ਦੀ ਵੈੱਬਸਾਈਟ ਉੱਤੇ ਪ੍ਰਕਾਸ਼ਿਤ ਕਰਨ ਅਤੇ ਸੁਝਾਅ ਨੂੰ ਵੰਡਣ ਦੀ ਇਜ਼ਾਜ਼ਤ ਦਿੰਦੇ ਹੋ।","about-other":"ਹੋਰ","SIM_mandatory":"SIM ਕਾਰਡ ਚੇਤਾਵਨੀ","SIM_mandatory_warm":"SIM ਕਾਰਡ ਪਾਉ ਅਤੇ ਆਪਣੇ ਫੋਨ ਨੂੰ ਮੁੜ-ਚਾਲੂ ਕਰੋ ਜੀ।","sharing-performance-data":"ਕਾਰਗੁਜ਼ਾਰੀ ਡਾਟਾ ਸਾਂਝਾ ਕਰੋ","telemetry-sends":"ਟੈਲੀਮੈਂਟਰੀ ਮੋਜ਼ੀਲਾ ਨੂੰ ਤੁਹਾਡੇ {{brandShortName}} ਯੰਤਰ ਵਿੱਚ ਕਾਰਗੁਜ਼ਾਰੀ, ਹਾਰਡਵੇਅਰ, ਸੰਰਚਨਾ ਅਤੇ ਕਸਟਮਾਈਜ਼ ਦੇ ਬਾਰੇ ਡਾਟਾ ਭੇਜਦੀ ਹੈ। ਅਸੀਂ ਇਸ ਨੂੰ ਸਾਡੇ ਉਤਪਾਦੇ ਵਧੀਆ, ਤੇਜ਼ ਅਤੇ ਹੋਰ ਵੀ ਜਵਾਬਦੇਹ ਬਣਾਉਣ ਲਈ ਵਰਤਦੇ ਹਾਂ।","learn-more-telemetry":{"innerHTML":"Learn more at {{link}}"},"learn-more-information":{"innerHTML":"Learn how Mozilla handles your information at {{link}}"},"welcomeBrowser":"{{brandShortName}} ਉੱਤੇ ਜੀ ਆਇਆਂ ਨੂੰ, ਮੋਜ਼ੀਲਾ ਵਲੋਂ ਖੁੱਲ੍ਹੇ ਸਰੋਤ ਵਾਲਾ ਓਪਰੇਟਿੰਗ ਸਿਸਟਮ। ਸਾਡਾ ਟੀਚਾ ਖੁੱਲ੍ਹਾਪਣ, ਕਾਢਾਂ ਅਤੇ ਮੌਕਿਆਂ ਦਾ ਪ੍ਰਚਾਰ ਕਰਨਾ, ਜਦੋਂ ਕਿ ਵੈੱਬ ਦੀ ਤਾਕਤ ਤੁਹਾਡੇ ਹੱਥਾਂ ਵਿੱਚ ਰਹੇ।","learn-more-privacy":{"innerHTML":"Learn how Mozilla handles your information in our {{link}}."},"learn-more-privacy-link":"privacy policy","aboutBrowser":"{{brandShortName}} ਬਾਰੇ","aboutYourPrivacy2":"ਤੁਹਾਡੀ ਪਰਦੇਦਾਰੀ","mozillaCommunity2":"When you use {{brandShortName}}, you become part of a global community helping to build a brighter future for the Web. If you’d like to know more about the Mozilla community, our other products and events near you, please enter your email address below.","collaborate":"ਮੈਂ ਮੇਰੇ ਫੋਨ ਦਾ ਡਾਟਾ ਸਾਂਝਾ ਕਰਕੇ {{brandShortName}} ਸੁਧਾਰਨ ਲਈ ਮਦਦ ਕਰਨੀ ਚਾਹੁੰਦਾ/ਚਾਹੁੰਦੀ ਹਾਂ।","learnMore":"ਹੋਰ ਜਾਣੋ।","emailAddress":{"placeholder":"ਈਮੇਲ ਸਿਰਨਾਵਾਂ"},"email-successfully-added":"ਈਮੇਲ ਠੀਕ ਤਰ੍ਹਾਂ ਜੋੜੀ ਗਈ","email-loading":"…ਤੁਹਾਡੀ ਈਮੇਲ ਸੰਭਾਲੀ ਜਾ ਰਹੀ ਹੈ","browserPrivacyChoices":"{{brandShortName}} ਪਰਦੇਦਾਰੀ ਚੋਣਾਂ","privacy-b2g":{"_":"{{brandShortName}}","title":"{{brandShortName}}"},"privacy-marketplace":{"_":"ਮੰਡੀ","title":"{{privacy-marketplace}}"},"privacy-e-me":{"_":"everything.me","title":"{{privacy-e-me}}"},"navbar-back":"ਪਿੱਛੇ","navbar-next":"ਅੱਗੇ","navbar-join":"ਭਾਗ ਲਵੋ","thatsIt":"ਇਹ ਹੈ!","startYourPhone":"ਆਪਣੇ ਫੋਨ ਦਾ ਦੌਰਾ ਕਰੋ!","startYourTablet":"ਆਪਣੇ ਟੇਬਲੇਟ ਦਾ ਦੌਰਾ ਕਰੋ!","joinTutorial":"ਆਪਣੇ ਨਵੇਂ ਫੋਨ ਬਾਰੇ ਛੇਤੀ ਨਾਲ ਸਿੱਖਣ ਲਈ ਸਾਡੇ ਨਾਲ ਚੱਲੋ।","enjoyYourPhone":"ਤੁਸੀਂ ਆਪਣੇ ਨਵੇਂ ਫੋਨ ਦਾ ਆਨੰਦ ਲੈਣ ਲਈ ਤਿਆਰ ਹੋ।","optionsAvailable":"ਤੁਸੀਂ ਭਾਸ਼ਾ, ਮਿਤੀ/ਸਮਾਂ ਅਤੇ ਵਾਈ-ਫਾਈ ਕੁਨੈਕਸ਼ਨ ਨੂੰ ਸੈਟਿੰਗ ਵਿੱਚ ਜਾ ਕੇ ਬਦਲ ਸਕਦੇ ਹੋ।","letsGo":"ਆਓ ਚੱਲੀਏ","startTour":"ਦੌਰਾ ਕਰੋ","thatsIt1Tablet-2":"ਤੁਸੀਂ ਕਿਸੇ ਵੀ ਸਮੇਂ ਮੁੱਖ ਸਕਰੀਨ ਉੱਤੇ ਜਾਣ ਲਈ ਹੇਠਲੇ ਪਾਸੇ ਤੋਂ ਸਵੈਪ ਕਰ ਸਕਦੇ ਹੋ।","thatsIt2Tablet-2":"ਆਓ ਇਹ ਕਰੀਏ !","tutorial-step1-tiny":"ਆਪਣੀਆਂ ਐਪਸ ਵੇਖਣ ਲਈ ਸੱਜੇ ਤੋਂ ਖੱਬੇ ਵਲੋਂ ਜਾਓ।","tutorial-step2-tiny":"ਆਈਕਾਨ ਨੂੰ ਹਟਾਉਣ ਜਾਂ ਬਦਲਣ ਲਈ ਛੂਹੋ ਅਤੇ ਦੱਬੀ ਰੱਖੋ।","tutorial-step3-tiny":"ਕੋਈ ਵੀ ਸ਼ਬਦ ਜਾਂ ਵਿਸ਼ਾ ਦਿਉ ਅਤੇ ਤੁਹਾਡਾ ਫੋਨ ਤੁਰੰਤ ਇਸ ਨੂੰ ਅਪਨਾ ਲਵੇਗਾ।","tutorial-step4-tiny":"ਤਾਜ਼ਾ ਸੂਚਨਾਵਾਂ, ਕਰੈਡਿਟ ਜਾਣਕਾਰੀ ਅਤੇ ਸੈਟਿੰਗ ਵਰਤਣ ਲਈ ਹੇਠਾਂ ਨੂੰ ਸਵੈਪ ਕਰੋ।","tutorial-step5-tiny":"ਤਾਜ਼ਾ ਐਪਲੀਕੇਸ਼ਨਾਂ ਵੇਖਣ ਅਤੇ ਬੰਦ ਕਰਨ ਲਈ ਘਰ ਬਟਨ ਨੂੰ ਛੂਹੋ ਅਤੇ ਦੱਬੀ ਰੱਖੋ।","tutorial-step6-tiny":"ਤਾਜ਼ਾ ਐਪਲੀਕੇਸ਼ਨ ਵਿੱਚ ਅੱਗੇ ਤੇ ਪਿੱਛੇ ਜਾਣ ਲਈ ਸਕਰੀਨ ਦੇ ਪਾਸਿਆਂ ਤੋਂ ਸਵੈਪ ਕਰੋ।","tutorial-step1-large-2":"ਤਾਜ਼ਾ ਸੂਚਨਾਵਾਂ, ਕਰੈਡਿਟ ਜਾਣਕਾਰੀ ਅਤੇ ਸੈਟਿੰਗ ਵਰਤਣ ਲਈ ਹੇਠਾਂ ਨੂੰ ਸਵੈਪ ਕਰੋ।","tutorial-step2-large-2":"ਮੁੱਖ ਸਕਰੀਨ ਉੱਤੇ ਨਵੀਆਂ ਐਪਸ ਲੱਭਣ ਲਈ ਖੱਬੇ ਜਾਂ ਸੱਜੇ ਸਵੈਪ ਕਰੋ।","tutorial-step3-large-2":"ਆਈਕਾਨ ਨੂੰ ਹਟਾਉਣ ਜਾਂ ਭੇਜਣ ਲਈ ਛੂਹੋ ਅਤੇ ਦੱਬੀ ਰੱਖੋ।","tutorial-step4-large-2":"ਕਾਰਡ ਝਲਕ ਵਿੱਚ ਬਦਲਣ ਹੇਠਾਂ ਤੋਂ ਦੋ ਉਂਗਲਾਂ ਨਾਲ ਸਵੈਪ ਕਰੋ।","offline-dialog-title":"ਸਫ਼ਾ ਵੇਖਣ ਲਈ ਤੁਹਾਨੂੰ ਇੰਟਰਨੈੱਟ ਨਾਲ ਕੁਨੈਕਟ ਹੋਣਾ ਚਾਹੀਦਾ ਹੈ।","offline-dialog-text":"ਪਿੱਛੇ ਜਾਉ ਅਤੇ ਇੰਟਰਨੈੱਟ ਨਾਲ ਕੁਨੈਕਟ ਕਰੋ। ਤੁਸੀਂ ਸਫ਼ੇ ਨੂੰ ਸੈਟਿੰਗ ਤੋਂ ਜਾਂ ਕਿਸੇ ਵੀ ਬਰਾਊਜ਼ਰ ਤੋਂ {{url}} ਦੇ ਕੇ ਬਾਅਦ ਵਿੱਚ ਵੀ ਵੇਖ ਸਕਦੇ ਹੋ।","OK":"ਠੀਕ ਹੈ","offline-newsletter-dialog-title":"ਖ਼ਬਰਸਾਰ ਦਾ ਮੈਂਬਰ ਬਣਨ ਲਈ ਤੁਹਾਨੂੰ ਇੰਟਰਨੈੱਟ ਨਾਲ ਕੁਨੈਕਟ ਹੋਣਾ ਚਾਹੀਦਾ ਹੈ।","offline-newsletter-dialog-text":"ਕਿਰਪਾ ਕਰਕੇ ਪਿੱਛੇ ਜਾਉ ਅਤੇ ਇੰਟਰਨੈੱਟ ਨਾਲ ਕੁਨੈਕਟ ਕਰੋ।","invalid-email-dialog-title":"ਤੁਹਾਡੀ ਈਮੇਲ ਠੀਕ ਨਹੀਂ ਹੈ।","invalid-email-dialog-text":"ਕਿਰਪਾ ਕਰਕੇ ਪਿੱਛੇ ਜਾਉ ਅਤੇ ਆਪਣੀ ਐਂਟਰੀ ਠੀਕ ਕਰੋ।","cancel":"ਰੱਦ ਕਰੋ","weekday-0-long":"ਐਤਵਾਰ","weekday-1-long":"ਸੋਮਵਾਰ","weekday-2-long":"ਮੰਗਲਵਾਰ","weekday-3-long":"ਬੁੱਧਵਾਰ","weekday-4-long":"ਵੀਰਵਾਰ","weekday-5-long":"ਸ਼ੁੱਕਰਵਾਰ","weekday-6-long":"ਸ਼ਨਿੱਚਰਵਾਰ","weekday-0-short":"ਐਤ","weekday-1-short":"ਸੋਮ","weekday-2-short":"ਮੰਗਲ","weekday-3-short":"ਬੁੱਧ","weekday-4-short":"ਵੀਰ","weekday-5-short":"ਸ਼ੁੱਕਰ","weekday-6-short":"ਸ਼ਨਿੱ","month-0-long":"ਜਨਵਰੀ","month-1-long":"ਫਰਵਰੀ","month-2-long":"ਮਾਰਚ","month-3-long":"ਅਪਰੈਲ","month-4-long":"ਮਈ","month-5-long":"ਜੂਨ","month-6-long":"ਜੁਲਾਈ","month-7-long":"ਅਗਸਤ","month-8-long":"ਸਤੰਬਰ","month-9-long":"ਅਕਤੂਬਰ","month-10-long":"ਨਵੰਬਰ","month-11-long":"ਦਸੰਬਰ","month-0-genitive":"ਜਨਵਰੀ","month-1-genitive":"ਫਰਵਰੀ","month-2-genitive":"ਮਾਰਚ","month-3-genitive":"ਅਪਰੈਲ","month-4-genitive":"ਮਈ","month-5-genitive":"ਜੂਨ","month-6-genitive":"ਜੁਲਾਈ","month-7-genitive":"ਅਗਸਤ","month-8-genitive":"ਸਤੰਬਰ","month-9-genitive":"ਅਕਤੂਬਰ","month-10-genitive":"ਨਵੰਬਰ","month-11-genitive":"ਦਸੰਬਰ","month-0-short":"ਜਨ","month-1-short":"ਫਰ","month-2-short":"ਮਾਰ","month-3-short":"ਅਪ","month-4-short":"ਮਈ","month-5-short":"ਜੂਨ","month-6-short":"ਜੁਲਾ","month-7-short":"ਅਗ","month-8-short":"ਸਤੰ","month-9-short":"ਅਕਤੂ","month-10-short":"ਨਵੰ","month-11-short":"ਦਸੰ","minutes-ago-long":{"_index":["plural","value"],"_":{"zero":"ਹੁਣੇ ਹੀਂ","one":"ਮਿੰਟ ਕੁ ਪਹਿਲਾਂ","two":"{{value}} ਮਿੰਟ ਪਹਿਲਾਂ","few":"{{value}} ਮਿੰਟ ਪਹਿਲਾਂ","many":"{{value}} ਮਿੰਟ ਪਹਿਲਾਂ","other":"{{value}}  ਮਿੰਟ ਪਹਿਲਾਂ"}},"hours-ago-long":{"_index":["plural","value"],"_":{"zero":"ਹੁਣੇ ਹੀ","one":"ਘੰਟਾ ਪਹਿਲਾਂ","two":"{{value}} ਘੰਟੇ ਪਹਿਲਾਂ","few":"{{value}} ਘੰਟੇ ਪਹਿਲਾਂ","many":"{{value}} ਘੰਟੇ ਪਹਿਲਾਂ","other":"{{value}} ਘੰਟੇ ਪਹਿਲਾਂ"}},"days-ago-long":{"_index":["plural","value"],"_":{"zero":"ਅੱਜ","one":"ਕੱਲ੍ਹ","two":"{{value}} ਦਿਨ ਪਹਿਲਾਂ","few":"{{value}} ਦਿਨ ਪਹਿਲਾਂ","many":"{{value}} ਦਿਨ ਪਹਿਲਾਂ","other":"{{value}} ਦਿਨ ਪਹਿਲਾਂ"}},"weeks-ago-long":{"_index":["plural","value"],"_":{"zero":"ਇਹ ਹਫ਼ਤੇ","one":"ਪਿਛਲੇ ਹਫ਼ਤੇ","two":"{{value}} ਹਫ਼ਤੇ ਪਹਿਲਾਂ","few":"{{value}} ਹਫ਼ਤੇ ਪਹਿਲਾਂ","many":"{{value}} ਹਫ਼ਤੇ ਪਹਿਲਾਂ","other":"{{value}} ਹਫ਼ਤੇ ਪਹਿਲਾਂ"}},"months-ago-long":{"_index":["plural","value"],"_":{"zero":"ਇਹ ਮਹੀਨੇ","one":"ਪਿਛਲੇ ਮਹੀਨੇ","two":"{{value}} ਮਹੀਨੇ ਪਹਿਲਾਂ","few":"{{value}} ਮਹੀਨੇ ਪਹਿਲਾਂ","many":"{{value}} ਮਹੀਨੇ ਪਹਿਲਾਂ","other":"{{value}} ਮਹੀਨੇ ਪਹਿਲਾਂ"}},"years-ago-long":{"_index":["plural","value"],"_":{"zero":"ਇਹ ਸਾਲ","one":"ਪਿਛਲੇ ਸਾਲ","two":"{{value}} ਸਾਲ ਪਹਿਲਾਂ","few":"{{value}} ਸਾਲ ਪਹਿਲਾਂ","many":"{{value}} ਸਾਲ ਪਹਿਲਾਂ","other":"{{value}} ਸਾਲ ਪਹਿਲਾਂ"}},"minutes-until-long":{"_index":["plural","value"],"_":{"zero":"ਹੁਣ","one":"ਮਿੰਟ ਵਿੱਚ","two":"{{value}} ਮਿੰਟਾਂ ਵਿੱਚ","few":"{{value}} ਮਿੰਟਾਂ ਵਿੱਚ","many":"{{value}} ਮਿੰਟਾਂ ਵਿੱਚ","other":"{{value}} ਮਿੰਟਾਂ ਵਿੱਚ"}},"hours-until-long":{"_index":["plural","value"],"_":{"zero":"ਹੁਣ","one":"ਇੱਕ ਘੰਟੇ ਵਿੱਚ","two":"{{value}} ਘੰਟਿਆਂ ਵਿੱਚ","few":"{{value}} ਘੰਟਿਆਂ ਵਿੱਚ","many":"{{value}} ਘੰਟਿਆਂ ਵਿੱਚ","other":"{{value}} ਘੰਟਿਆਂ ਵਿੱਚ"}},"days-until-long":{"_index":["plural","value"],"_":{"zero":"ਅੱਜ","one":"ਭਲਕੇ","two":"{{value}} ਦਿਨਾਂ ਵਿੱਚ","few":"{{value}} ਦਿਨਾਂ ਵਿੱਚ","many":"{{value}} ਦਿਨਾਂ ਵਿੱਚ","other":"{{value}} ਦਿਨਾਂ ਵਿੱਚ"}},"weeks-until-long":{"_index":["plural","value"],"_":{"zero":"ਇਸ ਹਫ਼ਤੇ","one":"ਅਗਲੇ ਹਫ਼ਤੇ","two":"{{value}} ਹਫ਼ਤਿਆਂ ਵਿੱਚ","few":"{{value}} ਹਫ਼ਤਿਆਂ ਵਿੱਚ","many":"{{value}} ਹਫ਼ਤਿਆਂ ਵਿੱਚ","other":"{{value}} ਹਫ਼ਤਿਆਂ ਵਿੱਚ"}},"months-until-long":{"_index":["plural","value"],"_":{"zero":"ਇਸ ਮਹੀਨੇ","one":"ਅਗਲੇ ਮਹੀਨੇ","two":"{{value}} ਮਹੀਨਿਆਂ ਵਿੱਚ","few":"{{value}} ਮਹੀਨਿਆਂ ਵਿੱਚ","many":"{{value}} ਮਹੀਨਿਆਂ ਵਿੱਚ","other":"{{value}} ਮਹੀਨਿਆਂ ਵਿੱਚ"}},"years-until-long":{"_index":["plural","value"],"_":{"zero":"ਇਸ ਸਾਲ","one":"ਅਗਲੇ ਸਾਲ","two":"{{value}} ਸਾਲਾਂ ਵਿੱਚ","few":"{{value}} ਸਾਲਾਂ ਵਿੱਚ","many":"{{value}} ਸਾਲਾਂ ਵਿੱਚ","other":"{{value}} ਸਾਲਾਂ ਵਿੱਚ"}},"minutes-ago-short":{"_index":["plural","value"],"_":{"zero":"ਹੁਣੇ ਹੀ","other":"{{value}}ਮਿੰ ਪਹਿਲਾਂ"}},"hours-ago-short":{"_index":["plural","value"],"_":{"zero":"ਹੁਣੇ ਹੀਂ","other":"{{value}}ਘੰ ਪਹਿਲਾਂ"}},"days-ago-short":{"_index":["plural","value"],"_":{"zero":"ਅੱਜ","other":"{{value}}ਦਿ ਪਹਿਲਾਂ"}},"minutes-until-short":{"_index":["plural","value"],"_":{"zero":"ਹੁਣ","other":"{{value}}ਮਿੰ ਵਿੱਚ"}},"hours-until-short":{"_index":["plural","value"],"_":{"zero":"ਹੁਣ","other":"{{value}}ਘੰ ਵਿੱਚ"}},"days-until-short":{"_index":["plural","value"],"_":{"zero":"ਅੱਜ","other":"{{value}}ਦਿ ਵਿੱਚ"}},"incorrectDate":"(ਗਲਤ ਮਿਤੀ)","dateTimeFormat_%c":"%a %e %b  %Y %I:%M:%S %p","dateTimeFormat_%x":"%d/%m/%Y","dateTimeFormat_%X":"%I:%M:%S %p","shortTimeFormat":"%I:%M %p","shortDateTimeFormat":"%x %I:%M %p","weekStartsOnMonday":"1","time_am":"ਸਵੇਰੇ","time_pm":"ਸ਼ਾਮ","tz-region":"ਖੇਤਰ","tz-city":"ਸ਼ਹਿਰ","tzRegion-Africa":"ਅਫਰੀਕਾ","tzRegion-America":"ਅਮਰੀਕਾ","tzRegion-Antarctica":"ਐਨਟਾਰਟਿਕਾ","tzRegion-Asia":"ਏਸ਼ੀਆ","tzRegion-Atlantic":"ਐਟਲਾਟਿਕ ਮਹਾਂਸਾਗਰ","tzRegion-Australia":"ਆਸਟਰੇਲੀਆ","tzRegion-Europe":"ਯੂਰਪ","tzRegion-Indian":"ਹਿੰਦ ਮਹਾਂਸਾਗਰ","tzRegion-Pacific":"ਪ੍ਰਸ਼ਾਂਤ ਮਹਾਂਸਾਗਰ","close":"Close","import":"Import","update":"Update","fbFriends":"Facebook Friends","live-serviceName":"Outlook","gmail-serviceName":"Gmail","facebook-serviceName":"Facebook Friends","selectAll":"Select all","deselectAll":"Deselect all","viewAll":"View All Facebook Friends","viewRecommend":"View Only Recommended","linkProposal":{"_index":["plural","numFriends"],"_":{"zero":"No matching friends. Showing all","one":"Select the recommended one","two":"Select a recommended one","few":"Select a recommended one","many":"Select a recommended one","other":"Select a recommended one"}},"fbFriendsFound":{"_index":["plural","numFriends"],"_":{"zero":"All your friends are imported","one":"Found one friend to import","two":"Found {{numFriends}} friends to import","few":"Found {{numFriends}} friends to import","many":"Found {{numFriends}} friends to import","other":"Found {{numFriends}} friends to import"}},"facebook":"Facebook","search-contact":{"placeholder":"Search"},"noResults":"No contacts found","done-search":"Done","progressFB3ImportTitle":"Importing friends to Contacts","progressFB":"{{current}}/{{total}}","progressFB3UpdateTitle":"Updating friends in Contacts","message2":"This may take a couple of minutes","messageLinking":"Please hold on. We are linking your friend and your contact.","messageCanceling":"Please hold on. We are canceling the ongoing operation.","error1":"Error {{from}}","error2":"Do you want to retry?","errorProposal":"calculating proposals","errorFriends":"retrieving friends","errorLinking":"linking contact","timeout1":"Exceeded timeout {{from}}","timeout2":"Do you want to retry?","timeoutProposal":"calculating proposals","timeoutFriends":"retrieving friends","timeoutLinking":"linking contacts","wait1":"Please hold on","wait2":"This may take a couple of minutes","waitProposal":"Please hold on. We are calculating a proposal.","waitFriends":"Please hold on. We are connecting to obtain your friend list.","curtainCancel":"Cancel","curtainRetry":"Retry","curtainOK":"OK","connectionLost":"No Internet connection","connectionLostMsg":"Friends’ photos will not be added to your contacts. Continue anyway?","yesOption":"OK","noOption":"Cancel","friendsUpdated":{"_index":["plural","numFriends"],"_":{"zero":"No friends updated","one":"Updated one friend","two":"Updated {{numFriends}} friends","few":"Updated {{numFriends}} friends","many":"Updated {{numFriends}} friends","other":"Updated {{numFriends}} friends"}},"notificationLogin":"Your Facebook session is invalid. Please sign in.","syncError":"There was an error synchronizing your friend’s data","callAirplaneModeMessage":"ਕਾਲ ਕਰਨ ਲਈ ਤੁਹਾਨੂੰ ਏਅਰਪਲੇਨ ਮੋਡ ਸੈਟਿੰਗ ਵਿੱਚੋਂ ਬੰਦ ਕਰਨਾ ਹੋਵੇਗਾ।","callAirplaneModeBtnOk":"ਠੀਕ ਹੈ","callAirplaneModeTitle":"ਏਅਰਪਲੇਨ ਮੋਡ ਚਾਲੂ ਹੈ","numberIsBusyTitle":"ਨੰਬਰ ਰੁੱਝਿਆ ਹੈ","numberIsBusyMessage":"ਨੰਬਰ ਇਸ ਸਮੇਂ ਰੁਝਿਆ ਹੋਇਆ ਹੈ। ਕਿਰਪਾ ਕਰਕੇ ਬਾਅਦ ਵਿੱਚ ਕੋਸ਼ਿਸ਼ ਕਰੋ।","fdnIsActiveTitle":"FDN active","fdnIsActiveMessage":"FDN (Fixed Dialing Numbers) is activated and the following number is not in your FDN list: {{ number }}","voiceMail":"ਵਾਈਸਮੇਲ","emergencyNumber":"ਐਮਰਜੈਂਸੀ ਨੰਬਰ","emergencyDialogBodyBadNumber":"ਕਾਲ ਕਰਨ ਲਈ ਫੋਨ ਨੈੱਟਵਰਕ ਨਾਲ ਕੁਨੈਕਟ ਹੋਣਾ ਚਾਹੀਦਾ ਹੈ।","emergencyDialogBodyDeviceNotAccepted":"ਨੈੱਟਵਰਕ ਉੱਤੇ ਐਮਰਜੈਂਸੀ ਨੰਬਰਾਂ ਦੀ ਇਜ਼ਾਜ਼ਤ ਨਹੀਂ ਹੈ।","emergencyDialogBtnOk":"ਠੀਕ ਹੈ","emergencyDialogTitle":"ਕੋਈ ਨੈੱਟਵਰਕ ਕੁਨੈਕਸ਼ਨ ਨਹੀਂ ਹੈ","invalidNumberToDialTitle":"ਗਲਤ ਫੋਨ ਨੰਬਰ","invalidNumberToDialMessage":"ਫੋਨ ਨੰਬਰ, ਜਿਸ ਉੱਤੇ ਤੁਸੀਂ ਕਾਲ ਕਰ ਰਹੇ ਹੋ, ਠੀਕ ਨਹੀਂ ਹੈ।","unableToCallTitle":"ਹੁਣ ਫੋਨ ਕਾਲ ਕਰਨ ਲਈ ਅਸਮਰੱਥ","unableToCallMessage":"ਕਾਲ ਨਹੀਂ ਕੀਤੀ ਜਾ ਸਕਦੀ। ਜੇ ਤੁਸੀਂ ਪਹਿਲਾਂ ਹੀ ਡਾਇਲ ਕਰ ਰਹੇ ਹੋ ਤਾਂ ਪਹਿਲਾਂ ਰੋਕ ਦਿਉ।","otherConnectionInUseTitle":"ਹੋਰ ਕੁਨੈਕਸ਼ਨ ਵਰਤੋਂ ਵਿੱਚ ਹੈ।","otherConnectionInUseMessage":"ਤੁਹਾਡੇ ਕੋਲ ਹੋਰ ਕੁਨੈਕਸ਼ਨ ਉੱਤੇ ਸਰਗਰਮ ਕਾਲ ਹੈ। ਤੁਸੀਂ ਇੱਕ ਸਮੇਂ ਕੇਵਲ ਇੱਕ ਹੀ ਕੁਨੈਕਸ਼ਨ ਵਰਤ ਸਕਦੇ ਹੋ।","addNewNumber":"Add new number","addToExistingContact":"ਮੌਜੂਦਾ ਸੰਪਰਕ ਵਿੱਚ ਜੋੜੋ","all":"ਸਭ","asterisk":{"ariaLabel":"Asterisk"},"callLog":"ਕਾਲ ਲਾਗ","callLogEdit":{"title":"Edit call log"},"callLogEditDialog":{"ariaLabel":"Edit call log dialog"},"connecting":"ਕੁਨੈਕਟ ਕੀਤਾ ਜਾ ਰਿਹਾ ਹੈ","cf-async":"Asynchronous: {{ async }}\\n","cf-data":"ਡਾਟਾ: {{ data }}\\n","cf-error":"ਕਾਲ ਅੱਗੇ ਭੇਜਣ ਸਥਿਤੀ ਪਤਾ ਕਰਨ ਦੌਰਾਨ ਗਲਤੀ ਆਈ","cf-fax":"ਫੈਕਸ: {{ fax }}\\n","cf-inactive":"ਨਾ-ਸਰਗਰਮ","cf-packet":"ਪੈਕਟ: {{ packet }}\\n","cf-pad":"PAD: {{ pad }}\\n","cf-sms":"SMS: {{ sms }}\\n","cf-status":"ਕਾਲ ਅੱਗੇ ਭੇਜਣ ਸਥਿਤੀ\\n","cf-sync":"Synchronous: {{ sync }}\\n","cf-voice":"ਵਾਈਸ: {{ voice }}\\n","confirm-deletion":"ਚੁਣੀਆਂ ਕਾਲਾਂ ਹਟਾਉਣੀਆਂ ਹਨ?","contacts":"ਸੰਪਰਕ","createNewContact":"ਨਵਾਂ ਸੰਪਰਕ ਬਣਾਓ","delete":"Delete","dialerAddContact":{"ariaLabel":"Add contact"},"dialerAddContactDialog":{"ariaLabel":"Add Contact Dialog"},"edit-selected":{"_index":["plural","n"],"_":{"one":"{{ n }} ਚੁਣਿਆ","two":"{{ n }} ਚੁਣੇ","few":"{{ n }} ਚੁਣੇ","many":"{{ n }} ਚੁਣੇ","other":"{{ n }} ਚੁਣੇ"}},"edit":"ਸੋਧ","hashSign":{"ariaLabel":"Hash sign"},"hideKeypad":{"ariaLabel":"Hide keypad"},"ignore":"ਕਾਲ ਅਣਡਿੱਠੀ","incoming":"ਆਉਣ","keypad":{"ariaLabel":"Keypad"},"keypadDelete":{"ariaLabel":"Delete"},"makeCall":{"ariaLabel":"Make call"},"merge":"ਮਿਲਾਓ","missed":"ਖੁੰਝੀਆਂ","missedCall":"ਖੁੰਝੀ ਕਾਲ","missedCallMultiSims":"(SIM {{ n }}) ਖੁੰਝੀ ਕਾਲ","mmi-error":"ਸੁਨੇਹਾ ਭੇਜੇਣ ਦੌਰਾਨ ਗਲਤੀ ਆਈ ਹੈ","mmi-session-expired":"ਸ਼ੈਸ਼ਨ ਦੀ ਮਿਆਦ ਪੁੱਗੀ","mmi-successfully-sent":"ਸੁਨੇਹਾ ਠੀਕ ਤਰ੍ਹਾਂ ਭੇਜਿਆ ਗਿਆ","mute":{"ariaLabel":"Mute"},"newCall":{"ariaLabel":"New call"},"no-logs-msg-1":"ਕੋਈ ਕਾਲ ਰਿਕਾਰਡ ਨਹੀਂ ਹੈ","no-logs-msg-2":"ਹੁਣ ਸੰਚਾਰ ਸ਼ੁਰੂ ਕਰੋ","no-logs-msg-3":"ਕੋਈ ਖੁੰਝੀ ਕਾਲ ਨਹੀਂ ਹੈ","phoneNumberInput":{"ariaLabel":"Phone number"},"recents":{"ariaLabel":"Recent calls"},"reply":"ਜਵਾਬ","switch-calls":"ਕਾਲਾਂ ਬਦਲੋ","today":"ਅੱਜ","voiceMailKey":{"ariaLabel":"Voicemail"},"withheld-number":"ਰੋਕਿਆ ਨੰਬਰ","from-contact":"{{ contact }} ਵਲੋਂ","from-number":"{{ number }} ਤੋਂ","from-withheld-number":"ਰੋਕੇ ਨੰਬਰ ਤੋਂ","yesterday":"ਕੱਲ੍ਹ","sending":"…ਭੇਜਿਆ ਜਾ ਰਿਹਾ ਹੈ","speakerOption":{"ariaLabel":"Speaker"},"ussd-services":"{{ operator }} ਸੇਵਾਵਾਂ","toggleKeypad":{"ariaLabel":"Toggle keypad"},"type-your-response":{"placeholder":"…ਆਪਣਾ ਜਵਾਬ ਲਿਖੋ"},"clear-all-text":"ਸਾਰਾ ਟੈਕਸਟ ਸਾਫ਼ ਕਰੋ","hide":"ਓਹਲੇ","call":"ਕਾਲ","hold":"ਹੋਲਡ","resume":"ਮੁੜ ਲਵੋ","sendSms":"ਸੁਨੇਹਾ ਭੇਜੋ","callEnded":"ਕਾਲ ਬੰਦ ਕੀਤੀ","via-sim":"ਸਿਮ{{ n }} ਰਾਹੀਂ","sim-number":"ਸਿਮ{{ n }}","hangup-a11y-button":{"aria-label":"ਬੰਦ ਕਰੋ"},"pickup-a11y-button":{"aria-label":"ਲਵੋ"},"unlock-a11y-button":{"aria-label":"ਸਲਾਈਡਰ"},"settings":"ਸੈਟਿੰਗ","delete-n-log?":{"_index":["plural","n"],"_":{"zero":"ਕੁਝ ਨਹੀਂ ਚੁਣਿਆ","one":"ਚੁਣਿਆ ਲਾਗ ਹਟਾਉਣਾ ਹੈ?","two":"{{ n }} ਲਾਗ ਹਟਾਉਣਾ ਹੈ?","few":"{{ n }} ਲਾਗ ਹਟਾਉਣਾ ਹੈ?","many":"{{ n }} ਲਾਗ ਹਟਾਉਣਾ ਹੈ?","other":"{{ n }} ਲਾਗ ਹਟਾਉਣਾ ਹੈ?"}},"callDurationMinutes":"{{ m }}:{{ s }}","callDurationHours":"{{ h }}:{{ m }}:{{ s}}","suggestionMatches":{"_index":["plural","n"],"_":{"one":"\"{{ matchNumber }}\" ਲਈ {{ n }} ਮਿਲਦੇ","two":"\"{{ matchNumber }}\" ਲਈ {{ n }} ਮਿਲਦੇ","few":"\"{{ matchNumber }}\" ਲਈ {{ n }} ਮਿਲਦੇ","many":"\"{{ matchNumber }}\" ਲਈ {{ n }} ਮਿਲਦੇ","other":"\"{{ matchNumber }}\" ਲਈ {{ n }} ਮਿਲਦੇ"}},"scCallBarring":"ਕਾਲ ਰੁਕਾਵਟ","scCallForwarding":"ਕਾਲ ਅੱਗੇ ਭੇਜਣੀ","scClip":"ਆਉਣ ਵਾਲਾ ਕਾਲਰ ID","scClir":"ਬਾਹਰ ਕਰਨ ਵਾਲਾ ID","scPwd":"ਪਾਸਵਰਡ ਬਦਲਿਆ","scCallWaiting":"ਕਾਲ ਉਡੀਕ","scPin":"ਪਿੰਨ ਬਦਲੋ","scPin2":"PIN2 ਬਦਲੋ","scPuk":"ਪਿੰਨ ਅਣ-ਬਲਾਕ","scPuk2":"PIN2 ਅਣ-ਬਲਾਕ","scImei":"IMEI","scUssd":"USSD","serviceClassVoice":"ਵਾਈਸ","serviceClassData":"ਡਾਟਾ","serviceClassFax":"ਫੈਕਸ","serviceClassSms":"SMS","serviceClassDataSync":"ਸਿੰਕ","serviceClassDataAsync":"Async","serviceClassPacket":"ਪੈਕੇਟ","serviceClassPad":"PAD","smServiceEnabled":"ਸੇਵਾ ਚਾਲੂ ਕੀਤੀ ਗਈ","smServiceDisabled":"ਸੇਵਾ ਬੰਦ ਕੀਤੀ ਗਈ","smServiceRegistered":"ਰਜਿਸਟਰੇਸ਼ਨ ਸਫ਼ਲ ਰਹੀ","smServiceErased":"ਮਿਟਾਉਣਾ ਸਫ਼ਲ ਰਿਹਾ","smServiceInterrogated":"ਬੇਨਤੀ ਸਫ਼ਲ ਰਹੀ","smServiceNotProvisioned":"ਸੇਵਾ ਪ੍ਰਬੰਧੀ ਅਧੀਨ ਨਹੀਂ","smClirPermanent":"ਤੁਸੀਂ ਕਾਲਰ ਆਈਡੀ ਸੈਟਿੰਗ ਨਹੀਂ ਬਦਲ ਸਕਦੇ ਹੋ।","smClirDefaultOnNextCallOn":"ਕਾਲਰ ID ਮੂਲ ਤੌਰ ਉੱਤੇ ਸੀਮਤ ਹੈ। ਅਗਲੀ ਕਾਲ: ਸੀਮਤ","smClirDefaultOnNextCallOff":"ਕਾਲਰ ID ਮੂਲ ਤੌਰ ਉੱਤੇ ਸੀਮਤ ਹੈ। ਅਗਲੀ ਕਾਲ: ਸੀਮਤ ਨਹੀਂ","smClirDefaultOffNextCallOn":"ਕਾਲਰ ID ਮੂਲ ਤੌਰ ਉੱਤੇ ਸੀਮਤ ਨਹੀਂ ਹੈ। ਅਗਲੀ ਕਾਲ: ਸੀਮਤ","smClirDefaultOffNextCallOff":"ਕਾਲਰ ID ਮੂਲ ਤੌਰ ਉੱਤੇ ਸੀਮਤ ਨਹੀਂ ਹੈ। ਅਗਲੀ ਕਾਲ: ਸੀਮਤ ਨਹੀਂ","smServiceEnabledFor":"ਸੇਵਾ ਚਾਲੂ ਹੈ:","smPinChanged":"PIN ਠੀਕ ਤਰ੍ਹਾਂ ਬਦਲਿਆ ਗਿਆ","smPinUnblocked":"PIN ਠੀਕ ਤਰ੍ਹਾਂ ਅਣ-ਬਲਾਕ ਕੀਤਾ","smPin2Changed":"PIN2 ਠੀਕ ਤਰ੍ਹਾਂ ਬਦਲਿਆ ਗਿਆ","smPin2Unblocked":"PIN2 ਠੀਕ ਤਰ੍ਹਾਂ ਅਣ-ਬਲਾਕ ਕੀਤਾ","emMmiError":"ਕੁਨੈਕਸ਼ਨ ਨਾਲ ਸਮੱਸਿਆ ਜਾਂ ਗਲਤ MMI ਕੋਡ","emMmiErrorPasswordIncorrect":"ਗਲਤ ਪਾਸਵਰਡ","emMmiErrorNotSupported":"ਗਲਤ ਜਾਂ ਗ਼ੈਰ-ਸਹਾਇਕ MMI ਕੋਡ","emMmiErrorInvalidAction":"ਗਲਤ ਕਾਰਵਾਈ","emMmiErrorInvalidScCode":"ਗਲਤ ਸੇਵਾ ਕੋਡ","emMmiErrorBadPuk":"ਤੁਹਾਡੇ ਵਲੋਂ ਦਿੱਤਾ PUK  ਠੀਕ ਨਹੀਂ ਹੈ।","emMmiErrorBadPin":"ਤੁਹਾਡੇ ਵਲੋਂ ਦਿੱਤਾ ਪੁਰਾਣਾ PIN  ਠੀਕ ਨਹੀਂ ਹੈ।","emMmiErrorNeedPuk2":"ਸਿਮ ਕਾਰਡ ਅਣ-ਬਲਾਕ ਕਰਨ ਲਈ  PUK2 ਦਿਉ।","emMmiErrorMismatchPin":"ਤੁਹਾਡੇ ਵਲੋਂ ਦਿੱਤੇ PIN ਮਿਲਦੇ ਨਹੀਂ ਹਨ।","emMmiErrorInvalidPin":"4 ਤੋਂ 8 ਅੰਕਾਂ ਦਾ ਪਿੰਨ ਦਿਉ","emMmiErrorNeedsPuk":"ਤੁਹਾਡਾ ਸਿਮ ਕਾਰਡ PUK-ਲਾਕ ਹੈ।","emMmiErrorEnablePin":"ਅਸਫ਼ਲ ਹੈ।  SIM/RUIM ਲਾਕ ਚਾਲੂ ਕਰੋ।","emMmiErrorMmiFdn":"ਕਾਰਵਾਈ ਕੇਵਲ ਸਥਿਰ ਡਾਇਲ ਨੰਬਰਾਂ ਉੱਤੇ ਕਾਲ ਕਰਨ ਲਈ ਹੀ ਸੀਮਿਤ ਹੈ","emMmiErrorStkCcUssdDial":"USSD ਬੇਨਤੀ DIAL ਬੇਨਤੀ ਲਈ ਸੋਧੀ ਗਈ","emMmiErrorStkCcUssdSs":"USSD ਬੇਨਤੀ SS ਬੇਨਤੀ ਲਈ ਸੋਧੀ ਗਈ","emMmiErrorStkCcUssdUssd":"USSD ਬੇਨਤੀ ਨਵੀਂ USSD  ਬੇਨਤੀ ਲਈ ਸੋਧੀ ਗਈ","emMmiErrorStkCcSsDial":"SS ਬੇਨਤੀ DIAL  ਬੇਨਤੀ ਲਈ ਸੋਧੀ ਗਈ","emMmiErrorStkCcSsUssd":"SS ਬੇਨਤੀ USSD  ਬੇਨਤੀ ਲਈ ਸੋਧੀ ਗਈ","emMmiErrorStkCcSsSs":"SS ਬੇਨਤੀ ਨਵੀਂ SS  ਬੇਨਤੀ ਲਈ ਸੋਧੀ ਗਈ","emMmiErrorPinPukAttempts":{"_index":["plural","n"],"_":{"one":"ਕੇਵਲ {{ n }} ਮੁੜ-ਕੋਸ਼ਿਸ਼ ਬਾਕੀ","two":"{{ n }} ਮੁੜ-ਕੋਸ਼ਿਸ਼ਾਂ ਬਾਕੀ","few":"{{ n }} ਮੁੜ-ਕੋਸ਼ਿਸ਼ਾਂ ਬਾਕੀ","many":"{{ n }} ਮੁੜ-ਕੋਸ਼ਿਸ਼ਾਂ ਬਾਕੀ","other":"{{ n }} ਮੁੜ-ਕੋਸ਼ਿਸ਼ਾਂ ਬਾਕੀ"}},"emMmiErrorSimBlocked":"ਮੁੜ-ਕੋਸ਼ਿਸ ਕਰਨ ਦੀ ਵੱਧ ਤੋਂ ਵੱਧ ਹੱਟ ਟੱਪੀ। ਸਿਮ ਬਲਾਕ ਹੈ","RadioNotAvailable":"ਰੇਡੀਓ ਉਪਲੱਬਧ ਨਹੀਂ","GenericFailure":"ਸਧਾਰਨ ਗਲਤੀ","PasswordIncorrect":"ਪਾਸਵਰਡ ਫੇਲ੍ਹ ਹੈ","SimPin2":"ਸਿਮ PIN2","SimPuk2":"ਸਿਮ PUK2","RequestNotSupported":"ਬੇਨਤੀ ਸਹਾਇਕ ਨਹੀਂ","OpNotAllowedDuringVoiceCall":"ਵਾਈਸ ਕਾਲ ਦੇ ਦੌਰਾਨ ਕਾਰਵਾਈ ਸਹਾਇਕ ਨਹੀਂ","SmsSendFailRetry":"SMS ਭੇਜਣਾ ਫੇਲ੍ਹ ਮੁੜ-ਕੋਸ਼ਿਸ਼","SimAbsent":"ਸਿਮ ਗੈਰਹਾਜ਼ਰ","SubscriptionNotAvailable":"ਮੈਂਬਰੀ ਉਪਲੱਬਧ ਨਹੀਂ","ModeNotSupported":"ਮੋਡ ਸਹਾਇਕ ਨਹੀਂ","FdnCheckFailure":"Fdn ਜਾਂਚ ਫੇਲ੍ਹ ਹੈ","IllegalSimOrMe":"ਗਲਤ ਸਿਮ ਜਾਂ ME","DialModifiedToUssd":"USSD ਲਈ ਸੋਧਿਆ ਡਾਇਲ","DialModifiedToSs":"SS ਲਈ ਸੋਧਿਆ ਡਾਇਲ","DialModifiedToDial":"ਡਾਇਲ ਲਈ ਸੋਧਿਆ ਡਾਇਲ","UssdModifiedToDial":"ਡਾਇਲ ਲਈ ਸੋਧਿਆ USSD ","UssdModifiedToSs":"SS ਲਈ ਸੋਧਿਆ USSD ","UssdModifiedToUssd":"USSD ਲਈ ਸੋਧਿਆ USSD ","SsModifiedToDial":"ਡਾਇਲ ਲਈ ਸੋਧਿਆ SS","SsModifiedToUssd":"USSD  ਲਈ ਸੋਧਿਆ SS","SsModifiedToSs":"SS ਲਈ ਸੋਧਿਆ SS","SubscriptionNotSupported":"ਮੈਂਬਰੀ ਸਹਾਇਕ ਨਹੀਂ","InvalidParameter":"ਗਲਤ ਮਾਪਢੰਡ","RejectedByRemote":"ਰਿਮੋਟ ਵਲੋਂ ਰੱਦ ਕੀਤਾ","group-call":{"_index":["plural","n"],"_":{"one":"ਗਰੁੱਪ ਕਾਲ ({{ n }})","two":"ਗਰੁੱਪ ਕਾਲ ({{ n }})","few":"ਗਰੁੱਪ ਕਾਲ ({{ n }})","many":"ਗਰੁੱਪ ਕਾਲ ({{ n }})","other":"ਗਰੁੱਪ ਕਾਲ ({{ n }})"}},"caller-left-call":"{{ caller }} ਨੇ ਕਾਲ ਛੱਡੀ","conferenceAddError":"ਕਾਲਾਂ ਮਿਲਾਉਣ ਲਈ ਅਸਮਰੱਥ","conferenceRemoveError":"ਕਾਲਾਂ ਵੱਖ-ਵੱਖ ਕਰਨ ਲਈ ਅਸਮਰੱਥ","longDateFormat":"%A, %e %B","select-audio-sources":"ਆਡੀਓ ਸਰੋਤ ਚੁਣੋ","bluetooth-handsfree-device":"ਬਲਿਊਟੁੱਥ ਹੈਡ-ਫਰੀ ਯੰਤਰ","receiver":"ਰਸੀਵਰ","speaker":"ਸਪੀਕਰ","add":"ਜੋੜੋ","done":"ਮੁਕੰਮਲ","retry":"ਮੁੜ-ਕੋਸ਼ਿਸ਼","addContact":"ਸੰਪਰਕ ਜੋੜੋ","deleteContact":"ਸੰਪਰਕ ਹਟਾਓ","selectContact":"ਸੰਪਰਕ ਚੁਣੋ","editContact":"ਸੰਪਰਕ ਸੋਧ","deleteConfirmMsg":"ਸੰਪਰਕ ਹਟਾਉਣਾ ਹੈ?","remove":"ਹਟਾਓ","comments":"ਟਿੱਪਣੀਆਂ","no_contact_phones":"ਇਹ ਸੰਪਰਕ ਕੋਲ ਫੋਨ ਨੰਬਰ ਨਹੀਂ ਹੈ","no_contact_email":"ਇਹ ਸੰਪਰਕ ਕੋਲ ਈਮੇਲ ਸਿਰਨਾਵਾਂ ਨਹੀਂ ਹੈ","removePhotoConfirm":"ਸੰਪਰਕ ਤਸਵੀਰ ਹਟਾਉਣੀ ਹੈ?","loadingContacts":"…ਸੰਪਰਕ ਲੋਡ ਕੀਤੇ ਜਾ ਰਹੇ ਹਨ","noContactsActivity":"ਸੰਪਰਕ ਜੋੜਿਆ ਨਹੀਂ ਜਾ ਸਕਦਾ ਕਿਉਂਕਿ ਤੁਹਾਡੀ ਸੰਪਰਕ ਸੂਚੀ ਖਾਲੀ ਹੈ।","noName":"ਕੋਈ ਨਾਂ ਨਹੀਂ","givenName":{"placeholder":"ਨਾਂ"},"familyName":{"placeholder":"ਆਖਰੀ ਨਾਂ"},"tel":{"placeholder":"ਫੋਨ"},"carrier":{"_":"ਕੈਰੀਅਰ","placeholder":"ਕੈਰੀਅਰ"},"separator":",","email":{"_":"ਈਮੇਲ","placeholder":"ਈਮੇਲ"},"streetAddress":{"placeholder":"ਗਲਤ"},"postalCode":{"placeholder":"ਜ਼ਿਪ ਕੋਡ"},"locality":{"placeholder":"ਸ਼ਹਿਰ"},"countryName":{"placeholder":"ਦੇਸ਼"},"comment":{"placeholder":"ਟਿੱਪਣੀ"},"org":{"placeholder":"ਕੰਪਨੀ"},"custom":"ਪਸੰਦੀਦਾ ਟੈਗ","date":{"_":"ਮਿਤੀ","placeholder":"ਮਿਤੀ"},"date-span-placeholder":"Date","birthday":"ਜਨਮਦਿਨ","dateFormat":"%e %B ","dateOutput":"{{dayMonthFormatted}} {{year}}","anniversary":"ਵਰੇਗੰਢ","addPhoto":"ਤਸਵੀਰ ਜੋੜੋ","addPhone":"ਫੋਨ ਜੋੜੋ","addEmail":"ਈਮੇਲ ਜੋੜੋ","addAddress":"ਸਿਰਨਾਵਾਂ ਜੋੜੋ","addDate":"ਮਿਤੀ ਜੋੜੋ","addComment":"ਟਿੱਪਣੀ ਜੋੜੋ","addFavorite":"ਪਸੰਦ ਵਿੱਚ ਜੋੜੋ","removeFavorite":"ਪਸੰਦ ਵਿੱਚੋਂ ਹਟਾਓ","label":"ਲੇਬਲ","home":"ਘਰ","work":"ਕੰਮ","personal":"ਨਿੱਜੀ","faxHome":"ਫੈਕਸ ਨੰਬਰ","faxOffice":"ਫੈਕਸ ਦਫ਼ਤਰ","faxOther":"ਫੈਕਸ ਹੋਰ","another":"ਹੋਰ","other":"ਹੋਰ","current":"ਮੌਜੂਦਾ","itemWithLabel":"{{label}}, {{item}}","exit":"ਬੰਦ ਕਰੋ","expand":"ਫੈਲਾਓ","labelName":"ਨਾਂ:","labelLastName":"ਆਖਰੀ ਨਾਂ:","labelPhoneNumber":"ਫੋਨ ਨੰਬਰ:","labelCarrier":"ਕੈਰੀਅਰ:","labelEmail":"ਈਮੇਲ:","labelStreet":"ਗਲੀ:","labelZip":"ਜ਼ਿਪ ਕੋਡ:","labelCity":"ਸ਼ਹਿਰ:","labelCountry":"ਦੇਸ਼:","labelComment":"ਟਿੱਪਣੀ:","legendTitleMain":"ਮੁੱਖ ਜਾਣਕਾਰੀ","legendPhones":"ਫੋਨ ਨੰਬਰ","legendEmail":"ਈਮੇਲ ਸਿਰਨਾਵਾਂ","legendAddress":"ਸਿਰਨਾਵਾਂ","transferContactsTitle":"ਸੰਪਰਕ ਟਰਾਂਸਫਰ ਕਰੋ","importContactsTitle":"ਸੰਪਰਕ ਇੰਪੋਰਟ ਕਰੋ","importContactsButton":"ਸੰਪਰਕ ਇੰਪੋਰਟ","exportContactsTitle":"ਸੰਪਰਕ ਐਕਸਪੋਰਟ ਕਰੋ","exportContactsButton":"ਸੰਪਰਕ ਐਕਸਪੋਰਟ","exportContactsAction":"ਐਕਸਪੋਰਟ","simExport-title":"SIM ਉਤੇ ਐਕਸਪੋਰਟ","sdExport-title":"SD ਕਾਰਡ ਉੱਤੇ ਐਕਸਪੋਰਟ","btExport-title":"ਬਲਿਊਟੁੱਥ ਉੱਤੇ ਐਕਸਪੋਰਟ","sdUMSEnabled":"SD ਕਾਰਡ ਦੀ ਵਰਤੋਂ ਨਹੀਂ ਕੀਤੀ ਜਾ ਸਕਦੀ, ਕਿਉਂਕਿ USB ਸਟੋਰੇਜ਼ ਚਾਲੂ ਹੈ","exportErrorTitle":"ਐਕਸਪੋਰਟ ਗਲਤੀ","contactsExported2":{"_index":["plural","exported"],"_":{"zero":"ਕੋਈ ਸੰਪਰਕ ਐਕਸਪੋਰਟ ਨਹੀਂ ਕੀਤਾ","one":"{{exported}}/{{total}} ਸੰਪਰਕ ਐਕਸਪੋਰਟ ਕੀਤੇ","two":"{{exported}}/{{total}} ਸੰਪਰਕ ਐਕਸਪੋਰਟ ਕੀਤੇ","few":"{{exported}}/{{total}} ਸੰਪਰਕ ਐਕਸਪੋਰਟ ਕੀਤੇ","many":"{{exported}}/{{total}} ਸੰਪਰਕ ਐਕਸਪੋਰਟ ਕੀਤੇ","other":"{{exported}}/{{total}} ਸੰਪਰਕ ਐਕਸਪੋਰਟ ਕੀਤੇ"}},"exportError-general":"ਐਕਸਪੋਰਟ ਕਰਨ ਦੌਰਾਨ ਗਲਤੀ ਆਈ","exportError-SD-shared":"ਮੈਮੋਰੀਕਾਰਡ ਵਰਤਿਆ ਨਹੀਂ ਜਾ ਸਕਦਾ, ਕਿਉਂਕਿ ਇਹ ਸਾਂਝਾ ਕੀਤਾ ਹੈ","exportError-SD-unavailable":"ਮੈਮੋਰੀ ਕਾਰਡ ਉਪਲੱਬਧ ਨਹੀਂ","exportError-SD-noSpace":"ਸੰਪਰਕ ਐਕਸਪੋਰਟ ਕਰਨ ਲਈ ਮੈਮੋਰੀ ਕਾਰਡ ਉੱਤੇ ਲੋੜੀਂਦੀ ਥਾਂ ਨਹੀਂ ਹੈ","exportError-SIM-unavailable":"ਸਿਮ ਕਾਰਡ ਉਪਲੱਬਧ ਨਹੀਂ","exportError-BT-shared":"ਮੈਮੋਰੀ ਕਾਰਡ ਦੀ ਵਰਤੋਂ ਨਹੀਂ ਕੀਤੀ ਜਾ ਸਕਦੀ, ਕਿਉਂਕਿ ਇਹ ਸਾਂਝਾ ਕੀਤਾ ਹੈ","exportError-BT-unavailable":"ਮੈਮੋਰੀ ਕਾਰਡ ਉਪਲੱਬਧ ਨਹੀਂ","exportError-BT-noSpace":"ਸੰਪਰਕ ਐਕਸਪੋਰਟ ਕਰਨ ਲਈ ਮੈਮੋਰੀ ਕਾਰਡ ਉੱਤੇ ਲੋੜੀਂਦੀ ਥਾਂ ਨਹੀਂ ਹੈ","simContacts-import":"ਸਿਮ ਸੰਪਰਕ ਇੰਪੋਰਟ ਕਰੋ","simContacts-importing":"…ਸਿਮ ਸੰਪਰਕ ਇੰਪੋਰਟ ਕੀਤੇ ਜਾ ਰਹੇ ਹਨ","simContacts-reading":"…ਸਿਮ ਕਾਰਡ ਤੋਂ ਪੜ੍ਹਿਆ ਜਾ ਰਿਹਾ ਹੈ","simContacts-error":"ਇੰਪੋਰਟ ਤੋਂ ਸੰਪਰਕ ਇੰਪੋਰਟ ਨਹੀਂ ਕੀਤੇ ਜਾ ਸਕੇ","simContacts-imported3":{"_index":["plural","n"],"_":{"zero":"ਸਿਮ ਉੱਤੇ ਇੰਪੋਰਟਕਰਨ ਲਈ ਕੋਈ ਸੰਪਰਕ ਨਹੀਂ","one":"ਇੱਕ ਸੰਪਰਕ ਇੰਪੋਰਟ ਕੀਤਾ","two":"{{n}} ਸੰਪਰਕ ਇੰਪੋਰਟ ਕੀਤੇ","few":"{{n}} ਸੰਪਰਕ ਇੰਪੋਰਟ ਕੀਤੇ","many":"{{n}} ਸੰਪਰਕ ਇੰਪੋਰਟ ਕੀਤੇ","other":"{{n}} ਸੰਪਰਕ ਇੰਪੋਰਟ ਕੀਤੇ"}},"noSimMsgExport":"ਸੰਪਰਕ ਐਕਸਪੋਰਟ ਕਰਨ ਲਈ ਆਪਣਾ ਸਿਮ ਕਾਰਡ ਪਾਉ ਜਾਂ ਅਣ-ਲਾਕ ਕਰੋ","simNumber":"ਸਿਮ {{number}}","memoryCardContacts-import":"ਮੈਮੋਰੀ ਕਾਰਡ ਤੋਂ ਸੰਪਰਕ ਇੰਪੋਰਟ ਕਰੋ","memoryCardContacts-importing":"…ਮੈਮੋਰੀ ਕਾਰਡ ਤੋਂ ਸੰਪਰਕ ਇੰਪੋਰਟ ਕੀਤੇ ਜਾ ਰਹੇ ਹਨ","memoryCardContacts-reading":"…ਮੈਮੋਰੀ ਕਾਰਡ ਤੋਂ ਪੜ੍ਹਿਆ ਜਾ ਰਿਹਾ ਹੈ","memoryCardContacts-error":"ਮੈਮੋਰੀ ਕਾਰਡ ਤੋਂ ਸੰਪਰਕ ਇੰਪੋਰਟ ਨਹੀਂ ਕੀਤੇ ਜਾ ਸਕੇ","memoryCardContacts-imported3":{"_index":["plural","n"],"_":{"zero":"ਇੰਪੋਰਟ ਕਰਨ ਲਈ ਮੈਮੋਰੀ ਕਾਰਡ ਉੱਤੇ ਕੋਈ ਸੰਪਰਕ ਨਹੀਂ ਲੱਭੇ","one":"ਇੱਕ ਸੰਪਰਕ ਇੰਪੋਰਟ ਕੀਤਾ","two":"{{n}} ਸੰਪਰਕ ਇੰਪੋਰਟ ਕੀਤੇ","few":"{{n}} ਸੰਪਰਕ ਇੰਪੋਰਟ ਕੀਤੇ","many":"{{n}} ਸੰਪਰਕ ਇੰਪੋਰਟ ਕੀਤੇ","other":"{{n}} ਸੰਪਰਕ ਇੰਪੋਰਟ ਕੀਤੇ"}},"noMemoryCardMsgExport":"ਸੰਪਰਕ ਐਕਸਪੋਰਟ ਕਰਨ ਲਈ ਮੈਮੋਰੀ ਕਾਰਡ ਪਾਉ","genericProgress":"{{current}}/{{total}}","social-network":"ਸਮਾਜਿਕ ਨੈੱਟਵਰਕ","social-link":"ਸੰਪਰਕ ਲਿੰਕ ਕਰੋ","social-unlink":"ਸੰਪਰਕ ਲਿੰਕ ਹਟਾਓ","social-unlink-confirm-title":"ਕੀ ਤੁਸੀਂ ਆਪਣੇ ਦੋਸਤ ਨੂੰ ਅਣ-ਲਿੰਕ ਕਰਨਾ ਚਾਹੁੰਦੇ ਹੋ?","social-unlink-confirm-accept":"ਲਿੰਕ ਹਟਾਓ","facebook-import":"ਫੇਸਬੁੱਕ ਦੋਸਤ ਲਵੋ","show-fb-profile":"ਫੇਸਬੁੱਕ ਪ੍ਰੋਫਾਇਲ ਵੇਖੋ","msg-send":"ਸੁਨੇਹਾ","wall-post":"ਵਾਲ ਪੋਸਟ","facebook-import-msg":{"_index":["plural","imported"],"_":{"zero":"ਕੋਈ ਦੋਸਤ ਇੰਪੋਰਟ ਨਹੀਂ ਕੀਤਾ ({{total}} ਵਿੱਚੋਂ)","one":"ਇੱਕ ਦੋਸਤ ਇੰਪੋਰਟ ਕੀਤਾ ({{total}} ਵਿੱਚੋਂ)","two":"{{imported}}/{{total}} ਦੋਸਤ ਇੰਪੋਰਟ ਕੀਤੇ","few":"{{imported}}/{{total}} ਦੋਸਤ ਇੰਪੋਰਟ ਕੀਤੇ","many":"{{imported}}/{{total}} ਦੋਸਤ ਇੰਪੋਰਟ ਕੀਤੇ","other":"{{imported}}/{{total}} ਦੋਸਤ ਇੰਪੋਰਟ ਕੀਤੇ"}},"facebookSwitchMsg":"ਦੋਸਤ ਸਿੰਕ ਕਰੋ","select_mobile":"ਮੋਬਾਇਲ ਚੁਣੋ","select_email":"ਈਮੇਲ ਚੁਣੋ","contactsOrderBy":"ਆਖਰੀ ਨਾਂ ਮੁਤਾਬਕ","bluetooth":"ਬਲਿਊਟੁੱਥ","fbUpdateFriends":"ਇੰਪੋਰਟ ਕੀਤੇ ਦੋਸਤ ਅੱਪਡੇਟ ਕਰੋ","cleaningFbData":"ਫੇਸਬੁੱਕ ਡਾਟਾ ਹਟਾਓ","loggingOutFb":"ਫੇਸਬੁੱਕ ਤੋਂ ਲਾਗ ਆਉਟ ਕਰੋ","cleanFbConfirmMsg":"ਸਭ ਫੇਸਬੁੱਕ ਡਾਟਾ ਹਟਾਉਣਾ ਹੈ?","renewPwdMsg":"ਫੇਸਬੁੱਕ ਵਿੱਚ ਤੁਹਾਡਾ ਪਾਸਵਰਡ ਬਦਲਿਆ ਗਆ ਹੈ। ਇਸ ਨੂੰ ਅੱਪਡੇਟ ਕਰੋ ਜੀ।","notEnabledYet":"ਹਾਲੇ ਚਾਲੂ ਨਹੀਂ ਹੈ","genericNoConnection":"ਸੰਪਰਕ ਇੰਪੋਰਟ ਕਰਨ ਲਈ ਵਾਈ-ਫਾਈ ਡਾਟਾ ਨੈੱਟਵਰਕ ਨਾਲ ਕੁਨੈਕਟ ਹੋਵੋ","simCard":"SIM ਕਾਡ","memoryCard":"ਮੈਮੋਰੀ ਕਾਰਡ","create-new":"ਨਵਾਂ ਸੰਪਰਕ ਬਣਾਓ","import-now":"ਆਪਣੇ ਸੰਪਰਕ ਸਿਮ ਜਾਂ ਫੇਸਬੁੱਕ ਤੋਂ ਪ੍ਰਾਪਤ ਕਰੋ","no-contacts":"ਕੋਈ ਸੰਪਰਕ ਨਹੀਂ","start-adding":"ਉਹਨਾਂ ਨੂੰ ਹੁਣੇ ਜੋੜਨਾ ਸ਼ੁਰੂ ਕਰੋ","notImported":"ਇੰਪੋਰਟ ਨਹੀਂ","imported":"ਇੰਪੋਰਟ ਹੈ","organise-contacts":"ਸੰਪਰਕ ਪ੍ਰਬੰਧ","find-merge-contacts":"ਡੁਪਲੀਕੇਟ ਸੰਪਰਕ ਲੱਭੋ","preparing-contacts":"ਸੰਪਰਕ ਤਿਆਰ ਕੀਤੇ ਜਾ ਰਹੇ ਹਨ","exportError-SIM-NoFreeRecordFound":"ਸਿਮ ਕਾਰਡ ਭਰ ਗਿਆ ਹੈ","exportError-SIM-CannotAccessPhoneBook":"ਅਸੀਂ ਸਿਮ ਕਾਰਡ ਦੀ ਫੋਨ ਬੁੱਕ ਨੂੰ ਵਰਤ ਨਹੀਂ ਸਕਦੇ","exportError-SIM-Unavailable":"ਕੋਈ ਸਿਮ ਨਹੀਂ ਮਿਲਿਆ","exportError-SIM-GenericError":"ਸੰਪਰਕ ਐਕਸਪੋਰਟ ਕਰਨ ਦੌਰਾਨ ਗਲਤੀ ਆਈ","ContactManagementTitle":"Contacts Management","DeleteTitle":"Delete","bulkDeleteButton":"Delete Contacts","BulkDelCancel":"Contacts delete cancelled","DeletedTxt":{"_index":["plural","n"],"_":{"zero":"No Contact to Delete","one":"1 Contact removed","two":"{{n}} Contacts removed","few":"{{n}} Contacts removed","many":"{{n}} Contacts removed","other":"{{n}} Contacts removed"}},"DeletingContacts":"Deleting contacts","ContactConfirmDel":{"_index":["plural","n"],"_":{"zero":"No Contact to Delete","one":"Delete 1 Contact? This cannot be undone.","two":"Delete {{n}} Contacts? This cannot be undone.","few":"Delete {{n}} Contacts? This cannot be undone.","many":"Delete {{n}} Contacts? This cannot be undone.","other":"Delete {{n}} Contacts? This cannot be undone."}},"SelectedTxt":{"_index":["plural","n"],"_":{"zero":"Contacts","one":"{{n}} selected","two":"{{n}} selected","few":"{{n}} selected","many":"{{n}} selected","other":"{{n}} selected"}},"sim-picker-dial-via-with-number":"{{ phoneNumber }} ਡਾਇਲ ਕਰੋ ਇਸ ਰਾਹੀਂ","sim-picker-select-sim":"ਸਿਮ ਚੁਣੋ","sim-picker-button":"SIM{{ n }}","sim-picker-button-default":"(ਮੂਲ)","waitDuplicateContacts":"ਡੁਪਲੀਕੇਟ ਸੰਪਰਕਾਂ ਦੀ ਖੋਜ ਜਾਰੀ","waitMergingDuplicateContacts":"ਡੁਪਲੀਕੇਟ ਸੰਪਰਕ ਮਿਲਾਏ ਜਾ ਰਹੇ ਹਨ","alertNoDuplicateContacts":"ਕੋਈ ਡੁਪਲੀਕੇਟ ਸੰਪਰਕ ਨਹੀਂ ਲੱਭਿਆ","mergeDuplicateTitle":"ਡੁਪਲੀਕੇਟ ਮਿਲਾਉ","suggestedDuplicateContacts":"{{name}} ਲਈ ਸੁਝਾਏ ਡੁਪਲੀਕੇਟ ਸੰਪਰਕ","mergeActionButtonLabel":{"_index":["plural","n"],"_":{"zero":"ਕੋਈ ਸੰਪਰਕ ਨਹੀਂ ਚੁਣਿਆ","one":"{{n}} ਸੰਪਰਕ ਨਾਲ ਮਿਲਾਉ","other":"{{n}} ਸੰਪਰਕਾਂ ਨਾਲ ਮਿਲਾਉ"}},"duplicatesFoundTitle":"ਡੁਪਲੀਕੇਟ ਲੱਭੇ","duplicatesFoundMessage":"ਹੇਠ ਦਿੱਤੇ ਸੰਪਰਕਾਂ ਵਿੱਚ {{name}} ਡੁਪਲੀਕੇਟ ਜਾਣਕਾਰੀ ਲੱਭੀ"}