{"brandShortName":"B2G OS","browserBrandShortName":"Web Browser","browserBrandFullName":"Mozilla Web Browser","back":"Wstecz","noSimMsg":"Aby importować kontakty, włóż lub odblokuj kartę SIM","noMemoryCardMsg":"Aby importować kontakty, włóż kartę pamięci","importMemoryCard":"Karta pamięci","noConnection11":"Aby zaimportować kontakty lub dane znajomych z Facebooka, konieczne jest połączenie z Internetem.","pincode2":"Wprowadź PIN","type_pin":"Kod PIN:","pincodeLabel":"SIM {{n}} PIN","pinValidation":"Kod PIN musi składać się z 4 do 8 znaków.","pinError":"Wprowadzono nieprawidłowy kod PIN.","pinAttemptMsg2":{"_index":["plural","n"],"_":{"one":"Pozostała jedna próba wprowadzenia poprawnego kodu przed zablokowaniem karty SIM.","two":"Pozostały dwie próby wprowadzenia poprawnego kodu przed zablokowaniem karty SIM.","few":"Pozostały {{n}} próby wprowadzenia poprawnego kodu przed zablokowaniem karty SIM.","many":"Pozostało {{n}} prób wprowadzenia poprawnego kodu perzed zablokowaniem karty SIM."}},"pinLastChanceMsg":"Ostatnia szansa na wprowadzenie prawidłowego kodu PIN. W przeciwnym przypadku, konieczne będzie użycie kodu PUK, aby używać tej karty SIM.","pukcode":"Wprowadź PUK","pukcodeTitle":"Wprowadź PUK karty SIM {{n}}","pukcodeLabel":"SIM {{n}} PUK","type_puk":"Kod PUK:","pukValidation":"Kod PUK musi składać się z dokładnie 8 znaków.","pukInfo":"Konieczne jest wprowadzenie osobistego klucza odblokowującego (kodu PUK) karty SIM. Aby uzyskać więcej informacji, należy sprawdzić dokumentację karty SIM lub skontaktować się z operatorem.","pukError":"Nieprawidłowy kod PUK","pukAttemptMsg2":{"_index":["plural","n"],"_":{"one":"Pozostała ostatnia próba wprowadzenia prawidłowego kodu przed permanentną blokadą karty SIM powodującą jej bezużyteczność. Aby uzyskać więcej informacji, należy sprawdzić dokumenty karty SIM lub skontaktować się z operatorem.","two":"Pozostały dwie próby wprowadzenia prawidłowego kodu przed permanentną blokadą karty SIM powodującą jej bezużyteczność. Aby uzyskać więcej informacji, należy sprawdzić dokumenty karty SIM lub skontaktować się z operatorem.","few":"Pozostały {{n}} próby wprowadzenia prawidłowego kodu przed permanentną blokadą karty SIM powodującą jej bezużyteczność. Aby uzyskać więcej informacji, należy sprawdzić dokumenty karty SIM lub skontaktować się z operatorem.","many":"Pozostało {{n}} prób wprowadzenia prawidłowego kodu przed permanentną blokadą karty SIM powodującą jej bezużyteczność. Aby uzyskać więcej informacji, należy sprawdzić dokumenty karty SIM lub skontaktować się z operatorem."}},"pukLastChanceMsg":"Ostatnia szansa na wprowadzenie prawidłowego kodu PUK. Karta SIM zostanie permanentnie zablokowana i bezużyteczna, jeśli zostanie wprowadzony nieprawidłowy kod PUK.","create_newpin":"Utwórz nowy kod PIN (4 do 8 cyfr)","confirm_newpin":"Potwierdź nowy PIN","newpinConfirmation":"Kody PIN nie zgadzają się","nckcode":"Wprowadź NCK","cckcode":"Wprowadź CCK","spckcode":"Wprowadź SPCK","nck1code":"Enter NCK1 code","nck2code":"Enter NCK2 code","hnckcode":"Enter HNCK code","rcckcode":"Enter RCCK code","rspckcode":"Enter RSPCK code","nckcodeTitle":"Wprowadź NCK karty SIM {{n}}","cckcodeTitle":"Wprowadź CCK karty SIM {{n}}","spckcodeTitle":"Wprowadź SPCK karty SIM {{n}}","nck1codeTitle":"Enter SIM {{n}} NCK1","nck2codeTitle":"Enter SIM {{n}} NCK2","hnckcodeTitle":"Enter SIM {{n}} HNCK","rcckcodeTitle":"Enter SIM {{n}} RCCK","rspckcodeTitle":"Enter SIM {{n}} RSPCK","nckcodeLabel":"SIM {{n}} NCK","cckcodeLabel":"SIM {{n}} CCK","spckcodeLabel":"SIM {{n}} SPCK","nck1codeLabel":"SIM {{n}} NCK1","nck2codeLabel":"SIM {{n}} NCK2","hnckcodeLabel":"SIM {{n}} HNCK","rcckcodeLabel":"SIM {{n}} RCCK","rspckcodeLabel":"SIM {{n}} RSPCK","type_nck":"Kod NCK:","type_cck":"Kod CCK:","type_spck":"Kod SPCK:","type_nck1":"Type your NCK1 code","type_nck2":"Type your NCK2 code","type_hnck":"Type your HNCK code","type_rcck":"Type your RCCK code","type_rspck":"Type your RSPCK code","nckValidation":"Kod NCK musi składać się z 8 do 16 znaków.","cckValidation":"Kod CCK musi składać się z 8 do 16 znaków.","spckValidation":"Kod SPCK musi składać się z 8 do 16 znaków.","nck1Validation":"NCK1 must have between 8 and 16 characters.","nck2Validation":"NCK2 must have between 8 and 16 characters.","hnckValidation":"HNCK must have between 8 and 16 characters.","rcckValidation":"RCCK must have between 8 and 16 characters.","rspckValidation":"RSPCK must have between 8 and 16 characters.","nckErrorMsg":"Nieprawidłowy kod NCK.","nckAttemptMsg2":{"_index":["plural","n"],"_":{"one":"Błąd żądania depersonalizacji sieci. Pozostała ostatnia próba wprowadzenia poprawnego kodu. Aby uzyskać więcej informacji, należy sprawdzić instrukcję urządzenia lub skontaktować się z operatorem.","two":"Błąd żądania depersonalizacji sieci. Pozostały dwie próby wprowadzenia poprawnego kodu. Aby uzyskać więcej informacji, należy sprawdzić instrukcję urządzenia lub skontaktować się z operatorem.","few":"Błąd żądania depersonalizacji sieci. Pozostały {{n}} próby wprowadzenia poprawnego kodu. Aby uzyskać więcej informacji, należy sprawdzić instrukcję urządzenia lub skontaktować się z operatorem.","many":"Błąd żądania depersonalizacji sieci. Pozostało {{n}} prób wprowadzenia poprawnego kodu. Aby uzyskać więcej informacji, należy sprawdzić instrukcję urządzenia lub skontaktować się z operatorem."}},"nckLastChanceMsg":"Błąd żądania depersonalizacji sieci. Ostatnia szansa na wprowadzenie poprawnego kodu NCK. Aby uzyskać więcej informacji, należy sprawdzić instrukcję urządzenia lub skontaktować się z operatorem.","skip":"Pomiń","send":"Dalej","ok":"OK","simLocked":"Zablokowana karta SIM","inputCodeRetriesLeft":{"_index":["plural","n"],"_":{"one":"Ostatnia próba.","two":"Pozostały dwie próby.","few":"Pozostały {{n}} próby.","many":"Pozostało {{n}} prób."}},"simManager":"Menedżer SIM","simDetail":"SIM {{n}}","simDefault":"(domyślna)","simDefaultMessage":"Wychodzące rozmowy, wiadomości i dane są domyślnie przypisane do karty SIM 1","simSettingsMessage":"Można to zmienić w Ustawienia > Menedżer SIM","simPinLocked":"Blokada SIM","noOperator":"Brak operatora","language":"Język","english":"English","dvorak":"English (Dvorak)","spanish":"Español","portuguese":"Português (do Brasil)","french":"Français","italian":"Italiano","arabic":"عربي","greek":"Ελληνικά","hebrew":"עברית","jp-kanji":"日本語","jp-kanji-desc":"漢字","traditionalChinese":"正體中文 (繁體)","traditionalChinese-desc":"注音符號","simplifiedChinese":"中文 (简体)","simplifiedChinese-desc":"拼音","3g":"Dane w sieci GSM","dataConnection":"Przesyłanie danych","dataConnectionInfo":"Włączenie przesyłania danych pozwoli skonfigurować telefon bez połączenia z siecią Wi-Fi. Przesyłanie danych można również włączyć później w ustawieniach. Warto sprawdzić, jakie opłaty nalicza operator za przesyłanie danych, aby uniknąć znacznych i niespodziewanych kosztów.","caution":"Ostrzeżenie","geolocation":"Lokalizacja położenia","geolocationCheckbox":"Usługi lokalizacyjne","geolocationInfo2":"{{brandShortName}} wykorzystuje dane pochodzące z GPS, z sieci komórkowych oraz Wi-Fi, aby ustalić przybliżone położenie.","geolocationInfoMore":"Dane są wysyłane do Mozilli oraz innych usługodawców i zagregowane będą wykorzystywane do doskonalenia ich baz danych położenia. Dane mogą być przechowywane na urządzeniu, a ich zbieranie może następować, nawet jeśli nie uruchomiono żadnych aplikacji.","notice":"Ostrzeżenie","aboutYourPrivacy":"O politykach prywatności","wifi":"Sieć Wi-Fi","scanningNetworks":"Wyszukiwanie sieci Wi-Fi…","selectNetwork":"Dostępne sieci","shortStatus-connecting":"Łączenie…","shortStatus-associated":"Uzyskiwanie adresu IP…","shortStatus-connected":"Połączono","shortStatus-connectingfailed":"Nie udało się połączyć","shortStatus-disconnected":"Offline","securedBy":"Zabezpieczenia: {{capabilities}}","security":"Zabezpieczenia","securityNone":"Brak","securityWEP":"WEP","securityWPA-PSK":"WPA-PSK","securityWPA-EAP":"WPA-EAP","securityOpen":"Otwarta","identity":"Nazwa użytkownika","identityInput":{"placeholder":"Użytkownik"},"password":"Hasło","passwordInput":{"placeholder":"Hasło"},"showPassword":"Pokaż hasło","refresh":"Odśwież","noWifiFound3":"Nie odnaleziono żadnych sieci bezprzewodowych","join-hidden-button":"Połącz z ukrytą siecią","authentication":"Uwierzytelnianie","ssid-name":"Nazwa SSID sieci","dateAndTime":"Data i czas","setTimeAutomatically":"Automatycznie","timezoneMessage":"Strefa czasowa","timezoneTitle":"UTC{{utcOffset}} {{region}}/{{city}}","dateMessage":"Data","timeMessage":"Czas","timeZone":"Strefa czasowa","change":"Zmień","importContacts3":"Import kontaktów","importSim2":"Karta SIM","importFb2":"Serwis Facebook","importOutlook":"Outlook","importGmail":"Gmail","fb-checking":"… sprawdzanie","notImportedYet":"Jeszcze niezaimportowane","otherAccount":"Inne konta","mobile":"Komórka","afterFbImport":"Kontakty znajomych z Facebooka można importować w dowolnym momencie w ustawieniach kontaktów","firefox-accounts":"Firefox Accounts","fxa-overview":{"innerHTML":"A Firefox Account lets you use features like Find My Device and apps like the Firefox Marketplace."},"fxa-create-account-or-sign-in":"Create Account or Sign In","fxa-email-sent":"A verification link has been sent to {{email}}","about-your-rights-0":"{{brandShortName}} jest zbudowany w oparciu o wolne oprogramowanie o otwartym kodzie źródłowym stworzone przez społeczność tysięcy ludzi z całego świata. Jest kilka zagadnień związanych z tym programem, o których należy wiedzieć:","about-your-rights-1":"{{brandShortName}} został udostępniony użytkownikowi na warunkach kilku otwartych licencji, w tym Mozilla Public License. Urządzenie z systemem {{brandShortName}} może również zawierać własnościowe oprogramowanie od innych dostawców. Kod objęty otwartymi licencjami można modyfikować i rozpowszechniać jego zmodyfikowane wersje pod warunkiem przestrzegania ich pozostałych postanowień.","about-your-rights-2":"Nie otrzymujesz żadnych licencji ani praw do znaków towarowych Mozilla Foundation i innych podmiotów, w tym w szczególności do nazwy i logotypu {{brandShortName}}.","about-your-rights-3":"Niektóre funkcje {{brandShortName}}, takie jak narzędzie zgłaszania awarii, umożliwiają przesyłanie opinii do Mozilli. Przesyłając takie opinie, wyrażasz zgodę na używanie przez Mozillę przesłanych opinii do celów ulepszenia jego produktów, publikowania tych opinii na stronach internetowych oraz do ich rozpowszechniania.","about-other":"Inni dostawcy oprogramowania","SIM_mandatory":"Wymagana karta SIM","SIM_mandatory_warm":"Proszę włożyć kartę SIM i uruchomić ponownie telefon.","sharing-performance-data":"Udostępnianie danych o wydajności","telemetry-sends":"Informacje na temat wydajności, sprzętu, ustawień i dokonanych zmian są wysyłane do Mozilli, aby uczynić {{brandShortName}} lepszym, szybszym i bardziej responsywnym.","learn-more-telemetry":{"innerHTML":"Learn more at {{link}}"},"learn-more-information":{"innerHTML":"Learn how Mozilla handles your information at {{link}}"},"welcomeBrowser":"Witaj w {{brandShortName}}, darmowym systemie operacyjnym o otwartym kodzie źródłowym od Mozilli. Wierzymy, że otwartość, innowacyjność i możliwości są kluczowe dla zapewnienia dostępu do pełnego potencjału Internetu.","learn-more-privacy":{"innerHTML":"Learn how Mozilla handles your information in our {{link}}."},"learn-more-privacy-link":"privacy policy","aboutBrowser":"O {{brandShortName}}","aboutYourPrivacy2":"O polityce prywatności","mozillaCommunity2":"Używając {{brandShortName}}, stajesz się częścią globalnej społeczności pomagającej tworzyć lepszą przyszłość sieci. Aby dowiedzieć się więcej o społeczności, innych produktach i przedsięwzięciach Mozilli, wystarczy poniżej podać swój adres e-mail.","collaborate":"Pomagaj doskonalić {{brandShortName}} poprzez udostępnianie danych o urządzeniu.","learnMore":"Więcej informacji.","emailAddress":{"placeholder":"Adres e-mail"},"email-successfully-added":"Adres e-mail zapisany","email-loading":"Zapisywanie adresu e-mail…","browserPrivacyChoices":"Prywatność w {{brandShortName}}","privacy-b2g":{"_":"{{brandShortName}}","title":"{{brandShortName}}"},"privacy-marketplace":{"_":"Marketplace","title":"{{privacy-marketplace}}"},"privacy-e-me":{"_":"everything.me","title":"{{privacy-e-me}}"},"navbar-back":"Wstecz","navbar-next":"Dalej","navbar-join":"Połącz","thatsIt":"To wszystko!","startYourPhone":"Krótki przewodnik","startYourTablet":"Krótki przewodnik","joinTutorial":"Kilka wskazówek na temat używania telefonu.","enjoyYourPhone":"To już wszystkie wskazówki w tym przewodniku.","optionsAvailable":"Ustawienia języka, daty i czasu oraz połączeń Wi-Fi można zmienić w ustawieniach.","letsGo":"Zamknij","startTour":"Wyświetl","thatsIt1Tablet-2":"Przesuń palcem z dołu do góry, aby przejść do ekranu głównego.","thatsIt2Tablet-2":"To wszystko!","tutorial-step1-tiny":"Przesuń palcem z prawej do lewej, aby przeglądać aplikacje.","tutorial-step2-tiny":"Przytrzymaj palcem ikonę, aby przesunąć lub usunąć aplikację.","tutorial-step3-tiny":"Wprowadź słowo kluczowe lub temat, a telefon od razu się dostosuje.","tutorial-step4-tiny":"Przesuń palcem do dołu, aby wyświetlić powiadomienia, informacje o stanie konta i ustawienia.","tutorial-step5-tiny":"Przytrzymaj przycisk początek, aby przejrzeć i ewentualnie zamknąć ostatnio używane aplikacje.","tutorial-step6-tiny":"Przesuń palcem od bocznej krawędzi ekranu, aby przełączać się pomiędzy aplikacjami.","tutorial-step1-large-2":"Przesuń palcem z góry do dołu, aby wyświetlić powiadomienia, informacje o stanie konta i ustawienia.","tutorial-step2-large-2":"Przesuń palcem w lewo lub prawo, aby odkryć aplikacje na ekranie głównym.","tutorial-step3-large-2":"Przytrzymaj palcem ikonę, aby przesunąć lub usunąć aplikację.","tutorial-step4-large-2":"Przesuń dwoma pacami z dołu do góry, aby otworzyć widok kart.","offline-dialog-title":"Urządzenie musi być połączone z Internetem, aby wyświetlić tę stronę.","offline-dialog-text":"Cofnij się, aby połączyć z Internetem. Stronę można również wyświetlić później poprzez ustawienia lub wprowadzając adres „{{url}}” na innym urządzeniu.","OK":"OK","offline-newsletter-dialog-title":"Do subskrypcji newslettera konieczne jest połączenie z Internetem.","offline-newsletter-dialog-text":"Proszę się cofnąć i połączyć z siecią.","invalid-email-dialog-title":"Nieprawidłowy adres e-mail","invalid-email-dialog-text":"Proszę się cofnąć i poprawić adres.","cancel":"Anuluj","weekday-0-long":"Niedziela","weekday-1-long":"Poniedziałek","weekday-2-long":"Wtorek","weekday-3-long":"Środa","weekday-4-long":"Czwartek","weekday-5-long":"Piątek","weekday-6-long":"Sobota","weekday-0-short":"Nd","weekday-1-short":"Pn","weekday-2-short":"Wt","weekday-3-short":"Śr","weekday-4-short":"Cz","weekday-5-short":"Pt","weekday-6-short":"Sb","month-0-long":"Styczeń","month-1-long":"Luty","month-2-long":"Marzec","month-3-long":"Kwiecień","month-4-long":"Maj","month-5-long":"Czerwiec","month-6-long":"Lipiec","month-7-long":"Sierpień","month-8-long":"Wrzesień","month-9-long":"Październik","month-10-long":"Listopad","month-11-long":"Grudzień","month-0-genitive":"stycznia","month-1-genitive":"lutego","month-2-genitive":"marca","month-3-genitive":"kwietnia","month-4-genitive":"maja","month-5-genitive":"czerwca","month-6-genitive":"lipca","month-7-genitive":"sierpnia","month-8-genitive":"września","month-9-genitive":"października","month-10-genitive":"listopada","month-11-genitive":"grudnia","month-0-short":"sty","month-1-short":"lut","month-2-short":"mar","month-3-short":"kwi","month-4-short":"maj","month-5-short":"cze","month-6-short":"lip","month-7-short":"sie","month-8-short":"wrz","month-9-short":"paź","month-10-short":"lis","month-11-short":"gru","minutes-ago-long":{"_index":["plural","value"],"_":{"zero":"w tym momencie","one":"przed minutą","two":"dwie minuty temu","few":"{{value}} minuty temu","many":"{{value}} minut temu","other":"{{value}} minut temu"}},"hours-ago-long":{"_index":["plural","value"],"_":{"zero":"w tej godzinie","one":"godzinę temu","two":"dwie godziny temu","few":"{{value}} godziny temu","many":"{{value}} godzin temu","other":"{{value}} godzin temu"}},"days-ago-long":{"_index":["plural","value"],"_":{"zero":"dzisiaj","one":"wczoraj","two":"przedwczoraj","few":"{{value}} dni temu","many":"{{value}} dni temu","other":"{{value}} dni temu"}},"weeks-ago-long":{"_index":["plural","value"],"_":{"zero":"w tym tygodniu","one":"w zeszłym tygodniu","two":"dwa tygodnie temu","few":"{{value}} tygodnie temu","many":"{{value}} tygodni temu","other":"{{value}} tygodni temu"}},"months-ago-long":{"_index":["plural","value"],"_":{"zero":"w tym miesiącu","one":"w zeszłym miesiącu","two":"dwa miesiące temu","few":"{{value}} miesiące temu","many":"{{value}} miesięcy temu","other":"{{value}} miesięcy temu"}},"years-ago-long":{"_index":["plural","value"],"_":{"zero":"w tym roku","one":"w zeszłym roku","two":"dwa lata temu","few":"{{value}} lata temu","many":"{{value}} lat temu","other":"{{value}} lat temu"}},"minutes-until-long":{"_index":["plural","value"],"_":{"zero":"teraz","one":"za minutę","two":"za dwie minuty","few":"za {{value}} minuty","many":"za {{value}} minut","other":"za {{value}} minut"}},"hours-until-long":{"_index":["plural","value"],"_":{"zero":"teraz","one":"za godzinę","two":"za dwie godziny","few":"za {{value}} godziny","many":"za {{value}} godzin","other":"za {{value}} godzin"}},"days-until-long":{"_index":["plural","value"],"_":{"zero":"dzisiaj","one":"jutro","two":"za dwa dni","few":"za {{value}} dni","many":"za {{value}} dni","other":"za {{value}} dni"}},"weeks-until-long":{"_index":["plural","value"],"_":{"zero":"w tym tygodniu","one":"w przyszłym tygodniu","two":"za dwa tygodnie","few":"za {{value}} tygodnie","many":"za {{value}} tygodni","other":"za {{value}} tygodni"}},"months-until-long":{"_index":["plural","value"],"_":{"zero":"w tym miesiącu","one":"w przyszłym miesiącu","two":"za dwa miesiące","few":"za {{value}} miesiące","many":"za {{value}} miesięcy","other":"za {{value}} miesięcy"}},"years-until-long":{"_index":["plural","value"],"_":{"zero":"w tym roku","one":"w przyszłym roku","two":"za dwa lata","few":"za {{value}} lata","many":"za {{value}} lat","other":"za {{value}} lat"}},"minutes-ago-short":{"_index":["plural","value"],"_":{"zero":"teraz","other":"{{value}} min temu"}},"hours-ago-short":{"_index":["plural","value"],"_":{"zero":"teraz","other":"{{value}} godz. temu"}},"days-ago-short":{"_index":["plural","value"],"_":{"zero":"dzisiaj","other":"{{value}} dni temu"}},"minutes-until-short":{"_index":["plural","value"],"_":{"zero":"teraz","other":"za {{value}} min"}},"hours-until-short":{"_index":["plural","value"],"_":{"zero":"teraz","other":"za {{value}} godz."}},"days-until-short":{"_index":["plural","value"],"_":{"zero":"dzisiaj","other":"za {{value}} dni"}},"incorrectDate":"(nieprawidłowa data)","dateTimeFormat_%c":"%a, %e %b %Y, %H:%M:%S","dateTimeFormat_%x":"%e.%m.%Y","dateTimeFormat_%X":"%H:%M:%S","shortTimeFormat":"%H:%M","shortDateTimeFormat":"%x %H:%M","weekStartsOnMonday":"1","time_am":"AM","time_pm":"PM","tz-region":"Region","tz-city":"Miasto","tzRegion-Africa":"Afryka","tzRegion-America":"Ameryka","tzRegion-Antarctica":"Antarktyka","tzRegion-Asia":"Azja","tzRegion-Atlantic":"Atlantyk","tzRegion-Australia":"Australia","tzRegion-Europe":"Europa","tzRegion-Indian":"Ocean Indyjski","tzRegion-Pacific":"Pacyfik","close":"Close","import":"Import","update":"Update","fbFriends":"Facebook Friends","live-serviceName":"Outlook","gmail-serviceName":"Gmail","facebook-serviceName":"Facebook Friends","selectAll":"Select all","deselectAll":"Deselect all","viewAll":"View All Facebook Friends","viewRecommend":"View Only Recommended","linkProposal":{"_index":["plural","numFriends"],"_":{"zero":"No matching friends. Showing all","one":"Select the recommended one","two":"Select a recommended one","few":"Select a recommended one","many":"Select a recommended one","other":"Select a recommended one"}},"fbFriendsFound":{"_index":["plural","numFriends"],"_":{"zero":"All your friends are imported","one":"Found one friend to import","two":"Found {{numFriends}} friends to import","few":"Found {{numFriends}} friends to import","many":"Found {{numFriends}} friends to import","other":"Found {{numFriends}} friends to import"}},"facebook":"Facebook","search-contact":{"placeholder":"Search"},"noResults":"No contacts found","done-search":"Done","progressFB3ImportTitle":"Importing friends to Contacts","progressFB":"{{current}}/{{total}}","progressFB3UpdateTitle":"Updating friends in Contacts","message2":"This may take a couple of minutes","messageLinking":"Please hold on. We are linking your friend and your contact.","messageCanceling":"Please hold on. We are canceling the ongoing operation.","error1":"Error {{from}}","error2":"Do you want to retry?","errorProposal":"calculating proposals","errorFriends":"retrieving friends","errorLinking":"linking contact","timeout1":"Exceeded timeout {{from}}","timeout2":"Do you want to retry?","timeoutProposal":"calculating proposals","timeoutFriends":"retrieving friends","timeoutLinking":"linking contacts","wait1":"Please hold on","wait2":"This may take a couple of minutes","waitProposal":"Please hold on. We are calculating a proposal.","waitFriends":"Please hold on. We are connecting to obtain your friend list.","curtainCancel":"Cancel","curtainRetry":"Retry","curtainOK":"OK","connectionLost":"No Internet connection","connectionLostMsg":"Friends’ photos will not be added to your contacts. Continue anyway?","yesOption":"OK","noOption":"Cancel","friendsUpdated":{"_index":["plural","numFriends"],"_":{"zero":"No friends updated","one":"Updated one friend","two":"Updated {{numFriends}} friends","few":"Updated {{numFriends}} friends","many":"Updated {{numFriends}} friends","other":"Updated {{numFriends}} friends"}},"notificationLogin":"Your Facebook session is invalid. Please sign in.","syncError":"There was an error synchronizing your friend’s data","callAirplaneModeMessage":"Aby wykonać połączenie, należy wyłączyć tryb lotu w ustawieniach.","callAirplaneModeBtnOk":"OK","callAirplaneModeTitle":"Aktywny tryb lotu","numberIsBusyTitle":"Numer zajęty","numberIsBusyMessage":"Numer jest aktualnie zajęty. Proszę spróbować później.","fdnIsActiveTitle":"FDN active","fdnIsActiveMessage":"FDN (Fixed Dialing Numbers) is activated and the following number is not in your FDN list: {{ number }}","voiceMail":"Poczta głosowa","emergencyNumber":"Numer alarmowy","emergencyDialogBodyBadNumber":"Aby wykonać połączenie, telefon musi być połączony z siecią.","emergencyDialogBodyDeviceNotAccepted":"Sieć nie umożliwia wykonywania połączeń alarmowych.","emergencyDialogBtnOk":"OK","emergencyDialogTitle":"Brak połączenia z siecią","invalidNumberToDialTitle":"Nieprawidłowy numer","invalidNumberToDialMessage":"Wybrany numer telefonu jest nieprawidłowy.","unableToCallTitle":"Nie można wykonać połączenia","unableToCallMessage":"Wykonanie połączenia jest niemożliwe. Jeśli już dzwonisz, zakończ najpierw istniejące połączenie.","otherConnectionInUseTitle":"Aktywne inne połączenie","otherConnectionInUseMessage":"Inne połączenie jest aktywne. Można używać tylko jednego połączenia na raz.","addNewNumber":"Add new number","addToExistingContact":"Dodaj do istniejącego kontaktu","all":"Wszystkie","asterisk":{"ariaLabel":"Asterisk"},"callLog":"Połączenia","callLogEdit":{"title":"Edit call log"},"callLogEditDialog":{"ariaLabel":"Edit call log dialog"},"connecting":"Łączenie…","cf-async":"Asynchroniczne: {{async}}\\n","cf-data":"Dane: {{data}}\\n","cf-error":"Wystąpił błąd podczas odbierania statusu przekazywania połączenia","cf-fax":"Faks: {{fax}}\\n","cf-inactive":"Nieaktywne","cf-packet":"Pakiet: {{packet}}\\n","cf-pad":"Pad: {{pad}}\\n","cf-sms":"Sms: {{sms}}\\n","cf-status":"Status przekazywania połączenia\\n","cf-sync":"Synchroniczne: {{sync}}\\n","cf-voice":"Głosowe: {{voice}}\\n","confirm-deletion":"Wyczyścić wybrane połączenia?","contacts":"Kontakty","createNewContact":"Utwórz nowy kontakt","delete":"Delete","dialerAddContact":{"ariaLabel":"Add contact"},"dialerAddContactDialog":{"ariaLabel":"Add Contact Dialog"},"edit-selected":{"_index":["plural","n"],"_":{"one":"{{n}} znaznaczone","two":"{{n}} zaznaczone","few":"{{n}} zaznaczone","many":"{{n}} zaznaczonych","other":"{{n}} zaznaczonych"}},"edit":"Edytuj","hashSign":{"ariaLabel":"Hash sign"},"hideKeypad":{"ariaLabel":"Hide keypad"},"ignore":"Zignoruj połączenie","incoming":"Przychodzące","keypad":{"ariaLabel":"Keypad"},"keypadDelete":{"ariaLabel":"Delete"},"makeCall":{"ariaLabel":"Make call"},"merge":"Połącz","missed":"Nieodebrane","missedCall":"Nieodebrane połączenie","missedCallMultiSims":"Nieodebrane połączenie (SIM {{n}})","mmi-error":"Wystąpił błąd podczas wysyłania wiadomości","mmi-session-expired":"Ważność sesji wygasła","mmi-successfully-sent":"Wiadomość wysłana prawidłowo","mute":{"ariaLabel":"Mute"},"newCall":{"ariaLabel":"New call"},"no-logs-msg-1":"Brak połączeń","no-logs-msg-2":"Rozpocznij komunikację","no-logs-msg-3":"Brak nieodebranych połączeń","phoneNumberInput":{"ariaLabel":"Phone number"},"recents":{"ariaLabel":"Recent calls"},"reply":"Odpowiedz","switch-calls":"Przełącz rozmowy","today":"Dzisiaj","voiceMailKey":{"ariaLabel":"Voicemail"},"withheld-number":"Zastrzeżony numer","from-contact":"Od {{contact}}","from-number":"Z {{number}}","from-withheld-number":"Z zastrzeżonego numeru","yesterday":"Wczoraj","sending":"Wysyłanie…","speakerOption":{"ariaLabel":"Speaker"},"ussd-services":"{{operator}} - usługi","toggleKeypad":{"ariaLabel":"Toggle keypad"},"type-your-response":{"placeholder":"Twoja odpowiedź…"},"clear-all-text":"Wyczyść cały tekst","hide":"Ukryj","call":"Zadzwoń","hold":"Wstrzymaj","resume":"Wznów","sendSms":"Wyślij wiadomość","callEnded":"Rozmowa zakończona","via-sim":"poprzez SIM {{n}}","sim-number":"SIM {{n}}","hangup-a11y-button":{"aria-label":"Rozłącz"},"pickup-a11y-button":{"aria-label":"Odbierz"},"unlock-a11y-button":{"aria-label":"Odblokuj"},"settings":"Ustawienia","delete-n-log?":{"_index":["plural","n"],"_":{"zero":"Nie wybrano żadnych połączeń","one":"Usunąć wybrane połączenie?","two":"Usunąć {{n}} wybrane połączenia?","few":"Usunąć {{n}} wybrane połączenia?","many":"Usunąć {{n}} wybranych połączeń?"}},"callDurationMinutes":"{{m}}:{{s}}","callDurationHours":"{{h}}:{{m}}:{{s}}","suggestionMatches":{"_index":["plural","n"],"_":{"one":"{{n}} pasujący do „{{matchNumber}}”","two":"{{n}} pasujące do „{{matchNumber}}”","few":"{{n}} pasujące do „{{matchNumber}}”","many":"{{n}} pasujących do „{{matchNumber}}”"}},"scCallBarring":"Blokowanie połączeń","scCallForwarding":"Przekazywanie połączeń","scClip":"Prezentacja numeru","scClir":"Ukrywanie numeru","scPwd":"Zmiana hasła","scCallWaiting":"Połączenia oczekujące","scPin":"Zmiana kodu PIN","scPin2":"Zmiana kodu PIN2","scPuk":"Odblokuj PIN","scPuk2":"Odblokuj PIN2","scImei":"IMEI","scUssd":"USSD","serviceClassVoice":"Rozmowy","serviceClassData":"Dane","serviceClassFax":"Faks","serviceClassSms":"Sms","serviceClassDataSync":"Synchronicznie","serviceClassDataAsync":"Asynchronicznie","serviceClassPacket":"Pakiet","serviceClassPad":"PAD","smServiceEnabled":"Usługa została włączona","smServiceDisabled":"Usługa została wyłączona","smServiceRegistered":"Zarejestrowano","smServiceErased":"Wymazano","smServiceInterrogated":"Wysłano żądanie","smServiceNotProvisioned":"Usługa niedostępna","smClirPermanent":"Nie można zmienić ustawień identyfikatora abonenta","smClirDefaultOnNextCallOn":"Identyfikator abonenta domyślnie zastrzeżony. Następne połączenie: zastrzeżony","smClirDefaultOnNextCallOff":"Identyfikator abonenta domyślnie zastrzeżony. Następne połączenie: bez zastrzegania","smClirDefaultOffNextCallOn":"Identyfikator abonenta domyślnie bez zastrzegania. Następne połączenie: zastrzeżony","smClirDefaultOffNextCallOff":"Identyfikator abonenta domyślnie bez zastrzegania. Następne połączenie: bez zastrzegania","smServiceEnabledFor":"Usługa została włączona dla:","smPinChanged":"Kod PIN zmieniony","smPinUnblocked":"Kod PIN odblokowany","smPin2Changed":"Kod PIN2 zmieniony","smPin2Unblocked":"Kod PIN2 odblokowany","emMmiError":"Błąd połączenia lub nieprawidłowy kod MMI","emMmiErrorPasswordIncorrect":"Nieprawidłowe hasło","emMmiErrorNotSupported":"Nieprawidłowy lub nieobsługiwany kod MMI","emMmiErrorInvalidAction":"Nieprawidłowa akcja","emMmiErrorInvalidScCode":"Nieprawidłowy kod usługi","emMmiErrorBadPuk":"Wprowadzono nieprawidłowy kod PUK","emMmiErrorBadPin":"Podano nieprawidłowy stary kod PIN.","emMmiErrorNeedPuk2":"Wprowadź kod PUK2, aby odblokować kartę SIM","emMmiErrorMismatchPin":"Wprowadzone kody PIN nie zgadzają się","emMmiErrorInvalidPin":"Wprowadź PIN składający się z 4 do 8 cyfr","emMmiErrorNeedsPuk":"Karta SIM zablokowana kodem PUK","emMmiErrorEnablePin":"Operacja nieudana. Włącz blokadę SIM/RUIM","emMmiErrorMmiFdn":"Operacja jest ograniczona do konkretnych numerów","emMmiErrorStkCcUssdDial":"Operacja USSD zmieniona na numer","emMmiErrorStkCcUssdSs":"Operacja USSD zmieniona na operację SS","emMmiErrorStkCcUssdUssd":"Operacja USSD zmieniona na nową","emMmiErrorStkCcSsDial":"Operacja SS zmieniona na numer","emMmiErrorStkCcSsUssd":"Operacja SS zmieniona na operację USSD","emMmiErrorStkCcSsSs":"Operacja SS zmieniona na nową","emMmiErrorPinPukAttempts":{"_index":["plural","n"],"_":{"one":"Pozostała tylko jedna próba","two":"Pozostały {{n}} próby","few":"Pozostały {{n}} próby","many":"Pozostało {{n}} prób"}},"emMmiErrorSimBlocked":"Wyczerpano dozwoloną liczbę prób. Karta SIM zablokowana","RadioNotAvailable":"Radio niedostępne","GenericFailure":"Wystąpił błąd","PasswordIncorrect":"Nieprawidłowe hasło","SimPin2":"SIM PIN2","SimPuk2":"SIM PUK2","RequestNotSupported":"Nieobsługiwane żądanie","OpNotAllowedDuringVoiceCall":"Operacja niedozwolona w trakcie rozmowy","SmsSendFailRetry":"Ponowne wysyłanie wiadomości SMS nieudane","SimAbsent":"Brak karty SIM","SubscriptionNotAvailable":"Subskrypcja niedostępna","ModeNotSupported":"Nieobsługiwany tryb","FdnCheckFailure":"Sprawdzanie statusu wybierania ustalonego nie powiodło się","IllegalSimOrMe":"SIM lub ME niedozwolone","DialModifiedToUssd":"Numer zmieniony na operację USSD","DialModifiedToSs":"Numer zmieniony na operację SS","DialModifiedToDial":"Numer zmieniony na numer","UssdModifiedToDial":"Operacja USSD zmieniona na numer","UssdModifiedToSs":"Operacja USSD zmieniona na operację SS","UssdModifiedToUssd":"Operacja USSD zmieniona na operację USSD","SsModifiedToDial":"Operacja SS zmieniona na numer","SsModifiedToUssd":"Operacja SS zmieniona na operację USSD","SsModifiedToSs":"Operacja SS zmieniona na operację SS","SubscriptionNotSupported":"Nieobsługiwana subskrypcja","InvalidParameter":"Nieprawidłowy parametr","RejectedByRemote":"Odrzucono przez zdalny","group-call":{"_index":["plural","n"],"_":{"one":"Rozmowa grupowa ({{n}})","two":"Rozmowa grupowa ({{n}})","few":"Rozmowa grupowa ({{n}})","many":"Rozmowa grupowa ({{n}})"}},"caller-left-call":"Zakończono rozmowę z {{caller}}","conferenceAddError":"Nie można połączyć rozmów","conferenceRemoveError":"Nie można rozłączyć rozmów","longDateFormat":"%A, %e %Eb","select-audio-sources":"Wybierz źródła audio","bluetooth-handsfree-device":"Urządzenie Bluetooth","receiver":"Odbiornik","speaker":"Głośnik","add":"Dodaj","done":"Gotowe","retry":"Ponów","addContact":"Nowy kontakt","deleteContact":"Usuń kontakt","selectContact":"Wybierz kontakt","editContact":"Edycja kontaktu","deleteConfirmMsg":"Usunąć kontakt?","remove":"Usuń","comments":"Komentarze","no_contact_phones":"Brak przypisanego numeru telefonu do tego kontaktu","no_contact_email":"Brak przypisanego adresu e-mail do tego kontaktu","removePhotoConfirm":"Usunąć zdjęcie kontaktu?","loadingContacts":"Wczytywanie kontaktów…","noContactsActivity":"Nie można dodać do kontaktu, ponieważ lista kontaktów jest pusta","noName":"Brak imienia","givenName":{"placeholder":"Imię"},"familyName":{"placeholder":"Nazwisko"},"tel":{"placeholder":"Numer telefonu"},"carrier":{"_":"Operator","placeholder":"Operator"},"separator":",","email":{"_":"E-mail","placeholder":"Adres e-mail"},"streetAddress":{"placeholder":"Ulica"},"postalCode":{"placeholder":"Kod pocztowy"},"locality":{"placeholder":"Miasto"},"countryName":{"placeholder":"Państwo"},"comment":{"placeholder":"Komentarz"},"org":{"placeholder":"Firma"},"custom":"Własna etykieta","date":{"_":"Data","placeholder":"Data"},"date-span-placeholder":"Date","birthday":"Urodziny","dateFormat":"%e %Eb","dateOutput":"{{dayMonthFormatted}} {{year}} roku","anniversary":"Rocznica","addPhoto":"Dodaj zdjęcie","addPhone":"Dodaj telefon","addEmail":"Dodaj adres e-mail","addAddress":"Dodaj adres","addDate":"Dodaj datę","addComment":"Dodaj komentarz","addFavorite":"Dodaj do ulubionych","removeFavorite":"Usuń z ulubionych","label":"Etykieta","home":"Dom","work":"Praca","personal":"Prywatny","faxHome":"Domowy faks","faxOffice":"Służbowy faks","faxOther":"Inny faks","another":"Inna etykieta","other":"Inny","current":"Obecny","itemWithLabel":"{{label}}: {{item}}","exit":"Wyjście","expand":"Rozszerz","labelName":"Imię:","labelLastName":"Nazwisko:","labelPhoneNumber":"Numer telefonu:","labelCarrier":"Operator:","labelEmail":"Adres e-mail:","labelStreet":"Ulica:","labelZip":"Kod pocztowy:","labelCity":"Miasto:","labelCountry":"Kraj:","labelComment":"Komentarz:","legendTitleMain":"Podstawowe informacje","legendPhones":"Numery telefonów","legendEmail":"Adres e-mail","legendAddress":"Adres","transferContactsTitle":"Przenoszenie kontaktów","importContactsTitle":"Import","importContactsButton":"Importuj kontakty","exportContactsTitle":"Eksport","exportContactsButton":"Eksportuj kontakty","exportContactsAction":"Eksportuj","simExport-title":"Eksport na kartę SIM","sdExport-title":"Eksport na kartę SD","btExport-title":"Eksport przez Bluetooth","sdUMSEnabled":"Nie można użyć karty SD, ponieważ udostępnianie po USB jest aktywne.","exportErrorTitle":"Błąd eksportu","contactsExported2":{"_index":["plural","exported"],"_":{"zero":"Nic nie wyeksportowano","one":"Wyeksportowano {{exported}}/{{total}}","two":"Wyeksportowano {{exported}}/{{total}}","few":"Wyeksportowano {{exported}}/{{total}}","many":"Wyeksportowano {{exported}}/{{total}}"}},"exportError-general":"Wystąpił błąd podczas eksportowania","exportError-SD-shared":"Nie można uzyskać dostępu do karty pamięci, ponieważ jest udostępniana","exportError-SD-unavailable":"Karta pamięci jest niedostępna","exportError-SD-noSpace":"Zbyt mało miejsca na karcie pamięci, aby wyeksportować na nią kontakty","exportError-SIM-unavailable":"Karta SIM jest niedostępna","exportError-BT-shared":"Nie można uzyskać dostępu do karty pamięci, ponieważ jest udostępniana","exportError-BT-unavailable":"Karta pamięci jest niedostępna","exportError-BT-noSpace":"Zbyt mało miejsca na karcie pamięci, aby wyeksportować na nią kontakty","simContacts-import":"Import kontaktu z karty SIM","simContacts-importing":"Importowanie kontaktów z karty SIM…","simContacts-reading":"Odczytywanie z karty SIM…","simContacts-error":"Nie udało się zaimportować kontaktów z karty SIM","simContacts-imported3":{"_index":["plural","n"],"_":{"zero":"Nie znaleziono kontaktów do zaimportowania na karcie SIM","one":"Zaimportowano jeden kontakt","two":"Zaimportowano dwa kontakty","few":"Zaimportowano {{n}} kontakty","many":"Zaimportowano {{n}} kontaktów"}},"noSimMsgExport":"Aby eksportować kontakty, włóż lub odblokuj kartę SIM","simNumber":"SIM {{number}}","memoryCardContacts-import":"Import kontaktów z karty pamięci","memoryCardContacts-importing":"Importowanie kontaktów z karty pamięci…","memoryCardContacts-reading":"Odczytywanie z karty pamięci…","memoryCardContacts-error":"Nie udało się zaimportować kontaktów z karty pamięci","memoryCardContacts-imported3":{"_index":["plural","n"],"_":{"zero":"Nie znaleziono kontaktów do zaimportowania na karcie pamięci","one":"Zaimportowano jeden kontakt","two":"Zaimportowano dwa kontakty","few":"Zaimportowano {{n}} kontakty","many":"Zaimportowano {{n}} kontaktów"}},"noMemoryCardMsgExport":"Aby eksportować kontakty, włóż kartę pamięci","genericProgress":"{{current}}/{{total}}","social-network":"Sieci społecznościowe","social-link":"Połącz kontakty","social-unlink":"Zaprzestań łączenia kontaktów","social-unlink-confirm-title":"Zaprzestać łączenia kontaktów znajomego?","social-unlink-confirm-accept":"Zaprzestań","facebook-import":"Importuj kontakty znajomych z Facebooka","show-fb-profile":"Wyświetl profil w serwisie Facebook","msg-send":"Wiadomość","wall-post":"Post","facebook-import-msg":{"_index":["plural","imported"],"_":{"zero":"Nic nie zaimportowano","one":"Zaimportowano {{imported}}/{{total}}","two":"Zaimportowano {{imported}}/{{total}}","few":"Zaimportowano {{imported}}/{{total}}","many":"Zaimportowano {{imported}}/{{total}}"}},"facebookSwitchMsg":"Synchronizacja","select_mobile":"Wybierz komórkę","select_email":"Wybierz adres e-mail","contactsOrderBy":"Sortowanie wg nazwisk","bluetooth":"Bluetooth","fbUpdateFriends":"Uaktualnij zaimportowane","cleaningFbData":"Usuwanie danych pochodzących z Facebooka","loggingOutFb":"Wylogowywanie z Facebooka","cleanFbConfirmMsg":"Usunąć wszystkie dane pochodzące z Facebooka?","renewPwdMsg":"Hasło w serwisie Facebook zostało zmienione i należy je uaktualnić.","notEnabledYet":"Jeszcze nieodblokowane","genericNoConnection":"Aby zaimportować kontakty, konieczne jest połączenie z Internetem","simCard":"Karta SIM","memoryCard":"Karta pamięci","create-new":"Utwórz nowy kontakt","import-now":"Importuj dane kontaktów z karty SIM lub z Facebooka","no-contacts":"Brak kontaktów","start-adding":"Zacznij dodawać je teraz","notImported":"Nie importowano","imported":"Zaimportowano","organise-contacts":"Zarządzanie kontaktami","find-merge-contacts":"Wyszukaj duplikaty","preparing-contacts":"Przygotowywanie eksportu…","exportError-SIM-NoFreeRecordFound":"Pełna karta SIM","exportError-SIM-CannotAccessPhoneBook":"Brak dostępu do książki adresowej karty SIM","exportError-SIM-Unavailable":"Nie wykryto karty SIM","exportError-SIM-GenericError":"Wystąpił błąd podczas eksportu kontaktu","ContactManagementTitle":"Contacts Management","DeleteTitle":"Delete","bulkDeleteButton":"Delete Contacts","BulkDelCancel":"Contacts delete cancelled","DeletedTxt":{"_index":["plural","n"],"_":{"zero":"No Contact to Delete","one":"1 Contact removed","two":"{{n}} Contacts removed","few":"{{n}} Contacts removed","many":"{{n}} Contacts removed","other":"{{n}} Contacts removed"}},"DeletingContacts":"Deleting contacts","ContactConfirmDel":{"_index":["plural","n"],"_":{"zero":"No Contact to Delete","one":"Delete 1 Contact? This cannot be undone.","two":"Delete {{n}} Contacts? This cannot be undone.","few":"Delete {{n}} Contacts? This cannot be undone.","many":"Delete {{n}} Contacts? This cannot be undone.","other":"Delete {{n}} Contacts? This cannot be undone."}},"SelectedTxt":{"_index":["plural","n"],"_":{"zero":"Contacts","one":"{{n}} selected","two":"{{n}} selected","few":"{{n}} selected","many":"{{n}} selected","other":"{{n}} selected"}},"sim-picker-dial-via-with-number":"Połącz z {{phoneNumber}} poprzez","sim-picker-select-sim":"Wybór karty SIM","sim-picker-button":"SIM {{n}}","sim-picker-button-default":"(domyślna)","waitDuplicateContacts":"Wyszukiwanie duplikatów","waitMergingDuplicateContacts":"Łączenie duplikatów","alertNoDuplicateContacts":"Nie znaleziono zduplikowanych kontaktów","mergeDuplicateTitle":"Łączenie duplikatów","suggestedDuplicateContacts":"Kontakty mogące duplikować „{{name}}”","mergeActionButtonLabel":{"_index":["plural","n"],"_":{"zero":"Nie zaznaczono kontaktów","one":"Połącz z {{n}} kontaktem","other":"Połącz z {{n}} kontaktami"}},"duplicatesFoundTitle":"Znaleziono duplikaty","duplicatesFoundMessage":"{{name}} duplikuje informacje w następujących kontaktach"}