{"brandShortName":"B2G OS","browserBrandShortName":"Navegador da Web","browserBrandFullName":"Navegador da Web Mozilla","back":"Voltar","noSimMsg":"Para importar contatos, insira ou desbloqueie o chip SIM","noMemoryCardMsg":"Insira um cartão de memória para importar contatos","importMemoryCard":"Cartão de memória","noConnection11":"Para importar contatos do Facebook conecte-se a uma rede Wi-Fi ou de dados","pincode2":"Inserir código PIN","type_pin":"Digite seu código PIN","pincodeLabel":"Código PIN do cartão SIM {{n}}","pinValidation":"O PIN deve ter entre 4 e 8 caracteres.","pinError":"O PIN está incorreto.","pinAttemptMsg2":{"_index":["plural","n"],"_":{"one":"Você tem mais uma tentativa para inserir o código correto antes de bloquear o chip SIM.","two":"Você tem {{n}} tentativas para inserir o código correto antes de bloquear o chip SIM.","few":"Você tem {{n}} tentativas para inserir o código correto antes de bloquear o chip SIM.","many":"Você tem {{n}} tentativas para inserir o código correto antes de bloquear o chip SIM.","other":"Você tem {{n}} tentativas para inserir o código correto antes de bloquear o chip SIM."}},"pinLastChanceMsg":"Esta é a sua última chance de inserir o PIN correto. Caso contrário, você deverá inserir o código PUK para usar esse chip SIM.","pukcode":"Inserir código PUK","pukcodeTitle":"Digite o PUK do cartão SIM {{n}}","pukcodeLabel":"PUK do cartão SIM {{n}}","type_puk":"Código PUK","pukValidation":"O código PUK deve ter exatamente 8 caracteres.","pukInfo":"Você deve inserir o código PUK do chip SIM. Consulte a documentação do chip SIM ou entre em contato com sua operadora para mais informações.","pukError":"O código PUK está incorreto.","pukAttemptMsg2":{"_index":["plural","n"],"_":{"one":"Você tem mais uma tentativa para inserir o código correto antes de tornar este chip SIM permanentemente inutilizável. Consulte a documentação do chip SIM ou entre em contato com sua operadora para mais informações.","two":"Você tem {{n}} tentativas para inserir o código correto antes de tornar este chip SIM permanentemente inutilizável. Consulte a documentação do chip SIM ou entre em contato com sua operadora para mais informações.","few":"Você tem {{n}} tentativas para inserir o código correto antes de tornar este chip SIM permanentemente inutilizável. Consulte a documentação do chip SIM ou entre em contato com sua operadora para mais informações.","many":"Você tem {{n}} tentativas para inserir o código correto antes de tornar este chip SIM permanentemente inutilizável. Consulte a documentação do chip SIM ou entre em contato com sua operadora para mais informações.","other":"Você tem {{n}} tentativas para inserir o código correto antes de tornar este chip SIM permanentemente inutilizável. Consulte a documentação do chip SIM ou entre em contato com sua operadora para mais informações."}},"pukLastChanceMsg":"Esta é a sua última chance de inserir o código PUK correto. Seu chip SIM se tornará permanentemte inutilizável se você inserir o código PUK errado.","create_newpin":"Criar novo PIN (4 a 8 dígitos)","confirm_newpin":"Confirmar novo PIN","newpinConfirmation":"Os PINs não correspondem","nckcode":"Inserir código NCK","cckcode":"Inserir código CCK","spckcode":"Inserir código SPCK","nck1code":"Enter NCK1 code","nck2code":"Enter NCK2 code","hnckcode":"Enter HNCK code","rcckcode":"Enter RCCK code","rspckcode":"Enter RSPCK code","nckcodeTitle":"Insira o código NCK do cartão SIM {{n}}","cckcodeTitle":"Insira o código CCK do cartão SIM {{n}}","spckcodeTitle":"Insira o código SPCK do cartão SIM {{n}}","nck1codeTitle":"Enter SIM {{n}} NCK1","nck2codeTitle":"Enter SIM {{n}} NCK2","hnckcodeTitle":"Enter SIM {{n}} HNCK","rcckcodeTitle":"Enter SIM {{n}} RCCK","rspckcodeTitle":"Enter SIM {{n}} RSPCK","nckcodeLabel":"Código NCK do cartão SIM {{n}}","cckcodeLabel":"Código CCK do cartão SIM {{n}}","spckcodeLabel":"SIM {{n}} SPCK","nck1codeLabel":"SIM {{n}} NCK1","nck2codeLabel":"SIM {{n}} NCK2","hnckcodeLabel":"SIM {{n}} HNCK","rcckcodeLabel":"SIM {{n}} RCCK","rspckcodeLabel":"SIM {{n}} RSPCK","type_nck":"Digite seu código NCK","type_cck":"Digite seu código CCK","type_spck":"Digite seu código SPCK","type_nck1":"Type your NCK1 code","type_nck2":"Type your NCK2 code","type_hnck":"Type your HNCK code","type_rcck":"Type your RCCK code","type_rspck":"Type your RSPCK code","nckValidation":"O NCK deve ter entre 8 e 16 caracteres.","cckValidation":"O CCK deve ter entre 8 e 16 caracteres.","spckValidation":"O SPCK deve ter entre 8 e 16 caracteres.","nck1Validation":"NCK1 must have between 8 and 16 characters.","nck2Validation":"NCK2 must have between 8 and 16 characters.","hnckValidation":"HNCK must have between 8 and 16 characters.","rcckValidation":"RCCK must have between 8 and 16 characters.","rspckValidation":"RSPCK must have between 8 and 16 characters.","nckErrorMsg":"O código NCK está incorreto.","nckAttemptMsg2":{"_index":["plural","n"],"_":{"one":"A solicitação de desbloqueio falhou. Você tem mais uma tentativa para inserir o código correto. Consulte a documentação do seu aparelho ou entre em contato com sua operadora para mais informações.","two":"A solicitação de desbloqueio falhou. Você tem {{n}} tentativas para inserir o código correto. Consulte a documentação do seu aparelho ou entre em contato com sua operadora para mais informações.","few":"A solicitação de desbloqueio falhou. Você tem {{n}} tentativas para inserir o código correto. Consulte a documentação do seu aparelho ou entre em contato com sua operadora para mais informações.","many":"A solicitação de desbloqueio falhou. Você tem {{n}} tentativas para inserir o código correto. Consulte a documentação do seu aparelho ou entre em contato com sua operadora para mais informações.","other":"A solicitação de desbloqueio falhou. Você tem {{n}} tentativas para inserir o código correto. Consulte a documentação do seu aparelho ou entre em contato com sua operadora para mais informações."}},"nckLastChanceMsg":"A solicitação de desbloqueio falhou. Esta é a sua última chance de inserir o código correto. Consulte a documentação do seu aparelho ou entre em contato com sua operadora para mais informações.","skip":"Pular","send":"Enviar","ok":"OK","simLocked":"O chip SIM está bloqueado","inputCodeRetriesLeft":{"_index":["plural","n"],"_":{"one":"última tentativa.","two":"restam {{n}} tentativas.","few":"restam {{n}} tentativas.","many":"restam {{n}} tentativas.","other":"restam {{n}} tentativas."}},"simManager":"Cartões SIM","simDetail":"Cartão SIM {{n}}","simDefault":"(padrão)","simDefaultMessage":"Chamadas, mensagens e conexões de dados serão feitas com o cartão SIM 1 por padrão","simSettingsMessage":"Você pode alterar as configurações em Configurações > Cartões SIM","simPinLocked":"O PIN do cartão SIM está travado","noOperator":"Nenhuma operadora","language":"Idioma","english":"Inglês","dvorak":"Inglês (Dvorak)","spanish":"Espanhol","portuguese":"Brasileiro","french":"Francês","italian":"Italiano","arabic":"Árabe","greek":"Grego","hebrew":"Hebraico","jp-kanji":"Japonês","jp-kanji-desc":"Kanji","traditionalChinese":"Chinês Tradicional","traditionalChinese-desc":"Zhuyin","simplifiedChinese":"Chinês Simplificado","simplifiedChinese-desc":"Pinyin","3g":"Dados 3G","dataConnection":"Ativar dados","dataConnectionInfo":"Ativar a conexão de dados permite configurar seu aparelho sem uma conexão Wi-Fi. Você também pode ativá-la mais tarde em Configurações. Apenas certifique-se de que você tem um plano de dados com sua operadora para evitar surpresas na sua conta.","caution":"Aviso","geolocation":"Geolocalização","geolocationCheckbox":"Ativar Geolocalização","geolocationInfo2":"O {{brandShortName}} usa dados como GPS, Wi-Fi e redes móveis ao seu redor para ajudar a determinar sua localização aproximada.","geolocationInfoMore":"Os dados são enviados à Mozilla e outros provedores de serviços e serão usados para melhorar essas bases de dados de localização. Os dados podem ser armazenados no seu aparelho e a coleta de dados pode ocorrer até mesmo quando nenhum aplicativo estiver sendo executado.","notice":"Aviso","aboutYourPrivacy":"Mais sobre sua privacidade","wifi":"Wi-Fi","scanningNetworks":"Procurando redes","selectNetwork":"Redes Wi-Fi","shortStatus-connecting":"Conectando…","shortStatus-associated":"Obtendo endereço IP…","shortStatus-connected":"Conectado","shortStatus-connectingfailed":"A conexão falhou","shortStatus-disconnected":"Desconectado","securedBy":"Protegida por {{capabilities}}","security":"Segurança","securityNone":"Nenhuma","securityWEP":"WEP","securityWPA-PSK":"WPA-PSK","securityWPA-EAP":"WPA-EAP","securityOpen":"Aberta","identity":"Usuário","identityInput":{"placeholder":"Usuário"},"password":"Senha","passwordInput":{"placeholder":"Senha"},"showPassword":"Mostrar Senha","refresh":"Atualizar","noWifiFound3":"Nenhuma rede sem fio encontrada","join-hidden-button":"Conectar a uma rede escondida","authentication":"Authentication","ssid-name":"Nome da rede (SSID)","dateAndTime":"Data e Hora","setTimeAutomatically":"Ajustar automaticamente","timezoneMessage":"Fuso horário","timezoneTitle":"UTC{{utcOffset}} {{region}}/{{city}}","dateMessage":"Data","timeMessage":"Hora","timeZone":"Fuso horário","change":"Alterar","importContacts3":"Importar contatos","importSim2":"Chip SIM","importFb2":"Facebook","importOutlook":"Outlook","importGmail":"Gmail","fb-checking":"… verificando","notImportedYet":"Ainda não importou","otherAccount":"Outras contas","mobile":"Celular","afterFbImport":"Você pode importar e editar seus amigos do Facebook nas configurações do aplicativo Contatos","firefox-accounts":"Firefox Accounts","fxa-overview":{"innerHTML":"A Firefox Account lets you use features like Find My Device and apps like the Firefox Marketplace."},"fxa-create-account-or-sign-in":"Create Account or Sign In","fxa-email-sent":"A verification link has been sent to {{email}}","about-your-rights-0":"O {{brandShortName}} é um software livre e de código aberto, criado por uma comunidade de milhares de pessoas ao redor do mundo. Há algumas coisas que você deve saber:","about-your-rights-1":"O {{brandShortName}} está disponível para você de acordo com os termos da Licença Pública Mozilla. Isso significa que você pode usar, copiar e distribuir o {{brandShortName}} para outras pessoas. Você também é bem-vindo para modificar como quiser o código-fonte do {{brandShortName}} para atender às suas necessidades. A Licença Pública Mozilla também lhe dá o direito de distribuir as suas versões modificadas.","about-your-rights-2":"Não são concedidos a você quaisquer direitos sobre marcas comerciais ou licenças sobre as marcas comerciais da Mozilla Foundation ou de terceiros, incluindo, entre outros, o nome ou logotipo do {{brandShortName}}. Informações adicionais sobre as marcas comerciais podem ser encontradas somente aqui.","about-your-rights-3":"Alguns dos recursos do {{brandShortName}}, como o Crash Reporter, lhe dão a opção de fornecer informações à Mozilla. Ao efetuar o envio destas informações, você dá à Mozilla a permissão de usá-las para aperfeiçoar seus produtos, para publicá-las em seus sites e para distribuí-las.","about-other":"Outro","SIM_mandatory":"Alerta do cartão SIM","SIM_mandatory_warm":"Por favor, insira um cartão SIM e reinicie seu telefone.","sharing-performance-data":"Compartilhando dados de desempenho","telemetry-sends":"O Telemetry envia para Mozilla dados sobre performance, hardware, configurações e customizações em seu dispositivo {{brandShortName}}. Nós usamos isso para fazer nossos produtos melhores, mais rápidos e mais responsivo","learn-more-telemetry":{"innerHTML":"Learn more at {{link}}"},"learn-more-information":{"innerHTML":"Learn how Mozilla handles your information at {{link}}"},"welcomeBrowser":"Bem-vindo ao {{brandShortName}}, o sistema operacional livre, gratuito e de código aberto da Mozilla. Nossa missão é promover a abertura, inovação e oportunidades ao manter o poder da Web em suas mãos.","learn-more-privacy":{"innerHTML":"Learn how Mozilla handles your information in our {{link}}."},"learn-more-privacy-link":"privacy policy","aboutBrowser":"Sobre o {{brandShortName}}","aboutYourPrivacy2":"Sua privacidade","mozillaCommunity2":"Ao usar o {{brandShortName}}, você se torna parte de uma comunidade global que está ajudando a construir um futuro melhor para a Web. Se você quiser saber mais sobre a comunidade Mozilla, nossos outros produtos e eventos perto de você, por favor, digite seu endereço de e-mail abaixo.","collaborate":"Eu quero ajudar a melhorar {{brandShortName}} compartilhando dados sobre meu telefone.","learnMore":"Saiba mais.","emailAddress":{"placeholder":"Endereço de e-mail"},"email-successfully-added":"E-mail adicionado com sucesso","email-loading":"Salvando seu e-mail…","browserPrivacyChoices":"Opções de Privacidade do {{brandShortName}}","privacy-b2g":{"_":"{{brandShortName}}","title":"{{brandShortName}}"},"privacy-marketplace":{"_":"Marketplace","title":"{{privacy-marketplace}}"},"privacy-e-me":{"_":"everything.me","title":"{{privacy-e-me}}"},"navbar-back":"Voltar","navbar-next":"Avançar","navbar-join":"Entrar","thatsIt":"É isso!","startYourPhone":"Iniciar o tour do seu telefone!","startYourTablet":"Iniciar o tour do seu tablet!","joinTutorial":"Aproveite este rápido passeio pelo seu novo telefone.","enjoyYourPhone":"Você está pronto para aproveitar seu novo telefone.","optionsAvailable":"Você pode alterar o idioma, data/hora e conexões Wi-Fi nas configurações.","letsGo":"Vamos lá","startTour":"Começar","thatsIt1Tablet-2":"You can always swipe from the bottom edge to enter home screen.","thatsIt2Tablet-2":"Let’s do it!","tutorial-step1-tiny":"Deslize da direita para a esquerda para navegar pelos seus aplicativos.","tutorial-step2-tiny":"Toque e segure um ícone para movê-lo ou apagá-lo.","tutorial-step3-tiny":"Digite uma palavra chave ou tópico e seu telefone irá se adaptar instantaneamente.","tutorial-step4-tiny":"Deslize para baixo para acessar notificações recentes, informações de crédito e configurações.","tutorial-step5-tiny":"Toque e segure o botão Início para navegar e fechar aplicativos recentes.","tutorial-step6-tiny":"Swipe from the side of the screen to move back and forth between recent apps.","tutorial-step1-large-2":"Swipe down from top to access recent notifications, credit information and settings.","tutorial-step2-large-2":"Swipe left or right to discover new apps on home screen.","tutorial-step3-large-2":"Tap and hold on an icon to delete or move it.","tutorial-step4-large-2":"Two fingers swipe up from the bottom edge to trigger card view.","offline-dialog-title":"Você deve estar conectado à Internet para ver esta página.","offline-dialog-text":"Por favor, volte e conecte-se à Internet. Você também pode ver a página mais tarde nas Configurações ou digitando {{url}} em qualquer navegador.","OK":"OK","offline-newsletter-dialog-title":"Você deve estar conectado à Internet para inscrever-se no informativo.","offline-newsletter-dialog-text":"Por favor volte e conecte-se à Internet.","invalid-email-dialog-title":"E-mail inválido","invalid-email-dialog-text":"Por favor, volte e corrija os dados digitados.","cancel":"Cancelar","weekday-0-long":"Domingo","weekday-1-long":"Segunda-feira","weekday-2-long":"Terça-feira","weekday-3-long":"Quarta-feira","weekday-4-long":"Quinta-feira","weekday-5-long":"Sexta-feira","weekday-6-long":"Sábado","weekday-0-short":"Dom","weekday-1-short":"Seg","weekday-2-short":"Ter","weekday-3-short":"Qua","weekday-4-short":"Qui","weekday-5-short":"Sex","weekday-6-short":"Sáb","month-0-long":"Janeiro","month-1-long":"Fevereiro","month-2-long":"Março","month-3-long":"Abril","month-4-long":"Maio","month-5-long":"Junho","month-6-long":"Julho","month-7-long":"Agosto","month-8-long":"Setembro","month-9-long":"Outubro","month-10-long":"Novembro","month-11-long":"Dezembro","month-0-genitive":"Janeiro","month-1-genitive":"Fevereiro","month-2-genitive":"Março","month-3-genitive":"Abril","month-4-genitive":"Maio","month-5-genitive":"Junho","month-6-genitive":"Julho","month-7-genitive":"Agosto","month-8-genitive":"Setembro","month-9-genitive":"Outubro","month-10-genitive":"Novembro","month-11-genitive":"Dezembro","month-0-short":"Jan","month-1-short":"Fev","month-2-short":"Mar","month-3-short":"Abr","month-4-short":"Mai","month-5-short":"Jun","month-6-short":"Jul","month-7-short":"Ago","month-8-short":"Set","month-9-short":"Out","month-10-short":"Nov","month-11-short":"Dez","minutes-ago-long":{"_index":["plural","value"],"_":{"zero":"há pouco","one":"um minuto atrás","two":"{{value}} minutos atrás","few":"{{value}} minutos atrás","many":"{{value}} minutos atrás","other":"{{value}} minutos atrás"}},"hours-ago-long":{"_index":["plural","value"],"_":{"zero":"há pouco","one":"uma hora atrás","two":"{{value}} horas atrás","few":"{{value}} horas atrás","many":"{{value}} horas atrás","other":"{{value}} horas atrás"}},"days-ago-long":{"_index":["plural","value"],"_":{"zero":"hoje","one":"ontem","two":"{{value}} dias atrás","few":"{{value}} dias atrás","many":"{{value}} dias atrás","other":"{{value}} dias atrás"}},"weeks-ago-long":{"_index":["plural","value"],"_":{"zero":"esta semana","one":"semana passada","two":"{{value}} semanas atrás","few":"{{value}} semanas atrás","many":"{{value}} semanas atrás","other":"{{value}} semanas atrás"}},"months-ago-long":{"_index":["plural","value"],"_":{"zero":"este mês","one":"mês passado","two":"{{value}} meses atrás","few":"{{value}} meses atrás","many":"{{value}} meses atrás","other":"{{value}} meses atrás"}},"years-ago-long":{"_index":["plural","value"],"_":{"zero":"este ano","one":"ano passado","two":"{{value}} anos atrás","few":"{{value}} anos atrás","many":"{{value}} anos atrás","other":"{{value}} anos atrás"}},"minutes-until-long":{"_index":["plural","value"],"_":{"zero":"agora","one":"em um minuto","two":"em {{value}} minutos","few":"em {{value}} minutos","many":"em {{value}} minutos","other":"em {{value}} minutos"}},"hours-until-long":{"_index":["plural","value"],"_":{"zero":"agora","one":"em uma hora","two":"em {{value}} horas","few":"em {{value}} horas","many":"em {{value}} horas","other":"em {{value}} horas"}},"days-until-long":{"_index":["plural","value"],"_":{"zero":"hoje","one":"amanhã","two":"em {{value}} dias","few":"em {{value}} dias","many":"em {{value}} dias","other":"em {{value}} dias"}},"weeks-until-long":{"_index":["plural","value"],"_":{"zero":"esta semana","one":"semana que vem","two":"em {{value}} semanas","few":"em {{value}} semanas","many":"em {{value}} semanas","other":"em {{value}} semanas"}},"months-until-long":{"_index":["plural","value"],"_":{"zero":"este mês","one":"mês que vem","two":"em {{value}} meses","few":"em {{value}} meses","many":"em {{value}} meses","other":"em {{value}} meses"}},"years-until-long":{"_index":["plural","value"],"_":{"zero":"este ano","one":"ano que vem","two":"em {{value}} anos","few":"em {{value}} anos","many":"em {{value}} anos","other":"em {{value}} anos"}},"minutes-ago-short":{"_index":["plural","value"],"_":{"zero":"há pouco","other":"{{value}}min atrás"}},"hours-ago-short":{"_index":["plural","value"],"_":{"zero":"há pouco","other":"{{value}}h atrás"}},"days-ago-short":{"_index":["plural","value"],"_":{"zero":"hoje","other":"{{value}}d atrás"}},"minutes-until-short":{"_index":["plural","value"],"_":{"zero":"agora","other":"em {{value}}min"}},"hours-until-short":{"_index":["plural","value"],"_":{"zero":"agora","other":"em {{value}}h"}},"days-until-short":{"_index":["plural","value"],"_":{"zero":"hoje","other":"em {{value}}d"}},"incorrectDate":"(data incorreta)","dateTimeFormat_%c":"%A, %e de %B de %Y %Hh %Mmin %Ss","dateTimeFormat_%x":"%d/%m/%Y","dateTimeFormat_%X":"%Hh %Mmin %Ss","shortTimeFormat":"%Hh%M","shortDateTimeFormat":"%x %Hh%M","weekStartsOnMonday":"0","time_am":"AM","time_pm":"PM","tz-region":"Região","tz-city":"Cidade","tzRegion-Africa":"África","tzRegion-America":"América","tzRegion-Antarctica":"Antártida","tzRegion-Asia":"Ásia","tzRegion-Atlantic":"Oceano Atlântico","tzRegion-Australia":"Austrália","tzRegion-Europe":"Europa","tzRegion-Indian":"Oceano Índico","tzRegion-Pacific":"Oceano Pacífico","close":"Close","import":"Import","update":"Update","fbFriends":"Facebook Friends","live-serviceName":"Outlook","gmail-serviceName":"Gmail","facebook-serviceName":"Facebook Friends","selectAll":"Select all","deselectAll":"Deselect all","viewAll":"View All Facebook Friends","viewRecommend":"View Only Recommended","linkProposal":{"_index":["plural","numFriends"],"_":{"zero":"No matching friends. Showing all","one":"Select the recommended one","two":"Select a recommended one","few":"Select a recommended one","many":"Select a recommended one","other":"Select a recommended one"}},"fbFriendsFound":{"_index":["plural","numFriends"],"_":{"zero":"All your friends are imported","one":"Found one friend to import","two":"Found {{numFriends}} friends to import","few":"Found {{numFriends}} friends to import","many":"Found {{numFriends}} friends to import","other":"Found {{numFriends}} friends to import"}},"facebook":"Facebook","search-contact":{"placeholder":"Search"},"noResults":"No contacts found","done-search":"Done","progressFB3ImportTitle":"Importing friends to Contacts","progressFB":"{{current}}/{{total}}","progressFB3UpdateTitle":"Updating friends in Contacts","message2":"This may take a couple of minutes","messageLinking":"Please hold on. We are linking your friend and your contact.","messageCanceling":"Please hold on. We are canceling the ongoing operation.","error1":"Error {{from}}","error2":"Do you want to retry?","errorProposal":"calculating proposals","errorFriends":"retrieving friends","errorLinking":"linking contact","timeout1":"Exceeded timeout {{from}}","timeout2":"Do you want to retry?","timeoutProposal":"calculating proposals","timeoutFriends":"retrieving friends","timeoutLinking":"linking contacts","wait1":"Please hold on","wait2":"This may take a couple of minutes","waitProposal":"Please hold on. We are calculating a proposal.","waitFriends":"Please hold on. We are connecting to obtain your friend list.","curtainCancel":"Cancel","curtainRetry":"Retry","curtainOK":"OK","connectionLost":"No Internet connection","connectionLostMsg":"Friends’ photos will not be added to your contacts. Continue anyway?","yesOption":"OK","noOption":"Cancel","friendsUpdated":{"_index":["plural","numFriends"],"_":{"zero":"No friends updated","one":"Updated one friend","two":"Updated {{numFriends}} friends","few":"Updated {{numFriends}} friends","many":"Updated {{numFriends}} friends","other":"Updated {{numFriends}} friends"}},"notificationLogin":"Your Facebook session is invalid. Please sign in.","syncError":"There was an error synchronizing your friend’s data","callAirplaneModeMessage":"Para fazer uma chamada, desative o modo avião nas configurações.","callAirplaneModeBtnOk":"OK","callAirplaneModeTitle":"Modo avião ativado","numberIsBusyTitle":"Número está ocupado","numberIsBusyMessage":"O número está ocupado. Tente novamente mais tarde.","fdnIsActiveTitle":"FDN active","fdnIsActiveMessage":"FDN (Fixed Dialing Numbers) is activated and the following number is not in your FDN list: {{ number }}","voiceMail":"Mensagens de voz","emergencyNumber":"Número de emergência","emergencyDialogBodyBadNumber":"Para fazer uma chamada, o telefone precisa estar conectado a uma rede.","emergencyDialogBodyDeviceNotAccepted":"Chamadas de emergência não permitidas pela rede.","emergencyDialogBtnOk":"OK","emergencyDialogTitle":"Sem conexão com a rede","invalidNumberToDialTitle":"Número inválido","invalidNumberToDialMessage":"O número de telefone chamado é inválido.","unableToCallTitle":"Impossível fazer uma chamada agora","unableToCallMessage":"Impossível fazer uma chamada. Se você já estiver digitando um número, por favor, desligue primeiro.","otherConnectionInUseTitle":"Other connection in use","otherConnectionInUseMessage":"You have an active call on another connection. You can only use one connection at a time.","addNewNumber":"Add new number","addToExistingContact":"Adicionar a um contato","all":"Todas","asterisk":{"ariaLabel":"Asterisk"},"callLog":"Chamadas","callLogEdit":{"title":"Edit call log"},"callLogEditDialog":{"ariaLabel":"Edit call log dialog"},"connecting":"Conectando","cf-async":"Assíncrono: {{ async }}\\n","cf-data":"Dados: {{ data }}\\n","cf-error":"Ocorreu um erro ao recuperar status de desvio de chamadas","cf-fax":"FAX: {{ fax }}\\n","cf-inactive":"Inativo","cf-packet":"Pacote: {{ packet }}\\n","cf-pad":"PAD: {{ pad }}\\n","cf-sms":"SMS: {{ sms }}\\n","cf-status":"Status de desvio de chamadas\\n","cf-sync":"Síncrono: {{ sync }}\\n","cf-voice":"Voz: {{ voice }}\\n","confirm-deletion":"Apagar as chamadas selecionadas?","contacts":"Contatos","createNewContact":"Criar novo contato","delete":"Delete","dialerAddContact":{"ariaLabel":"Add contact"},"dialerAddContactDialog":{"ariaLabel":"Add Contact Dialog"},"edit-selected":{"_index":["plural","n"],"_":{"one":"{{ n }} selecionada","two":"{{ n }} selecionadas","few":"{{ n }} selecionadas","many":"{{ n }} selecionadas","other":"{{ n }} selecionadas"}},"edit":"Editar","hashSign":{"ariaLabel":"Hash sign"},"hideKeypad":{"ariaLabel":"Hide keypad"},"ignore":"Ignorar chamada","incoming":"Recebidas","keypad":{"ariaLabel":"Keypad"},"keypadDelete":{"ariaLabel":"Delete"},"makeCall":{"ariaLabel":"Make call"},"merge":"Combinar","missed":"Não atendidas","missedCall":"Chamada não atendida","missedCallMultiSims":"(SIM {{ n }}) Missed call","mmi-error":"Ocorreu um erro ao enviar a mensagem","mmi-session-expired":"Sessão expirada","mmi-successfully-sent":"Mensagem enviada com sucesso","mute":{"ariaLabel":"Mute"},"newCall":{"ariaLabel":"New call"},"no-logs-msg-1":"Nenhuma chamada registrada","no-logs-msg-2":"Comece a se comunicar agora","no-logs-msg-3":"Nenhuma chamada não atendida","phoneNumberInput":{"ariaLabel":"Phone number"},"recents":{"ariaLabel":"Recent calls"},"reply":"Responder","switch-calls":"Alternar chamada","today":"Hoje","voiceMailKey":{"ariaLabel":"Voicemail"},"withheld-number":"Número confidencial","from-contact":"De {{ contact }}","from-number":"De {{ number }}","from-withheld-number":"De número confidencial","yesterday":"Ontem","sending":"Enviando…","speakerOption":{"ariaLabel":"Speaker"},"ussd-services":"Serviços da {{ operator }}","toggleKeypad":{"ariaLabel":"Toggle keypad"},"type-your-response":{"placeholder":"Digite sua resposta…"},"clear-all-text":"Limpar tudo","hide":"Esconder","call":"Chamar","hold":"Espera","resume":"Continuar","sendSms":"Enviar mensagem","callEnded":"Chamada encerrada","via-sim":"via SIM{{ n }}","sim-number":"SIM{{ n }}","hangup-a11y-button":{"aria-label":"Desligar"},"pickup-a11y-button":{"aria-label":"Atender"},"unlock-a11y-button":{"aria-label":"Controle deslizante"},"settings":"Configurações","delete-n-log?":{"_index":["plural","n"],"_":{"zero":"Nada selecionado","one":"Apagar a entrada selecionada?","two":"Apagar {{ n }} entradas?","few":"Apagar {{ n }} entradas?","many":"Apagar {{ n }} entradas?","other":"Apagar {{ n }} entradas?"}},"callDurationMinutes":"{{ m }}min {{ s }}s","callDurationHours":"{{ h }}h {{ m }}min {{ s}}s","suggestionMatches":{"_index":["plural","n"],"_":{"one":"{{ n }} resultado para \"{{ matchNumber }}\"","two":"{{ n }} resultados para \"{{ matchNumber }}\"","few":"{{ n }} resultados para \"{{ matchNumber }}\"","many":"{{ n }} resultados para \"{{ matchNumber }}\"","other":"{{ n }} resultados para \"{{ matchNumber }}\""}},"scCallBarring":"Restrição de chamadas","scCallForwarding":"Desvio de chamadas","scClip":"Identificação da chamada de entrada","scClir":"Identificação do seu aparelho","scPwd":"Troca de senha","scCallWaiting":"Chamada em espera","scPin":"Troca de PIN","scPin2":"Troca de PIN2","scPuk":"Desbloqueio de PIN","scPuk2":"Desbloqueio de PIN2","scImei":"IMEI","scUssd":"USSD","serviceClassVoice":"Voz","serviceClassData":"Dados","serviceClassFax":"FAX","serviceClassSms":"SMS","serviceClassDataSync":"Síncrono","serviceClassDataAsync":"Assíncrono","serviceClassPacket":"Pacote","serviceClassPad":"PAD","smServiceEnabled":"O serviço foi ativado","smServiceDisabled":"O serviço foi desativado","smServiceRegistered":"Registro com sucesso","smServiceErased":"Excluído com sucesso","smServiceInterrogated":"Solicitação com sucesso","smServiceNotProvisioned":"Serviço não oferecido","smClirPermanent":"Você não pode alterar as configurações de identificação","smClirDefaultOnNextCallOn":"A configuração padrão de identificação é restrita. Próxima chamada: restrita","smClirDefaultOnNextCallOff":"A configuração padrão de identificação é restrita. Próxima chamada: irrestrita","smClirDefaultOffNextCallOn":"A configuração padrão de identificação é irrestrita. Próxima chamada: restrita","smClirDefaultOffNextCallOff":"A configuração padrão de identificação é irrestrita. Próxima chamada: irrestrita","smServiceEnabledFor":"O serviço foi ativado para:","smPinChanged":"PIN alterado com sucesso","smPinUnblocked":"PIN desbloqueado com sucesso","smPin2Changed":"PIN2 alterado com sucesso","smPin2Unblocked":"PIN2 desbloqueado com sucesso","emMmiError":"Erro de conexão ou código MMI inválido","emMmiErrorPasswordIncorrect":"Senha incorreta","emMmiErrorNotSupported":"Código MMI inválido ou não suportado","emMmiErrorInvalidAction":"Ação inválida","emMmiErrorInvalidScCode":"Código de serviço inválido","emMmiErrorBadPuk":"O PUK que você digitou está incorreto","emMmiErrorBadPin":"O PIN atual que você digitou esá incorreto","emMmiErrorNeedPuk2":"Digite o PIN2 para desbloquear o chip SIM","emMmiErrorMismatchPin":"Os PINs que você digitou não correspondem","emMmiErrorInvalidPin":"Digite um PIN de 4 a 8 dígitos","emMmiErrorNeedsPuk":"Seu chip SIM está bloqueado","emMmiErrorEnablePin":"Sem sucesso. Ative o bloqueio SIM/RUIM","emMmiErrorMmiFdn":"A operação está restrita a apenas números determinados","emMmiErrorStkCcUssdDial":"A soliticação USSD está modificada para soliticação DIAL","emMmiErrorStkCcUssdSs":"A soliticação USSD está modificada para soliticação SS","emMmiErrorStkCcUssdUssd":"A soliticação USSD está modificada para soliticação USSD","emMmiErrorStkCcSsDial":"A soliticação SS está modificada para soliticação DIAL","emMmiErrorStkCcSsUssd":"A soliticação SS está modificada para soliticação USSD","emMmiErrorStkCcSsSs":"A soliticação SS está modificada para soliticação SS","emMmiErrorPinPukAttempts":{"_index":["plural","n"],"_":{"one":"Apenas {{ n }} tentativa restante","two":"{{ n }} tentativas restantes","few":"{{ n }} tentativas restantes","many":"{{ n }} tentativas restantes","other":"{{ n }} tentativas restantes"}},"emMmiErrorSimBlocked":"Número máximo de tentativas excedido. Chip bloqueado","RadioNotAvailable":"Rádio indisponível","GenericFailure":"Falha genérica","PasswordIncorrect":"Senha incorreta","SimPin2":"PIN2 do SIM","SimPuk2":"PUK2 do SIM","RequestNotSupported":"Solicitação não suportada","OpNotAllowedDuringVoiceCall":"Operação não permitida durante uma chamada de voz","SmsSendFailRetry":"Tentativa de reenvio de SMS","SimAbsent":"SIM ausente","SubscriptionNotAvailable":"Inscrição indisponível","ModeNotSupported":"Modo não suportado","FdnCheckFailure":"Falha de verificação Fdn","IllegalSimOrMe":"Chip SIM ou ME ilegal","DialModifiedToUssd":"Dial modificado para USSD","DialModifiedToSs":"Dial modificado para ss","DialModifiedToDial":"Dial modificado para dial","UssdModifiedToDial":"USSD modificado para dial","UssdModifiedToSs":"USSD modificado para SS","UssdModifiedToUssd":"USSD modificado para USSD","SsModifiedToDial":"SS modificado para dial","SsModifiedToUssd":"SS modificado para USSD","SsModifiedToSs":"SS modificado para SS","SubscriptionNotSupported":"Inscrição não suportada","InvalidParameter":"Parâmetro inválido","RejectedByRemote":"Rejeitado remotamente","group-call":{"_index":["plural","n"],"_":{"one":"Conferência ({{ n }})","two":"Conferência ({{ n }})","few":"Conferência ({{ n }})","many":"Conferência ({{ n }})","other":"Conferência ({{ n }})"}},"caller-left-call":"{{ caller }} saiu da chamada.","conferenceAddError":"Não foi possível unir as chamadas","conferenceRemoveError":"Não foi possível separar as chamadas","longDateFormat":"%a, %e de %B","select-audio-sources":"Select audio sources","bluetooth-handsfree-device":"Bluetooth handsfree device","receiver":"Receiver","speaker":"Speaker","add":"Adicionar","done":"Concluído","retry":"Tentar novamente","addContact":"Novo contato","deleteContact":"Apagar contato","selectContact":"Selecionar contato","editContact":"Editar contato","deleteConfirmMsg":"Apagar contato?","remove":"Apagar","comments":"Comentários","no_contact_phones":"Esse contato não tem um número de telefone","no_contact_email":"Esse contato não tem um endereço de email","removePhotoConfirm":"Remover foto do contato?","loadingContacts":"Carregando contatos…","noContactsActivity":"Não é possível adicionar a um contato pois sua lista está vazia","noName":"Nenhum nome","givenName":{"placeholder":"Nome"},"familyName":{"placeholder":"Sobrenome"},"tel":{"placeholder":"Telefone"},"carrier":{"_":"Operadora","placeholder":"Operadora"},"separator":",","email":{"_":"E-mail","placeholder":"E-mail"},"streetAddress":{"placeholder":"Endereço"},"postalCode":{"placeholder":"CEP"},"locality":{"placeholder":"Cidade"},"countryName":{"placeholder":"País"},"comment":{"placeholder":"Comentário"},"org":{"placeholder":"Companhia"},"custom":"Tipo personalizado","date":{"_":"Date","placeholder":"Date"},"date-span-placeholder":"Date","birthday":"Aniversário","dateFormat":"%B %e","dateOutput":"{{dayMonthFormatted}} {{year}}","anniversary":"Anniversary","addPhoto":"Adicionar foto","addPhone":"Adicionar telefone","addEmail":"Adicionar e-mail","addAddress":"Adicionar endereço","addDate":"Add Date","addComment":"Adicionar comentário","addFavorite":"Adicionar aos favoritos","removeFavorite":"Remover dos favoritos","label":"Tipo","home":"Residencial","work":"Profissional","personal":"Pessoal","faxHome":"Fax residencial","faxOffice":"Fax profissional","faxOther":"Fax (outro)","another":"Outro","other":"Other","current":"Current","itemWithLabel":"{{label}}, {{item}}","exit":"Sair","expand":"Expandir","labelName":"Nome:","labelLastName":"Sobrenome:","labelPhoneNumber":"Número do telefone:","labelCarrier":"Operadora:","labelEmail":"E-mail:","labelStreet":"Endereço:","labelZip":"CEP:","labelCity":"Cidade:","labelCountry":"País:","labelComment":"Comentário:","legendTitleMain":"Informações principais","legendPhones":"Números de telefone","legendEmail":"Endereço de e-mail","legendAddress":"Endereço","transferContactsTitle":"Transferir contatos","importContactsTitle":"Importar contatos","importContactsButton":"Import Contacts","exportContactsTitle":"Exportar contatos","exportContactsButton":"Export Contacts","exportContactsAction":"Exportar","simExport-title":"Exportar para o SIM","sdExport-title":"Exportar para o cartão de memória","btExport-title":"Exportar via Bluetooth","sdUMSEnabled":"Não é possível usar o cartão de memória porque o armazenamento USB está habilitado.","exportErrorTitle":"Erro durante a exportação","contactsExported2":"{{ plural(exported) }}","exportError-general":"Um erro aconteceu durante a exportação","exportError-SD-shared":"Não foi possível acessar o cartão de memória pois ele é compartilhado","exportError-SD-unavailable":"Cartão de memória indisponível","exportError-SD-noSpace":"Não há espaço livre suficiente no cartão de memória para exportar contatos","exportError-SIM-unavailable":"Cartão SIM não está disponível","exportError-BT-shared":"Não foi possível acessar o cartão de memória pois ele é compartilhado","exportError-BT-unavailable":"Cartão de memória indisponível","exportError-BT-noSpace":"Não há espaço livre suficiente no cartão de memória para exportar contatos","simContacts-import":"Importar contatos do SIM","simContacts-importing":"Importando contatos do SIM…","simContacts-reading":"Lendo chip SIM…","simContacts-error":"Não foi possível importar contatos do SIM","simContacts-imported3":{"_index":["plural","n"],"_":{"zero":"Nenhum contato encontrado para importar do SIM","one":"Um contato importado","two":"{{n}} contatos importados","few":"{{n}} contatos importados","many":"{{n}} contatos importados","other":"{{n}} contatos importados"}},"noSimMsgExport":"To export contacts insert or unlock your SIM card","simNumber":"Cartão SIM {{number}}","memoryCardContacts-import":"Importar contatos do cartão de memória","memoryCardContacts-importing":"Importando contatos do cartão de memória…","memoryCardContacts-reading":"Lendo do cartão de memória…","memoryCardContacts-error":"Não foi possível importar contatos do cartao de memória","memoryCardContacts-imported3":{"_index":["plural","n"],"_":{"zero":"Nenhum contato detectado no cartão de memória","one":"Um contato importado","two":"{{n}} contatos importados","few":"{{n}} contatos importados","many":"{{n}} contatos importados","other":"{{n}} contatos importados"}},"noMemoryCardMsgExport":"Insira um cartão de memória para exportar contatos","genericProgress":"{{current}}/{{total}}","social-network":"Redes sociais","social-link":"Vincular contato","social-unlink":"Desvincular contato","social-unlink-confirm-title":"Deseja desvincular seu amigo?","social-unlink-confirm-accept":"Desvincular","facebook-import":"Importar amigos do Facebook","show-fb-profile":"Ver perfil do Facebook","msg-send":"Mensagem","wall-post":"Publicação no mural","facebook-import-msg":{"_index":["plural","imported"],"_":{"zero":"Nenhum amigo importado (de {{total}})","one":"Um amigo importado (de {{total}})","two":"{{imported}} amigos importados de {{total}}","few":"{{imported}} amigos importados de {{total}}","many":"{{imported}} amigos importados de {{total}}","other":"{{imported}} amigos importados de {{total}}"}},"facebookSwitchMsg":"Sincronizar amigos","select_mobile":"Selecionar telefone celular","select_email":"Selecionar e-mail","contactsOrderBy":"Ordenar pelo sobrenome","bluetooth":"Bluetooth","fbUpdateFriends":"Atualizar amigos importados","cleaningFbData":"Removendo dados do Facebook…","loggingOutFb":"Saindo do Facebook…","cleanFbConfirmMsg":"Remover todos os dados do Facebook?","renewPwdMsg":"Sua senha do Facebook foi alterada. Por favor, atualize.","notEnabledYet":"Desativado","genericNoConnection":"Para importar contatos, conect-se a uma rede Wi-Fi ou de dados","simCard":"Cartão SIM","memoryCard":"Cartão de memória","create-new":"Criar um novo contato","import-now":"Importar seus contatos do seu chip SIM ou do Facebook","no-contacts":"Nenhum contato","start-adding":"Comece a adicionar contatos agora","notImported":"Não importados","imported":"Importados","organise-contacts":"Organizar contatos","find-merge-contacts":"Achar contatos duplicados","preparing-contacts":"Preparando contatos","exportError-SIM-NoFreeRecordFound":"O Cartão SIM está cheio","exportError-SIM-CannotAccessPhoneBook":"Falha ao acessar a agenda do cartão SIM","exportError-SIM-Unavailable":"Nenhum cartão SIM detectado","exportError-SIM-GenericError":"Houve um erro ao exportar um contato","ContactManagementTitle":"Contacts Management","DeleteTitle":"Delete","bulkDeleteButton":"Delete Contacts","BulkDelCancel":"Contacts delete cancelled","DeletedTxt":{"_index":["plural","n"],"_":{"zero":"No Contact to Delete","one":"1 Contact removed","two":"{{n}} Contacts removed","few":"{{n}} Contacts removed","many":"{{n}} Contacts removed","other":"{{n}} Contacts removed"}},"DeletingContacts":"Deleting contacts","ContactConfirmDel":{"_index":["plural","n"],"_":{"zero":"No Contact to Delete","one":"Delete 1 Contact? This cannot be undone.","two":"Delete {{n}} Contacts? This cannot be undone.","few":"Delete {{n}} Contacts? This cannot be undone.","many":"Delete {{n}} Contacts? This cannot be undone.","other":"Delete {{n}} Contacts? This cannot be undone."}},"SelectedTxt":{"_index":["plural","n"],"_":{"zero":"Contacts","one":"{{n}} selected","two":"{{n}} selected","few":"{{n}} selected","many":"{{n}} selected","other":"{{n}} selected"}},"sim-picker-dial-via-with-number":"Dial {{ phoneNumber }} via","sim-picker-select-sim":"Select SIM","sim-picker-button":"SIM{{ n }}","sim-picker-button-default":"(default)","waitDuplicateContacts":"Procurando contatos duplicados","waitMergingDuplicateContacts":"Combinando contatos duplicados","alertNoDuplicateContacts":"Nenhum contato duplicado encontrado","mergeDuplicateTitle":"Combinar contatos duplicados","suggestedDuplicateContacts":"Contatos duplicados para {{name}}","mergeActionButtonLabel":{"_index":["plural","n"],"_":{"zero":"Nenhum contato selecionado","one":"Combinar com {{n}} contato","other":"Combinar com {{n}} contatos"}},"duplicatesFoundTitle":"Contatos duplicados encontrados","duplicatesFoundMessage":"{{name}} tem informação duplicada nos seguintes contatos"}