{"brandShortName":"SO B2G","browserBrandShortName":"Navigator web","browserBrandFullName":"Navigator web Mozilla","back":"Înapoi","noSimMsg":"Pentru a importa contacte inserează sau deblochează cartela SIM","noMemoryCardMsg":"Pentru a importa contacte inserează un card de memorie","importMemoryCard":"Card de memorie","noConnection11":"Pentru a importa prietenii de pe Facebook sau contactele conectează-te la Wi-Fi sau rețeaua de date","pincode2":"Introdu codul PIN","type_pin":"Tastează codul PIN","pincodeLabel":"Codul PIN al SIM {{n}}","pinValidation":"Codul PIN trebuie să conțină între 4 și 8 caractere.","pinError":"Codul PIN a fost incorect.","pinAttemptMsg2":{"_index":["plural","n"],"_":{"one":"Ai o încercare rămasă pentru a introduce codul corect înainte de a bloca cartela SIM.","two":"Ai {{n}} încercări rămase pentru a introduce codul corect înainte de a bloca cartela SIM.","few":"Ai {{n}} încercări rămase pentru a introduce codul corect înainte de a bloca cartela SIM.","many":"Ai {{n}} încercări rămase pentru a introduce codul corect înainte de a bloca cartela SIM.","other":"Ai {{n}} încercări rămase pentru a introduce codul corect înainte de a bloca cartela SIM."}},"pinLastChanceMsg":"Aceasta este ultima ta șansă pentru a introduce codul PIN corect. În caz contrar, trebuie să introduci codul PUK pentru a folosi această cartelă SIM.","pukcode":"Introdu codul PUK","pukcodeTitle":"Introdu codul PUK al SIM {{n}}","pukcodeLabel":"Codul PUK al SIM {{n}}","type_puk":"Cod PUK","pukValidation":"Codul PUK trebuie să aibă exact 8 caractere.","pukInfo":"Trebuie să introduci codul cheii personale de deblocare (PUK) pentru cartela SIM. Consultă documentația cartelei SIM sau contactează operatorul pentru mai multe informații.","pukError":"Codul PUK a fost incorect.","pukAttemptMsg2":{"_index":["plural","n"],"_":{"one":"Ai o încercare rămasă pentru a introduce codul corect înainte ca această cartelă SIM să devină inutilizabilă permanent. Consultă documentația cartelei SIM sau contactează operatorul pentru mai multe informații.","two":"Ai {{n}} încercări rămase pentru a introduce codul corect înainte ca această cartelă SIM să devină inutilizabilă permanent. Consultă documentația cartelei SIM sau contactează operatorul pentru mai multe informații.","few":"Ai {{n}} încercări rămase pentru a introduce codul corect înainte ca această cartelă SIM să devină inutilizabilă permanent. Consultă documentația cartelei SIM sau contactează operatorul pentru mai multe informații.","many":"Ai {{n}} încercări rămase pentru a introduce codul corect înainte ca această cartelă SIM să devină inutilizabilă permanent. Consultă documentația cartelei SIM sau contactează operatorul pentru mai multe informații.","other":"Ai {{n}} încercări rămase pentru a introduce codul corect înainte ca această cartelă SIM să devină inutilizabilă permanent. Consultă documentația cartelei SIM sau contactează operatorul pentru mai multe informații."}},"pukLastChanceMsg":"Aceasta este ultima ta șansă pentru a introduce codul PUK corect. Cartela ta SIM va fi inutilizabilă permanent dacă introduci codul PUK greșit.","create_newpin":"Crează un cod PIN nou (4-8 cifre)","confirm_newpin":"Confirmă codul PIN nou","newpinConfirmation":"Codurile PIN nu se potrivesc","nckcode":"Introdu codul NCK","cckcode":"Introdu codul CCK","spckcode":"Introdu codul SPCK","nck1code":"Enter NCK1 code","nck2code":"Enter NCK2 code","hnckcode":"Enter HNCK code","rcckcode":"Enter RCCK code","rspckcode":"Enter RSPCK code","nckcodeTitle":"Introdu codul NCK al SIM {{n}}","cckcodeTitle":"Introdu codul CCK al SIM {{n}}","spckcodeTitle":"Introdu codul SPCK al SIM {{n}}","nck1codeTitle":"Enter SIM {{n}} NCK1","nck2codeTitle":"Enter SIM {{n}} NCK2","hnckcodeTitle":"Enter SIM {{n}} HNCK","rcckcodeTitle":"Enter SIM {{n}} RCCK","rspckcodeTitle":"Enter SIM {{n}} RSPCK","nckcodeLabel":"Codul NCK al SIM {{n}}","cckcodeLabel":"Codul CCK al SIM {{n}}","spckcodeLabel":"Codul SPCK al SIM {{n}}","nck1codeLabel":"SIM {{n}} NCK1","nck2codeLabel":"SIM {{n}} NCK2","hnckcodeLabel":"SIM {{n}} HNCK","rcckcodeLabel":"SIM {{n}} RCCK","rspckcodeLabel":"SIM {{n}} RSPCK","type_nck":"Introdu codul NCK","type_cck":"Introdu codul CCK","type_spck":"Introdu codul SPCK","type_nck1":"Type your NCK1 code","type_nck2":"Type your NCK2 code","type_hnck":"Type your HNCK code","type_rcck":"Type your RCCK code","type_rspck":"Type your RSPCK code","nckValidation":"Codul NCK trebuie să aibă între 8 și 16 caractere.","cckValidation":"Codul CCK trebuie să aibă între 8 și 16 caractere.","spckValidation":"Codul SPCK trebuie să aibă între 8 și 16 caractere.","nck1Validation":"NCK1 must have between 8 and 16 characters.","nck2Validation":"NCK2 must have between 8 and 16 characters.","hnckValidation":"HNCK must have between 8 and 16 characters.","rcckValidation":"RCCK must have between 8 and 16 characters.","rspckValidation":"RSPCK must have between 8 and 16 characters.","nckErrorMsg":"Codul NCK este incorect.","nckAttemptMsg2":{"_index":["plural","n"],"_":{"one":"Cererea de depersonalizare a rețelei a eșuat. Ai o încercare rămasă pentru a introduce codul corect. Consultă documentația dispozitivului sau contactează operatorul pentru mai multe informații.","two":"Cererea de depersonalizare a rețelei a eșuat. Ai {{n}} încercări rămase pentru a introduce codul corect. Consultă documentația dispozitivului sau contactează operatorul pentru mai multe informații.","few":"Cererea de depersonalizare a rețelei a eșuat. Ai {{n}} încercări rămase pentru a introduce codul corect. Consultă documentația dispozitivului sau contactează operatorul pentru mai multe informații.","many":"Cererea de depersonalizare a rețelei a eșuat. Ai {{n}} încercări rămase pentru a introduce codul corect. Consultă documentația dispozitivului sau contactează operatorul pentru mai multe informații.","other":"Cererea de depersonalizare a rețelei a eșuat. Ai {{n}} încercări rămase pentru a introduce codul corect. Consultă documentația dispozitivului sau contactează operatorul pentru mai multe informații."}},"nckLastChanceMsg":"Cererea de depersonalizare a rețelei a eșuat. Ultima șansă pentru a introduce codul NCK corect. Consultă documentația dispozitivului sau contactează operatorul pentru mai multe informații.","skip":"Omite","send":"Trimite","ok":"Ok","simLocked":"Cartela SIM este blocată","inputCodeRetriesLeft":{"_index":["plural","n"],"_":{"one":"ultima încercare.","two":"{{n}} încercări rămase.","few":"{{n}} încercări rămase.","many":"{{n}} încercări rămase.","other":"{{n}} încercări rămase."}},"simManager":"Manager SIM","simDetail":"SIM {{n}}","simDefault":"(implicit)","simDefaultMessage":"Apelurile efectuate, mesajele trimise și conexiunea de date sunt setate la SIM 1 drept implicit","simSettingsMessage":"Poți schimba setările implicite la Setări > Manager de cartele SIM","simPinLocked":"Codul PIN blocat al SIM","noOperator":"Niciun operator","language":"Limbă","english":"Engleză","dvorak":"Engleză (Dvorak)","spanish":"Spaniolă","portuguese":"Portugheză braziliană","french":"Franceză","italian":"Italiană","arabic":"Arabă","greek":"Greacă","hebrew":"Ebraică","jp-kanji":"Japoneză","jp-kanji-desc":"Kanji","traditionalChinese":"Chineză tradițională","traditionalChinese-desc":"Zhuyin","simplifiedChinese":"Chineză simplificată","simplifiedChinese-desc":"Pinyin","3g":"Date mobile","dataConnection":"Trafic de date","dataConnectionInfo":"Activând conexiunea de date acum îți va permite să folosești telefonul fără o conexiune Wi-Fi. Activarea se poate face și mai târziu din Setări. Asigură-te că ai un plan de date cu operatorul tău pentru a evita costurile potențial substanțiale.","caution":"Avertisment","geolocation":"Geolocație","geolocationCheckbox":"Activează geolocația","geolocationInfo2":"{{brandShortName}} folosește date precum GPS, WiFi și rețelele mobile din apropierea ta pentru a ajuta la determinarea locației tale aproximative.","geolocationInfoMore":"Datele sunt trimise Mozillei și altor furnizori de servicii și vor fi folosite per ansamblu pentru a îmbunătăți aceste baze de date privind locațiile.  Datele pot fi stocate pe dispozitivul tău și colectarea de date poate avea loc când nicio aplicație nu rulează.","notice":"Aviz","aboutYourPrivacy":"Mai multe despre confidențialitate","wifi":"Wi-Fi","scanningNetworks":"Se scanează după rețele","selectNetwork":"Selectează o rețea","shortStatus-connecting":"Conectare…","shortStatus-associated":"Se obține o adresă IP…","shortStatus-connected":"Conectat","shortStatus-connectingfailed":"Conexiune eșuată","shortStatus-disconnected":"Offline","securedBy":"securizat prin {{capabilities}}","security":"Securitate","securityNone":"Nimic","securityWEP":"WEP","securityWPA-PSK":"WPA-PSK","securityWPA-EAP":"WPA-EAP","securityOpen":"Deschisă","identity":"Utilizator","identityInput":{"placeholder":"Utilizator"},"password":"Parolă","passwordInput":{"placeholder":"Parolă"},"showPassword":"Arată parola","refresh":"Caută","noWifiFound3":"Nicio rețea wireless găsită","join-hidden-button":"Conectează-te la o rețea ascunsă","authentication":"Autentificare","ssid-name":"Numele rețelei SSID","dateAndTime":"Dată și oră","setTimeAutomatically":"Setează automat","timezoneMessage":"Fus orar","timezoneTitle":"UTC{{utcOffset}} {{region}}/{{city}}","dateMessage":"Dată","timeMessage":"Oră","timeZone":"Fus orar","change":"Schimbă","importContacts3":"Importă contacte","importSim2":"Cartelă SIM","importFb2":"Facebook","importOutlook":"Outlook","importGmail":"Gmail","fb-checking":"… se verifică","notImportedYet":"Neimportat încă","otherAccount":"Alte conturi","mobile":"Mobil","afterFbImport":"Poți să imporți și să editezi contactele din Facebook oricând din setările aplicației Contacte.","firefox-accounts":"Firefox Accounts","fxa-overview":{"innerHTML":"A Firefox Account lets you use features like Find My Device and apps like the Firefox Marketplace."},"fxa-create-account-or-sign-in":"Create Account or Sign In","fxa-email-sent":"A verification link has been sent to {{email}}","about-your-rights-0":"{{brandShortName}} este un software liber cu sursă deschisă construit de o comunitate formată din mii de persoane din întreaga lume. Iată câteva lucruri pe care ar trebui să le știi:","about-your-rights-1":"{{brandShortName}} îți este făcut disponibil sub termenii câtorva licențe cu sursă deschisă, inclusiv licența publică Mozilla. Un dispozitiv care rulează {{brandShortName}} se poate să conțină și software proprietar de la părți terțe. Orice cod furnizat sub licențele deschise îți oferă dreptul de a modifica codul sursă și de a distribui versiunile tale modificate atâta timp cât te supui termenilor acestora.","about-your-rights-2":"Nu ți se acordă niciun drept de marcă comercială și nicio licență pentru mărcile comerciale ale Mozilla Foundation sau ale unei alte părți, inclusiv, dar fără a se limita la numele {{brandShortName}} sau siglă.","about-your-rights-3":"Unele funcționalități din {{brandShortName}} precum Raport de eroare, îți oferă posibilitatea de a trimite opiniile tale la Mozilla. Alegând să trimiți opiniile, îi dai Mozillei permisiunea de a folosi opiniile tale pentru a îmbunătăți produsele sale, de a publica opiniile pe saiturile sale și de a le distribui.","about-other":"Altele","SIM_mandatory":"Avertisment privind cartela SIM","SIM_mandatory_warm":"Te rugăm, inserează o cartelă SIM și repornește telefonul.","sharing-performance-data":"Împărtășește datele de performanță","telemetry-sends":"Telemetria trimite Mozillei date privind peformanța, hardware-ul, configurațiile și personalizările din dispozitivul tău {{brandShortName}}. Folosim tehnologia pentru a face produsele noastre mai bune, mai rapide și mai receptive.","learn-more-telemetry":{"innerHTML":"Learn more at {{link}}"},"learn-more-information":{"innerHTML":"Learn how Mozilla handles your information at {{link}}"},"welcomeBrowser":"Bun venit la {{brandShortName}}, sistemul de operare cu sursă deschisă și liberă de la Mozilla. Misiunea noastră este de a promova deschiderea, inovația și oportunitatea prin păstrarea puterii internetului în mâinile tale.","learn-more-privacy":{"innerHTML":"Learn how Mozilla handles your information in our {{link}}."},"learn-more-privacy-link":"privacy policy","aboutBrowser":"Despre {{brandShortName}}","aboutYourPrivacy2":"Confidențialitate","mozillaCommunity2":"Când folosești {{brandShortName}}, devii parte a unei comunități globale care ajută la clădirea unui viitor mai bun pentru web. Dacă dorești să cunoști mai multe despre comunitatea Mozilla, celelalte produse ale noastre sau evenimente din apropierea ta, te rugăm introdu adresa ta de e-mail mai jos.","collaborate":"Vreau să ajut la îmbunătățirea lui {{brandShortName}} prin împărtășirea informațiilor despre performanțele telefonului meu.","learnMore":"Află mai multe.","emailAddress":{"placeholder":"Adresă de e-mail"},"email-successfully-added":"E-mail adăugat cu succes","email-loading":"Se salvează e-mailul...","browserPrivacyChoices":"Alegeri de confidențialitate {{brandShortName}}","privacy-b2g":{"_":"{{brandShortName}}","title":"{{brandShortName}}"},"privacy-marketplace":{"_":"Marketplace","title":"{{privacy-marketplace}}"},"privacy-e-me":{"_":"everything.me","title":"{{privacy-e-me}}"},"navbar-back":"Înapoi","navbar-next":"Înainte","navbar-join":"Conectează-te","thatsIt":"Asta e tot!","startYourPhone":"Începe turul virtual al telefonului!","startYourTablet":"Începe turul tabletei!","joinTutorial":"Vino cu noi pentru un tutorial rapid despre noul tău telefon.","enjoyYourPhone":"Ești pregătit pentru a te bucura de noul tău telefon.","optionsAvailable":"Poți schimba setările de limbă, dată/oră și conexiunea Wi-Fi.","letsGo":"Să începem","startTour":"Începe turul","thatsIt1Tablet-2":"Poți să glisezi mereu din marginea de jos pentru a intra în ecranul principal.","thatsIt2Tablet-2":"Să o facem!","tutorial-step1-tiny":"Glisează de la dreapta la stânga ca să răsfoiești aplicațiile.","tutorial-step2-tiny":"Apasă și ține apăsat pe o iconiță ca să o ștergi sau să o muți.","tutorial-step3-tiny":"Introdu orice cuvânt cheie sau subiect, iar telefonul se va adapta instantaneu.","tutorial-step4-tiny":"Glisează în jos ca să accesezi notificările recente, informații privind creditul și setările.","tutorial-step5-tiny":"Apasă și ține apăsat pe butonul acasă ca să răsfoiești și să închizi aplicațiile recente.","tutorial-step6-tiny":"Glisează din partea laterală a ecranului pentru a te deplasa înainte și înapoi între aplicațiile recente.","tutorial-step1-large-2":"Glisează în jos ca să accesezi notificările recente, informații privind creditul și setările.","tutorial-step2-large-2":"Glisează în stânga sau dreapta pentru a descoperi aplicații noi pe ecranul principal.","tutorial-step3-large-2":"Apasă și ține apăsat pe o iconiță ca să o ștergi sau să o muți.","tutorial-step4-large-2":"Glisează în sus cu două degete din marginea de jos pentru a activa vizualizarea fișei.","offline-dialog-title":"Trebuie să fii conectat la internet ca să vezi pagina.","offline-dialog-text":"Te rugăm du-te înapoi și conectează-te la internet. Poți să vezi pagina mai târziu din Setări sau tastând {{url}} în orice navigator.","OK":"Ok","offline-newsletter-dialog-title":"Trebuie să fii conectat la net pentru a te abona la buletinul informativ.","offline-newsletter-dialog-text":"Te rugăm du-te înapoi și conectează-te la internet.","invalid-email-dialog-title":"E-mailul tău este incorect","invalid-email-dialog-text":"Te rugăm du-te înapoi și corectează intrarea.","cancel":"Renunță","weekday-0-long":"duminică","weekday-1-long":"luni","weekday-2-long":"marți","weekday-3-long":"miercuri","weekday-4-long":"joi","weekday-5-long":"vineri","weekday-6-long":"sâmbătă","weekday-0-short":"dum","weekday-1-short":"lun","weekday-2-short":"mar","weekday-3-short":"mie","weekday-4-short":"joi","weekday-5-short":"vin","weekday-6-short":"sâm","month-0-long":"ianuarie","month-1-long":"februarie","month-2-long":"martie","month-3-long":"aprilie","month-4-long":"mai","month-5-long":"iunie","month-6-long":"iulie","month-7-long":"august","month-8-long":"septembrie","month-9-long":"octombrie","month-10-long":"noiembrie","month-11-long":"decembrie","month-0-genitive":"ianuarie","month-1-genitive":"februarie","month-2-genitive":"martie","month-3-genitive":"aprilie","month-4-genitive":"mai","month-5-genitive":"iunie","month-6-genitive":"iulie","month-7-genitive":"august","month-8-genitive":"septembrie","month-9-genitive":"octombrie","month-10-genitive":"noiembrie","month-11-genitive":"decembrie","month-0-short":"ian","month-1-short":"feb","month-2-short":"mar","month-3-short":"apr","month-4-short":"mai","month-5-short":"iun","month-6-short":"iul","month-7-short":"aug","month-8-short":"sep","month-9-short":"oct","month-10-short":"noi","month-11-short":"dec","minutes-ago-long":{"_index":["plural","value"],"_":{"zero":"chiar acum","one":"acum un minut","two":"acum {{value}} minute","few":"acum {{value}} minute","many":"acum {{value}} minute","other":"acum {{value}} minute"}},"hours-ago-long":{"_index":["plural","value"],"_":{"zero":"chiar acum","one":"acum cu o oră","two":"acum {{value}} ore","few":"acum {{value}} ore","many":"acum {{value}} ore","other":"acum {{value}} ore"}},"days-ago-long":{"_index":["plural","value"],"_":{"zero":"astăzi","one":"ieri","two":"acum {{value}} zile","few":"acum {{value}} zile","many":"acum {{value}} zile","other":"acum {{value}} zile"}},"weeks-ago-long":{"_index":["plural","value"],"_":{"zero":"săptămâna aceasta","one":"săptămâna trecută","two":"acum {{value}} săptămâni","few":"acum {{value}} săptămâni","many":"acum {{value}} săptămâni","other":"acum {{value}} săptămâni"}},"months-ago-long":{"_index":["plural","value"],"_":{"zero":"luna aceasta","one":"luna trecută","two":"acum {{value}} luni","few":"acum {{value}} luni","many":"acum {{value}} luni","other":"acum {{value}} luni"}},"years-ago-long":{"_index":["plural","value"],"_":{"zero":"anul acesta","one":"anul trecut","two":"acum {{value}} ani","few":"acum {{value}} ani","many":"acum {{value}} ani","other":"acum {{value}} ani"}},"minutes-until-long":{"_index":["plural","value"],"_":{"zero":"acum","one":"într-un minut","two":"în {{value}} minute","few":"în {{value}} minute","many":"în {{value}} minute","other":"în {{value}} minute"}},"hours-until-long":{"_index":["plural","value"],"_":{"zero":"acum","one":"într-o oră","two":"în {{value}} ore","few":"în {{value}} ore","many":"în {{value}} ore","other":"în {{value}} ore"}},"days-until-long":{"_index":["plural","value"],"_":{"zero":"astăzi","one":"mâine","two":"în {{value}} zile","few":"în {{value}} zile","many":"în {{value}} zile","other":"în {{value}} zile"}},"weeks-until-long":{"_index":["plural","value"],"_":{"zero":"săptămâna aceasta","one":"săptămâna următoare","two":"în {{value}} săptămâni","few":"în {{value}} săptămâni","many":"în {{value}} săptămâni","other":"în {{value}} săptămâni"}},"months-until-long":{"_index":["plural","value"],"_":{"zero":"luna aceasta","one":"luna următoare","two":"în {{value}} luni","few":"în {{value}} luni","many":"în {{value}} luni","other":"în {{value}} luni"}},"years-until-long":{"_index":["plural","value"],"_":{"zero":"anul acesta","one":"anul următor","two":"în {{value}} ani","few":"în {{value}} ani","many":"în {{value}} ani","other":"în {{value}} ani"}},"minutes-ago-short":{"_index":["plural","value"],"_":{"zero":"chiar acum","other":"acum {{value}} min."}},"hours-ago-short":{"_index":["plural","value"],"_":{"zero":"chiar acum","other":"acum {{value}}h"}},"days-ago-short":{"_index":["plural","value"],"_":{"zero":"astăzi","other":"acum {{value}}z"}},"minutes-until-short":{"_index":["plural","value"],"_":{"zero":"acum","other":"în {{value}}m"}},"hours-until-short":{"_index":["plural","value"],"_":{"zero":"acum","other":"în {{value}}h"}},"days-until-short":{"_index":["plural","value"],"_":{"zero":"astăzi","other":"în {{value}}z"}},"incorrectDate":"(dată incorectă)","dateTimeFormat_%c":"%a, %e %b %Y %H:%M:%S","dateTimeFormat_%x":"%d/%m/%Y","dateTimeFormat_%X":"%H:%M:%S","shortTimeFormat":"%H:%M","shortDateTimeFormat":"%x %H:%M","weekStartsOnMonday":"0","time_am":"AM","time_pm":"PM","tz-region":"Regiune","tz-city":"Oraș","tzRegion-Africa":"Africa","tzRegion-America":"America","tzRegion-Antarctica":"Antartica","tzRegion-Asia":"Asia","tzRegion-Atlantic":"Oceanul Atlantic","tzRegion-Australia":"Australia","tzRegion-Europe":"Europa","tzRegion-Indian":"Oceanul Indian","tzRegion-Pacific":"Oceanul Pacific","close":"Close","import":"Import","update":"Update","fbFriends":"Facebook Friends","live-serviceName":"Outlook","gmail-serviceName":"Gmail","facebook-serviceName":"Facebook Friends","selectAll":"Select all","deselectAll":"Deselect all","viewAll":"View All Facebook Friends","viewRecommend":"View Only Recommended","linkProposal":{"_index":["plural","numFriends"],"_":{"zero":"No matching friends. Showing all","one":"Select the recommended one","two":"Select a recommended one","few":"Select a recommended one","many":"Select a recommended one","other":"Select a recommended one"}},"fbFriendsFound":{"_index":["plural","numFriends"],"_":{"zero":"All your friends are imported","one":"Found one friend to import","two":"Found {{numFriends}} friends to import","few":"Found {{numFriends}} friends to import","many":"Found {{numFriends}} friends to import","other":"Found {{numFriends}} friends to import"}},"facebook":"Facebook","search-contact":{"placeholder":"Search"},"noResults":"No contacts found","done-search":"Done","progressFB3ImportTitle":"Importing friends to Contacts","progressFB":"{{current}}/{{total}}","progressFB3UpdateTitle":"Updating friends in Contacts","message2":"This may take a couple of minutes","messageLinking":"Please hold on. We are linking your friend and your contact.","messageCanceling":"Please hold on. We are canceling the ongoing operation.","error1":"Error {{from}}","error2":"Do you want to retry?","errorProposal":"calculating proposals","errorFriends":"retrieving friends","errorLinking":"linking contact","timeout1":"Exceeded timeout {{from}}","timeout2":"Do you want to retry?","timeoutProposal":"calculating proposals","timeoutFriends":"retrieving friends","timeoutLinking":"linking contacts","wait1":"Please hold on","wait2":"This may take a couple of minutes","waitProposal":"Please hold on. We are calculating a proposal.","waitFriends":"Please hold on. We are connecting to obtain your friend list.","curtainCancel":"Cancel","curtainRetry":"Retry","curtainOK":"OK","connectionLost":"No Internet connection","connectionLostMsg":"Friends’ photos will not be added to your contacts. Continue anyway?","yesOption":"OK","noOption":"Cancel","friendsUpdated":{"_index":["plural","numFriends"],"_":{"zero":"No friends updated","one":"Updated one friend","two":"Updated {{numFriends}} friends","few":"Updated {{numFriends}} friends","many":"Updated {{numFriends}} friends","other":"Updated {{numFriends}} friends"}},"notificationLogin":"Your Facebook session is invalid. Please sign in.","syncError":"There was an error synchronizing your friend’s data","callAirplaneModeMessage":"Pentru a efectua un apel, trebuie să dezactivezi modul avion din Setări.","callAirplaneModeBtnOk":"Ok","callAirplaneModeTitle":"Modul avion activat","numberIsBusyTitle":"Numărul este ocupat","numberIsBusyMessage":"Numărul este în prezent ocupat. Te rugăm reîncearcă mai târziu.","fdnIsActiveTitle":"FDN active","fdnIsActiveMessage":"FDN (Fixed Dialing Numbers) is activated and the following number is not in your FDN list: {{ number }}","voiceMail":"Mesaj vocal","emergencyNumber":"Număr de urgență","emergencyDialogBodyBadNumber":"Pentru a efectua un apel, telefonul trebuie să fie conectat la o rețea.","emergencyDialogBodyDeviceNotAccepted":"Apelurile de urgență nu sunt permise de către rețea.","emergencyDialogBtnOk":"Ok","emergencyDialogTitle":"Fără conexiune la rețea","invalidNumberToDialTitle":"Număr de telefon incorect","invalidNumberToDialMessage":"Numărul de telefon pe care îl apelezi nu este valabil.","unableToCallTitle":"Nu se poate efectua un apel telefonic acum","unableToCallMessage":"Nu se poate efectua un apel. Dacă apelezi deja, te rugăm să închizi mai întâi.","otherConnectionInUseTitle":"Altă conexiune în uz","otherConnectionInUseMessage":"Ai un apel activ pe altă conexiune. Poți folosi doar o conexiune în același timp.","addNewNumber":"Add new number","addToExistingContact":"Adaugă la contactul existent","all":"Toate","asterisk":{"ariaLabel":"Asterisk"},"callLog":"Lista de apeluri","callLogEdit":{"title":"Edit call log"},"callLogEditDialog":{"ariaLabel":"Edit call log dialog"},"connecting":"Conectare","cf-async":"Asincronic: {{ async }}\\n","cf-data":"Data: {{ data }}\\n","cf-error":"A apărut o eroare la preluarea statusului de redirecționare a apelurilor","cf-fax":"FAX: {{ fax }}\\n","cf-inactive":"Inactiv","cf-packet":"Pachet: {{ packet }}\\n","cf-pad":"PAD: {{ pad }}\\n","cf-sms":"SMS: {{ sms }}\\n","cf-status":"Status de redirecționare a apelurilor\\n","cf-sync":"Sincronic: {{ sync }}\\n","cf-voice":"Voce: {{ voice }}\\n","confirm-deletion":"Cureți apelurile selectate?","contacts":"Contacte","createNewContact":"Crează contact nou","delete":"Delete","dialerAddContact":{"ariaLabel":"Add contact"},"dialerAddContactDialog":{"ariaLabel":"Add Contact Dialog"},"edit-selected":{"_index":["plural","n"],"_":{"one":"{{ n }} selectate","two":"{{ n }} selectate","few":"{{ n }} selectate","many":"{{ n }} selectate","other":"{{ n }} selectate"}},"edit":"Editează","hashSign":{"ariaLabel":"Hash sign"},"hideKeypad":{"ariaLabel":"Hide keypad"},"ignore":"Ignoră apelul","incoming":"Primite","keypad":{"ariaLabel":"Keypad"},"keypadDelete":{"ariaLabel":"Delete"},"makeCall":{"ariaLabel":"Make call"},"merge":"Contopește","missed":"Pierdute","missedCall":"Apel pierdut","missedCallMultiSims":"(SIM {{ n }}) Apel pierdut","mmi-error":"A intervenit o eroare la trimiterea mesajului","mmi-session-expired":"Sesiune expirată","mmi-successfully-sent":"Mesaj trimis cu succes","mute":{"ariaLabel":"Mute"},"newCall":{"ariaLabel":"New call"},"no-logs-msg-1":"Niciun apel înregistrat","no-logs-msg-2":"Începe comunicarea acum","no-logs-msg-3":"Niciun apel pierdut","phoneNumberInput":{"ariaLabel":"Phone number"},"recents":{"ariaLabel":"Recent calls"},"reply":"Răspunde","switch-calls":"Comută apelurile","today":"Astăzi","voiceMailKey":{"ariaLabel":"Voicemail"},"withheld-number":"Număr ascuns","from-contact":"De la {{ contact }}","from-number":"De la {{ number }}","from-withheld-number":"De la număr ascuns","yesterday":"Ieri","sending":"Se trimite…","speakerOption":{"ariaLabel":"Speaker"},"ussd-services":"Servicii {{ operator }}","toggleKeypad":{"ariaLabel":"Toggle keypad"},"type-your-response":{"placeholder":"Tastează răspunsul…"},"clear-all-text":"Curăță tot textul","hide":"Ascunde","call":"Apelează","hold":"În așteptare","resume":"Reia","sendSms":"Trimite mesaj","callEnded":"Apel încheiat","via-sim":"via SIM{{ n }}","sim-number":"SIM{{ n }}","hangup-a11y-button":{"aria-label":"Închide"},"pickup-a11y-button":{"aria-label":"Ridică"},"unlock-a11y-button":{"aria-label":"Glisor"},"settings":"Setări","delete-n-log?":{"_index":["plural","n"],"_":{"zero":"Nimic selectat","one":"Ștergi jurnalul selectat?","two":"Ștergi {{ n }} jurnale?","few":"Ștergi {{ n }} jurnale?","many":"Ștergi {{ n }} jurnale?","other":"Ștergi {{ n }} jurnale?"}},"callDurationMinutes":"{{ m }}:{{ s }}","callDurationHours":"{{ h }}:{{ m }}:{{ s}}","suggestionMatches":{"_index":["plural","n"],"_":{"one":"{{ n }} rezultat pentru „{{ matchNumber }}”","two":"{{ n }} rezultate pentru „{{ matchNumber }}”","few":"{{ n }} rezultate pentru „{{ matchNumber }}”","many":"{{ n }} rezultate pentru „{{ matchNumber }}”","other":"{{ n }} rezultate pentru „{{ matchNumber }}”"}},"scCallBarring":"Blocarea apelurilor","scCallForwarding":"Redirect. apeluri","scClip":"ID-ul de intrare al apelantului","scClir":"ID-ul de ieșire al apelantului","scPwd":"Schimbarea parolei","scCallWaiting":"Apel în așteptare","scPin":"Schimbarea codului PIN","scPin2":"Schimbarea codului PIN2","scPuk":"Deblochează codul PIN","scPuk2":"Deblochează codul PIN2","scImei":"Cod IMEI","scUssd":"USSD","serviceClassVoice":"Voce","serviceClassData":"Date","serviceClassFax":"FAX","serviceClassSms":"SMS","serviceClassDataSync":"Sincronic","serviceClassDataAsync":"Asincronic","serviceClassPacket":"Pachet","serviceClassPad":"PAD","smServiceEnabled":"Serviciul a fost activat","smServiceDisabled":"Serviciul a fost dezactivat","smServiceRegistered":"Înregistrarea s-a efectuat cu succes","smServiceErased":"Ștergerea s-a efectuat cu succes","smServiceInterrogated":"Cerere realizată cu succes","smServiceNotProvisioned":"Serviciu neaprovizionat","smClirPermanent":"Nu poți schimba setarea ID-ului pentru apelant","smClirDefaultOnNextCallOn":"ID-ul apelantului este implicit restricționat. Următorul apel: restricționat.","smClirDefaultOnNextCallOff":"ID-ul apelantului este implicit restricționat. Următorul apel: nerestricționat.","smClirDefaultOffNextCallOn":"ID-ul apelantului este implicit nerestricționat. Următorul apel: restricționat.","smClirDefaultOffNextCallOff":"ID-ul apelantului este implicit nerestricționat. Următorul apel: nerestricționat.","smServiceEnabledFor":"Serviciul a fost activat pentru:","smPinChanged":"Codul PIN schimbat cu succes","smPinUnblocked":"Codul PIN deblocat cu succes","smPin2Changed":"Codul PIN2 schimbat cu succes","smPin2Unblocked":"Codul PIN2 deblocat cu succes","emMmiError":"Problemă la conexiune sau cod MMI invalid","emMmiErrorPasswordIncorrect":"Parolă incorectă","emMmiErrorNotSupported":"Cod MMI invalid sau nesuportat","emMmiErrorInvalidAction":"Acțiune invalidă","emMmiErrorInvalidScCode":"Cod de serviciu invalid","emMmiErrorBadPuk":"Codul PUK introdus este incorect","emMmiErrorBadPin":"Codul PIN vechi introdus nu este corect.","emMmiErrorNeedPuk2":"Tastează codul PUK2 pentru a debloca cartela SIM","emMmiErrorMismatchPin":"Codurile PIN tastate nu se potrivesc","emMmiErrorInvalidPin":"Tastează un cod PIN între 4 și 8 numere","emMmiErrorNeedsPuk":"Cartela ta SIM este blocată în PUK","emMmiErrorEnablePin":"Fără succes. Activează blocarea SIM/RUIM","emMmiErrorMmiFdn":"Operația este restricționată doar apelării numerelor fixe","emMmiErrorStkCcUssdDial":"Cererea USD este modificată în cerere DIAL","emMmiErrorStkCcUssdSs":"Cererea USD este modificată în cerere SS","emMmiErrorStkCcUssdUssd":"Cererea USD este modificată într-o cerere nouă USSD","emMmiErrorStkCcSsDial":"Cererea SS este modificată în cerere DIAL","emMmiErrorStkCcSsUssd":"Cererea SS este modificată în cerere USSD","emMmiErrorStkCcSsSs":"Cererea SS este modificată într-o cerere nouă SS","emMmiErrorPinPukAttempts":{"_index":["plural","n"],"_":{"one":"Doar {{ n }} încercare rămasă","two":"{{ n }} încercări rămase","few":"{{ n }} încercări rămase","many":"{{ n }} încercări rămase","other":"{{ n }} încercări rămase"}},"emMmiErrorSimBlocked":"Numărul maxim de încercări a fost depășit. Cartela SIM blocată","RadioNotAvailable":"Radio indisponibil","GenericFailure":"Eșec generic","PasswordIncorrect":"Parolă incorectă","SimPin2":"PIN2 pt. SIM","SimPuk2":"PUK2 pt. SIM","RequestNotSupported":"Cerere nesuportată","OpNotAllowedDuringVoiceCall":"Operație nepermisă în timpul unui apel vocal","SmsSendFailRetry":"Reîncercarea de trimitere a SMS-ului a eșuat","SimAbsent":"Cartelă SIM absentă","SubscriptionNotAvailable":"Abonarea indisponibilă","ModeNotSupported":"Mod nesuportat","FdnCheckFailure":"Verificarea Fdn a eșuat","IllegalSimOrMe":"Cartelă SIM sau ME ilegală","DialModifiedToUssd":"Apel modificat în USSD","DialModifiedToSs":"Apel modificat în SS","DialModifiedToDial":"Apel modificat în apel","UssdModifiedToDial":"USSD modificat în apel","UssdModifiedToSs":"USSD modificat în SS","UssdModifiedToUssd":"USSD modificat în USSD","SsModifiedToDial":"SS modificat în apel","SsModifiedToUssd":"SS modificat în USSD","SsModifiedToSs":"SS modificat în SS","SubscriptionNotSupported":"Abonare nesuportată","InvalidParameter":"Parametru invalid","RejectedByRemote":"Respins de la distanță","group-call":{"_index":["plural","n"],"_":{"one":"Apel în grup ({{ n }})","two":"Apel în grup ({{ n }})","few":"Apel în grup ({{ n }})","many":"Apel în grup ({{ n }})","other":"Apel în grup ({{ n }})"}},"caller-left-call":"{{ caller }} a abandonat apelul.","conferenceAddError":"Nu se pot contopi apelurile","conferenceRemoveError":"Nu se pot descontopi apelurile","longDateFormat":"%A, %e %B","select-audio-sources":"Selectează sursele audio","bluetooth-handsfree-device":"Dispozitiv handsfree Bluetooth","receiver":"Receptor","speaker":"Difuzor","add":"Adaugă","done":"Gata","retry":"Reîncearcă","addContact":"Adaugă contact","deleteContact":"Șterge contactul","selectContact":"Selectează contactul","editContact":"Editează contactul","deleteConfirmMsg":"Ștergi contactul?","remove":"Elimină","comments":"Comentarii","no_contact_phones":"Acest contact nu are un număr de telefon","no_contact_email":"Acest contact nu are o adresă de email","removePhotoConfirm":"Elimini fotografia de contact?","loadingContacts":"Se încarcă contactele…","noContactsActivity":"Nu se poate adăuga la contact fiindcă lista de contacte este goală","noName":"Niciun nume","givenName":{"placeholder":"Nume"},"familyName":{"placeholder":"Nume"},"tel":{"placeholder":"Telefon"},"carrier":{"_":"Operator","placeholder":"Operator"},"separator":",","email":{"_":"E-mail","placeholder":"E-mail"},"streetAddress":{"placeholder":"Stradă"},"postalCode":{"placeholder":"Cod poștal"},"locality":{"placeholder":"Oraș"},"countryName":{"placeholder":"Țară"},"comment":{"placeholder":"Comentariu"},"org":{"placeholder":"Companie"},"custom":"Tag personalizat","date":{"_":"Dată","placeholder":"Dată"},"date-span-placeholder":"Date","birthday":"Zi de naștere","dateFormat":"%e %B","dateOutput":"{{dayMonthFormatted}} {{year}}","anniversary":"Aniversare","addPhoto":"Adaugă fotografie","addPhone":"Adaugă telefon","addEmail":"Adaugă e-mail","addAddress":"Adaugă adresă","addDate":"Adaugă dată","addComment":"Adaugă comentariu","addFavorite":"Adaugă ca favorit","removeFavorite":"Elimină din favoriți","label":"Etichetă","home":"Acasă","work":"Serviciu","personal":"Personal","faxHome":"Acasă fax","faxOffice":"Birou fax","faxOther":"Alt fax","another":"Altul","other":"Alta","current":"Actuală","itemWithLabel":"{{label}}, {{item}}","exit":"Ieși","expand":"Extinde","labelName":"Prenume:","labelLastName":"Nume:","labelPhoneNumber":"Număr de telefon:","labelCarrier":"Operator:","labelEmail":"Email:","labelStreet":"Stradă:","labelZip":"Cod poștal:","labelCity":"Oraș:","labelCountry":"Țară:","labelComment":"Comentariu:","legendTitleMain":"Informații de bază","legendPhones":"Numere de telefon","legendEmail":"Adresă de e-mail","legendAddress":"Adresă","transferContactsTitle":"Transferă contacte","importContactsTitle":"Importă contacte","importContactsButton":"Importă contacte","exportContactsTitle":"Exportă contacte","exportContactsButton":"Exportă contacte","exportContactsAction":"Exportă","simExport-title":"Exportă în cartela SIM","sdExport-title":"Exportă în cardul SD","btExport-title":"Exportă în Bluetooth","sdUMSEnabled":"Nu se poate folosi cardul SD deoarece stocarea USB e activată","exportErrorTitle":"Eroare la exportare","contactsExported2":{"_index":["plural","exported"],"_":{"zero":"Niciun contact exportat","one":"{{exported}}/{{total}} contacte exportate","two":"{{exported}}/{{total}} contacte exportate","few":"{{exported}}/{{total}} contacte exportate","many":"{{exported}}/{{total}} contacte exportate","other":"{{exported}}/{{total}} contacte exportate"}},"exportError-general":"S-a produs o eroare la exportare","exportError-SD-shared":"Nu se poate accesa cardul de memorie deoarece este partajat","exportError-SD-unavailable":"Cardul de memorie este indisponibil","exportError-SD-noSpace":"Nu există spațiu suficient pe cardul de memorie pentru a exporta contactele","exportError-SIM-unavailable":"Cartela SIM este indisponibilă","exportError-BT-shared":"Nu se poate accesa cardul de memorie deoarece este partajat","exportError-BT-unavailable":"Cardul de memorie este indisponibil","exportError-BT-noSpace":"Nu există spațiu suficient pe cardul de memorie pentru a exporta contactele","simContacts-import":"Importă contacte SIM","simContacts-importing":"Se importă contacte SIM…","simContacts-reading":"Se citește de pe cartela SIM…","simContacts-error":"Nu s-au putut importa contacte de pe cartela SIM","simContacts-imported3":{"_index":["plural","n"],"_":{"zero":"Niciun contact detectat pe cartela SIM pentru importare","one":"Importat un contact","two":"Importate {{n}} contacte","few":"Importate {{n}} contacte","many":"Importate {{n}} contacte","other":"Importate {{n}} contacte"}},"noSimMsgExport":"Pentru a exporta contacte inserează sau deblochează cartela SIM","simNumber":"SIM {{number}}","memoryCardContacts-import":"Importă contacte de pe cardul de memorie","memoryCardContacts-importing":"Se importă contacte de pe cardul de memorie…","memoryCardContacts-reading":"Se citește de pe cardul de memorie…","memoryCardContacts-error":"Nu s-au putut importa contacte de pe cardul de memorie","memoryCardContacts-imported3":{"_index":["plural","n"],"_":{"zero":"Niciun contact detectat pe cardul de memorie pentru importare","one":"Importat un contact","two":"Importate {{n}} contacte","few":"Importate {{n}} contacte","many":"Importate {{n}} contacte","other":"Importate {{n}} contacte"}},"noMemoryCardMsgExport":"Pentru a exporta contacte inserează un card de memorie","genericProgress":"{{current}}/{{total}}","social-network":"Rețele sociale","social-link":"Leagă contactul","social-unlink":"Dezleagă contactul","social-unlink-confirm-title":"Dorești să dezlegi prietenul tău?","social-unlink-confirm-accept":"Dezleagă","facebook-import":"Importă prietenii de pe Facebook","show-fb-profile":"Vezi profilul de Facebook","msg-send":"Mesaj","wall-post":"Postare pe perete","facebook-import-msg":{"_index":["plural","imported"],"_":{"zero":"Niciun prieten importat (din {{total}})","one":"Un prieten importat (din {{total}})","two":"{{imported}}/{{total}} prieteni importați","few":"{{imported}}/{{total}} prieteni importați","many":"{{imported}}/{{total}} prieteni importați","other":"{{imported}}/{{total}} prieteni importați"}},"facebookSwitchMsg":"Sincronizează amicii","select_mobile":"Selectează mobilul","select_email":"Selectează e-mailul","contactsOrderBy":"Ordonează după nume","bluetooth":"Bluetooth","fbUpdateFriends":"Actualizează prietenii importați","cleaningFbData":"Se elimină datele de Facebook","loggingOutFb":"Deconectare de la Facebook","cleanFbConfirmMsg":"Elimini toate datele de Facebook?","renewPwdMsg":"Parola ta pe Facebook s-a schimbat. Te rugăm să o actualizezi.","notEnabledYet":"Neactivat încă","genericNoConnection":"Pentru a importa contacte conectează-te la o rețea Wi-Fi sau rețea de date","simCard":"Cartelă SIM","memoryCard":"Card de memorie","create-new":"Crează un contact nou","import-now":"Importă contactele tale de pe cartela SIM sau Facebook","no-contacts":"Niciun contact","start-adding":"Începe adăugarea lor acum","notImported":"Neimportate","imported":"Importate","organise-contacts":"Organizează contactele","find-merge-contacts":"Găsește contacte duplicate","preparing-contacts":"Pregătirea contactelor","exportError-SIM-NoFreeRecordFound":"Cartela SIM este plină","exportError-SIM-CannotAccessPhoneBook":"Nu se poate accesa agenda telefonică a cartelei SIM","exportError-SIM-Unavailable":"Niciun SIM detectat","exportError-SIM-GenericError":"A apărut o eroare la exportarea unui contact","ContactManagementTitle":"Contacts Management","DeleteTitle":"Delete","bulkDeleteButton":"Delete Contacts","BulkDelCancel":"Contacts delete cancelled","DeletedTxt":{"_index":["plural","n"],"_":{"zero":"No Contact to Delete","one":"1 Contact removed","two":"{{n}} Contacts removed","few":"{{n}} Contacts removed","many":"{{n}} Contacts removed","other":"{{n}} Contacts removed"}},"DeletingContacts":"Deleting contacts","ContactConfirmDel":{"_index":["plural","n"],"_":{"zero":"No Contact to Delete","one":"Delete 1 Contact? This cannot be undone.","two":"Delete {{n}} Contacts? This cannot be undone.","few":"Delete {{n}} Contacts? This cannot be undone.","many":"Delete {{n}} Contacts? This cannot be undone.","other":"Delete {{n}} Contacts? This cannot be undone."}},"SelectedTxt":{"_index":["plural","n"],"_":{"zero":"Contacts","one":"{{n}} selected","two":"{{n}} selected","few":"{{n}} selected","many":"{{n}} selected","other":"{{n}} selected"}},"sim-picker-dial-via-with-number":"Apelează {{ phoneNumber }} via","sim-picker-select-sim":"Selectează SIM-ul","sim-picker-button":"SIM{{ n }}","sim-picker-button-default":"(implicit)","waitDuplicateContacts":"Se caută contacte duplicate","waitMergingDuplicateContacts":"Se contopesc contactele duplicate","alertNoDuplicateContacts":"Niciun contact duplicat găsit","mergeDuplicateTitle":"Contopește duplicatele","suggestedDuplicateContacts":"Contacte duplicate sugerate pentru {{name}}","mergeActionButtonLabel":{"_index":["plural","n"],"_":{"zero":"Niciun contact selectat","one":"Contopește cu {{n}} contact","other":"Contopește cu {{n}} contacte"}},"duplicatesFoundTitle":"Duplicate găsite","duplicatesFoundMessage":"{{name}} duplică informații în următoarele contacte"}