{"brandShortName":"B2G OS","browserBrandShortName":"Веб-браузер","browserBrandFullName":"Веб-браузер Mozilla","back":"Назад","noSimMsg":"Для импорта контактов вставьте или разблокируйте вашу SIM-карту","noMemoryCardMsg":"Для импорта контактов вставьте карту памяти","importMemoryCard":"Карта памяти","noConnection11":"Чтобы импортировать друзей или контакты Фейсбук подключитесь к сети Wi-Fi или передачи данных","pincode2":"Введите PIN-код","type_pin":"Наберите свой PIN-код","pincodeLabel":"SIM {{n}} PIN","pinValidation":"Длина PIN должна быть от 4 до 8 символов.","pinError":"Неверный PIN.","pinAttemptMsg2":{"_index":["plural","n"],"_":{"one":"У вас осталась {{n}} попытка для ввода правильного кода перед тем, как ваша SIM-карта будет заблокирована.","two":"У вас осталось {{n}} попытки для ввода правильного кода перед тем, как ваша SIM-карта будет заблокирована.","few":"У вас осталось {{n}} попытки для ввода правильного кода перед тем, как ваша SIM-карта будет заблокирована.","many":"У вас осталось {{n}} попыток для ввода правильного кода перед тем, как ваша SIM-карта будет заблокирована.","other":"У вас осталось {{n}} попыток для ввода правильного кода перед тем, как ваша SIM-карта будет заблокирована."}},"pinLastChanceMsg":"Это ваша последняя попытка ввода правильного PIN-кода. В случае неудачи для дальнейшего использования этой SIM-карты надо будет ввести PUK-код.","pukcode":"Введите PUK-код","pukcodeTitle":"Ввод SIM {{n}} PUK","pukcodeLabel":"SIM {{n}} PUK","type_puk":"PUK-код","pukValidation":"Длина PUK-кода должна быть ровно 8 символов.","pukInfo":"Вы должны ввести персональный код разблокировки (PUK-код) этой SIM-карты. Для получения дополнительной информации обратитесь к документации на SIM-карту или свяжитесь с вашим оператором.","pukError":"Неверный PUK.","pukAttemptMsg2":{"_index":["plural","n"],"_":{"one":"У вас осталась {{n}} попытка для ввода правильного кода перед тем, как эта SIM-карта будет навсегда заблокирована. Для получения дополнительной информации обратитесь к документации на SIM-карту или свяжитесь с вашим оператором.","two":"У вас осталось {{n}} попытки для ввода правильного кода перед тем, как эта SIM-карта будет навсегда заблокирована. Для получения дополнительной информации обратитесь к документации на SIM-карту или свяжитесь с вашим оператором.","few":"У вас осталось {{n}} попытки для ввода правильного кода перед тем, как эта SIM-карта будет навсегда заблокирована. Для получения дополнительной информации обратитесь к документации на SIM-карту или свяжитесь с вашим оператором.","many":"У вас осталось {{n}} попыток для ввода правильного кода перед тем, как эта SIM-карта будет навсегда заблокирована. Для получения дополнительной информации обратитесь к документации на SIM-карту или свяжитесь с вашим оператором.","other":"У вас осталось {{n}} попыток для ввода правильного кода перед тем, как эта SIM-карта будет навсегда заблокирована. Для получения дополнительной информации обратитесь к документации на SIM-карту или свяжитесь с вашим оператором."}},"pukLastChanceMsg":"Это ваша последняя попытка ввода правильного PUK-кода. Если вы введёте неправильный PUK-код, ваша SIM-карта будет навсегда заблокирована.","create_newpin":"Создайте новый PIN (от 4 до 8 цифр)","confirm_newpin":"Подтвердите новый PIN","newpinConfirmation":"PINы не совпадают","nckcode":"Введите NCK-код","cckcode":"Введите CCK-код","spckcode":"Введите SPCK-код","nck1code":"Enter NCK1 code","nck2code":"Enter NCK2 code","hnckcode":"Enter HNCK code","rcckcode":"Enter RCCK code","rspckcode":"Enter RSPCK code","nckcodeTitle":"Ввод SIM {{n}} NCK","cckcodeTitle":"Ввод SIM {{n}} CCK","spckcodeTitle":"Ввод SIM {{n}} SPCK","nck1codeTitle":"Enter SIM {{n}} NCK1","nck2codeTitle":"Enter SIM {{n}} NCK2","hnckcodeTitle":"Enter SIM {{n}} HNCK","rcckcodeTitle":"Enter SIM {{n}} RCCK","rspckcodeTitle":"Enter SIM {{n}} RSPCK","nckcodeLabel":"SIM {{n}} NCK","cckcodeLabel":"SIM {{n}} CCK","spckcodeLabel":"SIM {{n}} SPCK","nck1codeLabel":"SIM {{n}} NCK1","nck2codeLabel":"SIM {{n}} NCK2","hnckcodeLabel":"SIM {{n}} HNCK","rcckcodeLabel":"SIM {{n}} RCCK","rspckcodeLabel":"SIM {{n}} RSPCK","type_nck":"Наберите свой NCK-код","type_cck":"Наберите свой CCK-код","type_spck":"Наберите свой SPCK-код","type_nck1":"Type your NCK1 code","type_nck2":"Type your NCK2 code","type_hnck":"Type your HNCK code","type_rcck":"Type your RCCK code","type_rspck":"Type your RSPCK code","nckValidation":"Длина NCK должна быть от 8 до 16 символов.","cckValidation":"Длина CCK должна быть от 8 до 16 символов.","spckValidation":"Длина SPCK должна быть от 8 до 16 символов.","nck1Validation":"NCK1 must have between 8 and 16 characters.","nck2Validation":"NCK2 must have between 8 and 16 characters.","hnckValidation":"HNCK must have between 8 and 16 characters.","rcckValidation":"RCCK must have between 8 and 16 characters.","rspckValidation":"RSPCK must have between 8 and 16 characters.","nckErrorMsg":"Неверный NCK-код.","nckAttemptMsg2":{"_index":["plural","n"],"_":{"one":"Запрос на снятие кодировки под оператора не удался. У вас осталась {{n}} попытка для ввода правильного кода. Для получения дополнительной информации обратитесь к документации на ваше устройство или свяжитесь с вашим оператором.","two":"Запрос на снятие кодировки под оператора не удался. У вас осталось {{n}} попытки для ввода правильного кода. Для получения дополнительной информации обратитесь к документации на ваше устройство или свяжитесь с вашим оператором.","few":"Запрос на снятие кодировки под оператора не удался. У вас осталось {{n}} попытки для ввода правильного кода. Для получения дополнительной информации обратитесь к документации на ваше устройство или свяжитесь с вашим оператором.","many":"Запрос на снятие кодировки под оператора не удался. У вас осталось {{n}} попыток для ввода правильного кода. Для получения дополнительной информации обратитесь к документации на ваше устройство или свяжитесь с вашим оператором.","other":"Запрос на снятие кодировки под оператора не удался. У вас осталось {{n}} попыток для ввода правильного кода. Для получения дополнительной информации обратитесь к документации на ваше устройство или свяжитесь с вашим оператором."}},"nckLastChanceMsg":"Запрос на снятие кодировки под оператора не удался. Это последняя попытка ввода правильного NCK-кода. Для получения дополнительной информации обратитесь к документации на ваше устройство или свяжитесь с вашим оператором.","skip":"Пропустить","send":"Послать","ok":"OK","simLocked":"SIM-карта заблокирована","inputCodeRetriesLeft":{"_index":["plural","n"],"_":{"one":"осталась {{n}} попытка.","two":"осталось {{n}} попытки.","few":"осталось {{n}} попытки.","many":"осталось {{n}} попыток.","other":"осталось {{n}} попыток."}},"simManager":"Менеджер SIM","simDetail":"SIM {{n}}","simDefault":"(по умолчанию)","simDefaultMessage":"Исходящие вызовы, исходящие сообщения и передача данных настроены по умолчанию на SIM 1","simSettingsMessage":"Вы можете изменить настройки по умолчанию в Параметры > Менеджер SIM","simPinLocked":"SIM PIN заблокирован","noOperator":"Нет оператора","language":"Язык","english":"Английский","dvorak":"Английский (Дворак)","spanish":"Испанский","portuguese":"Португальский Бразильский","french":"Французский","italian":"Итальянский","arabic":"Арабский","greek":"Греческий","hebrew":"Иврит","jp-kanji":"Японский","jp-kanji-desc":"Кандзи","traditionalChinese":"Традиционный китайский","traditionalChinese-desc":"Чжуинь","simplifiedChinese":"Упрощённый китайский","simplifiedChinese-desc":"Пиньинь","3g":"Мобильный Интернет","dataConnection":"Вкл. передачу данных","dataConnectionInfo":"Включение сейчас передачи данных позволит вам настроить телефон, не используя Wi-Fi соединение. Вы также можете включить её позже в \"Параметрах\". Просто уточните у своего оператора, что ваш тарифный план включает в себя передачу данных, чтобы избежать потенциальной траты большой суммы денег.","caution":"Предупреждение","geolocation":"Местоположение","geolocationCheckbox":"Вкл. Местоположение","geolocationInfo2":"{{brandShortName}} использует данные, полученные от GPS, Wi-Fi и работающих рядом мобильных сетей, чтобы помочь определить ваше приблизительное местоположение.","geolocationInfoMore":"Данные передаются Mozilla и другим поставщикам услуг и будут использоваться в совокупности для улучшения баз данных этих местоположений. Данные могут храниться на вашем устройстве и сбор данных может происходить даже тогда, когда не запущено никаких приложений.","notice":"Уведомление","aboutYourPrivacy":"Подробнее о приватности","wifi":"Wi-Fi","scanningNetworks":"Сканирование сетей","selectNetwork":"Выберите сеть","shortStatus-connecting":"Соединение…","shortStatus-associated":"Получение IP-адреса…","shortStatus-connected":"Подключён","shortStatus-connectingfailed":"Соединение не удалось","shortStatus-disconnected":"Отключён","securedBy":"защищено {{capabilities}}","security":"Защита","securityNone":"Нет","securityWEP":"WEP","securityWPA-PSK":"WPA-PSK","securityWPA-EAP":"WPA-EAP","securityOpen":"Открытая","identity":"Пользователь","identityInput":{"placeholder":"Пользователь"},"password":"Пароль","passwordInput":{"placeholder":"Пароль"},"showPassword":"Показать пароль","refresh":"Обновить","noWifiFound3":"Беспроводные сети не найдены","join-hidden-button":"Войти в скрытую сеть","authentication":"Аутентификация","ssid-name":"SSID сети","dateAndTime":"Дата и время","setTimeAutomatically":"Автоматически","timezoneMessage":"Часовой пояс","timezoneTitle":"UTC{{utcOffset}} {{region}}/{{city}}","dateMessage":"Дата","timeMessage":"Время","timeZone":"Часовой пояс","change":"Изменить","importContacts3":"Импорт контактов","importSim2":"SIM-карта","importFb2":"Фейсбук","importOutlook":"Outlook","importGmail":"Gmail","fb-checking":"… проверка","notImportedYet":"Ещё не импортирована","otherAccount":"Другие учётные записи","mobile":"Мобильный","afterFbImport":"Вы можете импортировать и редактировать друзей из Фейсбук в любое время в параметрах Контактов","firefox-accounts":"Firefox Accounts","fxa-overview":{"innerHTML":"A Firefox Account lets you use features like Find My Device and apps like the Firefox Marketplace."},"fxa-create-account-or-sign-in":"Create Account or Sign In","fxa-email-sent":"A verification link has been sent to {{email}}","about-your-rights-0":"{{brandShortName}} построена на основе бесплатного программного обеспечения с открытым исходным кодом, созданного многотысячным сообществом людей со всего мира. Вот несколько вещей, о которых вам следует знать:","about-your-rights-1":"{{brandShortName}} доступна для вас на условиях нескольких открытых лицензий, в том числе Публичной лицензии Mozilla. Устройство, работающее под управлением {{brandShortName}}, также может содержать проприетарное программное обеспечение созданное третьими сторонами. Любой код, предоставленный под открытыми лицензиями, дает вам право модифицировать исходный код и распространять модифицированные версии, если вы придерживаетесь их условий.","about-your-rights-2":"Вам не предоставляются никакие права или лицензии на товарные знаки Mozilla Foundation или любой другой стороны, в том числе на название или логотип {{brandShortName}}.","about-your-rights-3":"Некоторые функции {{brandShortName}}, такие как Crash Reporter, позволяют вам отправлять отзывы в Mozilla. Отправляя отзыв, вы разрешаете Mozilla использовать отзыв для улучшения её продуктов, размещать отзыв на её веб-сайтах и распространять отзывы любыми другими способами.","about-other":"Прочее","SIM_mandatory":"Отсутствует SIM-карта","SIM_mandatory_warm":"Пожалуйста, вставьте SIM-карту и перезагрузите ваш телефон.","sharing-performance-data":"Отправлять данные о скорости","telemetry-sends":"Телеметрия отправляет в Mozilla данные о производительности, аппаратном обеспечении, конфигурации и настройках вашего устройства {{brandShortName}}. Это помогает нам сделать наши продукты быстрее, лучше и отзывчивее.","learn-more-telemetry":{"innerHTML":"Learn more at {{link}}"},"learn-more-information":{"innerHTML":"Learn how Mozilla handles your information at {{link}}"},"welcomeBrowser":"Добро пожаловать в {{brandShortName}}, свободную операционную систему с открытым исходным кодом, созданную Mozilla. Наша миссия заключается в содействии открытости, поощрению инноваций, предоставлению всем равных возможностей и сохранении в ваших руках контроля над Интернетом.","learn-more-privacy":{"innerHTML":"Learn how Mozilla handles your information in our {{link}}."},"learn-more-privacy-link":"privacy policy","aboutBrowser":"О {{brandShortName}}","aboutYourPrivacy2":"Ваша приватность","mozillaCommunity2":"Когда вы используете {{brandShortName}}, вы становитесь частью глобального сообщества, помогающего строить лучшее будущее для всего Интернета. Если вы хотите узнать больше о сообществе Mozilla, других наших продуктах и ближайших событиях, пожалуйста, введите ниже ваш адрес электронной почты.","collaborate":"Я хочу помочь улучшить {{brandShortName}}, поделившись данными о моем телефоне.","learnMore":"Подробнее.","emailAddress":{"placeholder":"Адрес эл. почты"},"email-successfully-added":"Адрес эл. почты успешно добавлен","email-loading":"Сохранение вашего адреса эл. почты…","browserPrivacyChoices":"Политика {{brandShortName}} в отношении приватности","privacy-b2g":{"_":"{{brandShortName}}","title":"{{brandShortName}}"},"privacy-marketplace":{"_":"Магазин","title":"{{privacy-marketplace}}"},"privacy-e-me":{"_":"everything.me","title":"{{privacy-e-me}}"},"navbar-back":"Назад","navbar-next":"Далее","navbar-join":"Присоединиться","thatsIt":"Это всё!","startYourPhone":"Начните тур по вашему телефону!","startYourTablet":"Начните тур по вашему планшету!","joinTutorial":"Узнайте больше о вашем новом телефоне.","enjoyYourPhone":"Вы готовы к тому, чтобы начать работать с вашим новым телефоном.","optionsAvailable":"Вы можете изменить в параметрах язык, дату/время и соединение по Wi-Fi.","letsGo":"Вперёд","startTour":"Начать тур","thatsIt1Tablet-2":"Вы всегда можете провести пальцем вверх от нижнего края, чтобы открыть домашний экран.","thatsIt2Tablet-2":"Давайте это сделаем !","tutorial-step1-tiny":"Проведите пальцем справа налево для просмотра ваших приложений.","tutorial-step2-tiny":"Нажмите и удерживайте значок для его удаления или перемещения.","tutorial-step3-tiny":"Введите любое ключевое слово или тему, и ваш телефон мгновенно адаптируется.","tutorial-step4-tiny":"Проведите пальцем сверху вниз для доступа к недавним уведомлениям, сведениям о кредите и параметрам.","tutorial-step5-tiny":"Нажмите и удерживайте кнопку Дом для просмотра и закрытия недавно открытых приложений.","tutorial-step6-tiny":"Проведите пальцем от края экрана, чтобы переключаться между недавно открытыми приложениями.","tutorial-step1-large-2":"Проведите пальцем сверху вниз для доступа к недавним уведомлениям, сведениям о кредите и параметрам.","tutorial-step2-large-2":"Проведите пальцем налево или направо, чтобы найти новые приложения на домашнем экране.","tutorial-step3-large-2":"Нажмите и удерживайте значок для его удаления или перемещения.","tutorial-step4-large-2":"Проведите двумя пальцами вверх с нижнего края, чтобы вызвать карточный вид.","offline-dialog-title":"Для просмотра этой страницы вы должны быть соединены с Интернетом.","offline-dialog-text":"Пожалуйста, вернитесь и соединитесь с Интернетом. Вы также можете просмотреть эту страницу позже из Параметров или введя в любом браузере {{url}}.","OK":"OK","offline-newsletter-dialog-title":"Для подписки на рассылку вы должны подсоединиться к Интернету.","offline-newsletter-dialog-text":"Пожалуйста, вернитесь и подсоединитесь к Интернету.","invalid-email-dialog-title":"Некорректный адрес эл. почты","invalid-email-dialog-text":"Пожалуйста, вернитесь и исправьте адрес эл. почты.","cancel":"Отмена","weekday-0-long":"Воскресенье","weekday-1-long":"Понедельник","weekday-2-long":"Вторник","weekday-3-long":"Среда","weekday-4-long":"Четверг","weekday-5-long":"Пятница","weekday-6-long":"Суббота","weekday-0-short":"Вс","weekday-1-short":"Пн","weekday-2-short":"Вт","weekday-3-short":"Ср","weekday-4-short":"Чт","weekday-5-short":"Пт","weekday-6-short":"Сб","month-0-long":"Январь","month-1-long":"Февраль","month-2-long":"Март","month-3-long":"Апрель","month-4-long":"Май","month-5-long":"Июнь","month-6-long":"Июль","month-7-long":"Август","month-8-long":"Сентябрь","month-9-long":"Октябрь","month-10-long":"Ноябрь","month-11-long":"Декабрь","month-0-genitive":"января","month-1-genitive":"февраля","month-2-genitive":"марта","month-3-genitive":"апреля","month-4-genitive":"мая","month-5-genitive":"июня","month-6-genitive":"июля","month-7-genitive":"августа","month-8-genitive":"сентября","month-9-genitive":"октября","month-10-genitive":"ноября","month-11-genitive":"декабря","month-0-short":"Январь","month-1-short":"Февраль","month-2-short":"Март","month-3-short":"Апрель","month-4-short":"Май","month-5-short":"Июнь","month-6-short":"Июль","month-7-short":"Август","month-8-short":"Сентябрь","month-9-short":"Октябрь","month-10-short":"Ноябрь","month-11-short":"Декабрь","minutes-ago-long":{"_index":["plural","value"],"_":{"zero":"прямо сейчас","one":"{{value}} минуту назад","two":"{{value}} минуты назад","few":"{{value}} минуты назад","many":"{{value}} минут назад","other":"{{value}} минут назад"}},"hours-ago-long":{"_index":["plural","value"],"_":{"zero":"прямо сейчас","one":"{{value}} час назад","two":"{{value}} часа назад","few":"{{value}} часа назад","many":"{{value}} часов назад","other":"{{value}} часов назад"}},"days-ago-long":{"_index":["plural","value"],"_":{"zero":"сегодня","one":"{{value}} день назад","two":"{{value}} дня назад","few":"{{value}} дня назад","many":"{{value}} дней назад","other":"{{value}} дней назад"}},"weeks-ago-long":{"_index":["plural","value"],"_":{"zero":"эта неделя","one":"{{value}} неделя назад","two":"{{value}} недели назад","few":"{{value}} недели назад","many":"{{value}} недель назад","other":"{{value}} недель назад"}},"months-ago-long":{"_index":["plural","value"],"_":{"zero":"этот месяц","one":"{{value}} месяц назад","two":"{{value}} месяца назад","few":"{{value}} месяца назад","many":"{{value}} месяцев назад","other":"{{value}} месяцев назад"}},"years-ago-long":{"_index":["plural","value"],"_":{"zero":"этот год","one":"{{value}} год назад","two":"{{value}} года назад","few":"{{value}} года назад","many":"{{value}} лет назад","other":"{{value}} лет назад"}},"minutes-until-long":{"_index":["plural","value"],"_":{"zero":"сейчас","one":"через {{value}} минуту","two":"через {{value}} минуты","few":"через {{value}} минуты","many":"через {{value}} минут","other":"через {{value}} минут"}},"hours-until-long":{"_index":["plural","value"],"_":{"zero":"сейчас","one":"через {{value}} час","two":"через {{value}} часа","few":"через {{value}} часа","many":"через {{value}} часов","other":"через {{value}} часов"}},"days-until-long":{"_index":["plural","value"],"_":{"zero":"сегодня","one":"через {{value}} день","two":"через {{value}} дня","few":"через {{value}} дня","many":"через {{value}} дней","other":"через {{value}} дней"}},"weeks-until-long":{"_index":["plural","value"],"_":{"zero":"эта неделя","one":"через {{value}} неделю","two":"через {{value}} недели","few":"через {{value}} недели","many":"через {{value}} недель","other":"через {{value}} недель"}},"months-until-long":{"_index":["plural","value"],"_":{"zero":"этот месяц","one":"через {{value}} месяц","two":"через {{value}} месяца","few":"через {{value}} месяца","many":"через {{value}} месяцев","other":"через {{value}} месяцев"}},"years-until-long":{"_index":["plural","value"],"_":{"zero":"этот год","one":"через {{value}} год","two":"через {{value}} года","few":"через {{value}} года","many":"через {{value}} лет","other":"через {{value}} лет"}},"minutes-ago-short":{"_index":["plural","value"],"_":{"zero":"сейчас","other":"{{value}}м назад"}},"hours-ago-short":{"_index":["plural","value"],"_":{"zero":"сейчас","other":"{{value}}ч назад"}},"days-ago-short":{"_index":["plural","value"],"_":{"zero":"сегодня","other":"{{value}}д назад"}},"minutes-until-short":{"_index":["plural","value"],"_":{"zero":"сейчас","other":"через {{value}}м"}},"hours-until-short":{"_index":["plural","value"],"_":{"zero":"сейчас","other":"через {{value}}ч"}},"days-until-short":{"_index":["plural","value"],"_":{"zero":"сегодня","other":"через {{value}}д"}},"incorrectDate":"(некорректная дата)","dateTimeFormat_%c":"%a, %e %Eb %Y, %H:%M:%S","dateTimeFormat_%x":"%d.%m.%Y","dateTimeFormat_%X":"%H:%M:%S","shortTimeFormat":"%H:%M","shortDateTimeFormat":"%x %H:%M","weekStartsOnMonday":"1","time_am":"AM","time_pm":"PM","tz-region":"Регион","tz-city":"Город","tzRegion-Africa":"Африка","tzRegion-America":"Америка","tzRegion-Antarctica":"Антарктика","tzRegion-Asia":"Азия","tzRegion-Atlantic":"Атлантический океан","tzRegion-Australia":"Австралия","tzRegion-Europe":"Европа","tzRegion-Indian":"Индийский океан","tzRegion-Pacific":"Тихий океан","close":"Close","import":"Import","update":"Update","fbFriends":"Facebook Friends","live-serviceName":"Outlook","gmail-serviceName":"Gmail","facebook-serviceName":"Facebook Friends","selectAll":"Select all","deselectAll":"Deselect all","viewAll":"View All Facebook Friends","viewRecommend":"View Only Recommended","linkProposal":{"_index":["plural","numFriends"],"_":{"zero":"No matching friends. Showing all","one":"Select the recommended one","two":"Select a recommended one","few":"Select a recommended one","many":"Select a recommended one","other":"Select a recommended one"}},"fbFriendsFound":{"_index":["plural","numFriends"],"_":{"zero":"All your friends are imported","one":"Found one friend to import","two":"Found {{numFriends}} friends to import","few":"Found {{numFriends}} friends to import","many":"Found {{numFriends}} friends to import","other":"Found {{numFriends}} friends to import"}},"facebook":"Facebook","search-contact":{"placeholder":"Search"},"noResults":"No contacts found","done-search":"Done","progressFB3ImportTitle":"Importing friends to Contacts","progressFB":"{{current}}/{{total}}","progressFB3UpdateTitle":"Updating friends in Contacts","message2":"This may take a couple of minutes","messageLinking":"Please hold on. We are linking your friend and your contact.","messageCanceling":"Please hold on. We are canceling the ongoing operation.","error1":"Error {{from}}","error2":"Do you want to retry?","errorProposal":"calculating proposals","errorFriends":"retrieving friends","errorLinking":"linking contact","timeout1":"Exceeded timeout {{from}}","timeout2":"Do you want to retry?","timeoutProposal":"calculating proposals","timeoutFriends":"retrieving friends","timeoutLinking":"linking contacts","wait1":"Please hold on","wait2":"This may take a couple of minutes","waitProposal":"Please hold on. We are calculating a proposal.","waitFriends":"Please hold on. We are connecting to obtain your friend list.","curtainCancel":"Cancel","curtainRetry":"Retry","curtainOK":"OK","connectionLost":"No Internet connection","connectionLostMsg":"Friends’ photos will not be added to your contacts. Continue anyway?","yesOption":"OK","noOption":"Cancel","friendsUpdated":{"_index":["plural","numFriends"],"_":{"zero":"No friends updated","one":"Updated one friend","two":"Updated {{numFriends}} friends","few":"Updated {{numFriends}} friends","many":"Updated {{numFriends}} friends","other":"Updated {{numFriends}} friends"}},"notificationLogin":"Your Facebook session is invalid. Please sign in.","syncError":"There was an error synchronizing your friend’s data","callAirplaneModeMessage":"Чтобы сделать звонок, вам нужно через настройки отключить Режим Полёта.","callAirplaneModeBtnOk":"OK","callAirplaneModeTitle":"Включён Режим Полёта","numberIsBusyTitle":"Номер занят","numberIsBusyMessage":"Этот номер сейчас занят. Пожалуйста, попробуйте позже.","fdnIsActiveTitle":"FDN active","fdnIsActiveMessage":"FDN (Fixed Dialing Numbers) is activated and the following number is not in your FDN list: {{ number }}","voiceMail":"Голосовая почта","emergencyNumber":"Экстренный номер","emergencyDialogBodyBadNumber":"Чтобы сделать звонок, телефон должен быть подключён к сети.","emergencyDialogBodyDeviceNotAccepted":"В этой сети запрещены экстренные вызовы.","emergencyDialogBtnOk":"OK","emergencyDialogTitle":"Нет подключения к сети","invalidNumberToDialTitle":"Некорректный номер телефона","invalidNumberToDialMessage":"Вызываемый вами номер телефона является некорректным.","unableToCallTitle":"Не могу сейчас сделать телефонный звонок","unableToCallMessage":"Не могу произвести вызов. Если вы уже набираете, сначала повесьте трубку.","otherConnectionInUseTitle":"Используется другое соединение","otherConnectionInUseMessage":"У вас есть активный вызов на другом соединении. Вы можете использовать одновременно только одно соединение.","addNewNumber":"Add new number","addToExistingContact":"Добавить в существующий контакт","all":"Все","asterisk":{"ariaLabel":"Asterisk"},"callLog":"Журнал звонков","callLogEdit":{"title":"Edit call log"},"callLogEditDialog":{"ariaLabel":"Edit call log dialog"},"connecting":"Соединяюсь","cf-async":"Асинхронный: {{ async }}\\n","cf-data":"Данные: {{ data }}\\n","cf-error":"При получении статуса переадресации произошла ошибка","cf-fax":"FAX: {{ fax }}\\n","cf-inactive":"Неактивен","cf-packet":"Пакет: {{ packet }}\\n","cf-pad":"PAD: {{ pad }}\\n","cf-sms":"SMS: {{ sms }}\\n","cf-status":"Статус переадресации\\n","cf-sync":"Синхронный: {{ sync }}\\n","cf-voice":"Голос: {{ voice }}\\n","confirm-deletion":"Удалить выделенные звонки?","contacts":"Контакты","createNewContact":"Создать новый контакт","delete":"Delete","dialerAddContact":{"ariaLabel":"Add contact"},"dialerAddContactDialog":{"ariaLabel":"Add Contact Dialog"},"edit-selected":{"_index":["plural","n"],"_":{"one":"{{ n }} выбран","two":"{{ n }} выбрано","few":"{{ n }} выбрано","many":"{{ n }} выбрано","other":"{{ n }} выбрано"}},"edit":"Изменить","hashSign":{"ariaLabel":"Hash sign"},"hideKeypad":{"ariaLabel":"Hide keypad"},"ignore":"Игнорировать звонок","incoming":"Входящие","keypad":{"ariaLabel":"Keypad"},"keypadDelete":{"ariaLabel":"Delete"},"makeCall":{"ariaLabel":"Make call"},"merge":"Слить","missed":"Пропущенные","missedCall":"Пропущенные звонки","missedCallMultiSims":"(SIM {{ n }}) Пропущенный звонок","mmi-error":"При отправке сообщения произошла ошибка","mmi-session-expired":"Сессия истекла","mmi-successfully-sent":"Сообщение успешно отправлено","mute":{"ariaLabel":"Mute"},"newCall":{"ariaLabel":"New call"},"no-logs-msg-1":"Звонков не было","no-logs-msg-2":"Начните общаться прямо сейчас","no-logs-msg-3":"Нет пропущенных звонков","phoneNumberInput":{"ariaLabel":"Phone number"},"recents":{"ariaLabel":"Recent calls"},"reply":"Перезвонить","switch-calls":"Переключить звонки","today":"Сегодня","voiceMailKey":{"ariaLabel":"Voicemail"},"withheld-number":"Подавленный номер","from-contact":"От {{ contact }}","from-number":"С {{ number }}","from-withheld-number":"С подавленного номера","yesterday":"Вчера","sending":"Отправка...","speakerOption":{"ariaLabel":"Speaker"},"ussd-services":"службы {{ operator }}","toggleKeypad":{"ariaLabel":"Toggle keypad"},"type-your-response":{"placeholder":"Наберите ваш ответ..."},"clear-all-text":"Очистить весь текст","hide":"Скрыть","call":"Позвонить","hold":"Удерживать","resume":"Возобновить","sendSms":"Послать сообщение","callEnded":"Звонок завершён","via-sim":"через SIM{{ n }}","sim-number":"SIM{{ n }}","hangup-a11y-button":{"aria-label":"Повесить трубку"},"pickup-a11y-button":{"aria-label":"Поднять трубку"},"unlock-a11y-button":{"aria-label":"Слайдер"},"settings":"Параметры","delete-n-log?":{"_index":["plural","n"],"_":{"zero":"Ничего не выбрано","one":"Удалить выбранный лог?","two":"Удалить {{ n }} лога?","few":"Удалить {{ n }} лога?","many":"Удалить {{ n }} логов?","other":"Удалить {{ n }} логов?"}},"callDurationMinutes":"{{ m }}:{{ s }}","callDurationHours":"{{ h }}:{{ m }}:{{ s}}","suggestionMatches":{"_index":["plural","n"],"_":{"one":"{{ n }} подходящий под \"{{ matchNumber }}\"","two":"{{ n }} подходящих под \"{{ matchNumber }}\"","few":"{{ n }} подходящих под \"{{ matchNumber }}\"","many":"{{ n }} подходящих под \"{{ matchNumber }}\"","other":"{{ n }} подходящих под \"{{ matchNumber }}\""}},"scCallBarring":"Запрет вызова","scCallForwarding":"Переадресация","scClip":"АОН (вход.)","scClir":"АОН (исх.)","scPwd":"Смена пароля","scCallWaiting":"Ожидание вызова","scPin":"Смена PIN","scPin2":"Смена PIN2","scPuk":"Разбл. PIN","scPuk2":"Разбл. PIN2","scImei":"IMEI","scUssd":"USSD","serviceClassVoice":"Голос","serviceClassData":"Данные","serviceClassFax":"ФАКС","serviceClassSms":"SMS","serviceClassDataSync":"Синхронные","serviceClassDataAsync":"Асинхронные","serviceClassPacket":"Пакет","serviceClassPad":"PAD","smServiceEnabled":"Сервис был включён","smServiceDisabled":"Сервис был отключён","smServiceRegistered":"Регистрация прошла успешно","smServiceErased":"Стирание прошло успешно","smServiceInterrogated":"Запрос был успешен","smServiceNotProvisioned":"Сервис не предоставляется","smClirPermanent":"Вы не можете изменить параметр определения вашего номера","smClirDefaultOnNextCallOn":"Определение вашего номера по умолчанию заблокировано. Следующий вызов: Заблокировано","smClirDefaultOnNextCallOff":"Определение вашего номера по умолчанию заблокировано. Следующий вызов: Не заблокировано","smClirDefaultOffNextCallOn":"Определение вашего номера по умолчанию не заблокировано. Следующий вызов: Заблокировано","smClirDefaultOffNextCallOff":"Определение вашего номера по умолчанию не заблокировано. Следующий вызов: Не заблокировано","smServiceEnabledFor":"Сервис был включён для:","smPinChanged":"PIN успешно изменён","smPinUnblocked":"PIN успешно разблокирован","smPin2Changed":"PIN2 успешно изменён","smPin2Unblocked":"PIN2 успешно разблокирован","emMmiError":"Проблема с соединением или некорректный код MMI","emMmiErrorPasswordIncorrect":"Неверный пароль","emMmiErrorNotSupported":"Некорректный или неподдерживаемый код MMI","emMmiErrorInvalidAction":"Некорректное действие","emMmiErrorInvalidScCode":"Некорректный код сервиса","emMmiErrorBadPuk":"Вы набрали неправильный PUK","emMmiErrorBadPin":"Вы набрали неправильный старый PIN.","emMmiErrorNeedPuk2":"Для разблокировки SIM-карты наберите PUK2","emMmiErrorMismatchPin":"Набранные вами PINы не совпадают","emMmiErrorInvalidPin":"Наберите PIN длиной от 4 до 8 цифр","emMmiErrorNeedsPuk":"Ваша SIM-карта заблокирована через PUK","emMmiErrorEnablePin":"Неудачно. Включите SIM/RUIM LOCK","emMmiErrorMmiFdn":"Разрешено только производить набор номеров из заданного списка","emMmiErrorStkCcUssdDial":"Запрос USSD преобразован в запрос DIAL","emMmiErrorStkCcUssdSs":"Запрос USSD преобразован в запрос SS","emMmiErrorStkCcUssdUssd":"Запрос USSD преобразован в новый запрос USSD","emMmiErrorStkCcSsDial":"Запрос SS преобразован в запрос DIAL","emMmiErrorStkCcSsUssd":"Запрос SS преобразован в запрос USSD","emMmiErrorStkCcSsSs":"Запрос SS преобразован в новый запрос SS","emMmiErrorPinPukAttempts":{"_index":["plural","n"],"_":{"one":"осталась {{ n }} попытка","two":"осталось {{ n }} попытки","few":"осталось {{ n }} попытки","many":"осталось {{ n }} попыток","other":"осталось {{ n }} попыток"}},"emMmiErrorSimBlocked":"Превышено максимальное число попыток. SIM заблокирована","RadioNotAvailable":"Радио не доступно","GenericFailure":"Общая ошибка","PasswordIncorrect":"Неверный пароль","SimPin2":"SIM PIN2","SimPuk2":"SIM PUK2","RequestNotSupported":"Запрос не поддерживается","OpNotAllowedDuringVoiceCall":"Во время голосового вызова операция не разрешена","SmsSendFailRetry":"Повтор отправки SMS после ошибки","SimAbsent":"Отсутствует SIM","SubscriptionNotAvailable":"Подписка недоступна","ModeNotSupported":"Режим не поддерживается","FdnCheckFailure":"Ошибка проверки Fdn","IllegalSimOrMe":"Нелегальный SIM или ME","DialModifiedToUssd":"Набор преобразован в USSD","DialModifiedToSs":"Набор преобразован в SS","DialModifiedToDial":"Набор преобразован в набор","UssdModifiedToDial":"USSD преобразован в набор","UssdModifiedToSs":"USSD преобразован в SS","UssdModifiedToUssd":"USSD преобразован в USSD","SsModifiedToDial":"SS преобразован в набор","SsModifiedToUssd":"SS преобразован в USSD","SsModifiedToSs":"SS преобразован в SS","SubscriptionNotSupported":"Подписка не поддерживается","InvalidParameter":"Некорректный параметр","RejectedByRemote":"Отклонено удалённо","group-call":{"_index":["plural","n"],"_":{"one":"Групповой вызов ({{ n }})","two":"Групповой вызов ({{ n }})","few":"Групповой вызов ({{ n }})","many":"Групповой вызов ({{ n }})","other":"Групповой вызов ({{ n }})"}},"caller-left-call":"{{ caller }} покинул конференцию.","conferenceAddError":"Не удалось свести вызовы","conferenceRemoveError":"Не удалось развести вызовы","longDateFormat":"%A, %e %Eb","select-audio-sources":"Выберите источники аудио","bluetooth-handsfree-device":"Устройство громкой связи Bluetooth","receiver":"Телефон","speaker":"Спикер","add":"Добавить","done":"Готово","retry":"Повторить","addContact":"Доб. контакт","deleteContact":"Удалить контакт","selectContact":"Выбрать контакт","editContact":"Изм. контакт","deleteConfirmMsg":"Удалить контакт?","remove":"Удалить","comments":"Комментарии","no_contact_phones":"У этого контакта нет телефонного номера","no_contact_email":"У этого контакта нет адреса эл. почты","removePhotoConfirm":"Удалить фотографию контакта?","loadingContacts":"Загрузка контактов…","noContactsActivity":"Невозможно добавить в контакт, так как ваш список контактов пуст","noName":"Нет имени","givenName":{"placeholder":"Имя"},"familyName":{"placeholder":"Фамилия"},"tel":{"placeholder":"Телефон"},"carrier":{"_":"Оператор","placeholder":"Оператор"},"separator":",","email":{"_":"Эл. почта","placeholder":"Эл. почта"},"streetAddress":{"placeholder":"Улица"},"postalCode":{"placeholder":"Почтовый индекс"},"locality":{"placeholder":"Город"},"countryName":{"placeholder":"Страна"},"comment":{"placeholder":"Комментарий"},"org":{"placeholder":"Компания"},"custom":"Другая метка","date":{"_":"Дата","placeholder":"Дата"},"date-span-placeholder":"Date","birthday":"День рождения","dateFormat":"%e %Eb","dateOutput":"{{dayMonthFormatted}} {{year}}","anniversary":"Ежегодная","addPhoto":"Добавить фотографию","addPhone":"Добавить телефон","addEmail":"Добавить эл. почту","addAddress":"Добавить адрес","addDate":"Добавить дату","addComment":"Добавить комментарий","addFavorite":"Добавить в избранное","removeFavorite":"Удалить из избранного","label":"Метка","home":"Домашний","work":"Рабочий","personal":"Персональный","faxHome":"Домашний факс","faxOffice":"Офисный факс","faxOther":"Другой факс","another":"Другая","other":"Прочее","current":"Текущ.","itemWithLabel":"{{label}}, {{item}}","exit":"Выход","expand":"Развернуть","labelName":"Имя:","labelLastName":"Фамилия:","labelPhoneNumber":"Телефон:","labelCarrier":"Оператор:","labelEmail":"Эл. почта:","labelStreet":"Улица:","labelZip":"Почтовый индекс:","labelCity":"Город:","labelCountry":"Страна:","labelComment":"Комментарий:","legendTitleMain":"Основная информация","legendPhones":"Телефонные номера","legendEmail":"Адрес эл. почты ","legendAddress":"Адрес","transferContactsTitle":"Передать контакты","importContactsTitle":"Импорт контактов","importContactsButton":"Импорт контактов","exportContactsTitle":"Экспорт контактов","exportContactsButton":"Экспорт контактов","exportContactsAction":"Экспорт","simExport-title":"Экспорт на SIM","sdExport-title":"Экспорт на SD-карту","btExport-title":"Экспорт по Bluetooth","sdUMSEnabled":"Не могу использовать SD-карту, так как включён USB-накопитель","exportErrorTitle":"Ошибка экспорта","contactsExported2":{"_index":["plural","exported"],"_":{"zero":"Ни одного контакта не экспортировано","one":"{{exported}}/{{total}} контакт экспортирован","two":"{{exported}}/{{total}} контакта экспортировано","few":"{{exported}}/{{total}} контакта экспортировано","many":"{{exported}}/{{total}} контактов экспортировано","other":"{{exported}}/{{total}} контактов экспортировано"}},"exportError-general":"При экспорте произошла ошибка","exportError-SD-shared":"Нет доступа к карте памяти, так как она находится в общем доступе","exportError-SD-unavailable":"Карта памяти недоступна","exportError-SD-noSpace":"Недостаточно места на карте памяти для экспорта контактов","exportError-SIM-unavailable":"SIM-карта недоступна","exportError-BT-shared":"Нет доступа к карте памяти, так как она находится в общем доступе","exportError-BT-unavailable":"Карта памяти недоступна","exportError-BT-noSpace":"Недостаточно места на карте памяти для экспорта контактов","simContacts-import":"Импорт контактов с SIM","simContacts-importing":"Импорт контактов с SIM…","simContacts-reading":"Чтение с SIM-карты…","simContacts-error":"Не удалось импортировать контакты с SIM","simContacts-imported3":{"_index":["plural","n"],"_":{"zero":"На SIM не найдено ни одного контакта для импорта","one":"Импортирован {{n}} контакт","two":"Импортировано {{n}} контакта","few":"Импортировано {{n}} контакта","many":"Импортировано {{n}} контактов","other":"Импортировано {{n}} контактов"}},"noSimMsgExport":"Для экспорта контактов вставьте или разблокируйте вашу SIM-карту","simNumber":"SIM {{number}}","memoryCardContacts-import":"Импорт контактов с карты памяти","memoryCardContacts-importing":"Импорт контактов с карты памяти…","memoryCardContacts-reading":"Чтение с карты памяти…","memoryCardContacts-error":"Не удалось импортировать контакты с карты памяти","memoryCardContacts-imported3":{"_index":["plural","n"],"_":{"zero":"На карте памяти не найдено контактов для импорта","one":"Импортирован {{n}} контакт","two":"Импортировано {{n}} контакта","few":"Импортировано {{n}} контакта","many":"Импортировано {{n}} контактов","other":"Импортировано {{n}} контактов"}},"noMemoryCardMsgExport":"Для экспорта контактов вставьте карту памяти","genericProgress":"{{current}}/{{total}}","social-network":"Социальные сети","social-link":"Связать с контактом","social-unlink":"Удалить связь с контактом","social-unlink-confirm-title":"Вы хотите удалить связь с вашим другом?","social-unlink-confirm-accept":"Удалить связь","facebook-import":"Импортировать друзей из Фейсбук","show-fb-profile":"Просмотр профиля Фейсбук","msg-send":"Сообщение","wall-post":"Сообщение на стене","facebook-import-msg":{"_index":["plural","imported"],"_":{"zero":"Друзей: ни одного из {{total}}","one":"Друзей: {{imported}}/{{total}}","two":"Друзей: {{imported}}/{{total}}","few":"Друзей: {{imported}}/{{total}}","many":"Друзей: {{imported}}/{{total}}","other":"Друзей: {{imported}}/{{total}}"}},"facebookSwitchMsg":"Синхронизация","select_mobile":"Выбрать мобильный","select_email":"Выбрать эл. почту","contactsOrderBy":"Выстроить по фамилии","bluetooth":"Bluetooth","fbUpdateFriends":"Обновить импортированных друзей","cleaningFbData":"Удаление данных Фейсбук","loggingOutFb":"Выход из Фейсбук","cleanFbConfirmMsg":"Удалить все данные Фейсбук?","renewPwdMsg":"Ваш пароль в Фейсбук изменился. Пожалуйста, обновите его.","notEnabledYet":"Ещё не включено","genericNoConnection":"Для импорта контактов подключитесь к сети Wi-Fi или передачи данных","simCard":"SIM-карта","memoryCard":"Карта памяти","create-new":"Создать новый контакт","import-now":"Импорт ваших контактов с SIM-карты или из Фейсбук","no-contacts":"Нет контактов","start-adding":"Начните добавлять их прямо сейчас","notImported":"Не импортировано","imported":"Импортировано","organise-contacts":"Организация контактов","find-merge-contacts":"Найти дублирующиеся контакты","preparing-contacts":"Подготовка контактов","exportError-SIM-NoFreeRecordFound":"На SIM-карте больше нет места","exportError-SIM-CannotAccessPhoneBook":"Нет доступа к телефонной книге SIM-карты","exportError-SIM-Unavailable":"SIM не обнаружена","exportError-SIM-GenericError":"При экспорте контакта произошла ошибка","ContactManagementTitle":"Contacts Management","DeleteTitle":"Delete","bulkDeleteButton":"Delete Contacts","BulkDelCancel":"Contacts delete cancelled","DeletedTxt":{"_index":["plural","n"],"_":{"zero":"No Contact to Delete","one":"1 Contact removed","two":"{{n}} Contacts removed","few":"{{n}} Contacts removed","many":"{{n}} Contacts removed","other":"{{n}} Contacts removed"}},"DeletingContacts":"Deleting contacts","ContactConfirmDel":{"_index":["plural","n"],"_":{"zero":"No Contact to Delete","one":"Delete 1 Contact? This cannot be undone.","two":"Delete {{n}} Contacts? This cannot be undone.","few":"Delete {{n}} Contacts? This cannot be undone.","many":"Delete {{n}} Contacts? This cannot be undone.","other":"Delete {{n}} Contacts? This cannot be undone."}},"SelectedTxt":{"_index":["plural","n"],"_":{"zero":"Contacts","one":"{{n}} selected","two":"{{n}} selected","few":"{{n}} selected","many":"{{n}} selected","other":"{{n}} selected"}},"sim-picker-dial-via-with-number":"Набрать {{ phoneNumber }} через","sim-picker-select-sim":"Выбрать SIM","sim-picker-button":"SIM{{ n }}","sim-picker-button-default":"(по умолчанию)","waitDuplicateContacts":"Поиск дублирующихся контактов","waitMergingDuplicateContacts":"Слияние дублирующихся контактов","alertNoDuplicateContacts":"Дублирующиеся контакты не найдены","mergeDuplicateTitle":"Слить дубликаты","suggestedDuplicateContacts":"Возможные дублирующиеся контакты для {{name}}","mergeActionButtonLabel":{"_index":["plural","n"],"_":{"zero":"Ни одного контакта не выделено","one":"Слить с контактом {{n}}","other":"Слить с контактами {{n}}"}},"duplicatesFoundTitle":"Найдены дубликаты","duplicatesFoundMessage":"{{name}} дублирует информацию в следующих контактах"}