{"brandShortName":"B2G OS","browserBrandShortName":"Webový prehliadač","browserBrandFullName":"Webový prehliadač Mozilla","back":"Naspäť","noSimMsg":"Ak chcete importovať kontakty, vložte alebo odblokujte kartu SIM","noMemoryCardMsg":"Ak chcete importovať kontakty, vložte pamäťovú kartu","importMemoryCard":"Pamäťová karta","noConnection11":"Ak chcete importovať kontakty a vašich priateľov z Facebooku, pripojte sa k sieti Wi-Fi alebo k dátovej sieti.","pincode2":"Zadajte kód PIN","type_pin":"Zadajte svoj kód PIN","pincodeLabel":"SIM{{n}} PIN","pinValidation":"Kód PIN musí mať 4 až 8 znakov.","pinError":"Kód PIN nie je platný.","pinAttemptMsg2":{"_index":["plural","n"],"_":{"one":"Máte posledný pokus na zadanie správneho kódu pred uzamknutím karty SIM.","two":"Ostávajú {{n}} pokusy na zadanie správneho kódu pred uzamknutím karty SIM.","few":"Ostávajú {{n}} pokusy na zadanie správneho kódu pred uzamknutím karty SIM.","many":"Ostáva {{n}} pokusov na zadanie správneho kódu pred uzamknutím karty SIM.","other":"Ostáva {{n}} pokusov na zadanie správneho kódu pred uzamknutím karty SIM."}},"pinLastChanceMsg":"Toto je posledná šanca na zadanie správneho kódu PIN. V opačnom prípade bude nutné zadať kód PUK tejto karty SIM.","pukcode":"Zadajte kód PUK","pukcodeTitle":"Zadajte PUK pre SIM{{n}}","pukcodeLabel":"SIM{{n}} PUK","type_puk":"Kód PUK","pukValidation":"Dĺžka kódu PUK je presne 8 znakov.","pukInfo":"Musíte zadať kód PUK pridelený vašej karte SIM. Ďalšie informácie nájdete v dokumentácii k vašej karte SIM alebo kontaktujte svojho operátora.","pukError":"Kód PUK nie je platný","pukAttemptMsg2":{"_index":["plural","n"],"_":{"one":"Máte posledný pokus na zadanie správneho kódu pred úplným zablokovaním karty SIM. Ďalšie informácie nájdete v dokumentácii k vašej karte SIM alebo kontaktujte svojho operátora.","two":"Ostávajú {{n}} pokusy na zadanie správneho kódu pred úplným zablokovaním karty SIM. Ďalšie informácie nájdete v dokumentácii k vašej karte SIM alebo kontaktujte svojho operátora.","few":"Ostávajú {{n}} pokusy na zadanie správneho kódu pred úplným zablokovaním karty SIM. Ďalšie informácie nájdete v dokumentácii k vašej karte SIM alebo kontaktujte svojho operátora.","many":"Ostáva {{n}} pokusov na zadanie správneho kódu pred úplným zablokovaním karty SIM. Ďalšie informácie nájdete v dokumentácii k vašej karte SIM alebo kontaktujte svojho operátora.","other":"Ostáva {{n}} pokusov na zadanie správneho kódu pred úplným zablokovaním karty SIM. Ďalšie informácie nájdete v dokumentácii k vašej karte SIM alebo kontaktujte svojho operátora."}},"pukLastChanceMsg":"Toto je posledná šanca na zadanie správneho kódu PUK. Ak zadáte nesprávny kód, vaša karta SIM bude natrvalo zablokovaná a viac nepoužiteľná.","create_newpin":"Vytvoriť nový PIN (4 až 8 čísiel)","confirm_newpin":"Potvrďte nový PIN","newpinConfirmation":"Kódy PIN sa nezhodujú","nckcode":"Zadajte kód NCK","cckcode":"Zadajte kód CCK","spckcode":"Zadajte kód SPCK","nck1code":"Enter NCK1 code","nck2code":"Enter NCK2 code","hnckcode":"Enter HNCK code","rcckcode":"Enter RCCK code","rspckcode":"Enter RSPCK code","nckcodeTitle":"Zadajte NCK SIM{{n}}","cckcodeTitle":"Zadajte CCK SIM{{n}}","spckcodeTitle":"Zadajte SPCK SIM{{n}}","nck1codeTitle":"Enter SIM {{n}} NCK1","nck2codeTitle":"Enter SIM {{n}} NCK2","hnckcodeTitle":"Enter SIM {{n}} HNCK","rcckcodeTitle":"Enter SIM {{n}} RCCK","rspckcodeTitle":"Enter SIM {{n}} RSPCK","nckcodeLabel":"NCK SIM{{n}}","cckcodeLabel":"CCK SIM{{n}}","spckcodeLabel":"SPCK SIM{{n}}","nck1codeLabel":"SIM {{n}} NCK1","nck2codeLabel":"SIM {{n}} NCK2","hnckcodeLabel":"SIM {{n}} HNCK","rcckcodeLabel":"SIM {{n}} RCCK","rspckcodeLabel":"SIM {{n}} RSPCK","type_nck":"Zadajte kód NCK","type_cck":"Zadajte kód CCK","type_spck":"Zadajte kód SPCK","type_nck1":"Type your NCK1 code","type_nck2":"Type your NCK2 code","type_hnck":"Type your HNCK code","type_rcck":"Type your RCCK code","type_rspck":"Type your RSPCK code","nckValidation":"Kód NCK musí mať 8 až 16 znakov.","cckValidation":"Kód CCK musí mať 8 až 16 znakov.","spckValidation":"Kód SPCK musí mať 8 až 16 znakov.","nck1Validation":"NCK1 must have between 8 and 16 characters.","nck2Validation":"NCK2 must have between 8 and 16 characters.","hnckValidation":"HNCK must have between 8 and 16 characters.","rcckValidation":"RCCK must have between 8 and 16 characters.","rspckValidation":"RSPCK must have between 8 and 16 characters.","nckErrorMsg":"Kód NCK nie je platný.","nckAttemptMsg2":{"_index":["plural","n"],"_":{"one":"Požiadavka 'Network depersonalization' zlyhala. Máte posledný pokus na zadanie správneho kódu. Ďalšie informácie nájdete v dokumentácii k vášmu zariadeniu alebo kontaktujte svojho operátora.","two":"Požiadavka 'Network depersonalization' zlyhala. Ostávajú {{n}} pokusy na zadanie správneho kódu. Ďalšie informácie nájdete v dokumentácii k vášmu zariadeniu alebo kontaktujte svojho operátora.","few":"Požiadavka 'Network depersonalization' zlyhala. Ostávajú {{n}} pokusy na zadanie správneho kódu. Ďalšie informácie nájdete v dokumentácii k vášmu zariadeniu alebo kontaktujte svojho operátora.","many":"Požiadavka 'Network depersonalization' zlyhala. Ostáva {{n}} pokusov na zadanie správneho kódu. Ďalšie informácie nájdete v dokumentácii k vášmu zariadeniu alebo kontaktujte svojho operátora.","other":"Požiadavka 'Network depersonalization' zlyhala. Ostáva {{n}} pokusov na zadanie správneho kódu. Ďalšie informácie nájdete v dokumentácii k vášmu zariadeniu alebo kontaktujte svojho operátora."}},"nckLastChanceMsg":"Požiadavka 'Network depersonalization' zlyhala. Toto je posledná šanca na zadanie správneho kódu NCK. Ďalšie informácie nájdete v dokumentácii k vášmu zariadeniu alebo kontaktujte svojho operátora.","skip":"Preskočiť","send":"Potvrdiť","ok":"OK","simLocked":"Karta SIM je zablokovaná","inputCodeRetriesLeft":{"_index":["plural","n"],"_":{"one":"Posledný pokus.","two":"Ostávajú {{n}} pokusy.","few":"Ostávajú {{n}} pokusy.","many":"Ostáva {{n}} pokusov.","other":"Ostáva {{n}} pokusov."}},"simManager":"Správca kariet SIM","simDetail":"SIM{{n}}","simDefault":"(predvolená)","simDefaultMessage":"Odchádzajúce hovory, správy a dátové pripojenia predvolene využívajú kartu SIM1","simSettingsMessage":"Nastavenie môžete zmeniť v okne Nastavenia > Správca kariet SIM","simPinLocked":"Karta SIM uzamknutá pomocou kódu PIN","noOperator":"Žiadny operátor","language":"Jazyk","english":"Angličtina","dvorak":"Angličtina (Dvořák)","spanish":"Španielčina","portuguese":"Brazílska portugalčina","french":"Francúzština","italian":"Taliančina","arabic":"Arabčina","greek":"Gréčtina","hebrew":"Hebrejčina","jp-kanji":"Japončina","jp-kanji-desc":"Kandži","traditionalChinese":"Tradičná čínština","traditionalChinese-desc":"Ču-jin fu-chao","simplifiedChinese":"Zjednodušená čínština","simplifiedChinese-desc":"Pchin-jin","3g":"Mobilné dáta","dataConnection":"Povoliť dátové prenosy","dataConnectionInfo":"Ak teraz povolíte dátové prenosy, budete si môcť nastaviť svoj telefón aj bez pripojenia k sieti Wi-Fi. Tieto prenosy môžete povoliť aj neskôr v nastaveniach telefónu. Predtým sa však uistite u svojho operátora, že máte volací program vhodný k prenosu dát, aby ste sa vyhli prípadným vysokým poplatkom.","caution":"Upozornenie","geolocation":"Zisťovanie polohy","geolocationCheckbox":"Povoliť","geolocationInfo2":"{{brandShortName}} používa údaje ako GPS, Wi-Fi a mobilné siete vo vašom okolí na zistenie vašej približnej polohy.","geolocationInfoMore":"Údaje sú odosielané spoločnosti Mozilla a poskytovateľom služby a budú použité na zlepšenie presnosti služby. Údaje môžu byť uložené vo vašom zariadení a ich zbieranie môže prebiehať aj v prípade, že nie sú spustené žiadne aplikácie.","notice":"Oznam","aboutYourPrivacy":"Ďalšie informácie o súkromí","wifi":"Wi-Fi","scanningNetworks":"Vyhľadávajú sa siete","selectNetwork":"Zvoľte sieť","shortStatus-connecting":"Pripája sa…","shortStatus-associated":"Získava sa adresa IP…","shortStatus-connected":"Pripojené","shortStatus-connectingfailed":"Pripojenie zlyhalo","shortStatus-disconnected":"Offline","securedBy":"zabezpečené pomocou {{capabilities}}","security":"Zabezpečenie","securityNone":"Žiadne","securityWEP":"WEP","securityWPA-PSK":"WPA-PSK","securityWPA-EAP":"WPA-EAP","securityOpen":"Nezabezpečené","identity":"Používateľ","identityInput":{"placeholder":"Používateľ"},"password":"Heslo","passwordInput":{"placeholder":"Heslo"},"showPassword":"Zobraziť heslo","refresh":"Obnoviť","noWifiFound3":"Neboli nájdené žiadne bezdrôtové siete","join-hidden-button":"Pripojiť k skrytej sieti","authentication":"Overenie","ssid-name":"Názov siete SSID","dateAndTime":"Dátum a čas","setTimeAutomatically":"Nastaviť automaticky","timezoneMessage":"Časové pásmo","timezoneTitle":"UTC{{utcOffset}} {{region}}/{{city}}","dateMessage":"Dátum","timeMessage":"Čas","timeZone":"Časové pásmo","change":"Upraviť","importContacts3":"Import kontaktov","importSim2":"Karta SIM","importFb2":"Facebook","importOutlook":"Outlook","importGmail":"Gmail","fb-checking":"… prebieha overovanie","notImportedYet":"Nebolo nič vložené","otherAccount":"Ďalšie účty","mobile":"Mobil","afterFbImport":"Vašich priateľov z Facebooku môžete kedykoľvek presunúť a upraviť v nastaveniach kontaktov.","firefox-accounts":"Firefox Accounts","fxa-overview":{"innerHTML":"A Firefox Account lets you use features like Find My Device and apps like the Firefox Marketplace."},"fxa-create-account-or-sign-in":"Create Account or Sign In","fxa-email-sent":"A verification link has been sent to {{email}}","about-your-rights-0":"{{brandShortName}} je voľne dostupný softvér s otvoreným zdrojovým kódom, ktorý je vytváraný komunitou tisícok ľudí po celom svete. Niekoľko vecí, ktoré by ste mali vedieť:","about-your-rights-1":"{{brandShortName}} je dostupný pod podmienkami niekoľkých licencií pre otvorený zdrojový kód vrátane Mozilla Public License. Zariadenie, na ktorom beží {{brandShortName}}, môže obsahovať proprietárny softvér tretích strán. Každý kód dostupný pod otvorenými licenciami vám dáva práva ho modifikovať a distribuovať jeho modifikované verzie v súlade s ich požiadavkami.","about-your-rights-2":"Nie sú vám udelené práva k ľubovoľnej ochrannej známke ani licencie k ochranným známkam Mozilla Foundation či ľubovoľnej strany a to vrátane obmedzení na názov či logo {{brandShortName}}.","about-your-rights-3":"Niektoré funkcie obsiahnuté v {{brandShortName}}, ako napríklad Hlásenie zlyhaní, vám dávajú možnosť poslať reakciu spoločnosti Mozilla. Odoslaním reakcie dávate Mozille právo použiť danú reakciu na vylepšenie jej produktov, publikovať danú reakciu na jej webových stránkach či túto reakciu distribuovať.","about-other":"Ďalší","SIM_mandatory":"Upozornenie na kartu SIM","SIM_mandatory_warm":"Vložte kartu SIM a reštartujte telefón.","sharing-performance-data":"Zdieľanie údajov o výkone","telemetry-sends":"Telemetria odosiela spoločnosti Mozilla údaje o výkone, hardvéri, konfigurácii a nastavení vášho zariadenia s {{brandShortName}}. Pomôže nám to k zvýšeniu rýchlosti, výkonu a používateľského komfortu danej aplikácie.","learn-more-telemetry":{"innerHTML":"Learn more at {{link}}"},"learn-more-information":{"innerHTML":"Learn how Mozilla handles your information at {{link}}"},"welcomeBrowser":"Víta Vás {{brandShortName}}, slobodný operačný systém s otvoreným zdrojovým kódom od spoločnosti Mozilla. Do vašich rúk prináša otvorenosť, inovácie a príležitosti webových technológií.","learn-more-privacy":{"innerHTML":"Learn how Mozilla handles your information in our {{link}}."},"learn-more-privacy-link":"privacy policy","aboutBrowser":"O {{brandShortName}}","aboutYourPrivacy2":"Vaše súkromie","mozillaCommunity2":"Používaním {{brandShortName}} sa stávate členom svetovej komunity používateľov snažiacich sa o lepšiu budúcnosť webu. Ak sa chcete dozvedieť viac o nás, našich ďalších produktoch a akciách vo vašom okolí, zadajte vašu e-mailovú adresu.","collaborate":"Chcem pomôcť vylepšiť {{brandShortName}} pomocou zdieľania údajov o svojom telefóne.","learnMore":"Ďalšie informácie","emailAddress":{"placeholder":"E-mailová adresa"},"email-successfully-added":"E-mail úspešne pridaný","email-loading":"Prebieha načítanie vášho e-mailu…","browserPrivacyChoices":"Ochrana súkromia {{brandShortName}}","privacy-b2g":{"_":"{{brandShortName}}","title":"{{brandShortName}}"},"privacy-marketplace":{"_":"Marketplace","title":"{{privacy-marketplace}}"},"privacy-e-me":{"_":"everything.me","title":"{{privacy-e-me}}"},"navbar-back":"Naspäť","navbar-next":"Ďalej","navbar-join":"Pripojiť","thatsIt":"A je to!","startYourPhone":"Sprievodca vašim telefónom!","startYourTablet":"Sprievodca vašim tabletom!","joinTutorial":"Krátke zoznámenie sa s vašim novým telefónom.","enjoyYourPhone":"Odteraz si môžete užívať Váš nový telefón.","optionsAvailable":"Jazyk, dátum a čas či pripojenie k sieti Wi-Fi je možné meniť v nastaveniach.","letsGo":"Poďme na to","startTour":"Začať prehliadku","thatsIt1Tablet-2":"Na domovskú stránku sa vždy dostanete prejdením prstom smerom od spodného okraja obrazovky.","thatsIt2Tablet-2":"Poďme na to!","tutorial-step1-tiny":"Prechádzaním prstom sprava doľava si prezeráte svoje aplikácie.","tutorial-step2-tiny":"Pridržaním ikony prstom ju môžete odstrániť alebo presunúť.","tutorial-step3-tiny":"Zadajte kľúčové slovo alebo tému a Váš telefón sa okamžite prispôsobí.","tutorial-step4-tiny":"Prechádzaním prstom nadol si prezeráte upozornenia, nastavenia a informácie o autoroch.","tutorial-step5-tiny":"Pridržaním tlačidla Domov si prezeráte alebo ukončujete bežiace aplikácie.","tutorial-step6-tiny":"Prechádzaním prstom od okraja obrazovky sa presúvate medzi naposledy použitými aplikáciami.","tutorial-step1-large-2":"Prejdením prstom zhora nadol pristupujete k najnovším notifikáciám, informáciám o kredite a nastaveniam.","tutorial-step2-large-2":"Prechádzaním prstom zľava alebo sprava objavujete nové aplikácie na domovskej obrazovke.","tutorial-step3-large-2":"Pridržaním ikony prstom ju môžete odstrániť alebo presunúť.","tutorial-step4-large-2":"Prejdením dvoma prstami smerom od spodného okraja obrazovky vyvoláte zobrazenie kariet.","offline-dialog-title":"Na prehliadanie tejto stránky potrebujete byť pripojený k internetu.","offline-dialog-text":"Vráťte sa, prosím, naspäť a pripojte sa k internetu. Túto stránku si tiež môžete prehliadať z nastavení, alebo ak zadáte {{url}} do prehliadača.","OK":"OK","offline-newsletter-dialog-title":"Na prihlásenie k odberu noviniek musíte byť pripojený k internetu.","offline-newsletter-dialog-text":"Vráťte sa, prosím, naspäť a pripojte sa k internetu.","invalid-email-dialog-title":"Váš e-mail je neplatný","invalid-email-dialog-text":"Vráťte sa, prosím, naspäť a opravte ho.","cancel":"Zrušiť","weekday-0-long":"Nedeľa","weekday-1-long":"Pondelok","weekday-2-long":"Utorok","weekday-3-long":"Streda","weekday-4-long":"Štvrtok","weekday-5-long":"Piatok","weekday-6-long":"Sobota","weekday-0-short":"Ne","weekday-1-short":"Po","weekday-2-short":"Ut","weekday-3-short":"St","weekday-4-short":"Št","weekday-5-short":"Pi","weekday-6-short":"So","month-0-long":"Január","month-1-long":"Február","month-2-long":"Marec","month-3-long":"Apríl","month-4-long":"Máj","month-5-long":"Jún","month-6-long":"Júl","month-7-long":"August","month-8-long":"September","month-9-long":"Október","month-10-long":"November","month-11-long":"December","month-0-genitive":"januára","month-1-genitive":"februára","month-2-genitive":"marca","month-3-genitive":"apríla","month-4-genitive":"mája","month-5-genitive":"júna","month-6-genitive":"júla","month-7-genitive":"augusta","month-8-genitive":"septembra","month-9-genitive":"októbra","month-10-genitive":"novembra","month-11-genitive":"decembra","month-0-short":"jan","month-1-short":"feb","month-2-short":"mar","month-3-short":"apr","month-4-short":"máj","month-5-short":"jún","month-6-short":"júl","month-7-short":"aug","month-8-short":"sep","month-9-short":"okt","month-10-short":"nov","month-11-short":"dec","minutes-ago-long":{"_index":["plural","value"],"_":{"zero":"teraz","one":"pred minútou","two":"pred {{value}} minútami","few":"pred {{value}} minútami","many":"pred {{value}} minútami","other":"pred {{value}} minútami"}},"hours-ago-long":{"_index":["plural","value"],"_":{"zero":"teraz","one":"pred hodinou","two":"pred {{value}} hodinami","few":"pred {{value}} hodinami","many":"pred {{value}} hodinami","other":"pred {{value}} hodinami"}},"days-ago-long":{"_index":["plural","value"],"_":{"zero":"dnes","one":"včera","two":"pred {{value}} dňami","few":"pred {{value}} dňami","many":"pred {{value}} dňami","other":"pred {{value}} dňami"}},"weeks-ago-long":{"_index":["plural","value"],"_":{"zero":"tento týždeň","one":"minulý týždeň","two":"pred {{value}} týždňami","few":"pred {{value}} týždňami","many":"pred {{value}} týždňami","other":"pred {{value}} týždňami"}},"months-ago-long":{"_index":["plural","value"],"_":{"zero":"tento mesiac","one":"minulý mesiac","two":"pred {{value}} mesiacmi","few":"pred {{value}} mesiacmi","many":"pred {{value}} mesiacmi","other":"pred {{value}} mesiacmi"}},"years-ago-long":{"_index":["plural","value"],"_":{"zero":"tento rok","one":"minulý rok","two":"pred {{value}} rokmi","few":"pred {{value}} rokmi","many":"pred {{value}} rokmi","other":"pred {{value}} rokmi"}},"minutes-until-long":{"_index":["plural","value"],"_":{"zero":"teraz","one":"o minútu","two":"o {{value}} minúty","few":"o {{value}} minúty","many":"o {{value}} minút","other":"o {{value}} minút"}},"hours-until-long":{"_index":["plural","value"],"_":{"zero":"teraz","one":"o hodinu","two":"o {{value}} hodiny","few":"o {{value}} hodiny","many":"o {{value}} hodín","other":"o {{value}} hodín"}},"days-until-long":{"_index":["plural","value"],"_":{"zero":"dnes","one":"zajtra","two":"o {{value}} dni","few":"o {{value}} dni","many":"o {{value}} dní","other":"o {{value}} dní"}},"weeks-until-long":{"_index":["plural","value"],"_":{"zero":"tento týždeň","one":"budúci týždeň","two":"o {{value}} týždne","few":"o {{value}} týždne","many":"o {{value}} týždňov","other":"o {{value}} týždňov"}},"months-until-long":{"_index":["plural","value"],"_":{"zero":"tento mesiac","one":"budúci mesiac","two":"o {{value}} mesiace","few":"o {{value}} mesiace","many":"o {{value}} mesiacov","other":"o {{value}} mesiacov"}},"years-until-long":{"_index":["plural","value"],"_":{"zero":"tento rok","one":"budúci rok","two":"o {{value}} roky","few":"o {{value}} roky","many":"o {{value}} rokov","other":"o {{value}} rokov"}},"minutes-ago-short":{"_index":["plural","value"],"_":{"zero":"teraz","other":"pred {{value}}m"}},"hours-ago-short":{"_index":["plural","value"],"_":{"zero":"teraz","other":"pred {{value}}h"}},"days-ago-short":{"_index":["plural","value"],"_":{"zero":"dnes","other":"pred {{value}}d"}},"minutes-until-short":{"_index":["plural","value"],"_":{"zero":"teraz","other":"o {{value}}m"}},"hours-until-short":{"_index":["plural","value"],"_":{"zero":"teraz","other":"o {{value}}h"}},"days-until-short":{"_index":["plural","value"],"_":{"zero":"dnes","other":"o {{value}}d"}},"incorrectDate":"(neplatný dátum)","dateTimeFormat_%c":"%a, %e. %b %Y %H:%M:%S","dateTimeFormat_%x":"%d.%m.%Y","dateTimeFormat_%X":"%H:%M:%S","shortTimeFormat":"%H:%M","shortDateTimeFormat":"%x %H:%M","weekStartsOnMonday":"1","time_am":"AM","time_pm":"PM","tz-region":"Kontinent","tz-city":"Mesto","tzRegion-Africa":"Afrika","tzRegion-America":"Amerika","tzRegion-Antarctica":"Antarktída","tzRegion-Asia":"Ázia","tzRegion-Atlantic":"Atlantik","tzRegion-Australia":"Austrália","tzRegion-Europe":"Európa","tzRegion-Indian":"Oceánia","tzRegion-Pacific":"Pacifik","close":"Close","import":"Import","update":"Update","fbFriends":"Facebook Friends","live-serviceName":"Outlook","gmail-serviceName":"Gmail","facebook-serviceName":"Facebook Friends","selectAll":"Select all","deselectAll":"Deselect all","viewAll":"View All Facebook Friends","viewRecommend":"View Only Recommended","linkProposal":{"_index":["plural","numFriends"],"_":{"zero":"No matching friends. Showing all","one":"Select the recommended one","two":"Select a recommended one","few":"Select a recommended one","many":"Select a recommended one","other":"Select a recommended one"}},"fbFriendsFound":{"_index":["plural","numFriends"],"_":{"zero":"All your friends are imported","one":"Found one friend to import","two":"Found {{numFriends}} friends to import","few":"Found {{numFriends}} friends to import","many":"Found {{numFriends}} friends to import","other":"Found {{numFriends}} friends to import"}},"facebook":"Facebook","search-contact":{"placeholder":"Search"},"noResults":"No contacts found","done-search":"Done","progressFB3ImportTitle":"Importing friends to Contacts","progressFB":"{{current}}/{{total}}","progressFB3UpdateTitle":"Updating friends in Contacts","message2":"This may take a couple of minutes","messageLinking":"Please hold on. We are linking your friend and your contact.","messageCanceling":"Please hold on. We are canceling the ongoing operation.","error1":"Error {{from}}","error2":"Do you want to retry?","errorProposal":"calculating proposals","errorFriends":"retrieving friends","errorLinking":"linking contact","timeout1":"Exceeded timeout {{from}}","timeout2":"Do you want to retry?","timeoutProposal":"calculating proposals","timeoutFriends":"retrieving friends","timeoutLinking":"linking contacts","wait1":"Please hold on","wait2":"This may take a couple of minutes","waitProposal":"Please hold on. We are calculating a proposal.","waitFriends":"Please hold on. We are connecting to obtain your friend list.","curtainCancel":"Cancel","curtainRetry":"Retry","curtainOK":"OK","connectionLost":"No Internet connection","connectionLostMsg":"Friends’ photos will not be added to your contacts. Continue anyway?","yesOption":"OK","noOption":"Cancel","friendsUpdated":{"_index":["plural","numFriends"],"_":{"zero":"No friends updated","one":"Updated one friend","two":"Updated {{numFriends}} friends","few":"Updated {{numFriends}} friends","many":"Updated {{numFriends}} friends","other":"Updated {{numFriends}} friends"}},"notificationLogin":"Your Facebook session is invalid. Please sign in.","syncError":"There was an error synchronizing your friend’s data","callAirplaneModeMessage":"Ak chcete uskutočniť hovor, musíte vypnúť režim V lietadle.","callAirplaneModeBtnOk":"OK","callAirplaneModeTitle":"Aktivovaný režim V lietadle","numberIsBusyTitle":"Číslo je zaneprázdnené","numberIsBusyMessage":"Číslo je momentálne zaneprázdnené. Skúste to neskôr.","fdnIsActiveTitle":"FDN active","fdnIsActiveMessage":"FDN (Fixed Dialing Numbers) is activated and the following number is not in your FDN list: {{ number }}","voiceMail":"Hlasová správa","emergencyNumber":"Tiesňové číslo","emergencyDialogBodyBadNumber":"Ak chcete uskutočniť hovor, telefón musí byť pripojený do siete.","emergencyDialogBodyDeviceNotAccepted":"Tiesňové volania nie sú v tejto sieti podporované.","emergencyDialogBtnOk":"OK","emergencyDialogTitle":"Bez pripojenia k sieti","invalidNumberToDialTitle":"Neplatné telefónne číslo","invalidNumberToDialMessage":"Volané číslo nie je platné.","unableToCallTitle":"Teraz nie je možné uskutočniť hovor","unableToCallMessage":"Nie je možné uskutočniť hovor. Ak už vytáčate číslo, prosím, najskôr zaveste.","otherConnectionInUseTitle":"Práve sa používa iné spojenie","otherConnectionInUseMessage":"Práve prebieha hovor v ďalšom vašom spojení. Naraz je možné využívať len jedno spojenie.","addNewNumber":"Add new number","addToExistingContact":"Pridať k existujúcemu kontaktu","all":"Všetky","asterisk":{"ariaLabel":"Asterisk"},"callLog":"Denník volaní","callLogEdit":{"title":"Edit call log"},"callLogEditDialog":{"ariaLabel":"Edit call log dialog"},"connecting":"Pripája sa","cf-async":"Asynchrónne: {{ async }}\\n","cf-data":"Dáta: {{ data }}\\n","cf-error":"Počas zisťovania stavu presmerovania hovorov sa vyskytla chyba","cf-fax":"Fax: {{ fax }}\\n","cf-inactive":"Neaktívne","cf-packet":"Paket: {{ packet }}\\n","cf-pad":"PAD: {{ pad }}\\n","cf-sms":"SMS: {{ sms }}\\n","cf-status":"Stav presmerovania hovorov\\n","cf-sync":"Synchrónny: {{ sync }}\\n","cf-voice":"Hlas: {{ voice }}\\n","confirm-deletion":"Vymazať zvolené volania?","contacts":"Kontakty","createNewContact":"Vytvoriť nový kontakt","delete":"Delete","dialerAddContact":{"ariaLabel":"Add contact"},"dialerAddContactDialog":{"ariaLabel":"Add Contact Dialog"},"edit-selected":{"_index":["plural","n"],"_":{"one":"{{ n }} zvolený","two":"{{ n }} zvolené","few":"{{ n }} zvolené","many":"{{ n }} zvolených","other":"{{ n }} zvolených"}},"edit":"Upraviť","hashSign":{"ariaLabel":"Hash sign"},"hideKeypad":{"ariaLabel":"Hide keypad"},"ignore":"Ignorovať hovor","incoming":"Prichádzajúci","keypad":{"ariaLabel":"Keypad"},"keypadDelete":{"ariaLabel":"Delete"},"makeCall":{"ariaLabel":"Make call"},"merge":"Spojiť","missed":"Zmeškané","missedCall":"Zmeškaný hovor","missedCallMultiSims":"Zmeškaný hovor na karte SIM{{ n }}","mmi-error":"Počas odosielania správy sa vyskytla chyba","mmi-session-expired":"Relácia vypršala","mmi-successfully-sent":"Správa bola úspešne odoslaná","mute":{"ariaLabel":"Mute"},"newCall":{"ariaLabel":"New call"},"no-logs-msg-1":"Nie sú zaznamenané žiadne hovory","no-logs-msg-2":"Začnite komunikovať","no-logs-msg-3":"Žiadne zmeškané hovory","phoneNumberInput":{"ariaLabel":"Phone number"},"recents":{"ariaLabel":"Recent calls"},"reply":"Odpovedať","switch-calls":"Prepnúť hovory","today":"Dnes","voiceMailKey":{"ariaLabel":"Voicemail"},"withheld-number":"Utajené číslo","from-contact":"Od: {{ contact }}","from-number":"Od: {{ number }}","from-withheld-number":"Z utajeného čísla","yesterday":"Včera","sending":"Odosiela sa…","speakerOption":{"ariaLabel":"Speaker"},"ussd-services":"Služby {{ operator }}","toggleKeypad":{"ariaLabel":"Toggle keypad"},"type-your-response":{"placeholder":"Zadajte svoju odpoveď…"},"clear-all-text":"Vymazať text","hide":"Skryť","call":"Volať","hold":"Podržať","resume":"Obnoviť","sendSms":"Odoslať správu","callEnded":"Hovor ukončený","via-sim":"cez SIM{{ n }}","sim-number":"SIM{{ n }}","hangup-a11y-button":{"aria-label":"Položiť"},"pickup-a11y-button":{"aria-label":"Zdvihnúť"},"unlock-a11y-button":{"aria-label":"Vysúvač"},"settings":"Nastavenia","delete-n-log?":{"_index":["plural","n"],"_":{"zero":"Nie je zvolený záznam","one":"Odstrániť zvolený záznam?","two":"Odstrániť {{ n }} záznamy?","few":"Odstrániť {{ n }} záznamy?","many":"Odstrániť {{ n }} záznamov?","other":"Odstrániť {{ n }} záznamov?"}},"callDurationMinutes":"{{ m }}:{{ s }}","callDurationHours":"{{ h }}:{{ m }}:{{ s}}","suggestionMatches":{"_index":["plural","n"],"_":{"one":"{{ n }} zhoda pre \"{{ matchNumber }}\"","two":"{{ n }} zhody pre \"{{ matchNumber }}\"","few":"{{ n }} zhody pre \"{{ matchNumber }}\"","many":"{{ n }} zhôd pre \"{{ matchNumber }}\"","other":"{{ n }} zhôd pre \"{{ matchNumber }}\""}},"scCallBarring":"Blok. hovorov","scCallForwarding":"Presmer. hovoru","scClip":"ID prich. hovoru","scClir":"ID odch. hovoru","scPwd":"Zmena hesla","scCallWaiting":"Čakajúci hovor","scPin":"Zmena PIN","scPin2":"Zmena PIN2","scPuk":"Odblokovanie PIN","scPuk2":"Odblokovať PIN2","scImei":"IMEI","scUssd":"USSD","serviceClassVoice":"Hlas","serviceClassData":"Dáta","serviceClassFax":"FAX","serviceClassSms":"SMS","serviceClassDataSync":"Sync","serviceClassDataAsync":"Async","serviceClassPacket":"Packet","serviceClassPad":"PAD","smServiceEnabled":"Služba bola povolená","smServiceDisabled":"Služba bolo zakázaná","smServiceRegistered":"Registrácia bola úspešná","smServiceErased":"Vymazanie bolo úspešné","smServiceInterrogated":"Požiadavka bola úspešná","smServiceNotProvisioned":"Služba nie je povolená","smClirPermanent":"Nemôžete zmeniť nastavenie identifikátora volajúceho","smClirDefaultOnNextCallOn":"Identifikátor volajúceho je predvolene utajený. Ďalší hovor: utajený","smClirDefaultOnNextCallOff":"Identifikátor volajúceho je predvolene utajený. Ďalší hovor: neutajený","smClirDefaultOffNextCallOn":"Identifikátor volajúceho je predvolene neutajený. Ďalší hovor: utajený","smClirDefaultOffNextCallOff":"Identifikátor volajúceho je predvolene neutajený. Ďalší hovor: neutajený","smServiceEnabledFor":"Služba bola povolená pre:","smPinChanged":"Kód PIN bol úspešne zmenený","smPinUnblocked":"Kód PIN bol úspešne odblokovaný","smPin2Changed":"Kód PIN2 bol úspešne zmenený","smPin2Unblocked":"Kód PIN2 bol úspešne odblokovaný","emMmiError":"Problém s pripojením alebo neplatný kód MMI","emMmiErrorPasswordIncorrect":"Nesprávne heslo","emMmiErrorNotSupported":"Neplatný alebo nepodporovaný kód MMI","emMmiErrorInvalidAction":"Neplatná akcia","emMmiErrorInvalidScCode":"Neplatný kód služby","emMmiErrorBadPuk":"Zadaný kód PUK nie je správny.","emMmiErrorBadPin":"Starý kód PIN nie je správny.","emMmiErrorNeedPuk2":"Na odblokovanie karty SIM zadajte kód PUK2","emMmiErrorMismatchPin":"Zadané kódy PIN sa nezhodujú","emMmiErrorInvalidPin":"Zadajte kód PIN, ktorý má 4 až 8 číslic","emMmiErrorNeedsPuk":"Vaša karta SIM je uzamknutá kódom PUK","emMmiErrorEnablePin":"Neúspešné. Povoľte SIM/RUIM LOCK","emMmiErrorMmiFdn":"Operácia je obmedzená len na pevný zoznam povolených čísiel","emMmiErrorStkCcUssdDial":"Požiadavka USSD je zmenená na požiadavku DIAL","emMmiErrorStkCcUssdSs":"Požiadavka USSD je zmenená na požiadavku SS","emMmiErrorStkCcUssdUssd":"Požiadavka USSD je zmenená na novú požiadavku USSD","emMmiErrorStkCcSsDial":"Požiadavka SS je zmenená na požiadavku DIAL","emMmiErrorStkCcSsUssd":"Požiadavka SS je zmenená na požiadavku USSD","emMmiErrorStkCcSsSs":"Požiadavka SS je zmenená na novú požiadavku SS","emMmiErrorPinPukAttempts":{"_index":["plural","n"],"_":{"one":"Zostáva už len {{ n }} pokus","two":"Zostávajú {{ n }} pokusy","few":"Zostávajú {{ n }} pokusy","many":"Zostáva {{ n }} pokusov","other":"Zostáva {{ n }} pokusov"}},"emMmiErrorSimBlocked":"Dosiahli ste maximálny povolený počet pokusov. Karta SIM je zablokovaná.","RadioNotAvailable":"Sieť nie je dostupná","GenericFailure":"Všeobecné zlyhanie","PasswordIncorrect":"Neplatné heslo","SimPin2":"SIM PIN2","SimPuk2":"SIM PUK2","RequestNotSupported":"Požiadavka nie je podporovaná","OpNotAllowedDuringVoiceCall":"Operácia nie je povolená počas hlasového hovoru","SmsSendFailRetry":"Opakované zlyhanie odoslania správy SMS","SimAbsent":"Chýbajúca karta SIM","SubscriptionNotAvailable":"Odber nie je dostupný","ModeNotSupported":"Režim nie je podporovaný","FdnCheckFailure":"Kontrola Fdn zlyhala","IllegalSimOrMe":"Neplatná SIM alebo ME","DialModifiedToUssd":"Dial upravené na USSD","DialModifiedToSs":"Dial upravené na SS","DialModifiedToDial":"Dial upravené na dial","UssdModifiedToDial":"USSD upravené na dial","UssdModifiedToSs":"USSD upravené na SS","UssdModifiedToUssd":"USSD upravené na USSD","SsModifiedToDial":"SS upravené na dial","SsModifiedToUssd":"SS upravené na USSD","SsModifiedToSs":"SS upravené na SS","SubscriptionNotSupported":"Odber nie je podporovaný","InvalidParameter":"Neplatný parameter","RejectedByRemote":"Zamietnuté vzdialenou stranou","group-call":{"_index":["plural","n"],"_":{"one":"Skupinový hovor ({{ n }})","two":"Skupinový hovor ({{ n }})","few":"Skupinový hovor ({{ n }})","many":"Skupinový hovor ({{ n }})","other":"Skupinový hovor ({{ n }})"}},"caller-left-call":"{{ caller }} opustil hovor.","conferenceAddError":"Nie je možné spojiť hovory","conferenceRemoveError":"Nie je možné rozdeliť hovory","longDateFormat":"%A, %e. %Eb","select-audio-sources":"Zvoľte zdroje zvuku","bluetooth-handsfree-device":"Bluetooth zariadenie handsfree","receiver":"Prijímač","speaker":"Reproduktor","add":"Pridať","done":"Hotovo","retry":"Opakovať","addContact":"Pridať kontakt","deleteContact":"Odstrániť kontakt","selectContact":"Vybrať kontakt","editContact":"Upraviť","deleteConfirmMsg":"Naozaj chcete odstrániť tento kontakt?","remove":"Odstrániť","comments":"Komentáre","no_contact_phones":"Tento kontakt nemá priradené telefónne číslo","no_contact_email":"Tento kontakt nemá priradenú e-mailovú adresu","removePhotoConfirm":"Odstrániť obrázok kontaktu?","loadingContacts":"Načítavajú sa kontakty…","noContactsActivity":"Nie je možné pridať k existujúcemu kontaktu, pretože váš zoznam kontaktov je prázdny.","noName":"Bez mena","givenName":{"placeholder":"Meno"},"familyName":{"placeholder":"Priezvisko"},"tel":{"placeholder":"Telefón"},"carrier":{"_":"Operátor","placeholder":"Operátor"},"separator":",","email":{"_":"E-mail","placeholder":"E-mail"},"streetAddress":{"placeholder":"Ulica"},"postalCode":{"placeholder":"PSČ"},"locality":{"placeholder":"Mesto"},"countryName":{"placeholder":"Krajina"},"comment":{"placeholder":"Komentár"},"org":{"placeholder":"Firma"},"custom":"Vlastná značka","date":{"_":"Dátum","placeholder":"Dátum"},"date-span-placeholder":"Date","birthday":"Narodeniny","dateFormat":"%e. %Eb","dateOutput":"{{dayMonthFormatted}} {{year}}","anniversary":"Výročie","addPhoto":"Pridať fotografiu","addPhone":"Pridať telefónne číslo","addEmail":"Pridať e-mailovú adresu","addAddress":"Pridať poštovú adresu","addDate":"Pridať dátum","addComment":"Pridať komentár","addFavorite":"Nastaviť ako obľúbený","removeFavorite":"Odobrať z obľúbených","label":"Označenie","home":"Domov","work":"Práca","personal":"Osobné","faxHome":"Fax domov","faxOffice":"Fax kancelária","faxOther":"Fax ostatné","another":"Ďalšie","other":"Iné","current":"Aktuálna","itemWithLabel":"{{label}}, {{item}}","exit":"Ukončiť","expand":"Rozbaliť","labelName":"Meno:","labelLastName":"Priezvisko:","labelPhoneNumber":"Telefónne číslo:","labelCarrier":"Operátor:","labelEmail":"E-mail:","labelStreet":"Ulica:","labelZip":"PSČ:","labelCity":"Mesto:","labelCountry":"Krajina:","labelComment":"Komentár:","legendTitleMain":"Hlavné informácie","legendPhones":"Telefónne čísla","legendEmail":"E-mailové adresy","legendAddress":"Adresy","transferContactsTitle":"Prenos kontaktov","importContactsTitle":"Import kontaktov","importContactsButton":"Importovať kontakty","exportContactsTitle":"Export kontaktov","exportContactsButton":"Exportovať kontakty","exportContactsAction":"Exportovať","simExport-title":"Exportovať na kartu SIM","sdExport-title":"Exportovať na kartu SD","btExport-title":"Exportovať cez Bluetooth","sdUMSEnabled":"Nie je možné použiť kartu SD, pretože je práve povolené úložisko USB","exportErrorTitle":"Chyba pri exporte","contactsExported2":{"_index":["plural","exported"],"_":{"zero":"Neboli exportované žiadne kontakty","one":"Exportovaný {{exported}} kontakt z {{total}} celkom","two":"Exportované {{exported}} kontakty z {{total}} celkom","few":"Exportované {{exported}} kontakty z {{total}} celkom","many":"Exportovaných {{exported}} kontaktov z {{total}} celkom","other":"Exportovaných {{exported}} kontaktov z {{total}} celkom"}},"exportError-general":"Počas exportu sa vyskytla chyba","exportError-SD-shared":"Nie je možné pristúpiť k pamäťovej karte, pretože je práve zdieľaná","exportError-SD-unavailable":"Pamäťová karta nie je dostupná","exportError-SD-noSpace":"Na exportovanie kontaktov nie je na pamäťovej karte dostatok voľného miesta","exportError-SIM-unavailable":"Karta SIM nie je dostupná","exportError-BT-shared":"Nie je možné pristúpiť k pamäťovej karte, pretože je práve zdieľaná","exportError-BT-unavailable":"Pamäťová karta nie je dostupná","exportError-BT-noSpace":"Na exportovanie kontaktov nie je na pamäťovej karte dostatok voľného miesta","simContacts-import":"Import kontaktov z karty SIM","simContacts-importing":"Prebieha import kontaktov z karty SIM…","simContacts-reading":"Prebieha čítanie z karty SIM…","simContacts-error":"Kontakty z karty SIM sa nepodarilo naimportovať","simContacts-imported3":{"_index":["plural","n"],"_":{"zero":"Na karte SIM neboli nájdené žiadne kontakty","one":"Naimportoval sa jeden kontakt","two":"Naimportovali sa {{n}} kontakty","few":"Naimportovali sa {{n}} kontakty","many":"Naimportovalo sa {{n}} kontaktov","other":"Naimportovalo sa {{n}} kontaktov"}},"noSimMsgExport":"Ak chcete exportovať kontakty, vložte alebo odblokujte kartu SIM","simNumber":"SIM{{number}}","memoryCardContacts-import":"Importovanie kontaktov z pamäťovej karty","memoryCardContacts-importing":"Importujú sa kontakty z pamäťovej karty…","memoryCardContacts-reading":"Čítajú sa údaje z pamäťovej karty…","memoryCardContacts-error":"Kontakty z pamäťovej karty nebolo možné naimportovať ","memoryCardContacts-imported3":{"_index":["plural","n"],"_":{"zero":"Na pamäťovej karte neboli nájdené žiadne kontakty","one":"Naimportoval sa jeden kontakt","two":"Naimportovali sa {{n}} kontakty","few":"Naimportovali sa {{n}} kontakty","many":"Naimportovalo sa {{n}} kontaktov","other":"Naimportovalo sa {{n}} kontaktov"}},"noMemoryCardMsgExport":"Ak chcete exportovať kontakty, vložte pamäťovú kartu","genericProgress":"{{current}}/{{total}}","social-network":"Sociálne siete","social-link":"Prepojiť kontakt","social-unlink":"Odpojiť kontakt","social-unlink-confirm-title":"Chcete vášho priateľa odpojiť?","social-unlink-confirm-accept":"Odpojiť","facebook-import":"Importovať priateľov z Facebooku","show-fb-profile":"Zobraziť profil na Facebooku","msg-send":"Správa","wall-post":"Príspevok na nástenku","facebook-import-msg":{"_index":["plural","imported"],"_":{"zero":"Zatiaľ žiadny z {{total}} priateľov","one":"Pridaný 1 z {{total}} priateľov","two":"Pridaní {{imported}} z {{total}} priateľov","few":"Pridaní {{imported}} z {{total}} priateľov","many":"Pridaní {{imported}} z {{total}} priateľov","other":"Pridaní {{imported}} z {{total}} priateľov"}},"facebookSwitchMsg":"Synchronizovať","select_mobile":"Voľba telefónu","select_email":"Voľba e-mailu","contactsOrderBy":"Zoradiť podľa priezviska","bluetooth":"Bluetooth","fbUpdateFriends":"Aktualizovať priateľov","cleaningFbData":"Odstránenie údajov z Facebooku","loggingOutFb":"Odhlásenie z Facebooku","cleanFbConfirmMsg":"Odstrániť všetky údaje z Facebooku?","renewPwdMsg":"Vaše heslo na Facebooku sa zmenilo. Aktualizujte ho prosím. ","notEnabledYet":"Doteraz nepovolené","genericNoConnection":"Ak chcete naimportovať kontakty, pripojte sa k sieti Wi-Fi alebo dátovej sieti","simCard":"Karta SIM","memoryCard":"Pamäťová karta","create-new":"Vytvorenie nového kontaktu","import-now":"Import kontaktov z karty SIM alebo Facebooku ","no-contacts":"Žiadne kontakty","start-adding":"Začnite s ich pridávaním","notImported":"Neimportované","imported":"Importované","organise-contacts":"Organizovať kontakty","find-merge-contacts":"Vyhľadať zdvojené kontakty","preparing-contacts":"Pripravujú sa kontakty","exportError-SIM-NoFreeRecordFound":"Karta SIM je plná","exportError-SIM-CannotAccessPhoneBook":"Nie je možné načítať kontakty na karte SIM","exportError-SIM-Unavailable":"Žiadna karta SIM","exportError-SIM-GenericError":"Pri exportovaní kontaktu sa vyskytla chyba","ContactManagementTitle":"Contacts Management","DeleteTitle":"Delete","bulkDeleteButton":"Delete Contacts","BulkDelCancel":"Contacts delete cancelled","DeletedTxt":{"_index":["plural","n"],"_":{"zero":"No Contact to Delete","one":"1 Contact removed","two":"{{n}} Contacts removed","few":"{{n}} Contacts removed","many":"{{n}} Contacts removed","other":"{{n}} Contacts removed"}},"DeletingContacts":"Deleting contacts","ContactConfirmDel":{"_index":["plural","n"],"_":{"zero":"No Contact to Delete","one":"Delete 1 Contact? This cannot be undone.","two":"Delete {{n}} Contacts? This cannot be undone.","few":"Delete {{n}} Contacts? This cannot be undone.","many":"Delete {{n}} Contacts? This cannot be undone.","other":"Delete {{n}} Contacts? This cannot be undone."}},"SelectedTxt":{"_index":["plural","n"],"_":{"zero":"Contacts","one":"{{n}} selected","two":"{{n}} selected","few":"{{n}} selected","many":"{{n}} selected","other":"{{n}} selected"}},"sim-picker-dial-via-with-number":"Volať {{ phoneNumber }} cez","sim-picker-select-sim":"Zvoľte kartu SIM","sim-picker-button":"SIM{{ n }}","sim-picker-button-default":"(predvolená)","waitDuplicateContacts":"Vyhľadávajú sa zdvojené kontakty","waitMergingDuplicateContacts":"Zdvojené kontakty sa spájajú","alertNoDuplicateContacts":"Neboli nájdené žiadne zdvojené kontakty","mergeDuplicateTitle":"Zdvojené záznamy","suggestedDuplicateContacts":"Možné zdvojené záznamy pre kontakt {{name}}:","mergeActionButtonLabel":{"_index":["plural","n"],"_":{"zero":"Nie sú zvolené žiadne kontakty","one":"Spojiť s týmto kontaktom","other":"Spojiť s {{n}} kontaktami"}},"duplicatesFoundTitle":"Zdvojené kontakty","duplicatesFoundMessage":"Informácie o {{name}} boli nájdené v nasledovných kontaktoch"}