{"brandShortName":"B2G OS","browserBrandShortName":"Shfletues Web","browserBrandFullName":"Shfletuesi Web i Mozilla-s","back":"Mbrapsht","noSimMsg":"Që të importohen kontakte, futni ose zhbllokoni kartën tuaj SIM","noMemoryCardMsg":"Që të importohen kontakte, futni një kartë kujtese","importMemoryCard":"Kartë kujtese","noConnection11":"Që të importoni shokë nga Facebook-u, bëni lidhjen me rrjetin Wi-Fi ose të të dhënave","pincode2":"Jepni kodin PIN","type_pin":"Shtypni kodin tuaj PIN","pincodeLabel":"PIN SIM-i {{n}}","pinValidation":"PIN-i duhet të ketë nga 4 deri 8 shenja.","pinError":"PIN-i qe i pasaktë.","pinAttemptMsg2":{"_index":["plural","n"],"_":{"one":"Ju mbetet ende një provë që të jepni kodin e saktë, përpara se të kyçet karta SIM.","two":"Ju mbeten ende {{n}} prova që të jepni kodin e saktë, përpara se të kyçet karta SIM.","few":"Ju mbeten ende {{n}} prova që të jepni kodin e saktë, përpara se të kyçet karta SIM.","many":"Ju mbeten ende {{n}} prova që të jepni kodin e saktë, përpara se të kyçet karta SIM.","other":"Ju mbeten ende {{n}} prova që të jepni kodin e saktë, përpara se të kyçet karta SIM."}},"pinLastChanceMsg":"Ky është shansi juaj i fundit që të jepni PIN-in e saktë. Përndryshe, duhet të jepni kodin PUK që të përdorni këtë kartë SIM.","pukcode":"Jepni kodin PUK","pukcodeTitle":"Jepni PUK SIM-i {{n}}","pukcodeLabel":"PUK SIM-i {{n}}","type_puk":"Kodi PUK","pukValidation":"Kodi PUK duhet të ketë saktësisht 8 shenja.","pukInfo":"Duhet të jepni Kodin e Kyçit Personal të Çkyçjes (PUK) për kartën SIM. Për më tepër të dhëna shihni dokumentimin e kartës suaj SIM ose lidhuni me operatorin tuaj.","pukError":"PUK-u qe i pasaktë.","pukAttemptMsg2":{"_index":["plural","n"],"_":{"one":"Ju mbetet ende një provë që të jepni kodin e saktë, përpara se kjo kartë SIM të bëhet përgjithmonë e papërdorshme. Për më tepër të dhëna shihni dokumentimin e kartës suaj SIM ose lidhuni me operatorin tuaj.","two":"Ju mbeten ende {{n}} prova që të jepni kodin e saktë, përpara se kjo kartë SIM të bëhet përgjithmonë e papërdorshme. Për më tepër të dhëna shihni dokumentimin e kartës suaj SIM ose lidhuni me operatorin tuaj.","few":"Ju mbeten ende {{n}} prova që të jepni kodin e saktë, përpara se kjo kartë SIM të bëhet përgjithmonë e papërdorshme. Për më tepër të dhëna shihni dokumentimin e kartës suaj SIM ose lidhuni me operatorin tuaj.","many":"Ju mbeten ende {{n}} prova që të jepni kodin e saktë, përpara se kjo kartë SIM të bëhet përgjithmonë e papërdorshme. Për më tepër të dhëna shihni dokumentimin e kartës suaj SIM ose lidhuni me operatorin tuaj.","other":"Ju mbeten ende {{n}} prova që të jepni kodin e saktë, përpara se kjo kartë SIM të bëhet përgjithmonë e papërdorshme. Për më tepër të dhëna shihni dokumentimin e kartës suaj SIM ose lidhuni me operatorin tuaj."}},"pukLastChanceMsg":"Ky është shansi juaj i fundit që të jepni kodin e saktë PUK. Karta juaj SIM do të bëhet përgjithmonë e papërdorshme, nëse jepni kod PUK të gabuar.","create_newpin":"Krijoni PIN të ri (4 deri 8 shifra)","confirm_newpin":"Ripohoni PIN-in e ri","newpinConfirmation":"PIN-et nuk përputhen","nckcode":"Jepni kodin NCK","cckcode":"Jepni kodin CCK","spckcode":"Jepni kodin SPCK","nck1code":"Enter NCK1 code","nck2code":"Enter NCK2 code","hnckcode":"Enter HNCK code","rcckcode":"Enter RCCK code","rspckcode":"Enter RSPCK code","nckcodeTitle":"Jepni NCK SIM-i {{n}}","cckcodeTitle":"Jepni CCK SIM-i {{n}}","spckcodeTitle":"Jepni SPCK SIM-i {{n}}","nck1codeTitle":"Enter SIM {{n}} NCK1","nck2codeTitle":"Enter SIM {{n}} NCK2","hnckcodeTitle":"Enter SIM {{n}} HNCK","rcckcodeTitle":"Enter SIM {{n}} RCCK","rspckcodeTitle":"Enter SIM {{n}} RSPCK","nckcodeLabel":"NCK SIM-i {{n}}","cckcodeLabel":"CCK SIM-i {{n}}","spckcodeLabel":"SPCK {{n}} SIM-i","nck1codeLabel":"SIM {{n}} NCK1","nck2codeLabel":"SIM {{n}} NCK2","hnckcodeLabel":"SIM {{n}} HNCK","rcckcodeLabel":"SIM {{n}} RCCK","rspckcodeLabel":"SIM {{n}} RSPCK","type_nck":"Shtypni kodin tuaj NCK","type_cck":"Shtypni kodin tuaj CCK","type_spck":"Shtypni kodin tuaj SPCK","type_nck1":"Type your NCK1 code","type_nck2":"Type your NCK2 code","type_hnck":"Type your HNCK code","type_rcck":"Type your RCCK code","type_rspck":"Type your RSPCK code","nckValidation":"NCK-ja duhet të ketë nga 8 deri në 16 shenja.","cckValidation":"CCK-ja duhet të ketë nga 8 deri në 16 shenja.","spckValidation":"SPCK-ja duhet të ketë nga 8 deri në 16 shenja.","nck1Validation":"NCK1 must have between 8 and 16 characters.","nck2Validation":"NCK2 must have between 8 and 16 characters.","hnckValidation":"HNCK must have between 8 and 16 characters.","rcckValidation":"RCCK must have between 8 and 16 characters.","rspckValidation":"RSPCK must have between 8 and 16 characters.","nckErrorMsg":"Kodi NCK është i pasaktë.","nckAttemptMsg2":{"_index":["plural","n"],"_":{"one":"Dështim kërkese heqjeje personalizimi rrjeti. Ju mbetet edhe një provë për dhënien e kodit të saktë. Për më tepër informacion shihni dokumentimin e kartës suaj SIM ose lidhuni me operatorin tuaj.","two":"Dështim kërkese heqjeje personalizimi rrjeti. Ju mbeten edhe {{n}} prova për dhënien e kodit të saktë. Për më tepër informacion shihni dokumentimin e kartës suaj SIM ose lidhuni me operatorin tuaj.","few":"Dështim kërkese heqjeje personalizimi rrjeti. Ju mbeten edhe {{n}} prova për dhënien e kodit të saktë. Për më tepër informacion shihni dokumentimin e kartës suaj SIM ose lidhuni me operatorin tuaj.","many":"Dështim kërkese heqjeje personalizimi rrjeti. Ju mbeten edhe {{n}} prova për dhënien e kodit të saktë. Për më tepër informacion shihni dokumentimin e kartës suaj SIM ose lidhuni me operatorin tuaj.","other":"Dështim kërkese heqjeje personalizimi rrjeti. Ju mbeten edhe {{n}} prova për dhënien e kodit të saktë. Për më tepër informacion shihni dokumentimin e kartës suaj SIM ose lidhuni me operatorin tuaj."}},"nckLastChanceMsg":"Dështim kërkese heqjeje personalizimi rrjeti. Shansi i fundit të jepni kodin e saktë NCK. Për më tepër informacion shihni dokumentimin e kartës suaj SIM ose lidhuni me operatorin tuaj.","skip":"Anashkaloje","send":"Dërgoje","ok":"OK","simLocked":"Karta SIM është kyçur","inputCodeRetriesLeft":{"_index":["plural","n"],"_":{"one":"Prova e fundit.","two":"Edhe {{n}} prova.","few":"Edhe {{n}} prova.","many":"Edhe {{n}} prova.","other":"Edhe {{n}} prova."}},"simManager":"Përgjegjës SIM-esh","simDetail":"SIM-i {{n}}","simDefault":"(parazgjedhje)","simDefaultMessage":"Thirrjet që bëni, mesazhet që dërgoni dhe lidhja për të dhëna i janë përshoqëruar SIM-it 1, si parazgjedhje","simSettingsMessage":"Rregullimet parazgjedhje mund t'i ndryshoni te Rregullime > Përgjegjës kartash SIM","simPinLocked":"PIN SIM-i i kyçur","noOperator":"Nuk ka operator","language":"Gjuhë","english":"Anglisht","dvorak":"Anglisht (Dvorak)","spanish":"Spanjisht","portuguese":"Portugeze Braziliane","french":"Frëngjisht","italian":"Italisht","arabic":"Arabisht","greek":"Greqisht","hebrew":"Hebraisht","jp-kanji":"Japonisht","jp-kanji-desc":"Kanxhi","traditionalChinese":"Kineze Tradicionale","traditionalChinese-desc":"Zhuijin","simplifiedChinese":"Kineze e Thjeshtuar","simplifiedChinese-desc":"Pinjin","3g":"Të dhëna Celulare","dataConnection":"Aktivizoji të Dhënat","dataConnectionInfo":"Aktivizimi i lidhjes për të dhëna tani do t'ju lejojë të formësoni telefonin tuaj pa një lidhje Wi-Fi. Mund ta aktivizoni dhe më vonë te Rregullimet. Thjesht sigurohuni që keni një pajtim për të dhëna nga operatori juaj, që të shmangni fatura të kripura.","caution":"Kujdes","geolocation":"Gjeovendëzim","geolocationCheckbox":"Aktivizoni Gjeovendëzimin","geolocationInfo2":"{{brandShortName}}-i përdor të dhëna të tilla si GPS, Wi-Fi, dhe rrjete celularësh pranë jush si ndihmë për përcaktimin me përafërsi të vendndodhjes suaj.","geolocationInfoMore":"Të dhënat dërgohen te Mozilla dhe të tjerë mundësues shërbimesh dhe do të përdoren së toku për të përmirësuar këto baza të dhënash vendndodhjesh.  Të dhënat mund të depozitohen në pajisjen tuaj dhe grumbullimi i të dhënave mund të ngjasë kur nuk ka zbatime në punë e sipër.","notice":"Shënim","aboutYourPrivacy":"Më tepër rreth privatësisë suaj","wifi":"Wi-Fi","scanningNetworks":"Po sheh për rrjete","selectNetwork":"Përzgjidhni një rrjet","shortStatus-connecting":"Po lidhet…","shortStatus-associated":"Po merret një adresë IP…","shortStatus-connected":"I lidhur","shortStatus-connectingfailed":"Lidhja dështoi","shortStatus-disconnected":"I shkëputur","securedBy":"siguruar përmes {{capabilities}}","security":"Siguri","securityNone":"Asnjë","securityWEP":"WEP","securityWPA-PSK":"WPA-PSK","securityWPA-EAP":"WPA-EAP","securityOpen":"E hapur","identity":"Përdorues","identityInput":{"placeholder":"Përdorues"},"password":"Fjalëkalim","passwordInput":{"placeholder":"Fjalëkalim"},"showPassword":"Shfaqe Fjalëkalimin","refresh":"Rifreskoje","noWifiFound3":"Nuk u gjetën rrjete pa fill","join-hidden-button":"Bëhuni pjesë rrjeti të fshehur","authentication":"Mirëfilltësim","ssid-name":"Emër Rrjeti SSID","dateAndTime":"Datë & Kohë","setTimeAutomatically":"Caktoje vetvetiu","timezoneMessage":"Zonë kohore","timezoneTitle":"UTC{{utcOffset}} {{region}}/{{city}}","dateMessage":"Datë","timeMessage":"Kohë","timeZone":"Zonë kohore","change":"Ndryshoje","importContacts3":"Importoni kontakte","importSim2":"Kartë SIM","importFb2":"Facebook","importOutlook":"Outlook","importGmail":"Gmail","fb-checking":"… po kontrollohet","notImportedYet":"Ende pa importime","otherAccount":"Llogari të tjera","mobile":"Celular","afterFbImport":"Shokë Facebook-u mund të importoni dhe përpunoni kurdo, te rregullimet Kontakte","firefox-accounts":"Firefox Accounts","fxa-overview":{"innerHTML":"A Firefox Account lets you use features like Find My Device and apps like the Firefox Marketplace."},"fxa-create-account-or-sign-in":"Create Account or Sign In","fxa-email-sent":"A verification link has been sent to {{email}}","about-your-rights-0":"{{brandShortName}}-i ngrihet mbi software të lirë dhe me burim të hapur, nga një bashkësi mijëra personash anembanë botës. Ja pak gjëra që do të duhej t'i dinit:","about-your-rights-1":"{{brandShortName}}-i ju jepet sipas kushteve të disa licencave për burim të hapur, përfshi Mozilla Public License. Një pajisje që xhiron {{brandShortName}}-in mund të përmbajë edhe software pronësor prej palësh të treta. Çfarëdo pjese kodi e dhënë nën licenca të hapura ju jep të drejtën të modifikoni kodin burim dhe të shpërndani versione tuajt të modifikuar, për sa kohë që u përmbaheni kushteve të tyre.","about-your-rights-2":"Nuk ju jepet ndonjë e drejtë mbi shenja tregtare ose licenca për shenja tregtare të Mozilla Foundation-it ose cilësdo palë, përfshi këtu, pa kufizime, emrin dhe logon e {{brandShortName}}-it.","about-your-rights-3":"Disa veçori të {{brandShortName}}-it, të tilla si Raportuesi i Vithisjeve, ju japin mundësinë t'ia parashtroni përshtypjet Mozilla-s. Duke zgjedhur të parashtroni përshtypje, i jepni Mozilla-s leje t'i përdorë përshtypjet për të përmirësuar produktet e saj, t'i botojë përshtypjet në sajtet e veta web, dhe t'i shpërndajë përshtypjet.","about-other":"Tjetër","SIM_mandatory":"Sinjalizim Karte SIM","SIM_mandatory_warm":"Ju lutemi, futni një kartë SIM dhe rinisni telefonin tuaj.","sharing-performance-data":"Ndarje Me të Tjerë e të Dhënave të Funksionimit ","telemetry-sends":"Telemetry-a i dërgon Mozilla-s të dhëna mbi funksionimin, hardware-in, formësimet dhe personalizimet e pajisjes suaj {{brandShortName}}. Këto i përdorim që t'i bëjmë më të mira produktet tona, më të shpejta dhe më reaguese.","learn-more-telemetry":{"innerHTML":"Learn more at {{link}}"},"learn-more-information":{"innerHTML":"Learn how Mozilla handles your information at {{link}}"},"welcomeBrowser":"Mirë se vini te {{brandShortName}}-i, sistemi operativ i lirë dhe me burim të hapur i Mozilla-s. Misioni ynë është të përhapim të qenët i hapur, risitë dhe mundësitë në Web, duke e mbajtur fuqinë e tij në duart tuaja.","learn-more-privacy":{"innerHTML":"Learn how Mozilla handles your information in our {{link}}."},"learn-more-privacy-link":"privacy policy","aboutBrowser":"Rreth {{brandShortName}}-it","aboutYourPrivacy2":"Privatësia Juaj","mozillaCommunity2":"Kur përdorni {{brandShortName}}-in, bëheni pjesë e një bashkësie mbarëbotërore që ndihmon në ndërtimin e një të ardhmeje më të ndritur për Web-in. Nëse doni të dini më tepër rreth bashkësisë Mozilla, produkteve tona të tjera dhe veprimtarive afër zonës suaj, ju lutemi, jepni më poshtë adresën tuaj email.","collaborate":"Dua të ndihmoj në përmirësimin e {{brandShortName}}-it duke me ndarë me të tjerë të dhëna rreth telefonit tim.","learnMore":"Mësoni më tepër.","emailAddress":{"placeholder":"Adresë email"},"email-successfully-added":"Email-i u shtua me sukses","email-loading":"Po ruhet email-i juaj…","browserPrivacyChoices":"Zgjedhje Privatësie për {{brandShortName}}-in","privacy-b2g":{"_":"{{brandShortName}}","title":"{{brandShortName}}"},"privacy-marketplace":{"_":"Marketplace","title":"{{privacy-marketplace}}"},"privacy-e-me":{"_":"everything.me","title":"{{privacy-e-me}}"},"navbar-back":"Mbrapsht","navbar-next":"Pasuesja","navbar-join":"Bëhuni Pjesë","thatsIt":"Kaq qe!","startYourPhone":"Filloni turin e telefonit tuaj!","startYourTablet":"Filloni turin e tabletit tuaj!","joinTutorial":"Ejani me ne për një përkujdesore të shpejtë rreth telefonit tuaj të ri.","enjoyYourPhone":"Jeni gati t'i gëzoheni telefonit tuaj të ri.","optionsAvailable":"Gjuhën, datën/kohën dhe lidhjen me Wi-Fi mund t'i ndryshoni te rregullimet.","letsGo":"Le t'ia fillojmë","startTour":"Nise turin","thatsIt1Tablet-2":"Kur të doni, mund të rrëshqisni gishtin nga skaji i poshtë për sipër që të kaloni te skena e kreut.","thatsIt2Tablet-2":"Le ta provojmë !","tutorial-step1-tiny":"Rrëshqiteni gishtin nga e djathta në të majtë që të shfletoni zbatimet tuaja.","tutorial-step2-tiny":"Bjerini një ikone dhe mbajeni gishtin aty që ta fshini ose lëvizni.","tutorial-step3-tiny":"Jepni një fjalëkyç ose temë dhe telefoni juaj do të adaptohet menjëherë.","tutorial-step4-tiny":"Rrëshqiteni gishtin për poshtë që të shihni njoftimet e fundit, të dhëna krediti dhe rregullimet.","tutorial-step5-tiny":"Bjerini butonit të kreut dhe mbajeni gishtin aty që të shfletoni dhe mbyllni zbatimet e përdorura së fundi.","tutorial-step6-tiny":"Rrëshqiteni gishtin nga anash ekrani që të lëvizni para mbrapa mes zbatimeve të përdorura së fundi.","tutorial-step1-large-2":"Rrëshqiteni gishtin nga lart poshtë që të shihni njoftimet e fundit, të dhëna krediti dhe rregullimet.","tutorial-step2-large-2":"Rrëshqiteni gishtin majtas ose djathtas që të zbuloni zbatime të reja te skena e kreut.","tutorial-step3-large-2":"Prekeni një ikonë dhe mbajeni gishtin aty që ta fshini ose lëvizni.","tutorial-step4-large-2":"Rrëshqitni dy gishta nga skaji i poshtëm për sipër që të kryeni parje të kartës.","offline-dialog-title":"Që të shihni këtë faqe, duhet të jeni i lidhur në Internet.","offline-dialog-text":"Ju lutemi, kthehuni mbrapsht dhe bëni lidhjen në Internet. Faqen mund ta shihni edhe më vonë, te Rregullimet, ose duke hapur {{url}} me çfarëdo shfletuesi.","OK":"OK","offline-newsletter-dialog-title":"Që të pajtoheni te buletini, duhet të jeni i lidhur në Internet.","offline-newsletter-dialog-text":"Ju lutemi, kthehuni mbrapsht dhe bëni lidhjen në Internet.","invalid-email-dialog-title":"Email-i juaj nuk është i vlefshëm","invalid-email-dialog-text":"Ju lutemi, kthehuni mbrapsht dhe ndreqni atë çka dhatë.","cancel":"Anuloje","weekday-0-long":"E diel","weekday-1-long":"E hënë","weekday-2-long":"E martë","weekday-3-long":"E mërkurë","weekday-4-long":"E enjte","weekday-5-long":"E premte","weekday-6-long":"E shtunë","weekday-0-short":"Die","weekday-1-short":"Hën","weekday-2-short":"Mar","weekday-3-short":"Mër","weekday-4-short":"Enj","weekday-5-short":"Pre","weekday-6-short":"Sht","month-0-long":"Janar","month-1-long":"Shkurt","month-2-long":"Mars","month-3-long":"Prill","month-4-long":"Maj","month-5-long":"Qershor","month-6-long":"Korrik","month-7-long":"Gusht","month-8-long":"Shtator","month-9-long":"Tetor","month-10-long":"Nëntor","month-11-long":"Dhjetor","month-0-genitive":"të Janarit","month-1-genitive":"të Shkurtit","month-2-genitive":"të Marsit","month-3-genitive":"të Prillit","month-4-genitive":"të Majit","month-5-genitive":"të Qershorit","month-6-genitive":"të Korrikut","month-7-genitive":"të Gushtit","month-8-genitive":"të Shtatorit","month-9-genitive":"të Tetorit","month-10-genitive":"të Nëntorit","month-11-genitive":"të Dhjetorit","month-0-short":"Jan","month-1-short":"Shk","month-2-short":"Mar","month-3-short":"Pri","month-4-short":"Maj","month-5-short":"Qer","month-6-short":"Kor","month-7-short":"Gus","month-8-short":"Sht","month-9-short":"Tet","month-10-short":"Nën","month-11-short":"Dhj","minutes-ago-long":{"_index":["plural","value"],"_":{"zero":"mu tani","one":"një minutë më parë","two":"{{value}} minuta më parë","few":"{{value}} minuta më parë","many":"{{value}} minuta më parë","other":"{{value}} minuta më parë"}},"hours-ago-long":{"_index":["plural","value"],"_":{"zero":"mu tani","one":"një orë më parë","two":"{{value}} orë më parë","few":"{{value}} orë më parë","many":"{{value}} orë më parë","other":"{{value}} orë më parë"}},"days-ago-long":{"_index":["plural","value"],"_":{"zero":"sot","one":"dje","two":"{{value}} ditë më parë","few":"{{value}} ditë më parë","many":"{{value}} ditë më parë","other":"{{value}} ditë më parë"}},"weeks-ago-long":{"_index":["plural","value"],"_":{"zero":"këtë javë","one":"javën e kaluar","two":"{{value}} javë më parë","few":"{{value}} javë më parë","many":"{{value}} javë më parë","other":"{{value}} javë më parë"}},"months-ago-long":{"_index":["plural","value"],"_":{"zero":"këtë muaj","one":"muajin e kaluar","two":"{{value}} muaj më parë","few":"{{value}} muaj më parë","many":"{{value}} muaj më parë","other":"{{value}} muaj më parë"}},"years-ago-long":{"_index":["plural","value"],"_":{"zero":"këtë vit","one":"vitin e kaluar","two":"{{value}} vite më parë","few":"{{value}} vite më parë","many":"{{value}} vite më parë","other":"{{value}} vite më parë"}},"minutes-until-long":{"_index":["plural","value"],"_":{"zero":"tani","one":"për një minutë","two":"për {{value}} minuta","few":"për {{value}} minuta","many":"për {{value}} minuta","other":"për {{value}} minuta"}},"hours-until-long":{"_index":["plural","value"],"_":{"zero":"tani","one":"për një orë","two":"për {{value}} orë","few":"për {{value}} orë","many":"për {{value}} orë","other":"për {{value}} orë"}},"days-until-long":{"_index":["plural","value"],"_":{"zero":"sot","one":"nesër","two":"për {{value}} ditë","few":"për {{value}} ditë","many":"për {{value}} ditë","other":"për {{value}} ditë"}},"weeks-until-long":{"_index":["plural","value"],"_":{"zero":"këtë javë","one":"javën pasuese","two":"për {{value}} javë","few":"për {{value}} javë","many":"për {{value}} javë","other":"për {{value}} javë"}},"months-until-long":{"_index":["plural","value"],"_":{"zero":"këtë muaj","one":"muajin pasues","two":"për {{value}} muaj","few":"për {{value}} muaj","many":"për {{value}} muaj","other":"për {{value}} muaj"}},"years-until-long":{"_index":["plural","value"],"_":{"zero":"këtë vit","one":"vitin pasues","two":"për {{value}} vjet","few":"për {{value}} vjet","many":"për {{value}} vjet","other":"për {{value}} vjet"}},"minutes-ago-short":{"_index":["plural","value"],"_":{"zero":"mu tani","other":"{{value}}m më parë"}},"hours-ago-short":{"_index":["plural","value"],"_":{"zero":"mu tani","other":"{{value}}h më parë"}},"days-ago-short":{"_index":["plural","value"],"_":{"zero":"sot","other":"{{value}}d më parë"}},"minutes-until-short":{"_index":["plural","value"],"_":{"zero":"tani","other":"për {{value}}m"}},"hours-until-short":{"_index":["plural","value"],"_":{"zero":"tani","other":"për {{value}}h"}},"days-until-short":{"_index":["plural","value"],"_":{"zero":"sot","other":"për {{value}}d"}},"incorrectDate":"(datë e pasaktë)","dateTimeFormat_%c":"%a %e %b %Y %I:%M:%S %p","dateTimeFormat_%x":"%m/%d/%Y","dateTimeFormat_%X":"%I:%M:%S %p","shortTimeFormat":"%I:%M %p","shortDateTimeFormat":"%x %I:%M %p","weekStartsOnMonday":"0","time_am":"AM","time_pm":"PM","tz-region":"Rajon","tz-city":"Qytet","tzRegion-Africa":"Afrika","tzRegion-America":"Amerika","tzRegion-Antarctica":"Antarktida","tzRegion-Asia":"Azia","tzRegion-Atlantic":"Oqeani Atlantik","tzRegion-Australia":"Australia","tzRegion-Europe":"Europa","tzRegion-Indian":"Oqeani Indian","tzRegion-Pacific":"Oqeani Paqësor","close":"Close","import":"Import","update":"Update","fbFriends":"Facebook Friends","live-serviceName":"Outlook","gmail-serviceName":"Gmail","facebook-serviceName":"Facebook Friends","selectAll":"Select all","deselectAll":"Deselect all","viewAll":"View All Facebook Friends","viewRecommend":"View Only Recommended","linkProposal":{"_index":["plural","numFriends"],"_":{"zero":"No matching friends. Showing all","one":"Select the recommended one","two":"Select a recommended one","few":"Select a recommended one","many":"Select a recommended one","other":"Select a recommended one"}},"fbFriendsFound":{"_index":["plural","numFriends"],"_":{"zero":"All your friends are imported","one":"Found one friend to import","two":"Found {{numFriends}} friends to import","few":"Found {{numFriends}} friends to import","many":"Found {{numFriends}} friends to import","other":"Found {{numFriends}} friends to import"}},"facebook":"Facebook","search-contact":{"placeholder":"Search"},"noResults":"No contacts found","done-search":"Done","progressFB3ImportTitle":"Importing friends to Contacts","progressFB":"{{current}}/{{total}}","progressFB3UpdateTitle":"Updating friends in Contacts","message2":"This may take a couple of minutes","messageLinking":"Please hold on. We are linking your friend and your contact.","messageCanceling":"Please hold on. We are canceling the ongoing operation.","error1":"Error {{from}}","error2":"Do you want to retry?","errorProposal":"calculating proposals","errorFriends":"retrieving friends","errorLinking":"linking contact","timeout1":"Exceeded timeout {{from}}","timeout2":"Do you want to retry?","timeoutProposal":"calculating proposals","timeoutFriends":"retrieving friends","timeoutLinking":"linking contacts","wait1":"Please hold on","wait2":"This may take a couple of minutes","waitProposal":"Please hold on. We are calculating a proposal.","waitFriends":"Please hold on. We are connecting to obtain your friend list.","curtainCancel":"Cancel","curtainRetry":"Retry","curtainOK":"OK","connectionLost":"No Internet connection","connectionLostMsg":"Friends’ photos will not be added to your contacts. Continue anyway?","yesOption":"OK","noOption":"Cancel","friendsUpdated":{"_index":["plural","numFriends"],"_":{"zero":"No friends updated","one":"Updated one friend","two":"Updated {{numFriends}} friends","few":"Updated {{numFriends}} friends","many":"Updated {{numFriends}} friends","other":"Updated {{numFriends}} friends"}},"notificationLogin":"Your Facebook session is invalid. Please sign in.","syncError":"There was an error synchronizing your friend’s data","callAirplaneModeMessage":"Që të bëni një thirrje, lypset të çaktivizoni mënyrën aeroplan te rregullimet.","callAirplaneModeBtnOk":"OK","callAirplaneModeTitle":"Mënyra aeroplan aktive","numberIsBusyTitle":"Numri është i zënë","numberIsBusyMessage":"Numri është hëpërhë i zënë. Ju lutemi, riprovoni më vonë.","fdnIsActiveTitle":"FDN active","fdnIsActiveMessage":"FDN (Fixed Dialing Numbers) is activated and the following number is not in your FDN list: {{ number }}","voiceMail":"Mesazhe zanorë","emergencyNumber":"Numër urgjence","emergencyDialogBodyBadNumber":"Që të bëni një thirrje, telefoni duhet të jetë i lidhur me një rrjet.","emergencyDialogBodyDeviceNotAccepted":"Rrjeti nuk i lejon thirrjet e urgjencës.","emergencyDialogBtnOk":"OK","emergencyDialogTitle":"Pa lidhje në rrjet","invalidNumberToDialTitle":"Numër i pavlefshëm telefoni","invalidNumberToDialMessage":"Numri i telefonit që po thërrisni nuk është i vlefshëm.","unableToCallTitle":"Nuk bëhet dot thirrje telefonike tani","unableToCallMessage":"Nuk bëhet dot thirrja. Nëse po formonit numrin, ju lutemi, së pari ndërpritni thirrjen.","otherConnectionInUseTitle":"Tjetër lidhje në përdorim","otherConnectionInUseMessage":"Keni një thirrje aktive në një tjetër lidhje. Mund të përdorni vetëm një lidhje në herë.","addNewNumber":"Add new number","addToExistingContact":"Shtojeni te kontakt ekzistues","all":"Krejt","asterisk":{"ariaLabel":"Asterisk"},"callLog":"Regjistër thirrjesh","callLogEdit":{"title":"Edit call log"},"callLogEditDialog":{"ariaLabel":"Edit call log dialog"},"connecting":"Po lidhet","cf-async":"Asinkrone: {{ async }}\\n","cf-data":"Të dhëna: {{ data }}\\n","cf-error":"Pati një gabim ndërsa merrej gjendja e përcjelljes së thirrjes","cf-fax":"FAKS: {{ fax }}\\n","cf-inactive":"Joaktive","cf-packet":"Paket: {{ packet }}\\n","cf-pad":"PAD: {{ pad }}\\n","cf-sms":"SMS: {{ sms }}\\n","cf-status":"Gjendje përcjelljeje thirrjeje\\n","cf-sync":"Sinkrone: {{ sync }}\\n","cf-voice":"Zë: {{ voice }}\\n","confirm-deletion":"Të hiqen thirrjet e përzgjedhura?","contacts":"Kontakte","createNewContact":"Krijoni kontakt të ri","delete":"Delete","dialerAddContact":{"ariaLabel":"Add contact"},"dialerAddContactDialog":{"ariaLabel":"Add Contact Dialog"},"edit-selected":{"_index":["plural","n"],"_":{"one":"{{ n }} e përzgjedhur","two":"{{ n }} të përzgjedhura","few":"{{ n }} të përzgjedhura","many":"{{ n }} të përzgjedhura","other":"{{ n }} të përzgjedhura"}},"edit":"Përpunoje","hashSign":{"ariaLabel":"Hash sign"},"hideKeypad":{"ariaLabel":"Hide keypad"},"ignore":"Shpërfille Thirrjen","incoming":"Të marra","keypad":{"ariaLabel":"Keypad"},"keypadDelete":{"ariaLabel":"Delete"},"makeCall":{"ariaLabel":"Make call"},"merge":"Përzieje","missed":"Të humbura","missedCall":"Thirrje e humbur","missedCallMultiSims":"(SIM {{ n }}) Thirrje të humbura","mmi-error":"Ndodhi një gabim ndërsa dërgohej mesazhi","mmi-session-expired":"Sesionit i mbaroi koha","mmi-successfully-sent":"Mesazhi u dërgua me sukses","mute":{"ariaLabel":"Mute"},"newCall":{"ariaLabel":"New call"},"no-logs-msg-1":"Nuk ka thirrje të regjistruara","no-logs-msg-2":"Filloni të komunikoni tani","no-logs-msg-3":"Pa thirrje të humbura","phoneNumberInput":{"ariaLabel":"Phone number"},"recents":{"ariaLabel":"Recent calls"},"reply":"Përgjigjjuni","switch-calls":"Transferoni thirrjen","today":"Sot","voiceMailKey":{"ariaLabel":"Voicemail"},"withheld-number":"Numër i patreguar","from-contact":"Nga {{ contact }}","from-number":"Nga {{ number }}","from-withheld-number":"Nga numër i patreguar","yesterday":"Dje","sending":"Po dërgohet…","speakerOption":{"ariaLabel":"Speaker"},"ussd-services":"Shërbime {{ operator }}","toggleKeypad":{"ariaLabel":"Toggle keypad"},"type-your-response":{"placeholder":"Shtypni përgjigjen tuaj…"},"clear-all-text":"Pastroj krejt tekstin","hide":"Fshihe","call":"Thirre","hold":"Në pritje","resume":"Rimerre","sendSms":"Dërgojini Mesazh","callEnded":"Thirrja Përfundoi","via-sim":"përmes SIM{{ n }}","sim-number":"SIM{{ n }}","hangup-a11y-button":{"aria-label":"Mbylleni"},"pickup-a11y-button":{"aria-label":"Përgjigjuni"},"unlock-a11y-button":{"aria-label":"Rrëshqitës"},"settings":"Rregullime","delete-n-log?":{"_index":["plural","n"],"_":{"zero":"Nuk u përzgjodh gjë","one":"Të fshihet regjistrimi i përzgjedhur?","two":"Të fshihen {{ n }} regjistrimet?","few":"Të fshihen {{ n }} regjistrimet?","many":"Të fshihen {{ n }} regjistrimet?","other":"Të fshihen {{ n }} regjistrimet?"}},"callDurationMinutes":"{{ m }}:{{ s }}","callDurationHours":"{{ h }}:{{ m }}:{{ s}}","suggestionMatches":{"_index":["plural","n"],"_":{"one":"{{ n }} përputhje për \"{{ matchNumber }}\"","two":"{{ n }} përputhje për \"{{ matchNumber }}\"","few":"{{ n }} përputhje për \"{{ matchNumber }}\"","many":"{{ n }} përputhje për \"{{ matchNumber }}\"","other":"{{ n }} përputhje për \"{{ matchNumber }}\""}},"scCallBarring":"Ndalim thirrjesh","scCallForwarding":"Përcjellje thirrjesh","scClip":"ID Thirrësi Ardhëse","scClir":"ID Thirrësi Ikëse","scPwd":"Ndryshim fjalëkalimi","scCallWaiting":"Thirrje në pritje","scPin":"Ndryshim PIN-i","scPin2":"Ndryshim PIN2-shi","scPuk":"Zhbllokim PIN-i","scPuk2":"Zhbllokim PIN2-shi","scImei":"IMEI","scUssd":"USSD","serviceClassVoice":"Zë","serviceClassData":"Të dhëna","serviceClassFax":"FAKS","serviceClassSms":"SMS","serviceClassDataSync":"Sinkrone","serviceClassDataAsync":"Asinkrone","serviceClassPacket":"Paket","serviceClassPad":"PAD","smServiceEnabled":"Shërbimi u aktivizua","smServiceDisabled":"Shërbimi u çaktivizua","smServiceRegistered":"Regjistrimi qe i suksesshëm","smServiceErased":"Fshirja qe e suksesshme","smServiceInterrogated":"Kërkesa qe e suksesshme","smServiceNotProvisioned":"Shërbimi nuk është bërë gati","smClirPermanent":"Nuk mund të ndryshoni rregullime ID-je thirrësi","smClirDefaultOnNextCallOn":"ID thirrësi e caktuar si e rezervuar. Thirrja pasuese: E maskuar","smClirDefaultOnNextCallOff":"ID thirrësi e caktuar si e rezervuar. Thirrja pasuese: Jo e maskuar","smClirDefaultOffNextCallOn":"ID thirrësi e caktuar si jo e rezervuar. Thirrja pasuese: E maskuar","smClirDefaultOffNextCallOff":"ID thirrësi e caktuar si jo e rezervuar. Thirrja pasuese: Jo e maskuar","smServiceEnabledFor":"Shërbimi qe aktivizuar për:","smPinChanged":"PIN-i u ndryshua me sukses","smPinUnblocked":"PIN-i u zhbllokua me sukses","smPin2Changed":"PIN2-shi u ndryshua me sukses","smPin2Unblocked":"PIN2-shi u zhbllokua me sukses","emMmiError":"Problem ndërlidhjeje ose kod MMI i pavlefshëm","emMmiErrorPasswordIncorrect":"Fjalëkalim i Pasaktë","emMmiErrorNotSupported":"Kod MMI i Pavlefshëm ose i Pambuluar","emMmiErrorInvalidAction":"Veprim i pavlefshëm","emMmiErrorInvalidScCode":"Kod shërbimi i pavlefshëm","emMmiErrorBadPuk":"PUK-u që shtypët është i pasaktë","emMmiErrorBadPin":"PIN-i i vjetër që shtypët është i pasaktë.","emMmiErrorNeedPuk2":"Shtypni PUK2-shin që të zhbllokohet karta SIM","emMmiErrorMismatchPin":"PIN-et që shtypët nuk përputhen","emMmiErrorInvalidPin":"Shtypni një PIN që është nga 4 deri në 8 shifra","emMmiErrorNeedsPuk":"Karta juaj SIM është bllokuar përmes PUK-ut","emMmiErrorEnablePin":"Pa sukses. Aktivizoni SIM/RUIM LOCK","emMmiErrorMmiFdn":"Veprimi kufizohet vetëm mbi numra të fiksuar thirrjesh ","emMmiErrorStkCcUssdDial":"Kërkesa USSD është modifikuar në kërkesë DIAL","emMmiErrorStkCcUssdSs":"Kërkesa USSD është modifikuar në kërkesë SS","emMmiErrorStkCcUssdUssd":"Kërkesa USSD është modifikuar në kërkesë USSD të re","emMmiErrorStkCcSsDial":"Kërkesa SS është modifikuar në kërkesë DIAL","emMmiErrorStkCcSsUssd":"Kërkesa SS është modifikuar në kërkesë USSD","emMmiErrorStkCcSsSs":"Kërkesa USSD është modifikuar në kërkesë SS të re","emMmiErrorPinPukAttempts":{"_index":["plural","n"],"_":{"one":"Edhe vetëm {{ n }} provë","two":"Edhe {{ n }} prova","few":"Edhe {{ n }} prova","many":"Edhe {{ n }} prova","other":"Edhe {{ n }} prova"}},"emMmiErrorSimBlocked":"U tejkalua numri maksimum i prova. SIM-i u bllokua","RadioNotAvailable":"Nuk kapet radio","GenericFailure":"Gabim i papërcaktuar","PasswordIncorrect":"Fjalëkalim i pasaktë","SimPin2":"SIM PIN2","SimPuk2":"SIM PUK2","RequestNotSupported":"Kërkesë e pambuluar","OpNotAllowedDuringVoiceCall":"Veprim i palejuar gjatë thirrjesh me zë","SmsSendFailRetry":"Dështim dërgimi SMS-je, riprovoni","SimAbsent":"Mungon SIM-i","SubscriptionNotAvailable":"Pajtim jo gati","ModeNotSupported":"Mënyrë e pambuluar","FdnCheckFailure":"Dështim kontrolli Fdn","IllegalSimOrMe":"SIM ose ME e paligjshme","DialModifiedToUssd":"Formim numri i modifikuar në USSD","DialModifiedToSs":"Formim numri i modifikuar në SS","DialModifiedToDial":"Formim numri i modifikuar në formim numri","UssdModifiedToDial":"USSD i modifikuar në formim numri","UssdModifiedToSs":"USSD i modifikuar në SS","UssdModifiedToUssd":"USSD i modifikuar në USSD","SsModifiedToDial":"SS i modifikuar në formim numri","SsModifiedToUssd":"SS i modifikuar në USSD","SsModifiedToSs":"SS i modifikuar në SS","SubscriptionNotSupported":"Pajtim i pambuluar","InvalidParameter":"Parametër i pavlefshëm","RejectedByRemote":"Hedhur tej nga pala e largët","group-call":{"_index":["plural","n"],"_":{"one":"Thirrje në grup ({{ n }})","two":"Thirrje në grup ({{ n }})","few":"Thirrje në grup ({{ n }})","many":"Thirrje në grup ({{ n }})","other":"Thirrje në grup ({{ n }})"}},"caller-left-call":"{{ caller }} e ka braktisur thirrjen.","conferenceAddError":"Nuk përziehen dot thirrjet","conferenceRemoveError":"Nuk çpërziehen dot thirrjet","longDateFormat":"%A, %e %B","select-audio-sources":"Përzgjidhni burime audio","bluetooth-handsfree-device":"Pajisje Bluetooth handsfree","receiver":"Marrës","speaker":"Altoparlant","add":"Shtoje","done":"U bë","retry":"Riprovoje","addContact":"Shtoni kontakt","deleteContact":"Fshije kontaktin","selectContact":"Përzgjidhni kontakt","editContact":"Përpunim kontaktin","deleteConfirmMsg":"Të fshihet kontakti?","remove":"Fshije","comments":"Komente","no_contact_phones":"Ky kontakt nuk ka numër telefoni","no_contact_email":"Ky kontakt nuk ka adresë email","removePhotoConfirm":"Të hiqet fotoja e kontaktit?","loadingContacts":"Po ngarkohen kontaktet…","noContactsActivity":"Nuk shton dot gjë te kontakti, ngaqë lista juaj e kontakteve është e zbrazët","noName":"Pa emër","givenName":{"placeholder":"Emër"},"familyName":{"placeholder":"Mbiemër"},"tel":{"placeholder":"Telefon"},"carrier":{"_":"Operator","placeholder":"Operator"},"separator":",","email":{"_":"Email","placeholder":"Email"},"streetAddress":{"placeholder":"Rrugë"},"postalCode":{"placeholder":"Kod zip"},"locality":{"placeholder":"Qytet"},"countryName":{"placeholder":"Vend"},"comment":{"placeholder":"Koment"},"org":{"placeholder":"Kompani"},"custom":"Etiketë vetjake","date":{"_":"Datë","placeholder":"Datë"},"date-span-placeholder":"Date","birthday":"Datëlindje","dateFormat":"%B %e","dateOutput":"{{dayMonthFormatted}} {{year}}","anniversary":"Përvjetor","addPhoto":"Shtoni Foto","addPhone":"Shtoni Telefon","addEmail":"Shtoni Email","addAddress":"Shtoni Adresë","addDate":"Shtoni Datë","addComment":"Shtoni Koment","addFavorite":"Shtojeni si të Parapëlqyer","removeFavorite":"Hiqeni nga të Parapëlqyerit","label":"Etiketë","home":"Shtëpie","work":"Pune","personal":"Personal","faxHome":"Faks shtëpie","faxOffice":"Faks zyre","faxOther":"Faks tjetër","another":"Tjetër","other":"Tjetër","current":"E tanishmja","itemWithLabel":"{{label}}, {{item}}","exit":"Dil","expand":"Zgjeroje","labelName":"Emër:","labelLastName":"Mbiemër:","labelPhoneNumber":"Numër telefoni:","labelCarrier":"Operator:","labelEmail":"Email:","labelStreet":"Rrugë:","labelZip":"Kod Zip:","labelCity":"Qytet:","labelCountry":"Vend:","labelComment":"Koment:","legendTitleMain":"Të dhëna kryesore","legendPhones":"Numra telefoni","legendEmail":"Adresë email","legendAddress":"Adresë","transferContactsTitle":"Shpërngulni Kontakte","importContactsTitle":"Importim Kontaktesh","importContactsButton":"Importoni Kontakte","exportContactsTitle":"Eksportim Kontaktesh","exportContactsButton":"Eksportoni Kontakte","exportContactsAction":"Eksportoni","simExport-title":"Eksportojini në SIM","sdExport-title":"Eksportojini në Kartë SD","btExport-title":"Eksportojini në Bluetooth","sdUMSEnabled":"Nuk përdor dot Kartë SD, ngaqë është aktiv depozitimi në USB","exportErrorTitle":"Gabim eksportimi","contactsExported2":{"_index":["plural","exported"],"_":{"zero":"Nuk u eksportuan kontakte","one":"U eksportua {{exported}}/{{total}} kontakt","two":"U eksportuan {{exported}}/{{total}} kontakte","few":"U eksportuan {{exported}}/{{total}} kontakte","many":"U eksportuan {{exported}}/{{total}} kontakte","other":"U eksportuan {{exported}}/{{total}} kontakte"}},"exportError-general":"Ndodhën disa gabime gjatë eksportimit","exportError-SD-shared":"Nuk hyhet dot te karta e kujtesës, ngaqë ndahet me diçka tjetër","exportError-SD-unavailable":"Nuk ka kartë kujtese gati","exportError-SD-noSpace":"Nuk ka hapësirë të mjaftueshme te karta e kujtesës që të eksportohen kontaktet","exportError-SIM-unavailable":"Nuk ka kartë SIM gati","exportError-BT-shared":"Nuk hyhet dot te karta e kujtesës, ngaqë ndahet me diçka tjetër","exportError-BT-unavailable":"Nuk ka kartë kujtese gati","exportError-BT-noSpace":"Nuk ka hapësirë të mjaftueshme te karta e kujtesës që të eksportohen kontaktet","simContacts-import":"Importoni kontakte nga SIM","simContacts-importing":"Po importohen kontakte nga SIM…","simContacts-reading":"Po lexohet nga karta SIM…","simContacts-error":"Nuk importoi dot kontakte prej SIM-it","simContacts-imported3":{"_index":["plural","n"],"_":{"zero":"Te SIM-i nuk u gjetën kontakte për importim","one":"U importua një kontakt","two":"U importuan {{n}} kontakte","few":"U importuan {{n}} kontakte","many":"U importuan {{n}} kontakte","other":"U importuan {{n}} kontakte"}},"noSimMsgExport":"Që të eksportohen kontakte, futni ose zhbllokoni kartën tuaj SIM","simNumber":"SIM {{number}}","memoryCardContacts-import":"Importoni kontakte nga kartë kujtese","memoryCardContacts-importing":"Po importohen kontakte nga kartë kujtese…","memoryCardContacts-reading":"Po lexohet nga kartë kujtese…","memoryCardContacts-error":"Nuk importoi dot kontakte prej karte kujtese","memoryCardContacts-imported3":{"_index":["plural","n"],"_":{"zero":"Te karta e kujtesës nuk u gjetën kontakte për importim","one":"U importua një kontakt","two":"U importuan {{n}} kontakte","few":"U importuan {{n}} kontakte","many":"U importuan {{n}} kontakte","other":"U importuan {{n}} kontakte"}},"noMemoryCardMsgExport":"Që të eksportohen kontakte, futni një kartë kujtese","genericProgress":"{{current}}/{{total}}","social-network":"Rrjete shoqërore","social-link":"Lidhe kontaktin","social-unlink":"Çlidhe kontaktin","social-unlink-confirm-title":"Doni të çlidhet shoku juaj?","social-unlink-confirm-accept":"Çlidhe","facebook-import":"Importoni shokë Nga Facebook-u","show-fb-profile":"Shfaq profil Facebook-u","msg-send":"Mesazh","wall-post":"Postim muri","facebook-import-msg":{"_index":["plural","imported"],"_":{"zero":"Nuk u importuan shokë (nga {{total}} gjithsej)","one":"U importua një shok (nga {{total}} gjithsej)","two":"U importuan {{imported}}/{{total}} shokë","few":"U importuan {{imported}}/{{total}} shokë","many":"U importuan {{imported}}/{{total}} shokë","other":"U importuan {{imported}}/{{total}} shokë"}},"facebookSwitchMsg":"Njëkohësoni shokë","select_mobile":"Përzgjidhni celular","select_email":"Përzgjidhni email","contactsOrderBy":"Renditi sipas mbiemrash","bluetooth":"Bluetooth","fbUpdateFriends":"Përditëso shokët e importuar","cleaningFbData":"Po hiqen të dhëna Facebook-u","loggingOutFb":"Po dilet nga Facebook-u","cleanFbConfirmMsg":"Të hiqen krejt të dhënat Facebook?","renewPwdMsg":"Fjalëkalimi juaj në Facebook ka ndryshuar. Ju lutemi, përditësojeni.","notEnabledYet":"Ende e paaktivizuar","genericNoConnection":"Që të importoni kontakte lidhuni me rrjetin Wi-Fi ose të të dhënave","simCard":"Kartë SIM","memoryCard":"Kartë kujtese","create-new":"Krijoni kontakt të ri","import-now":"Importoni kontaktet tuaja prej kartës suaj SIM ose prej Facebook-u","no-contacts":"Pa kontakte","start-adding":"Filloni të shtoni të tilla tani","notImported":"I paimportuar","imported":"I importuar","organise-contacts":"Sistemoni Kontaktet","find-merge-contacts":"Gjeni kontakte të përsëritura","preparing-contacts":"Përgatitje kontaktesh","exportError-SIM-NoFreeRecordFound":"Karta SIM është plot","exportError-SIM-CannotAccessPhoneBook":"Nuk hyhet dot në libri i adresave te karta SIM","exportError-SIM-Unavailable":"Nuk u kap SIM","exportError-SIM-GenericError":"Ndodhi një gabim gjatë eksportimit të një kontakti","ContactManagementTitle":"Contacts Management","DeleteTitle":"Delete","bulkDeleteButton":"Delete Contacts","BulkDelCancel":"Contacts delete cancelled","DeletedTxt":{"_index":["plural","n"],"_":{"zero":"No Contact to Delete","one":"1 Contact removed","two":"{{n}} Contacts removed","few":"{{n}} Contacts removed","many":"{{n}} Contacts removed","other":"{{n}} Contacts removed"}},"DeletingContacts":"Deleting contacts","ContactConfirmDel":{"_index":["plural","n"],"_":{"zero":"No Contact to Delete","one":"Delete 1 Contact? This cannot be undone.","two":"Delete {{n}} Contacts? This cannot be undone.","few":"Delete {{n}} Contacts? This cannot be undone.","many":"Delete {{n}} Contacts? This cannot be undone.","other":"Delete {{n}} Contacts? This cannot be undone."}},"SelectedTxt":{"_index":["plural","n"],"_":{"zero":"Contacts","one":"{{n}} selected","two":"{{n}} selected","few":"{{n}} selected","many":"{{n}} selected","other":"{{n}} selected"}},"sim-picker-dial-via-with-number":"Bjeri {{ phoneNumber }} përmes","sim-picker-select-sim":"Përzgjidhni SIM","sim-picker-button":"SIM{{ n }}","sim-picker-button-default":"(parazgjedhja)","waitDuplicateContacts":"Po shihet për kontakte të përsëritura","waitMergingDuplicateContacts":"Po përzihen në një kontaktet e përsëritura","alertNoDuplicateContacts":"Nuk u gjetën kontakte të përsëritura","mergeDuplicateTitle":"Përzieni përsëritjet","suggestedDuplicateContacts":"Kontakte të përsëritura të këshilluara për {{name}}","mergeActionButtonLabel":{"_index":["plural","n"],"_":{"zero":"Nuk u përzgjodhën kontakte","one":"Përzieje me {{n}} kontakt","other":"Përzieje me {{n}} kontakte"}},"duplicatesFoundTitle":"U gjetën përsëritje","duplicatesFoundMessage":"Të dhëna të përsëritura për {{name}} në kontaktet vijuese"}