{"brandShortName":"B2G OS","browserBrandShortName":"Веб прегледач","browserBrandFullName":"Mozilla веб прегледач","back":"Back","noSimMsg":"To import contacts insert or unlock your SIM card","noMemoryCardMsg":"To import contacts insert a memory card","importMemoryCard":"Memory card","noConnection11":"To import Facebook friends or contacts connect to Wi-Fi or data network","pincode2":"Упишите PIN","type_pin":"Упишите свој PIN","pincodeLabel":"SIM {{n}} PIN","pinValidation":"PIN мора имати између 4 и 8 карактера.","pinError":"Неисправан PIN код.","pinAttemptMsg2":{"_index":["plural","n"],"_":{"one":"Последњи покушај.","two":"{{n}} преостала покушаја.","few":"{{n}} преосталих покушаја.","many":"{{n}} преосталих покушаја.","other":"{{n}} преосталих покушаја."}},"pinLastChanceMsg":"Ово Вам је последња шанса да унесете исправан PIN. У супротном, морате унети PUK код да бисте користили SIM картицу.","pukcode":"Унесите PUK код","pukcodeTitle":"Упишите SIM {{n}} PUK","pukcodeLabel":"SIM {{n}} PUK","type_puk":"PUK код","pukValidation":"PUK код мора имати тачно 8 карактера.","pukInfo":"Морате унети лични кључ за откључавање (PUK) за SIM картицу. Прочитајте пропратну документацију или контактирајте мрежног оператера за више информација.","pukError":"PUK је неисправан.","pukAttemptMsg2":{"_index":["plural","n"],"_":{"one":"Имате још један покушај да унесете исправан код пре него што SIM картица буде трајно неупотребљива. Прочитајте пропратну документацију или контактирајте мрежног оператера за више информација.","two":"Имате још {{n}} покушаја да унесете исправан код пре него што SIM картица буде трајно неупотребљива. Прочитајте пропратну документацију или контактирајте мрежног оператера за више информација.","few":"Имате још {{n}} покушаја да унесете исправан код пре него што SIM картица буде трајно неупотребљива. Прочитајте пропратну документацију или контактирајте мрежног оператера за више информација.","many":"Имате још {{n}} покушаја да унесете исправан код пре него што SIM картица буде трајно неупотребљива. Прочитајте пропратну документацију или контактирајте мрежног оператера за више информација.","other":"Имате још {{n}} покушаја да унесете исправан код пре него што SIM картица буде трајно неупотребљива. Прочитајте пропратну документацију или контактирајте мрежног оператера за више информација."}},"pukLastChanceMsg":"Ово је Ваша последња шанса за унос исправног PUK кода. Ваша SIM картица ће бити заувек неупотребљива ако још једном унесете погрешан PUK код.","create_newpin":"Направите нови PIN (4-8 бројева)","confirm_newpin":"Потврдите нови PIN","newpinConfirmation":"PIN кодови нису исти","nckcode":"Унесите NCK код","cckcode":"Унесите CCK код","spckcode":"Унесите SPCK код","nck1code":"Унесите NCK1 код","nck2code":"Унесите NCK2 код","hnckcode":"Унесите HNCK код","rcckcode":"Унесите RCCK код","rspckcode":"Унесите RSPCK код","nckcodeTitle":"Унесите SIM {{n}} NCK","cckcodeTitle":"Унесите SIM {{n}} CCK","spckcodeTitle":"Унесите SIM {{n}} SPCK","nck1codeTitle":"Унесите SIM {{n}} NCK1","nck2codeTitle":"Унесите SIM {{n}} NCK2","hnckcodeTitle":"Унесите SIM {{n}} HNCK","rcckcodeTitle":"Унесите SIM {{n}} RCCK","rspckcodeTitle":"Унесите SIM {{n}} RSPCK","nckcodeLabel":"SIM {{n}} NCK","cckcodeLabel":"SIM {{n}} CCK","spckcodeLabel":"SIM {{n}} SPCK","nck1codeLabel":"SIM {{n}} NCK1","nck2codeLabel":"SIM {{n}} NCK2","hnckcodeLabel":"SIM {{n}} HNCK","rcckcodeLabel":"SIM {{n}} RCCK","rspckcodeLabel":"SIM {{n}} RSPCK","type_nck":"Упишите свој NCK код","type_cck":"Упишите свој CCK код","type_spck":"Упишите свој SPCK код","type_nck1":"Упишите свој NCK1 код","type_nck2":"Упишите свој NCK2 код","type_hnck":"Упишите свој HNCK код","type_rcck":"Упишите свој RCCK код","type_rspck":"Упишите свој RSPCK код","nckValidation":"NCK код мора имати између 8 и 16 карактера.","cckValidation":"CCK код мора имати између 8 и 16 карактера.","spckValidation":"SPCK код мора имати између 8 и 16 карактера.","nck1Validation":"NCK1 код мора имати између 8 и 16 карактера.","nck2Validation":"NCK2 код мора имати између 8 и 16 карактера.","hnckValidation":"HNCK код мора имати између 8 и 16 карактера.","rcckValidation":"RCCK код мора имати између 8 и 16 карактера.","rspckValidation":"RSPCK код мора имати између 8 и 16 карактера.","nckErrorMsg":"Неисправан NCK код.","nckAttemptMsg2":{"_index":["plural","n"],"_":{"one":"Захтев за откључавање телефона није успешан. Имате још један покушај да унесете исправан код. Прочитајте пропратну документацију или контактирајте мрежног оператера за више информација.","two":"Захтев за откључавање телефона није успешан. Имате још {{n}} покушаја да унесете исправан код. Прочитајте пропратну документацију или контактирајте мрежног оператера за више информација.","few":"Захтев за откључавање телефона није успешан. Имате још {{n}} покушаја да унесете исправан код. Прочитајте пропратну документацију или контактирајте мрежног оператера за више информација.","many":"Захтев за откључавање телефона није успешан. Имате још {{n}} покушаја да унесете исправан код. Прочитајте пропратну документацију или контактирајте мрежног оператера за више информација.","other":"Захтев за откључавање телефона није успешан. Имате још {{n}} покушаја да унесете исправан код. Прочитајте пропратну документацију или контактирајте мрежног оператера за више информација."}},"nckLastChanceMsg":"Захтев за откључавање телефона није успешан. Ово је последња шанса да унесете исправан NCK код. Прочитајте пропратну документацију или контактирајте мрежног оператера за више информација.","skip":"Прескочи","send":"Пошаљи","ok":"У реду","simLocked":"SIM картица је закључана","inputCodeRetriesLeft":{"_index":["plural","n"],"_":{"one":"последњи покушај.","two":"преостало {{n}} покушаја.","few":"преостало {{n}} покушаја.","many":"преостало {{n}} покушаја.","other":"преостало {{n}} покушаја."}},"simManager":"SIM управљач","simDetail":"SIM {{n}}","simDefault":"(подрзумевана)","simDefaultMessage":"Одлазни позиви, одлазне поруке и везе података су по подразумеваном постављени на SIM 1","simSettingsMessage":"Можете променити подразумеванa подешања: Поставке > Управљач SIM картицама ","simPinLocked":"SIM PIN закључан","noOperator":"Нема оператера","language":"Језик","english":"Енглески","dvorak":"Енглески(Dvorak)","spanish":"Шпански","portuguese":"Португалски(Бразил)","french":"Француски","italian":"Италијански","arabic":"Арапски","greek":"Грчки","hebrew":"Јеврејски","jp-kanji":"Јапански","jp-kanji-desc":"Канџи","traditionalChinese":"Традиционални кинески","traditionalChinese-desc":"Џујин","simplifiedChinese":"Упрошћен кинески","simplifiedChinese-desc":"Пинјин","3g":"Мобилни подаци","dataConnection":"Пренос података","dataConnectionInfo":"Омогућавање преноса података ће Вам омогућити да подесите свој телефон без Wi-Fi мреже. Можете је омогућити и касније у поставкама. Само се постарајте да имате добар пакет услуга са својим мрежним оператером како бисте избегли плаћање високих накнада.","caution":"Упозорење","geolocation":"Геолокација","geolocationCheckbox":"Геолокација","geolocationInfo2":"{{brandShortName}} користи податке мобилне мреже, GPS и Wi-Fi податке како би открили Вашу локацију.","geolocationInfoMore":"Подаци се шаљу Mozilla фондацији и осталим пружаоцима ових услуга и биће коришћени за употпуњавање базе података о локацијама. Подаци могу бити смештени на Вашем уређају и могу бити послати чак иако ни једна апликација није покренута.","notice":"Обавештење","aboutYourPrivacy":"Више о Вашој приватности","wifi":"Wi-Fi","scanningNetworks":"Тражим мреже","selectNetwork":"Одаберите мрежу","shortStatus-connecting":"Повезивање…","shortStatus-associated":"Добављање IP адресе…","shortStatus-connected":"Повезано","shortStatus-connectingfailed":"Повезивањe није успело","shortStatus-disconnected":"Ван мреже","securedBy":"осигурано од стране {{capabilities}}","security":"Сигурност","securityNone":"Ништа","securityWEP":"WEP","securityWPA-PSK":"WPA-PSK","securityWPA-EAP":"WPA-EAP","securityOpen":"Отворено","identity":"Корисник","identityInput":{"placeholder":"Корисник"},"password":"Лозинка","passwordInput":{"placeholder":"Лозинка"},"showPassword":"Прикажи лозинку","refresh":"Освежи","noWifiFound3":"Ни једна бежична мрежа није нађена","join-hidden-button":"Скривена мрежа","authentication":"Аутентификација","ssid-name":"SSID назив мреже","dateAndTime":"Датум и време","setTimeAutomatically":"Постави аутоматски","timezoneMessage":"Временска зона","timezoneTitle":"UTC{{utcOffset}} {{region}}/{{city}}","dateMessage":"Датум","timeMessage":"Време","timeZone":"Временска зона","change":"Промени","importContacts3":"Увези контакте","importSim2":"SIM картица","importFb2":"Facebook-а","importOutlook":"Outlook","importGmail":"Gmail","fb-checking":"… провера","notImportedYet":"Још нису увезени","otherAccount":"Други налози","mobile":"Мобилни","afterFbImport":"У поставкама контаката можете у било којем тренутку увести и уредити своје Facebook пријатеље","firefox-accounts":"Firefox налози","fxa-overview":{"innerHTML":"Firefox налог Вам дозвољава да користите могућности као што су Нађи мој уређај и апликације у Firefox Marketplace-у."},"fxa-create-account-or-sign-in":"Направи налог или се пријави","fxa-email-sent":"Верификациона веза је послата на е-пошту {{email}}","about-your-rights-0":"{{brandShortName}} је направљен од стране хиљада људи из глобалне заједнице. Неколико ствари би требало да знате:","about-your-rights-1":"{{brandShortName}} је доступан под условима неколико отворених лиценци укључујући јавну лиценцу Mozilla фондацијe. Уређај који покреће {{brandShortName}} такође може садржати софтвер који је власништво трећих лица. Сав код који је под отвореним лиценцама Вам даје за право да измените изворни код и прослеђујете своју модификовану верзију истог док год се придржавате услова лиценци.","about-your-rights-2":"Нису Вам одобрена било каква права или лиценце које се односе на заштитни знак Mozilla фондације или трећих лица, укључујући {{brandShortName}} назив или логотип.","about-your-rights-3":"Неке могућности програма {{brandShortName}}, као што је извештач о грешкама, Вам пружају могућност да пошаљете повратне информације Mozilla фондацији. Ако одлучите да пошаљете повратне информације, тиме дајете Mozilla фондацији дозволу да користи те информације у циљу побољшања својих производа, да објави те информације на свом сајту као и да их дели.","about-other":"Остало","SIM_mandatory":"Упозорење SIM картице","SIM_mandatory_warm":"Молим Вас, уметните SIM картицу и поново покрените телефон.","sharing-performance-data":"Дељење података о перформансама","telemetry-sends":"Телеметрија шаље Mozilla фондацији информације о перформансама, хардверу, конфигурацији и подешавањима Вашег {{brandShortName}} уређаја. Ове информације користимо да бисмо унапредили наше производе, учинили их бржим и ефикаснијим.","learn-more-telemetry":{"innerHTML":"Сазнајте више на {{link}}"},"learn-more-information":{"innerHTML":"Сазнајте како Mozilla рукује са информацијама на {{link}}"},"welcomeBrowser":"Добродошли у {{brandShortName}}, бесплатан оперативни систем отвореног кода. Наша мисија је промовисање отворености, иновација и могућности тако што остављамо сву моћ веба у Вашим рукама.","learn-more-privacy":{"innerHTML":"Сазнајте како Mozilla рукује са информацијама на {{link}}."},"learn-more-privacy-link":"полиса приватности","aboutBrowser":"О {{brandShortName}}","aboutYourPrivacy2":"Ваша приватност","mozillaCommunity2":"Када користите {{brandShortName}}, постајете део глобалне заједнице која помаже у изградњи светлије будућности веба. Ако желите да сазнате више о Mozilla заједници, нашим пројектима и догађајима близу Вас, молимo Вас унесите адресу своје е-поште у поље испод.","collaborate":"Желим да помогнем да се побољша {{brandShortName}} тако што ћу поделити податке о свом телефону.","learnMore":"Сазнајте више.","emailAddress":{"placeholder":"Адреса е-поште"},"email-successfully-added":"Адреса је успешно додата","email-loading":"Памћење Ваше е-поште…","browserPrivacyChoices":"{{brandShortName}} опције приватности","privacy-b2g":{"_":"{{brandShortName}}","title":"{{brandShortName}}"},"privacy-marketplace":{"_":"Marketplace","title":"{{privacy-marketplace}}"},"privacy-e-me":{"_":"everything.me","title":"{{privacy-e-me}}"},"navbar-back":"Назад","navbar-next":"Следеће","navbar-join":"Прикључи се","thatsIt":"То је то!","startYourPhone":"Упознајте се са телефоном!","startYourTablet":"Започните водич за Ваш таблет!","joinTutorial":"Погледајте брзо упутство за Ваш нов телефон.","enjoyYourPhone":"Спремни сте да уживате користећи свој нов телефон.","optionsAvailable":"У поставкама можете променити језик, датум/време и Wi-Fi.","letsGo":"Идемо","startTour":"Започни водич","thatsIt1Tablet-2":"Увек можете да превучете са доње ивице да бисте дошли на почетни екран.","thatsIt2Tablet-2":"Хајде да то урадимо!","tutorial-step1-tiny":"Превуците прстом са десне на леву страну да бисте прегледали апликације.","tutorial-step2-tiny":"Притисните и држите прстом неку иконицу апликације да бисте је избрисали или померили.","tutorial-step3-tiny":"Унесите било коју кључну реч или тему и Ваш телефон ће се одмах прилагодити.","tutorial-step4-tiny":"Превуците прстом на доле да бисте приступили скоријим обавештењима, информацијама о кредиту и поставкама.","tutorial-step5-tiny":"Притисните и држите прстом дугме за почетни екран да бисте прегледали скоро коришћене апликације.","tutorial-step6-tiny":"Превуците прстом од стране екрана да бисте се кретали између активних апликација.","tutorial-step1-large-2":"Превуците прстом на доле да бисте приступили скоријим обавештењима, информацијама о кредиту и поставкама.","tutorial-step2-large-2":"Превуците прстом лево или десно да бисте открили нове апликације на почетном екрану.","tutorial-step3-large-2":"Притисните и држите прстом неку иконицу апликације да бисте је избрисали или померили.","tutorial-step4-large-2":"Превуците са два прста од доле да бисте активирали приказ картице.","offline-dialog-title":"Морате бити повезани на интернет да бисте видели страницу.","offline-dialog-text":"Молим Вас повежите се на интернет. Ову страницу можете такође погледати касније из менија поставки или ако унесете адресу {{url}} у било који прегледач интернета.","OK":"У реду","offline-newsletter-dialog-title":"Морате бити повезани на интернет да бисте се пријавили на билтен.","offline-newsletter-dialog-text":"Молим Вас повежите се на интернет.","invalid-email-dialog-title":"Адреса Ваше е-поште није исправна","invalid-email-dialog-text":"Молим Вас вратите се и исправите унос.","cancel":"Откажи","weekday-0-long":"Недеља","weekday-1-long":"Понедељак","weekday-2-long":"Уторак","weekday-3-long":"Среда","weekday-4-long":"Четвртак","weekday-5-long":"Петак","weekday-6-long":"Субота","weekday-0-short":"Нед","weekday-1-short":"Пон","weekday-2-short":"Уто","weekday-3-short":"Сре","weekday-4-short":"Чет","weekday-5-short":"Пет","weekday-6-short":"Суб","month-0-long":"јануар","month-1-long":"фебруар","month-2-long":"март","month-3-long":"април","month-4-long":"мај","month-5-long":"јун","month-6-long":"јул","month-7-long":"август","month-8-long":"септембар","month-9-long":"октобар","month-10-long":"новембар","month-11-long":"децембар","month-0-genitive":"јануара","month-1-genitive":"фебруара","month-2-genitive":"марта","month-3-genitive":"априла","month-4-genitive":"маја","month-5-genitive":"јуна","month-6-genitive":"јула","month-7-genitive":"августа","month-8-genitive":"септембра","month-9-genitive":"октобра","month-10-genitive":"новембра","month-11-genitive":"децембра","month-0-short":"јан","month-1-short":"феб","month-2-short":"мар","month-3-short":"апр","month-4-short":"мај","month-5-short":"јун","month-6-short":"јул","month-7-short":"авг","month-8-short":"сеп","month-9-short":"окт","month-10-short":"нов","month-11-short":"дец","minutes-ago-long":{"_index":["plural","value"],"_":{"zero":"управо","one":"пре минут","two":"пре {{value}} минута","few":"пре {{value}} минута","many":"пре {{value}} минута","other":"пре {{value}} минута"}},"hours-ago-long":{"_index":["plural","value"],"_":{"zero":"управо","one":"пре сат времена","two":"пре {{value}} сата","few":"пре {{value}} сати","many":"пре {{value}} сати","other":"пре {{value}} сати"}},"days-ago-long":{"_index":["plural","value"],"_":{"zero":"данас","one":"јуче","two":"пре {{value}} дана","few":"пре {{value}} дана","many":"пре {{value}} дана","other":"пре {{value}} дана"}},"weeks-ago-long":{"_index":["plural","value"],"_":{"zero":"ове недеље","one":"прошле недеље","two":"пре {{value}} недеље","few":"пре {{value}} недеља","many":"пре {{value}} недеља","other":"пре {{value}} недеља"}},"months-ago-long":{"_index":["plural","value"],"_":{"zero":"овог месеца","one":"прошлог месеца","two":"пре {{value}} месеца","few":"пре {{value}} месеци","many":"пре {{value}} месеци","other":"пре {{value}} месеци"}},"years-ago-long":{"_index":["plural","value"],"_":{"zero":"ове године","one":"прошле године","two":"пре {{value}} године","few":"пре {{value}} година","many":"пре {{value}} година","other":"пре {{value}} година"}},"minutes-until-long":{"_index":["plural","value"],"_":{"zero":"управо","one":"за један минут","two":"за {{value}} минута","few":"за {{value}} минута","many":"за {{value}} минута","other":"за {{value}} минута"}},"hours-until-long":{"_index":["plural","value"],"_":{"zero":"управо","one":"за сат времена","two":"за {{value}} сата","few":"за {{value}} сати","many":"за {{value}} сати","other":"за {{value}} сати"}},"days-until-long":{"_index":["plural","value"],"_":{"zero":"данас","one":"сутра","two":"за {{value}} дана","few":"за {{value}} дана","many":"за {{value}} дана","other":"за {{value}} дана"}},"weeks-until-long":{"_index":["plural","value"],"_":{"zero":"ове недеље","one":"следеће недеље","two":"за {{value}} недеље","few":"за {{value}} недеља","many":"за {{value}} недеља","other":"за {{value}} недеља"}},"months-until-long":{"_index":["plural","value"],"_":{"zero":"овог месеца","one":"следећег месеца","two":"за {{value}} месеца","few":"за {{value}} месеци","many":"за {{value}} месеци","other":"за {{value}} месеци"}},"years-until-long":{"_index":["plural","value"],"_":{"zero":"ове године","one":"следеће године","two":"за {{value}} године","few":"за {{value}} година","many":"за {{value}} година","other":"за {{value}} година"}},"minutes-ago-short":{"_index":["plural","value"],"_":{"zero":"управо","other":"пре {{value}}м"}},"hours-ago-short":{"_index":["plural","value"],"_":{"zero":"управо","other":"пре {{value}}с"}},"days-ago-short":{"_index":["plural","value"],"_":{"zero":"данас","other":"пре {{value}}д"}},"minutes-until-short":{"_index":["plural","value"],"_":{"zero":"управо","other":"за {{value}}м"}},"hours-until-short":{"_index":["plural","value"],"_":{"zero":"управо","other":"за {{value}}с"}},"days-until-short":{"_index":["plural","value"],"_":{"zero":"данас","other":"за {{value}}д"}},"incorrectDate":"(нетачан датум)","dateTimeFormat_%c":"%a %e %b %Y %H:%M:%S","dateTimeFormat_%x":"%d.%m.%Y","dateTimeFormat_%X":"%H:%M:%S","shortTimeFormat":"%H:%M","shortDateTimeFormat":"%x %H:%M","weekStartsOnMonday":"1","time_am":"AM","time_pm":"PM","tz-region":"Регион","tz-city":"Град","tzRegion-Africa":"Африка","tzRegion-America":"Америка","tzRegion-Antarctica":"Антарктик","tzRegion-Asia":"Азија","tzRegion-Atlantic":"Атлантски океан","tzRegion-Australia":"Аустралија","tzRegion-Europe":"Европа","tzRegion-Indian":"Индијски океан","tzRegion-Pacific":"Пацифик","close":"Close","import":"Import","update":"Update","fbFriends":"Facebook Friends","live-serviceName":"Outlook","gmail-serviceName":"Gmail","facebook-serviceName":"Facebook Friends","selectAll":"Select all","deselectAll":"Deselect all","viewAll":"View All Facebook Friends","viewRecommend":"View Only Recommended","linkProposal":{"_index":["plural","numFriends"],"_":{"zero":"No matching friends. Showing all","one":"Select the recommended one","two":"Select a recommended one","few":"Select a recommended one","many":"Select a recommended one","other":"Select a recommended one"}},"fbFriendsFound":{"_index":["plural","numFriends"],"_":{"zero":"All your friends are imported","one":"Found one friend to import","two":"Found {{numFriends}} friends to import","few":"Found {{numFriends}} friends to import","many":"Found {{numFriends}} friends to import","other":"Found {{numFriends}} friends to import"}},"facebook":"Facebook","search-contact":{"placeholder":"Search"},"noResults":"No contacts found","done-search":"Done","progressFB3ImportTitle":"Importing friends to Contacts","progressFB":"{{current}}/{{total}}","progressFB3UpdateTitle":"Updating friends in Contacts","message2":"This may take a couple of minutes","messageLinking":"Please hold on. We are linking your friend and your contact.","messageCanceling":"Please hold on. We are canceling the ongoing operation.","error1":"Error {{from}}","error2":"Do you want to retry?","errorProposal":"calculating proposals","errorFriends":"retrieving friends","errorLinking":"linking contact","timeout1":"Exceeded timeout {{from}}","timeout2":"Do you want to retry?","timeoutProposal":"calculating proposals","timeoutFriends":"retrieving friends","timeoutLinking":"linking contacts","wait1":"Please hold on","wait2":"This may take a couple of minutes","waitProposal":"Please hold on. We are calculating a proposal.","waitFriends":"Please hold on. We are connecting to obtain your friend list.","curtainCancel":"Cancel","curtainRetry":"Retry","curtainOK":"OK","connectionLost":"No Internet connection","connectionLostMsg":"Friends’ photos will not be added to your contacts. Continue anyway?","yesOption":"OK","noOption":"Cancel","friendsUpdated":{"_index":["plural","numFriends"],"_":{"zero":"No friends updated","one":"Updated one friend","two":"Updated {{numFriends}} friends","few":"Updated {{numFriends}} friends","many":"Updated {{numFriends}} friends","other":"Updated {{numFriends}} friends"}},"notificationLogin":"Your Facebook session is invalid. Please sign in.","syncError":"There was an error synchronizing your friend’s data","callAirplaneModeMessage":"Да бисте обавили позив морате искључити режим рада у авиону.","callAirplaneModeBtnOk":"У реду","callAirplaneModeTitle":"Режим рада у авиону је укључен","numberIsBusyTitle":"Број је заузет","numberIsBusyMessage":"Број је тренутно заузет. Молим Вас, покушајте касније.","fdnIsActiveTitle":"FDN активан","fdnIsActiveMessage":"FDN је активан а следећи број није у Вашој FDN листи: {{ number }}","voiceMail":"Говорна пошта","emergencyNumber":"Хитне службе","emergencyDialogBodyBadNumber":"Да бисте обавили позив, телефон мора бити спојен на мрежу.","emergencyDialogBodyDeviceNotAccepted":"Мрежа не допушта хитне позиве.","emergencyDialogBtnOk":"У реду","emergencyDialogTitle":"Нема мрежне везе","invalidNumberToDialTitle":"Неисправан број телефона","invalidNumberToDialMessage":"Број телефона који зовете није исправан.","unableToCallTitle":"Тренутно није могуће обавити позив","unableToCallMessage":"Није могуће остварити позив. Уколико већ зовете, молимо Вас прекинете везу.","otherConnectionInUseTitle":"Друга веза је у употреби","otherConnectionInUseMessage":"Имате активан позив на другој вези. Можете само да користите једну везу у исто време.","addNewNumber":"Додај нови број","addToExistingContact":"Додај постојећем контакт","all":{"_":"Сви","ariaLabel":"Сви"},"asterisk":{"ariaLabel":"Астериск"},"callLog":"Дневник позива","callLogEdit":{"title":"Уреди дневник поз."},"callLogEditDialog":{"ariaLabel":"Уреди дијалог дневника позива"},"connecting":"Повезивање","cf-async":"Асинхроно: {{ async }}\\n","cf-data":"Подаци: {{ data }}\\n","cf-error":"Дошло је до грешке при добављању статуса преусмеравања позива","cf-fax":"Факс: {{ fax }}\\n","cf-inactive":"Неактивно","cf-packet":"Пакет: {{ packet }}\\n","cf-pad":"PAD: {{ pad }}\\n","cf-sms":"SMS: {{ sms }}\\n","cf-status":"Статус преусмеравања позива\\n","cf-sync":"Синхроно: {{ sync }}\\n","cf-voice":"Глас: {{ voice }}\\n","confirm-deletion":"Обриши одабране позиве?","contacts":"Контакти","createNewContact":"Додај нови контакт","delete":"Delete","dialerAddContact":{"ariaLabel":"Додај контакт"},"dialerAddContactDialog":{"ariaLabel":"Додај дијалог контакта"},"edit-selected":{"_index":["plural","n"],"_":{"one":"{{ n }} одабран","two":"{{ n }} одабрана","few":"{{ n }} одабрано","many":"{{ n }} одабрано","other":"{{ n }} одабрано"}},"edit":"Измени","hashSign":{"ariaLabel":"Ознака тарабе"},"hideKeypad":{"ariaLabel":"Сакриј тастатуру"},"ignore":"Занемари позив","incoming":"Долазни","keypad":{"ariaLabel":"Тастатура"},"keypadDelete":{"ariaLabel":"Избриши"},"makeCall":{"ariaLabel":"Позови"},"merge":"Споји","missed":{"_":"Пропуштени","ariaLabel":"Пропуштени"},"missedCall":"Пропуштен позив","missedCallMultiSims":"(SIM {{ n }}) пропуштен позив","mmi-error":"Дошло је до грешке при слању поруке","mmi-session-expired":"Сесија је истекла","mmi-successfully-sent":"Порука је успешно послата","mute":{"ariaLabel":"Пригушити тон"},"newCall":{"ariaLabel":"Нови позив"},"no-logs-msg-1":"Нема запамћених позива","no-logs-msg-2":"Започните комуницирати","no-logs-msg-3":"Нема пропуштених позива","phoneNumberInput":{"ariaLabel":"Број телефона"},"recents":{"ariaLabel":"Недавни позиви"},"reply":"Одговори","switch-calls":"Замени позиве","today":"Данас","voiceMailKey":{"ariaLabel":"Говорна пошта"},"withheld-number":"Сакривен број","from-contact":"Од {{ contact }}","from-number":"Од {{ number }}","from-withheld-number":"Са сакривеног броја","yesterday":"Јуче","sending":"Слање…","speakerOption":{"ariaLabel":"Звучник"},"ussd-services":"{{ operator }} сервиси","toggleKeypad":{"ariaLabel":"Промени стање тастатуре"},"type-your-response":{"placeholder":"Упишите свој одговор…"},"clear-all-text":"Обриши сав текст","hide":"Сакри","call":"Позови","hold":{"ariaLabel":"Стави на чекање"},"resume":{"_":"Настави","ariaLabel":"Настави"},"sendSms":"Пошаљи поруку","callEnded":"Позив је завршен","via-sim":"via SIM{{ n }}","sim-number":"SIM{{ n }}","hangup-a11y-button":{"ariaLabel":"Спусти"},"pickup-a11y-button":{"ariaLabel":"Јави се"},"unlock-a11y-button":{"ariaLabel":"Клизач"},"settings":"Поставке","delete-n-log?":{"_index":["plural","n"],"_":{"zero":"Ништа није одабрано","one":"Избрисати одабрану ставку?","two":"Избрисати {{ n }} ставке?","few":"Избрисати {{ n }} ставки?","many":"Избрисати {{ n }} ставки?","other":"Избрисати {{ n }} ставки?"}},"callDurationMinutes":"{{ m }}:{{ s }}","callDurationHours":"{{ h }}:{{ m }}:{{ s}}","suggestionMatches":{"_index":["plural","n"],"_":{"one":"{{ n }} поклапање са \"{{ matchNumber }}\"","two":"{{ n }} поклапања са \"{{ matchNumber }}\"","few":"{{ n }} поклапања са \"{{ matchNumber }}\"","many":"{{ n }} поклапања са \"{{ matchNumber }}\"","other":"{{ n }} поклапања са \"{{ matchNumber }}\""}},"scCallBarring":"Забрана поз.","scCallForwarding":"Преусмер.","scClip":"ID позива","scClir":"ID позива","scPwd":"Промена лозинке","scCallWaiting":"Позив на чекању","scPin":"Промени PIN","scPin2":"Промени PIN2","scPuk":"Деблокирање","scPuk2":"Деблокирање","scImei":"IMEI","scUssd":"USSD","serviceClassVoice":"Глас","serviceClassData":"Подаци","serviceClassFax":"Факс","serviceClassSms":"SMS","serviceClassDataSync":"Синхронизација","serviceClassDataAsync":"Асинхронизација","serviceClassPacket":"Пакет","serviceClassPad":"PAD","smServiceEnabled":"Услуга омогућена","smServiceDisabled":"Услуга је онемогућена","smServiceRegistered":"Регистрација успешна","smServiceErased":"Брисање успешно","smServiceInterrogated":"Захтев успешан","smServiceNotProvisioned":"Услуга није доступна","smClirPermanent":"Не можете да промените ID позиваоца","smClirDefaultOnNextCallOn":"ID позиваоца по подразумеваном је сакривен. Следећи позив: сакривен","smClirDefaultOnNextCallOff":"ID позиваоца по подразумеваном је сакривен. Следећи позив: видљив","smClirDefaultOffNextCallOn":"ID позиваоца по подразумеваном није сакривен. Следећи позив: сакривен","smClirDefaultOffNextCallOff":"ID позиваоца по подразумеваном није сакривен. Следећи позив: видљив","smServiceEnabledFor":"Услуга омогућена за:","smPinChanged":"PIN је успешно промењен","smPinUnblocked":"PIN је успешно одблокиран","smPin2Changed":"PIN2 је успешно промењен","smPin2Unblocked":"PIN2 је успешно одблокиран","emMmiError":"Проблем у вези или је MMI код неисправан","emMmiErrorPasswordIncorrect":"Погрешна лозинка","emMmiErrorNotSupported":"Неисправан или неподржан MMI код","emMmiErrorInvalidAction":"Неисправна акција","emMmiErrorInvalidScCode":"Неважећи сервисни код","emMmiErrorBadPuk":"PUK који сте унели није тачан","emMmiErrorBadPin":"Стари PIN који сте унели није тачан.","emMmiErrorNeedPuk2":"Унесите PUK2 да бисте скинули блокаду са картице","emMmiErrorMismatchPin":"PIN-ови се не поклапају","emMmiErrorInvalidPin":"Унесите PIN који садржи 4 до 8 карактера","emMmiErrorNeedsPuk":"Ваша SIM картица је закључана PUK кодом","emMmiErrorEnablePin":"Неуспешно. Омогућите SIM/RUIM LOCK","emMmiErrorMmiFdn":"Операција је ограничена само на фиксно бирање бројева","emMmiErrorStkCcUssdDial":"USSD захтев је промењен у DIAL захтев","emMmiErrorStkCcUssdSs":"USSD захтев је промењен у SS захтев","emMmiErrorStkCcUssdUssd":"USSD захтев је промењен у нови USSD захтев","emMmiErrorStkCcSsDial":"SS захтев је промењен у DIAL захтев","emMmiErrorStkCcSsUssd":"SS захтев је промењен у USSD захтев","emMmiErrorStkCcSsSs":"SS захтев је промењен у нови SS захтев","emMmiErrorPinPukAttempts":{"_index":["plural","n"],"_":{"one":"Преостао је само {{ n }} покушај","two":"Преостала су {{ n }} покушаја","few":"Преостало је {{ n }} покушаја","many":"Преостало је {{ n }} покушаја","other":"Преостало је {{ n }} покушаја"}},"emMmiErrorSimBlocked":"Максималан број покушаја прекорачен. SIM картица је блокирана","RadioNotAvailable":"Радио није доступан","GenericFailure":"Генеричка грешка","PasswordIncorrect":"Погрешна лозинка","SimPin2":"SIM PIN2","SimPuk2":"SIM PUK2","RequestNotSupported":"Захтев није подржан","OpNotAllowedDuringVoiceCall":"Операција није дозвољена током разговора","SmsSendFailRetry":"Неуспешно слање SMS-a","SimAbsent":"SIM картица није пронађена","SubscriptionNotAvailable":"Претплата није доступна","ModeNotSupported":"Режим није подржан","FdnCheckFailure":"Fdn грешка при провери","IllegalSimOrMe":"Недопуштен SIM или ME","DialModifiedToUssd":"Бирање измењено у USSD","DialModifiedToSs":"Бирање измењено у SS","DialModifiedToDial":"Бирање измењено у позив","UssdModifiedToDial":"USSD измењен у позив","UssdModifiedToSs":"USSD измењен у SS","UssdModifiedToUssd":"USSD измењен у USSD","SsModifiedToDial":"SS измењен у позив","SsModifiedToUssd":"SS измењен у USSD","SsModifiedToSs":"SS измењен у SS","SubscriptionNotSupported":"Претплата није подржана","InvalidParameter":"Неисправан параметар","RejectedByRemote":"Одбијен од удаљеног уређаја","group-call":{"_index":["plural","n"],"_":{"one":"{{ n }} гру. позив","two":"{{ n }} гру. позива","few":"{{ n }} гру. позива","many":"{{ n }} гру. позива","other":"{{ n }} гру. позива"}},"caller-left-call":"{{ caller }} је напустио позив.","conferenceAddError":"Није могуће спојити позиве","conferenceRemoveError":"Није могуће одвојити позиве","longDateFormat":"%A, %e %B","select-audio-sources":"Одаберите звучне изворе","bluetooth-handsfree-device":"Bluetooth handsfree уређај","receiver":"Слушалица","speaker":"Звучник","add":"Додај","done":"Завршено","retry":"Покушај поново","addContact":"Додај контакт","deleteContact":"Обриши контакт","selectContact":"Одабери контакт","editContact":"Измени","deleteConfirmMsg":"Обрисати контакт?","remove":"Обриши","comments":"Коментари","no_contact_phones":"Овај контакт нема број телефона","no_contact_email":"Овај контакт нема адресу е-поште","removePhotoConfirm":"Уклони слику контакта?","loadingContacts":"Учитавање контаката…","noContactsActivity":"Немогуће је додати контакта јер је Ваша листа контаката празна","noName":"Без имена","givenName":{"placeholder":"Име"},"familyName":{"placeholder":"Презиме"},"tel":{"placeholder":"Број"},"carrier":{"_":"Оператер","placeholder":"Оператер"},"separator":",","email":{"_":"Е-пошта","placeholder":"Е-пошта"},"streetAddress":{"placeholder":"Улица"},"postalCode":{"placeholder":"ПТТ"},"locality":{"placeholder":"Град"},"countryName":{"placeholder":"Држава"},"comment":{"placeholder":"Коментар"},"org":{"placeholder":"Компанија"},"custom":"Посебна ознака","date":{"_":"Датум","placeholder":"Датум"},"date-span-placeholder":"Датум","birthday":"Рођендан","dateFormat":"%e %B","dateOutput":"{{dayMonthFormatted}} {{year}}","anniversary":"Годишњица","addPhoto":"Додај слику","addPhone":"Додај телефон","addEmail":"Додај е-пошту","addAddress":"Додај адресу","addDate":"Додај датум","addComment":"Додај коментар","addFavorite":"Додај као омиљеног","removeFavorite":"Уклони из омиљених","label":"Наслов","home":"Кућни","work":"Пословни","personal":"Лични","faxHome":"Кућни факс","faxOffice":"Факс у канцеларији","faxOther":"Други факсови","another":"Друго","other":"Остало","current":"Тренутна адреса","itemWithLabel":"{{label}}, {{item}}","exit":"Излаз","expand":"Прошири","labelName":"Име:","labelLastName":"Презиме:","labelPhoneNumber":"Телефон:","labelCarrier":"Мрежа:","labelEmail":"Е-пошта:","labelStreet":"Адреса:","labelZip":"ПТТ:","labelCity":"Град:","labelCountry":"Држава:","labelComment":"Коментар:","legendTitleMain":"Главне информације","legendPhones":"Бројеви телефона","legendEmail":"Адресе е-поште","legendAddress":"Адреса","transferContactsTitle":"Пренос контаката","importContactsTitle":"Увези контакте","importContactsButton":"Увези контакте","exportContactsTitle":"Извоз контаката","exportContactsButton":"Извоз контаката","exportContactsAction":"Извоз","simExport-title":"Извези на SIM","sdExport-title":"Извези на SD картицу","btExport-title":"Извези преко bluetooth-а","sdUMSEnabled":"SD картица се не може користити јер је USB омогућен","exportErrorTitle":"Грешка у извозу","contactsExported2":{"_index":["plural","exported"],"_":{"zero":"Ни један контакт није извезен","one":"{{exported}}/{{total}} контакт је извезен","two":"{{exported}}/{{total}} контакта су извезена","few":"{{exported}}/{{total}} конатаката је извезено","many":"{{exported}}/{{total}} конатаката је извезено","other":"{{exported}}/{{total}} конатаката је извезено"}},"exportError-general":"Десила се грешка током извоза","exportError-SD-shared":"Не може се приступити меморијској картици јер је подељена","exportError-SD-unavailable":"Меморијска картица није доступна","exportError-SD-noSpace":"Нема довољно простора на меморијској картици да би се извезли контакти","exportError-SIM-unavailable":"SIM картица није доступна","exportError-BT-shared":"Не може се приступити меморијској картици јер је подељена","exportError-BT-unavailable":"Меморијска картица није доступна","exportError-BT-noSpace":"Нема довољно простора на меморијској картици да би се извезли контакти","simContacts-import":"Увезите контакте са SIM картице","simContacts-importing":"Увожење контаката са SIM картице…","simContacts-reading":"Читање са SIM картице…","simContacts-error":"Немогуће је увести контакте са SIM картице","simContacts-imported3":{"_index":["plural","n"],"_":{"zero":"Ни један контакт није нађен на SIM картици","one":"Увежен је један контакт","two":"Увежена су {{n}} контакта","few":"Увежено је {{n}} контаката","many":"Увежено је {{n}} контаката","other":"Увежено је {{n}} контаката"}},"noSimMsgExport":"Да бисте извезли контакте, уметните или откључајте SIM картицу","simNumber":"SIM {{number}}","memoryCardContacts-import":"Увоз контаката са меморијске картице","memoryCardContacts-importing":"Увоз контаката са меморијске картице…","memoryCardContacts-reading":"Читам са меморијске картице…","memoryCardContacts-error":"Није могуће увести контакте са меморијске картице","memoryCardContacts-imported3":{"_index":["plural","n"],"_":{"zero":"Нису пронађени контакти на меморијској картици","one":"Увезен један контакт","two":"Увезена {{n}} контакта","few":"Увезено {{n}} контаката","many":"Увезено {{n}} контаката","other":"Увезено {{n}} контаката"}},"noMemoryCardMsgExport":"Да бисте извезли контакте, уметните меморијску картицу","genericProgress":"{{current}}/{{total}}","social-network":"Друштвене мреже","social-link":"Повежи контакт","social-unlink":"Уклони везу контакта","social-unlink-confirm-title":"Да ли желите да уклоните везу са пријатељем?","social-unlink-confirm-accept":"Уклони везу","facebook-import":"Увези пријатеље са Facebook-a","show-fb-profile":"Погледај профил на Fаcebook-у","msg-send":"Порука","wall-post":"Објава на зиду","facebook-import-msg":{"_index":["plural","imported"],"_":{"zero":"0 увежено (од укупно {{total}})","one":"1 увежен (од укупно {{total}})","two":"{{imported}}/{{total}} увежена","few":"{{imported}}/{{total}} увеженo","many":"{{imported}}/{{total}} увежено","other":"{{imported}}/{{total}} увежено"}},"facebookSwitchMsg":"Синх. пријатеље","select_mobile":"Одаберите мобилни","select_email":"Одаберите адресу е-поште","contactsOrderBy":"Поређај по презимену","bluetooth":"Bluetooth","fbUpdateFriends":"Ажурирај увежене пријатеље","cleaningFbData":"Уклањање података са Facebook-a","loggingOutFb":"Одјављивање са Facebook-a","cleanFbConfirmMsg":"Уклонити све податке са Facebook-a?","renewPwdMsg":"Ваша лозинка на Facebook-у је промењена. Молим Вас, ажурирајте је.","notEnabledYet":"Још није омогућено","genericNoConnection":"Да бисте извезли контакте, повежите се на Wi-Fi или на мрежу за пренос података","simCard":"SIM картица","memoryCard":"Меморијска картица","create-new":"Направите нови контакт","import-now":"Увезите своје контакте са SIM картице или Facebook-a","no-contacts":"Нема контаката","start-adding":"Почните да их додајете","notImported":"Није увезено","imported":"Увезено","organise-contacts":"Организуј контакте","find-merge-contacts":"Нађи дупликате контаката","preparing-contacts":"Припремам контакте","exportError-SIM-NoFreeRecordFound":"SIM картица је пуна","exportError-SIM-CannotAccessPhoneBook":"Не могу да приступим именику SIM картице","exportError-SIM-Unavailable":"SIM картица није пронађена","exportError-SIM-GenericError":"Грешка при извозу контакта","ContactManagementTitle":"Управљање контактима","DeleteTitle":"Избриши","bulkDeleteButton":"Избриши контакте","BulkDelCancel":"Брисање контаката отказано","DeletedTxt":{"_index":["plural","n"],"_":{"zero":"Нема контаката за брисање","one":"1 контакт обрисан","two":"{{n}} контакта обрисана","few":"{{n}} контаката обрисано","many":"{{n}} контаката обрисано","other":"{{n}} контаката обрисано"}},"DeletingContacts":"Бришем контакте","ContactConfirmDel":{"_index":["plural","n"],"_":{"zero":"Нема контаката за брисање","one":"Избрисати 1 контакт? Ово се не може поништити.","two":"Избрисати {{n}} контакта? Ово се не може поништити.","few":"Избрисати {{n}} контаката? Ово се не може поништити.","many":"Избрисати {{n}} контаката? Ово се не може поништити.","other":"Избрисати {{n}} контаката? Ово се не може поништити."}},"SelectedTxt":{"_index":["plural","n"],"_":{"zero":"Контакти","one":"{{n}} одабран","two":"{{n}} одабрана","few":"{{n}} одабрано","many":"{{n}} одабрано","other":"{{n}} одабрано"}},"sim-picker-dial-via-with-number":"Позови {{ phoneNumber }} преко","sim-picker-select-sim":"Изабери SIM","sim-picker-button":"SIM{{ n }}","sim-picker-button-default":"(подразумеван)","waitDuplicateContacts":"Тражим дупликате контаката","waitMergingDuplicateContacts":"Спајам дупликате контаката","alertNoDuplicateContacts":"Нису нађени дупликати контаката","mergeDuplicateTitle":"Спајање дупликата","suggestedDuplicateContacts":"Предложен дупликат контаката за {{name}} ","mergeActionButtonLabel":{"_index":["plural","n"],"_":{"zero":"Ни један контакт није изабран","one":"Споји са {{n}} контактом","other":"Споји са {{n}} контаката"}},"duplicatesFoundTitle":"Нађени дупликати","duplicatesFoundMessage":"{{name}} дупликати информација у следећим контактима"}