{"brandShortName":"B2G OS","browserBrandShortName":"Veb pregledač","browserBrandFullName":"Mozilla veb pregledač","back":"Back","noSimMsg":"To import contacts insert or unlock your SIM card","noMemoryCardMsg":"To import contacts insert a memory card","importMemoryCard":"Memory card","noConnection11":"To import Facebook friends or contacts connect to Wi-Fi or data network","pincode2":"Upišite PIN","type_pin":"Upišite svoj PIN","pincodeLabel":"SIM {{n}} PIN","pinValidation":"PIN mora imati između 4 i 8 karaktera.","pinError":"Neispravan PIN kod.","pinAttemptMsg2":{"_index":["plural","n"],"_":{"one":"Poslednji pokušaj.","two":"{{n}} preostala pokušaja.","few":"{{n}} preostalih pokušaja.","many":"{{n}} preostalih pokušaja.","other":"{{n}} preostalih pokušaja."}},"pinLastChanceMsg":"Ovo Vam je poslednja šansa da unesete ispravan PIN. U suprotnom, morate uneti PUK kod da biste koristili SIM karticu.","pukcode":"Unesite PUK kod","pukcodeTitle":"Upišite SIM {{n}} PUK","pukcodeLabel":"SIM {{n}} PUK","type_puk":"PUK kod","pukValidation":"PUK kod mora imati tačno 8 karaktera.","pukInfo":"Morate uneti lični ključ za otključavanje (PUK) za SIM karticu. Pročitajte propratnu dokumentaciju ili kontaktirajte mrežnog operatera za više informacija.","pukError":"PUK je neispravan.","pukAttemptMsg2":{"_index":["plural","n"],"_":{"one":"Imate još jedan pokušaj da unesete ispravan kod pre nego što SIM kartica bude trajno neupotrebljiva. Pročitajte propratnu dokumentaciju ili kontaktirajte mrežnog operatera za više informacija.","two":"Imate još {{n}} pokušaja da unesete ispravan kod pre nego što SIM kartica bude trajno neupotrebljiva. Pročitajte propratnu dokumentaciju ili kontaktirajte mrežnog operatera za više informacija.","few":"Imate još {{n}} pokušaja da unesete ispravan kod pre nego što SIM kartica bude trajno neupotrebljiva. Pročitajte propratnu dokumentaciju ili kontaktirajte mrežnog operatera za više informacija.","many":"Imate još {{n}} pokušaja da unesete ispravan kod pre nego što SIM kartica bude trajno neupotrebljiva. Pročitajte propratnu dokumentaciju ili kontaktirajte mrežnog operatera za više informacija.","other":"Imate još {{n}} pokušaja da unesete ispravan kod pre nego što SIM kartica bude trajno neupotrebljiva. Pročitajte propratnu dokumentaciju ili kontaktirajte mrežnog operatera za više informacija."}},"pukLastChanceMsg":"Ovo je Vaša poslednja šansa za unos ispravnog PUK koda. Vaša SIM kartica će biti zauvek neupotrebljiva ako još jednom unesete pogrešan PUK kod.","create_newpin":"Napravite novi PIN (4-8 brojeva)","confirm_newpin":"Potvrdite novi PIN","newpinConfirmation":"PIN kodovi nisu isti","nckcode":"Unesite NCK kod","cckcode":"Unesite CCK kod","spckcode":"Unesite SPCK kod","nck1code":"Unesite NCK1 kod","nck2code":"Unesite NCK2 kod","hnckcode":"Unesite HNCK kod","rcckcode":"Unesite RCCK kod","rspckcode":"Unesite RSPCK kod","nckcodeTitle":"Unesite SIM {{n}} NCK","cckcodeTitle":"Unesite SIM {{n}} CCK","spckcodeTitle":"Unesite SIM {{n}} SPCK","nck1codeTitle":"Unesite SIM {{n}} NCK1","nck2codeTitle":"Unesite SIM {{n}} NCK2","hnckcodeTitle":"Unesite SIM {{n}} HNCK","rcckcodeTitle":"Unesite SIM {{n}} RCCK","rspckcodeTitle":"Unesite SIM {{n}} RSPCK","nckcodeLabel":"SIM {{n}} NCK","cckcodeLabel":"SIM {{n}} CCK","spckcodeLabel":"SIM {{n}} SPCK","nck1codeLabel":"SIM {{n}} NCK1","nck2codeLabel":"SIM {{n}} NCK2","hnckcodeLabel":"SIM {{n}} HNCK","rcckcodeLabel":"SIM {{n}} RCCK","rspckcodeLabel":"SIM {{n}} RSPCK","type_nck":"Upišite svoj NCK kod","type_cck":"Upišite svoj CCK kod","type_spck":"Upišite svoj SPCK kod","type_nck1":"Upišite svoj NCK1 kod","type_nck2":"Upišite svoj NCK2 kod","type_hnck":"Upišite svoj HNCK kod","type_rcck":"Upišite svoj RCCK kod","type_rspck":"Upišite svoj RSPCK kod","nckValidation":"NCK kod mora imati između 8 i 16 karaktera.","cckValidation":"CCK kod mora imati između 8 i 16 karaktera.","spckValidation":"SPCK kod mora imati između 8 i 16 karaktera.","nck1Validation":"NCK1 kod mora imati između 8 i 16 karaktera.","nck2Validation":"NCK2 kod mora imati između 8 i 16 karaktera.","hnckValidation":"HNCK kod mora imati između 8 i 16 karaktera.","rcckValidation":"RCCK kod mora imati između 8 i 16 karaktera.","rspckValidation":"RSPCK kod mora imati između 8 i 16 karaktera.","nckErrorMsg":"Neispravan NCK kod.","nckAttemptMsg2":{"_index":["plural","n"],"_":{"one":"Zahtev za otključavanje telefona nije uspešan. Imate još jedan pokušaj da unesete ispravan kod. Pročitajte propratnu dokumentaciju ili kontaktirajte mrežnog operatera za više informacija.","two":"Zahtev za otključavanje telefona nije uspešan. Imate još {{n}} pokušaja da unesete ispravan kod. Pročitajte propratnu dokumentaciju ili kontaktirajte mrežnog operatera za više informacija.","few":"Zahtev za otključavanje telefona nije uspešan. Imate još {{n}} pokušaja da unesete ispravan kod. Pročitajte propratnu dokumentaciju ili kontaktirajte mrežnog operatera za više informacija.","many":"Zahtev za otključavanje telefona nije uspešan. Imate još {{n}} pokušaja da unesete ispravan kod. Pročitajte propratnu dokumentaciju ili kontaktirajte mrežnog operatera za više informacija.","other":"Zahtev za otključavanje telefona nije uspešan. Imate još {{n}} pokušaja da unesete ispravan kod. Pročitajte propratnu dokumentaciju ili kontaktirajte mrežnog operatera za više informacija."}},"nckLastChanceMsg":"Zahtev za otključavanje telefona nije uspešan. Ovo je poslednja šansa da unesete ispravan NCK kod. Pročitajte propratnu dokumentaciju ili kontaktirajte mrežnog operatera za više informacija.","skip":"Preskoči","send":"Pošalji","ok":"U redu","simLocked":"SIM kartica je zaključana","inputCodeRetriesLeft":{"_index":["plural","n"],"_":{"one":"poslednji pokušaj.","two":"preostalo {{n}} pokušaja.","few":"preostalo {{n}} pokušaja.","many":"preostalo {{n}} pokušaja.","other":"preostalo {{n}} pokušaja."}},"simManager":"SIM upravljač","simDetail":"SIM {{n}}","simDefault":"(podrzumevana)","simDefaultMessage":"Odlazni pozivi, odlazne poruke i veze podataka su po podrazumevanom postavljeni na SIM 1","simSettingsMessage":"Možete promeniti podrazumevana podešanja: Postavke > Upravljač SIM karticama ","simPinLocked":"SIM PIN zaključan","noOperator":"Nema operatera","language":"Jezik","english":"Engleski","dvorak":"Engleski(Dvorak)","spanish":"Španski","portuguese":"Portugalski(Brazil)","french":"Francuski","italian":"Italijanski","arabic":"Arapski","greek":"Grčki","hebrew":"Jevrejski","jp-kanji":"Japanski","jp-kanji-desc":"Kandži","traditionalChinese":"Tradicionalni kineski","traditionalChinese-desc":"Džujin","simplifiedChinese":"Uprošćen kineski","simplifiedChinese-desc":"Pinjin","3g":"Mobilni podaci","dataConnection":"Prenos podataka","dataConnectionInfo":"Omogućavanje prenosa podataka će Vam omogućiti da podesite svoj telefon bez Wi-Fi mreže. Možete je omogućiti i kasnije u postavkama. Samo se postarajte da imate dobar paket usluga sa svojim mrežnim operaterom kako biste izbegli plaćanje visokih naknada.","caution":"Upozorenje","geolocation":"Geolokacija","geolocationCheckbox":"Geolokacija","geolocationInfo2":"{{brandShortName}} koristi podatke mobilne mreže, GPS i Wi-Fi podatke kako bi otkrili Vašu lokaciju.","geolocationInfoMore":"Podaci se šalju Mozilla fondaciji i ostalim pružaocima ovih usluga i biće korišćeni za upotpunjavanje baze podataka o lokacijama. Podaci mogu biti smešteni na Vašem uređaju i mogu biti poslati čak iako ni jedna aplikacija nije pokrenuta.","notice":"Obaveštenje","aboutYourPrivacy":"Više o Vašoj privatnosti","wifi":"Wi-Fi","scanningNetworks":"Tražim mreže","selectNetwork":"Odaberite mrežu","shortStatus-connecting":"Povezivanje…","shortStatus-associated":"Dobavljanje IP adrese…","shortStatus-connected":"Povezano","shortStatus-connectingfailed":"Povezivanje nije uspelo","shortStatus-disconnected":"Van mreže","securedBy":"osigurano od strane {{capabilities}}","security":"Sigurnost","securityNone":"Ništa","securityWEP":"WEP","securityWPA-PSK":"WPA-PSK","securityWPA-EAP":"WPA-EAP","securityOpen":"Otvoreno","identity":"Korisnik","identityInput":{"placeholder":"Korisnik"},"password":"Lozinka","passwordInput":{"placeholder":"Lozinka"},"showPassword":"Prikaži lozinku","refresh":"Osveži","noWifiFound3":"Ni jedna bežična mreža nije nađena","join-hidden-button":"Skrivena mreža","authentication":"Autentifikacija","ssid-name":"SSID naziv mreže","dateAndTime":"Datum i vreme","setTimeAutomatically":"Postavi automatski","timezoneMessage":"Vremenska zona","timezoneTitle":"UTC{{utcOffset}} {{region}}/{{city}}","dateMessage":"Datum","timeMessage":"Vreme","timeZone":"Vremenska zona","change":"Promeni","importContacts3":"Uvezi kontakte","importSim2":"SIM kartica","importFb2":"Facebook-a","importOutlook":"Outlook","importGmail":"Gmail","fb-checking":"… provera","notImportedYet":"Još nisu uvezeni","otherAccount":"Drugi nalozi","mobile":"Mobilni","afterFbImport":"U postavkama kontakata možete u bilo kojem trenutku uvesti i urediti svoje Facebook prijatelje","firefox-accounts":"Firefox nalozi","fxa-overview":{"innerHTML":"Firefox nalog Vam dozvoljava da koristite mogućnosti kao što su Nađi moj uređaj i aplikacije u Firefox Marketplace-u."},"fxa-create-account-or-sign-in":"Napravi nalog ili se prijavi","fxa-email-sent":"Verifikaciona veza je poslata na e-poštu {{email}}","about-your-rights-0":"{{brandShortName}} je napravljen od strane hiljada ljudi iz globalne zajednice. Nekoliko stvari bi trebalo da znate:","about-your-rights-1":"{{brandShortName}} je dostupan pod uslovima nekoliko otvorenih licenci uključujući javnu licencu Mozilla fondacije. Uređaj koji pokreće {{brandShortName}} takođe može sadržati softver koji je vlasništvo trećih lica. Sav kod koji je pod otvorenim licencama Vam daje za pravo da izmenite izvorni kod i prosleđujete svoju modifikovanu verziju istog dok god se pridržavate uslova licenci.","about-your-rights-2":"Nisu Vam odobrena bilo kakva prava ili licence koje se odnose na zaštitni znak Mozilla fondacije ili trećih lica, uključujući {{brandShortName}} naziv ili logotip.","about-your-rights-3":"Neke mogućnosti programa {{brandShortName}}, kao što je izveštač o greškama, Vam pružaju mogućnost da pošaljete povratne informacije Mozilla fondaciji. Ako odlučite da pošaljete povratne informacije, time dajete Mozilla fondaciji dozvolu da koristi te informacije u cilju poboljšanja svojih proizvoda, da objavi te informacije na svom sajtu kao i da ih deli.","about-other":"Ostalo","SIM_mandatory":"Upozorenje SIM kartice","SIM_mandatory_warm":"Molim Vas, umetnite SIM karticu i ponovo pokrenite telefon.","sharing-performance-data":"Deljenje podataka o performansama","telemetry-sends":"Telemetrija šalje Mozilla fondaciji informacije o performansama, hardveru, konfiguraciji i podešavanjima Vašeg {{brandShortName}} uređaja. Ove informacije koristimo da bismo unapredili naše proizvode, učinili ih bržim i efikasnijim.","learn-more-telemetry":{"innerHTML":"Saznajte više na {{link}}"},"learn-more-information":{"innerHTML":"Saznajte kako Mozilla rukuje sa informacijama na {{link}}"},"welcomeBrowser":"Dobrodošli u {{brandShortName}}, besplatan operativni sistem otvorenog koda. Naša misija je promovisanje otvorenosti, inovacija i mogućnosti tako što ostavljamo svu moć veba u Vašim rukama.","learn-more-privacy":{"innerHTML":"Saznajte kako Mozilla rukuje sa informacijama na {{link}}."},"learn-more-privacy-link":"polisa privatnosti","aboutBrowser":"O {{brandShortName}}","aboutYourPrivacy2":"Vaša privatnost","mozillaCommunity2":"Kada koristite {{brandShortName}}, postajete deo globalne zajednice koja pomaže u izgradnji svetlije budućnosti veba. Ako želite da saznate više o Mozilla zajednici, našim projektima i događajima blizu Vas, molimo Vas unesite adresu svoje e-pošte u polje ispod.","collaborate":"Želim da pomognem da se poboljša {{brandShortName}} tako što ću podeliti podatke o svom telefonu.","learnMore":"Saznajte više.","emailAddress":{"placeholder":"Adresa e-pošte"},"email-successfully-added":"Adresa je uspešno dodata","email-loading":"Pamćenje Vaše e-pošte…","browserPrivacyChoices":"{{brandShortName}} opcije privatnosti","privacy-b2g":{"_":"{{brandShortName}}","title":"{{brandShortName}}"},"privacy-marketplace":{"_":"Marketplace","title":"{{privacy-marketplace}}"},"privacy-e-me":{"_":"everything.me","title":"{{privacy-e-me}}"},"navbar-back":"Nazad","navbar-next":"Sledeće","navbar-join":"Priključi se","thatsIt":"To je to!","startYourPhone":"Upoznajte se sa telefonom!","startYourTablet":"Započnite vodič za Vaš tablet!","joinTutorial":"Pogledajte brzo uputstvo za Vaš nov telefon.","enjoyYourPhone":"Spremni ste da uživate koristeći svoj nov telefon.","optionsAvailable":"U postavkama možete promeniti jezik, datum/vreme i Wi-Fi.","letsGo":"Idemo","startTour":"Započni vodič","thatsIt1Tablet-2":"Uvek možete da prevučete sa donje ivice da biste došli na početni ekran.","thatsIt2Tablet-2":"Hajde da to uradimo!","tutorial-step1-tiny":"Prevucite prstom sa desne na levu stranu da biste pregledali aplikacije.","tutorial-step2-tiny":"Pritisnite i držite prstom neku ikonicu aplikacije da biste je izbrisali ili pomerili.","tutorial-step3-tiny":"Unesite bilo koju ključnu reč ili temu i Vaš telefon će se odmah prilagoditi.","tutorial-step4-tiny":"Prevucite prstom na dole da biste pristupili skorijim obaveštenjima, informacijama o kreditu i postavkama.","tutorial-step5-tiny":"Pritisnite i držite prstom dugme za početni ekran da biste pregledali skoro korišćene aplikacije.","tutorial-step6-tiny":"Prevucite prstom od strane ekrana da biste se kretali između aktivnih aplikacija.","tutorial-step1-large-2":"Prevucite prstom na dole da biste pristupili skorijim obaveštenjima, informacijama o kreditu i postavkama.","tutorial-step2-large-2":"Prevucite prstom levo ili desno da biste otkrili nove aplikacije na početnom ekranu.","tutorial-step3-large-2":"Pritisnite i držite prstom neku ikonicu aplikacije da biste je izbrisali ili pomerili.","tutorial-step4-large-2":"Prevucite sa dva prsta od dole da biste aktivirali prikaz kartice.","offline-dialog-title":"Morate biti povezani na internet da biste videli stranicu.","offline-dialog-text":"Molim Vas povežite se na internet. Ovu stranicu možete takođe pogledati kasnije iz menija postavki ili ako unesete adresu {{url}} u bilo koji pregledač interneta.","OK":"U redu","offline-newsletter-dialog-title":"Morate biti povezani na internet da biste se prijavili na bilten.","offline-newsletter-dialog-text":"Molim Vas povežite se na internet.","invalid-email-dialog-title":"Adresa Vaše e-pošte nije ispravna","invalid-email-dialog-text":"Molim Vas vratite se i ispravite unos.","cancel":"Otkaži","weekday-0-long":"Nedelja","weekday-1-long":"Ponedeljak","weekday-2-long":"Utorak","weekday-3-long":"Sreda","weekday-4-long":"Četvrtak","weekday-5-long":"Petak","weekday-6-long":"Subota","weekday-0-short":"Ned","weekday-1-short":"Pon","weekday-2-short":"Uto","weekday-3-short":"Sre","weekday-4-short":"Čet","weekday-5-short":"Pet","weekday-6-short":"Sub","month-0-long":"januar","month-1-long":"februar","month-2-long":"mart","month-3-long":"april","month-4-long":"maj","month-5-long":"jun","month-6-long":"jul","month-7-long":"avgust","month-8-long":"septembar","month-9-long":"oktobar","month-10-long":"novembar","month-11-long":"decembar","month-0-genitive":"januara","month-1-genitive":"februara","month-2-genitive":"marta","month-3-genitive":"aprila","month-4-genitive":"maja","month-5-genitive":"juna","month-6-genitive":"jula","month-7-genitive":"avgusta","month-8-genitive":"septembra","month-9-genitive":"oktobra","month-10-genitive":"novembra","month-11-genitive":"decembra","month-0-short":"jan","month-1-short":"feb","month-2-short":"mar","month-3-short":"apr","month-4-short":"maj","month-5-short":"jun","month-6-short":"jul","month-7-short":"avg","month-8-short":"sep","month-9-short":"okt","month-10-short":"nov","month-11-short":"dec","minutes-ago-long":{"_index":["plural","value"],"_":{"zero":"upravo","one":"pre minut","two":"pre {{value}} minuta","few":"pre {{value}} minuta","many":"pre {{value}} minuta","other":"pre {{value}} minuta"}},"hours-ago-long":{"_index":["plural","value"],"_":{"zero":"upravo","one":"pre sat vremena","two":"pre {{value}} sata","few":"pre {{value}} sati","many":"pre {{value}} sati","other":"pre {{value}} sati"}},"days-ago-long":{"_index":["plural","value"],"_":{"zero":"danas","one":"juče","two":"pre {{value}} dana","few":"pre {{value}} dana","many":"pre {{value}} dana","other":"pre {{value}} dana"}},"weeks-ago-long":{"_index":["plural","value"],"_":{"zero":"ove nedelje","one":"prošle nedelje","two":"pre {{value}} nedelje","few":"pre {{value}} nedelja","many":"pre {{value}} nedelja","other":"pre {{value}} nedelja"}},"months-ago-long":{"_index":["plural","value"],"_":{"zero":"ovog meseca","one":"prošlog meseca","two":"pre {{value}} meseca","few":"pre {{value}} meseci","many":"pre {{value}} meseci","other":"pre {{value}} meseci"}},"years-ago-long":{"_index":["plural","value"],"_":{"zero":"ove godine","one":"prošle godine","two":"pre {{value}} godine","few":"pre {{value}} godina","many":"pre {{value}} godina","other":"pre {{value}} godina"}},"minutes-until-long":{"_index":["plural","value"],"_":{"zero":"upravo","one":"za jedan minut","two":"za {{value}} minuta","few":"za {{value}} minuta","many":"za {{value}} minuta","other":"za {{value}} minuta"}},"hours-until-long":{"_index":["plural","value"],"_":{"zero":"upravo","one":"za sat vremena","two":"za {{value}} sata","few":"za {{value}} sati","many":"za {{value}} sati","other":"za {{value}} sati"}},"days-until-long":{"_index":["plural","value"],"_":{"zero":"danas","one":"sutra","two":"za {{value}} dana","few":"za {{value}} dana","many":"za {{value}} dana","other":"za {{value}} dana"}},"weeks-until-long":{"_index":["plural","value"],"_":{"zero":"ove nedelje","one":"sledeće nedelje","two":"za {{value}} nedelje","few":"za {{value}} nedelja","many":"za {{value}} nedelja","other":"za {{value}} nedelja"}},"months-until-long":{"_index":["plural","value"],"_":{"zero":"ovog meseca","one":"sledećeg meseca","two":"za {{value}} meseca","few":"za {{value}} meseci","many":"za {{value}} meseci","other":"za {{value}} meseci"}},"years-until-long":{"_index":["plural","value"],"_":{"zero":"ove godine","one":"sledeće godine","two":"za {{value}} godine","few":"za {{value}} godina","many":"za {{value}} godina","other":"za {{value}} godina"}},"minutes-ago-short":{"_index":["plural","value"],"_":{"zero":"upravo","other":"pre {{value}}m"}},"hours-ago-short":{"_index":["plural","value"],"_":{"zero":"upravo","other":"pre {{value}}s"}},"days-ago-short":{"_index":["plural","value"],"_":{"zero":"danas","other":"pre {{value}}d"}},"minutes-until-short":{"_index":["plural","value"],"_":{"zero":"upravo","other":"za {{value}}m"}},"hours-until-short":{"_index":["plural","value"],"_":{"zero":"upravo","other":"za {{value}}s"}},"days-until-short":{"_index":["plural","value"],"_":{"zero":"danas","other":"za {{value}}d"}},"incorrectDate":"(netačan datum)","dateTimeFormat_%c":"%a %e %b %Y %H:%M:%S","dateTimeFormat_%x":"%d.%m.%Y","dateTimeFormat_%X":"%H:%M:%S","shortTimeFormat":"%H:%M","shortDateTimeFormat":"%x %H:%M","weekStartsOnMonday":"1","time_am":"AM","time_pm":"PM","tz-region":"Region","tz-city":"Grad","tzRegion-Africa":"Afrika","tzRegion-America":"Amerika","tzRegion-Antarctica":"Antarktik","tzRegion-Asia":"Azija","tzRegion-Atlantic":"Atlantski okean","tzRegion-Australia":"Australija","tzRegion-Europe":"Evropa","tzRegion-Indian":"Indijski okean","tzRegion-Pacific":"Pacifik","close":"Close","import":"Import","update":"Update","fbFriends":"Facebook Friends","live-serviceName":"Outlook","gmail-serviceName":"Gmail","facebook-serviceName":"Facebook Friends","selectAll":"Select all","deselectAll":"Deselect all","viewAll":"View All Facebook Friends","viewRecommend":"View Only Recommended","linkProposal":{"_index":["plural","numFriends"],"_":{"zero":"No matching friends. Showing all","one":"Select the recommended one","two":"Select a recommended one","few":"Select a recommended one","many":"Select a recommended one","other":"Select a recommended one"}},"fbFriendsFound":{"_index":["plural","numFriends"],"_":{"zero":"All your friends are imported","one":"Found one friend to import","two":"Found {{numFriends}} friends to import","few":"Found {{numFriends}} friends to import","many":"Found {{numFriends}} friends to import","other":"Found {{numFriends}} friends to import"}},"facebook":"Facebook","search-contact":{"placeholder":"Search"},"noResults":"No contacts found","done-search":"Done","progressFB3ImportTitle":"Importing friends to Contacts","progressFB":"{{current}}/{{total}}","progressFB3UpdateTitle":"Updating friends in Contacts","message2":"This may take a couple of minutes","messageLinking":"Please hold on. We are linking your friend and your contact.","messageCanceling":"Please hold on. We are canceling the ongoing operation.","error1":"Error {{from}}","error2":"Do you want to retry?","errorProposal":"calculating proposals","errorFriends":"retrieving friends","errorLinking":"linking contact","timeout1":"Exceeded timeout {{from}}","timeout2":"Do you want to retry?","timeoutProposal":"calculating proposals","timeoutFriends":"retrieving friends","timeoutLinking":"linking contacts","wait1":"Please hold on","wait2":"This may take a couple of minutes","waitProposal":"Please hold on. We are calculating a proposal.","waitFriends":"Please hold on. We are connecting to obtain your friend list.","curtainCancel":"Cancel","curtainRetry":"Retry","curtainOK":"OK","connectionLost":"No Internet connection","connectionLostMsg":"Friends’ photos will not be added to your contacts. Continue anyway?","yesOption":"OK","noOption":"Cancel","friendsUpdated":{"_index":["plural","numFriends"],"_":{"zero":"No friends updated","one":"Updated one friend","two":"Updated {{numFriends}} friends","few":"Updated {{numFriends}} friends","many":"Updated {{numFriends}} friends","other":"Updated {{numFriends}} friends"}},"notificationLogin":"Your Facebook session is invalid. Please sign in.","syncError":"There was an error synchronizing your friend’s data","callAirplaneModeMessage":"Da biste obavili poziv morate isključiti režim rada u avionu.","callAirplaneModeBtnOk":"U redu","callAirplaneModeTitle":"Režim rada u avionu je uključen","numberIsBusyTitle":"Broj je zauzet","numberIsBusyMessage":"Broj je trenutno zauzet. Molim Vas, pokušajte kasnije.","fdnIsActiveTitle":"FDN aktivan","fdnIsActiveMessage":"FDN je aktivan a sledeći broj nije u Vašoj FDN listi: {{ number }}","voiceMail":"Govorna pošta","emergencyNumber":"Hitne službe","emergencyDialogBodyBadNumber":"Da biste obavili poziv, telefon mora biti spojen na mrežu.","emergencyDialogBodyDeviceNotAccepted":"Mreža ne dopušta hitne pozive.","emergencyDialogBtnOk":"U redu","emergencyDialogTitle":"Nema mrežne veze","invalidNumberToDialTitle":"Neispravan broj telefona","invalidNumberToDialMessage":"Broj telefona koji zovete nije ispravan.","unableToCallTitle":"Trenutno nije moguće obaviti poziv","unableToCallMessage":"Nije moguće ostvariti poziv. Ukoliko već zovete, molimo Vas prekinete vezu.","otherConnectionInUseTitle":"Druga veza je u upotrebi","otherConnectionInUseMessage":"Imate aktivan poziv na drugoj vezi. Možete samo da koristite jednu vezu u isto vreme.","addNewNumber":"Dodaj novi broj","addToExistingContact":"Dodaj postojećem kontakt","all":{"_":"Svi","ariaLabel":"Svi"},"asterisk":{"ariaLabel":"Asterisk"},"callLog":"Dnevnik poziva","callLogEdit":{"title":"Uredi dnevnik poz."},"callLogEditDialog":{"ariaLabel":"Uredi dijalog dnevnika poziva"},"connecting":"Povezivanje","cf-async":"Asinhrono: {{ async }}\\n","cf-data":"Podaci: {{ data }}\\n","cf-error":"Došlo je do greške pri dobavljanju statusa preusmeravanja poziva","cf-fax":"Faks: {{ fax }}\\n","cf-inactive":"Neaktivno","cf-packet":"Paket: {{ packet }}\\n","cf-pad":"PAD: {{ pad }}\\n","cf-sms":"SMS: {{ sms }}\\n","cf-status":"Status preusmeravanja poziva\\n","cf-sync":"Sinhrono: {{ sync }}\\n","cf-voice":"Glas: {{ voice }}\\n","confirm-deletion":"Obriši odabrane pozive?","contacts":"Kontakti","createNewContact":"Dodaj novi kontakt","delete":"Delete","dialerAddContact":{"ariaLabel":"Dodaj kontakt"},"dialerAddContactDialog":{"ariaLabel":"Dodaj dijalog kontakta"},"edit-selected":{"_index":["plural","n"],"_":{"one":"{{ n }} odabran","two":"{{ n }} odabrana","few":"{{ n }} odabrano","many":"{{ n }} odabrano","other":"{{ n }} odabrano"}},"edit":"Izmeni","hashSign":{"ariaLabel":"Oznaka tarabe"},"hideKeypad":{"ariaLabel":"Sakrij tastaturu"},"ignore":"Zanemari poziv","incoming":"Dolazni","keypad":{"ariaLabel":"Tastatura"},"keypadDelete":{"ariaLabel":"Izbriši"},"makeCall":{"ariaLabel":"Pozovi"},"merge":"Spoji","missed":{"_":"Propušteni","ariaLabel":"Propušteni"},"missedCall":"Propušten poziv","missedCallMultiSims":"(SIM {{ n }}) propušten poziv","mmi-error":"Došlo je do greške pri slanju poruke","mmi-session-expired":"Sesija je istekla","mmi-successfully-sent":"Poruka je uspešno poslata","mute":{"ariaLabel":"Prigušiti ton"},"newCall":{"ariaLabel":"Novi poziv"},"no-logs-msg-1":"Nema zapamćenih poziva","no-logs-msg-2":"Započnite komunicirati","no-logs-msg-3":"Nema propuštenih poziva","phoneNumberInput":{"ariaLabel":"Broj telefona"},"recents":{"ariaLabel":"Nedavni pozivi"},"reply":"Odgovori","switch-calls":"Zameni pozive","today":"Danas","voiceMailKey":{"ariaLabel":"Govorna pošta"},"withheld-number":"Sakriven broj","from-contact":"Od {{ contact }}","from-number":"Od {{ number }}","from-withheld-number":"Sa sakrivenog broja","yesterday":"Juče","sending":"Slanje…","speakerOption":{"ariaLabel":"Zvučnik"},"ussd-services":"{{ operator }} servisi","toggleKeypad":{"ariaLabel":"Promeni stanje tastature"},"type-your-response":{"placeholder":"Upišite svoj odgovor…"},"clear-all-text":"Obriši sav tekst","hide":"Sakri","call":"Pozovi","hold":{"ariaLabel":"Stavi na čekanje"},"resume":{"_":"Nastavi","ariaLabel":"Nastavi"},"sendSms":"Pošalji poruku","callEnded":"Poziv je završen","via-sim":"via SIM{{ n }}","sim-number":"SIM{{ n }}","hangup-a11y-button":{"ariaLabel":"Spusti"},"pickup-a11y-button":{"ariaLabel":"Javi se"},"unlock-a11y-button":{"ariaLabel":"Klizač"},"settings":"Postavke","delete-n-log?":{"_index":["plural","n"],"_":{"zero":"Ništa nije odabrano","one":"Izbrisati odabranu stavku?","two":"Izbrisati {{ n }} stavke?","few":"Izbrisati {{ n }} stavki?","many":"Izbrisati {{ n }} stavki?","other":"Izbrisati {{ n }} stavki?"}},"callDurationMinutes":"{{ m }}:{{ s }}","callDurationHours":"{{ h }}:{{ m }}:{{ s}}","suggestionMatches":{"_index":["plural","n"],"_":{"one":"{{ n }} poklapanje sa \"{{ matchNumber }}\"","two":"{{ n }} poklapanja sa \"{{ matchNumber }}\"","few":"{{ n }} poklapanja sa \"{{ matchNumber }}\"","many":"{{ n }} poklapanja sa \"{{ matchNumber }}\"","other":"{{ n }} poklapanja sa \"{{ matchNumber }}\""}},"scCallBarring":"Zabrana poz.","scCallForwarding":"Preusmer.","scClip":"ID poziva","scClir":"ID poziva","scPwd":"Promena lozinke","scCallWaiting":"Poziv na čekanju","scPin":"Promeni PIN","scPin2":"Promeni PIN2","scPuk":"Deblokiranje","scPuk2":"Deblokiranje","scImei":"IMEI","scUssd":"USSD","serviceClassVoice":"Glas","serviceClassData":"Podaci","serviceClassFax":"Faks","serviceClassSms":"SMS","serviceClassDataSync":"Sinhronizacija","serviceClassDataAsync":"Asinhronizacija","serviceClassPacket":"Paket","serviceClassPad":"PAD","smServiceEnabled":"Usluga omogućena","smServiceDisabled":"Usluga je onemogućena","smServiceRegistered":"Registracija uspešna","smServiceErased":"Brisanje uspešno","smServiceInterrogated":"Zahtev uspešan","smServiceNotProvisioned":"Usluga nije dostupna","smClirPermanent":"Ne možete da promenite ID pozivaoca","smClirDefaultOnNextCallOn":"ID pozivaoca po podrazumevanom je sakriven. Sledeći poziv: sakriven","smClirDefaultOnNextCallOff":"ID pozivaoca po podrazumevanom je sakriven. Sledeći poziv: vidljiv","smClirDefaultOffNextCallOn":"ID pozivaoca po podrazumevanom nije sakriven. Sledeći poziv: sakriven","smClirDefaultOffNextCallOff":"ID pozivaoca po podrazumevanom nije sakriven. Sledeći poziv: vidljiv","smServiceEnabledFor":"Usluga omogućena za:","smPinChanged":"PIN je uspešno promenjen","smPinUnblocked":"PIN je uspešno odblokiran","smPin2Changed":"PIN2 je uspešno promenjen","smPin2Unblocked":"PIN2 je uspešno odblokiran","emMmiError":"Problem u vezi ili je MMI kod neispravan","emMmiErrorPasswordIncorrect":"Pogrešna lozinka","emMmiErrorNotSupported":"Neispravan ili nepodržan MMI kod","emMmiErrorInvalidAction":"Neispravna akcija","emMmiErrorInvalidScCode":"Nevažeći servisni kod","emMmiErrorBadPuk":"PUK koji ste uneli nije tačan","emMmiErrorBadPin":"Stari PIN koji ste uneli nije tačan.","emMmiErrorNeedPuk2":"Unesite PUK2 da biste skinuli blokadu sa kartice","emMmiErrorMismatchPin":"PIN-ovi se ne poklapaju","emMmiErrorInvalidPin":"Unesite PIN koji sadrži 4 do 8 karaktera","emMmiErrorNeedsPuk":"Vaša SIM kartica je zaključana PUK kodom","emMmiErrorEnablePin":"Neuspešno. Omogućite SIM/RUIM LOCK","emMmiErrorMmiFdn":"Operacija je ograničena samo na fiksno biranje brojeva","emMmiErrorStkCcUssdDial":"USSD zahtev je promenjen u DIAL zahtev","emMmiErrorStkCcUssdSs":"USSD zahtev je promenjen u SS zahtev","emMmiErrorStkCcUssdUssd":"USSD zahtev je promenjen u novi USSD zahtev","emMmiErrorStkCcSsDial":"SS zahtev je promenjen u DIAL zahtev","emMmiErrorStkCcSsUssd":"SS zahtev je promenjen u USSD zahtev","emMmiErrorStkCcSsSs":"SS zahtev je promenjen u novi SS zahtev","emMmiErrorPinPukAttempts":{"_index":["plural","n"],"_":{"one":"Preostao je samo {{ n }} pokušaj","two":"Preostala su {{ n }} pokušaja","few":"Preostalo je {{ n }} pokušaja","many":"Preostalo je {{ n }} pokušaja","other":"Preostalo je {{ n }} pokušaja"}},"emMmiErrorSimBlocked":"Maksimalan broj pokušaja prekoračen. SIM kartica je blokirana","RadioNotAvailable":"Radio nije dostupan","GenericFailure":"Generička greška","PasswordIncorrect":"Pogrešna lozinka","SimPin2":"SIM PIN2","SimPuk2":"SIM PUK2","RequestNotSupported":"Zahtev nije podržan","OpNotAllowedDuringVoiceCall":"Operacija nije dozvoljena tokom razgovora","SmsSendFailRetry":"Neuspešno slanje SMS-a","SimAbsent":"SIM kartica nije pronađena","SubscriptionNotAvailable":"Pretplata nije dostupna","ModeNotSupported":"Režim nije podržan","FdnCheckFailure":"Fdn greška pri proveri","IllegalSimOrMe":"Nedopušten SIM ili ME","DialModifiedToUssd":"Biranje izmenjeno u USSD","DialModifiedToSs":"Biranje izmenjeno u SS","DialModifiedToDial":"Biranje izmenjeno u poziv","UssdModifiedToDial":"USSD izmenjen u poziv","UssdModifiedToSs":"USSD izmenjen u SS","UssdModifiedToUssd":"USSD izmenjen u USSD","SsModifiedToDial":"SS izmenjen u poziv","SsModifiedToUssd":"SS izmenjen u USSD","SsModifiedToSs":"SS izmenjen u SS","SubscriptionNotSupported":"Pretplata nije podržana","InvalidParameter":"Neispravan parametar","RejectedByRemote":"Odbijen od udaljenog uređaja","group-call":{"_index":["plural","n"],"_":{"one":"{{ n }} gru. poziv","two":"{{ n }} gru. poziva","few":"{{ n }} gru. poziva","many":"{{ n }} gru. poziva","other":"{{ n }} gru. poziva"}},"caller-left-call":"{{ caller }} je napustio poziv.","conferenceAddError":"Nije moguće spojiti pozive","conferenceRemoveError":"Nije moguće odvojiti pozive","longDateFormat":"%A, %e %B","select-audio-sources":"Odaberite zvučne izvore","bluetooth-handsfree-device":"Bluetooth handsfree uređaj","receiver":"Slušalica","speaker":"Zvučnik","add":"Dodaj","done":"Završeno","retry":"Pokušaj ponovo","addContact":"Dodaj kontakt","deleteContact":"Obriši kontakt","selectContact":"Odaberi kontakt","editContact":"Izmeni","deleteConfirmMsg":"Obrisati kontakt?","remove":"Obriši","comments":"Komentari","no_contact_phones":"Ovaj kontakt nema broj telefona","no_contact_email":"Ovaj kontakt nema adresu e-pošte","removePhotoConfirm":"Ukloni sliku kontakta?","loadingContacts":"Učitavanje kontakata…","noContactsActivity":"Nemoguće je dodati kontakta jer je Vaša lista kontakata prazna","noName":"Bez imena","givenName":{"placeholder":"Ime"},"familyName":{"placeholder":"Prezime"},"tel":{"placeholder":"Broj"},"carrier":{"_":"Operater","placeholder":"Operater"},"separator":",","email":{"_":"E-pošta","placeholder":"E-pošta"},"streetAddress":{"placeholder":"Ulica"},"postalCode":{"placeholder":"PTT"},"locality":{"placeholder":"Grad"},"countryName":{"placeholder":"Država"},"comment":{"placeholder":"Komentar"},"org":{"placeholder":"Kompanija"},"custom":"Posebna oznaka","date":{"_":"Datum","placeholder":"Datum"},"date-span-placeholder":"Datum","birthday":"Rođendan","dateFormat":"%e %B","dateOutput":"{{dayMonthFormatted}} {{year}}","anniversary":"Godišnjica","addPhoto":"Dodaj sliku","addPhone":"Dodaj telefon","addEmail":"Dodaj e-poštu","addAddress":"Dodaj adresu","addDate":"Dodaj datum","addComment":"Dodaj komentar","addFavorite":"Dodaj kao omiljenog","removeFavorite":"Ukloni iz omiljenih","label":"Naslov","home":"Kućni","work":"Poslovni","personal":"Lični","faxHome":"Kućni faks","faxOffice":"Faks u kancelariji","faxOther":"Drugi faksovi","another":"Drugo","other":"Ostalo","current":"Trenutna adresa","itemWithLabel":"{{label}}, {{item}}","exit":"Izlaz","expand":"Proširi","labelName":"Ime:","labelLastName":"Prezime:","labelPhoneNumber":"Telefon:","labelCarrier":"Mreža:","labelEmail":"E-pošta:","labelStreet":"Adresa:","labelZip":"PTT:","labelCity":"Grad:","labelCountry":"Država:","labelComment":"Komentar:","legendTitleMain":"Glavne informacije","legendPhones":"Brojevi telefona","legendEmail":"Adrese e-pošte","legendAddress":"Adresa","transferContactsTitle":"Prenos kontakata","importContactsTitle":"Uvezi kontakte","importContactsButton":"Uvezi kontakte","exportContactsTitle":"Izvoz kontakata","exportContactsButton":"Izvoz kontakata","exportContactsAction":"Izvoz","simExport-title":"Izvezi na SIM","sdExport-title":"Izvezi na SD karticu","btExport-title":"Izvezi preko bluetooth-a","sdUMSEnabled":"SD kartica se ne može koristiti jer je USB omogućen","exportErrorTitle":"Greška u izvozu","contactsExported2":{"_index":["plural","exported"],"_":{"zero":"Ni jedan kontakt nije izvezen","one":"{{exported}}/{{total}} kontakt je izvezen","two":"{{exported}}/{{total}} kontakta su izvezena","few":"{{exported}}/{{total}} konatakata je izvezeno","many":"{{exported}}/{{total}} konatakata je izvezeno","other":"{{exported}}/{{total}} konatakata je izvezeno"}},"exportError-general":"Desila se greška tokom izvoza","exportError-SD-shared":"Ne može se pristupiti memorijskoj kartici jer je podeljena","exportError-SD-unavailable":"Memorijska kartica nije dostupna","exportError-SD-noSpace":"Nema dovoljno prostora na memorijskoj kartici da bi se izvezli kontakti","exportError-SIM-unavailable":"SIM kartica nije dostupna","exportError-BT-shared":"Ne može se pristupiti memorijskoj kartici jer je podeljena","exportError-BT-unavailable":"Memorijska kartica nije dostupna","exportError-BT-noSpace":"Nema dovoljno prostora na memorijskoj kartici da bi se izvezli kontakti","simContacts-import":"Uvezite kontakte sa SIM kartice","simContacts-importing":"Uvoženje kontakata sa SIM kartice…","simContacts-reading":"Čitanje sa SIM kartice…","simContacts-error":"Nemoguće je uvesti kontakte sa SIM kartice","simContacts-imported3":{"_index":["plural","n"],"_":{"zero":"Ni jedan kontakt nije nađen na SIM kartici","one":"Uvežen je jedan kontakt","two":"Uvežena su {{n}} kontakta","few":"Uveženo je {{n}} kontakata","many":"Uveženo je {{n}} kontakata","other":"Uveženo je {{n}} kontakata"}},"noSimMsgExport":"Da biste izvezli kontakte, umetnite ili otključajte SIM karticu","simNumber":"SIM {{number}}","memoryCardContacts-import":"Uvoz kontakata sa memorijske kartice","memoryCardContacts-importing":"Uvoz kontakata sa memorijske kartice…","memoryCardContacts-reading":"Čitam sa memorijske kartice…","memoryCardContacts-error":"Nije moguće uvesti kontakte sa memorijske kartice","memoryCardContacts-imported3":{"_index":["plural","n"],"_":{"zero":"Nisu pronađeni kontakti na memorijskoj kartici","one":"Uvezen jedan kontakt","two":"Uvezena {{n}} kontakta","few":"Uvezeno {{n}} kontakata","many":"Uvezeno {{n}} kontakata","other":"Uvezeno {{n}} kontakata"}},"noMemoryCardMsgExport":"Da biste izvezli kontakte, umetnite memorijsku karticu","genericProgress":"{{current}}/{{total}}","social-network":"Društvene mreže","social-link":"Poveži kontakt","social-unlink":"Ukloni vezu kontakta","social-unlink-confirm-title":"Da li želite da uklonite vezu sa prijateljem?","social-unlink-confirm-accept":"Ukloni vezu","facebook-import":"Uvezi prijatelje sa Facebook-a","show-fb-profile":"Pogledaj profil na Facebook-u","msg-send":"Poruka","wall-post":"Objava na zidu","facebook-import-msg":{"_index":["plural","imported"],"_":{"zero":"0 uveženo (od ukupno {{total}})","one":"1 uvežen (od ukupno {{total}})","two":"{{imported}}/{{total}} uvežena","few":"{{imported}}/{{total}} uveženo","many":"{{imported}}/{{total}} uveženo","other":"{{imported}}/{{total}} uveženo"}},"facebookSwitchMsg":"Sinh. prijatelje","select_mobile":"Odaberite mobilni","select_email":"Odaberite adresu e-pošte","contactsOrderBy":"Poređaj po prezimenu","bluetooth":"Bluetooth","fbUpdateFriends":"Ažuriraj uvežene prijatelje","cleaningFbData":"Uklanjanje podataka sa Facebook-a","loggingOutFb":"Odjavljivanje sa Facebook-a","cleanFbConfirmMsg":"Ukloniti sve podatke sa Facebook-a?","renewPwdMsg":"Vaša lozinka na Facebook-u je promenjena. Molim Vas, ažurirajte je.","notEnabledYet":"Još nije omogućeno","genericNoConnection":"Da biste izvezli kontakte, povežite se na Wi-Fi ili na mrežu za prenos podataka","simCard":"SIM kartica","memoryCard":"Memorijska kartica","create-new":"Napravite novi kontakt","import-now":"Uvezite svoje kontakte sa SIM kartice ili Facebook-a","no-contacts":"Nema kontakata","start-adding":"Počnite da ih dodajete","notImported":"Nije uvezeno","imported":"Uvezeno","organise-contacts":"Organizuj kontakte","find-merge-contacts":"Nađi duplikate kontakata","preparing-contacts":"Pripremam kontakte","exportError-SIM-NoFreeRecordFound":"SIM kartica je puna","exportError-SIM-CannotAccessPhoneBook":"Ne mogu da pristupim imeniku SIM kartice","exportError-SIM-Unavailable":"SIM kartica nije pronađena","exportError-SIM-GenericError":"Greška pri izvozu kontakta","ContactManagementTitle":"Upravljanje kontaktima","DeleteTitle":"Izbriši","bulkDeleteButton":"Izbriši kontakte","BulkDelCancel":"Brisanje kontakata otkazano","DeletedTxt":{"_index":["plural","n"],"_":{"zero":"Nema kontakata za brisanje","one":"1 kontakt obrisan","two":"{{n}} kontakta obrisana","few":"{{n}} kontakata obrisano","many":"{{n}} kontakata obrisano","other":"{{n}} kontakata obrisano"}},"DeletingContacts":"Brišem kontakte","ContactConfirmDel":{"_index":["plural","n"],"_":{"zero":"Nema kontakata za brisanje","one":"Izbrisati 1 kontakt? Ovo se ne može poništiti.","two":"Izbrisati {{n}} kontakta? Ovo se ne može poništiti.","few":"Izbrisati {{n}} kontakata? Ovo se ne može poništiti.","many":"Izbrisati {{n}} kontakata? Ovo se ne može poništiti.","other":"Izbrisati {{n}} kontakata? Ovo se ne može poništiti."}},"SelectedTxt":{"_index":["plural","n"],"_":{"zero":"Kontakti","one":"{{n}} odabran","two":"{{n}} odabrana","few":"{{n}} odabrano","many":"{{n}} odabrano","other":"{{n}} odabrano"}},"sim-picker-dial-via-with-number":"Pozovi {{ phoneNumber }} preko","sim-picker-select-sim":"Izaberi SIM","sim-picker-button":"SIM{{ n }}","sim-picker-button-default":"(podrazumevan)","waitDuplicateContacts":"Tražim duplikate kontakata","waitMergingDuplicateContacts":"Spajam duplikate kontakata","alertNoDuplicateContacts":"Nisu nađeni duplikati kontakata","mergeDuplicateTitle":"Spajanje duplikata","suggestedDuplicateContacts":"Predložen duplikat kontakata za {{name}} ","mergeActionButtonLabel":{"_index":["plural","n"],"_":{"zero":"Ni jedan kontakt nije izabran","one":"Spoji sa {{n}} kontaktom","other":"Spoji sa {{n}} kontakata"}},"duplicatesFoundTitle":"Nađeni duplikati","duplicatesFoundMessage":"{{name}} duplikati informacija u sledećim kontaktima"}