{"brandShortName":"B2G OS","browserBrandShortName":"Webbläsare","browserBrandFullName":"Webbläsare Mozilla","back":"Tillbaka","noSimMsg":"För att importera kontakter sätt i eller lås upp ditt SIM-kort","noMemoryCardMsg":"För att importera kontakter sätt i ett minneskort","importMemoryCard":"Minneskort","noConnection11":"För att importera Facebook-vänner eller kontakter anslut till Wi-Fi eller datanät","pincode2":"Ange PIN-kod","type_pin":"Skriv din PIN-kod","pincodeLabel":"SIM {{n}} PIN-kod","pinValidation":"PIN-koden måste vara mellan 4 och 8 tecken.","pinError":"Felaktig PIN-kod.","pinAttemptMsg2":{"_index":["plural","n"],"_":{"one":"Du har ett försök kvar att ange rätt kod innan SIM-kortet låser sig.","two":"Du har {{n}} försök kvar att ange rätt kod innan SIM-kortet låser sig.","few":"Du har {{n}} försök kvar att ange rätt kod innan SIM-kortet låser sig.","many":"Du har {{n}} försök kvar att ange rätt kod innan SIM-kortet låser sig.","other":"Du har {{n}} försök kvar att ange rätt kod innan SIM-kortet låser sig."}},"pinLastChanceMsg":"Detta är sista chansen att ange rätt PIN-kod. Annars måste du ange PUK-koden för att låsa upp SIM-kortet.","pukcode":"Ange PUK-kod","pukcodeTitle":"Ange SIM {{n}} PUK-kod","pukcodeLabel":"SIM {{n}} PUK-kod","type_puk":"PUK-kod","pukValidation":"PUK-koden måste vara exakt 8 tecken.","pukInfo":"Du måste ange din personliga upplåsningskod (PUK) för SIM-kortet. Se SIM-kortets dokumentation eller kontakta din operatör för mer information.","pukError":"Felaktig PUK-kod","pukAttemptMsg2":{"_index":["plural","n"],"_":{"one":"Du har ett försök kvar att ange rätt kod innan SIM-kortet kommer att vara permanent oanvändbart. Se SIM-kortets dokumentation eller kontakta din operatör för mer information.","two":"Du har {{n}} försök kvar att ange rätt kod innan SIM-kortet kommer att vara permanent oanvändbart. Se SIM-kortets dokumentation eller kontakta din operatör för mer information.","few":"Du har {{n}} försök kvar att ange rätt kod innan SIM-kortet kommer att vara permanent oanvändbart. Se SIM-kortets dokumentation eller kontakta din operatör för mer information.","many":"Du har {{n}} försök kvar att ange rätt kod innan SIM-kortet kommer att vara permanent oanvändbart. Se SIM-kortets dokumentation eller kontakta din operatör för mer information.","other":"Du har {{n}} försök kvar att ange rätt kod innan SIM-kortet kommer att vara permanent oanvändbart. Se SIM-kortets dokumentation eller kontakta din operatör för mer information."}},"pukLastChanceMsg":"Detta är sista chansen att ange rätt PUK-kod. Ditt SIM-kort kommer att vara permanent oanvändbart om du anger fel PUK-kod.","create_newpin":"Skapa ny PIN-kod (4 till 8 siffror)","confirm_newpin":"Bekräfta ny PIN-kod","newpinConfirmation":"PIN-koderna matchar inte","nckcode":"Ange NCK-kod","cckcode":"Ange CCK-kod","spckcode":"Ange SPCK-kod","nck1code":"Enter NCK1 code","nck2code":"Enter NCK2 code","hnckcode":"Enter HNCK code","rcckcode":"Enter RCCK code","rspckcode":"Enter RSPCK code","nckcodeTitle":"Ange SIM {{n}} NCK-kod","cckcodeTitle":"Ange SIM {{n}} CCK-kod","spckcodeTitle":"Ange SIM {{n}} SPCK-kod","nck1codeTitle":"Enter SIM {{n}} NCK1","nck2codeTitle":"Enter SIM {{n}} NCK2","hnckcodeTitle":"Enter SIM {{n}} HNCK","rcckcodeTitle":"Enter SIM {{n}} RCCK","rspckcodeTitle":"Enter SIM {{n}} RSPCK","nckcodeLabel":"SIM {{n}} NCK-kod","cckcodeLabel":"SIM {{n}} CCK-kod","spckcodeLabel":"SIM {{n}} SPCK-kod","nck1codeLabel":"SIM {{n}} NCK1","nck2codeLabel":"SIM {{n}} NCK2","hnckcodeLabel":"SIM {{n}} HNCK","rcckcodeLabel":"SIM {{n}} RCCK","rspckcodeLabel":"SIM {{n}} RSPCK","type_nck":"Skriv din NCK-kod","type_cck":"Skriv din CCK-kod","type_spck":"Skriv din SPCK-kod","type_nck1":"Type your NCK1 code","type_nck2":"Type your NCK2 code","type_hnck":"Type your HNCK code","type_rcck":"Type your RCCK code","type_rspck":"Type your RSPCK code","nckValidation":"NCK-koden måste vara mellan 8 och 16 tecken.","cckValidation":"CCK-koden måste vara mellan 8 och 16 tecken.","spckValidation":"SPCK-koden måste vara mellan 8 och 16 tecken.","nck1Validation":"NCK1 must have between 8 and 16 characters.","nck2Validation":"NCK2 must have between 8 and 16 characters.","hnckValidation":"HNCK must have between 8 and 16 characters.","rcckValidation":"RCCK must have between 8 and 16 characters.","rspckValidation":"RSPCK must have between 8 and 16 characters.","nckErrorMsg":"Felaktig NCK-kod.","nckAttemptMsg2":{"_index":["plural","n"],"_":{"one":"Operatörsupplåsning misslyckades. Du har ett försök kvar att ange rätt kod. Se enhetens dokumentation eller kontakta din operatör för mer information.","two":"Operatörsupplåsning misslyckades. Du har {{n}} försök kvar att ange rätt kod. Se enhetens dokumentation eller kontakta din operatör för mer information.","few":"Operatörsupplåsning misslyckades. Du har {{n}} försök kvar att ange rätt kod. Se enhetens dokumentation eller kontakta din operatör för mer information.","many":"Operatörsupplåsning misslyckades. Du har {{n}} försök kvar att ange rätt kod. Se enhetens dokumentation eller kontakta din operatör för mer information.","other":"Operatörsupplåsning misslyckades. Du har {{n}} försök kvar att ange rätt kod. Se enhetens dokumentation eller kontakta din operatör för mer information."}},"nckLastChanceMsg":"Operatörsupplåsning misslyckades. Sista chansen att ange rätt NCK-kod. Se enhetens dokumentation eller kontakta din operatör för mer information.","skip":"Hoppa över","send":"Skicka","ok":"OK","simLocked":"SIM-kortet är låst","inputCodeRetriesLeft":{"_index":["plural","n"],"_":{"one":"sista försöket.","two":"{{n}} försök kvar.","few":"{{n}} försök kvar.","many":"{{n}} försök kvar.","other":"{{n}} försök kvar."}},"simManager":"SIM-hanterare","simDetail":"SIM {{n}}","simDefault":"(standard)","simDefaultMessage":"Utgående samtal, utgående meddelanden och dataanslutning är inställda till SIM 1 som standard","simSettingsMessage":"Du kan ändra standardinställningar på Inställningar > Hantera SIM-kort","simPinLocked":"SIM PIN-kod låst","noOperator":"Inge operatör","language":"Språk","english":"Engelska","dvorak":"Engelska (Dvorak)","spanish":"Spanska","portuguese":"Brasiliansk portugisiska","french":"Franska","italian":"Italienska","arabic":"Arabiska","greek":"Grekiska","hebrew":"Hebreiska","jp-kanji":"Japanska","jp-kanji-desc":"Kanji","traditionalChinese":"Traditionell kinesiska","traditionalChinese-desc":"Zhuyin","simplifiedChinese":"Förenklad kinesiska","simplifiedChinese-desc":"Pinyin","3g":"Mobil datauppkoppling","dataConnection":"Aktivera dataanslutning","dataConnectionInfo":"Genom att aktivera en dataanslutning kan du ställa in din telefon utan en Wi-Fi-anslutning. Du kan även aktivera den senare i telefonens inställningar. Se till att du har ett bra abonnemang med din operatör för att undvika eventuellt höga avgifter.","caution":"Varning","geolocation":"Geolokalisering","geolocationCheckbox":"Aktivera geolokalisering","geolocationInfo2":"{{brandShortName}} använder data såsom GPS, Wi-Fi, och mobila nätverk i din närhet för att avgöra din ungefärliga position.","geolocationInfoMore":"Data skickas till Mozilla och andra tjänsteleverantörer och kommer att användas i sammanslagen form för att förbättra positionsdatabaser. Data kan lagras på enheten och datainsamling kan förekomma även om inga appar körs.","notice":"Observera","aboutYourPrivacy":"Mer om din integritet","wifi":"Wi-Fi","scanningNetworks":"Söker efter nätverk","selectNetwork":"Välj ett nätverk","shortStatus-connecting":"Ansluter…","shortStatus-associated":"Erhåller en IP-adress…","shortStatus-connected":"Ansluten","shortStatus-connectingfailed":"Anslutning misslyckades","shortStatus-disconnected":"Offline","securedBy":"säkras genom {{capabilities}}","security":"Säkerhet","securityNone":"Ingen","securityWEP":"WEP","securityWPA-PSK":"WPA-PSK","securityWPA-EAP":"WPA-EAP","securityOpen":"Öppen","identity":"Användare","identityInput":{"placeholder":"Användare"},"password":"Lösenord","passwordInput":{"placeholder":"Lösenord"},"showPassword":"Visa lösenord","refresh":"Uppdatera","noWifiFound3":"Inga trådlösa nätverk hittades","join-hidden-button":"Anslut till dolt nätverk","authentication":"Autentisering","ssid-name":"SSID nätverksnamn","dateAndTime":"Datum & tid","setTimeAutomatically":"Ställ in automatiskt","timezoneMessage":"Tidszon","timezoneTitle":"UTC{{utcOffset}} {{region}}/{{city}}","dateMessage":"Datum","timeMessage":"Tid","timeZone":"Tidszon","change":"Ändra","importContacts3":"Importera kontakter","importSim2":"SIM-kort","importFb2":"Facebook","importOutlook":"Outlook","importGmail":"Gmail","fb-checking":"… kontrollerar","notImportedYet":"Inte importerad än","otherAccount":"Andra konton","mobile":"Mobil","afterFbImport":"Du kan importera och redigera Facebook-vänner när som helst i inställningar för kontakter.","firefox-accounts":"Firefox Accounts","fxa-overview":{"innerHTML":"A Firefox Account lets you use features like Find My Device and apps like the Firefox Marketplace."},"fxa-create-account-or-sign-in":"Create Account or Sign In","fxa-email-sent":"A verification link has been sent to {{email}}","about-your-rights-0":"{{brandShortName}} bygger på fri och öppen källkod som utvecklats av en gemenskap med tusentals människor från hela världen. Det finns några saker du bör känna till:","about-your-rights-1":"{{brandShortName}} görs tillgänglig för dig enligt villkoren i flera öppna källkods-licenser, inklusive Mozilla Public License. En enhet som kör {{brandShortName}} kan också innehålla egenutvecklade programvaror från tredje part. All kod som ges enligt öppna licenser ger dig rätt att ändra källkoden och sprida modifierade versioner så länge du följer deras villkor.","about-your-rights-2":"Du har inte beviljats några rättigheter till varumärket eller licenser till varumärken som tillhör Mozilla Foundation eller någon part, inklusive utan begränsning till {{brandShortName}}-namn eller logotyp.","about-your-rights-3":"Vissa funktioner i {{brandShortName}}, som kraschrapporter, ger dig möjlighet att ge feedback till Mozilla. Genom att skicka feedback, ger du Mozilla tillstånd att använda feedback för att förbättra sina produkter, att offentliggöra feedback på sina webbplatser och att sprida feedback.","about-other":"Andra","SIM_mandatory":"SIM-kort varning","SIM_mandatory_warm":"Vänligen, sätt i ett SIM-kort och starta om telefonen.","sharing-performance-data":"Dela prestandadata","telemetry-sends":"Telemetri skickar Mozilla uppgifter om prestanda, hårdvara, konfigurationer och anpassningar i din {{brandShortName}} enhet. Vi använder detta för att göra våra produkter bättre, snabbare och mer lyhörda.","learn-more-telemetry":{"innerHTML":"Learn more at {{link}}"},"learn-more-information":{"innerHTML":"Learn how Mozilla handles your information at {{link}}"},"welcomeBrowser":"Välkommen till {{brandShortName}}, det fria operativsystemet från Mozilla med öppen källkod. Vår uppgift är att främja öppenhet, innovation och möjligheter genom att hålla kraften hos internet i dina händer.","learn-more-privacy":{"innerHTML":"Learn how Mozilla handles your information in our {{link}}."},"learn-more-privacy-link":"privacy policy","aboutBrowser":"Om {{brandShortName}}","aboutYourPrivacy2":"Din sekretesspolicy","mozillaCommunity2":"När du använder {{brandShortName}}, blir du en del av en global gemenskap som hjälper till att bygga en bättre framtid för internet. Om du vill veta mer om Mozilla, våra andra produkter och evenemang nära dig, vänligen skriv din e-postadress nedan.","collaborate":"Jag vill hjälpa till att förbättra {{brandShortName}} genom att dela information om min telefon.","learnMore":"Läs mer.","emailAddress":{"placeholder":"E-postadress"},"email-successfully-added":"E-post har lagts till","email-loading":"sparar din e-post…","browserPrivacyChoices":"Alternativ sekretesspolicy {{brandShortName}}","privacy-b2g":{"_":"{{brandShortName}}","title":"{{brandShortName}}"},"privacy-marketplace":{"_":"Marketplace","title":"{{privacy-marketplace}}"},"privacy-e-me":{"_":"everything.me","title":"{{privacy-e-me}}"},"navbar-back":"Tillbaka","navbar-next":"Nästa","navbar-join":"Anslut","thatsIt":"Det var det!","startYourPhone":"Starta guide för telefonen!","startYourTablet":"Starta guide för surfplattan!","joinTutorial":"Följ med på en snabb genomgång om din nya telefon.","enjoyYourPhone":"Du är redo att njuta av din nya telefon.","optionsAvailable":"Du kan ändra språk, datum/tid och Wi-Fi-anslutning i inställningar.","letsGo":"Låt oss börja","startTour":"Starta guide","thatsIt1Tablet-2":"Du kan alltid dra från den nedre kanten för att öppna hemskärmen.","thatsIt2Tablet-2":"Låt oss göra det!","tutorial-step1-tiny":"Dra från höger till vänster för att bläddra bland dina appar.","tutorial-step2-tiny":"Peka och håll ned en ikon för att ta bort eller flytta den.","tutorial-step3-tiny":"Ange valfritt sökord eller ämne och telefonen kommer omedelbart att anpassa sig.","tutorial-step4-tiny":"Dra nedåt för att få tillgång till senaste aviseringar, kreditinformation och inställningar.","tutorial-step5-tiny":"Peka och håll ned hemknappen för att bläddra och stänga senaste appar.","tutorial-step6-tiny":"Dra från sidan av skärmen för att flytta fram och tillbaka mellan de senaste apparna.","tutorial-step1-large-2":"Dra nedåt från toppen av skärmen för att få tillgång till de senaste meddelanden, kreditinformation och inställningar.","tutorial-step2-large-2":"Dra från väster eller höger för att upptäcka ny appar på hemskärmen.","tutorial-step3-large-2":"Tryck och håll på en ikon för att ta bort eller flytta den.","tutorial-step4-large-2":"Två fingrar drar upp från nedre kanten för att utlösa kortvy.","offline-dialog-title":"Du måste vara ansluten till internet för att visa sidan.","offline-dialog-text":"Gå tillbaka och anslut till internet. Du kan också visa sidan senare från inställningar eller genom att ange {{url}} i någon webbläsare.","OK":"OK","offline-newsletter-dialog-title":"Du måste vara ansluten till internet för att prenumerera på nyhetsbrevet.","offline-newsletter-dialog-text":"Gå tillbaka och anslut till internet.","invalid-email-dialog-title":"Din e-post är inte giltig","invalid-email-dialog-text":"Gå tillbaka och korrigera inmatningen.","cancel":"Avbryt","weekday-0-long":"Söndag","weekday-1-long":"Måndag","weekday-2-long":"Tisdag","weekday-3-long":"Onsdag","weekday-4-long":"Torsdag","weekday-5-long":"Fredag","weekday-6-long":"Lördag","weekday-0-short":"Sön","weekday-1-short":"Mån","weekday-2-short":"Tis","weekday-3-short":"Ons","weekday-4-short":"Tor","weekday-5-short":"Fre","weekday-6-short":"Lör","month-0-long":"Januari","month-1-long":"Februari","month-2-long":"Mars","month-3-long":"April","month-4-long":"Maj","month-5-long":"Juni","month-6-long":"Juli","month-7-long":"Augusti","month-8-long":"September","month-9-long":"Oktober","month-10-long":"November","month-11-long":"December","month-0-genitive":"Januari","month-1-genitive":"Februari","month-2-genitive":"Mars","month-3-genitive":"April","month-4-genitive":"Maj","month-5-genitive":"Juni","month-6-genitive":"Juli","month-7-genitive":"Augusti","month-8-genitive":"September","month-9-genitive":"Oktober","month-10-genitive":"November","month-11-genitive":"December","month-0-short":"Jan","month-1-short":"Feb","month-2-short":"Mar","month-3-short":"Apr","month-4-short":"Maj","month-5-short":"Jun","month-6-short":"Jul","month-7-short":"Aug","month-8-short":"Sep","month-9-short":"Okt","month-10-short":"Nov","month-11-short":"Dec","minutes-ago-long":{"_index":["plural","value"],"_":{"zero":"nyss","one":"en minut sen","two":"{{value}} minuter sen","few":"{{value}} minuter sen","many":"{{value}} minuter sen","other":"{{value}} minuter sen"}},"hours-ago-long":{"_index":["plural","value"],"_":{"zero":"nyss","one":"en timme sen","two":"{{value}} timmar sen","few":"{{value}} timmar sen","many":"{{value}} timmar sen","other":"{{value}} timmar sen"}},"days-ago-long":{"_index":["plural","value"],"_":{"zero":"idag","one":"igår","two":"{{value}} dagar sen","few":"{{value}} dagar sen","many":"{{value}} dagar sen","other":"{{value}} dagar sen"}},"weeks-ago-long":{"_index":["plural","value"],"_":{"zero":"denna vecka","one":"förra veckan","two":"{{value}} veckor sen","few":"{{value}} veckor sen","many":"{{value}} veckor sen","other":"{{value}} veckor sen"}},"months-ago-long":{"_index":["plural","value"],"_":{"zero":"denna månad","one":"förra månaden","two":"{{value}} månader sen","few":"{{value}} månader sen","many":"{{value}} månader sen","other":"{{value}} månader sen"}},"years-ago-long":{"_index":["plural","value"],"_":{"zero":"detta år","one":"förra året","two":"{{value}} år sen","few":"{{value}} år sen","many":"{{value}} år sen","other":"{{value}} år sen"}},"minutes-until-long":{"_index":["plural","value"],"_":{"zero":"nu","one":"om en minut","two":"om {{value}} minuter","few":"om {{value}} minuter","many":"om {{value}} minuter","other":"om {{value}} minuter"}},"hours-until-long":{"_index":["plural","value"],"_":{"zero":"nu","one":"om en timme","two":"om {{value}} timmar","few":"om {{value}} timmar","many":"om {{value}} timmar","other":"om {{value}} timmar"}},"days-until-long":{"_index":["plural","value"],"_":{"zero":"idag","one":"imorgon","two":"om {{value}} dagar","few":"om {{value}} dagar","many":"om {{value}} dagar","other":"om {{value}} dagar"}},"weeks-until-long":{"_index":["plural","value"],"_":{"zero":"denna vecka","one":"nästa vecka","two":"om {{value}} veckor","few":"om {{value}} veckor","many":"om {{value}} veckor","other":"om {{value}} veckor"}},"months-until-long":{"_index":["plural","value"],"_":{"zero":"denna månad","one":"nästa månad","two":"om {{value}} månader","few":"om {{value}} månader","many":"om {{value}} månader","other":"om {{value}} månader"}},"years-until-long":{"_index":["plural","value"],"_":{"zero":"detta år","one":"nästa år","two":"om {{value}} år","few":"om {{value}} år","many":"om {{value}} år","other":"om {{value}} år"}},"minutes-ago-short":{"_index":["plural","value"],"_":{"zero":"nyss","other":"{{value}}min sen"}},"hours-ago-short":{"_index":["plural","value"],"_":{"zero":"nyss","other":"{{value}}tim. sen"}},"days-ago-short":{"_index":["plural","value"],"_":{"zero":"idag","other":"{{value}}dygn sen"}},"minutes-until-short":{"_index":["plural","value"],"_":{"zero":"nu","other":"om {{value}}min"}},"hours-until-short":{"_index":["plural","value"],"_":{"zero":"nu","other":"om {{value}}tim."}},"days-until-short":{"_index":["plural","value"],"_":{"zero":"idag","other":"om {{value}}dygn"}},"incorrectDate":"(felaktigt datum)","dateTimeFormat_%c":"%a %e %b %Y %H:%M:%S","dateTimeFormat_%x":"%d/%m/%Y","dateTimeFormat_%X":"%H:%M:%S","shortTimeFormat":"%H:%M","shortDateTimeFormat":"%x %H:%M","weekStartsOnMonday":"1","time_am":"AM","time_pm":"PM","tz-region":"Region","tz-city":"Stad","tzRegion-Africa":"Afrika","tzRegion-America":"Amerika","tzRegion-Antarctica":"Antarktis","tzRegion-Asia":"Asien","tzRegion-Atlantic":"Atlanten","tzRegion-Australia":"Australien","tzRegion-Europe":"Europa","tzRegion-Indian":"Indiska oceanen","tzRegion-Pacific":"Stilla havet","close":"Stäng","import":"Importera","update":"Uppdatera","fbFriends":"Facebook-vänner","live-serviceName":"Outlook","gmail-serviceName":"Gmail","facebook-serviceName":"Facebook-vänner","selectAll":"Markera alla","deselectAll":"Avmarkera alla","viewAll":"Visa alla Facebook-vänner","viewRecommend":"Visa endast rekommenderade","linkProposal":{"_index":["plural","numFriends"],"_":{"zero":"Inga matchande vänner. Visar alla","one":"Markera den rekommenderade","two":"Markera rekommenderade","few":"Markera rekommenderade","many":"Markera rekommenderade","other":"Markera rekommenderade"}},"fbFriendsFound":{"_index":["plural","numFriends"],"_":{"zero":"Alla dina vänner har importerats","one":"Hittade en vän att importera","two":"Hittade {{numFriends}} vänner att importera","few":"Hittade {{numFriends}} vänner att importera","many":"Hittade {{numFriends}} vänner att importera","other":"Hittade {{numFriends}} vänner att importera"}},"facebook":"Facebook","search-contact":{"placeholder":"Sök"},"noResults":"Inga kontakter hittades","done-search":"Klar","progressFB3ImportTitle":"Importerar vänner till kontakter","progressFB":"{{current}}/{{total}}","progressFB3UpdateTitle":"Uppdaterar vänner i kontakter","message2":"Detta kan ta ett par minuter","messageLinking":"Var god vänta. Länkar din vän och din kontakt.","messageCanceling":"Var god vänta. Avbryter pågående operation.","error1":"Fel {{from}}","error2":"Vill du försöka igen?","errorProposal":"beräknar förslag","errorFriends":"hämtar vänner","errorLinking":"länkar kontakter","timeout1":"Överskred tidsgräns {{from}}","timeout2":"Vill du försöka igen?","timeoutProposal":"beräknar förslag","timeoutFriends":"hämtar vänner","timeoutLinking":"länkar kontakter","wait1":"Var god vänta","wait2":"Detta kan ta ett par minuter","waitProposal":"Var god vänta. Beräknar förslag.","waitFriends":"Var god vänta. Ansluter för att hämta din vänlista.","curtainCancel":"Avbryt","curtainRetry":"Försök igen","curtainOK":"OK","connectionLost":"Ingen internetanslutning","connectionLostMsg":"Vänners bilder kommer inte att läggas till i dina kontakter. Fortsätt ändå?","yesOption":"OK","noOption":"Avbryt","friendsUpdated":{"_index":["plural","numFriends"],"_":{"zero":"Inga vänner uppdaterade","one":"Uppdaterade en vän","two":"Uppdaterade {{numFriends}} vänner","few":"Uppdaterade {{numFriends}} vänner","many":"Uppdaterade {{numFriends}} vänner","other":"Uppdaterade {{numFriends}} vänner"}},"notificationLogin":"Din Facebook-session är ogiltig. Vänligen logga in.","syncError":"Det uppstod ett fel vid synkronisering av din väns uppgifter","callAirplaneModeMessage":"För att ringa ett samtal måste du inaktivera flygplansläge i inställningar.","callAirplaneModeBtnOk":"OK","callAirplaneModeTitle":"Flygplansläge aktiverat","numberIsBusyTitle":"Numret är upptaget","numberIsBusyMessage":"Numret är upptaget. Försök igen senare.","fdnIsActiveTitle":"FDN aktiv","fdnIsActiveMessage":"FDN (Fasta nummer) är aktiverad och följande nummer finns inte i din FDN lista: {{ number }}","voiceMail":"Röstbrevlåda","emergencyNumber":"Nödnummer","emergencyDialogBodyBadNumber":"För att ringa ett samtal, måste telefonen vara ansluten till ett mobilnät.","emergencyDialogBodyDeviceNotAccepted":"Nödsamtal är inte tillåtna i nätet.","emergencyDialogBtnOk":"OK","emergencyDialogTitle":"Ingen nätverksanslutning","invalidNumberToDialTitle":"Ogiltigt telefonnummer","invalidNumberToDialMessage":"Telefonnumret du ringer är inte giltigt.","unableToCallTitle":"Kan inte ringa ett samtal nu","unableToCallMessage":"Det går inte att ringa. Om du redan ringer, vänligen lägg på först.","otherConnectionInUseTitle":"Annan anslutning används","otherConnectionInUseMessage":"Du har ett pågående samtal på en annan anslutning. Du kan bara använda en anslutning i taget.","addNewNumber":"Lägg till nytt nummer","addToExistingContact":"Lägg till en befintlig kontakt","all":{"_":"Alla","ariaLabel":"Alla"},"asterisk":{"ariaLabel":"Asterisk"},"callLog":"Samtalslista","callLogEdit":{"title":"Redigera samtalslista"},"callLogEditDialog":{"ariaLabel":"Redigera samtalslista"},"connecting":"Ansluter","cf-async":"Asynkron: {{ async }}\\n","cf-data":"Data: {{ data }}\\n","cf-error":"Ett fel uppstod vid hämtning av status för vidarekoppling","cf-fax":"FAX: {{ fax }}\\n","cf-inactive":"Inaktiv","cf-packet":"Paket: {{ packet }}\\n","cf-pad":"PAD: {{ pad }}\\n","cf-sms":"SMS: {{ sms }}\\n","cf-status":"Status vidarekoppling\\n","cf-sync":"Synkron: {{ sync }}\\n","cf-voice":"Röst: {{ voice }}\\n","confirm-deletion":"Rensa markerade samtal?","contacts":"Kontakter","createNewContact":"Skapa ny kontakt","delete":"Delete","dialerAddContact":{"ariaLabel":"Lägg till kontakt"},"dialerAddContactDialog":{"ariaLabel":"Lägg till kontakt"},"edit-selected":{"_index":["plural","n"],"_":{"one":"{{ n }} markerad","two":"{{ n }} markerade","few":"{{ n }} markerade","many":"{{ n }} markerade","other":"{{ n }} markerade"}},"edit":"Redigera","hashSign":{"ariaLabel":"Hash-tecken"},"hideKeypad":{"ariaLabel":"Dölj knappsats"},"ignore":"Ignorera samtal","incoming":"Inkommande","keypad":{"ariaLabel":"Knappsats"},"keypadDelete":{"ariaLabel":"Ta bort"},"makeCall":{"ariaLabel":"Ring samtal"},"merge":"Sammanfoga","missed":{"_":"Missat","ariaLabel":"Missat"},"missedCall":"Missat samtal","missedCallMultiSims":"(SIM {{ n }}) Missat samtal","mmi-error":"Ett fel uppstod när du skickade meddelandet","mmi-session-expired":"Session upphörd","mmi-successfully-sent":"Meddelandet skickat","mute":{"ariaLabel":"Tyst"},"newCall":{"ariaLabel":"Nytt samtal"},"no-logs-msg-1":"Inga samtal registrerade","no-logs-msg-2":"Börja kommunicera nu","no-logs-msg-3":"Inga missade samtal","phoneNumberInput":{"ariaLabel":"Telefonnummer"},"recents":{"ariaLabel":"Senaste samtal"},"reply":"Svara","switch-calls":"Växla samtal","today":"Idag","voiceMailKey":{"ariaLabel":"Röstbrevlåda"},"withheld-number":"Dolt nummer","from-contact":"Från {{ contact }}","from-number":"Från {{ number }}","from-withheld-number":"Från dolt nummer","yesterday":"Igår","sending":"Skickar…","speakerOption":{"ariaLabel":"Högtalare"},"ussd-services":"{{ operator }} tjänster","toggleKeypad":{"ariaLabel":"Växla knappsats"},"type-your-response":{"placeholder":"Skriv ditt svar…"},"clear-all-text":"Rensa all text","hide":"Dölj","call":"Ring","hold":{"ariaLabel":"Parkera"},"resume":{"_":"Återuppta","ariaLabel":"Återuppta"},"sendSms":"Skicka meddelande","callEnded":"Samtal avslutat","via-sim":"via SIM{{ n }}","sim-number":"SIM{{ n }}","hangup-a11y-button":{"aria-label":"Lägg på"},"pickup-a11y-button":{"aria-label":"Svara"},"unlock-a11y-button":{"aria-label":"Reglage"},"settings":"Inställningar","delete-n-log?":{"_index":["plural","n"],"_":{"zero":"Inget markerat","one":"Ta bort vald logg?","two":"Ta bort {{ n }} loggar?","few":"Ta bort {{ n }} loggar?","many":"Ta bort {{ n }} loggar?","other":"Ta bort {{ n }} loggar?"}},"callDurationMinutes":"{{ m }}:{{ s }}","callDurationHours":"{{ h }}:{{ m }}:{{ s}}","suggestionMatches":{"_index":["plural","n"],"_":{"one":"{{ n }} matchning för \"{{ matchNumber }}\"","two":"{{ n }} matchningar för \"{{ matchNumber }}\"","few":"{{ n }} matchningar för \"{{ matchNumber }}\"","many":"{{ n }} matchningar för \"{{ matchNumber }}\"","other":"{{ n }} matchningar för \"{{ matchNumber }}\""}},"scCallBarring":"Samtalsspärr","scCallForwarding":"Vidarebefordra samtal","scClip":"Inkommande nummerpresentation","scClir":"Utgående nummerpresentation","scPwd":"Lösenord ändrat","scCallWaiting":"Samtal väntar","scPin":"PIN-kod ändrad","scPin2":"PIN2-kod ändrad","scPuk":"Avblockera PIN-kod","scPuk2":"Avblockera PIN2-kod","scImei":"IMEI","scUssd":"USSD","serviceClassVoice":"Röst","serviceClassData":"Data","serviceClassFax":"FAX","serviceClassSms":"SMS","serviceClassDataSync":"Synkron","serviceClassDataAsync":"Asynkron","serviceClassPacket":"Paket","serviceClassPad":"PAD","smServiceEnabled":"Tjänsten har aktiverats","smServiceDisabled":"Tjänsten har inaktiverats","smServiceRegistered":"Registrering lyckades","smServiceErased":"Radering lyckades","smServiceInterrogated":"Begäran lyckades","smServiceNotProvisioned":"Tjänsten tillhandahålls inte","smClirPermanent":"Du kan inte ändra inställningar för nummerpresentation","smClirDefaultOnNextCallOn":"Nummerpresentation är begränsad. Nästa samtal: Begränsad","smClirDefaultOnNextCallOff":"Nummerpresentation är begränsad. Nästa samtal: Inte begränsad","smClirDefaultOffNextCallOn":"Nummerpresentation är inte begränsad. Nästa samtal: Begränsad","smClirDefaultOffNextCallOff":"Nummerpresentation är inte begränsad. Nästa samtal: Inte begränsad","smServiceEnabledFor":"Tjänsten har aktiverats för:","smPinChanged":"PIN har ändrats","smPinUnblocked":"PIN blockering hävd","smPin2Changed":"PIN2 har ändrats","smPin2Unblocked":"PIN2 blockering hävd","emMmiError":"Anslutningsproblem eller ogiltig MMI-kod","emMmiErrorPasswordIncorrect":"Felaktigt lösenord","emMmiErrorNotSupported":"Ogiltig eller ej fungerade MMI-kod","emMmiErrorInvalidAction":"Ogiltig åtgärd","emMmiErrorInvalidScCode":"Ogiltig servicekod","emMmiErrorBadPuk":"PUK-koden du angav är inte korrekt","emMmiErrorBadPin":"Den gamla PIN-koden du angav är inte korrekt","emMmiErrorNeedPuk2":"Ange PUK2-koden för att låsa upp SIM-kortet","emMmiErrorMismatchPin":"PIN-koderna du angav matchar inte ","emMmiErrorInvalidPin":"Ange en PIN-kod som är 4 till 8 siffror","emMmiErrorNeedsPuk":"Ditt SIM-kort är PUK-låst","emMmiErrorEnablePin":"Misslyckades. Aktivera SIM/RUIM lås","emMmiErrorMmiFdn":"Funktionen är begränsad till fasta nummer endast","emMmiErrorStkCcUssdDial":"USSD begäran ändras till DIAL begäran","emMmiErrorStkCcUssdSs":"USSD begäran ändras till SS begäran","emMmiErrorStkCcUssdUssd":"USSD begäran ändras till ny USSD begäran","emMmiErrorStkCcSsDial":"SS begäran ändras till DIAL begäran","emMmiErrorStkCcSsUssd":"SS begäran ändras till USSD begäran","emMmiErrorStkCcSsSs":"SS begäran ändras till ny SS begäran","emMmiErrorPinPukAttempts":{"_index":["plural","n"],"_":{"one":"Endast {{ n }} försök kvar","two":"{{ n }} försök kvar","few":"{{ n }} försök kvar","many":"{{ n }} försök kvar","other":"{{ n }} försök kvar"}},"emMmiErrorSimBlocked":"Maximalt antal försök har överskridits. SIM blockerad.","RadioNotAvailable":"Radio inte tillgänglig","GenericFailure":"Allmänt fel","PasswordIncorrect":"Felaktigt lösenord","SimPin2":"SIM PIN2","SimPuk2":"SIM PUK2","RequestNotSupported":"Begäran stöds inte","OpNotAllowedDuringVoiceCall":"Funktionen ej tillåten under röstsamtal","SmsSendFailRetry":"SMS skicka igen misslyckades","SimAbsent":"SIM saknas","SubscriptionNotAvailable":"Prenumeration inte tillgänglig","ModeNotSupported":"Läget stöds inte","FdnCheckFailure":"Fdn-kontroll misslyckades","IllegalSimOrMe":"Olaglig SIM eller ME","DialModifiedToUssd":"Dial ändrad till USSD","DialModifiedToSs":"Dial ändrad till ss","DialModifiedToDial":"Dial ändrad till dial","UssdModifiedToDial":"USSD ändrad till dial","UssdModifiedToSs":"USSD ändrad till SS","UssdModifiedToUssd":"USSD ändrad till USSD","SsModifiedToDial":"SS ändrad till dial","SsModifiedToUssd":"SS ändrad till USSD","SsModifiedToSs":"SS ändrad till SS","SubscriptionNotSupported":"Prenumeration stöds inte","InvalidParameter":"Ogiltig parameter","RejectedByRemote":"Avvisad från fjärr","group-call":{"_index":["plural","n"],"_":{"one":"Gruppsamtal ({{ n }})","two":"Gruppsamtal ({{ n }})","few":"Gruppsamtal ({{ n }})","many":"Gruppsamtal ({{ n }})","other":"Gruppsamtal({{ n }})"}},"caller-left-call":"{{ caller }} har lämnat samtalet.","conferenceAddError":"Kan inte koppla ihop samtal","conferenceRemoveError":"Kan inte koppla från samtal","longDateFormat":"%A, %e %B","select-audio-sources":"Välj ljudkälla","bluetooth-handsfree-device":"Bluetooth handsfree-enhet","receiver":"Mottagare","speaker":"Högtalare","add":"Lägg till","done":"Klar","retry":"Försök igen","addContact":"Lägg till kontakt","deleteContact":"Ta bort kontakt","selectContact":"Välj kontakt","editContact":"Redigera kontakt","deleteConfirmMsg":"Ta bort kontakt?","remove":"Ta bort","comments":"Kommentarer","no_contact_phones":"Kontakten har inget telefonnummer","no_contact_email":"Kontakten har ingen e-postadress","removePhotoConfirm":"Ta bort bild för kontakt?","loadingContacts":"Laddar kontakter…","noContactsActivity":"Kan inte lägga till i kontakter eftersom din kontaktlista är tom","noName":"Inget namn","givenName":{"placeholder":"Namn"},"familyName":{"placeholder":"Efternamn"},"tel":{"placeholder":"Nummer"},"carrier":{"_":"Operatör","placeholder":"Operatör"},"separator":",","email":{"_":"E-post","placeholder":"E-post"},"streetAddress":{"placeholder":"Gatuadress"},"postalCode":{"placeholder":"Postnummer"},"locality":{"placeholder":"Postort"},"countryName":{"placeholder":"Land"},"comment":{"placeholder":"Kommentar"},"org":{"placeholder":"Företag"},"custom":"Anpassad","date":{"_":"Datum","placeholder":"Datum"},"date-span-placeholder":"Datum","birthday":"Födelsedag","dateFormat":"%e %B","dateOutput":"{{dayMonthFormatted}} {{year}}","anniversary":"Årsdag","addPhoto":"Lägg till bild","addPhone":"Lägg till nummer","addEmail":"Lägg till e-post","addAddress":"Lägg till adress","addDate":"Lägg till datum","addComment":"Lägg till kommentar","addFavorite":"Lägg till som favorit","removeFavorite":"Ta bort som favorit","label":"Namn","home":"Hem","work":"Arbete","personal":"Privat","faxHome":"Fax hem","faxOffice":"Fax kontor","faxOther":"Fax övrig","another":"Ytterligare","other":"Övrigt","current":"Aktuell","itemWithLabel":"{{label}}, {{item}}","exit":"Avsluta","expand":"Expandera","labelName":"Namn:","labelLastName":"Efternamn:","labelPhoneNumber":"Telefonnummer:","labelCarrier":"Operatör:","labelEmail":"E-post:","labelStreet":"Gatuadress:","labelZip":"Postnummer:","labelCity":"Postort:","labelCountry":"Land:","labelComment":"Kommentar:","legendTitleMain":"Huvudinformation","legendPhones":"Telefonnummer","legendEmail":"E-postadress","legendAddress":"Adress","transferContactsTitle":"Överför kontakter","importContactsTitle":"Importera kontakter","importContactsButton":"Importera kontakter","exportContactsTitle":"Exportera kontakter","exportContactsButton":"Exportera kontakter","exportContactsAction":"Exportera","simExport-title":"Exportera till SIM-kort","sdExport-title":"Exportera till minneskort","btExport-title":"Exportera till bluetooth","sdUMSEnabled":"Kan inte använda minneskort eftersom USB-lagring är aktiverad","exportErrorTitle":"Exporteringsfel","contactsExported2":{"_index":["plural","exported"],"_":{"zero":"Inga kontakter exporterade","one":"{{exported}}/{{total}} kontakter exporterade","two":"{{exported}}/{{total}} kontakter exporterade","few":"{{exported}}/{{total}} kontakter exporterade","many":"{{exported}}/{{total}} kontakter exporterade","other":"{{exported}}/{{total}} kontakter exporterade"}},"exportError-general":"Fel uppstod vid exportering","exportError-SD-shared":"Kan inte komma åt minneskortet eftersom det är delat","exportError-SD-unavailable":"Minneskortet är inte tillgängligt","exportError-SD-noSpace":"Det finns inte tillräckligt med utrymme på minneskortet för att exportera kontakter","exportError-SIM-unavailable":"SIM-kortet är inte tillgängligt","exportError-BT-shared":"Kan inte komma åt minneskortet eftersom det är delat","exportError-BT-unavailable":"Minneskortet är inte tillgängligt","exportError-BT-noSpace":"Det finns inte tillräckligt med utrymme på minneskortet för att exportera kontakter","simContacts-import":"Importera SIM-kontakter","simContacts-importing":"Importerar SIM-kontakter…","simContacts-reading":"Läser från SIM-kort…","simContacts-error":"Det gick inte att importera kontakter från SIM-kortet","simContacts-imported3":{"_index":["plural","n"],"_":{"zero":"Inga kontakter hittades på SIM-kortet","one":"Importerade en kontakt","two":"Importerade {{n}} kontakter","few":"Importerade {{n}} kontakter","many":"Importerade {{n}} kontakter","other":"Importerade {{n}} kontakter"}},"noSimMsgExport":"För att exportera kontakter, sätt i eller lås upp SIM-kortet","simNumber":"SIM {{number}}","memoryCardContacts-import":"Importera kontakter från minneskort","memoryCardContacts-importing":"Importerar kontakter från minneskort…","memoryCardContacts-reading":"Läser från minneskort…","memoryCardContacts-error":"Det gick inte att importera kontakter från minneskortet","memoryCardContacts-imported3":{"_index":["plural","n"],"_":{"zero":"Inga kontakter hittades på minneskortet","one":"Importerade en kontakt","two":"Importerade {{n}} kontakter","few":"Importerade {{n}} kontakter","many":"Importerade {{n}} kontakter","other":"Importerade {{n}} kontakter"}},"noMemoryCardMsgExport":"För att exportera kontakter, sätt i ett minneskort","genericProgress":"{{current}}/{{total}}","social-network":"Sociala nätverk","social-link":"Länka kontakt","social-unlink":"Avlänka kontakt","social-unlink-confirm-title":"Vill du ta bort länk till din vän?","social-unlink-confirm-accept":"Avlänka","facebook-import":"Importera Facebook-vänner","show-fb-profile":"Visa Facebook-profil","msg-send":"Meddelande","wall-post":"Vägginlägg","facebook-import-msg":{"_index":["plural","imported"],"_":{"zero":"Inga vänner importerade (utav {{total}})","one":"En vän importerad (utav {{total}})","two":"{{imported}}/{{total}} vänner importerade","few":"{{imported}}/{{total}} vänner importerade","many":"{{imported}}/{{total}} vänner importerade","other":"{{imported}}/{{total}} vänner importerade"}},"facebookSwitchMsg":"Synkronisera vänner","select_mobile":"Välj mobil","select_email":"Välj e-post","contactsOrderBy":"Sortera efter efternamn","bluetooth":"Bluetooth","fbUpdateFriends":"Uppdatera importerade vänner","cleaningFbData":"Tar bort Facebook data","loggingOutFb":"Loggar ut från Facebook","cleanFbConfirmMsg":"Ta bort all Facebook data?","renewPwdMsg":"Ditt lösenord till Facebook har ändrats. Vänligen, uppdatera.","notEnabledYet":"Inte aktiverat än","genericNoConnection":"För att importera kontakter anslut till Wi-Fi eller datanät","simCard":"SIM-kort","memoryCard":"Minneskort","create-new":"Skapa en ny kontakt","import-now":"Importera dina kontakter från SIM-kortet eller Facebook","no-contacts":"Inga kontakter","start-adding":"Börja lägga till dem nu","notImported":"Importera inte","imported":"Importerad","organise-contacts":"Organisera kontakter","find-merge-contacts":"Hitta duplicerade kontakter","preparing-contacts":"Förbereder kontakter","exportError-SIM-NoFreeRecordFound":"SIM-kortet är fullt","exportError-SIM-CannotAccessPhoneBook":"Kan inte komma åt SIM-kortets telefonbok","exportError-SIM-Unavailable":"Inget SIM-kort hittades","exportError-SIM-GenericError":"Ett fel uppstod när en kontakt exporterades","ContactManagementTitle":"Hantera kontakter","DeleteTitle":"Ta bort","bulkDeleteButton":"Ta bort kontakter","BulkDelCancel":"Ta bort kontakter avbröts","DeletedTxt":{"_index":["plural","n"],"_":{"zero":"Ingen kontakt att ta bort","one":"1 kontakt borttagen","two":"{{n}} kontakter borttagna","few":"{{n}} kontakter borttagna","many":"{{n}} kontakter borttagna","other":"{{n}} kontakter borttagna"}},"DeletingContacts":"Tar bort kontakter","ContactConfirmDel":{"_index":["plural","n"],"_":{"zero":"Inga kontakter att ta bort","one":"Ta bort 1 kontakt? Detta kan inte ångras.","two":"Ta bort {{n}} kontakter? Detta kan inte ångras.","few":"Ta bort {{n}} kontakter? Detta kan inte ångras.","many":"Ta bort {{n}} kontakter? Detta kan inte ångras.","other":"Ta bort {{n}} kontakter? Detta kan inte ångras."}},"SelectedTxt":{"_index":["plural","n"],"_":{"zero":"Kontakter","one":"{{n}} markerad","two":"{{n}} markerade","few":"{{n}} markerade","many":"{{n}} markerade","other":"{{n}} markerade"}},"sim-picker-dial-via-with-number":"Ring {{ phoneNumber }} via","sim-picker-select-sim":"Välj SIM","sim-picker-button":"SIM{{ n }}","sim-picker-button-default":"(standard)","waitDuplicateContacts":"Söker efter duplicerade kontakter","waitMergingDuplicateContacts":"Sammanfoga duplicerade kontakter","alertNoDuplicateContacts":"Inga duplicerade kontakter hittades","mergeDuplicateTitle":"Sammanfoga dubbletter","suggestedDuplicateContacts":"Förslag till dubbletter för kontakt {{name}}","mergeActionButtonLabel":{"_index":["plural","n"],"_":{"zero":"Inga kontakter har valts","one":"Sammanfoga med {{n}} kontakt","other":"Sammanfoga med {{n}} kontakter"}},"duplicatesFoundTitle":"Dubbletter hittades","duplicatesFoundMessage":"{{name}} duplicerad information i följande kontakter"}