{"brandShortName":"B2G OS","browserBrandShortName":"Web Tarayıcısı","browserBrandFullName":"Mozilla Web Tarayıcısı","back":"Geri","noSimMsg":"Kişileri içeri almak için SIM kartınızı takın veya kartın kilidini açın","noMemoryCardMsg":"Kişileri içeri aktarmak için bir bellek kartı takın","importMemoryCard":"Bellek kartı","noConnection11":"Facebook arkadaşlarınızı içe aktarmak için Wi-Fi veya veri şebekesine bağlanın","pincode2":"PIN kodunu girin","type_pin":"PIN kodunuzu yazın","pincodeLabel":"SIM {{n}} PIN'i","pinValidation":"PIN uzunluğu 4 ile 8 karakter arasında olmalıdır.","pinError":"PIN yanlış.","pinAttemptMsg2":{"_index":["plural","n"],"_":{"one":"SIM kartı kilitlemeksizin bir kez giriş hakkınız kaldı.","two":"SIM kart kilitlenmeden önce doğru kodu girmek için {{n}} deneme hakkınız kaldı.","few":"SIM kart kilitlenmeden önce doğru kodu girmek için {{n}} deneme hakkınız kaldı.","many":"SIM kart kilitlenmeden önce doğru kodu girmek için {{n}} deneme hakkınız kaldı.","other":"SIM kart kilitlenmeden önce doğru kodu girmek için {{n}} deneme hakkınız kaldı."}},"pinLastChanceMsg":"Doğru PIN'i girmek için son şansınız. Aksi halde bu SIM kartını kullanmak için PUK kodunu girmeniz gerekecek.","pukcode":"PUK kodunu girin","pukcodeTitle":"SIM {{n}} PUK'unu girin","pukcodeLabel":"SIM {{n}} PUK'u","type_puk":"PUK kodu","pukValidation":"PUK kodu tam olarak 8 basamaklı olmalıdır.","pukInfo":"SIM kartınızın Kişisel Kilit Açma Anahtarı (PUK) kodunu girmelisiniz. Daha fazla bilgi için SIM kartınızın belgelerine bakın veya operatörünüzle iletişime geçin.","pukError":"PUK yanlış.                ","pukAttemptMsg2":{"_index":["plural","n"],"_":{"one":"Bu SIM kart kalıcı olarak kullanım dışı kalmadan önce doğru kodu girmek için bir deneme hakkınız kaldı. Daha fazla bilgi için SIM kart belgelerine bakın veya operatörünüze başvurun.","two":"Bu SIM kart kalıcı olarak kullanım dışı kalmadan önce doğru kodu girmek için {{n}} deneme hakkınız kaldı. Daha fazla bilgi için SIM kart belgelerine bakın veya operatörünüze başvurun.","few":"Bu SIM kart kalıcı olarak kullanım dışı kalmadan önce doğru kodu girmek için {{n}} deneme hakkınız kaldı. Daha fazla bilgi için SIM kart belgelerine bakın veya operatörünüze başvurun.","many":"Bu SIM kart kalıcı olarak kullanım dışı kalmadan önce doğru kodu girmek için {{n}} deneme hakkınız kaldı. Daha fazla bilgi için SIM kart belgelerine bakın veya operatörünüze başvurun.","other":"Bu SIM kart kalıcı olarak kullanım dışı kalmadan önce doğru kodu girmek için {{n}} deneme hakkınız kaldı. Daha fazla bilgi için SIM kart belgelerine bakın veya operatörünüze başvurun."}},"pukLastChanceMsg":"Doğru PUK kodunu girmek için son deneme hakkınız. Yanlış PUK kodu girerseniz, SIM kartınız kalıcı olarak kullanım dışı kalacak.","create_newpin":"Yeni PIN'i oluşturun (4-8 basamaklı)","confirm_newpin":"Yeni PIN'i onaylayın","newpinConfirmation":"PIN'ler uyuşmuyor","nckcode":"NCK kodunu girin","cckcode":"CCK kodunu girin","spckcode":"SPCK kodunu girin","nck1code":"Enter NCK1 code","nck2code":"Enter NCK2 code","hnckcode":"Enter HNCK code","rcckcode":"Enter RCCK code","rspckcode":"Enter RSPCK code","nckcodeTitle":"SIM {{n}} NCK kodunu girin","cckcodeTitle":"SIM {{n}} CCK kodunu girin","spckcodeTitle":"SIM {{n}} SPCK kodunu girin","nck1codeTitle":"Enter SIM {{n}} NCK1","nck2codeTitle":"Enter SIM {{n}} NCK2","hnckcodeTitle":"Enter SIM {{n}} HNCK","rcckcodeTitle":"Enter SIM {{n}} RCCK","rspckcodeTitle":"Enter SIM {{n}} RSPCK","nckcodeLabel":"SIM {{n}} NCK kodu","cckcodeLabel":"SIM {{n}} CCK kodu","spckcodeLabel":"SIM {{n}} SPCK kodu","nck1codeLabel":"SIM {{n}} NCK1","nck2codeLabel":"SIM {{n}} NCK2","hnckcodeLabel":"SIM {{n}} HNCK","rcckcodeLabel":"SIM {{n}} RCCK","rspckcodeLabel":"SIM {{n}} RSPCK","type_nck":"NCK kodunuzu yazın","type_cck":"CCK kodunuzu yazın","type_spck":"SPCK kodunuzu yazın","type_nck1":"Type your NCK1 code","type_nck2":"Type your NCK2 code","type_hnck":"Type your HNCK code","type_rcck":"Type your RCCK code","type_rspck":"Type your RSPCK code","nckValidation":"NCK uzunluğu 4 ile 8 karakter arasında olmalıdır.","cckValidation":"CCK uzunluğu 4 ile 8 karakter arasında olmalıdır.","spckValidation":"SPCK uzunluğu 4 ile 8 karakter arasında olmalıdır.","nck1Validation":"NCK1 must have between 8 and 16 characters.","nck2Validation":"NCK2 must have between 8 and 16 characters.","hnckValidation":"HNCK must have between 8 and 16 characters.","rcckValidation":"RCCK must have between 8 and 16 characters.","rspckValidation":"RSPCK must have between 8 and 16 characters.","nckErrorMsg":"NCK kodu yanlış.","nckAttemptMsg2":{"_index":["plural","n"],"_":{"one":"Şebeke kişiselleştirmesini kaldırma isteği başarısız oldu. Doğru kodu girmek için bir hakkınız kaldı. Daha fazla bilgi için aygıt belgelerinize bakın veya operatörünüzle iletişime geçin.","two":"Şebeke kişiselleştirmesini kaldırma isteği başarısız oldu. Doğru kodu girmek için {{n}} hakkınız kaldı. Daha fazla bilgi için aygıt belgelerinize bakın veya operatörünüzle iletişime geçin.","few":"Şebeke kişiselleştirmesini kaldırma isteği başarısız oldu. Doğru kodu girmek için {{n}} hakkınız kaldı. Daha fazla bilgi için aygıt belgelerinize bakın veya operatörünüzle iletişime geçin.","many":"Şebeke kişiselleştirmesini kaldırma isteği başarısız oldu. Doğru kodu girmek için {{n}} hakkınız kaldı. Daha fazla bilgi için aygıt belgelerinize bakın veya operatörünüzle iletişime geçin.","other":"Şebeke kişiselleştirmesini kaldırma isteği başarısız oldu. Doğru kodu girmek için {{n}} hakkınız kaldı. Daha fazla bilgi için aygıt belgelerinize bakın veya operatörünüzle iletişime geçin."}},"nckLastChanceMsg":"Şebeke kişiselleştirmesini kaldırma isteği başarısız oldu. Doğru NCK kodunu girmek için son şansınız. Daha fazla bilgi için aygıt belgelerinize bakın veya operatörünüzle iletişime geçin.","skip":"Atla","send":"Gönder","ok":"Tamam","simLocked":"SIM kart kilitli","inputCodeRetriesLeft":{"_index":["plural","n"],"_":{"one":"son hakkınız.","two":"{{n}} hakkınız kaldı.","few":"{{n}} hakkınız kaldı.","many":"{{n}} hakkınız kaldı.","other":"{{n}} hakkınız kaldı."}},"simManager":"SIM Yöneticisi","simDetail":"SIM {{n}}","simDefault":"(varsayılan)","simDefaultMessage":"Giden aramalar, giden mesajlar ve veri bağlantısı varsayılan olarak SIM 1'e ayarlıdır","simSettingsMessage":"Varsayaılan ayarları Ayarlar > SIM yöneticisi üzerinden değiştirebilirsiniz","simPinLocked":"SIM PIN kilitli","noOperator":"Operatör yok","language":"Dil","english":"İngilizce","dvorak":"İngilizce (Dvorak)","spanish":"İspanyolca","portuguese":"Brezilya Portekizcesi","french":"Fransızca","italian":"İtalyanca","arabic":"Arapça","greek":"Yunanca","hebrew":"İbranice","jp-kanji":"Japonca","jp-kanji-desc":"Kanji","traditionalChinese":"Geleneksel Çince","traditionalChinese-desc":"Zhuyin","simplifiedChinese":"Basitleştirilmiş Çince","simplifiedChinese-desc":"Pinyin","3g":"Hücresel Veri","dataConnection":"Veriyi Etkinleştir","dataConnectionInfo":"Şimdi veri bağlantısını etkinleştirmek, telefonunuzu Wi-Fi bağlantısı olmadan kurmanıza izin verecektir. Ayrıca daha sonra Ayarlar'dan da etkinleştirebilirsiniz. Çok yüksek ücretlendirmelere maruz kalmamak için internet paketinizin olduğundan emin olun.","caution":"Uyarı","geolocation":"Coğrafi konum","geolocationCheckbox":"Coğrafi konum etkin","geolocationInfo2":"{{brandShortName}}, yaklaşık konumunuzu belirlemek için GPS, Wi-Fi ve yakınınızdaki mobil şebeke verilerini kullanır.","geolocationInfoMore":"Bu veriler Mozilla'ya ve diğer servis sağlayıcılara gönderilerek konum veritabanlarını geliştirmek için kullanılır. Veriler cihazınızda depolanabilir ve hiçbir uygulama çalışmadığı sırada bile veri toplanabilir.","notice":"Uyarı","aboutYourPrivacy":"Gizliliğiniz hakkında daha fazla bilgi","wifi":"Wi-Fi","scanningNetworks":"Ağlar taranıyor","selectNetwork":"Bir ağ seçin","shortStatus-connecting":"Bağlanıyor…","shortStatus-associated":"IP adresi alınıyor…","shortStatus-connected":"Bağlandı","shortStatus-connectingfailed":"Bağlantı başarısız","shortStatus-disconnected":"Çevrimdışı","securedBy":"{{capabilities}} ile korunuyor","security":"Güvenlik","securityNone":"Yok","securityWEP":"WEP","securityWPA-PSK":"WPA-PSK","securityWPA-EAP":"WPA-EAP","securityOpen":"Açık","identity":"Kullanıcı","identityInput":{"placeholder":"Kullanıcı"},"password":"Parola","passwordInput":{"placeholder":"Parola"},"showPassword":"Parolayı göster","refresh":"Yenile","noWifiFound3":"Kablosuz ağ bulunamadı","join-hidden-button":"Gizli ağa katıl","authentication":"Kimlik doğrulama","ssid-name":"SSID ağ adı","dateAndTime":"Tarih ve saat","setTimeAutomatically":"Otomatik olarak ayarla","timezoneMessage":"Saat dilimi","timezoneTitle":"UTC{{utcOffset}} {{region}}/{{city}}","dateMessage":"Tarih","timeMessage":"Saat","timeZone":"Saat dilimi","change":"Değiştir","importContacts3":"Kişileri aktar","importSim2":"SIM kart","importFb2":"Facebook","importOutlook":"Outlook","importGmail":"Gmail","fb-checking":"… kontrol ediliyor","notImportedYet":"Henüz alınmadı","otherAccount":"Diğer hesaplar","mobile":"Cep","afterFbImport":"Facebook arkadaşlarınızı Kişiler ayarlarından istediğiniz zaman alabilir ve düzenleyebilirsiniz","firefox-accounts":"Firefox Accounts","fxa-overview":{"innerHTML":"A Firefox Account lets you use features like Find My Device and apps like the Firefox Marketplace."},"fxa-create-account-or-sign-in":"Create Account or Sign In","fxa-email-sent":"A verification link has been sent to {{email}}","about-your-rights-0":"{{brandShortName}} tüm dünyadan binlerce kişilik bir topluluk tarafından özgür ve açık kaynaklı yazılımlarla inşa edilmiştir. Bilmeniz gereken bir kaç şey var:","about-your-rights-1":"{{brandShortName}} Mozilla Kamu Lisansı da dahil olmak üzere birçok açık yazılım lisansı koşulları altında kullanımınıza sunulmuştur. {{brandShortName}} çalıştıran bir aygıt üçüncü şahıslara ait lisanslı yazılımlar da içeriyor olabilir. Koşullarına uyduğunuz sürece açık lisanslar altında sunulan tüm kodlar, size kaynak kodunda değişiklik yapma ve değiştirilmiş sürümleri dağıtma hakkı verir.","about-your-rights-2":"{{brandShortName}} ismi ve logosu da dahil olmak üzere ama bunlarla sınırlı kalmamak üzere, Mozilla Foundation veya herhangi bir partinin ticari marka hakları veya ticari markalarının lisansları verilmemiştir.","about-your-rights-3":"{{brandShortName}} üzerindeki Çökme Raporlayıcısı gibi bazı özellikler size Mozilla'ya geri bildirimde bulunma seçeneği sunar. Geri bildirimde bulunmayı tercih ederseniz, Mozilla'ya ürünlerini geliştirmek için bu geri bildirimi kullanma, geri bildirimi web sitelerinde yayımlama ve geri bildirimi dağıtma izni vermiş olursunuz.","about-other":"Diğer","SIM_mandatory":"SIM Kart Uyarısı","SIM_mandatory_warm":"Lütfen bir SIM kart takıp telefonunuzu yeniden başlatın.","sharing-performance-data":"Performans verileri paylaşılıyor","telemetry-sends":"Telemetry Mozilla'ya {{brandShortName}} aygıtınızdaki performans, donanım, yapılandırma ve kişiselleştirmeler hakkında veriler gönderir. Bunları ürünlerimizi daha iyi daha hızlı ve daha duyarlı yapmak için kullanırız.","learn-more-telemetry":{"innerHTML":"Learn more at {{link}}"},"learn-more-information":{"innerHTML":"Learn how Mozilla handles your information at {{link}}"},"welcomeBrowser":"Mozilla'nın ücretsiz ve açık kaynaklı işletim sistemi {{brandShortName}}'e hoş geldiniz. Misyonumuz web'in gücünü size teslim ederek açıklık, yenilik ve fırsat eşitliğini desteklemektir.","learn-more-privacy":{"innerHTML":"Learn how Mozilla handles your information in our {{link}}."},"learn-more-privacy-link":"privacy policy","aboutBrowser":"{{brandShortName}} Hakkında","aboutYourPrivacy2":"Gizliliğiniz","mozillaCommunity2":"{{brandShortName}} kullandığınızda, web için parlak bir gelecek inşa etmeye yardım eden küresel bir topluluğun parçası olursunuz. Mozilla topluluğu, diğer ürünlerimiz ve etkinliklerimiz hakkında daha fazla bilgi almak isterseniz lütfen aşağıya e-posta adresinizi girin.","collaborate":"Telefonum hakkındaki bilgileri paylaşarak {{brandShortName}} gelişimine yardım etmek istiyorum.","learnMore":"Daha fazlasını öğren.","emailAddress":{"placeholder":"E-posta adresi"},"email-successfully-added":"E-posta başarıyla eklendi","email-loading":"E-postanız kaydediliyor…","browserPrivacyChoices":"{{brandShortName}} Gizlilik Seçenekleri","privacy-b2g":{"_":"{{brandShortName}}","title":"{{brandShortName}}"},"privacy-marketplace":{"_":"Marketplace","title":"{{privacy-marketplace}}"},"privacy-e-me":{"_":"everything.me","title":"{{privacy-e-me}}"},"navbar-back":"Geri","navbar-next":"İleri","navbar-join":"Katıl","thatsIt":"İşte bu kadar!","startYourPhone":"Telefon turunuza başlayın!","startYourTablet":"Tablet turuna başlayın!","joinTutorial":"Yeni telefonunuzu tanımak için hızlı bir tura çıkalım.","enjoyYourPhone":"Yeni telefonunuzun keyfini çıkarmaya hazırsınız.","optionsAvailable":"Dili, tarihi/saati ve Wi-Fi bağlantısını ayarlardan değiştirebilirsiniz.","letsGo":"Haydi başlayalım","startTour":"Turu başlat","thatsIt1Tablet-2":"Ana ekrana girmek için her zaman alt kenardan çekip sürükleyebilirsiniz.","thatsIt2Tablet-2":"Başlayalım!","tutorial-step1-tiny":"Uygulamalarınızı görmek için sağdan sola kaydırın.","tutorial-step2-tiny":"Bir simgeyi silmek veya taşımak için dokunun ve basılı tutun.","tutorial-step3-tiny":"Bir anahtar kelime veya konu girdiğiniz telefonunuz ona uyum sağlayacaktır.","tutorial-step4-tiny":"Son bildirimlere, kredi bilgisine ve ayarlara erişmek için aşağı doğru kaydırın.","tutorial-step5-tiny":"Son uygulamaları görmek ve kapatmak için ana ekran düğmesine dokunun ve bekleyin.","tutorial-step6-tiny":"Son uygulamalar arasında ileri ve geri gitmek için ekranın kenarından tutup çekin.","tutorial-step1-large-2":"Son bildirimlere, kredi bilgisine ve ayarlara erişmek için üstten aşağıya doğru kaydırın.","tutorial-step2-large-2":"Yeni uygulamalar keşfetmek için ana ekranda sola veya sağa kaydırın.","tutorial-step3-large-2":"Bir simgeyi silmek veya taşımak için ona dokunun ve basılı tutun.","tutorial-step4-large-2":"Kart görünümünü açmak için alt kenardan iki parmakla tutup çekin.","offline-dialog-title":"Sayfayı görmek için internete bağlı olmalısınız.","offline-dialog-text":"Lütfen geri dönüp internete bağlanın. Ayrıca bu daha sonra Ayarlar'dan veya herhangi bir tarayıcıda {{url}} adresine girerek de görebilirsiniz.","OK":"Tamam","offline-newsletter-dialog-title":"Bültene abone olmak için internete bağlı olmalısınız.","offline-newsletter-dialog-text":"Lütfen geri dönün ve internete bağlanın.","invalid-email-dialog-title":"E-posta adresiniz geçerli değil","invalid-email-dialog-text":"Lütfen geri dönün ve girişinizi düzeltin.","cancel":"İptal","weekday-0-long":"Pazar","weekday-1-long":"Pazartesi","weekday-2-long":"Salı","weekday-3-long":"Çarşamba","weekday-4-long":"Perşembe","weekday-5-long":"Cuma","weekday-6-long":"Cumartesi","weekday-0-short":"Pzr","weekday-1-short":"Pzt","weekday-2-short":"Sal","weekday-3-short":"Çar","weekday-4-short":"Per","weekday-5-short":"Cum","weekday-6-short":"Cmt","month-0-long":"Ocak","month-1-long":"Şubat","month-2-long":"Mart","month-3-long":"Nisan","month-4-long":"Mayıs","month-5-long":"Haziran","month-6-long":"Temmuz","month-7-long":"Ağustos","month-8-long":"Eylül","month-9-long":"Ekim","month-10-long":"Kasım","month-11-long":"Aralık","month-0-genitive":"Ocak","month-1-genitive":"Şubat","month-2-genitive":"Mart","month-3-genitive":"Nisan","month-4-genitive":"Mayıs","month-5-genitive":"Haziran","month-6-genitive":"Temmuz","month-7-genitive":"Ağustos","month-8-genitive":"Eylül","month-9-genitive":"Ekim","month-10-genitive":"Kasım","month-11-genitive":"Aralık","month-0-short":"Oca","month-1-short":"Şub","month-2-short":"Mar","month-3-short":"Nis","month-4-short":"May","month-5-short":"Haz","month-6-short":"Tem","month-7-short":"Ağu","month-8-short":"Eyl","month-9-short":"Eki","month-10-short":"Kas","month-11-short":"Ara","minutes-ago-long":{"_index":["plural","value"],"_":{"zero":"biraz önce","one":"bir dakika önce","two":"{{value}} dakika önce","few":"{{value}} dakika önce","many":"{{value}} dakika önce","other":"{{value}} dakika önce"}},"hours-ago-long":{"_index":["plural","value"],"_":{"zero":"biraz önce","one":"bir saat önce","two":"{{value}} saat önce","few":"{{value}} saat önce","many":"{{value}} saat önce","other":"{{value}} saat önce"}},"days-ago-long":{"_index":["plural","value"],"_":{"zero":"bugün","one":"dün","two":"{{value}} gün önce","few":"{{value}} gün önce","many":"{{value}} gün önce","other":"{{value}} gün önce"}},"weeks-ago-long":{"_index":["plural","value"],"_":{"zero":"bu hafta","one":"geçen hafta","two":"{{value}} hafta önce","few":"{{value}} hafta önce","many":"{{value}} hafta önce","other":"{{value}} hafta önce"}},"months-ago-long":{"_index":["plural","value"],"_":{"zero":"bu ay","one":"geçen ay","two":"{{value}} ay önce","few":"{{value}} ay önce","many":"{{value}} ay önce","other":"{{value}} ay önce"}},"years-ago-long":{"_index":["plural","value"],"_":{"zero":"bu yıl","one":"geçen yıl","two":"{{value}} yıl önce","few":"{{value}} yıl önce","many":"{{value}} yıl önce","other":"{{value}} yıl önce"}},"minutes-until-long":{"_index":["plural","value"],"_":{"zero":"şimdi","one":"bir dakika önce","two":"{{value}} dakika içinde","few":"{{value}} dakika içinde","many":"{{value}} dakika içinde","other":"{{value}} dakika içinde"}},"hours-until-long":{"_index":["plural","value"],"_":{"zero":"şimdi","one":"bir saat içinde","two":"{{value}} saat içinde","few":"{{value}} saat içinde","many":"{{value}} saat içinde","other":"{{value}} saat içinde"}},"days-until-long":{"_index":["plural","value"],"_":{"zero":"bugün","one":"dün","two":"{{value}} gün içinde","few":"{{value}} gün içinde","many":"{{value}} gün içinde","other":"{{value}} gün içinde"}},"weeks-until-long":{"_index":["plural","value"],"_":{"zero":"bu hafta","one":"gelecek hafta","two":"{{value}} hafta içinde","few":"{{value}} hafta içinde","many":"{{value}} hafta içinde","other":"{{value}} hafta içinde"}},"months-until-long":{"_index":["plural","value"],"_":{"zero":"bu ay","one":"gelecek ay","two":"{{value}} ay içinde","few":"{{value}} ay içinde","many":"{{value}} ay içinde","other":"{{value}} ay içinde"}},"years-until-long":{"_index":["plural","value"],"_":{"zero":"bu yıl","one":"gelecek yıl","two":"{{value}} yıl içinde","few":"{{value}} yıl içinde","many":"{{value}} yıl içinde","other":"{{value}} yıl içinde"}},"minutes-ago-short":{"_index":["plural","value"],"_":{"zero":"biraz önce","other":"{{value}} dk önce"}},"hours-ago-short":{"_index":["plural","value"],"_":{"zero":"biraz önce","other":"{{value}} saat önce"}},"days-ago-short":{"_index":["plural","value"],"_":{"zero":"bugün","other":"{{value}} gün önce"}},"minutes-until-short":{"_index":["plural","value"],"_":{"zero":"şimdi","other":"{{value}} dk içinde"}},"hours-until-short":{"_index":["plural","value"],"_":{"zero":"şimdi","other":"{{value}} saat içinde"}},"days-until-short":{"_index":["plural","value"],"_":{"zero":"bugün","other":"{{value}} gün içinde"}},"incorrectDate":"(geçersiz tarih)","dateTimeFormat_%c":"%e %b %Y %a %H:%M:%S","dateTimeFormat_%x":"%d/%m/%Y","dateTimeFormat_%X":"%H:%M:%S","shortTimeFormat":"%H:%M","shortDateTimeFormat":"%x %H:%M","weekStartsOnMonday":"1","time_am":"ÖÖ","time_pm":"ÖS","tz-region":"Bölge","tz-city":"Şehir","tzRegion-Africa":"Afrika","tzRegion-America":"Amerika","tzRegion-Antarctica":"Antarktika","tzRegion-Asia":"Asya","tzRegion-Atlantic":"Atlas Okyanusu","tzRegion-Australia":"Avustralya","tzRegion-Europe":"Avrupa","tzRegion-Indian":"Hint Okyanusu","tzRegion-Pacific":"Pasifik Okyanusu","close":"Close","import":"Import","update":"Update","fbFriends":"Facebook Friends","live-serviceName":"Outlook","gmail-serviceName":"Gmail","facebook-serviceName":"Facebook Friends","selectAll":"Select all","deselectAll":"Deselect all","viewAll":"View All Facebook Friends","viewRecommend":"View Only Recommended","linkProposal":{"_index":["plural","numFriends"],"_":{"zero":"No matching friends. Showing all","one":"Select the recommended one","two":"Select a recommended one","few":"Select a recommended one","many":"Select a recommended one","other":"Select a recommended one"}},"fbFriendsFound":{"_index":["plural","numFriends"],"_":{"zero":"All your friends are imported","one":"Found one friend to import","two":"Found {{numFriends}} friends to import","few":"Found {{numFriends}} friends to import","many":"Found {{numFriends}} friends to import","other":"Found {{numFriends}} friends to import"}},"facebook":"Facebook","search-contact":{"placeholder":"Search"},"noResults":"No contacts found","done-search":"Done","progressFB3ImportTitle":"Importing friends to Contacts","progressFB":"{{current}}/{{total}}","progressFB3UpdateTitle":"Updating friends in Contacts","message2":"This may take a couple of minutes","messageLinking":"Please hold on. We are linking your friend and your contact.","messageCanceling":"Please hold on. We are canceling the ongoing operation.","error1":"Error {{from}}","error2":"Do you want to retry?","errorProposal":"calculating proposals","errorFriends":"retrieving friends","errorLinking":"linking contact","timeout1":"Exceeded timeout {{from}}","timeout2":"Do you want to retry?","timeoutProposal":"calculating proposals","timeoutFriends":"retrieving friends","timeoutLinking":"linking contacts","wait1":"Please hold on","wait2":"This may take a couple of minutes","waitProposal":"Please hold on. We are calculating a proposal.","waitFriends":"Please hold on. We are connecting to obtain your friend list.","curtainCancel":"Cancel","curtainRetry":"Retry","curtainOK":"OK","connectionLost":"No Internet connection","connectionLostMsg":"Friends’ photos will not be added to your contacts. Continue anyway?","yesOption":"OK","noOption":"Cancel","friendsUpdated":{"_index":["plural","numFriends"],"_":{"zero":"No friends updated","one":"Updated one friend","two":"Updated {{numFriends}} friends","few":"Updated {{numFriends}} friends","many":"Updated {{numFriends}} friends","other":"Updated {{numFriends}} friends"}},"notificationLogin":"Your Facebook session is invalid. Please sign in.","syncError":"There was an error synchronizing your friend’s data","callAirplaneModeMessage":"Arama yapmak için ayarlardan uçak modunu devre dışı bırakmalısınız.","callAirplaneModeBtnOk":"Tamam","callAirplaneModeTitle":"Uçak modu etkinleştirildi","numberIsBusyTitle":"Numara meşgul","numberIsBusyMessage":"Numara şu anda meşgul. Lütfen daha sonra tekrar deneyin.","fdnIsActiveTitle":"FDN active","fdnIsActiveMessage":"FDN (Fixed Dialing Numbers) is activated and the following number is not in your FDN list: {{ number }}","voiceMail":"Telesekreter","emergencyNumber":"Acil durum numarası","emergencyDialogBodyBadNumber":"Arama yapmak için telefon bir şebekeye bağlı olmalıdır.","emergencyDialogBodyDeviceNotAccepted":"Acil aramalara şebeke tarafından izin verilmiyor.","emergencyDialogBtnOk":"Tamam","emergencyDialogTitle":"Şebeke bağlantısı yok","invalidNumberToDialTitle":"Geçersiz telefon numarası","invalidNumberToDialMessage":"Aradığınız telefon numarası geçerli değil.","unableToCallTitle":"Şu an arama yapılamıyor","unableToCallMessage":"Arama yapılamıyor. Numarayı çeviriyorsanız önce hattı kapatın.","otherConnectionInUseTitle":"Diğer bağlantı kullanımda","otherConnectionInUseMessage":"Başka bir bağlantıda aktif bir aramanız var. Tek seferde sadece bir bağlantıyı kullanabilirsiniz.","addNewNumber":"Add new number","addToExistingContact":"Mevcut bir kişiye ekle","all":"Tümü","asterisk":{"ariaLabel":"Asterisk"},"callLog":"Arama kaydı","callLogEdit":{"title":"Edit call log"},"callLogEditDialog":{"ariaLabel":"Edit call log dialog"},"connecting":"Bağlanıyor","cf-async":"Asenkron: {{ async }}\\n","cf-data":"Veri: {{ data }}\\n","cf-error":"Çağrı yönlendirme durumu alınırken bir hata oluştu","cf-fax":"FAKS: {{ fax }}\\n","cf-inactive":"Etkin değil","cf-packet":"Paket: {{ packet }}\\n","cf-pad":"TUŞ TAKIMI: {{ pad }}\\n","cf-sms":"SMS: {{ sms }}\\n","cf-status":"Çağrı yönlendirme durumu\\n","cf-sync":"Senkron: {{ sync }}\\n","cf-voice":"Ses: {{ voice }}\\n","confirm-deletion":"Seçili çağrılar silinsin mi?","contacts":"Kişiler","createNewContact":"Yeni kişi oluştur","delete":"Delete","dialerAddContact":{"ariaLabel":"Add contact"},"dialerAddContactDialog":{"ariaLabel":"Add Contact Dialog"},"edit-selected":{"_index":["plural","n"],"_":{"one":"{{ n }} seçildi","two":"{{ n }} seçili","few":"{{ n }} seçili","many":"{{ n }} seçili","other":"{{ n }} seçili"}},"edit":"Düzenle","hashSign":{"ariaLabel":"Hash sign"},"hideKeypad":{"ariaLabel":"Hide keypad"},"ignore":"Çağrıyı yok say","incoming":"Gelen","keypad":{"ariaLabel":"Keypad"},"keypadDelete":{"ariaLabel":"Delete"},"makeCall":{"ariaLabel":"Make call"},"merge":"Birleştir","missed":"Cevapsız","missedCall":"Cevapsız çağrı","missedCallMultiSims":"(SIM {{ n }}) Cevapsız çağrı","mmi-error":"Mesaj gönderilirken bir hata oluştu","mmi-session-expired":"Oturum zaman aşımına uğradı","mmi-successfully-sent":"Mesaj başarıyla gönderildi","mute":{"ariaLabel":"Mute"},"newCall":{"ariaLabel":"New call"},"no-logs-msg-1":"Kaydedilmiş çağrı yok","no-logs-msg-2":"Şimdi yazışmaya başlayın","no-logs-msg-3":"Cevapsız çağrı yok","phoneNumberInput":{"ariaLabel":"Phone number"},"recents":{"ariaLabel":"Recent calls"},"reply":"Yanıtla","switch-calls":"Arama değiştir","today":"Bugün","voiceMailKey":{"ariaLabel":"Voicemail"},"withheld-number":"Gizli numara","from-contact":"{{ contact }} adlı kişiden","from-number":"{{ number }} numarasından","from-withheld-number":"Gizli numaradan","yesterday":"Dün","sending":"Gönderiliyor…","speakerOption":{"ariaLabel":"Speaker"},"ussd-services":"{{ operator }} hizmetleri","toggleKeypad":{"ariaLabel":"Toggle keypad"},"type-your-response":{"placeholder":"Yanıtınızı yazın…"},"clear-all-text":"Tüm metni temizle","hide":"Gizle","call":"Ara","hold":"Beklet","resume":"Sürdür","sendSms":"Mesaj gönder","callEnded":"Çağrı sonlandı","via-sim":"SIM{{ n }} ile","sim-number":"SIM{{ n }}","hangup-a11y-button":{"aria-label":"Kapat"},"pickup-a11y-button":{"aria-label":"Yanıtla"},"unlock-a11y-button":{"aria-label":"Sürgü"},"settings":"Ayarlar","delete-n-log?":{"_index":["plural","n"],"_":{"zero":"Hiçbir şey seçilmedi","one":"Seçilen kayıt silinsin mi?","two":"{{ n }} kayıt silinsin mi?","few":"{{ n }} kayıt silinsin mi?","many":"{{ n }} kayıt silinsin mi?","other":"{{ n }} kayıt silinsin mi?"}},"callDurationMinutes":"{{ m }}:{{ s }}","callDurationHours":"{{ h }}:{{ m }}:{{ s}}","suggestionMatches":{"_index":["plural","n"],"_":{"one":"\"{{ matchNumber }}\" {{ n }} kez eşleşti","two":"\"{{ matchNumber }}\" {{ n }} kez eşleşti","few":"\"{{ matchNumber }}\" {{ n }} kez eşleşti","many":"\"{{ matchNumber }}\" {{ n }} kez eşleşti","other":"\"{{ matchNumber }}\" {{ n }} kez eşleşti"}},"scCallBarring":"Arama engelleme","scCallForwarding":"Yönlendirme","scClip":"Arayanın numarası","scClir":"Numaramı göster","scPwd":"Parola değiştir","scCallWaiting":"Arama bekletme","scPin":"PIN değiştir","scPin2":"PIN2 değiştir","scPuk":"PIN kilidini aç","scPuk2":"PIN2 kilidini aç","scImei":"IMEI","scUssd":"USSD","serviceClassVoice":"Ses","serviceClassData":"Veri","serviceClassFax":"Faks","serviceClassSms":"SMS","serviceClassDataSync":"Senkron","serviceClassDataAsync":"Asenkron","serviceClassPacket":"Paket","serviceClassPad":"PAD","smServiceEnabled":"Servis etkinleştirildi","smServiceDisabled":"Servis devre dışı bırakıldı","smServiceRegistered":"Kayıt başarılı","smServiceErased":"Silme başarılı","smServiceInterrogated":"İstek başarılı","smServiceNotProvisioned":"Servis izni yok","smClirPermanent":"Arama kimliği ayarını değiştiremezsiniz","smClirDefaultOnNextCallOn":"Arama kimliği varsayılan olarak kısıtlı. Sonraki arama: Kısıtlı","smClirDefaultOnNextCallOff":"Arama kimliği varsayılan olarak kısıtlı. Sonraki arama: Kısıtsız","smClirDefaultOffNextCallOn":"Arama kimliği varsayılan olarak kısıtsız. Sonraki arama: Kısıtlı","smClirDefaultOffNextCallOff":"Arama kimliği varsayılan olarak kısıtsız. Sonraki arama: Kısıtsız","smServiceEnabledFor":"Servis etkinleştirildi:","smPinChanged":"PIN başarıyla değiştirildi","smPinUnblocked":"PIN başarıyla açıldı","smPin2Changed":"PIN2 başarıyla değiştirildi","smPin2Unblocked":"PIN2 başarıyla değiştirildi","emMmiError":"Bağlantı sorunu veya geçersiz MMI kodu","emMmiErrorPasswordIncorrect":"Yanlış parola","emMmiErrorNotSupported":"Geçersiz ve desteklenmeyen MMI kodu","emMmiErrorInvalidAction":"Geçersiz eylem","emMmiErrorInvalidScCode":"Geçersiz servis kodu","emMmiErrorBadPuk":"Yazdığınız PUK yanlış","emMmiErrorBadPin":"Yazdığınız eski PIN yanlış.","emMmiErrorNeedPuk2":"SIM kartı açmak için PUK2'yi yazın","emMmiErrorMismatchPin":"Yazdığınız PIN'ler eşleşmiyor","emMmiErrorInvalidPin":"4 ila 8 basamaklı bir PIN yazın","emMmiErrorNeedsPuk":"SIM kartınız PUK kilitli","emMmiErrorEnablePin":"Başarısız. SIM/RUIM kilidini etkinleştir","emMmiErrorMmiFdn":"İşlem sadece sabit arama numaralarıyla kısıtlıdır","emMmiErrorStkCcUssdDial":"USSD isteği DIAL isteğiyle değiştirildi","emMmiErrorStkCcUssdSs":"USSD isteği SS isteğiyle değiştirildi","emMmiErrorStkCcUssdUssd":"USSD isteği yeni USSD isteğiyle değiştirildi","emMmiErrorStkCcSsDial":"SS isteği DIAL isteğiyle değiştirildi","emMmiErrorStkCcSsUssd":"SS isteği USSD isteğiyle değiştirildi","emMmiErrorStkCcSsSs":"SS isteği yeni SS isteğiyle değiştirildi","emMmiErrorPinPukAttempts":{"_index":["plural","n"],"_":{"one":"Sadece {{ n }} hakkınız kaldı","two":"{{ n }} hakkınız kaldı","few":"{{ n }} hakkınız kaldı","many":"{{ n }} hakkınız kaldı","other":"{{ n }} hakkınız kaldı"}},"emMmiErrorSimBlocked":"Maksimum deneme sayısını aştınız. SIM kilitlendi","RadioNotAvailable":"Radyo kullanılamıyor","GenericFailure":"Genel hata","PasswordIncorrect":"Parola yanlış","SimPin2":"SIM PIN2","SimPuk2":"SIM PUK2","RequestNotSupported":"İstek desteklenmiyor","OpNotAllowedDuringVoiceCall":"Sesli arama sırasında bu işleme izin verilmiyor","SmsSendFailRetry":"SMS gönderimi başarısız, tekrar dene","SimAbsent":"SIM yok","SubscriptionNotAvailable":"Abonelik kullanılabilir değil","ModeNotSupported":"Mod desteklenmiyor","FdnCheckFailure":"Fdn kontrol hatası","IllegalSimOrMe":"Geçersiz SIM veya ME","DialModifiedToUssd":"Arama USSD olarak değiştirildi","DialModifiedToSs":"Arama SS olarak değiştirildi","DialModifiedToDial":"Arama arama olarak değiştirildi","UssdModifiedToDial":"USSD arama olarak değiştirildi","UssdModifiedToSs":"USSD SS olarak değiştirildi","UssdModifiedToUssd":"USSD, USSD olarak değiştirildi","SsModifiedToDial":"SS, arama olarak değiştirildi","SsModifiedToUssd":"SS, USSD olarak değiştirildi","SsModifiedToSs":"SS, SS olarak değiştirildi","SubscriptionNotSupported":"Abonelik desteklenmiyor","InvalidParameter":"Geçersiz parametre","RejectedByRemote":"Karşı taraf reddetti","group-call":{"_index":["plural","n"],"_":{"one":"Grup araması ({{ n }})","two":"Grup araması ({{ n }})","few":"Grup araması ({{ n }})","many":"Grup araması ({{ n }})","other":"Grup araması ({{ n }})"}},"caller-left-call":"{{ caller }} aramadan ayrıldı.","conferenceAddError":"Çağrılar birleştirilemedi","conferenceRemoveError":"Çağrılar ayrılamadı","longDateFormat":"%e %B %A","select-audio-sources":"Ses kaynaklarını seçin","bluetooth-handsfree-device":"Bluetooth eller serbest cihazı","receiver":"Alıcı","speaker":"Hoparlör","add":"Ekle","done":"Bitti","retry":"Tekrar dene","addContact":"Kişi ekle","deleteContact":"Kişiyi sil","selectContact":"Kişi seç","editContact":"Kişiyi düzenle","deleteConfirmMsg":"Kişi silinsin mi?","remove":"Kaldır","comments":"Yorumlar","no_contact_phones":"Bu kişinin telefon numarası yok","no_contact_email":"Bu kişinin e-posta adresi yok","removePhotoConfirm":"Kişi resmi kaldırılsın mı?","loadingContacts":"Kişiler yükleniyor…","noContactsActivity":"Kişi listeniz boş olduğu için kişiye eklenemez","noName":"İsim yok","givenName":{"placeholder":"Adı"},"familyName":{"placeholder":"Soyadı"},"tel":{"placeholder":"Telefon"},"carrier":{"_":"Operatör","placeholder":"Operatör"},"separator":",","email":{"_":"E-posta","placeholder":"E-posta"},"streetAddress":{"placeholder":"Sokak"},"postalCode":{"placeholder":"Posta kodu"},"locality":{"placeholder":"Şehir"},"countryName":{"placeholder":"Ülke"},"comment":{"placeholder":"Yorum"},"org":{"placeholder":"Şirket"},"custom":"Özel etiket","date":{"_":"Tarih","placeholder":"Tarih"},"date-span-placeholder":"Date","birthday":"Doğum günü","dateFormat":"%e %B","dateOutput":"{{dayMonthFormatted}} {{year}}","anniversary":"Yıldönümü","addPhoto":"Resim ekle","addPhone":"Telefon ekle","addEmail":"E-posta ekle","addAddress":"Adres ekle","addDate":"Tarih ekle","addComment":"Yorum ekle","addFavorite":"Favorilere ekle","removeFavorite":"Favorilerden kaldır","label":"Etiket","home":"Ev","work":"İş","personal":"Kişisel","faxHome":"Faks ev","faxOffice":"Faks iş","faxOther":"Faks diğer","another":"Diğer","other":"Diğer","current":"Geçerli","itemWithLabel":"{{label}}, {{item}}","exit":"Çıkış","expand":"Genişlet","labelName":"Adı:","labelLastName":"Soyadı:","labelPhoneNumber":"Telefon numarası:","labelCarrier":"Operatör:","labelEmail":"E-posta:","labelStreet":"Sokak:","labelZip":"Posta kodu:","labelCity":"Şehir:","labelCountry":"Ülke:","labelComment":"Yorum:","legendTitleMain":"Temel bilgiler","legendPhones":"Telefon numaraları","legendEmail":"E-posta adresi","legendAddress":"Adres","transferContactsTitle":"Kişileri aktar","importContactsTitle":"Kişileri içe aktar","importContactsButton":"Kişileri içe aktar","exportContactsTitle":"Kişileri dışa aktar","exportContactsButton":"Kişileri dışa aktar","exportContactsAction":"Dışarı aktar","simExport-title":"SIM'e aktar","sdExport-title":"SD karta aktar","btExport-title":"Bluetooth'a aktar","sdUMSEnabled":"USB depolama etkinleştirildiği için SD kart kullanılamıyor","exportErrorTitle":"Dışarı aktarma hatası","contactsExported2":{"_index":["plural","exported"],"_":{"zero":"Hiçbir kişi dışarı aktarılmadı","one":"{{imported}}/{{total}} kişi dışa aktarıldı","two":"{{imported}}/{{total}} kişi dışa aktarıldı","few":"{{exported}}/{{total}} kişi dışa aktarıldı","many":"{{exported}}/{{total}} kişi dışa aktarıldı","other":"{{imported}}/{{total}} kişi dışa aktarıldı"}},"exportError-general":"Dışarı aktarma sırasında bir hata oluştu","exportError-SD-shared":"Paylaşıldığı için bellek kartına erişilemiyor","exportError-SD-unavailable":"Bellek kartı mevcut değil","exportError-SD-noSpace":"Bellek kartında kişileri dışarı aktarmaya yetecek kadar yer yok","exportError-SIM-unavailable":"SIM kart mevcut değil","exportError-BT-shared":"Paylaşıldığı için bellek kartına erişilemiyor","exportError-BT-unavailable":"Bellek kartı mevcut değil","exportError-BT-noSpace":"Bellek kartında kişileri dışarı aktarmaya yetecek kadar yer yok","simContacts-import":"SIM kişilerini al","simContacts-importing":"SIM kişileri alınıyor…","simContacts-reading":"SIM karttan okunuyor…","simContacts-error":"SIM'deki kişiler alınamadı","simContacts-imported3":{"_index":["plural","n"],"_":{"zero":"SIM'de alınacak kişi bulunamadı","one":"Bir kişi içe aktarıldı","two":"{{n}} kişi alındı","few":"{{n}} kişi alındı","many":"{{n}} kişi içeri alındı","other":"{{n}} kişi içeri alındı"}},"noSimMsgExport":"Kişileri dışa aktarmak için SIM kartınızı takın veya kartın kilidini açın","simNumber":"SIM {{number}}","memoryCardContacts-import":"Kişileri bellek kartından içeri aktar","memoryCardContacts-importing":"Kişiler bellek kartından içeri aktarılıyor...","memoryCardContacts-reading":"Bellek kartından okunuyor…","memoryCardContacts-error":"Bellek kartındaki kişiler içeri aktarılamadı","memoryCardContacts-imported3":{"_index":["plural","n"],"_":{"zero":"Bellek kartında içeri aktarılacak kişi bulunamadı","one":"Bir kişi içeri aktarıldı","two":"{{n}} kişi içeri aktarıldı","few":"{{n}} kişi içeri aktarıldı","many":"{{n}} kişi içeri aktarıldı","other":"{{n}} kişi içeri aktarıldı"}},"noMemoryCardMsgExport":"Kişileri dışarı aktarmak için bir bellek kartı takın","genericProgress":"{{current}}/{{total}}","social-network":"Sosyal ağlar","social-link":"Kişiyi bağla","social-unlink":"Kişi bağlantısını kes","social-unlink-confirm-title":"Arkadaşınızın bağlantısını kesmek istiyor musunuz?","social-unlink-confirm-accept":"Bağlantıyı kaldır","facebook-import":"Facebook arkadaşlarını al","show-fb-profile":"Facebook profilini gör","msg-send":"Mesaj","wall-post":"Duvar mesajı","facebook-import-msg":{"_index":["plural","imported"],"_":{"zero":"Hiç arkadaş alınmadı ({{total}} kişiden)","one":"Bir arkadaş alındı ({{total}} kişiden)","two":"{{imported}}/{{total}} arkadaş alındı","few":"{{imported}}/{{total}} arkadaş alındı","many":"{{imported}}/{{total}} arkadaş alındı","other":"{{imported}}/{{total}} arkadaş alındı"}},"facebookSwitchMsg":"Arkadaşları eşitle","select_mobile":"Cep telefonu seç","select_email":"E-posta seç","contactsOrderBy":"Soyadına göre sırala","bluetooth":"Bluetooth","fbUpdateFriends":"Alınan arkadaşları güncelle","cleaningFbData":"Facebook verileri kaldırılıyor","loggingOutFb":"Facebook'tan çıkış yapılıyor","cleanFbConfirmMsg":"Tüm Facebook verileri silinsin mi?","renewPwdMsg":"Facebook'taki şifreniz değişmiş. Lütfen güncelleyin.","notEnabledYet":"Henüz etkin değil","genericNoConnection":"Kişileri içeri aktarmak için Wi-Fi veya veri ağına bağlanın","simCard":"SIM kart","memoryCard":"Bellek kartı","create-new":"Yeni bir kişi oluştur","import-now":"SIM karttan veya Facebook'tan kişilerinizi alın","no-contacts":"Kişi yok","start-adding":"Şimdi eklemeye başlayın","notImported":"İçeri alınmadı","imported":"İçeri alındı","organise-contacts":"Kişileri düzenle","find-merge-contacts":"Çift kişileri bul","preparing-contacts":"Kişiler hazırlanıyor","exportError-SIM-NoFreeRecordFound":"SIM kart dolu","exportError-SIM-CannotAccessPhoneBook":"SIM kartın telefon rehberine erişilemiyor","exportError-SIM-Unavailable":"SIM kart bulunamadı","exportError-SIM-GenericError":"Bir kişi dışarı verilirken bir hata oluştu","ContactManagementTitle":"Contacts Management","DeleteTitle":"Delete","bulkDeleteButton":"Delete Contacts","BulkDelCancel":"Contacts delete cancelled","DeletedTxt":{"_index":["plural","n"],"_":{"zero":"No Contact to Delete","one":"1 Contact removed","two":"{{n}} Contacts removed","few":"{{n}} Contacts removed","many":"{{n}} Contacts removed","other":"{{n}} Contacts removed"}},"DeletingContacts":"Deleting contacts","ContactConfirmDel":{"_index":["plural","n"],"_":{"zero":"No Contact to Delete","one":"Delete 1 Contact? This cannot be undone.","two":"Delete {{n}} Contacts? This cannot be undone.","few":"Delete {{n}} Contacts? This cannot be undone.","many":"Delete {{n}} Contacts? This cannot be undone.","other":"Delete {{n}} Contacts? This cannot be undone."}},"SelectedTxt":{"_index":["plural","n"],"_":{"zero":"Contacts","one":"{{n}} selected","two":"{{n}} selected","few":"{{n}} selected","many":"{{n}} selected","other":"{{n}} selected"}},"sim-picker-dial-via-with-number":"{{ phoneNumber }} numarasını ara:","sim-picker-select-sim":"SIM seçin","sim-picker-button":"SIM{{ n }}","sim-picker-button-default":"(varsayılan)","waitDuplicateContacts":"Çift kişiler aranıyor","waitMergingDuplicateContacts":"Çift kişiler birleştiriliyor","alertNoDuplicateContacts":"Çift kişi bulunamadı","mergeDuplicateTitle":"Çiftleri birleştir","suggestedDuplicateContacts":"{{name}} için önerilen çift kişiler","mergeActionButtonLabel":{"_index":["plural","n"],"_":{"zero":"Hiçbir kişi seçilmedi","one":"{{n}} kişiyle birleştir","other":"{{n}} kişiyle birleştir"}},"duplicatesFoundTitle":"Çift kişiler bulundu","duplicatesFoundMessage":"{{name}} ile aşağıdaki kişilerin bilgileri aynı"}