{"brandShortName":"B2G OS","browserBrandShortName":"网络浏览器","browserBrandFullName":"Mozilla 网络浏览器","back":"后退","noSimMsg":"插入或者解锁你的 SIM 卡以导入联系人","noMemoryCardMsg":"请插入存储卡以导入联系人","importMemoryCard":"存储卡","noConnection11":"要导入 Facebook 朋友或联系人，连接到 Wi-Fi 或数据网络","pincode2":"输入 PIN 码","type_pin":"请输入您的 PIN 码","pincodeLabel":"SIM {{n}} PIN","pinValidation":"PIN 必须在4至8个字符之间。","pinError":"PIN 错误。","pinAttemptMsg2":{"_index":["plural","n"],"_":{"one":"最后一次机会。","two":"还有 {{n}} 次机会。","few":"还有 {{n}} 次机会。","many":"还有 {{n}} 次机会。","other":"还有 {{n}} 次机会。"}},"pinLastChanceMsg":"这是您最后一次机会来输入正确的 PIN。如果您输入了错误的 PIN，您将必须输入 PUK 码才能使用此 SIM 卡。","pukcode":"输入 PUK 码","pukcodeTitle":"请输入 SIM {{n}} PUK","pukcodeLabel":"SIM {{n}} PUK","type_puk":"PUK 码","pukValidation":"PUK 码必须正好8个字符。","pukInfo":"您必须为此 SIM 卡输入个人解锁密钥（PUK）。请查阅您的 SIM 卡说明书或联系您的运营商以了解详细信息。","pukError":"您必须为此 SIM 卡输入个人解锁密钥（PUK）。请查阅您的 SIM 卡说明书或联系您的运营商以了解详细信息。","pukAttemptMsg2":{"_index":["plural","n"],"_":{"one":"如果再次输入错误的代码，这个 SIM 卡将会永久失效。参阅你的 SIM 卡手册或者联系你的运营商了解更多信息。","two":"在您的 SIM 卡被永久锁定前您还有 {{n}} 次机会来输入正确的 PUK 码。请查阅您的 SIM 卡说明书或联系您的运营商以了解详细信息。","few":"在您的 SIM 卡被永久锁定前您还有 {{n}} 次机会来输入正确的 PUK 码。请查阅您的 SIM 卡说明书或联系您的运营商以了解详细信息。","many":"在您的 SIM 卡被永久锁定前您还有 {{n}} 次机会来输入正确的 PUK 码。请查阅您的 SIM 卡说明书或联系您的运营商以了解详细信息。","other":"在您的 SIM 卡被永久锁定前您还有 {{n}} 次机会来输入正确的 PUK 码。请查阅您的 SIM 卡说明书或联系您的运营商以了解详细信息。"}},"pukLastChanceMsg":"这是您输入正确的PUK码的最后机会。如果输入的PUK码错误，您的SIM卡将永久失效。","create_newpin":"创建新的 PIN （4到8位数字）","confirm_newpin":"确认新 PIN","newpinConfirmation":"PIN 不匹配。","nckcode":"输入 NCK 码","cckcode":"请输入CCK码","spckcode":"请输入SPCK码","nck1code":"请输入 NCK1 码","nck2code":"请输入 NCK2 码","hnckcode":"请输入 HNCK 码","rcckcode":"请输入 RCCK 码","rspckcode":"请输入 RSPCK 码","nckcodeTitle":"请输入 SIM {{n}} NCK","cckcodeTitle":"请输入 SIM {{n}} CCK","spckcodeTitle":"请输入 SIM {{n}} SPCK","nck1codeTitle":"请输入 SIM {{n}} NCK1","nck2codeTitle":"请输入 SIM {{n}} NCK2","hnckcodeTitle":"请输入 SIM {{n}} HNCK","rcckcodeTitle":"请输入 SIM {{n}} RCCK","rspckcodeTitle":"输入 SIM {{n}} RSPCK","nckcodeLabel":"SIM {{n}} NCK","cckcodeLabel":"SIM {{n}} CCK","spckcodeLabel":"SIM {{n}} SPCK","nck1codeLabel":"SIM {{n}} NCK1","nck2codeLabel":"SIM {{n}} NCK2","hnckcodeLabel":"SIM {{n}} HNCK","rcckcodeLabel":"SIM {{n}} RCCK","rspckcodeLabel":"SIM {{n}} RSPCK","type_nck":"请输入您的 NCK 码","type_cck":"请输入您的 CCK 码","type_spck":"请输入您的 SPCK 码","type_nck1":"输入您的 NCK1 码","type_nck2":"输入您的 NCK2 码","type_hnck":"输入您的 HNCK 码","type_rcck":"输入您的 RCCK 码","type_rspck":"输入您的 RSPCK 码","nckValidation":"NCK 必须在8至16个字符之间。","cckValidation":"CCK 必须在8至16个字符之间。","spckValidation":"SPCK 必须在8至16个字符之间。","nck1Validation":"NCK1 必须是8至16位。","nck2Validation":"NCK2 必须是8至16位。","hnckValidation":"HNCK 必须是8至16位。","rcckValidation":"RCCK 必须是8至16位。","rspckValidation":"RSPCK 必须是8至16位。","nckErrorMsg":"NCK 码不正确。","nckAttemptMsg2":{"_index":["plural","n"],"_":{"one":"网络解锁请求失败。你还有一次机会输入正确的代码。参阅你的设备文档或者联系你的运营商了解更多信息。","two":"网络解锁请求失败。你还有 {{n}} 次机会可以尝试输入正确代码。参看你的设备文档或者联系你的运营商获取更多信息。","few":"网络解锁请求失败。你还有 {{n}} 次机会可以尝试输入正确代码。参看你的设备文档或者联系你的运营商获取更多信息。","many":"网络解锁请求失败。你还有 {{n}} 次机会可以尝试输入正确代码。参看你的设备文档或者联系你的运营商获取更多信息。","other":"网络解锁请求失败。你还有 {{n}} 次机会可以尝试输入正确代码。参看你的设备文档或者联系你的运营商获取更多信息。"}},"nckLastChanceMsg":"网络解锁请求失败。还有最后一次机会可以输入 NCK 码。参考你的设备文档或者联系你的运营商获取更多信息。","skip":"跳过","send":"发送","ok":"确定","simLocked":"SIM 卡被锁定","inputCodeRetriesLeft":{"_index":["plural","n"],"_":{"one":"最后一次尝试。","two":"还有 {{n}} 次机会。","few":"还有 {{n}} 次机会。","many":"还有 {{n}} 次机会。","other":"还有 {{n}} 次机会。"}},"simManager":"SIM 管理器","simDetail":"SIM {{n}}","simDefault":"（默认）","simDefaultMessage":"拨出电话、发出短信及数据连接已设置默认使用 SIM 1","simSettingsMessage":"您可以在“设置”>”SIM 卡管理器“中更改默认设置","simPinLocked":"SIM PIN 已锁定","noOperator":"没有运营商","language":"语言","english":"英文","dvorak":"英文（德沃夏克）","spanish":"西班牙文","portuguese":"巴西葡萄牙文","french":"法文","italian":"意大利文","arabic":"阿拉伯文","greek":"希腊文","hebrew":"希伯来文","jp-kanji":"日文","jp-kanji-desc":"汉字","traditionalChinese":"繁体中文","traditionalChinese-desc":"注音","simplifiedChinese":"简体中文","simplifiedChinese-desc":"拼音","3g":"蜂窝数据","dataConnection":"启用数据","dataConnectionInfo":"现在启用数据连接可以让您在没有 Wi-Fi 连接的情况下设置您的手机。您也可以稍后在“设置”中启用它。只是要确认您与运营商签订的数据套餐计划，以避免可能的高额费用。","caution":"警告","geolocation":"地理位置定位","geolocationCheckbox":"启用地理位置定位","geolocationInfo2":"{{brandShortName}} 将使用您附近的如 GPS、Wi-Fi 和移动网络以帮助测定您的大致位置。","geolocationInfoMore":"数据将发送到 Mozilla 及其他服务提供商，并将汇集以供改善那些位置数据库。数据可能被存储在您的设备上，并且可能在没有应用运行时收集数据。","notice":"通知","aboutYourPrivacy":"进一步了解关于您的隐私权","wifi":"Wi-Fi","scanningNetworks":"正在扫描网络","selectNetwork":"选择一个网络","shortStatus-connecting":"正在连接…","shortStatus-associated":"正在获取 IP 地址…","shortStatus-connected":"已连接","shortStatus-connectingfailed":"连接失败","shortStatus-disconnected":"已断开","securedBy":"由 {{capabilities}} 保障安全","security":"安全性","securityNone":"无","securityWEP":"WEP","securityWPA-PSK":"WPA-PSK","securityWPA-EAP":"WPA-EAP","securityOpen":"开放","identity":"用户","identityInput":{"placeholder":"用户"},"password":"密码","passwordInput":{"placeholder":"密码"},"showPassword":"显示密码","refresh":"刷新","noWifiFound3":"未找到无线网络","join-hidden-button":"加入隐藏网络","authentication":"身份验证","ssid-name":"SSID 网络名","dateAndTime":"日期与时间","setTimeAutomatically":"自动设置","timezoneMessage":"时区","timezoneTitle":"UTC{{utcOffset}} {{region}}/{{city}}","dateMessage":"日期","timeMessage":"时间","timeZone":"时区","change":"更改","importContacts3":"导入联系人","importSim2":"SIM 卡","importFb2":"Facebook","importOutlook":"Outlook","importGmail":"Gmail","fb-checking":"… 正在检查","notImportedYet":"尚未导入","otherAccount":"其他账户","mobile":"移动电话","afterFbImport":"你随时可以在联系人设置中导入和编辑 Facebook 好友","firefox-accounts":"Firefox 账户","fxa-overview":{"innerHTML":"拥有 Firefox 账户您就可以使用\"查找我的设备\"这样的功能以及火狐应用市场等应用。"},"fxa-create-account-or-sign-in":"创建账户或登录","fxa-email-sent":"一个验证链接已发送到 {{email}}","about-your-rights-0":"{{brandShortName}} 是由世界各地成千上万的社区成员基于自由且开放源代码的软件制作。以下几点您应该了解：","about-your-rights-1":"你可以在包括 Mozilla 公共许可证（Mozilla Public License）在内的多个开放源代码协议下使用 {{brandShortName}}。运行 {{brandShortName}} 的设备也可能包含来自第三方的专有软件。你有权在遵守协议条款的前提下修改在开放许可下提供的任何代码，并可再分发你修改后的版本。","about-your-rights-2":"你未被包括 Mozilla 基金会或者任意一方授予任何商标权或其他许可，包括但不限于 {{brandShortName}} 的名称或标志。","about-your-rights-3":"{{brandShortName}} 中的某些功能使你可以向 Mozilla 提供反馈，例如崩溃报告程序。选择提交反馈时，你即准许 Mozilla 使用反馈信息改进其产品，在其网站上发布反馈信息，以及分发这些反馈信息。","about-other":"其它","SIM_mandatory":"SIM 卡警告","SIM_mandatory_warm":"请插入 SIM 卡并重启您的手机。","sharing-performance-data":"分享性能数据","telemetry-sends":"遥测会发送您的 {{brandShortName}} 设备中有关性能、硬件、配置和定制的数据到 Mozilla。我们会使用这些数据来使我们的产品变得更好、更快、更灵敏。","learn-more-telemetry":{"innerHTML":"了解更多信息请至 {{link}}"},"learn-more-information":{"innerHTML":"详细了解 Mozilla 如何处理您的信息请至 {{link}}"},"welcomeBrowser":"欢迎使用 {{brandShortName}}，出自 Mozilla 的自由且开放源代码的操作系统。我们的使命是让网络的力量掌握在你的手中，从而促进开放、创新与机遇。","learn-more-privacy":{"innerHTML":"详细了解 Mozilla 如何处理您的信息请看我们的 {{link}}"},"learn-more-privacy-link":"隐私政策","aboutBrowser":"关于 {{brandShortName}}","aboutYourPrivacy2":"你的隐私","mozillaCommunity2":"在你使用 {{brandShortName}} 的时候，你就已经成为了我们全球社区的一部分，帮助创造更光明的互联网。如果你希望进一步了解 Mozilla 社区、我们的其他产品以及你周围发生的事情，请在下面输入你的电子邮件地址。","collaborate":"我想帮助改善 {{brandShortName}}，通过共享有关我手机的数据。","learnMore":"详细了解。","emailAddress":{"placeholder":"电子邮件地址"},"email-successfully-added":"成功添加邮件地址","email-loading":"保存你的邮件地址…","browserPrivacyChoices":"{{brandShortName}} 隐私选择权","privacy-b2g":{"_":"{{brandShortName}}","title":"{{brandShortName}}"},"privacy-marketplace":{"_":"应用市场","title":"{{privacy-marketplace}}"},"privacy-e-me":{"_":"everything.me","title":"{{privacy-e-me}}"},"navbar-back":"后退","navbar-next":"前进","navbar-join":"加入","thatsIt":"就是这样！","startYourPhone":"开始使用您的手机！","startYourTablet":"开始您的平板电脑之旅！","joinTutorial":"观看一个关于你的新手机的快速指南。","enjoyYourPhone":"准备好享用你的新手机了吗。","optionsAvailable":"您可以在设置中更改语言、日期与时间，以及 Wi-Fi 连接。","letsGo":"开始吧","startTour":"开始","thatsIt1Tablet-2":"您始终可以从底部边缘滑动进入主屏幕。","thatsIt2Tablet-2":"让我们开始吧！","tutorial-step1-tiny":"从右向左滑过即可浏览您的应用。","tutorial-step2-tiny":"轻触图标并保持即可删除或者移动它。","tutorial-step3-tiny":"输入任意关键词或者标题，手机会立即做出响应。","tutorial-step4-tiny":"向下滑动即可查看最近的通知、余额信息及设置。","tutorial-step5-tiny":"轻触主屏幕键并保持即可浏览并关闭最近使用过的应用。","tutorial-step6-tiny":"从屏幕一侧滑动到另一侧切换最近的应用。","tutorial-step1-large-2":"从屏幕顶部向下滑动查看最近的通知、余额信息及设置。","tutorial-step2-large-2":"向左或向右滑动探索主屏幕上的新应用。","tutorial-step3-large-2":"轻触图标并保持即可删除或者移动它。","tutorial-step4-large-2":"两个手指从底边轻扫触发卡片视图。","offline-dialog-title":"你必须连接到互联网才能查看此页。","offline-dialog-text":"请后退并连接到互联网。以后你还可以从“设置”或在任何浏览器窗口中输入 {{url}} 查看此页。","OK":"确定","offline-newsletter-dialog-title":"你必须连接到互联网才能订阅时事通讯。","offline-newsletter-dialog-text":"请返回并连接到互联网。","invalid-email-dialog-title":"你的邮件地址无效","invalid-email-dialog-text":"请返回并修改。","cancel":"取消","weekday-0-long":"星期日","weekday-1-long":"星期一","weekday-2-long":"星期二","weekday-3-long":"星期三","weekday-4-long":"星期四","weekday-5-long":"星期五","weekday-6-long":"星期六","weekday-0-short":"周日","weekday-1-short":"周一","weekday-2-short":"周二","weekday-3-short":"周三","weekday-4-short":"周四","weekday-5-short":"周五","weekday-6-short":"周六","month-0-long":"1 月","month-1-long":"2 月","month-2-long":"3 月","month-3-long":"4 月","month-4-long":"5 月","month-5-long":"6 月","month-6-long":"7 月","month-7-long":"8 月","month-8-long":"9 月","month-9-long":"10 月","month-10-long":"11 月","month-11-long":"12 月","month-0-genitive":"一月","month-1-genitive":"二月","month-2-genitive":"三月","month-3-genitive":"四月","month-4-genitive":"五月","month-5-genitive":"六月","month-6-genitive":"七月","month-7-genitive":"八月","month-8-genitive":"九月","month-9-genitive":"十月","month-10-genitive":"十一月","month-11-genitive":"十二月","month-0-short":"1 月","month-1-short":"2 月","month-2-short":"3 月","month-3-short":"4 月","month-4-short":"5 月","month-5-short":"6 月","month-6-short":"7 月","month-7-short":"8 月","month-8-short":"9 月","month-9-short":"10 月","month-10-short":"11 月","month-11-short":"12 月","minutes-ago-long":{"_index":["plural","value"],"_":{"zero":"刚才","one":"1 分钟前","two":"{{ value }} 分钟前","few":"{{ value }} 分钟前","many":"{{ value }} 分钟前","other":"{{ value }} 分钟前"}},"hours-ago-long":{"_index":["plural","value"],"_":{"zero":"刚才","one":"1 小时前","two":"{{ value }} 小时前","few":"{{ value }} 小时前","many":"{{ value }} 小时前","other":"{{ value }} 小时前"}},"days-ago-long":{"_index":["plural","value"],"_":{"zero":"今天","one":"昨天","two":"{{value}} 天前","few":"{{value}} 天前","many":"{{value}} 天前","other":"{{value}} 天前"}},"weeks-ago-long":{"_index":["plural","value"],"_":{"zero":"本周","one":"上周","two":"{{value}} 周前","few":"{{value}} 周前","many":"{{value}} 周前","other":"{{value}} 周前"}},"months-ago-long":{"_index":["plural","value"],"_":{"zero":"本月","one":"上月","two":"{{value}} 个月前","few":"{{value}} 个月前","many":"{{value}} 个月前","other":"{{value}} 个月前"}},"years-ago-long":{"_index":["plural","value"],"_":{"zero":"今年","one":"去年","two":"{{value}} 年前","few":"{{value}} 年前","many":"{{value}} 年前","other":"{{value}} 年前"}},"minutes-until-long":{"_index":["plural","value"],"_":{"zero":"现在","one":"1 分钟内","two":"剩{{value}}分钟","few":"剩{{value}}分钟","many":"剩{{value}}分钟","other":"剩{{value}}分钟"}},"hours-until-long":{"_index":["plural","value"],"_":{"zero":"现在","one":"1 小时内","two":"剩{{value}}小时","few":"剩{{value}}小时","many":"剩{{value}}小时","other":"剩{{value}}小时"}},"days-until-long":{"_index":["plural","value"],"_":{"zero":"今天","one":"明天","two":"剩{{value}}天","few":"剩{{value}}天","many":"剩{{value}}天","other":"剩{{value}}天"}},"weeks-until-long":{"_index":["plural","value"],"_":{"zero":"本周","one":"下周","two":"剩{{value}}周","few":"剩{{value}}周","many":"剩{{value}}周","other":"剩{{value}}周"}},"months-until-long":{"_index":["plural","value"],"_":{"zero":"本月","one":"下月","two":"剩{{value}}个月","few":"剩{{value}}个月","many":"剩{{value}}个月","other":"剩{{value}}个月"}},"years-until-long":{"_index":["plural","value"],"_":{"zero":"今年","one":"明年","two":"剩{{value}}年","few":"剩{{value}}年","many":"剩{{value}}年","other":"剩{{value}}年"}},"minutes-ago-short":{"_index":["plural","value"],"_":{"zero":"刚才","other":"{{value}} 分钟前"}},"hours-ago-short":{"_index":["plural","value"],"_":{"zero":"刚才","other":"{{value}}小时前"}},"days-ago-short":{"_index":["plural","value"],"_":{"zero":"今天","other":"{{value}} 天前"}},"minutes-until-short":{"_index":["plural","value"],"_":{"zero":"现在","other":"剩{{value}}分钟"}},"hours-until-short":{"_index":["plural","value"],"_":{"zero":"现在","other":"剩{{value}}小时"}},"days-until-short":{"_index":["plural","value"],"_":{"zero":"今天","other":"剩{{value}}天"}},"incorrectDate":"（日期不正确）","dateTimeFormat_%c":"%Y 年 %b %e 日 %a %H:%M:%S","dateTimeFormat_%x":"%Y/%m/%d","dateTimeFormat_%X":"%H:%M:%S","shortTimeFormat":"%H:%M","shortDateTimeFormat":"%x %H:%M","weekStartsOnMonday":"0","time_am":"上午","time_pm":"下午","tz-region":"地区","tz-city":"城市","tzRegion-Africa":"非洲","tzRegion-America":"美洲","tzRegion-Antarctica":"南极洲","tzRegion-Asia":"亚洲","tzRegion-Atlantic":"大西洋","tzRegion-Australia":"澳大利亚","tzRegion-Europe":"欧洲","tzRegion-Indian":"印度洋","tzRegion-Pacific":"太平洋","close":"关闭","import":"导入","update":"更新","fbFriends":"Facebook 上的朋友","live-serviceName":"Outlook","gmail-serviceName":"Gmail","facebook-serviceName":"Facebook 上的朋友","selectAll":"选择全部","deselectAll":"全部不选","viewAll":"查看所有 Facebook 上的朋友","viewRecommend":"仅显示推荐的","linkProposal":{"_index":["plural","numFriends"],"_":{"zero":"没有找到匹配的朋友，显示全部的","one":"选择推荐项","two":"选择建议的一项","few":"选择建议的一项","many":"选择建议的一项","other":"选择建议的一项"}},"fbFriendsFound":{"_index":["plural","numFriends"],"_":{"zero":"已导入全部朋友","one":"发现一个可导入的朋友","two":"找到 {{numFriends}} 个要导入的朋友","few":"找到 {{numFriends}} 个要导入的朋友","many":"找到 {{numFriends}} 个要导入的朋友","other":"找到 {{numFriends}} 个要导入的朋友"}},"facebook":"Facebook","search-contact":{"placeholder":"检索"},"noResults":"没有找到联系人","done-search":"完成","progressFB3ImportTitle":"正在将朋友导入联系人","progressFB":"{{current}}/{{total}}","progressFB3UpdateTitle":"正在更新联系人中的朋友","message2":"这可能需要耗时几分钟","messageLinking":"请等待，正在连接你的朋友和你的联系人。","messageCanceling":"请稍候，我们正在取消当前的操作。","error1":"错误 {{from}}","error2":"是否重试？","errorProposal":"正在计算建议","errorFriends":"正在获取朋友","errorLinking":"正在连接联系人","timeout1":"超过时限 {{from}}","timeout2":"是否重试？","timeoutProposal":"正在计算建议","timeoutFriends":"正在获取朋友","timeoutLinking":"正在连接联系人","wait1":"请等待","wait2":"这将花费几分钟","waitProposal":"请等待，我们正在计算建议。","waitFriends":"请等待，我们正在连接以获得你的朋友列表。","curtainCancel":"取消","curtainRetry":"重试","curtainOK":"确定","connectionLost":"没有因特网连接","connectionLostMsg":"朋友的照片不会添加到您的联系人中。继续吗？","yesOption":"确定","noOption":"取消","friendsUpdated":{"_index":["plural","numFriends"],"_":{"zero":"没有更新朋友","one":"已更新一个朋友","two":"已更新 {{numFriends}} 个朋友","few":"已更新 {{numFriends}} 个朋友","many":"已更新 {{numFriends}} 个朋友","other":"已更新 {{numFriends}} 个朋友"}},"notificationLogin":"你的 Facebook 会话无效，请登录。","syncError":"同步你的朋友数据时发生错误","callAirplaneModeMessage":"在设置里关闭飞行模式后才能打电话。","callAirplaneModeBtnOk":"确定","callAirplaneModeTitle":"飞行模式已开启","numberIsBusyTitle":"号码正忙","numberIsBusyMessage":"您拨打的电话正忙。请稍后再拨。","fdnIsActiveTitle":"固定拨号已启用","fdnIsActiveMessage":"FDN（固定拨号）已激活，下面的号码不在您的 FDN 列表中：{{ number }}","voiceMail":"语音信箱","emergencyNumber":"紧急电话号码","emergencyDialogBodyBadNumber":"打电话前手机必须先连接到网络。","emergencyDialogBodyDeviceNotAccepted":"当前网络不允许紧急呼叫。","emergencyDialogBtnOk":"确定","emergencyDialogTitle":"无网络连接","invalidNumberToDialTitle":"无效的电话号码","invalidNumberToDialMessage":"您所呼叫的电话号码无效。","unableToCallTitle":"现在无法拨叫电话","unableToCallMessage":"无法拨叫电话。如果您已经在拨号，请先挂断。","otherConnectionInUseTitle":"其他正在使用的连接","otherConnectionInUseMessage":"您正在通过另一个连接进行通话，同一时间只能使用一个连接。","addNewNumber":"添加新号码","addToExistingContact":"添加到现有联系人","all":{"_":"全部","ariaLabel":"全部"},"asterisk":{"ariaLabel":"星号"},"callLog":"通话记录","callLogEdit":{"title":"编辑通话记录"},"callLogEditDialog":{"ariaLabel":"编辑通话记录对话框"},"connecting":"正在连接","cf-async":"异步：{{ async }}\\n","cf-data":"数据：{{ data }}\\n","cf-error":"获取呼叫转移状态时发生错误","cf-fax":"传真：{{ fax }}\\n","cf-inactive":"未使用","cf-packet":"数据包：{{ packet }}\\n","cf-pad":"PAD: {{ pad }}\\n","cf-sms":"短信息：{{ sms }}\\n","cf-status":"呼叫转移状态\\n","cf-sync":"同步：{{ sync }}\\n","cf-voice":"语音：{{ voice }}\\n","confirm-deletion":"要删除所选的通话记录吗？","contacts":"联系人","createNewContact":"新建联系人","delete":"Delete","dialerAddContact":{"ariaLabel":"添加联系人"},"dialerAddContactDialog":{"ariaLabel":"添加联系人对话框"},"edit-selected":{"_index":["plural","n"],"_":{"one":"已选择 {{ n }} 条","two":"已选择 {{ n }} 条","few":"已选择 {{ n }} 条","many":"已选择 {{ n }} 条","other":"已选择 {{ n }} 条"}},"edit":"编辑","hashSign":{"ariaLabel":"井号"},"hideKeypad":{"ariaLabel":"隐藏键盘"},"ignore":"忽略来电","incoming":"呼入","keypad":{"ariaLabel":"键盘"},"keypadDelete":{"ariaLabel":"删除"},"makeCall":{"ariaLabel":"拨打电话"},"merge":"合并","missed":{"_":"未接","ariaLabel":"错过的"},"missedCall":"未接电话","missedCallMultiSims":"(SIM {{ n }}) 未接来电","mmi-error":"发送短信息时发生错误","mmi-session-expired":"会话过期","mmi-successfully-sent":"信息发送成功","mute":{"ariaLabel":"静音"},"newCall":{"ariaLabel":"新来电"},"no-logs-msg-1":"无通话记录","no-logs-msg-2":"立刻开始通讯","no-logs-msg-3":"没有未接电话","phoneNumberInput":{"ariaLabel":"电话号码"},"recents":{"ariaLabel":"最近来电"},"reply":"回复","switch-calls":"切换通话","today":"今天","voiceMailKey":{"ariaLabel":"语音信箱"},"withheld-number":"隐藏号码","from-contact":"来自 {{ contact }}","from-number":"来自 {{ number }}","from-withheld-number":"来自隐藏号码","yesterday":"昨天","sending":"正在发送…","speakerOption":{"ariaLabel":"扬声器"},"ussd-services":"{{ operator }} 服务","toggleKeypad":{"ariaLabel":"切换键盘"},"type-your-response":{"placeholder":"输入回复内容…"},"clear-all-text":"清除所有文字","hide":"隐藏","call":"拨打","hold":{"ariaLabel":"保留"},"resume":{"_":"继续","ariaLabel":"继续"},"sendSms":"发送消息","callEnded":"通话结束","via-sim":"通过 SIM{{ n }}","sim-number":"SIM{{ n }}","hangup-a11y-button":{"ariaLabel":"挂断"},"pickup-a11y-button":{"ariaLabel":"接听"},"unlock-a11y-button":{"ariaLabel":"滑动条"},"settings":"设置","delete-n-log?":{"_index":["plural","n"],"_":{"zero":"未选择","one":"是否删除选中的日志？","two":"确定删除 {{ n }} 条记录？","few":"确定删除 {{ n }} 条记录？","many":"确定删除 {{ n }} 条记录？","other":"确定删除 {{ n }} 条记录？"}},"callDurationMinutes":"{{ m }}:{{ s }}","callDurationHours":"{{ h }}:{{ m }}:{{ s}}","suggestionMatches":{"_index":["plural","n"],"_":{"one":"{{ n }}个符合“{{ matchNumber }}”的条目","two":"{{ n }}个符合“{{ matchNumber }}”的条目","few":"{{ n }}个符合“{{ matchNumber }}”的条目","many":"{{ n }}个符合“{{ matchNumber }}”的条目","other":"{{ n }}个符合“{{ matchNumber }}”的条目"}},"scCallBarring":"呼叫限制","scCallForwarding":"呼叫转移","scClip":"来电呼叫者 ID","scClir":"拨出呼叫者 ID","scPwd":"密码更改","scCallWaiting":"呼叫等待","scPin":"PIN 更改","scPin2":"PIN2 更改","scPuk":"解锁 PIN","scPuk2":"解锁 PIN2","scImei":"IMEI","scUssd":"USSD","serviceClassVoice":"语音","serviceClassData":"数据","serviceClassFax":"传真","serviceClassSms":"短信","serviceClassDataSync":"同步","serviceClassDataAsync":"异步","serviceClassPacket":"数据包","serviceClassPad":"PAD","smServiceEnabled":"服务已启用","smServiceDisabled":"服务已禁用","smServiceRegistered":"注册成功","smServiceErased":"擦除成功","smServiceInterrogated":"请求成功","smServiceNotProvisioned":"未提供这项服务","smClirPermanent":"您不能更改来电者ID设置","smClirDefaultOnNextCallOn":"呼叫者 ID 默认已限制。下一个电话：已限制","smClirDefaultOnNextCallOff":"呼叫者 ID 默认已限制。下一个电话：不限制","smClirDefaultOffNextCallOn":"呼叫者 ID 默认不限制。下一个电话：已限制","smClirDefaultOffNextCallOff":"呼叫者 ID 默认不限制。下一个电话：不限制","smServiceEnabledFor":"已对下列项启用服务：","smPinChanged":"更改 PIN 成功","smPinUnblocked":"PIN 解锁成功","smPin2Changed":"更改 PIN2 成功","smPin2Unblocked":"解锁 PIN2 成功","emMmiError":"连接故障或者无效的 MMI 码","emMmiErrorPasswordIncorrect":"密码错误","emMmiErrorNotSupported":"无效或不支持的 MMI 码","emMmiErrorInvalidAction":"无效操作","emMmiErrorInvalidScCode":"无效服务码","emMmiErrorBadPuk":"输入的 PUK 不正确","emMmiErrorBadPin":"输入的旧 PIN 码不正确","emMmiErrorNeedPuk2":"输入 PUK2 码解锁 SIM 卡","emMmiErrorMismatchPin":"输入的 PIN 不匹配","emMmiErrorInvalidPin":"输入一个4到8位数字的 PIN","emMmiErrorNeedsPuk":"你的 SIM 卡已经被锁定 PUK","emMmiErrorEnablePin":"不成功。启用 SIM/RUIM 锁定","emMmiErrorMmiFdn":"操作仅限于限制呼叫的号码","emMmiErrorStkCcUssdDial":"USSD 请求已经改为 DIAL 请求","emMmiErrorStkCcUssdSs":"USSD 请求已经改为 SS 请求","emMmiErrorStkCcUssdUssd":"USSD 请求已经改为新的 USSD 请求","emMmiErrorStkCcSsDial":"SS 请求已经改为 DIAL 请求","emMmiErrorStkCcSsUssd":"SS 请求已经改为 USSD 请求","emMmiErrorStkCcSsSs":"SS 请求已经改为新的 SS 请求","emMmiErrorPinPukAttempts":"还可以尝试次数：","emMmiErrorSimBlocked":"超过最大重试次数，SIM 卡已锁定","RadioNotAvailable":"收音机不可用","GenericFailure":"一般故障","PasswordIncorrect":"密码错误","SimPin2":"SIM PIN2","SimPuk2":"SIM PUK2","RequestNotSupported":"请求不支持","OpNotAllowedDuringVoiceCall":"语音通话期间不允许此操作","SmsSendFailRetry":"短信发送失败重试","SimAbsent":"无 SIM 卡","SubscriptionNotAvailable":"订阅不可用","ModeNotSupported":"不支持该模式","FdnCheckFailure":"固定拨号（FDN）检查失败","IllegalSimOrMe":"非法的 SIM 或 ME","DialModifiedToUssd":"拨号改为 USSD","DialModifiedToSs":"拨号改为 SS","DialModifiedToDial":"拨号改为拨号","UssdModifiedToDial":"USSD 改为拨号","UssdModifiedToSs":"USSD 改为 SS","UssdModifiedToUssd":"USSD 改为 USSD","SsModifiedToDial":"SS 改为拨号","SsModifiedToUssd":"SS 改为 USSD","SsModifiedToSs":"SS 改为 SS","SubscriptionNotSupported":"不支持订阅","InvalidParameter":"无效参数","RejectedByRemote":"被远端拒绝","group-call":{"_index":["plural","n"],"_":{"one":"多方呼叫 ({{ n }})","two":"多方呼叫 ({{ n }})","few":"多方呼叫 ({{ n }})","many":"多方呼叫 ({{ n }})","other":"多方呼叫 ({{ n }})"}},"caller-left-call":"{{ caller }} 已离开此通话。","conferenceAddError":"无法合并呼叫","conferenceRemoveError":"无法解除呼叫合并","longDateFormat":"%m月%e日%A","select-audio-sources":"选择声音来源","bluetooth-handsfree-device":"蓝牙免提设备","receiver":"听筒","speaker":"扬声器","add":"添加","done":"完成","retry":"重试","addContact":"添加联系人","deleteContact":"删除联系人","selectContact":"选择联系人","editContact":"编辑联系人","deleteConfirmMsg":"要删除联系人吗？","remove":"移除","comments":"备注","no_contact_phones":"此联系人信息中不包含电话号码","no_contact_email":"此联系人信息中不包含电子邮件地址","removePhotoConfirm":"要移除联系人照片吗？","loadingContacts":"正在载入联系人…","noContactsActivity":"无法添加联系人，您的联系人列表是空的","noName":"无姓名","givenName":{"placeholder":"名字"},"familyName":{"placeholder":"姓氏"},"tel":{"placeholder":"电话"},"carrier":{"_":"运营商","placeholder":"运营商"},"separator":",","email":{"_":"电子邮件","placeholder":"电子邮件"},"streetAddress":{"placeholder":"街道"},"postalCode":{"placeholder":"邮政编码"},"locality":{"placeholder":"城市"},"countryName":{"placeholder":"国家/地区"},"comment":{"placeholder":"备注"},"org":{"placeholder":"单位"},"custom":"自定义标签","date":{"_":"日期","placeholder":"日期"},"date-span-placeholder":"日期","birthday":"生日","dateFormat":"%m月%e日","dateOutput":"{{year}}年{{dayMonthFormatted}}","anniversary":"周年纪念","addPhoto":"添加照片","addPhone":"添加电话","addEmail":"添加电子邮件","addAddress":"添加地址","addDate":"添加日期","addComment":"添加备注","addFavorite":"加为收藏","removeFavorite":"移除收藏","label":"标签","home":"住宅","work":"单位","personal":"个人","faxHome":"住宅传真","faxOffice":"单位传真","faxOther":"其他传真","another":"其他","other":"其他","current":"当前","itemWithLabel":"{{label}}, {{item}}","exit":"退出","expand":"展开","labelName":"名字：","labelLastName":"姓氏：","labelPhoneNumber":"电话号码：","labelCarrier":"运营商：","labelEmail":"电子邮件：","labelStreet":"街道：","labelZip":"邮政编码：","labelCity":"城市：","labelCountry":"国家/地区：","labelComment":"备注：","legendTitleMain":"主要信息","legendPhones":"电话号码","legendEmail":"电子邮件地址","legendAddress":"地址","transferContactsTitle":"转移联系人","importContactsTitle":"导入联系人","importContactsButton":"导入联系人","exportContactsTitle":"导出联系人","exportContactsButton":"导出联系人","exportContactsAction":"导出","simExport-title":"导出至 SIM 卡","sdExport-title":"导出至 SD 卡","btExport-title":"导出至蓝牙设备","sdUMSEnabled":"由于已启用 USB 存储功能，无法使用 SD 卡","exportErrorTitle":"导出出错","contactsExported2":{"_index":["plural","exported"],"_":{"zero":"没有导出联系人","one":"{{exported}}/{{total}}个联系人已导出","two":"{{exported}}/{{total}}个联系人已导出","few":"{{exported}}/{{total}}个联系人已导出","many":"{{exported}}/{{total}}个联系人已导出","other":"{{exported}}/{{total}}个联系人已导出"}},"exportError-general":"在导出时发生错误","exportError-SD-shared":"因为已共享，无法访问存储卡","exportError-SD-unavailable":"存储卡不可用","exportError-SD-noSpace":"存储卡没有足够的空间以供导出联系人","exportError-SIM-unavailable":"SIM 卡不可用","exportError-BT-shared":"因为已共享，无法访问存储卡","exportError-BT-unavailable":"存储卡不可用","exportError-BT-noSpace":"存储卡没有足够的空间以供导出联系人","simContacts-import":"导入 SIM 卡联系人","simContacts-importing":"正在导入 SIM 卡联系人…","simContacts-reading":"正在从 SIM 卡读取…","simContacts-error":"无法从 SIM 卡导入联系人","simContacts-imported3":{"_index":["plural","n"],"_":{"zero":"在 SIM 卡中没有发现可以导入的联系人","one":"已导入一个联系人","two":"已导入 {{n}} 个联系人","few":"已导入 {{n}} 个联系人","many":"已导入 {{n}} 个联系人","other":"已导入 {{n}} 个联系人"}},"noSimMsgExport":"要导出联系人，请插入或解锁您的 SIM 卡","simNumber":"SIM {{number}}","memoryCardContacts-import":"从存储卡导入联系人","memoryCardContacts-importing":"正在从存储卡导入联系人…","memoryCardContacts-reading":"正在从存储卡读取信息…","memoryCardContacts-error":"无法从存储卡导入联系人","memoryCardContacts-imported3":{"_index":["plural","n"],"_":{"zero":"没有在存储卡中找到可导入的联系人","one":"已导入一个联系人","two":"已导入 {{n}} 个联系人","few":"已导入 {{n}} 个联系人","many":"已导入 {{n}} 个联系人","other":"已导入 {{n}} 个联系人"}},"noMemoryCardMsgExport":"请插入存储卡以导出联系人","genericProgress":"{{current}}/{{total}}","social-network":"社交网络","social-link":"链接联系人","social-unlink":"取消链接联系人","social-unlink-confirm-title":"你是否希望断开朋友的连接？","social-unlink-confirm-accept":"取消链接","facebook-import":"导入 Facebook 中的朋友","show-fb-profile":"查看 Facebook 的个人资料","msg-send":"信息","wall-post":"留言板","facebook-import-msg":{"_index":["plural","imported"],"_":{"zero":"没有导入朋友（共 {{total}} 个）","one":"已导入一个朋友（共 {{total}} 个）","two":"已导入 {{imported}}/{{total}} 个朋友","few":"已导入 {{imported}}/{{total}} 个朋友","many":"已导入 {{imported}}/{{total}} 个朋友","other":"已导入 {{imported}}/{{total}} 个朋友"}},"facebookSwitchMsg":"同步朋友","select_mobile":"选择移动电话","select_email":"选择电子邮件","contactsOrderBy":"按姓氏排序","bluetooth":"蓝牙","fbUpdateFriends":"更新已导入的朋友","cleaningFbData":"正在移除 Facebook 数据","loggingOutFb":"从 Facebook 退出登录","cleanFbConfirmMsg":"要移除所有 Facebook 数据吗？","renewPwdMsg":"您的 Facebook 的密码已经更改，请更新。","notEnabledYet":"尚未启用","genericNoConnection":"请连接到 Wi-FI 或数据网络以导入联系人","simCard":"SIM 卡","memoryCard":"存储卡","create-new":"新建联系人","import-now":"从您的 SIM 卡或 Facebook 中导入您的联系人","no-contacts":"没有联系人","start-adding":"现在就添加他们","notImported":"未导入","imported":"已导入","organise-contacts":"管理联系人","find-merge-contacts":"查找重复的联系人","preparing-contacts":"正在整理联系人","exportError-SIM-NoFreeRecordFound":"SIM 卡已满","exportError-SIM-CannotAccessPhoneBook":"无法访问 SIM 卡的通讯录","exportError-SIM-Unavailable":"未检测到 SIM 卡","exportError-SIM-GenericError":"导出联系人时发生错误","ContactManagementTitle":"联系人管理","DeleteTitle":"删除","bulkDeleteButton":"删除联系人","BulkDelCancel":"联系人删除已取消","DeletedTxt":{"_index":["plural","n"],"_":{"zero":"无联系人可删除","one":"已删除 1 个联系人","two":"已删除 {{n}} 个联系人","few":"已删除 {{n}} 个联系人","many":"已删除 {{n}} 个联系人","other":"已删除 {{n}} 个联系人"}},"DeletingContacts":"正在删除联系人","ContactConfirmDel":{"_index":["plural","n"],"_":{"zero":"无联系人可删除","one":"删除 1 个联系人？此操作无法撤销。","two":"删除 {{n}} 个联系人？此操作无法撤销。","few":"删除 {{n}} 个联系人？此操作无法撤销。","many":"删除 {{n}} 个联系人？此操作无法撤销。","other":"删除 {{n}} 个联系人？此操作无法撤销。"}},"SelectedTxt":{"_index":["plural","n"],"_":{"zero":"联系人","one":"已选择 {{n}} 条","two":"已选择 {{n}} 条","few":"已选择 {{n}} 条","many":"已选择 {{n}} 条","other":"已选择 {{n}} 条"}},"sim-picker-dial-via-with-number":"拨叫 {{ phoneNumber }} 通过","sim-picker-select-sim":"选择 SIM 卡","sim-picker-button":"SIM{{ n }}","sim-picker-button-default":"（默认）","waitDuplicateContacts":"正在查找重复的联系人","waitMergingDuplicateContacts":"正在合并重复的联系人","alertNoDuplicateContacts":"未找到重复的联系人","mergeDuplicateTitle":"合并重复项","suggestedDuplicateContacts":"{{name}} 可能的重复联系人","mergeActionButtonLabel":{"_index":["plural","n"],"_":{"zero":"未选择联系人","one":"合并 {{n}} 个联系人","other":"合并 {{n}} 个联系人"}},"duplicatesFoundTitle":"发现重复项","duplicatesFoundMessage":"下列联系人中有 {{name}} 条重复信息"}