{"add-bookmark-header":"បន្ថែម​តំណ","edit-bookmark-header":"កែសម្រួល​​តំណ","added-to-home-screen":"បន្ថែម​ទៅ​អេក្រង់ដើម","updated-bookmark":"ចាំណាំបានធ្វើ​បច្ចុប្បន្នភាព","website-name":"ឈ្មោះ​តំបន់​បណ្ដាញ","address":"អាសយដ្ឋាន","cancel-action":"បោះបង់","add-action":"បន្ថែម​ទៅអេ​ក្រង់ដើម","done-action":"រួចរាល់","remove-title":"លុប​ {{name}}","remove-message":"លុប{{name}} ចេញ​ពី​ប្រព័ន្ធ?","remove-action":"យកចេញ"}