{"title":"WAP Push съобщение","close":"Затваряне","accept":"Приемане","quit":"Излизане","cancel":"Отказ","store":"Запазване","try-again":"Опитване отново","finish":"Край","sim":"SIM {{id}}","dsds-notification-title-with-sim":"({{sim}}) {{title}}","this-message-has-expired":"Съобщението е изтекло","cp-pin":{"placeholder":"PIN"},"cp-message-received":"Получено конфигурационно съобщение","cp-container-title":"Настройка на OTA точка за достъп","cp-accept-help":"Получено конфигурационно съобщение, натиснете на 'Приемане', за да продължите.","cp-accept-help-pin":"PIN кодът би трябвало да Ви е предоставен от който Ви е пратил конфигурационното съобщение.","cp-quit-app-confirm-dialog-message":"Съобщението не е обработено, наистина ли искате да излезете?","cp-auth-failure-confirm-dialog-message":"PIN-ът е грешен. PIN кодът би трябвало да Ви е предоставен от който Ви е пратил конфигурационното съобщение.","cp-store-confirm-dialog-message":"Ще бъдат запазени на телефона следните APN(и):","cp-finish-confirm-dialog-message":"Всичко е готово, APN(ите) са запазени.","cp-finish-confirm-dialog-message-invalid-doc":"Конфигурационното съобщение не може да бъде идентифицирано към Вашата SIM карта, така че не може да бъде използвано за настройка на Вашето устройство.","cp-finish-confirm-dialog-message-auth-error":"Възникна грешка при идентифицирането на изпращача на съобщението.","cp-finish-confirm-dialog-message-auth-unsupported-mechanism":"Механизмът за идентифициране все още не се поддържа.","cp-finish-confirm-dialog-message-no-apns":"Конфигурационното съобщение, което получихте, не съдържа валидни APN-и."}