{"title":"Missatge Push WAP","close":"Tanca","accept":"Accepta","quit":"Surt","cancel":"Cancel·la","store":"Emmagatzema","try-again":"Reintenta","finish":"Finalitza","sim":"SIM {{id}}","dsds-notification-title-with-sim":"({{sim}}) {{title}}","this-message-has-expired":"Aquest missatge ha caducat","cp-pin":{"placeholder":"PIN"},"cp-message-received":"S'ha rebut un missatge de configuració","cp-container-title":"Configuració del punt d'accés OTA","cp-accept-help":"S'ha rebut un missatge de configuració, premeu «Accepta» per continuar.","cp-accept-help-pin":"El codi PIN us l'hauria d'haver proporcionat qui us ha enviat el missatge de configuració.","cp-quit-app-confirm-dialog-message":"El missatge encara no s'ha processat. Segur que voleu sortir?","cp-auth-failure-confirm-dialog-message":"El codi PIN que heu introduït és incorrecte. El codi PIN us l'hauria d'haver proporcionat qui us ha enviat el missatge de configuració.","cp-store-confirm-dialog-message":"Esteu a punt de desar els següents APN al telèfon:","cp-finish-confirm-dialog-message":"Els APN s'han desat correctament.","cp-finish-confirm-dialog-message-invalid-doc":"El missatge de configuració que heu rebut no s'ha pogut autenticar amb la targeta SIM. Per tant, no es pot utilitzar per configurar el dispositiu.","cp-finish-confirm-dialog-message-auth-error":"S'ha produït un error en autenticar el remitent del missatge.","cp-finish-confirm-dialog-message-auth-unsupported-mechanism":"El mecanisme d'autenticació encara no està implementat.","cp-finish-confirm-dialog-message-no-apns":"El missatge de configuració que heu rebut no conté cap APN vàlid."}