{"title":"Zpráva WAP Push","close":"Zavřít","accept":"Přijmout","quit":"Ukončit","cancel":"Zrušit","store":"Uložit","try-again":"Zkusit znovu","finish":"Dokončit","sim":"SIM {{id}}","dsds-notification-title-with-sim":"({{sim}}) {{title}}","this-message-has-expired":"Platnost zprávy vypršela","cp-pin":{"placeholder":"PIN"},"cp-message-received":"Přijata konfigurační zpráva","cp-container-title":"Nastavení přístupového bodu OTA","cp-accept-help":"Přijata konfigurační zpráva. Pro pokračování klepněte na 'Přijmout'.","cp-accept-help-pin":"Kód PIN vám musí být poskytnut odesílatelem konfigurační zprávy.","cp-quit-app-confirm-dialog-message":"Zpráva ještě nebyla zpracována. Skutečně chcete skončit?","cp-auth-failure-confirm-dialog-message":"Zadaný kód PIN je neplatný. Kód PIN vám musí být poskytnut odesílatelem konfigurační zprávy.","cp-store-confirm-dialog-message":"Chystáte se uložit následující body APN do svého telefonu:","cp-finish-confirm-dialog-message":"Hotovo. Body APN jsou nyní uloženy.","cp-finish-confirm-dialog-message-invalid-doc":"Přijatá konfigurační zpráva nemohla být ověřena vaší kartou SIM, takže nemůže být použita pro nastavení vašeho zařízení.","cp-finish-confirm-dialog-message-auth-error":"Při ověřování odesílatele této zprávy nastala chyba.","cp-finish-confirm-dialog-message-auth-unsupported-mechanism":"Mechanismus ověření není dosud podporován. ","cp-finish-confirm-dialog-message-no-apns":"Přijatá konfigurační zpráva neobsahuje žádné platné body APN."}