{"title":"WAP-Push-Nachricht","close":"Schließen","accept":"Annehmen","quit":"Beenden","cancel":"Abbrechen","store":"Speichern","try-again":"Erneut versuchen","finish":"Abschließen","sim":"SIM {{id}}","dsds-notification-title-with-sim":"({{sim}}) {{title}}","this-message-has-expired":"Diese Nachricht ist abgelaufen.","cp-pin":{"placeholder":"PIN"},"cp-message-received":"Konfigurationsnachricht erhalten","cp-container-title":"Zugangskonfiguration per Mobilfunk","cp-accept-help":"Konfigurationsnachricht empfangen, zum Fortfahren auf 'Akzeptieren' tippen.","cp-accept-help-pin":"Der PIN-Code sollte Ihnen von demjenigen mitgeteilt worden sein, der Ihnen die Konfigurationsnachricht gesendet hat.","cp-quit-app-confirm-dialog-message":"Die Nachricht wurde noch nicht verarbeitet. Soll wirklich abgebrochen werden?","cp-auth-failure-confirm-dialog-message":"Die eingegebene PIN ist falsch. Der PIN-Code sollte Ihnen von demjenigen mitgeteilt worden sein, der Ihnen die Konfigurationsnachricht gesendet hat.","cp-store-confirm-dialog-message":"Die folgenden Zugangspunkte (APNs) werden auf Ihrem Telefon gespeichert:","cp-finish-confirm-dialog-message":"Fertig. Die Zugangspunkte wurden gespeichert.","cp-finish-confirm-dialog-message-invalid-doc":"Die empfangene Konfigurationsnachricht konnte nicht mit Ihrer SIM-Karte authentifiziert werden, weshalb Ihr Gerät nicht eingerichtet werden konnte.","cp-finish-confirm-dialog-message-auth-error":"Bei der Authentifizierung des Absenders trat ein Problem auf.","cp-finish-confirm-dialog-message-auth-unsupported-mechanism":"Die Authentifizierungsmethode wird noch nicht unterstützt.","cp-finish-confirm-dialog-message-no-apns":"Die empfangene Konfigurationsnachricht enthält keine gültigen Zugangspunkte (APNs)."}