{"title":"Μήνυμα WAP Push","close":"Κλείσιμο","accept":"Αποδοχή","quit":"Κλείσιμο","cancel":"Ακύρωση","store":"Αποθήκευση","try-again":"Προσπαθήστε ξανά","finish":"Τέλος","sim":"SIM {{id}}","dsds-notification-title-with-sim":"({{sim}}) {{title}}","this-message-has-expired":"Αυτό το μήνυμα έχει λήξει","cp-pin":{"placeholder":"PIN"},"cp-message-received":"Ελήφθη μήνυμα ρυθμίσεων","cp-container-title":"Ρύθμιση σημείου πρόσβασης OTA","cp-accept-help":"Μήνυμα ρυθμίσεων ελήφθη, πατήστε «Αποδοχή» για να συνεχίσετε.","cp-accept-help-pin":"Ο κωδικός PIN σας έχει διατεθεί από όποιον σας έστειλε το μήνυμα ρύθμισης.","cp-quit-app-confirm-dialog-message":"Το μήνυμα δεν έχει επεξεργαστεί ακόμη, θέλετε σίγουρα να σταματήσετε;","cp-auth-failure-confirm-dialog-message":"Το PIN που εισάγατε είναι λανθασμένο. Ο κωδικός PIN θα πρέπει να σας έχει διατεθεί από οποιονδήποτε σας έστειλε το μήνυμα ρύθμισης.","cp-store-confirm-dialog-message":"Πρόκειται να αποθηκεύσετε τα ακόλουθα APN(s) στο τηλέφωνό σας:","cp-finish-confirm-dialog-message":"Είμαστε έτοιμοι, τα APN(s) έχουν αποθηκευτεί.","cp-finish-confirm-dialog-message-invalid-doc":"Το μήνυμα ρυθμίσεων που λάβατε δεν ήταν δυνατό να αυθεντικοποιηθεί με την κάρτα SIM σας, έτσι δε μπορεί να χρησιμοποιηθεί για τη ρύθμιση της συσκευής σας.","cp-finish-confirm-dialog-message-auth-error":"Υπήρξε κάποιο σφάλμα κατά την αυθεντικοποίηση του αποστολέα του μηνύματος.","cp-finish-confirm-dialog-message-auth-unsupported-mechanism":"Το σύστημα αυθεντικοποίησης δεν υποστηρίζεται ακόμα.","cp-finish-confirm-dialog-message-no-apns":"Το μήνυμα ρυθμίσεων που λάβατε δε διαθέτει έγκυρα APNs."}