{"title":"Mensaxe Push WAP","close":"Pechar","accept":"Aceptar","quit":"Saír","cancel":"Cancelar","store":"Almacenar","try-again":"Tentar de novo","finish":"Rematar","sim":"SIM {{id}}","dsds-notification-title-with-sim":"({{sim}}) {{title}}","this-message-has-expired":"Esta mensaxe caducou","cp-pin":{"placeholder":"PIN"},"cp-message-received":"Recibiuse unha mensaxe de configuración","cp-container-title":"Configuración do punto de acceso OTA","cp-accept-help":"Recibiuse unha mensaxe de configuración, prema en “Aceptar” para continuar.","cp-accept-help-pin":"O código PIN debe fornecerllo quen lle enviou a mensaxe de configuración.","cp-quit-app-confirm-dialog-message":"Aínda non se procesou a mensaxe, confirma que quere saír?","cp-auth-failure-confirm-dialog-message":"O PIN que escribiu é incorrecto. O código PIN debe fornecerllo quen lle enviou a mensaxe de configuración.","cp-store-confirm-dialog-message":"Está a punto de gardar os seguintes APN no teléfono:","cp-finish-confirm-dialog-message":"Gardáronse os APN correctamente.","cp-finish-confirm-dialog-message-invalid-doc":"Non foi posíbel autenticar a mensaxe de configuración que recibiu contra a súa tarxeta SIM, polo tanto, non é posíbel usala para configurar o dispositivo.","cp-finish-confirm-dialog-message-auth-error":"Produciuse un erro ao autenticar o remitente da mensaxe.","cp-finish-confirm-dialog-message-auth-unsupported-mechanism":"O mecanismo de autenticación aínda non é compatíbel.","cp-finish-confirm-dialog-message-no-apns":"A mensaxe de configuración que recibiu non ten APN correctos."}