{"title":"WAP push poruka","close":"Zatvori","accept":"Prihvati","quit":"Izlaz","cancel":"Otkaži","store":"Spremi","try-again":"Pokušaj ponovno","finish":"Završi","sim":"SIM {{id}}","dsds-notification-title-with-sim":"({{sim}}) {{title}}","this-message-has-expired":"Ova poruka je istekla","cp-pin":{"placeholder":"PIN"},"cp-message-received":"Konfiguracijska poruka primljena","cp-container-title":"Podešavanje OTA pristupne točke","cp-accept-help":"Configuration message received, click on “Accept” to continue.","cp-accept-help-pin":"PIN možete saznati od pošiljatelja konfiguracijske poruke.","cp-quit-app-confirm-dialog-message":"Poruka još nije obrađena, želite li odustati?","cp-auth-failure-confirm-dialog-message":"PIN koji ste unjeli je neispravan. PIN možete saznati od pošiljatelja konfiguracijske poruke.","cp-store-confirm-dialog-message":"Spremit ćete sljedeće APNove:","cp-finish-confirm-dialog-message":"Uspješno završeno, APNovi su spremljeni.","cp-finish-confirm-dialog-message-invalid-doc":"Postavke poruke koju ste primili ne mogu biti autentificirane s vašom SIM karticom tako da neće biti iskorištene za konfiguraciju vašeg uređaja.","cp-finish-confirm-dialog-message-auth-error":"Došlo je do pogreške kod autentifikacije pošiljatelja poruke.","cp-finish-confirm-dialog-message-auth-unsupported-mechanism":"Način atentifikacije nije podržan.","cp-finish-confirm-dialog-message-no-apns":"Konfiguracijska poruka koju ste primili nema valjane APNove."}