{"title":"WAP プッシュメッセージ","close":"閉じる","accept":"受け取る","quit":"終了","cancel":"キャンセル","store":"保存","try-again":"再試行","finish":"完了","sim":"SIM {{id}}","dsds-notification-title-with-sim":"({{sim}}) {{title}}","this-message-has-expired":"このメッセージは失効しました","cp-pin":{"placeholder":"PIN コード"},"cp-message-received":"設定メッセージを受信しました","cp-container-title":"OTA アクセスポイント設定","cp-accept-help":"設定メッセージを受信しました。[受け取る] をクリックして続行してください。","cp-accept-help-pin":"PIN コードは設定メッセージの送信者から提供されます。","cp-quit-app-confirm-dialog-message":"メッセージはまだ処理されていません。本当に終了してもよろしいですか？","cp-auth-failure-confirm-dialog-message":"入力した PIN コードが正しくありません。PIN コードは設定メッセージの送信者から提供されます。","cp-store-confirm-dialog-message":"次の接続先 (APN) を端末に保存します:","cp-finish-confirm-dialog-message":"APN の保存が完了しました。","cp-finish-confirm-dialog-message-invalid-doc":"ご使用の SIM カードでは受信した設定メッセージを認証できなかったため、端末の設定には使用できません。","cp-finish-confirm-dialog-message-auth-error":"メッセージの送信者の認証中にエラーが発生しました。","cp-finish-confirm-dialog-message-auth-unsupported-mechanism":"認証機構はまだサポートされていません。","cp-finish-confirm-dialog-message-no-apns":"受信した設定メッセージに正しい APN 情報がありません。"}