{"title":"WAP 푸시 메시지","close":"닫기","accept":"동의","quit":"종료","cancel":"취소","store":"저장","try-again":"다시 실행","finish":"완료","sim":"SIM {{id}}","dsds-notification-title-with-sim":"({{sim}}) {{title}}","this-message-has-expired":"이 메시지는 취소함","cp-pin":{"placeholder":"PIN 코드"},"cp-message-received":"설정 메시지를 수신하였습니다.","cp-container-title":"OTA 접속 포인트 설정","cp-accept-help":"설정 메시지를 수신했습니다. 받기를 클릭하고 계속 하십시오.","cp-accept-help-pin":"PIN 코드는 설정 메시지 보낸이로부터 제공됩니다.","cp-quit-app-confirm-dialog-message":"메시지는 아직 처리되지 않았습니다. 정말로 종료하시겠습니까?","cp-auth-failure-confirm-dialog-message":"입력한 PIN 코드가 올바르지 않습니다. PIN 코드는 설정 메시지에서 보낸이가  제공됩니다.","cp-store-confirm-dialog-message":"아래 접속처(APN)를 저장합니다:","cp-finish-confirm-dialog-message":"APN 저장이 완료했습니다.","cp-finish-confirm-dialog-message-invalid-doc":"사용하는 SIM 카드에서는 수신한 설정 메시지를 인증할 수 없었기 때문에, 단말의 설정에는 사용할 수 없습니다.","cp-finish-confirm-dialog-message-auth-error":"메시지 보낸이 인증 중에 오류가 발생했습니다.","cp-finish-confirm-dialog-message-auth-unsupported-mechanism":"인증 기구는 아직 지원되지 않습니다.","cp-finish-confirm-dialog-message-no-apns":"수신한 설정 메시지에 올바른 APN정보가 없습니다."}