{"title":"„WAP Push“ pranešimas","close":"Užverti","accept":"Priimti","quit":"Išeiti","cancel":"Atsisakyti","store":"Įrašyti","try-again":"Bandyti vėl","finish":"Baigti","sim":"SIM {{id}}","dsds-notification-title-with-sim":"({{sim}}) {{title}}","this-message-has-expired":"Šis pranešimas nebegalioja","cp-pin":{"placeholder":"PIN"},"cp-message-received":"Gautas konfigūracinis pranešimas","cp-container-title":"OTA prieigos taškos konfigūracija","cp-accept-help":"Gautas konfigūracinis pranešimas. Jeigu norite tęsti, bakstelėkite „Priimti“.","cp-accept-help-pin":"PIN kodą turėjo pateikti šio konfigūracinio pranešimo siuntėjas.","cp-quit-app-confirm-dialog-message":"Šis pranešimas dar neapdorotas, ar tikrai norite išeiti?","cp-auth-failure-confirm-dialog-message":"PIN kodas, kurį įvedėte, yra nateisingas. PIN kodą jums turėjo pateikti šio konfigūracinio pranešimo siuntėjas.","cp-store-confirm-dialog-message":"Šiame įrenginyje bus įrašytas (-i) šis (šie) prieigos taškas (-ai):","cp-finish-confirm-dialog-message":"Prieigos taškas (-ai) sėkmingai įrašytas (-i).","cp-finish-confirm-dialog-message-invalid-doc":"Gautojo konfigūracinio pranešimo nepavyko autentikuoti su šia SIM kortele, todėl jo naudoti su šiuo įrenginiu negalima.","cp-finish-confirm-dialog-message-auth-error":"Autentikuojant šio pranešimo siuntėją, įvyko klaida.","cp-finish-confirm-dialog-message-auth-unsupported-mechanism":"Autentikavimo mechanizmas dar nepalaikomas.","cp-finish-confirm-dialog-message-no-apns":"Gautajame konfigūraciniame pranešime nėra prieigos taškų konfigūracijos."}