{"title":"Mesej Menolak WAP","close":"Tutup","accept":"Terima","quit":"Keluar","cancel":"Batal","store":"Simpan","try-again":"Cuba lagi","finish":"Tamat","sim":"SIM {{id}}","dsds-notification-title-with-sim":"({{sim}}) {{title}}","this-message-has-expired":"Mesej ini telah luput","cp-pin":{"placeholder":"PIN"},"cp-message-received":"Konfigurasi mesej diterima ","cp-container-title":"Konfigurasi Titik Capaian OTA","cp-accept-help":"Konfigurasi mesej diterima, klik pada \"Terima\" untuk teruskan.","cp-accept-help-pin":"Kod PIN sepatutnya disediakan untuk anda oleh sesiapa sahaja yang menghantar mesej konfigurasi kepada anda.","cp-quit-app-confirm-dialog-message":"Mesej belum diproses lagi, adakah anda benar-benar ingin keluar?","cp-auth-failure-confirm-dialog-message":"PIN yang anda masukkan itu salah. Kod PIN sepatutnya disediakan untuk anda oleh sesiapa sahaja yang menghantar mesej konfigurasi kepada anda.","cp-store-confirm-dialog-message":"Anda sudah sedia untuk menyimpan APN berikut pada telefon anda:","cp-finish-confirm-dialog-message":"Kami telah selesai, APN telah disimpan.","cp-finish-confirm-dialog-message-invalid-doc":"Mesej konfigurasi yang anda terima tidak dapat disahkan kepada kad SIM anda, maka tidak dapat digunakan untuk konfigur peranti anda.","cp-finish-confirm-dialog-message-auth-error":"Ralat berlaku semasa mengesahkan penghantar mesej.","cp-finish-confirm-dialog-message-auth-unsupported-mechanism":"Mekanisma pengesahan belum lagi disokong.","cp-finish-confirm-dialog-message-no-apns":"Mesej konfigurasi yang anda terima tiada APN  yang sah."}