{"title":"Mensagem WAP Push","close":"Fechar","accept":"Aceitar","quit":"Sair","cancel":"Cancelar","store":"Salvar","try-again":"Tentar novamente","finish":"Concluir","sim":"SIM {{id}}","dsds-notification-title-with-sim":"({{sim}}) {{title}}","this-message-has-expired":"Essa mensagem expirou","cp-pin":{"placeholder":"PIN"},"cp-message-received":"Mensagem de configuração recebida","cp-container-title":"Configuração do ponto de acesso OTA","cp-accept-help":"Mensagem de configuração recebida, clique eu 'Aceitar' para continuar.","cp-accept-help-pin":"O PIN deve ser informado pelo remetente da mensagem de configuração.","cp-quit-app-confirm-dialog-message":"A mensagem ainda não foi processada, você realmente deseja sair?","cp-auth-failure-confirm-dialog-message":"O PIN que você digitou é incorreto. O PIN deve ser informado pelo remetente da mensagem de configuração.","cp-store-confirm-dialog-message":"Você está prestes a salvar os seguintes APN(s) no seu telefone:","cp-finish-confirm-dialog-message":"Processo concluído, as APN(s) estão salvas.","cp-finish-confirm-dialog-message-invalid-doc":"A mensagem de configuração que você recebeu não pode ser autenticada com seu cartão SIM, e por isso não pode ser usada para configurar seu dispositivo.","cp-finish-confirm-dialog-message-auth-error":"Houve um erro ao autenticar o remetente da mensagem.","cp-finish-confirm-dialog-message-auth-unsupported-mechanism":"O mecanismo de autenticação ainda não é suportado.","cp-finish-confirm-dialog-message-no-apns":"A mensagem de configuração não inclui nenhum APN válido."}