{"title":"Správa WAP Push","close":"Zavrieť","accept":"Prijať","quit":"Koniec","cancel":"Zrušiť","store":"Uložiť","try-again":"Skúsiť znova","finish":"Dokončiť","sim":"SIM {{id}}","dsds-notification-title-with-sim":"({{sim}}) {{title}}","this-message-has-expired":"Platnosť tejto správy vypršala","cp-pin":{"placeholder":"PIN"},"cp-message-received":"Prijatá konfiguračná správa","cp-container-title":"Nastavenie prístupového bodu OTA","cp-accept-help":"Prijatá konfiguračná správa, pokračujte kliknutím na tlačidlo 'Prijať'.","cp-accept-help-pin":"Kód PIN vám musí poskytnúť odosielateľ konfiguračnej správy","cp-quit-app-confirm-dialog-message":"Správa ešte nebola spracovaná, naozaj chcete skončiť?","cp-auth-failure-confirm-dialog-message":"Zadaný kód PIN je neplatný. Kód PIN vám musí poskytnúť odosielateľ konfiguračnej správy.","cp-store-confirm-dialog-message":"Chystáte sa uložiť nasledujúce body APN na svojom telefóne:","cp-finish-confirm-dialog-message":"Hotovo, APN je teraz uložený.","cp-finish-confirm-dialog-message-invalid-doc":"Prijatá konfiguračná správa nemohla byť overená vašou kartou SIM, takže nemôže byť použitá na nastavenie Vášho zariadenia.","cp-finish-confirm-dialog-message-auth-error":"Počas overenia odosielateľa tejto správy sa vyskytla chyba.","cp-finish-confirm-dialog-message-auth-unsupported-mechanism":"Mechanizmus overenia nie je ešte podporovaný.","cp-finish-confirm-dialog-message-no-apns":"Prijatá konfiguračná správa neobsahuje žiadne platné body APN."}