{"title":"Mesazh WAP Push","close":"Mbylle","accept":"Pranoje","quit":"Dil","cancel":"Anuloje","store":"Depozitoje","try-again":"Riprovo","finish":"Përfundoje","sim":"SIM {{id}}","dsds-notification-title-with-sim":"({{sim}}) {{title}}","this-message-has-expired":"Ky mesazh ka skaduar","cp-pin":{"placeholder":"PIN"},"cp-message-received":"U mor mesazh formësimi","cp-container-title":"Formësim Pike Aksesi OTA","cp-accept-help":"U mor mesazh formësimi, klikoni mbi 'Pranoje' që të vazhdohet.","cp-accept-help-pin":"Kodi PIN do t'ju jetë dhënë nga cilido që ju dërgoi mesazhin e formësimit.","cp-quit-app-confirm-dialog-message":"Mesazhi nuk është përpunuar ende, doni të dilni vërtet?","cp-auth-failure-confirm-dialog-message":"PIN-i që dhatë është i pasaktë. Kodi PIN duhet t'ju jetë dhënë nga cilido që ju dërgoi mesazhin e formësimit.","cp-store-confirm-dialog-message":"Ju ndan një hap nga depozitimi i APN-ve vijuese në telefonin tuaj:","cp-finish-confirm-dialog-message":"Mbaruam, APN-të tani u depozituan.","cp-finish-confirm-dialog-message-invalid-doc":"Mesazhi i formësimit që morët nuk u mirëfilltësua dot karshi kartës suaj SIM, ndaj nuk mund të përdoret për të formësuar pajisjen tuaj.","cp-finish-confirm-dialog-message-auth-error":"Pati një gabim gjatë mirëfilltësimit të dërguesit të mesazhit.","cp-finish-confirm-dialog-message-auth-unsupported-mechanism":"Nuk mbulohet ende mekanizmi i mirëfilltësimit.","cp-finish-confirm-dialog-message-no-apns":"Mesazhi i mirëfilltësimit që morët nuk ka APN të vlefshme."}