{"title":"WAP Push mesajı","close":"Kapat","accept":"Kabul et","quit":"Çık","cancel":"İptal","store":"Sakla","try-again":"Yeniden dene","finish":"Bitir","sim":"SIM {{id}}","dsds-notification-title-with-sim":"({{sim}}) {{title}}","this-message-has-expired":"Bu mesaj zaman aşımına uğramıştır","cp-pin":{"placeholder":"PIN"},"cp-message-received":"Yapılandırma mesajı alındı","cp-container-title":"OTA erişim noktası yapılandırması","cp-accept-help":"Yapılandırma mesajı alındı. Devam etmek için \"Kabul et\"e dokunun.","cp-accept-help-pin":"PIN kodu, size yapılandırma mesajını gönderen firma tarafından verilmiş olmalıdır.","cp-quit-app-confirm-dialog-message":"Mesaj henüz işlenmedi. Çıkmak istediğinizden emin misiniz?","cp-auth-failure-confirm-dialog-message":"Girdiğiniz PIN yanlış. PIN kodu, yapılandırma mesajını gönderen kişi tarafından size verilmiş olmalıdır.","cp-store-confirm-dialog-message":"Aşağıdaki APN(ler)'i telefonunuza kaydetmek üzeresiniz:","cp-finish-confirm-dialog-message":"İşlem tamamlandı. APN(ler) kaydedilmiştir.","cp-finish-confirm-dialog-message-invalid-doc":"Aldığınız yapılandırma mesajı SIM kartınız tarafından doğrulanamadı, o yüzden cihazınızı yapılandırmak için kullanılamıyor.","cp-finish-confirm-dialog-message-auth-error":"Mesajı gönderen doğrulanırken bir hata oluştu.","cp-finish-confirm-dialog-message-auth-unsupported-mechanism":"Doğrulama mekanizması henüz desteklenmiyor.","cp-finish-confirm-dialog-message-no-apns":"Aldığınız yapılandırma mesajı geçerli bir APN içermiyor."}