{"title":"WAP 推送信息","close":"关闭","accept":"接受","quit":"退出","cancel":"取消","store":"存储","try-again":"重试","finish":"结束","sim":"SIM {{id}}","dsds-notification-title-with-sim":"({{sim}}) {{title}}","this-message-has-expired":"此消息已过期","cp-pin":{"placeholder":"PIN"},"cp-message-received":"收到配置信息","cp-container-title":"OTA 接入点配置","cp-accept-help":"配置信息已收到，请点击“接受”以继续。","cp-accept-help-pin":"PIN 码应该已经由给您发送配置信息的人提供给您了。","cp-quit-app-confirm-dialog-message":"该消息尚未处理，你确定要退出吗？","cp-auth-failure-confirm-dialog-message":"您输入的 PIN 码不正确。PIN 码应该已经由给您发送配置信息的人提供给您了。","cp-store-confirm-dialog-message":"你将要存储下列接入点名称（APN）到你的手机上：","cp-finish-confirm-dialog-message":"我们已完成，接入点名称（APN）已存储。","cp-finish-confirm-dialog-message-invalid-doc":"SIM 卡无法验证收到的配置信息，因此不能用于配置您的设备。","cp-finish-confirm-dialog-message-auth-error":"验证短信的发送者时遇到一个错误。","cp-finish-confirm-dialog-message-auth-unsupported-mechanism":"尚不支持的身份验证机制。","cp-finish-confirm-dialog-message-no-apns":"您收到的配置消息不具有有效的接入点名称（APN）。"}