{"topup-confirmation-title2":"ব্যবহার","topup-confirmation-message":"রিচার্জ নিশ্চিৎ","topup-incorrectcode-title2":"ব্যবহার","topup-incorrectcode-message3":"ভুল টপ-আপ কোড দেওয়া হয়েছে।","updating":"হালনাগাদ করা হচ্ছে","updating-ellipsis":"হালনাগাদ করা হচ্ছে...","yesterday":"গতকাল","today":"আজ","never":"কখনো নয়","magnitude":"{{value}} {{unit}}","currency":"{{currency}}{{value}}","widget":"ব্যবহার প্রদর্শনকারী উইজেট","widget-authed-sim-heading":"{{provider}} সিম প্রবেশ করান হয়েছে","widget-authed-sim-meta":"আপনার ফোন এবং ইন্টারনেট ব্যবহার ট্র্যাক করতে ট্যাপ করুন।","widget-nonauthed-sim-heading":"New SIM inserted","widget-nonauthed-sim-meta":"ইন্টারনেট ব্যবহার ট্র্যাক করতে ট্যাপ করুন।","widget-airplane-mode-heading":"Airplane Mode","widget-airplane-mode-meta":"Please, turn off airplane mode to enable Usage.","widget-no-sim2-heading":"কোন সিম ব্যবহার করা হয়নি","widget-no-sim2-meta":"ব্যবহার সক্রিয় করতে একটি সিম প্রবেশ করান।","widget-sim-locked-heading":"লকড সিম কার্ড","widget-sim-locked-meta":"ব্যবহার সক্রিয় করতে আপনার সিম আনলক করুন।","fte":"প্রথম ব্যবহারের অভিজ্ঞতা","fte-authed-sim":"আপনার ফোন এবং ইন্টারনেট ব্যবহারের উপর নজর রেখে টাকা বাঁচান।","fte-nonauthed-sim":"আপনার ইন্টারনেট ব্যবহারের উপর নজর রেখে টাকা বাঁচান।","fte-no-sim":"Get clear information about how much internet you’re using.","fte-sim-info2":"ফোন এবং ইন্টারনেট ব্যবহারের তথ্যগুলো এই ফোন থেকে নেওয়া হয়। অ্যাকাউন্টের বিস্তারিত তথ্যের জন্য মোবাইল অপারেটরের সাথে যোগাযোগ করুন।","fte-plantype-title":"চুক্তির ধরন","fte-plantype-hint":"মোবাইল সার্ভিস প্রোভাইডার এর সাথে আপনার চুক্তির ধরন নির্বাচন করুন।","fte-prepaid2-title":"নিম্ন ব্যালেন্স সতর্কতা","fte-prepaid2-hint":"ক্রেডিট হারানো এড়াতে একটি সতর্কতা সেট করুন।","fte-prepaid3-title":"ডাটা প্রতিবেদন ও সতর্কতা","fte-prepaid3-hint":"ইন্টারনেট ব্যবহার সম্পর্কিত প্রতিবেদন দেখুন এবং অত্যাধিক ব্যবহার এড়াতে একটি সতর্কতা সেট করুন।","fte-postpaid2-title":"ফোন ও ডাটা প্রতিবেদন","fte-postpaid2-hint":"আপনার ফোন ও ইন্টারনেট ব্যবহারের প্রতিবেদন গ্রহন করুন।","fte-postpaid3-title":"ডাটা সতর্কতা","fte-postpaid3-hint":"অত্যাধিক ডাটা ব্যবহার এড়াতে একটি সতর্কতা সেট করুন।","fte-onlydata2-title":"ডাটা প্রতিবেদন","fte-onlydata2-hint":"আপনার ইন্টারনেট ব্যবহারের প্রতিবেদন দেখুন।","fte-onlydata3-title":"ডাটা সতর্কতা","fte-onlydata3-hint":"অত্যাধিক ডাটা ব্যবহার এড়াতে একটি সতর্কতা সেট করুন।","phone-activity":"ফোন কার্যকারিতা","balance":"ব্যালেন্স","on-roaming-message2":"রোমিং: স্বয়ংক্রিয় ব্যালেন্স হালনাগাদ নাই। হাতে হালনাগাদ করার কারনে আপনাকে চার্জ করা হতে পারে।","balance-error-message2":"ব্যালেন্স সঠিকভাবে হালনাগাদ হয়নি। নিজহাতে হালনাগাদের চেষ্টা করুন।","airplane-mode-error-message2":"আপনার ব্যালেন্স বা টপ-আপ হালনাগাদ করতে এরোপ্লেন মোড বন্ধ করুন।","disable-airplane-mode":"হালনাগাদ বা টপ-আপ করতে আপনি কি এরোপ্লেন মোড নিস্ক্রিয় করতে চান?","no-coverage-error-message2":"আপনার ব্যালেন্স অথবা টপ আপ আপডেট করতে ফোনের কাভারেজ প্রয়োজন।","top-up":"টপ আপ","enter-top-up-code":"টপ-আপ কোড প্রবেশ করান","top-up-code-explanation2":"আপনার স্ক্র্যাচ কার্ড বা সরাসরি রসিদ থেকে এটি খুঁজে বের করুন।","wait-for-confirmation":"আপনি একটি নিশ্চিতকরণ বার্তা পাবেন","incorrect-code2":"সঠিক কোড নিশ্চিত করুন এবং পুনরায় চেষ্টা করুন।","topup-error2":"কোড পাঠানোর সময় একটি সমস্যা হয়েছে। অনুগ্রহ করে, পুনরায় চেষ্টা করুন।","application-error-title":"সার্ভিস বিদ্যমান নয়","application-error-message":"আপনার কোম্পানির প্রতিনিধির সাথে যোগাযোগ করুন","service-unavailable-title":"সার্ভিস বিদ্যমান নয়","service-unavailable-message":"আপডেট বা টপ-আপ কোনটি এই মূহুর্তে সম্ভব নয়। অনুগ্রহ করে পরে চেষ্টা করুন।","data-usage":"ব্যবহৃত ডাটা","update-button":"হালনাগাদ","topup-button2":"টপ আপ কোড ব্যবহার করুন","topup-ussd-button2":"টপ আপ মেনু খুলুন","ok":"ঠিক আছে","top-up-in-progress2":"আপনার টপ আপ প্রক্রিয়াধীন আছে।","top-up-timed-out2":"নিশ্চিত হতে আপনার ব্যালেন্স হালনাগাদ করুন। যদি ব্যালেন্স অপরিবর্তিত থাকে, পুনরায় টপ-আপ করার চেষ্টা করুন।","on-topup-not-confirmed-title":"টপ-আপ নিশ্চিত হয়নি","on-topup-not-confirmed-message":"আপনার ব্যালেন্স হালনাগাদ করার চেষ্টা করুন অথবা আবার টপ-আপ করার চেষ্টা করুন।","send":"প্রেরণ করুন","plantype-setup-title":"আমার ফোন এবং ইন্টারনেট ব্যবহার পরিকল্পনা","prepaid":"প্রি-পেইড","postpaid":"পোস্ট-পেইড","phoneactivity":"ফোন কার্যকারিতা","short-date-format":"%b, %d","sms-sent":"বার্তা প্রেরণ","call-made":"কল করা হয়েছে","settings":"সেটিংসমূহ","low-balance-alert":"নিম্ন ব্যালেন্স সতর্কতা","low-balance-explanation2":"যখন ব্যালেন্স স্বল্প","phone-and-internet-data-report":"ফোন ও ইন্টারনেট ডাটার প্রতিবেদন","starting-on":"শুরু হচ্ছে","cancel":"বাতিল","set":"নির্ধারণ করুন","set-day":"দিন নির্ধারণ করুন","set-date":"তারিখ নির্ধারণ করুন","monthly":"মাসিক","weekly":"সাপ্তাহিক","monday":"সোমবার","tuesday":"মঙ্গলবার","wednesday":"বুধবার","thursday":"বুধবার","friday":"শুক্রবার","saturday":"শনিবার","sunday":"রবিবার","monday-abbr":"সোম","tuesday-abbr":"মঙ্গল","wednesday-abbr":"বুধ","thursday-abbr":"বৃহঃ","friday-abbr":"শুক্র","saturday-abbr":"শনি","sunday-abbr":"রবি","billing-cycle-ends":"বিলিং চক্র শেষ","tracking-will-reset":"ট্র্যাকিং এই তারিখে রিসেট হবে","yes":"হ্যাঁ","done":"সম্পন্ন","confirmation":"নিশ্চিতকরণ","reset-confirmation-warning":"সব বর্তমান ডাটা অপসারণ করা হবে। আপনি কি আসলেই রিসেট করতে চান?","reset":"রিসেট","reset-wifi":"ওয়াই ফাই ব্যবহার পুনরায় সেট করুন","reset-mobile":"মোবাইল ব্যবহার পুনরায় সেট করুন","reset-all-data-usage":"মোবাইল এবং ওয়ই-ফাই ডাটা পুনরায় সেট করুন","not-set":"নির্ধারিত হয়নি","used":"ব্যবহৃত","limit-passed":"সীমা অতিক্রান্ত হয়েছে","limit":"সীমা","data-limit-header":"তথ্য ব্যবহারের সীমা","data-limit-alert":"ডাটা ব্যবহারের সতর্কতা","data-limit-value2":"ব্যবহারসীমা পার হলে","data-limit-dialog-title2":"সতর্ক করতে মোবাইল ডাটা সীমা দিন","data-limit-dialog-explanation2":"সীমাতে পৌঁছানোর পরে সংযোগ গতি কমে যায়। একটি উপযুক্ত সতর্কতা স্তর নির্ধারণ করতে আপনার ডাটা প্রদানকারীর সাথে যোগাযোগ করুন।","wifi-usage":"Wi-Fi usage","mobile-usage":"Mobile usage","wifi-usage-settings":"Wi-Fi usage","mobile-usage-settings":"Mobile usage","im-prepaid":"আমি প্রিপেইড","im-postpaid":"আমি পোস্টপেইড","reset-data-usage":"ডাটা ব্যবহার পুনরায় সেট করুন","reset-report":"প্রতিবেদন রিসেট করুন","next":"পরবর্তী","back":"পিছনে","lets-go":"চলুন তাহলে!","alert":"সতর্ক","alert-limit":"সতর্কতা সীমা","fte-welcome-title":"স্বাগতম","data-limit-notification-title2":"{{limit}} ডাটা ব্যবহৃত হয়েছে","data-limit-notification-text2":"You’ve reached the limit you selected","low-balance-notification-title":"স্বল্প ব্যালেন্স","low-balance-notification-text":"ফোনে {{remaining}} ক্রেডিট বাকি আছে","zero-balance-message":"ব্যলেন্স শুন্য, ফোনে কোনো ক্রেডিট নেই।","not-available":"বিদ্যমান নেই","usage":"ব্যবহার","internet":"ইন্টারনেট","phone":"ফোন","loading-interface-data":"ইনটারফেস ডাটা লোড হচ্ছে। কিছুক্ষণ পর পুনরায় চেষ্টা করুন।","chart-date-format":"%b %e","verbose-chart-date-format":"{{em-month}} {{monthday-number}}","day-hour-format":"{{day}}, {{time}}","B":"B","KB":"KB","MB":"MB","GB":"GB","weekday-0-long":"রবিবার","weekday-1-long":"সোমবার","weekday-2-long":"মঙ্গলবার","weekday-3-long":"বুধবার","weekday-4-long":"বৃহস্পতিবার","weekday-5-long":"শুক্রবার","weekday-6-long":"শনিবার","weekday-0-short":"রবি","weekday-1-short":"সোম","weekday-2-short":"মঙ্গল","weekday-3-short":"বুধ","weekday-4-short":"বৃহঃ","weekday-5-short":"শুক্র","weekday-6-short":"শনি","month-0-long":"জানুয়ারি","month-1-long":"ফেব্রুয়ারি","month-2-long":"মার্চ","month-3-long":"এপ্রিল","month-4-long":"মে","month-5-long":"জুন","month-6-long":"জুলাই","month-7-long":"আগস্ট","month-8-long":"সেপ্টেম্বর","month-9-long":"অক্টোবর","month-10-long":"নভেম্বর","month-11-long":"ডিসেম্বর","month-0-genitive":"জানুয়ারি","month-1-genitive":"ফেব্রুয়ারি","month-2-genitive":"মার্চ","month-3-genitive":"এপ্রিল","month-4-genitive":"মে","month-5-genitive":"জুন","month-6-genitive":"জুলাই","month-7-genitive":"আগস্ট","month-8-genitive":"সেপ্টেম্বর","month-9-genitive":"অক্টোবর","month-10-genitive":"নভেম্বর","month-11-genitive":"ডিসেম্বর","month-0-short":"জানু","month-1-short":"ফেব্রু","month-2-short":"মার্চ","month-3-short":"এপ্রিল","month-4-short":"মে","month-5-short":"জুন","month-6-short":"জুলাই","month-7-short":"আগস্ট","month-8-short":"সেপ্ট","month-9-short":"অক্টো","month-10-short":"নভে","month-11-short":"ডিসে","minutes-ago-long":{"_index":["plural","value"],"_":{"zero":"এইমাত্র","one":"১ মিনিট পূর্বে","two":"{{value}} মিনিট পূর্বে","few":"{{value}} মিনিট পূর্বে","many":"{{value}} মিনিট পূর্বে","other":"{{value}} মিনিট পূর্বে"}},"hours-ago-long":{"_index":["plural","value"],"_":{"zero":"এইমাত্র","one":"১ ঘন্টা পূর্বে","two":"{{value}} ঘন্টা পূর্বে","few":"{{value}} ঘন্টা পূর্বে","many":"{{value}} ঘন্টা পূর্বে","other":"{{value}} ঘন্টা পূর্বে"}},"days-ago-long":{"_index":["plural","value"],"_":{"zero":"আজ","one":"গতকাল","two":"{{value}} দিন পূর্বে","few":"{{value}} দিন পূর্বে","many":"{{value}} দিন পূর্বে","other":"{{value}} দিন পূর্বে"}},"weeks-ago-long":{"_index":["plural","value"],"_":{"zero":"এই সপ্তাহে","one":"গত সপ্তাহ","two":"{{value}} সপ্তাহ পূর্বে","few":"{{value}} সপ্তাহ পূর্বে","many":"{{value}} সপ্তাহ পূর্বে","other":"{{value}} সপ্তাহ পূর্বে"}},"months-ago-long":{"_index":["plural","value"],"_":{"zero":"চলতি মাস","one":"গত মাস","two":"{{value}} মাস পূর্বে","few":"{{value}} মাস পূর্বে","many":"{{value}} মাস পূর্বে","other":"{{value}} মাস পূর্বে"}},"years-ago-long":{"_index":["plural","value"],"_":{"zero":"এই বছর","one":"গত বছর","two":"{{value}} বছর আগে","few":"{{value}} বছর পূর্বে","many":"{{value}} বছর পূর্বে","other":"{{value}} বছর পূর্বে"}},"minutes-until-long":{"_index":["plural","value"],"_":{"zero":"এখন","one":"এক মিনিটের মধ্যে","two":"{{value}} মিনিটের মধ্যে","few":"{{value}} মিনিটের মধ্যে","many":"{{value}} মিনিটের মধ্যে","other":"{{value}} মিনিটের মধ্যে"}},"hours-until-long":{"_index":["plural","value"],"_":{"zero":"এখন","one":"এক ঘন্টার মধ্যে","two":"{{value}} ঘন্টার মধ্যে","few":"{{value}} ঘন্টার মধ্যে","many":"{{value}} ঘন্টার মধ্যে","other":"{{value}} ঘন্টার মধ্যে"}},"days-until-long":{"_index":["plural","value"],"_":{"zero":"আজ","one":"আগামীকাল","two":"{{value}} দিনের মধ্যে","few":"{{value}} দিনের মধ্যে","many":"{{value}} দিনের মধ্যে","other":"{{value}} দিনের মধ্যে"}},"weeks-until-long":{"_index":["plural","value"],"_":{"zero":"চলতি সপ্তাহ","one":"পরবর্তী সপ্তাহ","two":"{{value}} সপ্তাহের মধ্যে","few":"{{value}} সপ্তাহের মধ্যে","many":"{{value}} সপ্তাহের মধ্যে","other":"{{value}} সপ্তাহের মধ্যে"}},"months-until-long":{"_index":["plural","value"],"_":{"zero":"এই মাস","one":"পরবর্তী মাস","two":"{{value}} মাসের মধ্যে","few":"{{value}} মাসের মধ্যে","many":"{{value}} মাসের মধ্যে","other":"{{value}} মাসের মধ্যে"}},"years-until-long":{"_index":["plural","value"],"_":{"zero":"এই বছর","one":"আগামী বছর","two":"{{value}} বছরের মধ্যে","few":"{{value}} বছরের মধ্যে","many":"{{value}} বছরের মধ্যে","other":"{{value}} বছরের মধ্যে"}},"minutes-ago-short":{"_index":["plural","value"],"_":{"zero":"এইমাত্র","other":"{{value}}মি. পূর্বে"}},"hours-ago-short":{"_index":["plural","value"],"_":{"zero":"এইমাত্র","other":"{{value}}ঘ. পূর্বে"}},"days-ago-short":{"_index":["plural","value"],"_":{"zero":"আজ","other":"{{value}}দিন পূর্বে"}},"minutes-until-short":{"_index":["plural","value"],"_":{"zero":"এখন","other":"{{value}} মিনিটের মধ্যে"}},"hours-until-short":{"_index":["plural","value"],"_":{"zero":"এখন","other":"{{value}}ঘন্টার মধ্যে"}},"days-until-short":{"_index":["plural","value"],"_":{"zero":"আজ","other":"{{value}}দিনের মধ্যে"}},"incorrectDate":"(ভুল তারিখ)","dateTimeFormat_%c":"%a %b %e %Y %I:%M:%S %p","dateTimeFormat_%x":"%m/%d/%Y","dateTimeFormat_%X":"%I:%M:%S %p","shortTimeFormat":"%I:%M %p","shortDateTimeFormat":"%x %I:%M %p","weekStartsOnMonday":"0","time_am":"AM","time_pm":"PM"}