{"topup-confirmation-title2":"Forbrug","topup-confirmation-message":"Optankning bekræftet","topup-incorrectcode-title2":"Forbrug","topup-incorrectcode-message3":"Ugyldig kode til optankning.","updating":"Opdaterer","updating-ellipsis":"Opdaterer…","yesterday":"I går","today":"I dag","never":"Aldrig","magnitude":"{{value}} {{unit}}","currency":"{{currency}}{{value}}","widget":"Forbrugs-widget","widget-authed-sim-heading":"Nyt simkort fra {{provider}} er indsat","widget-authed-sim-meta":"Tryk for at følge dit telefoni- og dataforbrug.","widget-nonauthed-sim-heading":"Nyt simkort indsat","widget-nonauthed-sim-meta":"Tryk for at følge dit dataforbrug.","widget-airplane-mode-heading":"Flytilstand","widget-airplane-mode-meta":"Slå flytilstand fra for at aktivere Forbrug.","widget-no-sim2-heading":"Intet simkort","widget-no-sim2-meta":"Indsæt et simkort for at aktivere Forbrug.","widget-sim-locked-heading":"Låst simkort","widget-sim-locked-meta":"Lås dit simkort op for at aktivere Forbrug.","fte":"Forbrug - kom godt i gang","fte-authed-sim":"Spar penge ved at følge dit forbrug af telefoni og internet.","fte-nonauthed-sim":"Spar penge ved at følge dit forbrug af internet.","fte-no-sim":"Få tydelig information om dit dataforbrug.","fte-sim-info2":"Informationen i Forbrug stammer fra denne enhed. Få mere detaljeret information hos din operatør.","fte-plantype-title":"Abonnementstype","fte-plantype-hint":"Vælg den type abonnement, du har hos din operatør.","fte-prepaid2-title":"Advarsel om kreditgrænse","fte-prepaid2-hint":"Opsæt en advarsel for at undgå at løbe tør for kredit.","fte-prepaid3-title":"Dataforbrug og advarsel","fte-prepaid3-hint":"Modtag rapporter om dit dataforbrug, og opsæt en advarsel for at undgå et for stort dataforbrug.","fte-postpaid2-title":"Telefoni- og datarapporter","fte-postpaid2-hint":"Modtag rapporter om dit telefoni- og dataforbrug.","fte-postpaid3-title":"Dataadvarsel","fte-postpaid3-hint":"Opsæt en advarsel for at undgå et for stort dataforbrug.","fte-onlydata2-title":"Datarapport","fte-onlydata2-hint":"Modtag rapporter om dit dataforbrug.","fte-onlydata3-title":"Dataadvarsel","fte-onlydata3-hint":"Opsæt en advarsel for at undgå et for stort dataforbrug.","phone-activity":"Telefoniaktivitet","balance":"Saldo","on-roaming-message2":"Roaming: Ingen automatisk opdatering af saldo. Du kan blive opkrævet for manuel opdatering.","balance-error-message2":"Din saldo blev ikke opdateret korrekt. Prøv at opdatere manuelt.","airplane-mode-error-message2":"Slå flytilstand fra for at opdatere din saldo eller for at tanke op.","disable-airplane-mode":"Vil du slå flytilstand fra for at opdatere eller tanke op?","no-coverage-error-message2":"Du skal have telefonforbindelse for at kunne opdatere din saldo eller tanke op.","top-up":"Tank op","enter-top-up-code":"Indtast kode til optankning","top-up-code-explanation2":"Find koden på dit skrabekort eller din kvittering.","wait-for-confirmation":"Du vil få tilsendt en bekræftelse","incorrect-code2":"Kontrollér, at koden er korrekt, og prøv igen.","topup-error2":"Det lykkedes ikke at sende koden. Prøv igen.","application-error-title":"Tjenesten er ikke tilgængelig","application-error-message":"Kontakt din operatør","service-unavailable-title":"Tjenesten er ikke tilgængelig","service-unavailable-message":"Hverken opdatering eller optankning er muligt i øjeblikket. Prøv igen senere.","data-usage":"Dataforbrug","update-button":"Opdater","topup-button2":"Brug kode til optankning","topup-ussd-button2":"Åbn menuen til optankning","ok":"OK","top-up-in-progress2":"Din optankning behandles.","top-up-timed-out2":"Opdatér din saldo for at kontrollere. Hvis saldoen er uændret, så prøv at tanke op igen.","on-topup-not-confirmed-title":"Optankning ikke bekræftet","on-topup-not-confirmed-message":"Prøv at opdatere din saldo eller prøv at tanke op igen.","send":"send","plantype-setup-title":"Mit telefoni- og internetabonnement er","prepaid":"Forudbetalt","postpaid":"Efterbetalt","phoneactivity":"Telefoniaktivitet","short-date-format":"%d. %b","sms-sent":"Sendte SMS'er","call-made":"Udgående opkald","settings":"Indstillinger","low-balance-alert":"Advarsel ved lav saldo","low-balance-explanation2":"Når saldo er under","phone-and-internet-data-report":"Telefoni- og internetrapport","starting-on":"Begyndende den","cancel":"Annuller","set":"Udfør","set-day":"Angiv dag","set-date":"Angiv dato","monthly":"Månedlig","weekly":"Ugentlig","monday":"Mandag","tuesday":"Tirsdag","wednesday":"Onsdag","thursday":"Torsdag","friday":"Fredag","saturday":"Lørdag","sunday":"Søndag","monday-abbr":"Man","tuesday-abbr":"Tir","wednesday-abbr":"Ons","thursday-abbr":"Tor","friday-abbr":"Fre","saturday-abbr":"Lør","sunday-abbr":"Søn","billing-cycle-ends":"Regningsperiode slutter","tracking-will-reset":"Sporing vil blive nulstillet på denne dato","yes":"Ja","done":"Færdig","confirmation":"Bekræft","reset-confirmation-warning":"Alle gemte data vil blive slettet. Er du sikker på, at du vil nulstille?","reset":"Nulstil","reset-wifi":"Nulstil Wi-Fi-forbrug","reset-mobile":"Nulstil mobil-brug","reset-all-data-usage":"Nulstil mobil- og data-brug","not-set":"Ikke sat","used":"Brugt","limit-passed":"Grænsen passeret","limit":"Grænse","data-limit-header":"Dataforbrug","data-limit-alert":"Advarsel om dataforbrug","data-limit-value2":"Når der er brugt mere end","data-limit-dialog-title2":"Indtast en grænse for alarm ved dataforbrug","data-limit-dialog-explanation2":"Reduceret hastighed når grænsen er overskredet. Kontroller info fra din operatør for at finde en passende grænse.","wifi-usage":"Wi-Fi-brug","mobile-usage":"Mobil-brug","wifi-usage-settings":"Wi-Fi-brug","mobile-usage-settings":"Mobil-brug","im-prepaid":"Jeg betaler forud","im-postpaid":"Jeg betaler bagud","reset-data-usage":"Nulstil data-brug","reset-report":"Nulstil rapporter","next":"Næste","back":"Tilbage","lets-go":"Lad os starte!","alert":"Advarsel","alert-limit":"Advarsel, grænse","fte-welcome-title":"Velkommen","data-limit-notification-title2":"Du har brugt {{limit}} data","data-limit-notification-text2":"Du har nået den angivne datagrænse","low-balance-notification-title":"Lav saldo","low-balance-notification-text":"{{remaining}} tilbage til telefoni","zero-balance-message":"Din saldo er nul, du har ikke mere tilbage til telefoni.","not-available":"Ikke tilgængelig","usage":"Forbrug","internet":"Internet","phone":"Telefoni","loading-interface-data":"Indlæser data til brugerfladen. Prøv igen om lidt.","chart-date-format":"%e. %b","verbose-chart-date-format":"{{monthday-number}}. {{em-month}}","day-hour-format":"{{day}}, {{time}}","B":"B","KB":"KB","MB":"MB","GB":"GB","weekday-0-long":"Søndag","weekday-1-long":"Mandag","weekday-2-long":"Tirsdag","weekday-3-long":"Onsdag","weekday-4-long":"Torsdag","weekday-5-long":"Fredag","weekday-6-long":"Lørdag","weekday-0-short":"Søn","weekday-1-short":"Man","weekday-2-short":"Tir","weekday-3-short":"Ons","weekday-4-short":"Tor","weekday-5-short":"Fre","weekday-6-short":"Lør","month-0-long":"Januar","month-1-long":"Februar","month-2-long":"Marts","month-3-long":"April","month-4-long":"Maj","month-5-long":"Juni","month-6-long":"Juli","month-7-long":"August","month-8-long":"September","month-9-long":"Oktober","month-10-long":"November","month-11-long":"December","month-0-genitive":"januar","month-1-genitive":"februar","month-2-genitive":"marts","month-3-genitive":"april","month-4-genitive":"maj","month-5-genitive":"juni","month-6-genitive":"juli","month-7-genitive":"august","month-8-genitive":"september","month-9-genitive":"oktober","month-10-genitive":"november","month-11-genitive":"december","month-0-short":"Jan","month-1-short":"Feb","month-2-short":"Mar","month-3-short":"Apr","month-4-short":"Maj","month-5-short":"Jun","month-6-short":"Jul","month-7-short":"Aug","month-8-short":"Sep","month-9-short":"Okt","month-10-short":"Nov","month-11-short":"Dec","minutes-ago-long":{"_index":["plural","value"],"_":{"zero":"nu","one":"for et minut siden","two":"for {{value}} minutter siden","few":"for {{value}} minutter siden","many":"for {{value}} minutter siden","other":"for {{value}} minutter siden"}},"hours-ago-long":{"_index":["plural","value"],"_":{"zero":"nu","one":"for en time siden","two":"for {{value}} timer siden","few":"for {{value}} timer siden","many":"for {{value}} timer siden","other":"for {{value}} timer siden"}},"days-ago-long":{"_index":["plural","value"],"_":{"zero":"i dag","one":"i går","two":"for {{value}} dage siden","few":"for {{value}} dage siden","many":"for {{value}} dage siden","other":"for {{value}} dage siden"}},"weeks-ago-long":{"_index":["plural","value"],"_":{"zero":"denne uge","one":"sidste uge","two":"for {{value}} uger siden","few":"for {{value}} uger siden","many":"for {{value}} uger siden","other":"for {{value}} uger siden"}},"months-ago-long":{"_index":["plural","value"],"_":{"zero":"denne måned","one":"sidste måned","two":"for {{value}} måneder siden","few":"for {{value}} måneder siden","many":"for {{value}} måneder siden","other":"for {{value}} måneder siden"}},"years-ago-long":{"_index":["plural","value"],"_":{"zero":"dette år","one":"sidste år","two":"for {{value}} år siden","few":"for {{value}} år siden","many":"for {{value}} år siden","other":"for {{value}} år siden"}},"minutes-until-long":{"_index":["plural","value"],"_":{"zero":"nu","one":"om et minut","two":"om {{value}} minutter","few":"om {{value}} minutter","many":"om {{value}} minutter","other":"om {{value}} minutter"}},"hours-until-long":{"_index":["plural","value"],"_":{"zero":"nu","one":"om en time","two":"om {{value}} timer","few":"om {{value}} timer","many":"om {{value}} timer","other":"om {{value}} timer"}},"days-until-long":{"_index":["plural","value"],"_":{"zero":"i dag","one":"i morgen","two":"om {{value}} dage","few":"om {{value}} dage","many":"om {{value}} dage","other":"om {{value}} dage"}},"weeks-until-long":{"_index":["plural","value"],"_":{"zero":"denne uge","one":"næste uge","two":"om {{value}} uger","few":"om {{value}} uger","many":"om {{value}} uger","other":"om {{value}} uger"}},"months-until-long":{"_index":["plural","value"],"_":{"zero":"denne måned","one":"næste måned","two":"om {{value}} måneder","few":"om {{value}} måneder","many":"om {{value}} måneder","other":"om {{value}} måneder"}},"years-until-long":{"_index":["plural","value"],"_":{"zero":"i år","one":"næste år","two":"om {{value}} år","few":"om {{value}} år","many":"om {{value}} år","other":"om {{value}} år"}},"minutes-ago-short":{"_index":["plural","value"],"_":{"zero":"nu","other":"{{value}}m siden"}},"hours-ago-short":{"_index":["plural","value"],"_":{"zero":"nu","other":"{{value}}t siden"}},"days-ago-short":{"_index":["plural","value"],"_":{"zero":"i dag","other":"{{value}}d siden"}},"minutes-until-short":{"_index":["plural","value"],"_":{"zero":"nu","other":"om {{value}}m"}},"hours-until-short":{"_index":["plural","value"],"_":{"zero":"nu","other":"om {{value}}t"}},"days-until-short":{"_index":["plural","value"],"_":{"zero":"i dag","other":"om {{value}}d"}},"incorrectDate":"(forkert dato)","dateTimeFormat_%c":"%a d. %e. %b %Y %H:%M:%S","dateTimeFormat_%x":"%d-%m-%Y","dateTimeFormat_%X":"%H:%M:%S","shortTimeFormat":"%H:%M","shortDateTimeFormat":"%x %H:%M","weekStartsOnMonday":"1","time_am":"AM","time_pm":"PM"}