{"topup-confirmation-title2":"Χρήση","topup-confirmation-message":"Η επέκταση επιβεβαιώθηκε","topup-incorrectcode-title2":"Χρήση","topup-incorrectcode-message3":"Εισήχθη λανθασμένος κωδικός επέκτασης.","updating":"Ενημέρωση","updating-ellipsis":"Ενημέρωση…","yesterday":"Χθες","today":"Σήμερα","never":"Ποτέ","magnitude":"{{value}} {{unit}}","currency":"{{currency}}{{value}}","widget":"Widget χρήσης δεδομένων","widget-authed-sim-heading":"Νέα κάρτα SIM {{provider}}","widget-authed-sim-meta":"Πατήστε εδώ, για καταγραφή χρήσης της.","widget-nonauthed-sim-heading":"Νέα κάρτα SIM","widget-nonauthed-sim-meta":"Πατήστε εδώ, για καταγραφή χρήσης της.","widget-airplane-mode-heading":"Airplane Mode","widget-airplane-mode-meta":"Please, turn off airplane mode to enable Usage.","widget-no-sim2-heading":"Δεν έχει εισαχθεί κάρτα SIM","widget-no-sim2-meta":"Εισάγετε SIM, για καταγραφή χρήσης της.","widget-sim-locked-heading":"Κλειδωμένη κάρτα SIM","widget-sim-locked-meta":"Ξεκλειδώστε, για καταγραφή χρήσης της.","fte":"Πρώτη εμπειρία χρήσης","fte-authed-sim":"Εξοικονομήστε χρήματα καταγράφοντας τη δραστηριότητα σας στο τηλέφωνο και στο διαδίκτυο.","fte-nonauthed-sim":"Εξοικονομήστε χρήματα καταγράφοντας τη δραστηριότητα σας στο διαδίκτυο.","fte-no-sim":"Λάβετε σαφείς πληροφορίες σχετικά με την ποσότητα της διαδικτυακής σας κίνησης.","fte-sim-info2":"Οι πληροφορίες που εμφανίζονται στη Χρήση προέρχονται απευθείας από αυτή τη συσκευή. Επικοινωνήστε με τον πάροχο σας για λεπτομερείς πληροφορίες σχετικά με το λογαριασμό σας.","fte-plantype-title":"Είδος Συμβολαίου","fte-plantype-hint":"Επιλέξτε το είδος του συμβολαίου που έχετε συνάψει με τον πάροχο σας.","fte-prepaid2-title":"Ειδοποίηση Χαμηλού Υπολοίπου","fte-prepaid2-hint":"Ορίστε μια ειδοποίηση για να αποφύγετε να ξεμείνετε από μονάδες.","fte-prepaid3-title":"Αναφορά και Ειδοποίηση Δεδομένων","fte-prepaid3-hint":"Λάβετε αναφορές για τη χρήση του διαδικτύου και ορίστε μια ειδοποίηση για να αποτρέψετε την υπέρμετρη χρήση του.","fte-postpaid2-title":"Αναφορά Τηλεφώνου και Δεδομένων","fte-postpaid2-hint":"Λάβετε πληροφορίες για τη χρήση του τηλεφώνου και του διαδικτύου.","fte-postpaid3-title":"Ειδοποίηση Δεδομένων","fte-postpaid3-hint":"Ορίστε μια ειδοποίηση για να αποφύγετε τη χρήση υπέρμετρου όγκου δεδομένων.","fte-onlydata2-title":"Αναφορά Δεδομένων","fte-onlydata2-hint":"Λάβετε αναφορές σχετικά με τη χρήση του διαδικτύου.","fte-onlydata3-title":"Ειδοποίηση Δεδομένων","fte-onlydata3-hint":"Ορίστε μια ειδοποίηση για να αποφύγετε τη χρήση υπέρμετρου όγκου δεδομένων.","phone-activity":"Δραστηριότητα Τηλεφώνου","balance":"Υπόλοιπο","on-roaming-message2":"Περιαγωγή: καμία αυτόματη ενημέρωση υπολοίπου. Ενδέχεται να ισχύουν χρεώσεις για χειροκίνητη ενημέρωση.","balance-error-message2":"Το υπόλοιπο δεν ενημερώθηκε σωστά. Δοκιμάστε να ανανεώσετε χειροκίνητα.","airplane-mode-error-message2":"Απενεργοποιήστε τη λειτουργία πτήσης για να κάνετε ενημέρωση ή επέκταση υπολοίπου.","disable-airplane-mode":"Θέλετε να απενεργοποιήσετε τη λειτουργία πτήσης ώστε να ανανεώσετε ή να κάνετε επέκταση υπολοίπου;","no-coverage-error-message2":"Χρειάζεστε κάλυψη δικτύου για να ενημερώσετε ή να επεκτείνετε το υπόλοιπο σας.","top-up":"Επέκταση","enter-top-up-code":"Εισάγετε τον κωδικό για την επέκταση υπολοίπου","top-up-code-explanation2":"Βρείτε το στην κάρτα SIM ή απευθείας στο συμβόλαιο σας.","wait-for-confirmation":"Θα λάβετε ένα μήνυμα επιβεβαίωσης","incorrect-code2":"Βεβαιωθείτε πως ο κωδικός είναι σωστός και δοκιμάστε ξανά.","topup-error2":"Παρουσιάστηκε κάποιο πρόβλημα κατά την αποστολή του κωδικού. Παρακαλούμε, προσπαθήστε ξανά.","application-error-title":"Η υπηρεσία δεν είναι διαθέσιμη","application-error-message":"Επικοινωνήστε με εκπρόσωπο της εταιρείας σας.","service-unavailable-title":"Η υπηρεσία δεν είναι διαθέσιμη","service-unavailable-message":"Δεν είναι δυνατή αυτή τη στιγμή η ενημέρωση ή επέκταση του υπολοίπου σας. Παρακαλούμε δοκιμάστε αργότερα.","data-usage":"Χρήση δεδομένων","update-button":"Ενημέρωση","topup-button2":"Χρήση κωδικού επέκτασης","topup-ussd-button2":"Άνοιγμα καταλόγου επέκτασης","ok":"ΟΚ","top-up-in-progress2":"Η επέκταση υπολοίπου σας βρίσκεται σε επεξεργασία.","top-up-timed-out2":"Ενημερώστε το υπόλοιπο σας για επιβεβαίωση. Αν το υπόλοιπο σας δεν έχει μεταβληθεί, δοκιμάστε την επέκταση υπολοίπου ξανά.","on-topup-not-confirmed-title":"Η επέκταση δεν επιβεβαιώθηκε","on-topup-not-confirmed-message":"Δοκιμάστε να ανανεώσετε το υπόλοιπο σας ή ξαναδοκιμάστε την επέκταση υπολοίπου","send":"αποστολή","plantype-setup-title":"Το πρόγραμμα μου για το τηλέφωνο και το διαδίκτυο είναι","prepaid":"Καρτοκινητής","postpaid":"Συμβολαίου","phoneactivity":"Δραστηριότητα τηλεφώνου","short-date-format":"%b %d","sms-sent":"Το μήνυμα εστάλη","call-made":"Εξερχόμενες κλήσεις","settings":"Ρυθμίσεις","low-balance-alert":"Ειδοποίηση χαμηλού υπολοίπου","low-balance-explanation2":"Όταν το υπόλοιπο είναι κάτω από","phone-and-internet-data-report":"Αναφορές δεδομένων τηλεφώνου και διαδικτύου","starting-on":"Έναρξη την","cancel":"Ακύρωση","set":"Ρύθμιση","set-day":"Ρυθμίστε την ημέρα","set-date":"Ρυθμίστε την ημερομηνία","monthly":"Μηνιαία","weekly":"Εβδομαδιαία","monday":"Δευτέρα","tuesday":"Τρίτη","wednesday":"Τετάρτη","thursday":"Πέμπτη","friday":"Παρασκευή","saturday":"Σάββατο","sunday":"Κυριακή","monday-abbr":"Δευ","tuesday-abbr":"Τρι","wednesday-abbr":"Τετ","thursday-abbr":"Πεμ","friday-abbr":"Παρ","saturday-abbr":"Σαβ","sunday-abbr":"Κυρ","billing-cycle-ends":"Μια περίοδος πληρωμής τελειώνει","tracking-will-reset":"Θα γίνει επαναφορά της καταγραφής σε αυτή την ημερομηνία","yes":"Ναι","done":"ΟΚ","confirmation":"Επιβεβαίωση","reset-confirmation-warning":"Όλα τα τρέχοντα δεδομένα θα διαγραφούν. Είστε βέβαιοι ότι θέλετε να γίνει επανεκκίνηση;","reset":"Επανεκκίνηση","reset-wifi":"Επαναφορά χρήσης Wi-Fi","reset-mobile":"Επαναφορά χρήσης κινητής","reset-all-data-usage":"Επαναφορά δεδομένων κινητής & Wi-Fi","not-set":"Μη ορισμένο","used":"Σε χρήση","limit-passed":"Το όριο παρήλθε","limit":"Όριο","data-limit-header":"Όριο χρήσης","data-limit-alert":"Ειδοποίηση χρήσης δεδομένων","data-limit-value2":"Για χρήση πάνω από","data-limit-dialog-title2":"Ενεργοποίηση της ειδοποίησης υπέρβασης όριου των δεδομένων δικτύου","data-limit-dialog-explanation2":"Οι ταχύτητες της σύνδεσης μειώνονται μόλις το όριο ξεπεραστεί. Επικοινωνήστε με τον πάροχο σας για να καθορίσετε ένα κατάλληλο επίπεδο ειδοποίησης.","wifi-usage":"Χρήση Wi-Fi","mobile-usage":"Χρήση δεδομένων","wifi-usage-settings":"Wi-Fi usage","mobile-usage-settings":"Mobile usage","im-prepaid":"Είμαι χρήστης καρτοκινητής","im-postpaid":"Είμαι συνδρομητής συμβολαίου","reset-data-usage":"Επαναφορά χρήσης δεδομένων","reset-report":"Επανεκκίνηση αναφοράς","next":"Επόμενο","back":"Πίσω","lets-go":"Έναρξη!","alert":"Ειδοποίηση","alert-limit":"Όριο ειδοποίησης","fte-welcome-title":"Καλώς ήρθατε","data-limit-notification-title2":"{{limit}} χρήσης δεδομένων","data-limit-notification-text2":"Έχετε φθάσει στο όριο που επιλέξατε","low-balance-notification-title":"Χαμηλό υπόλοιπο","low-balance-notification-text":"απομένουν {{remaining}} τηλεφωνικές μονάδες","zero-balance-message":"Το υπόλοιπο σας εξαντλήθηκε, δεν υπολείπονται μονάδες","not-available":"Μη διαθέσιμο","usage":"Χρήση","internet":"Διαδίκτυο","phone":"Τηλέφωνο","loading-interface-data":"Φόρτωση δεδομένων. Παρακαλώ προσπαθήστε ξανά σε λίγο.","chart-date-format":"%e %b","verbose-chart-date-format":"{{monthday-number}} {{em-month}}","day-hour-format":"{{day}}, {{time}}","B":"B","KB":"KB","MB":"MB","GB":"GB","weekday-0-long":"Κυριακή","weekday-1-long":"Δευτέρα","weekday-2-long":"Τρίτη","weekday-3-long":"Τετάρτη","weekday-4-long":"Πέμπτη","weekday-5-long":"Παρασκευή","weekday-6-long":"Σάββατο","weekday-0-short":"Κυρ","weekday-1-short":"Δευ","weekday-2-short":"Τρι","weekday-3-short":"Τετ","weekday-4-short":"Πεμ","weekday-5-short":"Παρ","weekday-6-short":"Σαβ","month-0-long":"Ιανουάριος","month-1-long":"Φεβρουάριος","month-2-long":"Μάρτιος","month-3-long":"Απρίλιος","month-4-long":"Μάιος","month-5-long":"Ιούνιος","month-6-long":"Ιούλιος","month-7-long":"Αύγουστος","month-8-long":"Σεπτέμβριος","month-9-long":"Οκτώβριος","month-10-long":"Νοέμβριος","month-11-long":"Δεκέμβριος","month-0-genitive":"Ιανουαρίου","month-1-genitive":"Φεβρουαρίου","month-2-genitive":"Μαρτίου","month-3-genitive":"Απριλίου","month-4-genitive":"Μαΐου","month-5-genitive":"Ιουνίου","month-6-genitive":"Ιουλίου","month-7-genitive":"Αυγούστου","month-8-genitive":"Σεπτεμβρίου","month-9-genitive":"Οκτωβρίου","month-10-genitive":"Νοεμβρίου","month-11-genitive":"Δεκεμβρίου","month-0-short":"Ιαν","month-1-short":"Φεβ","month-2-short":"Μαρ","month-3-short":"Απρ","month-4-short":"Μάι","month-5-short":"Ιουν","month-6-short":"Ιουλ","month-7-short":"Αυγ","month-8-short":"Σεπ","month-9-short":"Οκτ","month-10-short":"Νοε","month-11-short":"Δεκ","minutes-ago-long":{"_index":["plural","value"],"_":{"zero":"μόλις τώρα","one":"πριν από ένα λεπτό","two":"πριν από {{value}} λεπτά","few":"πριν από {{value}} λεπτά","many":"πριν από {{value}} λεπτά","other":"πριν από {{value}} λεπτά"}},"hours-ago-long":{"_index":["plural","value"],"_":{"zero":"μόλις τώρα","one":"πριν από μία ώρα","two":"πριν από {{value}} ώρες","few":"πριν από {{value}} ώρες","many":"πριν από {{value}} ώρες","other":"πριν από {{value}} ώρες"}},"days-ago-long":{"_index":["plural","value"],"_":{"zero":"σήμερα","one":"χθες","two":"πριν από {{value}} ημέρες","few":"πριν από {{value}} ημέρες","many":"πριν από {{value}} ημέρες","other":"πριν από {{value}} ημέρες"}},"weeks-ago-long":{"_index":["plural","value"],"_":{"zero":"αυτή την εβδομάδα","one":"την τελευταία εβδομάδα","two":"πριν από {{value}} εβδομάδες","few":"πριν από {{value}} εβδομάδες","many":"πριν από {{value}} εβδομάδες","other":"πριν από {{value}} εβδομάδες"}},"months-ago-long":{"_index":["plural","value"],"_":{"zero":"αυτό τον μήνα","one":"τον τελευταίο μήνα","two":"πριν από {{value}} μήνες","few":"πριν από {{value}} μήνες","many":"πριν από {{value}} μήνες","other":"πριν από {{value}} μήνες"}},"years-ago-long":{"_index":["plural","value"],"_":{"zero":"αυτό το έτος","one":"το περασμένο έτος","two":"πριν από {{value}} χρόνια","few":"πριν από {{value}} χρόνια","many":"πριν από {{value}} χρόνια","other":"πριν από {{value}} χρόνια"}},"minutes-until-long":{"_index":["plural","value"],"_":{"zero":"τώρα","one":"σε ένα λεπτό","two":"σε {{value}} λεπτά","few":"σε {{value}} λεπτά","many":"σε {{value}} λεπτά","other":"σε {{value}} λεπτά"}},"hours-until-long":{"_index":["plural","value"],"_":{"zero":"τώρα","one":"σε μία ώρα","two":"σε {{value}} ώρες","few":"σε {{value}} ώρες","many":"σε {{value}} ώρες","other":"σε {{value}} ώρες"}},"days-until-long":{"_index":["plural","value"],"_":{"zero":"σήμερα","one":"αύριο","two":"σε {{value}} ημέρες","few":"σε {{value}} ημέρες","many":"σε {{value}} ημέρες","other":"σε {{value}} ημέρες"}},"weeks-until-long":{"_index":["plural","value"],"_":{"zero":"αυτή την εβδομάδα","one":"την επόμενη εβδομάδα","two":"σε {{value}} εβδομάδες","few":"σε {{value}} εβδομάδες","many":"σε {{value}} εβδομάδες","other":"σε {{value}} εβδομάδες"}},"months-until-long":{"_index":["plural","value"],"_":{"zero":"αυτό τον μήνα","one":"στον επόμενο μήνα","two":"σε {{value}} μήνες","few":"σε {{value}} μήνες","many":"σε {{value}} μήνες","other":"σε {{value}} μήνες"}},"years-until-long":{"_index":["plural","value"],"_":{"zero":"αυτό το έτος","one":"επόμενο έτος","two":"σε {{value}} έτη","few":"σε {{value}} έτη","many":"σε {{value}} έτη","other":"σε {{value}} έτη"}},"minutes-ago-short":{"_index":["plural","value"],"_":{"zero":"τώρα","other":"πριν {{value}}′"}},"hours-ago-short":{"_index":["plural","value"],"_":{"zero":"τώρα","other":"πριν {{value}} ώρ."}},"days-ago-short":{"_index":["plural","value"],"_":{"zero":"σήμερα","other":"πριν {{value}} ημ."}},"minutes-until-short":{"_index":["plural","value"],"_":{"zero":"τώρα","other":"σε {{value}}′"}},"hours-until-short":{"_index":["plural","value"],"_":{"zero":"τώρα","other":"σε {{value}} ώρ."}},"days-until-short":{"_index":["plural","value"],"_":{"zero":"σήμερα","other":"σε {{value}} ημ."}},"incorrectDate":"(λάθος ημερομηνία)","dateTimeFormat_%c":"%a, %e %Eb %Y, %H:%M:%S","dateTimeFormat_%x":"%d/%m/%Y","dateTimeFormat_%X":"%H:%M:%S","shortTimeFormat":"%H:%M","shortDateTimeFormat":"%x %H:%M","weekStartsOnMonday":"0","time_am":"AM","time_pm":"PM"}