{"topup-confirmation-title2":"Consumos","topup-confirmation-message":"Recarga confirmada","topup-incorrectcode-title2":"Consumos","topup-incorrectcode-message3":"Código de recarga incorrecto.","updating":"Actualizando","updating-ellipsis":"Actualizando…","yesterday":"Ayer","today":"Hoy","never":"Nunca","magnitude":"{{value}} {{unit}}","currency":"{{currency}}{{value}}","widget":"Widget Consumos","widget-authed-sim-heading":"Nueva SIM de {{provider}} insertada","widget-authed-sim-meta":"Pulse para monitorizar el consumo del teléfono e Internet.","widget-nonauthed-sim-heading":"Nueva SIM insertada","widget-nonauthed-sim-meta":"Pulse para ver el consumo de Internet.","widget-airplane-mode-heading":"Airplane Mode","widget-airplane-mode-meta":"Please, turn off airplane mode to enable Usage.","widget-no-sim2-heading":"No hay SIM insertada","widget-no-sim2-meta":"Inserte SIM para activar Consumos.","widget-sim-locked-heading":"Tarjeta SIM bloqueada","widget-sim-locked-meta":"Desbloquee la SIM para activar Consumos.","fte":"Primera experiencia con Consumos","fte-authed-sim":"Ahorre dinero monitorizando el consumo del teléfono e Internet.","fte-nonauthed-sim":"Ahorre dinero monitorizando el consumo de Internet.","fte-no-sim":"Obtenga información clara sobre cuántos datos está usando.","fte-sim-info2":"La información que se muestra en Consumos procede directamente de este dispositivo. Solicite más información sobre su cuenta a su proveedor de servicios móviles.","fte-plantype-title":"Tipo de contrato","fte-plantype-hint":"Seleccione el tipo de contrato que tiene con su proveedor de servicios móviles.","fte-prepaid2-title":"Alerta de saldo bajo","fte-prepaid2-hint":"Configure una alerta para evitar quedarse sin crédito.","fte-prepaid3-title":"Informe de datos y alerta","fte-prepaid3-hint":"Reciba informes sobre el consumo de Internet y configure una alerta para evitar un uso excesivo.","fte-postpaid2-title":"Informe de datos y teléfono","fte-postpaid2-hint":"Reciba informes sobre el consumo del teléfono e Internet.","fte-postpaid3-title":"Alerta de datos","fte-postpaid3-hint":"Configure una alerta para evitar el consumo excesivo de datos.","fte-onlydata2-title":"Informe de datos","fte-onlydata2-hint":"Reciba informes sobre el consumo de Internet.","fte-onlydata3-title":"Alerta de datos","fte-onlydata3-hint":"Configure una alerta para evitar el consumo excesivo de datos.","phone-activity":"Actividad del teléfono","balance":"Saldo","on-roaming-message2":"Itinerancia: su saldo no se actualiza automáticamente. Puede ser que le cobren por actualizarlo manualmente.","balance-error-message2":"El saldo no se actualizó correctamente. Pruebe a hacerlo manualmente.","airplane-mode-error-message2":"Desactive el modo avión para actualizar su saldo o recargar.","disable-airplane-mode":"¿Desea desactivar el modo avión para actualizar o recargar?","no-coverage-error-message2":"Necesita tener cobertura para actualizar su saldo o recargar.","top-up":"Recargar","enter-top-up-code":"Escriba el código de recarga","top-up-code-explanation2":"Lo verá en el rasca de la tarjeta o directamente en su factura.","wait-for-confirmation":"Recibirá un mensaje de confirmación","incorrect-code2":"Asegúrese de que el código es correcto y pruebe de nuevo.","topup-error2":"Hubo un problema al enviar el código. Inténtelo más tarde.","application-error-title":"Servicio no disponible","application-error-message":"Contacte con el representante de su operador","service-unavailable-title":"Servicio no disponible","service-unavailable-message":"En este momento no es posible actualizar ni recargar. Inténtelo más tarde.","data-usage":"Uso de datos","update-button":"Actualizar","topup-button2":"Usar código de recarga","topup-ussd-button2":"Abrir menú de recargas","ok":"Aceptar","top-up-in-progress2":"Se está procesando su recarga.","top-up-timed-out2":"Actualice su saldo para confirmar. Si el saldo no varía, pruebe a recargar de nuevo.","on-topup-not-confirmed-title":"Recarga sin confirmar","on-topup-not-confirmed-message":"Pruebe a actualizar su saldo o a recargar de nuevo.","send":"enviar","plantype-setup-title":"El plan de mi teléfono e Internet es","prepaid":"Prepago","postpaid":"Pospago","phoneactivity":"Actividad del teléfono","short-date-format":"%d de %b","sms-sent":"SMS enviados","call-made":"Llamadas realizadas","settings":"Ajustes","low-balance-alert":"Alerta de saldo bajo","low-balance-explanation2":"Cuando el saldo sea inferior a","phone-and-internet-data-report":"Informe de datos y teléfono","starting-on":"A partir del","cancel":"Cancelar","set":"Establecer","set-day":"Establecer día","set-date":"Establecer fecha","monthly":"Mes","weekly":"Semana","monday":"lunes","tuesday":"martes","wednesday":"miércoles","thursday":"jueves","friday":"viernes","saturday":"sábado","sunday":"domingo","monday-abbr":"lu","tuesday-abbr":"ma","wednesday-abbr":"mi","thursday-abbr":"ju","friday-abbr":"vi","saturday-abbr":"sá","sunday-abbr":"do","billing-cycle-ends":"El ciclo de facturación termina","tracking-will-reset":"El seguimiento se restablecerá en esta fecha","yes":"Sí","done":"Hecho","confirmation":"Confirmación","reset-confirmation-warning":"Se eliminarán todos los datos actuales. ¿Seguro que desea restablecer?","reset":"Restablecer","reset-wifi":"Restablecer consumo wifi","reset-mobile":"Restablecer consumo móvil","reset-all-data-usage":"Restablecer datos wifi y móviles","not-set":"No establecido","used":"Utilizado","limit-passed":"Límite superado","limit":"Límite","data-limit-header":"Límite de uso","data-limit-alert":"Alerta sobre uso de datos","data-limit-value2":"Cuando el uso sea superior a","data-limit-dialog-title2":"Límite de alerta de datos móviles","data-limit-dialog-explanation2":"La velocidad de conexión se suele reducir cuando se llega al límite. Compruebe con su proveedor de datos el nivel de alerta apropiado.","wifi-usage":"Uso de wifi","mobile-usage":"Uso móvil","wifi-usage-settings":"Uso de wifi","mobile-usage-settings":"Uso móvil","im-prepaid":"Soy de prepago","im-postpaid":"Soy de pospago","reset-data-usage":"Restablecer consumo de datos","reset-report":"Restablecer informe","next":"Siguiente","back":"Atrás","lets-go":"¡Adelante!","alert":"Alerta","alert-limit":"Límite de alerta","fte-welcome-title":"Bienvenido","data-limit-notification-title2":"{{limit}} de datos usados","data-limit-notification-text2":"Ha alcanzado el límite establecido","low-balance-notification-title":"Saldo bajo","low-balance-notification-text":"Le quedan {{remaining}} de crédito","zero-balance-message":"El saldo ha llegado a cero, no le queda crédito.","not-available":"No disponible","usage":"Consumos","internet":"Internet","phone":"Teléfono","loading-interface-data":"Cargando datos de interfaz. Vuelva a intentarlo pasados unos minutos.","chart-date-format":"%e %b","verbose-chart-date-format":"{{monthday-number}}-{{em-month}}","day-hour-format":"{{day}}, {{time}}","B":"B","KB":"Kb","MB":"Mb","GB":"Gb","weekday-0-long":"domingo","weekday-1-long":"lunes","weekday-2-long":"martes","weekday-3-long":"miércoles","weekday-4-long":"jueves","weekday-5-long":"viernes","weekday-6-long":"sábado","weekday-0-short":"do.","weekday-1-short":"lu.","weekday-2-short":"ma.","weekday-3-short":"mi.","weekday-4-short":"ju.","weekday-5-short":"vi.","weekday-6-short":"sá.","month-0-long":"enero","month-1-long":"febrero","month-2-long":"marzo","month-3-long":"abril","month-4-long":"mayo","month-5-long":"junio","month-6-long":"julio","month-7-long":"agosto","month-8-long":"septiembre","month-9-long":"octubre","month-10-long":"noviembre","month-11-long":"diciembre","month-0-genitive":"enero","month-1-genitive":"febrero","month-2-genitive":"marzo","month-3-genitive":"abril","month-4-genitive":"mayo","month-5-genitive":"junio","month-6-genitive":"julio","month-7-genitive":"agosto","month-8-genitive":"septiembre","month-9-genitive":"octubre","month-10-genitive":"noviembre","month-11-genitive":"diciembre","month-0-short":"ene.","month-1-short":"feb.","month-2-short":"mar.","month-3-short":"abr.","month-4-short":"may.","month-5-short":"jun.","month-6-short":"jul.","month-7-short":"ago.","month-8-short":"sep.","month-9-short":"oct.","month-10-short":"nov.","month-11-short":"dic.","minutes-ago-long":{"_index":["plural","value"],"_":{"zero":"ahora","one":"hace un minuto","two":"hace {{value}} minutos","few":"hace {{value}} minutos","many":"hace {{value}} minutos","other":"hace {{value}} minutos"}},"hours-ago-long":{"_index":["plural","value"],"_":{"zero":"ahora","one":"hace una hora","two":"hace {{value}} horas","few":"hace {{value}} horas","many":"hace {{value}} horas","other":"hace {{value}} horas"}},"days-ago-long":{"_index":["plural","value"],"_":{"zero":"hoy","one":"ayer","two":"hace {{value}} días","few":"hace {{value}} días","many":"hace {{value}} días","other":"hace {{value}} días"}},"weeks-ago-long":{"_index":["plural","value"],"_":{"zero":"esta semana","one":"la semana pasada","two":"hace {{value}} semanas","few":"hace {{value}} semanas","many":"hace {{value}} semanas","other":"hace {{value}} semanas"}},"months-ago-long":{"_index":["plural","value"],"_":{"zero":"este mes","one":"el último mes","two":"hace {{value}} meses","few":"hace {{value}} meses","many":"hace {{value}} meses","other":"hace {{value}} meses"}},"years-ago-long":{"_index":["plural","value"],"_":{"zero":"este año","one":"último año","two":"hace {{value}} años","few":"hace {{value}} años","many":"hace {{value}} años","other":"hace {{value}} años"}},"minutes-until-long":{"_index":["plural","value"],"_":{"zero":"ahora","one":"en un minuto","two":"en {{value}} minutos","few":"en {{value}} minutos","many":"en {{value}} minutos","other":"en {{value}} minutos"}},"hours-until-long":{"_index":["plural","value"],"_":{"zero":"ahora","one":"en una hora","two":"en {{value}} horas","few":"en {{value}} horas","many":"en {{value}} horas","other":"en {{value}} horas"}},"days-until-long":{"_index":["plural","value"],"_":{"zero":"hoy","one":"mañana","two":"en {{value}} días","few":"en {{value}} días","many":"en {{value}} días","other":"en {{value}} días"}},"weeks-until-long":{"_index":["plural","value"],"_":{"zero":"esta semana","one":"la próxima semana","two":"en {{value}} semanas","few":"en {{value}} semanas","many":"en {{value}} semanas","other":"en {{value}} semanas"}},"months-until-long":{"_index":["plural","value"],"_":{"zero":"este mes","one":"próximo mes","two":"en {{value}} meses","few":"en {{value}} meses","many":"en {{value}} meses","other":"en {{value}} meses"}},"years-until-long":{"_index":["plural","value"],"_":{"zero":"este año","one":"próximo año","two":"en {{value}} años","few":"en {{value}} años","many":"en {{value}} años","other":"en {{value}} años"}},"minutes-ago-short":{"_index":["plural","value"],"_":{"zero":"ahora","other":"hace {{value}} m"}},"hours-ago-short":{"_index":["plural","value"],"_":{"zero":"ahora","other":"hace {{value}} h"}},"days-ago-short":{"_index":["plural","value"],"_":{"zero":"hoy","other":"hace {{value}} d"}},"minutes-until-short":{"_index":["plural","value"],"_":{"zero":"ahora","other":"en {{value}} m"}},"hours-until-short":{"_index":["plural","value"],"_":{"zero":"ahora","other":"en {{value}} h"}},"days-until-short":{"_index":["plural","value"],"_":{"zero":"hoy","other":"en {{value}} d"}},"incorrectDate":"(fecha incorrecta)","dateTimeFormat_%c":"%a, %e de %b, %Y %H:%M:%S","dateTimeFormat_%x":"%d/%m/%Y","dateTimeFormat_%X":"%H:%M:%S","shortTimeFormat":"%H:%M","shortDateTimeFormat":"%x %H:%M %p","weekStartsOnMonday":"1","time_am":"AM","time_pm":"PM"}