{"topup-confirmation-title2":"Költségek","topup-confirmation-message":"Feltöltés megerősítve.","topup-incorrectcode-title2":"Költségek","topup-incorrectcode-message3":"A megadott feltöltőkód helytelen.","updating":"Frissítés","updating-ellipsis":"Frissítés…","yesterday":"Tegnap","today":"Ma","never":"Soha","magnitude":"{{value}} {{unit}}","currency":"{{value}}{{currency}}","widget":"Felhasználás elem","widget-authed-sim-heading":"Új {{provider}} SIM behelyezve","widget-authed-sim-meta":"Koppintson a telefonos- és adatforgalom követéséhez.","widget-nonauthed-sim-heading":"Új SIM behelyezve","widget-nonauthed-sim-meta":"Koppintson az adatforgalom követéséhez.","widget-airplane-mode-heading":"Airplane Mode","widget-airplane-mode-meta":"Please, turn off airplane mode to enable Usage.","widget-no-sim2-heading":"Nincs behelyezve SIM kártya","widget-no-sim2-meta":"A használati adatokhoz SIM kártya kell.","widget-sim-locked-heading":"SIM kártya zárolva","widget-sim-locked-meta":"A SIM-et feloldva indítható a Költségek.","fte":"Első találkozás a használati adatokkal","fte-authed-sim":"Spóroljon a telefonos- és adatforgalom követésével.","fte-nonauthed-sim":"Spóroljon az adatforgalom követésével.","fte-no-sim":"Kapjon pontos információkat az internethasználatáról.","fte-sim-info2":"A Költségek által megjelenített információk közvetlenül az eszközről jönnek. Részletes számlainformációkért keresse meg szolgáltatóját.","fte-plantype-title":"Szerződés típusa","fte-plantype-hint":"Válassza ki a mobilszolgáltatóval fennálló szerződés típusát.","fte-prepaid2-title":"Alacsony egyenleg riasztás","fte-prepaid2-hint":"Állítson be riasztást az egyenleg elfogyása ellen.","fte-prepaid3-title":"Adatjelentés és riasztás","fte-prepaid3-hint":"Jelentések az internethasználatról és riasztás beállítása a túlzott használat ellen.","fte-postpaid2-title":"Telefon- és adatjelentés","fte-postpaid2-hint":"Jelentések a telefon- és internethasználatáról.","fte-postpaid3-title":"Adathasználati riasztás","fte-postpaid3-hint":"Riasztás beállításával elkerülheti a túlzott adathasználatot.","fte-onlydata2-title":"Adatjelentés","fte-onlydata2-hint":"Jelentések az internethasználatáról.","fte-onlydata3-title":"Adathasználati riasztás","fte-onlydata3-hint":"Riasztás beállításával elkerülheti a túlzott adathasználatot.","phone-activity":"Telefon aktivitása","balance":"Egyenleg","on-roaming-message2":"Roaming: nincs automatikus egyenlegfrissítés. A kézi frissítést díjak terhelhetik.","balance-error-message2":"Az egyenleg nem frissült megfelelően. Próbálja saját kezűleg frissíteni.","airplane-mode-error-message2":"Kapcsolja ki a repülő módot az egyenlegfrissítéshez vagy feltöltéshez.","disable-airplane-mode":"Kikapcsolja a repülő módot a frissítéshez vagy feltöltéshez?","no-coverage-error-message2":"Az egyenleg frissítéséhez vagy feltöltéséhez lefedettség szükséges.","top-up":"Feltöltés","enter-top-up-code":"Adja meg a feltöltőkódot","top-up-code-explanation2":"Ez a feltöltőkártyán vagy a blokkon található.","wait-for-confirmation":"Kapni fog egy megerősítő üzenetet","incorrect-code2":"Győződjön meg róla, hogy a kód helyes, és próbálja újra.","topup-error2":"Hiba történt a kód küldésekor. Próbálja újra.","application-error-title":"A szolgáltatás elérhetetlen","application-error-message":"Keresse meg a cég képviselőjét.","service-unavailable-title":"A szolgáltatás elérhetetlen","service-unavailable-message":"Jelenleg sem a frissítés, sem a feltöltés nem lehetséges. Próbálja meg újra később.","data-usage":"Adathasználat","update-button":"Frissítés","topup-button2":"Feltöltőkód használata","topup-ussd-button2":"Feltöltés menü megnyitása","ok":"OK","top-up-in-progress2":"A feltöltés feldolgozása folyamatban.","top-up-timed-out2":"Frissítse egyenlegét a megerősítéshez. Ha az egyenleg nem változik, töltse fel újra.","on-topup-not-confirmed-title":"A feltöltés nem lett megerősítve.","on-topup-not-confirmed-message":"Próbálja frissíteni egyenlegét, vagy próbálja újra feltölteni.","send":"küldés","plantype-setup-title":"Telefonos és internetes csomagom","prepaid":"Előre fizetett","postpaid":"Utólag fizetett","phoneactivity":"Telefonos tevékenység","short-date-format":"%b, %d","sms-sent":"SMS küldés","call-made":"Hívás","settings":"Beállítások","low-balance-alert":"Alacsony egyenleg riasztás","low-balance-explanation2":"Ha az egyenleg ez alatt:","phone-and-internet-data-report":"Telefonos és internetes adatjelentés","starting-on":"Kezdve ekkor:","cancel":"Mégse","set":"Beállítás","set-day":"Nap beállítása","set-date":"Dátum beállítása","monthly":"Havonta","weekly":"Hetente","monday":"Hétfő","tuesday":"Kedd","wednesday":"Szerda","thursday":"Csütörtök","friday":"Péntek","saturday":"Szombat","sunday":"Vasárnap","monday-abbr":"Hé.","tuesday-abbr":"Ke.","wednesday-abbr":"Sze.","thursday-abbr":"Csü.","friday-abbr":"Pé.","saturday-abbr":"Szo.","sunday-abbr":"Va.","billing-cycle-ends":"Számlázási időszak vége","tracking-will-reset":"A követés ezen a dátumon törlésre kerül","yes":"Igen","done":"Kész","confirmation":"Megerősítés","reset-confirmation-warning":"Minden jelenlegi adat törlésre kerül. Biztosan alaphelyzetbe állítja?","reset":"Törlés","reset-wifi":"Wi-Fi használat törlése","reset-mobile":"Mobilhasználat törlése","reset-all-data-usage":"Mobil és Wi-Fi adatok törlése","not-set":"Nincs beállítva","used":"Felhasznált","limit-passed":"Korlát túllépve","limit":"Korlát","data-limit-header":"Adatkorlátozás","data-limit-alert":"Adathasználati riasztás","data-limit-value2":"Ha a használat elérte:","data-limit-dialog-title2":"Adja meg az adatkorlát-riasztás szintjét","data-limit-dialog-explanation2":"A kapcsolat sebessége csökken a szint elérése után. Keresse meg szolgáltatóját a megfelelő riasztási szint beállításához.","wifi-usage":"Wi-Fi használat","mobile-usage":"Mobilhasználat","wifi-usage-settings":"Wi-Fi használat","mobile-usage-settings":"Mobilhasználat","im-prepaid":"Kártyás","im-postpaid":"Számlás","reset-data-usage":"Adathasználat törlése","reset-report":"Jelentés alaphelyzetbe","next":"Tovább","back":"Vissza","lets-go":"Gyerünk!","alert":"Riasztás","alert-limit":"Riasztási szint","fte-welcome-title":"Üdvözöljük","data-limit-notification-title2":"{{limit}} adat felhasználva","data-limit-notification-text2":"A kiválasztott korlát elérve","low-balance-notification-title":"Alacsony egyenleg","low-balance-notification-text":"{{remaining}} telefonos beszélgetés van hátra","zero-balance-message":"Az egyenleg nulla, nincs több telefonos beszélgetés.","not-available":"Nem érhető el","usage":"Költségek","internet":"Internet","phone":"Telefonszám","loading-interface-data":"Felületadatok betöltése. Próbálja újra később.","chart-date-format":"%b %e","verbose-chart-date-format":"{{em-month}} {{monthday-number}}","day-hour-format":"{{day}}, {{time}}","B":"B","KB":"KB","MB":"MB","GB":"GB","weekday-0-long":"Vasárnap","weekday-1-long":"Hétfő","weekday-2-long":"Kedd","weekday-3-long":"Szerda","weekday-4-long":"Csütörtök","weekday-5-long":"Péntek","weekday-6-long":"Szombat","weekday-0-short":"Va.","weekday-1-short":"Hé.","weekday-2-short":"Ke.","weekday-3-short":"Sze.","weekday-4-short":"Csü.","weekday-5-short":"Pé.","weekday-6-short":"Szo.","month-0-long":"Január","month-1-long":"Február","month-2-long":"Március","month-3-long":"Április","month-4-long":"Május","month-5-long":"Június","month-6-long":"Július","month-7-long":"Augusztus","month-8-long":"Szeptember","month-9-long":"Október","month-10-long":"November","month-11-long":"December","month-0-genitive":"Január","month-1-genitive":"Február","month-2-genitive":"Március","month-3-genitive":"Április","month-4-genitive":"Május","month-5-genitive":"Június","month-6-genitive":"Július","month-7-genitive":"Augusztus","month-8-genitive":"Szeptember","month-9-genitive":"Október","month-10-genitive":"November","month-11-genitive":"December","month-0-short":"Jan","month-1-short":"Feb","month-2-short":"Már","month-3-short":"Ápr","month-4-short":"Máj","month-5-short":"Jún","month-6-short":"Júl","month-7-short":"Aug","month-8-short":"Szep","month-9-short":"Okt","month-10-short":"Nov","month-11-short":"Dec","minutes-ago-long":{"_index":["plural","value"],"_":{"zero":"épp most","one":"egy perccel ezelőtt","two":"{{value}} perccel ezelőtt","few":"{{value}} perccel ezelőtt","many":"{{value}} perccel ezelőtt","other":"{{value}} perccel ezelőtt"}},"hours-ago-long":{"_index":["plural","value"],"_":{"zero":"épp most","one":"egy órája","two":"{{value}} órával ezelőtt","few":"{{value}} órával ezelőtt","many":"{{value}} órával ezelőtt","other":"{{value}} órával ezelőtt"}},"days-ago-long":{"_index":["plural","value"],"_":{"zero":"ma","one":"tegnap","two":"{{value}} nappal ezelőtt","few":"{{value}} nappal ezelőtt","many":"{{value}} nappal ezelőtt","other":"{{value}} nappal ezelőtt"}},"weeks-ago-long":{"_index":["plural","value"],"_":{"zero":"ez a hét","one":"múlt hét","two":"{{value}} héttel ezelőtt","few":"{{value}} héttel ezelőtt","many":"{{value}} héttel ezelőtt","other":"{{value}} héttel ezelőtt"}},"months-ago-long":{"_index":["plural","value"],"_":{"zero":"ez a hónap","one":"előző hónap","two":"{{value}} hónappal ezelőtt","few":"{{value}} hónappal ezelőtt","many":"{{value}} hónappal ezelőtt","other":"{{value}} hónappal ezelőtt"}},"years-ago-long":{"_index":["plural","value"],"_":{"zero":"ez az év","one":"tavaly","two":"{{value}} évvel ezelőtt","few":"{{value}} évvel ezelőtt","many":"{{value}} évvel ezelőtt","other":"{{value}} évvel ezelőtt"}},"minutes-until-long":{"_index":["plural","value"],"_":{"zero":"most","one":"egy percen belül","two":"{{value}} percen belül","few":"{{value}} percen belül","many":"{{value}} percen belül","other":"{{value}} percen belül"}},"hours-until-long":{"_index":["plural","value"],"_":{"zero":"most","one":"egy órán belül","two":"{{value}} órán belül","few":"{{value}} órán belül","many":"{{value}} órán belül","other":"{{value}} órán belül"}},"days-until-long":{"_index":["plural","value"],"_":{"zero":"ma","one":"holnap","two":"{{value}} napon belül","few":"{{value}} napon belül","many":"{{value}} napon belül","other":"{{value}} napon belül"}},"weeks-until-long":{"_index":["plural","value"],"_":{"zero":"ez a hét","one":"következő hét","two":"{{value}} héten belül","few":"{{value}} héten belül","many":"{{value}} héten belül","other":"{{value}} héten belül"}},"months-until-long":{"_index":["plural","value"],"_":{"zero":"ez a hónap","one":"következő hónap","two":"{{value}} héten belül","few":"{{value}} héten belül","many":"{{value}} héten belül","other":"{{value}} héten belül"}},"years-until-long":{"_index":["plural","value"],"_":{"zero":"ez az év","one":"következő év","two":"{{value}} éven belül","few":"{{value}} éven belül","many":"{{value}} éven belül","other":"{{value}} éven belül"}},"minutes-ago-short":{"_index":["plural","value"],"_":{"zero":"épp most","other":"{{value}}p ezelőtt"}},"hours-ago-short":{"_index":["plural","value"],"_":{"zero":"épp most","other":"{{value}}ó ezelőtt"}},"days-ago-short":{"_index":["plural","value"],"_":{"zero":"ma","other":"{{value}}n ezelőtt"}},"minutes-until-short":{"_index":["plural","value"],"_":{"zero":"most","other":"{{value}} percen belül"}},"hours-until-short":{"_index":["plural","value"],"_":{"zero":"most","other":"{{value}} órán belül"}},"days-until-short":{"_index":["plural","value"],"_":{"zero":"ma","other":"{{value}} napon belül"}},"incorrectDate":"(helytelen dátum)","dateTimeFormat_%c":"%Y. %b %d %a %H:%M:%S","dateTimeFormat_%x":"%Y. %m. %d.","dateTimeFormat_%X":"%H:%M:%S","shortTimeFormat":"%H:%M","shortDateTimeFormat":"%x %H:%M","weekStartsOnMonday":"0","time_am":"DE","time_pm":"DU"}