{"topup-confirmation-title2":"사용량","topup-confirmation-message":"충전 확인됨","topup-incorrectcode-title2":"사용량","topup-incorrectcode-message3":"올바르지 않은 코드입니다.","updating":"업데이트 중","updating-ellipsis":"업데이트 중…","yesterday":"어제","today":"오늘","never":"설정 안함","magnitude":"{{value}} {{unit}}","currency":"{{currency}}{{value}}","widget":"사용량 위젯","widget-authed-sim-heading":"새 {{provider}} SIM 넣음","widget-authed-sim-meta":"여기를 누르면 인터넷 사용량을 추적합니다.","widget-nonauthed-sim-heading":"새 SIM 넣음","widget-nonauthed-sim-meta":"여기를 누르면 인터넷 사용량을 추적합니다.","widget-airplane-mode-heading":"Airplane Mode","widget-airplane-mode-meta":"Please, turn off airplane mode to enable Usage.","widget-no-sim2-heading":"SIM 없음","widget-no-sim2-meta":"사용량을 보려면 SIM을 넣으십시오","widget-sim-locked-heading":"SIM카드 잠김","widget-sim-locked-meta":"사용량을 확인하기 위해 SIM카드를 잠금해제 하십시오.","fte":"사용량 추적","fte-authed-sim":"전화와 인터넷 사용량을 추적해서 요금을 절약합니다.","fte-nonauthed-sim":"인터넷 사용량을 추적해서 요금을 절약합니다.","fte-no-sim":"인터넷을 얼마나 사용하는지 살펴 봅니다.","fte-sim-info2":"현재 사용량 정보는 기기에서 측정된 것입니다. 보다 자세한 계정 정보는 모바일 서비스 제공사에 문의해 보십시오.","fte-plantype-title":"요금제 종류","fte-plantype-hint":"통신사에서 제공하는 요금제를 선택하십시오.","fte-prepaid2-title":"잔액 부족 알림 ","fte-prepaid2-hint":"잔액 부족을 막기 위해 알림을 설정하십시오.","fte-prepaid3-title":"데이터 사용량 보고와 알림","fte-prepaid3-hint":"인터넷 사용량을 보고받고 너무 많이 사용하지 않도록 알림을 설정하십시오.","fte-postpaid2-title":"전화와 데이터 보고","fte-postpaid2-hint":"전화와 인터넷 사용량에 대해 보고를 받으시오.","fte-postpaid3-title":"데이터 알림","fte-postpaid3-hint":"데이터를 너무 많이 사용하지 않도록 알림을 설정하십시오.","fte-onlydata2-title":"데이터 보고","fte-onlydata2-hint":"인터넷 사용량에 대해 보고를 받으십시오.","fte-onlydata3-title":"데이터 알림","fte-onlydata3-hint":"데이터를 너무 많이 사용하지 않도록 알림을 설정하십시오.","phone-activity":"전화 사용","balance":"잔액","on-roaming-message2":"로밍: 잔액 업데이트를 자동으로 하지 않습니다. 업데이트를 수동으로 진행할 경우 요금이 추가로 부과될 수 있습니다.","balance-error-message2":"잔액을 업데이트하는 중 오류가 발생했습니다. 직접 다시 시도해 보십시오.","airplane-mode-error-message2":"잔액 업데이트와 충전을 위해서 비행기 모드를 꺼 주십시오.","disable-airplane-mode":"비행기 모드를 꺼서 업데이트하거나 충전하시겠습니까?","no-coverage-error-message2":"잔액 업데이트와 충전을 하기 위해서 수신지역으로 이동해 주십시오.","top-up":"충전","enter-top-up-code":"충전 코드 입력","top-up-code-explanation2":"스크래치 카드나 영수증에서 충전 코드를 찾을 수 있습니다.","wait-for-confirmation":"확인 메시지를 받을 것입니다","incorrect-code2":"코드가 올바르지 않습니다. 다시 시도해 주십시오.","topup-error2":"코드를 보내는데 문제가 있습니다. 다시 시도해 주십시오.","application-error-title":"서비스 이용 불가","application-error-message":"서비스를 제공하는 회사의 고객센터에 연락해 보십시오.","service-unavailable-title":"서비스 이용 불가","service-unavailable-message":"업데이트나 충전을 일시적으로 할 수 없습니다. 잠시 후 다시 시도해주십시오.","data-usage":"데이터 사용량","update-button":"새로 고침","topup-button2":"코드로 충전","topup-ussd-button2":"충전 메뉴 열기","ok":"확인","top-up-in-progress2":"충전중입니다.","top-up-timed-out2":"충전이 완료되었습니다. 잔액이 변하지 않았다면 다시 한번 충전 해 보십시오.","on-topup-not-confirmed-title":"충전이 확인되지 않았습니다.","on-topup-not-confirmed-message":"잔액을 업데이트한 후 다시 충전해보십시오.","send":"보내기","plantype-setup-title":"이 전화의 인터넷 요금제:","prepaid":"선불","postpaid":"후불","phoneactivity":"전화 사용","short-date-format":"%b %d일","sms-sent":"보낸 SMS","call-made":"전화 걸기","settings":"설정","low-balance-alert":"잔액 부족 알림","low-balance-explanation2":"잔액이 부족할 경우","phone-and-internet-data-report":"전화와 인터넷 데이터 보고","starting-on":"시작","cancel":"취소","set":"설정","set-day":"요일 설정","set-date":"일 설정","monthly":"월별","weekly":"주별","monday":"월요일","tuesday":"화요일","wednesday":"수요일","thursday":"목요일","friday":"금요일","saturday":"토요일","sunday":"일요일","monday-abbr":"월","tuesday-abbr":"화","wednesday-abbr":"수","thursday-abbr":"목","friday-abbr":"금","saturday-abbr":"토","sunday-abbr":"일","billing-cycle-ends":"결제 주기 완료","tracking-will-reset":"해당 날짜에 추적 정보가 재설정됩니다.","yes":"예","done":"완료","confirmation":"확인","reset-confirmation-warning":"현재 데이터가 모두 삭제됩니다. 그래도 재설정하시겠습니까?","reset":"재설정","reset-wifi":"Wi-Fi 사용량 재설정","reset-mobile":"모바일 사용량 재설정","reset-all-data-usage":"모바일 및 Wi-Fi 사용량 재설정","not-set":"설정 안됨","used":"사용량","limit-passed":"제한 한도 초과","limit":"제한량","data-limit-header":"데이터 사용 제한","data-limit-alert":"데이터 사용 알림","data-limit-value2":"데이터 사용시 알림","data-limit-dialog-title2":"모바일 데이터 이용 제한량 입력","data-limit-dialog-explanation2":"제한량에 도달하면 알림과 함께 연결 속도를 내립니다. 올바른 알림 등급이 설정되어 있는지 데이터 제공자에 확인해 보십시오.","wifi-usage":"Wi-Fi 사용량","mobile-usage":"모바일 사용량","wifi-usage-settings":"Wi-Fi 사용량","mobile-usage-settings":"모바일 사용량","im-prepaid":"선불","im-postpaid":"선불","reset-data-usage":"데이터 사용량 초기화","reset-report":"보고 재설정","next":"다음","back":"뒤로","lets-go":"시작!","alert":"알림","alert-limit":"제한 알림","fte-welcome-title":"환영합니다","data-limit-notification-title2":"{{limit}} 데이터 사용","data-limit-notification-text2":"설정된 데이터 제한에 도달함","low-balance-notification-title":"잔액이 얼마 없음","low-balance-notification-text":"잔액이 {{remaining}} 남음","zero-balance-message":"잔액이 없습니다. 전화에 충전할 금액이 남아있지 않습니다.","not-available":"사용할 수 없음","usage":"사용량","internet":"인터넷","phone":"전화","loading-interface-data":"데이터 인터페이스 가져오는 중. 잠시 후 재시도하십시오.","chart-date-format":"%B %e일","verbose-chart-date-format":"{{em-month}} {{monthday-number}}","day-hour-format":"{{day}}, {{time}}","B":"B","KB":"KB","MB":"MB","GB":"GB","weekday-0-long":"일요일","weekday-1-long":"월요일","weekday-2-long":"화요일","weekday-3-long":"수요일","weekday-4-long":"목요일","weekday-5-long":"금요일","weekday-6-long":"토요일","weekday-0-short":"일","weekday-1-short":"월","weekday-2-short":"화","weekday-3-short":"수","weekday-4-short":"목","weekday-5-short":"금","weekday-6-short":"토","month-0-long":"1월","month-1-long":"2월","month-2-long":"3월","month-3-long":"4월","month-4-long":"5월","month-5-long":"6월","month-6-long":"7월","month-7-long":"8월","month-8-long":"9월","month-9-long":"10월","month-10-long":"11월","month-11-long":"12월","month-0-genitive":"1월","month-1-genitive":"2월","month-2-genitive":"3월","month-3-genitive":"4월","month-4-genitive":"5월","month-5-genitive":"6월","month-6-genitive":"7월","month-7-genitive":"8월","month-8-genitive":"9월","month-9-genitive":"10월","month-10-genitive":"11월","month-11-genitive":"12월","month-0-short":"1월","month-1-short":"2월","month-2-short":"3월","month-3-short":"4월","month-4-short":"5월","month-5-short":"6월","month-6-short":"7월","month-7-short":"8월","month-8-short":"9월","month-9-short":"10월","month-10-short":"11월","month-11-short":"12월","minutes-ago-long":{"_index":["plural","value"],"_":{"zero":"지금","one":"1분 전","two":"{{value}}분 전","few":"{{value}}분 전","many":"{{value}}분 전","other":"{{value}}분 전"}},"hours-ago-long":{"_index":["plural","value"],"_":{"zero":"지금","one":"1시간 전","two":"{{value}}시간 전","few":"{{value}}시간 전","many":"{{value}}시간 전","other":"{{value}}시간 전"}},"days-ago-long":{"_index":["plural","value"],"_":{"zero":"오늘","one":"어제","two":"{{value}}일 전","few":"{{value}}일 전","many":"{{value}}일 전","other":"{{value}}일 전"}},"weeks-ago-long":{"_index":["plural","value"],"_":{"zero":"이번 주","one":"지난 주","two":"{{value}}주 전","few":"{{value}}주 전","many":"{{value}}주 전","other":"{{value}}주 전"}},"months-ago-long":{"_index":["plural","value"],"_":{"zero":"이번 달","one":"지난 달","two":"{{value}}개월 전","few":"{{value}}개월 전","many":"{{value}}개월 전","other":"{{value}}개월 전"}},"years-ago-long":{"_index":["plural","value"],"_":{"zero":"올해","one":"작년","two":"{{value}}년 전","few":"{{value}}년 전","many":"{{value}}년 전","other":"{{value}}년 전"}},"minutes-until-long":{"_index":["plural","value"],"_":{"zero":"지금","one":"1분 후","two":"{{value}}분 후","few":"{{value}}분 후","many":"{{value}}분 후","other":"{{value}}분 후"}},"hours-until-long":{"_index":["plural","value"],"_":{"zero":"지금","one":"한 시간 후","two":"{{value}}시간 후","few":"{{value}}시간 후","many":"{{value}}시간 후","other":"{{value}}시간 후"}},"days-until-long":{"_index":["plural","value"],"_":{"zero":"오늘","one":"내일","two":"{{value}}일 후","few":"{{value}}일 후","many":"{{value}}일 후","other":"{{value}}일 후"}},"weeks-until-long":{"_index":["plural","value"],"_":{"zero":"이번 주","one":"다음 주","two":"{{value}}주 후","few":"{{value}}주 후","many":"{{value}}주 후","other":"{{value}}주 후"}},"months-until-long":{"_index":["plural","value"],"_":{"zero":"이번 달","one":"다음 달","two":"{{value}}개월 후","few":"{{value}}개월 후","many":"{{value}}개월 후","other":"{{value}}개월 후"}},"years-until-long":{"_index":["plural","value"],"_":{"zero":"올해","one":"내년","two":"{{value}}년 후","few":"{{value}}년 후","many":"{{value}}년 후","other":"{{value}}년 후"}},"minutes-ago-short":{"_index":["plural","value"],"_":{"zero":"지금","other":"{{value}}분 전"}},"hours-ago-short":{"_index":["plural","value"],"_":{"zero":"지금","other":"{{value}}시간 전"}},"days-ago-short":{"_index":["plural","value"],"_":{"zero":"오늘","other":"{{value}}일 전"}},"minutes-until-short":{"_index":["plural","value"],"_":{"zero":"지금","other":"{{value}}분 후"}},"hours-until-short":{"_index":["plural","value"],"_":{"zero":"지금","other":"{{value}}시간 후"}},"days-until-short":{"_index":["plural","value"],"_":{"zero":"오늘","other":"{{value}}일 후"}},"incorrectDate":"(잘못된 날짜)","dateTimeFormat_%c":"%Y년 %B %e일 %a %I:%M:%S %p","dateTimeFormat_%x":"%Y/%m/%d","dateTimeFormat_%X":"%I:%M:%S %p","shortTimeFormat":"%I:%M %p","shortDateTimeFormat":"%x %I:%M %p","weekStartsOnMonday":"0","time_am":"오전","time_pm":"오후"}