{"topup-confirmation-title2":"Penggunaan","topup-confirmation-message":"Isian semula berjaya","topup-incorrectcode-title2":"Penggunaan","topup-incorrectcode-message3":"Kos isian semula yang salah telah dimasukkan.","updating":"Mengemaskini","updating-ellipsis":"Mengemaskini…","yesterday":"Semalam","today":"Hari ini","never":"Tidak sekali","magnitude":"{{value}} {{unit}}","currency":"{{currency}}{{value}}","widget":"Widget Penggunaan","widget-authed-sim-heading":"SIM {{provider}} baru telah diamsukkan","widget-authed-sim-meta":"Tap untuk menjejak penggunaan telefon dan internet anda.","widget-nonauthed-sim-heading":"SIM baru telah dimasukkan","widget-nonauthed-sim-meta":"Tap untuk menjejak penggunaan internet anda.","widget-airplane-mode-heading":"Airplane Mode","widget-airplane-mode-meta":"Please, turn off airplane mode to enable Usage.","widget-no-sim2-heading":"Tiada SIM dimasukkan","widget-no-sim2-meta":"Masukkan SIM dan bolehkan Penggunaan.","widget-sim-locked-heading":"SIM kad dikunci","widget-sim-locked-meta":"Buka kunci SIM anda untuk bolehkan Penggunaan.","fte":"Pengalaman Kali Pertama Penggunaan","fte-authed-sim":"Jimatkan wang dengan menjejak penggunaan telefon dan internet anda.","fte-nonauthed-sim":"Jimatkan wang dengan menjejak penggunaan internet anda.","fte-no-sim":"Dapatkan maklumat sebenar perihal sebanyak mana anda menggunakan internet.","fte-sim-info2":"Maklumat ditunjukkan pada Penggunaan datang secara terus daripada peranti ini. Periksa penyedia perkhidmatan telefon bimbit anda untuk perincian info akaun.","fte-plantype-title":"Jenis Kontrak","fte-plantype-hint":"Pilih jenis kontrak yang anda miliki dengan penyedia perkhidmatan selular anda.","fte-prepaid2-title":"Waspada Baki Rendah","fte-prepaid2-hint":"Hantar waspada bagi mengelakkan kehabisan kredit.","fte-prepaid3-title":"Data Laporan dan Waspada","fte-prepaid3-hint":"Terima laporan perihal penggunaan Internet anda dan tetapkan waspada bagi mengelakkan penggunaan berlebihan.","fte-postpaid2-title":"Laporan Telefon dan Data","fte-postpaid2-hint":"Terima lasporan perihal penggunaan telefon dan Internet anda.","fte-postpaid3-title":"Data Waspada","fte-postpaid3-hint":"Tetapkan waspada bagi mengelakkan penggunaan data yang berlebihan.","fte-onlydata2-title":"Laporan Data","fte-onlydata2-hint":"Terima laporan perihal penggunaan internet anda.","fte-onlydata3-title":"Data Waspada","fte-onlydata3-hint":"Tetapkan waspada bagi mengelakkan penggunaan data yang berlebihan.","phone-activity":"Aktiviti Telefon","balance":"Baki","on-roaming-message2":"Perantauan: tiada baki automatik dikemaskini. Anda mungkin dikenakan cas untuk mengemaskini secara manual.","balance-error-message2":"Baki tidak dikemaskini dengan betul. Cuba mengemaskini secara manual.","airplane-mode-error-message2":"Matikan mod pesawat untuk mengemaskini baki anda atau isian semula.","disable-airplane-mode":"Adakan anda ingin melumpuhkan mod Pesawat untuk mengemaskini atau isian semula?","no-coverage-error-message2":"Anda memerlukan liputan telefon untuk mengemaskini baki anda atau isian semula.","top-up":"Isian Semula","enter-top-up-code":"Masukkan kod isian semula","top-up-code-explanation2":"Carinya pada kad gores atau secara terus dalam resit anda.","wait-for-confirmation":"Anda akan menerima mesej pengesahan","incorrect-code2":"Pastikan kod adalah betul dan cuba lagi.","topup-error2":"Terdapat masalah menghantar kod. Sila cuba lagi.","application-error-title":"Tiada perkhidmatan","application-error-message":"Hubungi wakil syariakt anda","service-unavailable-title":"Tiada perkhidmatan","service-unavailable-message":"Tidak dapat mengemaskini atau isian semula pada ketika ini. Sila cuba lagi.","data-usage":"Penggunaan data","update-button":"Kemaskini","topup-button2":"Gunakan kod isian semula","topup-ussd-button2":"Buka menu isian semula","ok":"OK","top-up-in-progress2":"Isian semula anda sedang diproses.","top-up-timed-out2":"Kemaskini baki anda untuk kepastian. Jika baki tidak berubah, cuba lagi untuk membuat isian semula.","on-topup-not-confirmed-title":"Isian semula tidak pasti","on-topup-not-confirmed-message":"Cuba mengemaskini baki anda atau cubaan pengisian semula.","send":"hantar","plantype-setup-title":"Pelan telefon dan Internet saya adalah ","prepaid":"Pra bayar","postpaid":"Pasca bayar","phoneactivity":"Aktiviti Telefon","short-date-format":"%b, %d","sms-sent":"Hantar SMS","call-made":"Panggilan dibuat","settings":"Tetapan","low-balance-alert":"Waspada baki rendah","low-balance-explanation2":"Apabila baki di bawah","phone-and-internet-data-report":"Laporan data telefon dan Internet","starting-on":"Dimulakan pada","cancel":"Batal","set":"Tetapkan","set-day":"Hari ditetapkan","set-date":"Tarikh ditetapkan","monthly":"Bulanan","weekly":"Mingguan","monday":"Isnin","tuesday":"Selasa","wednesday":"Rabu","thursday":"Khamis","friday":"Jumaat","saturday":"Sabtu","sunday":"Ahad","monday-abbr":"Isn","tuesday-abbr":"Sel","wednesday-abbr":"Rab","thursday-abbr":"Kha","friday-abbr":"Jum","saturday-abbr":"Sab","sunday-abbr":"Aha","billing-cycle-ends":"Kitaran bil berakhir","tracking-will-reset":"Penjejakan akan diulang tetap pada tarikh ini","yes":"Ya","done":"Selesai","confirmation":"Pengesahan","reset-confirmation-warning":"Semua data semasa akan dihapuskan. Adakah anda pastu untuk mengulang tetap?","reset":"Ulang tetap","reset-wifi":"Ulang tetap penggunaan Wi-Fi","reset-mobile":"Ulang tetap penggunaan telefon","reset-all-data-usage":"Ulang tetap data telefon dan Wi-Fi","not-set":"Tidak ditetapkan","used":"Digunakan","limit-passed":"Had terlepas","limit":"Had","data-limit-header":"Had penggunaan data","data-limit-alert":"Waspada penggunaan data","data-limit-value2":"Apabila penggunaan di atas","data-limit-dialog-title2":"Masukkan waspada had data telefon","data-limit-dialog-explanation2":"Kelajuan sambungan dikurangkan selepas mencecah had. Periksa dengan penyedia data anda untuk menetapkan paras waspada yang sepatutnya.","wifi-usage":"Penggunaan Wi-Fi","mobile-usage":"Penggunaan telefon","wifi-usage-settings":"Penggunaan Wi-Fi","mobile-usage-settings":"Penggunaan telefon","im-prepaid":"Saya gunakan Pra-bayar","im-postpaid":"Saya gunakan Pasca-bayar","reset-data-usage":"Ulang tetap penggunaan data","reset-report":"Ulang tetap laporan","next":"Maju","back":"Undur","lets-go":"Mari!","alert":"Waspada","alert-limit":"Had Waspada","fte-welcome-title":"Selamat Datang","data-limit-notification-title2":"{{limit}} daripada data digunakan","data-limit-notification-text2":"Anda teleh mencecah had yang dipilih","low-balance-notification-title":"Baki rendah","low-balance-notification-text":"{{remaining}} kredit telefon yang tinggal","zero-balance-message":"Baki mencecah kosong, tiada lagi kredit yang tinggal.","not-available":"Tiada","usage":"Penggunaan","internet":"Internet","phone":"Telefon","loading-interface-data":"Memuat data antaramuka. Sila cuba seketika nanti.","chart-date-format":"%b %e","verbose-chart-date-format":"{{em-month}} {{monthday-number}}","day-hour-format":"{{day}}, {{time}}","B":"B","KB":"KB","MB":"MB","GB":"GB","weekday-0-long":"Ahad","weekday-1-long":"Isnin","weekday-2-long":"Selasa","weekday-3-long":"Rabu","weekday-4-long":"Khamis","weekday-5-long":"Jumaat","weekday-6-long":"Sabtu","weekday-0-short":"Ahad","weekday-1-short":"Isnin","weekday-2-short":"Selasa","weekday-3-short":"Rabu","weekday-4-short":"Khamis","weekday-5-short":"Jumaat","weekday-6-short":"Sabtu","month-0-long":"Januari","month-1-long":"Februari","month-2-long":"Mac","month-3-long":"April","month-4-long":"Mei","month-5-long":"Jun","month-6-long":"Julai","month-7-long":"Ogos","month-8-long":"September","month-9-long":"Oktober","month-10-long":"November","month-11-long":"Disember","month-0-genitive":"Januari","month-1-genitive":"Februari","month-2-genitive":"Mac","month-3-genitive":"April","month-4-genitive":"Mei","month-5-genitive":"Jun","month-6-genitive":"Julai","month-7-genitive":"Ogos","month-8-genitive":"September","month-9-genitive":"Oktober","month-10-genitive":"November","month-11-genitive":"Disember","month-0-short":"Jan","month-1-short":"Feb","month-2-short":"Mac","month-3-short":"Apr","month-4-short":"Mei","month-5-short":"Jun","month-6-short":"Jul","month-7-short":"Ogos","month-8-short":"Sep","month-9-short":"Okt","month-10-short":"Nov","month-11-short":"Dis","minutes-ago-long":{"_index":["plural","value"],"_":{"zero":"sebentar tadi","one":"satu minit lalu","two":"{{value}} minit lalu","few":"{{value}} minit lalu","many":"{{value}} minit lalu","other":"{{value}} minit lalu"}},"hours-ago-long":{"_index":["plural","value"],"_":{"zero":"sebentar tadi","one":"sejam yang lalu","two":"{{value}} jam lalu","few":"{{value}} jam lalu","many":"{{value}} jam lalu","other":"{{value}} jam lalu"}},"days-ago-long":{"_index":["plural","value"],"_":{"zero":"hari ini","one":"semalam","two":"{{value}} hari lalu","few":"{{value}} hari lalu","many":"{{value}} hari lalu","other":"{{value}} hari lalu"}},"weeks-ago-long":{"_index":["plural","value"],"_":{"zero":"minggu ini","one":"minggu lalu","two":"{{value}} minggu lalu","few":"{{value}} minggu lalu","many":"{{value}} minggu lalu","other":"{{value}} minggu lalu"}},"months-ago-long":{"_index":["plural","value"],"_":{"zero":"bulan ini","one":"bulan lalu","two":"{{value}} bulan lalu","few":"{{value}} bulan lalu","many":"{{value}} minit lalu","other":"{{value}} minit lalu"}},"years-ago-long":{"_index":["plural","value"],"_":{"zero":"tahun ini","one":"tahun lalu","two":"{{value}} tahun lalu","few":"{{value}} tahun lalu","many":"{{value}} tahun lalu","other":"{{value}} tahun lalu"}},"minutes-until-long":{"_index":["plural","value"],"_":{"zero":"sekarang","one":"dalam satu minit","two":"dalam {{value}} minit","few":"dalam {{value}} minit","many":"dalam {{value}} minit","other":"dalam {{value}} minit"}},"hours-until-long":{"_index":["plural","value"],"_":{"zero":"sekarang","one":"dalam satu jam","two":"dalam {{value}} jam","few":"dalam {{value}} jam","many":"dalam {{value}} jam","other":"dalam {{value}} jam"}},"days-until-long":{"_index":["plural","value"],"_":{"zero":"hari ini","one":"esok","two":"dalam {{value}} hari","few":"dalam {{value}} hari","many":"dalam {{value}} hari","other":"dalam {{value}} hari"}},"weeks-until-long":{"_index":["plural","value"],"_":{"zero":"minggu ini","one":"minggu depan","two":"dalam {{value}} minggu","few":"dalam {{value}} minggu","many":"dalam {{value}} minggu","other":"dalam {{value}} minggu"}},"months-until-long":{"_index":["plural","value"],"_":{"zero":"bulan ini","one":"bulan depan","two":"dalam {{value}} bulan","few":"dalam {{value}} bulan","many":"dalam {{value}} bulan","other":"dalam {{value}} bulan"}},"years-until-long":{"_index":["plural","value"],"_":{"zero":"tahun ini","one":"tahun depan","two":"dalam {{value}} tahun","few":"dalam {{value}} tahun","many":"dalam {{value}} tahun","other":"dalam {{value}} tahun"}},"minutes-ago-short":{"_index":["plural","value"],"_":{"zero":"sebentar tadi","other":"{{value}} minit lalu"}},"hours-ago-short":{"_index":["plural","value"],"_":{"zero":"sebentar tadi","other":"{{value}} jam lalu"}},"days-ago-short":{"_index":["plural","value"],"_":{"zero":"hari ini","other":"{{value}} hari lalu"}},"minutes-until-short":{"_index":["plural","value"],"_":{"zero":"sekarang","other":"dalam {{value}} minit"}},"hours-until-short":{"_index":["plural","value"],"_":{"zero":"sekarang","other":"dalam {{value}} jam"}},"days-until-short":{"_index":["plural","value"],"_":{"zero":"hari ini","other":"dalam {{value}} hari"}},"incorrectDate":"(tarikh tidak betul)","dateTimeFormat_%c":"%a %b %e %Y %I:%M:%S %p","dateTimeFormat_%x":"%m/%d/%Y","dateTimeFormat_%X":"%I:%M:%S %p","shortTimeFormat":"%I:%M %p","shortDateTimeFormat":"%x %I:%M %p","weekStartsOnMonday":"0","time_am":"PG","time_pm":"PTG"}