{"topup-confirmation-title2":"प्रयोग","topup-confirmation-message":"Top-up पुष्टि भयो","topup-incorrectcode-title2":"प्रयोग","topup-incorrectcode-message3":"गलत top-up कोड प्रविष्ट गर्नुभयो।","updating":"अद्याबधिक गर्दै","updating-ellipsis":"अद्यावधिक गर्दै...","yesterday":"हिजो","today":"आज","never":"कहिले पनि होइन","magnitude":"{{value}} {{unit}}","currency":"{{currency}}{{value}}","widget":"प्रयोग विजेट","widget-authed-sim-heading":"नयाँ {{provider}} SIM घुसाइयो","widget-authed-sim-meta":"तपाईको फोन र इन्टरनेट प्रयोग थाहा पाउनका लागि थिच्नुहोस् |","widget-nonauthed-sim-heading":"नयाँ SIM घुसाइयो","widget-nonauthed-sim-meta":"तपाईको इन्टरनेट प्रयोग थाहा पाउनका लागि थिच्नुहोस् |","widget-airplane-mode-heading":"Airplane Mode","widget-airplane-mode-meta":"Please, turn off airplane mode to enable Usage.","widget-no-sim2-heading":"कुनै सिम घुसाइएको छैन","widget-no-sim2-meta":"प्रयोग सक्षम पार्नका लागि SIM घुसाउनुहोस्।","widget-sim-locked-heading":"सिम कार्ड ताल्चा लगाइयो","widget-sim-locked-meta":"प्रयोग सक्षम पार्न तपाईँको SIMबाट ताल्चा हटाउनुहोस्।","fte":"प्रयोगको पहिलो अनुभव","fte-authed-sim":"तपाईको फोन र इन्टरनेट प्रयोग थाहा पाएर पैसा बचत गर्नुहोस् |","fte-nonauthed-sim":"तपाईको इन्टरनेट प्रयोग थाहा पाएर पैसा बचत गर्नुहोस् |","fte-no-sim":"तपाईले कतिको इन्टरनेट प्रयोग गर्नुभाकोछ भन्ने बारेमा स्पष्ट जानकारी पाउनुहोस् |","fte-sim-info2":"प्रयोगमा देखाइएको सूचनाहरु सिधै यस यन्त्रबाट आउछ | खाताको बिस्तृत जानकारीका लागि तपाईको मोबाइल सेवा प्रदायकसँग जाँच्नुहोस् |","fte-plantype-title":"समझौताका प्रकार","fte-plantype-hint":"तपाईको मोबाइल सेवा प्रदायकसंग भएको समझौताको प्रकार चयन गर्नुहोस्।","fte-prepaid2-title":"कम ब्यालेन्स सतर्कता","fte-prepaid2-hint":"कम श्रेय हुनबाट बच्न सतर्कता सेट गर्नहोस्।","fte-prepaid3-title":"डाटा प्रतिवेदन र सतर्कता","fte-prepaid3-hint":"तपाईको इन्टरनेट प्रयोगबारे प्रतिवेदन पाउनुहोस् र धेरै चलाउनबाट बच्न सतर्कता सेट गर्नहोस्।","fte-postpaid2-title":"फोन र डाटा प्रतिवेदन","fte-postpaid2-hint":"तपाईको फोन र इन्टरनेट प्रयोगबारे प्रतिवेदन पाउनुहोस्।","fte-postpaid3-title":"डाटा सतर्कता","fte-postpaid3-hint":"धेरै डाटा चलाउनबाट बच्न सतर्कता सेट गर्नहोस्।","fte-onlydata2-title":"डाटा प्रतिवेदन","fte-onlydata2-hint":"तपाईको इन्टरनेट प्रयोगबारे प्रतिवेदन पाउनुहोस्।","fte-onlydata3-title":"डाटा सतर्कता","fte-onlydata3-hint":"धेरै डाटा चलाउनबाट बच्न सतर्कता सेट गर्नहोस्।","phone-activity":"फोन क्रियाकलाप","balance":"सन्तुलन","on-roaming-message2":"रोमीङ: स्वत: ब्यालेन्स अपडेट उपलब्ध छैन। आफै अपडेट गरेमा तपाईलाई शुल्क लाग्न सक्छ।","balance-error-message2":"ब्यालेन्स ठिक तवरले अपडेट हुन सकेन। आफै अपडेट गर्न कोसिस गर्नुहोस्।","airplane-mode-error-message2":"तपाईको ब्यालेन्स वा टप अप अद्यावधिक गर्न उडान शैली बन्द गर्नुहोस्।","disable-airplane-mode":"के तपाई अपडेट वा टप-अप गर्न उडान शैली अक्षम पार्न चाहनुहुन्छ?","no-coverage-error-message2":"तपाईको ब्यालेन्स वा टप अप अपडेट गर्न फोनले बेहोरेको हुनुपर्छ।","top-up":"टप अप","enter-top-up-code":"कृपया टप-अप कोड प्रविष्ट गर्नुहोस्","top-up-code-explanation2":"तपाईको स्क्र्याच कार्ड वा सिधै रसिदमा खोज्नुहोस्।","wait-for-confirmation":"तपाईले एउटा पुष्टिकरण सन्देश प्राप्त गर्नुहुनेछ","incorrect-code2":"कोड सहि छ भन्नेमा निश्चित गर्नुहोस् र फेरि प्रयास गर्नुहोस् ।","topup-error2":"कोड पठाँउदा एउटा समस्या आयो।कृपया फेरि प्रयास गर्नुहोस्।","application-error-title":"सेवा अनुपलब्ध","application-error-message":"तपाईको कम्पनीको प्रतिनिधिलाई सम्पर्क गर्नुहोस्","service-unavailable-title":"सेवा उपलब्ध छैन","service-unavailable-message":"अपडेट र टप-अप दुबै यस क्षणमा सम्भव छैन। कृपया केहि क्षण पछि पुन: प्रयास गर्नुहोस्।","data-usage":"डाटा प्रयोग","update-button":"अद्यावधिक गर्नुहोस्","topup-button2":"टप-अप कोड पर्योग गर्नुहोस्","topup-ussd-button2":"टप-अप मेनु खोल्नुहोस्","ok":"ठीक छ","top-up-in-progress2":"तपईको टप-अप मेनु प्रशोधन हुदैछ।","top-up-timed-out2":"तपाईको ब्यालेन्स अद्यावधिक गर्न पुष्टि गर्नुहोस्। ब्यालेन्स अपरिवर्तित भए, फेरि टप अप गर्न  प्रयास गर्नुहोस्।","on-topup-not-confirmed-title":"टप-अप पुष्टि हुन सकेन","on-topup-not-confirmed-message":"ब्यालेन्स रिचार्ज गर्ने प्रयास गर्नुहोस्।","send":"पठाउनुहोस्","plantype-setup-title":"मेरो फोन र इन्टरनेट योजना","prepaid":"प्रिपेड","postpaid":"पोष्टपेड","phoneactivity":"फोन क्रियाकलाप","short-date-format":"%b %d","sms-sent":"SMS पठाइयो","call-made":"गरिएका कलहरु","settings":"सेटिङहरू","low-balance-alert":"कम ब्यालेन्स चेतावनी","low-balance-explanation2":"जब ब्यालेन्स कम हुन्छ","phone-and-internet-data-report":"फोन र इन्टरनेट डाटा प्रतिवेदन","starting-on":"सुरु गर्दै","cancel":"रद्द गर्नुहोस्","set":"सेट गर्नुहोस्","set-day":"दिन सेट गर्नुहोस्","set-date":"मिति सेट गर्नुहोस्","monthly":"मासिक","weekly":"साप्ताहिक","monday":"सोमबार","tuesday":"मंगलबार","wednesday":"बुधबार","thursday":"बिहिबार","friday":"शुक्रबार","saturday":"शनीबार","sunday":"आइतबार","monday-abbr":"सोम","tuesday-abbr":"मङ्गल","wednesday-abbr":"बुध","thursday-abbr":"बिहि","friday-abbr":"शुक्र","saturday-abbr":"शनि","sunday-abbr":"आइत","billing-cycle-ends":"बिलिङ्ग चक्र समाप्त","tracking-will-reset":"Tracking will reset on this date","yes":"ठीक","done":"भयो","confirmation":"यकिन गर्नुहोस्","reset-confirmation-warning":"अहिलेका सम्पूर्ण डाटाहरु मेटिनेछन्। के तपाई रिसेट गर्ने कुरामा निश्चित हुनुहुन्छ?","reset":"रिसेट गर्नुहोस्","reset-wifi":"वाई-फाई प्रयोग रिसेट गर्नुहोस्","reset-mobile":"मोबाइल प्रयोग रिसेट गर्नुहोस्","reset-all-data-usage":"मोबाइल र वाई-फाईको डाटा रिसेट गर्नुहोस्","not-set":"सेट गरिएको छैन","used":"प्रयोग गरिएको","limit-passed":"सीमा कट्यो","limit":"सीमा","data-limit-header":"डाटा प्रयोग सीमा","data-limit-alert":"डाटा प्रयोग चेतावनी","data-limit-value2":"जब प्रयोग माथि छ","data-limit-dialog-title2":"सिमित मोबाइल डाटा प्रविष्ट सचेत गर्नुहोस्","data-limit-dialog-explanation2":"जडान गति सिमित पुगेपछी घट्नेछ । उचित सिमित बनाउन आफ्नो डाटा प्रदातासंग जांच गर्नुहोस । ","wifi-usage":"वाई-फाई प्रयोग","mobile-usage":"मोबाइल प्रयोग","wifi-usage-settings":"वाई-फाई प्रयोग","mobile-usage-settings":"मोबाइल प्रयोग","im-prepaid":"मेरो प्रि-पेड","im-postpaid":"मेरो पोस्ट-पेड","reset-data-usage":"डाटा प्रयोग रिसेट गर्नुहोस्","reset-report":"रेसेट प्रतिवेदन","next":"अर्को","back":"पछाडि","lets-go":"जाऊँ!","alert":"सावधानी","alert-limit":"सावधानी सीमा","fte-welcome-title":"स्वागतम","data-limit-notification-title2":"{{limit}}को डाटा प्रयोग गरियो","data-limit-notification-text2":"तपाईँ आफूले चयन गर्नुभएको सीमा पुग्नुभएको छ","low-balance-notification-title":"ब्यालेन्स कम","low-balance-notification-text":"{{remaining}} बाँकी फोन उधारो","zero-balance-message":"ब्यालेन्स शून्यमा पुग्यो, फोने उधारो बाकि छैन।","not-available":"उपलब्ध छैन","usage":"प्रयोग","internet":"इन्टरनेट","phone":"फोन","loading-interface-data":"इन्टरफेस डाटा लोड हुँदैछ। कृपया केहि क्षणपछि पुन:प्रयास गर्नुहोस्।","chart-date-format":"%b %e","verbose-chart-date-format":"{{em-month}} {{monthday-number}}","day-hour-format":"{{day}}, {{time}}","B":"B","KB":"किलो बाइट","MB":"मेगाबाइट","GB":"गिगाबाइट","weekday-0-long":"आइतबार","weekday-1-long":"सोमबार","weekday-2-long":"मंगलबार","weekday-3-long":"बुधबार","weekday-4-long":"बिहिबार","weekday-5-long":"शुक्रबार","weekday-6-long":"शनिबार","weekday-0-short":"आइत","weekday-1-short":"सोम","weekday-2-short":"मङ्गल","weekday-3-short":"बुध","weekday-4-short":"बिहि","weekday-5-short":"शुक्र","weekday-6-short":"शनि","month-0-long":"जनवरी","month-1-long":"फेब्रुअरी","month-2-long":"ंमार्च","month-3-long":"अप्रिल","month-4-long":"मे","month-5-long":"जुन","month-6-long":"जुलाई","month-7-long":"अगस्ट","month-8-long":"सेप्टेम्बर","month-9-long":"अक्टोबर","month-10-long":"नोभेम्बर","month-11-long":"डिसेम्बर","month-0-genitive":"जनवरी","month-1-genitive":"फेब्रुअरी","month-2-genitive":"ंमार्च","month-3-genitive":"अप्रिल","month-4-genitive":"मे","month-5-genitive":"जुन","month-6-genitive":"जुलाई","month-7-genitive":"अगस्ट","month-8-genitive":"सेप्टेम्बर","month-9-genitive":"अक्टोबर","month-10-genitive":"नोभेम्बर","month-11-genitive":"डिसेम्बर","month-0-short":"जन","month-1-short":"फेब","month-2-short":"मार्च","month-3-short":"अप्रिल","month-4-short":"मे","month-5-short":"जुन","month-6-short":"जुलाई","month-7-short":"अगस्ट","month-8-short":"सेप्टेम्वर","month-9-short":"अक्टुवर","month-10-short":"नोभेम्वर","month-11-short":"डिसेम्वर","minutes-ago-long":{"_index":["plural","value"],"_":{"zero":"भर्खरै","one":"एक मिनेट अगाडि","two":"{{value}} मिनेट अगाडि","few":"{{value}} मिनेट अगाडि","many":"{{value}} मिनेट अगाडि","other":"{{value}} मिनेट अगाडि"}},"hours-ago-long":{"_index":["plural","value"],"_":{"zero":"भर्खरै","one":"एक घन्टा अगाडि","two":"{{value}} घण्टा अगाडि","few":"{{value}} घण्टा अगाडि","many":"{{value}} घण्टा अगाडि","other":"{{value}} घण्टा अगाडि"}},"days-ago-long":{"_index":["plural","value"],"_":{"zero":"आज","one":"हिजो","two":"{{value}} दिन अगाडि","few":"{{value}} दिन अगाडि","many":"{{value}} दिन अगाडि","other":"{{value}} दिन अगाडि"}},"weeks-ago-long":{"_index":["plural","value"],"_":{"zero":"यो हप्ता","one":"गएको हप्ता","two":"{{value}} हप्ता अगाडि","few":"{{value}} हप्ता अगाडि","many":"{{value}} हप्ता अगाडि","other":"{{value}} हप्ता अगाडि"}},"months-ago-long":{"_index":["plural","value"],"_":{"zero":"यो महिना","one":"गएको महिना","two":"{{value}} महिना अगाडि","few":"{{value}} महिना अगाडि","many":"{{value}} महिना अगाडि","other":"{{value}} महिना अगाडि"}},"years-ago-long":{"_index":["plural","value"],"_":{"zero":"यो वर्ष","one":"अघिल्लो वर्ष","two":"{{value}} वर्ष अगाडि","few":"{{value}} वर्ष अगाडि","many":"{{value}} वर्ष अगाडि","other":"{{value}} वर्ष अगाडि"}},"minutes-until-long":{"_index":["plural","value"],"_":{"zero":"अहिले","one":"एक मिनेटमा","two":"{{value}} मिनेटमा","few":"{{value}} मिनेटमा","many":"{{value}} मिनेटमा","other":"{{value}} मिनेटमा"}},"hours-until-long":{"_index":["plural","value"],"_":{"zero":"अहिले","one":"एक घण्टामा","two":"{{value}} घण्टामा","few":"{{value}} घण्टामा","many":"{{value}} घण्टामा","other":"{{value}} घण्टामा"}},"days-until-long":{"_index":["plural","value"],"_":{"zero":"आज","one":"भोलि","two":"{{value}} दिनमा","few":"{{value}} दिनमा","many":"{{value}} दिनमा","other":"{{value}} दिनमा"}},"weeks-until-long":{"_index":["plural","value"],"_":{"zero":"यो हप्ता","one":"पछिल्लो हप्ता","two":"{{value}} हप्तामा","few":"{{value}} हप्तामा","many":"{{value}} हप्तामा","other":"{{value}} हप्तामा"}},"months-until-long":{"_index":["plural","value"],"_":{"zero":"यस महिना","one":"पछिल्लो महिना","two":"{{value}} महिनामा","few":"{{value}} महिनामा","many":"{{value}} महिनामा","other":"{{value}} महिनामा"}},"years-until-long":{"_index":["plural","value"],"_":{"zero":"यस बर्ष","one":"आर्को बर्ष","two":"{{value}} बर्षमा","few":"{{value}} बर्षमा","many":"{{value}} वर्षमा","other":"{{value}} वर्षमा"}},"minutes-ago-short":{"_index":["plural","value"],"_":{"zero":"भर्खरै","other":"{{value}}मिनेट अघि"}},"hours-ago-short":{"_index":["plural","value"],"_":{"zero":"भर्खरै","other":"{{value}}घण्टा अघि"}},"days-ago-short":{"_index":["plural","value"],"_":{"zero":"आज","other":"{{value}}दिन अघि"}},"minutes-until-short":{"_index":["plural","value"],"_":{"zero":"अहिले","other":"{{value}}मिनेटमा"}},"hours-until-short":{"_index":["plural","value"],"_":{"zero":"अहिले","other":"{{value}}घण्टामा"}},"days-until-short":{"_index":["plural","value"],"_":{"zero":"आज","other":"{{value}}दिनमा"}},"incorrectDate":"(गलत मिति)","dateTimeFormat_%c":"%a %b %e %Y %I:%M:%S %p","dateTimeFormat_%x":"%m/%d/%Y","dateTimeFormat_%X":"%I:%M:%S %p","shortTimeFormat":"%I:%M %p","shortDateTimeFormat":"%x %I:%M %p","weekStartsOnMonday":"0","time_am":"ए एम","time_pm":"पी एम"}