{"topup-confirmation-title2":"ਵਰਤੋਂ","topup-confirmation-message":"ਟਾਪ-ਅੱਪ ਪੁਸ਼ਟੀ ਕੀਤੀ","topup-incorrectcode-title2":"ਵਰਤੋਂ","topup-incorrectcode-message3":"ਗਲਤ ਟਾਪ-ਅੱਪ ਕੋਡ ਦਿੱਤਾ","updating":"ਅੱਪਡੇਟ ਜਾਰੀ","updating-ellipsis":"…ਅੱਪਡੇਟ ਕੀਤਾ ਜਾ ਰਿਹਾ ਹੈ","yesterday":"ਕੱਲ੍ਹ","today":"ਅੱਜ","never":"ਕਦੇ ਨਹੀਂ","magnitude":"{{value}} {{unit}}","currency":"{{currency}}{{value}}","widget":"ਵਰਤੋਂ ਵਿਦਜੈਟ","widget-authed-sim-heading":"ਨਵਾਂ {{provider}} ਸਿਮ ਪਾਇਆ","widget-authed-sim-meta":"ਆਪਣੇ ਫੋਨ ਅਤੇ ਇੰਟਰਨੈੱਟ ਵਰਤੋਂ ਬਾਰੇ ਧਿਆਨ ਰੱਖਣ ਲਈ ਛੂਹੋ","widget-nonauthed-sim-heading":"ਨਵਾਂ ਸਿਮ ਪਾਇਆ","widget-nonauthed-sim-meta":"ਆਪਣੇ ਇੰਟਰਨੈੱਟ ਦੀ ਵਰਤੋਂ ਦਾ ਧਿਆਨ ਰੱਖਣ ਲਈ ਛੂਹੋ","widget-airplane-mode-heading":"Airplane Mode","widget-airplane-mode-meta":"Please, turn off airplane mode to enable Usage.","widget-no-sim2-heading":"ਕੋਈ SIM ਨਹੀਂ ਪਾਇਆ","widget-no-sim2-meta":"ਵਰਤੋਂ ਸ਼ੁਰੂ ਕਰਨ ਲਈ SIM ਪਾਉ ਜੀ।","widget-sim-locked-heading":"ਲਾਕ ਕੀਤਾ ਸਿਮ ਕਾਰਡ","widget-sim-locked-meta":"ਵਰਤੋਂ ਕਰਨ ਲਈ ਆਪਣਾ ਸਿਮ ਅਣ-ਲਾਕ ਕਰੋ।","fte":"ਪਹਿਲੀ ਵਾਰ ਤਜਰਬਾ ਵਰਤੋਂ","fte-authed-sim":"Save money by keeping track of your phone and internet usage.","fte-nonauthed-sim":"Save money by keeping track of your internet usage.","fte-no-sim":"Get clear information about how much internet you’re using.","fte-sim-info2":"Information shown on Usage comes directly from this device. Check with your mobile service provider for detailed account information.","fte-plantype-title":"ਇਕਰਾਰ ਦੀ ਕਿਸਮ","fte-plantype-hint":"Select the type of contract you have with your mobile service provider.","fte-prepaid2-title":"ਘੱਟ ਬੈਲਨਸ ਚੇਤਾਵਨੀ","fte-prepaid2-hint":"Set an alert to avoid running out of credit.","fte-prepaid3-title":"ਡਾਟਾ ਰਿਪੋਰਟ ਅਤੇ ਚੇਤਾਵਨੀ","fte-prepaid3-hint":"Receive reports about your Internet usage and set an alert to avoid using too much.","fte-postpaid2-title":"ਫੋਨ ਤੇ ਡਾਟਾ ਰਿਪੋਰਟ","fte-postpaid2-hint":"Receive reports about your phone and Internet usage.","fte-postpaid3-title":"ਡਾਟਾ ਚੇਤਾਵਨੀ","fte-postpaid3-hint":"Set an alert to avoid using too much data.","fte-onlydata2-title":"ਡਾਟਾ ਰਿਪੋਰਟ","fte-onlydata2-hint":"Receive reports about your internet usage.","fte-onlydata3-title":"ਡਾਟਾ ਚੇਤਾਵਨੀ","fte-onlydata3-hint":"Set an alert to avoid using too much data.","phone-activity":"ਫੋਨ ਸਰਗਰਮੀ","balance":"Balance","on-roaming-message2":"Roaming: no automatic balance update. You might be charged for updating manually.","balance-error-message2":"Balance didn’t update correctly. Try updating manually.","airplane-mode-error-message2":"Turn off airplane mode to update your balance or top up.","disable-airplane-mode":"Do you want to disable Airplane mode to update or top up?","no-coverage-error-message2":"You need phone coverage to update your balance or top up.","top-up":"Top Up","enter-top-up-code":"ਟਾਪ-ਅੱਪ ਕੋਡ ਦਿਉ","top-up-code-explanation2":"Find it on the scratch card or directly in your receipt.","wait-for-confirmation":"You will receive a confirmation message","incorrect-code2":"Make sure the code is correct and try again.","topup-error2":"There was a problem sending the code. Please, try again.","application-error-title":"ਸੇਵਾ ਉਪਲੱਬਧ ਨਹੀਂ ਹੈ","application-error-message":"Contact your company representative","service-unavailable-title":"ਸੇਵਾ ਨਾ-ਉਪਲੱਬਧ","service-unavailable-message":"Neither update nor top-up is possible at the moment. Please try later.","data-usage":"ਡਾਟਾ ਵਰਤੋਂ","update-button":"ਅੱਪਡੇਟ","topup-button2":"ਟਾਪ-ਅੱਪ ਕੋਡ ਵਰਤੋਂ","topup-ussd-button2":"ਟਾਪ-ਅੱਪ ਮੇਨੂ ਖੋਲ੍ਹੋ","ok":"ਠੀਕ ਹੈ","top-up-in-progress2":"Your top-up is being processed.","top-up-timed-out2":"Update your balance to confirm. If balance is unchanged, try topping up again.","on-topup-not-confirmed-title":"Top-up not confirmed","on-topup-not-confirmed-message":"Try updating your balance or retry top-up.","send":"ਭੇਜੋ","plantype-setup-title":"ਮੇਰਾ ਫੋਨ ਅਤੇ ਇੰਟਰਨੈੱਟ ਸਕੀਮ ਹੈ","prepaid":"ਪ੍ਰੀਪੇਡ","postpaid":"ਪੋਸਟਪੇਡ","phoneactivity":"ਫੋਨ ਸਰਗਰਮੀ","short-date-format":"%b, %d","sms-sent":"ਭੇਜੇ SMS","call-made":"ਕੀਤੀਆ ਕਾਲਾਂ","settings":"ਸੈਟਿੰਗ","low-balance-alert":"ਘੱਟ ਬੈਲਨਸ ਚੇਤਾਵਨੀ","low-balance-explanation2":"ਜਦੋਂ ਬੈਲਨਸ ਇਸ ਤੋਂ ਘੱਟ ਹੋਵੇ","phone-and-internet-data-report":"ਫੋਨ ਤੇ ਇੰਟਰਨੈੱਟ ਡਾਟਾ ਰਿਪੋਰਟ","starting-on":"ਸ਼ੁਰੂ ਹੁੰਦਾ ਹੈ","cancel":"ਰੱਦ ਕਰੋ","set":"ਸੈੱਟ","set-day":"ਦਿਨ ਦਿਓ","set-date":"ਮਿਤੀ ਦਿਓ","monthly":"ਮਹੀਨੇਵਾਰ","weekly":"ਹਫ਼ਤੇਵਾਰ","monday":"ਸੋਮਵਾਰ","tuesday":"ਮੰਗਲਵਾਰ","wednesday":"ਬੁੱਧਵਰ","thursday":"ਵੀਰਵਾਰ","friday":"ਸ਼ੁੱਕਰਵਾਰ","saturday":"ਸ਼ਨਿੱਚਰਵਾਰ","sunday":"ਐਤਵਾਰ","monday-abbr":"ਸੋਮ","tuesday-abbr":"ਮੰਗਲ","wednesday-abbr":"ਬੁੱਧ","thursday-abbr":"ਵੀਰ","friday-abbr":"ਸ਼ੁੱਕਰ","saturday-abbr":"ਸ਼ਨਿੱਚਰ","sunday-abbr":"ਐਤ","billing-cycle-ends":"ਬਿੱਲ ਸਾਈਕਲ ਖਤਮ ਹੁੰਦਾ ਹੈ","tracking-will-reset":"ਇਸ ਮਿਤੀ ਨੂੰ ਟਰੈਕਿੰਗ ਮੁੜ-ਸੈੱਟ ਹੋਵੇਗੀ।","yes":"ਹਾਂ","done":"ਮੁਕੰਮਲ","confirmation":"ਪੁਸ਼ਟੀ","reset-confirmation-warning":"ਸਾਰਾ ਮੌਜੂਦਾ ਡਾਟਾ ਹਟਾਇਆ ਜਾਵੇਗਾ। ਕੀ ਤੁਸੀਂ ਮੁੜ-ਸੈੱਟ ਕਰਨਾ ਚਾਹੁੰਦੇ ਹੋ?","reset":"ਮੁੜ-ਸੈੱਟ","reset-wifi":"ਵਾਈ-ਫਾਈ ਵਰਤੋਂ ਮੁੜ-ਸੈੱਟ","reset-mobile":"ਮੋਬਾਇਲ ਵਰਤੋਂ ਮੁੜ-ਸੈੱਟ","reset-all-data-usage":"ਮੋਬਾਇਲ ਤੇ ਵਾਈ-ਫਾਈ ਡਾਟਾ ਮੁੜ-ਸੈੱਟ","not-set":"ਸੈੱਟ ਨਹੀਂ","used":"ਵਰਤਿਆ","limit-passed":"ਹੱਦ ਲੰਘੀ","limit":"ਹੱਦ","data-limit-header":"ਡਾਟਾ ਵਰਤੋਂ ਹੱਦ","data-limit-alert":"ਡਾਟਾ ਵਰਤੋਂ ਚੇਤਾਵਨੀ","data-limit-value2":"ਜਦੋਂ ਵਰਤੋਂ ਵੱਧ ਜਾਵੇ","data-limit-dialog-title2":"ਮੋਬਾਇਲ ਡਾਟਾ ਹੱਦ ਚੇਤਾਵਨੀ ਸੈੱਟ ਕਰੋ","data-limit-dialog-explanation2":"Connection speeds reduce after the limit is reached. Check with your data provider to set an appropriate alert level.","wifi-usage":"ਵਾਈ-ਫਾਈ ਵਰਤੋਂ","mobile-usage":"ਮੋਬਾਇਲ ਵਰਤੋਂ","wifi-usage-settings":"ਵਾਈ-ਫਾਈ ਵਰਤੋਂ","mobile-usage-settings":"ਮੋਬਾਇਲ ਵਰਤੋਂ","im-prepaid":"ਮੈਂ ਪ੍ਰੀ-ਪੇਡ ਹਾਂ","im-postpaid":"ਮੈਂ ਪੋਸਟ-ਪੇਡ ਹਾਂ","reset-data-usage":"ਡਾਟਾ ਵਰਤੋਂ ਮੁੜ-ਸੈੱਟ","reset-report":"ਰਿਪੋਰਟ ਮੁੜ-ਸੈੱਟ","next":"ਅੱਗੇ","back":"ਪਿੱਛੇ","lets-go":"ਆਓ ਚੱਲੀਏ!","alert":"ਚੇਤਾਵਨੀ","alert-limit":"ਚੇਤਾਵਨੀ ਹੱਦ","fte-welcome-title":"ਜੀ ਆਇਆਂ ਨੂੰ","data-limit-notification-title2":"{{limit}} ਡਾਟਾ ਵਰਤਿਆ","data-limit-notification-text2":"ਤੁਸੀਂ ਆਪਣੀ ਚੁਣੀ ਹੱਦ ਤੱਕ ਪਹੁੰਚ ਗਏ ਹੋ","low-balance-notification-title":"ਘੱਟ ਬੈਲਨਸ","low-balance-notification-text":"{{remaining}} ਫੋਨ ਕਰੈਡਿਟ ਬਾਕੀ ਹੈ","zero-balance-message":"ਬੈਲਨਸ ਸਿਫ਼ਰ ਹੋ ਗਿਆ ਹੈ, ਕੋਈ ਫੋਨ ਕਰੈਡਿਟ ਬਾਕੀ ਨਹੀਂ ਬਚਿਆ।","not-available":"ਉਪਲੱਬਧ ਨਹੀਂ","usage":"ਵਰਤੋਂ","internet":"ਇੰਟਰਨੈੱਟ","phone":"ਫੋਨ","loading-interface-data":"ਇੰਟਰਫੇਸ ਲੋਡ ਕੀਤਾ ਜਾ ਰਿਹਾ ਹੈ। ਕੁਝ ਕੁ ਪਲਾਂ ਵਿੱਚ ਫੇਰ ਕੋਸ਼ਿਸ਼ ਕਰੋ ਜੀ।","chart-date-format":"%b %e","verbose-chart-date-format":"{{em-month}} {{monthday-number}}","day-hour-format":"{{day}}, {{time}}","B":"B","KB":"KB","MB":"MB","GB":"GB","weekday-0-long":"ਐਤਵਾਰ","weekday-1-long":"ਸੋਮਵਾਰ","weekday-2-long":"ਮੰਗਲਵਾਰ","weekday-3-long":"ਬੁੱਧਵਾਰ","weekday-4-long":"ਵੀਰਵਾਰ","weekday-5-long":"ਸ਼ੁੱਕਰਵਾਰ","weekday-6-long":"ਸ਼ਨਿੱਚਰਵਾਰ","weekday-0-short":"ਐਤ","weekday-1-short":"ਸੋਮ","weekday-2-short":"ਮੰਗਲ","weekday-3-short":"ਬੁੱਧ","weekday-4-short":"ਵੀਰ","weekday-5-short":"ਸ਼ੁੱਕਰ","weekday-6-short":"ਸ਼ਨਿੱ","month-0-long":"ਜਨਵਰੀ","month-1-long":"ਫਰਵਰੀ","month-2-long":"ਮਾਰਚ","month-3-long":"ਅਪਰੈਲ","month-4-long":"ਮਈ","month-5-long":"ਜੂਨ","month-6-long":"ਜੁਲਾਈ","month-7-long":"ਅਗਸਤ","month-8-long":"ਸਤੰਬਰ","month-9-long":"ਅਕਤੂਬਰ","month-10-long":"ਨਵੰਬਰ","month-11-long":"ਦਸੰਬਰ","month-0-genitive":"ਜਨਵਰੀ","month-1-genitive":"ਫਰਵਰੀ","month-2-genitive":"ਮਾਰਚ","month-3-genitive":"ਅਪਰੈਲ","month-4-genitive":"ਮਈ","month-5-genitive":"ਜੂਨ","month-6-genitive":"ਜੁਲਾਈ","month-7-genitive":"ਅਗਸਤ","month-8-genitive":"ਸਤੰਬਰ","month-9-genitive":"ਅਕਤੂਬਰ","month-10-genitive":"ਨਵੰਬਰ","month-11-genitive":"ਦਸੰਬਰ","month-0-short":"ਜਨ","month-1-short":"ਫਰ","month-2-short":"ਮਾਰ","month-3-short":"ਅਪ","month-4-short":"ਮਈ","month-5-short":"ਜੂਨ","month-6-short":"ਜੁਲਾ","month-7-short":"ਅਗ","month-8-short":"ਸਤੰ","month-9-short":"ਅਕਤੂ","month-10-short":"ਨਵੰ","month-11-short":"ਦਸੰ","minutes-ago-long":{"_index":["plural","value"],"_":{"zero":"ਹੁਣੇ ਹੀਂ","one":"ਮਿੰਟ ਕੁ ਪਹਿਲਾਂ","two":"{{value}} ਮਿੰਟ ਪਹਿਲਾਂ","few":"{{value}} ਮਿੰਟ ਪਹਿਲਾਂ","many":"{{value}} ਮਿੰਟ ਪਹਿਲਾਂ","other":"{{value}}  ਮਿੰਟ ਪਹਿਲਾਂ"}},"hours-ago-long":{"_index":["plural","value"],"_":{"zero":"ਹੁਣੇ ਹੀ","one":"ਘੰਟਾ ਪਹਿਲਾਂ","two":"{{value}} ਘੰਟੇ ਪਹਿਲਾਂ","few":"{{value}} ਘੰਟੇ ਪਹਿਲਾਂ","many":"{{value}} ਘੰਟੇ ਪਹਿਲਾਂ","other":"{{value}} ਘੰਟੇ ਪਹਿਲਾਂ"}},"days-ago-long":{"_index":["plural","value"],"_":{"zero":"ਅੱਜ","one":"ਕੱਲ੍ਹ","two":"{{value}} ਦਿਨ ਪਹਿਲਾਂ","few":"{{value}} ਦਿਨ ਪਹਿਲਾਂ","many":"{{value}} ਦਿਨ ਪਹਿਲਾਂ","other":"{{value}} ਦਿਨ ਪਹਿਲਾਂ"}},"weeks-ago-long":{"_index":["plural","value"],"_":{"zero":"ਇਹ ਹਫ਼ਤੇ","one":"ਪਿਛਲੇ ਹਫ਼ਤੇ","two":"{{value}} ਹਫ਼ਤੇ ਪਹਿਲਾਂ","few":"{{value}} ਹਫ਼ਤੇ ਪਹਿਲਾਂ","many":"{{value}} ਹਫ਼ਤੇ ਪਹਿਲਾਂ","other":"{{value}} ਹਫ਼ਤੇ ਪਹਿਲਾਂ"}},"months-ago-long":{"_index":["plural","value"],"_":{"zero":"ਇਹ ਮਹੀਨੇ","one":"ਪਿਛਲੇ ਮਹੀਨੇ","two":"{{value}} ਮਹੀਨੇ ਪਹਿਲਾਂ","few":"{{value}} ਮਹੀਨੇ ਪਹਿਲਾਂ","many":"{{value}} ਮਹੀਨੇ ਪਹਿਲਾਂ","other":"{{value}} ਮਹੀਨੇ ਪਹਿਲਾਂ"}},"years-ago-long":{"_index":["plural","value"],"_":{"zero":"ਇਹ ਸਾਲ","one":"ਪਿਛਲੇ ਸਾਲ","two":"{{value}} ਸਾਲ ਪਹਿਲਾਂ","few":"{{value}} ਸਾਲ ਪਹਿਲਾਂ","many":"{{value}} ਸਾਲ ਪਹਿਲਾਂ","other":"{{value}} ਸਾਲ ਪਹਿਲਾਂ"}},"minutes-until-long":{"_index":["plural","value"],"_":{"zero":"ਹੁਣ","one":"ਮਿੰਟ ਵਿੱਚ","two":"{{value}} ਮਿੰਟਾਂ ਵਿੱਚ","few":"{{value}} ਮਿੰਟਾਂ ਵਿੱਚ","many":"{{value}} ਮਿੰਟਾਂ ਵਿੱਚ","other":"{{value}} ਮਿੰਟਾਂ ਵਿੱਚ"}},"hours-until-long":{"_index":["plural","value"],"_":{"zero":"ਹੁਣ","one":"ਇੱਕ ਘੰਟੇ ਵਿੱਚ","two":"{{value}} ਘੰਟਿਆਂ ਵਿੱਚ","few":"{{value}} ਘੰਟਿਆਂ ਵਿੱਚ","many":"{{value}} ਘੰਟਿਆਂ ਵਿੱਚ","other":"{{value}} ਘੰਟਿਆਂ ਵਿੱਚ"}},"days-until-long":{"_index":["plural","value"],"_":{"zero":"ਅੱਜ","one":"ਭਲਕੇ","two":"{{value}} ਦਿਨਾਂ ਵਿੱਚ","few":"{{value}} ਦਿਨਾਂ ਵਿੱਚ","many":"{{value}} ਦਿਨਾਂ ਵਿੱਚ","other":"{{value}} ਦਿਨਾਂ ਵਿੱਚ"}},"weeks-until-long":{"_index":["plural","value"],"_":{"zero":"ਇਸ ਹਫ਼ਤੇ","one":"ਅਗਲੇ ਹਫ਼ਤੇ","two":"{{value}} ਹਫ਼ਤਿਆਂ ਵਿੱਚ","few":"{{value}} ਹਫ਼ਤਿਆਂ ਵਿੱਚ","many":"{{value}} ਹਫ਼ਤਿਆਂ ਵਿੱਚ","other":"{{value}} ਹਫ਼ਤਿਆਂ ਵਿੱਚ"}},"months-until-long":{"_index":["plural","value"],"_":{"zero":"ਇਸ ਮਹੀਨੇ","one":"ਅਗਲੇ ਮਹੀਨੇ","two":"{{value}} ਮਹੀਨਿਆਂ ਵਿੱਚ","few":"{{value}} ਮਹੀਨਿਆਂ ਵਿੱਚ","many":"{{value}} ਮਹੀਨਿਆਂ ਵਿੱਚ","other":"{{value}} ਮਹੀਨਿਆਂ ਵਿੱਚ"}},"years-until-long":{"_index":["plural","value"],"_":{"zero":"ਇਸ ਸਾਲ","one":"ਅਗਲੇ ਸਾਲ","two":"{{value}} ਸਾਲਾਂ ਵਿੱਚ","few":"{{value}} ਸਾਲਾਂ ਵਿੱਚ","many":"{{value}} ਸਾਲਾਂ ਵਿੱਚ","other":"{{value}} ਸਾਲਾਂ ਵਿੱਚ"}},"minutes-ago-short":{"_index":["plural","value"],"_":{"zero":"ਹੁਣੇ ਹੀ","other":"{{value}}ਮਿੰ ਪਹਿਲਾਂ"}},"hours-ago-short":{"_index":["plural","value"],"_":{"zero":"ਹੁਣੇ ਹੀਂ","other":"{{value}}ਘੰ ਪਹਿਲਾਂ"}},"days-ago-short":{"_index":["plural","value"],"_":{"zero":"ਅੱਜ","other":"{{value}}ਦਿ ਪਹਿਲਾਂ"}},"minutes-until-short":{"_index":["plural","value"],"_":{"zero":"ਹੁਣ","other":"{{value}}ਮਿੰ ਵਿੱਚ"}},"hours-until-short":{"_index":["plural","value"],"_":{"zero":"ਹੁਣ","other":"{{value}}ਘੰ ਵਿੱਚ"}},"days-until-short":{"_index":["plural","value"],"_":{"zero":"ਅੱਜ","other":"{{value}}ਦਿ ਵਿੱਚ"}},"incorrectDate":"(ਗਲਤ ਮਿਤੀ)","dateTimeFormat_%c":"%a %e %b  %Y %I:%M:%S %p","dateTimeFormat_%x":"%d/%m/%Y","dateTimeFormat_%X":"%I:%M:%S %p","shortTimeFormat":"%I:%M %p","shortDateTimeFormat":"%x %I:%M %p","weekStartsOnMonday":"1","time_am":"ਸਵੇਰੇ","time_pm":"ਸ਼ਾਮ"}