{"topup-confirmation-title2":"Uso de Saldo","topup-confirmation-message":"Recarga confirmada.","topup-incorrectcode-title2":"Uso de Saldo","topup-incorrectcode-message3":"Código incorreto inserido.","updating":"Atualizando","updating-ellipsis":"Atualizando…","yesterday":"Ontem","today":"Hoje","never":"Nunca","magnitude":"{{value}} {{unit}}","currency":"{{currency}}{{value}}","widget":"Uso de Saldo","widget-authed-sim-heading":"Novo SIM {{provider}} inserido","widget-authed-sim-meta":"Monitore suas chamadas e Internet","widget-nonauthed-sim-heading":"Novo SIM inserido","widget-nonauthed-sim-meta":"Monitore seu uso de Internet","widget-airplane-mode-heading":"Airplane Mode","widget-airplane-mode-meta":"Please, turn off airplane mode to enable Usage.","widget-no-sim2-heading":"Nenhum SIM inserido","widget-no-sim2-meta":"Insira um SIM e monitore seu uso","widget-sim-locked-heading":"Chip SIM bloqueado","widget-sim-locked-meta":"Desbloqueie o SIM para ver estatísticas.","fte":"Uso de Saldo","fte-authed-sim":"Economize dinheiro monitorando suas chamadas e uso de Internet.","fte-nonauthed-sim":"Economize dinheiro monitorando seu uso de Internet.","fte-no-sim":"Tenha informações claras sobre seu uso de Internet.","fte-sim-info2":"A informação de Uso exibida vem diretamente deste aparelho. Confira com seu provedor de serviços para informações detalhadas da conta.","fte-plantype-title":"Tipo de contrato","fte-plantype-hint":"Selecione o tipo de contrato que você tem com sua operadora.","fte-prepaid2-title":"Alerta de saldo","fte-prepaid2-hint":"Configure um alerta para evitar ficar sem créditos.","fte-prepaid3-title":"Relatório e alerta de dados","fte-prepaid3-hint":"Receba relatórios do seu uso de Internet e configure um alarme.","fte-postpaid2-title":"Relatório de chamadas e dados","fte-postpaid2-hint":"Receba relatórios do seu uso de Internet e chamadas.","fte-postpaid3-title":"Alerta de dados","fte-postpaid3-hint":"Configure um alarme de uso da Internet.","fte-onlydata2-title":"Relatório de dados","fte-onlydata2-hint":"Receba relatórios do seu uso de Internet.","fte-onlydata3-title":"Alerta de dados","fte-onlydata3-hint":"Configure um alarme de uso da Internet.","phone-activity":"Atividade do aparelho","balance":"Saldo","on-roaming-message2":"Roaming: atualização automática do saldo desativada. Você pode ser cobrado ao atualizar manualmente.","balance-error-message2":"Seu saldo não foi atualizado corretamente; tente novamente manualmente.","airplane-mode-error-message2":"Desative o modo avião para atualizar seu saldo.","disable-airplane-mode":"Deseja desativar o modo avião para atualizar seu saldo ou realizar uma recarga?","no-coverage-error-message2":"Você precisa estar em uma área com cobertura (sinal) para atualizar seu saldo ou realizar uma recarga.","top-up":"Recarga","enter-top-up-code":"Insira o código de recarga","top-up-code-explanation2":"Encontre-o no cartão de raspar ou diretamente no seu recibo.","wait-for-confirmation":"Você receberá uma mensagem de confirmação","incorrect-code2":"Certifique-se de que o código está correto e tente novamente.","topup-error2":"Houve um problema ao enviar o código. Por favor, tente novamente.","application-error-title":"Serviço indisponível","application-error-message":"Entre em contato com o representante da sua empresa.","service-unavailable-title":"Serviço indisponível","service-unavailable-message":"Não é possível atualizar seu saldo ou efetuar sua recarga nesse momento. Por favor, tente mais tarde.","data-usage":"Uso de dados","update-button":"Atualizar","topup-button2":"Usar código de recarga","topup-ussd-button2":"Abrir menu de recarga","ok":"OK","top-up-in-progress2":"Sua recarga está sendo processada.","top-up-timed-out2":"Atualize seu saldo para confirmar. Se seu saldo não tiver sido alterado, tente efetuar a recarga novamente.","on-topup-not-confirmed-title":"Recarga não confirmada.","on-topup-not-confirmed-message":"Tente atualizar seu saldo ou tente novamente.","send":"enviar","plantype-setup-title":"O meu plano de voz e dados é","prepaid":"Pré-pago","postpaid":"Pós-pago","phoneactivity":"Atividade do telefone","short-date-format":"%e de %b","sms-sent":"Mensagem enviada","call-made":"Chamadas efetuadas","settings":"Configurações","low-balance-alert":"Alerta de saldo baixo","low-balance-explanation2":"Abaixo de","phone-and-internet-data-report":"Relatório de voz e dados","starting-on":"Começando em","cancel":"Cancelar","set":"Ajustar","set-day":"Ajustar dia","set-date":"Ajustar data","monthly":"Mês","weekly":"Semana","monday":"Segunda","tuesday":"Terça","wednesday":"Quarta","thursday":"Quinta","friday":"Sexta","saturday":"Sábado","sunday":"Domingo","monday-abbr":"Seg","tuesday-abbr":"Ter","wednesday-abbr":"Qua","thursday-abbr":"Qui","friday-abbr":"Sex","saturday-abbr":"Sáb","sunday-abbr":"Dom","billing-cycle-ends":"O ciclo de faturamento termina em","tracking-will-reset":"O contador será reiniciado nessa data","yes":"Sim","done":"Concluído","confirmation":"Confirmação","reset-confirmation-warning":"Todos os dados atuais serão apagados. Tem certeza de que deseja reiniciar?","reset":"Reiniciar","reset-wifi":"Reiniciar uso de Wi-Fi","reset-mobile":"Reiniciar uso de conexões de dados","reset-all-data-usage":"Reiniciar uso de Wi-Fi e conexões de dados","not-set":"Não definido","used":"Usados","limit-passed":"Limite ultrapassado","limit":"Limite","data-limit-header":"Limite de uso","data-limit-alert":"Uso de dados","data-limit-value2":"Acima de","data-limit-dialog-title2":"Alerta de limite de uso de dados móveis","data-limit-dialog-explanation2":"As velocidades são reduzidas quando o limite é atingido. Verifique com sua operadora para ajustar um nível adequado.","wifi-usage":"Uso do Wi-Fi","mobile-usage":"Uso do telefone","wifi-usage-settings":"Wi-Fi usage","mobile-usage-settings":"Mobile usage","im-prepaid":"Pré-pago","im-postpaid":"Pós-pago","reset-data-usage":"Reiniciar uso de dados","reset-report":"Relatórios a cada","next":"Avançar","back":"Voltar","lets-go":"Vamos lá!","alert":"Alerta","alert-limit":"Limite do alerta","fte-welcome-title":"Bem-vindo","data-limit-notification-title2":"{{limit}} de uso de dados","data-limit-notification-text2":"Você alcançou o limite definido por você","low-balance-notification-title":"Saldo baixo","low-balance-notification-text":"{{remaining}} de créditos restantes","zero-balance-message":"Seu saldo chegou a zero, não há créditos restantes.","not-available":"Não disponível","usage":"Uso","internet":"Internet","phone":"Aparelho","loading-interface-data":"Carregando dados da interface. Tente novamente mais tarde.","chart-date-format":"%b %e","verbose-chart-date-format":"{{monthday-number}} de {{em-month}}","day-hour-format":"{{day}}, {{time}}","B":"B","KB":"KB","MB":"MB","GB":"GB","weekday-0-long":"Domingo","weekday-1-long":"Segunda-feira","weekday-2-long":"Terça-feira","weekday-3-long":"Quarta-feira","weekday-4-long":"Quinta-feira","weekday-5-long":"Sexta-feira","weekday-6-long":"Sábado","weekday-0-short":"Dom","weekday-1-short":"Seg","weekday-2-short":"Ter","weekday-3-short":"Qua","weekday-4-short":"Qui","weekday-5-short":"Sex","weekday-6-short":"Sáb","month-0-long":"Janeiro","month-1-long":"Fevereiro","month-2-long":"Março","month-3-long":"Abril","month-4-long":"Maio","month-5-long":"Junho","month-6-long":"Julho","month-7-long":"Agosto","month-8-long":"Setembro","month-9-long":"Outubro","month-10-long":"Novembro","month-11-long":"Dezembro","month-0-genitive":"Janeiro","month-1-genitive":"Fevereiro","month-2-genitive":"Março","month-3-genitive":"Abril","month-4-genitive":"Maio","month-5-genitive":"Junho","month-6-genitive":"Julho","month-7-genitive":"Agosto","month-8-genitive":"Setembro","month-9-genitive":"Outubro","month-10-genitive":"Novembro","month-11-genitive":"Dezembro","month-0-short":"Jan","month-1-short":"Fev","month-2-short":"Mar","month-3-short":"Abr","month-4-short":"Mai","month-5-short":"Jun","month-6-short":"Jul","month-7-short":"Ago","month-8-short":"Set","month-9-short":"Out","month-10-short":"Nov","month-11-short":"Dez","minutes-ago-long":{"_index":["plural","value"],"_":{"zero":"há pouco","one":"um minuto atrás","two":"{{value}} minutos atrás","few":"{{value}} minutos atrás","many":"{{value}} minutos atrás","other":"{{value}} minutos atrás"}},"hours-ago-long":{"_index":["plural","value"],"_":{"zero":"há pouco","one":"uma hora atrás","two":"{{value}} horas atrás","few":"{{value}} horas atrás","many":"{{value}} horas atrás","other":"{{value}} horas atrás"}},"days-ago-long":{"_index":["plural","value"],"_":{"zero":"hoje","one":"ontem","two":"{{value}} dias atrás","few":"{{value}} dias atrás","many":"{{value}} dias atrás","other":"{{value}} dias atrás"}},"weeks-ago-long":{"_index":["plural","value"],"_":{"zero":"esta semana","one":"semana passada","two":"{{value}} semanas atrás","few":"{{value}} semanas atrás","many":"{{value}} semanas atrás","other":"{{value}} semanas atrás"}},"months-ago-long":{"_index":["plural","value"],"_":{"zero":"este mês","one":"mês passado","two":"{{value}} meses atrás","few":"{{value}} meses atrás","many":"{{value}} meses atrás","other":"{{value}} meses atrás"}},"years-ago-long":{"_index":["plural","value"],"_":{"zero":"este ano","one":"ano passado","two":"{{value}} anos atrás","few":"{{value}} anos atrás","many":"{{value}} anos atrás","other":"{{value}} anos atrás"}},"minutes-until-long":{"_index":["plural","value"],"_":{"zero":"agora","one":"em um minuto","two":"em {{value}} minutos","few":"em {{value}} minutos","many":"em {{value}} minutos","other":"em {{value}} minutos"}},"hours-until-long":{"_index":["plural","value"],"_":{"zero":"agora","one":"em uma hora","two":"em {{value}} horas","few":"em {{value}} horas","many":"em {{value}} horas","other":"em {{value}} horas"}},"days-until-long":{"_index":["plural","value"],"_":{"zero":"hoje","one":"amanhã","two":"em {{value}} dias","few":"em {{value}} dias","many":"em {{value}} dias","other":"em {{value}} dias"}},"weeks-until-long":{"_index":["plural","value"],"_":{"zero":"esta semana","one":"semana que vem","two":"em {{value}} semanas","few":"em {{value}} semanas","many":"em {{value}} semanas","other":"em {{value}} semanas"}},"months-until-long":{"_index":["plural","value"],"_":{"zero":"este mês","one":"mês que vem","two":"em {{value}} meses","few":"em {{value}} meses","many":"em {{value}} meses","other":"em {{value}} meses"}},"years-until-long":{"_index":["plural","value"],"_":{"zero":"este ano","one":"ano que vem","two":"em {{value}} anos","few":"em {{value}} anos","many":"em {{value}} anos","other":"em {{value}} anos"}},"minutes-ago-short":{"_index":["plural","value"],"_":{"zero":"há pouco","other":"{{value}}min atrás"}},"hours-ago-short":{"_index":["plural","value"],"_":{"zero":"há pouco","other":"{{value}}h atrás"}},"days-ago-short":{"_index":["plural","value"],"_":{"zero":"hoje","other":"{{value}}d atrás"}},"minutes-until-short":{"_index":["plural","value"],"_":{"zero":"agora","other":"em {{value}}min"}},"hours-until-short":{"_index":["plural","value"],"_":{"zero":"agora","other":"em {{value}}h"}},"days-until-short":{"_index":["plural","value"],"_":{"zero":"hoje","other":"em {{value}}d"}},"incorrectDate":"(data incorreta)","dateTimeFormat_%c":"%A, %e de %B de %Y %Hh %Mmin %Ss","dateTimeFormat_%x":"%d/%m/%Y","dateTimeFormat_%X":"%Hh %Mmin %Ss","shortTimeFormat":"%Hh%M","shortDateTimeFormat":"%x %Hh%M","weekStartsOnMonday":"0","time_am":"AM","time_pm":"PM"}