{"topup-confirmation-title2":"Utilizare","topup-confirmation-message":"Reîncărcarea cartelei confirmată.","topup-incorrectcode-title2":"Utilizare","topup-incorrectcode-message3":"Codul introdus de reîncărcare al cartelei este incorect.","updating":"Se actualizează","updating-ellipsis":"Se actualizează…","yesterday":"Ieri","today":"Astăzi","never":"Niciodată","magnitude":"{{value}} {{unit}}","currency":"{{currency}}{{value}}","widget":"Widgeturi de utilizare","widget-authed-sim-heading":"Cartelă SIM nouă {{provider}} inserată","widget-authed-sim-meta":"Apasă pt. a monitoriza utilizarea de net și telefon.","widget-nonauthed-sim-heading":"Cartelă SIM nouă inserată","widget-nonauthed-sim-meta":"Apasă pt. a monitoriza utilizarea de net.","widget-airplane-mode-heading":"Airplane Mode","widget-airplane-mode-meta":"Please, turn off airplane mode to enable Usage.","widget-no-sim2-heading":"Nicio cartelă SIM inserată","widget-no-sim2-meta":"Inserează o cartelă pt. a activa Utilizare.","widget-sim-locked-heading":"Cartelă SIM blocată","widget-sim-locked-meta":"Deblochează cartela pt. a activa Utilizare.","fte":"Utilizarea primei experiențe","fte-authed-sim":"Economisește bani prin monitorizarea utilizării netului și telefonului.","fte-nonauthed-sim":"Economisește bani prin monitorizarea utilizării de net.","fte-no-sim":"Obține informații clare despre cât de mult net utilizezi.","fte-sim-info2":"Informațiile afișate în Utilizare provin direct de la acest dispozitiv. Consultă furnizorul de servicii mobile pentru informații detaliate ale contului.","fte-plantype-title":"Tipul contractului","fte-plantype-hint":"Selectează tipul contractului pe care îl ai cu furnizorul de servicii mobile.","fte-prepaid2-title":"Alertă de sold scăzut","fte-prepaid2-hint":"Setează o alertă pentru a evita epuizarea creditului.","fte-prepaid3-title":"Alertă și raport de date","fte-prepaid3-hint":"Recepționează raporturi despre utilizarea de net și setează o alertă pentru a evita utilizarea prea ridicată.","fte-postpaid2-title":"Raport de date și telefon","fte-postpaid2-hint":"Recepționează raporturi privind utilizarea de net și telefon.","fte-postpaid3-title":"Alertă de date","fte-postpaid3-hint":"Setează o alertă pentru a evita folosirea de prea mult trafic.","fte-onlydata2-title":"Raport de date","fte-onlydata2-hint":"Recepționează raporturi despre utilizarea de net.","fte-onlydata3-title":"Alertă de date","fte-onlydata3-hint":"Setează o alertă pentru a evita folosirea de prea mult trafic.","phone-activity":"Activitate pe telefon","balance":"Sold","on-roaming-message2":"Roaming: fără actualizarea automată a soldului. Ai putea fi taxat pentru actualizarea manuală.","balance-error-message2":"Soldul nu s-a actualizat corect. Încearcă actualizarea manuală.","airplane-mode-error-message2":"Oprește modul avion pentru a actualiza soldul sau a reîncărca cartela.","disable-airplane-mode":"Dorești să dezactivezi modul avion pentru a actualiza sau a reîncărca cartela?","no-coverage-error-message2":"Ai nevoie de acoperire la telefon pentru a actualiza soldul sau a reîncărca cartela.","top-up":"Reîncarcă cartela","enter-top-up-code":"Introdu codul de reîncărcare","top-up-code-explanation2":"Găsește-l pe cartela de reîncărcare sau direct pe chitanță.","wait-for-confirmation":"Vei primi un mesaj de confirmare","incorrect-code2":"Asigură-te că codul este corect și reîncearcă.","topup-error2":"A apărut o problemă la trimiterea codului. Te rugăm încearcă mai târziu.","application-error-title":"Serviciu indisponibil","application-error-message":"Contactează reprezentatul companiei.","service-unavailable-title":"Serviciu indisponibil","service-unavailable-message":"Nici actualizarea, nici reîncărcarea cartelei nu este posibilă în acest moment. Te rugăm încearcă mai târziu.","data-usage":"Utilizare de date","update-button":"Actualizează","topup-button2":"Folosește codul de reîncărcare","topup-ussd-button2":"Deschide meniul de reîncărcare","ok":"Ok","top-up-in-progress2":"Reîncărcarea cartelei e procesată.","top-up-timed-out2":"Actualizează soldul pentru a confirma. Dacă soldul este neschimbat, încearcă reîncărcarea din nou.","on-topup-not-confirmed-title":"Reîncărcarea cartelei neconfirmată","on-topup-not-confirmed-message":"Încearcă actualizarea soldului sau încearcă din nou reîncărcarea cartelei.","send":"trimite","plantype-setup-title":"Telefonul meu și planul de internet este","prepaid":"Preplătită","postpaid":"Postplătită","phoneactivity":"Activitate pe telefon","short-date-format":"%b, %d","sms-sent":"SMS trimis","call-made":"Apeluri efectuate","settings":"Setări","low-balance-alert":"Alertă de sold scăzut","low-balance-explanation2":"Când soldul este sub","phone-and-internet-data-report":"Raport de trafic de date și telefon","starting-on":"Începând din","cancel":"Renunță","set":"Setează","set-day":"Setează ziua","set-date":"Setează data","monthly":"Lunar","weekly":"Săptămânal","monday":"luni","tuesday":"marți","wednesday":"miercuri","thursday":"joi","friday":"vineri","saturday":"sâmbătă","sunday":"duminică","monday-abbr":"lun","tuesday-abbr":"mar","wednesday-abbr":"mie","thursday-abbr":"joi","friday-abbr":"vin","saturday-abbr":"sâm","sunday-abbr":"dum","billing-cycle-ends":"Cliclul de facturare se încheie","tracking-will-reset":"Monitorizarea se va reseta la această dată","yes":"Da","done":"Gata","confirmation":"Confirmare","reset-confirmation-warning":"Toate datele actuale vor fi șterse. Sigur dorești să resetezi?","reset":"Resetează","reset-wifi":"Resetează utilizarea Wi-Fi","reset-mobile":"Resetează utilizarea de date mobile","reset-all-data-usage":"Resetează datele mobile și Wi-Fi","not-set":"Nesetat","used":"Folosit","limit-passed":"Limită depășită","limit":"Limită","data-limit-header":"Limita de utilizare a datelor","data-limit-alert":"Alertă de trafic de date","data-limit-value2":"Când traficul este peste","data-limit-dialog-title2":"Introdu o alertă de limită pentru datele mobile","data-limit-dialog-explanation2":"Viteza conexiunii este redusă după ce limita s-a atins. Adresează-te furnizorului de date pentru a seta un nivel de alertă potrivit.","wifi-usage":"Utilizare Wi-Fi","mobile-usage":"Util. de date mobile","wifi-usage-settings":"Utilizare Wi-Fi","mobile-usage-settings":"Utilizare mobilă","im-prepaid":"Am cartelă preplătită","im-postpaid":"Am cartelă postplătită","reset-data-usage":"Resetează utilizarea de date","reset-report":"Resetează raportul","next":"Înainte","back":"Înapoi","lets-go":"Să începem!","alert":"Alertă","alert-limit":"Limită de alertă","fte-welcome-title":"Bun venit","data-limit-notification-title2":"{{limit}} de date folosite","data-limit-notification-text2":"Ai atins limita selectată","low-balance-notification-title":"Sold scăzut","low-balance-notification-text":"{{remaining}} credit rămas pe telefon","zero-balance-message":"Soldul a ajuns la zero, nu mai ai credit pe telefon.","not-available":"Indisponibil","usage":"Utilizare","internet":"Internet","phone":"Telefon","loading-interface-data":"Se încarcă datele din interfață. Te rugăm reîncearcă în scurt timp.","chart-date-format":"%e %b","verbose-chart-date-format":"{{em-month}} {{monthday-number}}","day-hour-format":"{{day}}, {{time}}","B":"B","KB":"KB","MB":"MB","GB":"GB","weekday-0-long":"duminică","weekday-1-long":"luni","weekday-2-long":"marți","weekday-3-long":"miercuri","weekday-4-long":"joi","weekday-5-long":"vineri","weekday-6-long":"sâmbătă","weekday-0-short":"dum","weekday-1-short":"lun","weekday-2-short":"mar","weekday-3-short":"mie","weekday-4-short":"joi","weekday-5-short":"vin","weekday-6-short":"sâm","month-0-long":"ianuarie","month-1-long":"februarie","month-2-long":"martie","month-3-long":"aprilie","month-4-long":"mai","month-5-long":"iunie","month-6-long":"iulie","month-7-long":"august","month-8-long":"septembrie","month-9-long":"octombrie","month-10-long":"noiembrie","month-11-long":"decembrie","month-0-genitive":"ianuarie","month-1-genitive":"februarie","month-2-genitive":"martie","month-3-genitive":"aprilie","month-4-genitive":"mai","month-5-genitive":"iunie","month-6-genitive":"iulie","month-7-genitive":"august","month-8-genitive":"septembrie","month-9-genitive":"octombrie","month-10-genitive":"noiembrie","month-11-genitive":"decembrie","month-0-short":"ian","month-1-short":"feb","month-2-short":"mar","month-3-short":"apr","month-4-short":"mai","month-5-short":"iun","month-6-short":"iul","month-7-short":"aug","month-8-short":"sep","month-9-short":"oct","month-10-short":"noi","month-11-short":"dec","minutes-ago-long":{"_index":["plural","value"],"_":{"zero":"chiar acum","one":"acum un minut","two":"acum {{value}} minute","few":"acum {{value}} minute","many":"acum {{value}} minute","other":"acum {{value}} minute"}},"hours-ago-long":{"_index":["plural","value"],"_":{"zero":"chiar acum","one":"acum cu o oră","two":"acum {{value}} ore","few":"acum {{value}} ore","many":"acum {{value}} ore","other":"acum {{value}} ore"}},"days-ago-long":{"_index":["plural","value"],"_":{"zero":"astăzi","one":"ieri","two":"acum {{value}} zile","few":"acum {{value}} zile","many":"acum {{value}} zile","other":"acum {{value}} zile"}},"weeks-ago-long":{"_index":["plural","value"],"_":{"zero":"săptămâna aceasta","one":"săptămâna trecută","two":"acum {{value}} săptămâni","few":"acum {{value}} săptămâni","many":"acum {{value}} săptămâni","other":"acum {{value}} săptămâni"}},"months-ago-long":{"_index":["plural","value"],"_":{"zero":"luna aceasta","one":"luna trecută","two":"acum {{value}} luni","few":"acum {{value}} luni","many":"acum {{value}} luni","other":"acum {{value}} luni"}},"years-ago-long":{"_index":["plural","value"],"_":{"zero":"anul acesta","one":"anul trecut","two":"acum {{value}} ani","few":"acum {{value}} ani","many":"acum {{value}} ani","other":"acum {{value}} ani"}},"minutes-until-long":{"_index":["plural","value"],"_":{"zero":"acum","one":"într-un minut","two":"în {{value}} minute","few":"în {{value}} minute","many":"în {{value}} minute","other":"în {{value}} minute"}},"hours-until-long":{"_index":["plural","value"],"_":{"zero":"acum","one":"într-o oră","two":"în {{value}} ore","few":"în {{value}} ore","many":"în {{value}} ore","other":"în {{value}} ore"}},"days-until-long":{"_index":["plural","value"],"_":{"zero":"astăzi","one":"mâine","two":"în {{value}} zile","few":"în {{value}} zile","many":"în {{value}} zile","other":"în {{value}} zile"}},"weeks-until-long":{"_index":["plural","value"],"_":{"zero":"săptămâna aceasta","one":"săptămâna următoare","two":"în {{value}} săptămâni","few":"în {{value}} săptămâni","many":"în {{value}} săptămâni","other":"în {{value}} săptămâni"}},"months-until-long":{"_index":["plural","value"],"_":{"zero":"luna aceasta","one":"luna următoare","two":"în {{value}} luni","few":"în {{value}} luni","many":"în {{value}} luni","other":"în {{value}} luni"}},"years-until-long":{"_index":["plural","value"],"_":{"zero":"anul acesta","one":"anul următor","two":"în {{value}} ani","few":"în {{value}} ani","many":"în {{value}} ani","other":"în {{value}} ani"}},"minutes-ago-short":{"_index":["plural","value"],"_":{"zero":"chiar acum","other":"acum {{value}} min."}},"hours-ago-short":{"_index":["plural","value"],"_":{"zero":"chiar acum","other":"acum {{value}}h"}},"days-ago-short":{"_index":["plural","value"],"_":{"zero":"astăzi","other":"acum {{value}}z"}},"minutes-until-short":{"_index":["plural","value"],"_":{"zero":"acum","other":"în {{value}}m"}},"hours-until-short":{"_index":["plural","value"],"_":{"zero":"acum","other":"în {{value}}h"}},"days-until-short":{"_index":["plural","value"],"_":{"zero":"astăzi","other":"în {{value}}z"}},"incorrectDate":"(dată incorectă)","dateTimeFormat_%c":"%a, %e %b %Y %H:%M:%S","dateTimeFormat_%x":"%d/%m/%Y","dateTimeFormat_%X":"%H:%M:%S","shortTimeFormat":"%H:%M","shortDateTimeFormat":"%x %H:%M","weekStartsOnMonday":"0","time_am":"AM","time_pm":"PM"}