{"topup-confirmation-title2":"Përdorim","topup-confirmation-message":"Rimbushja u konfirmua","topup-incorrectcode-title2":"Përdorim","topup-incorrectcode-message3":"U dha kod i pasaktë rimbushjeje.","updating":"Përditësim","updating-ellipsis":"Përditësim…","yesterday":"Dje","today":"Sot","never":"Kurrë","magnitude":"{{value}} {{unit}}","currency":"{{value}}{{currency}}","widget":"Widget Përdorimi","widget-authed-sim-heading":"U fut kartë SIM {{provider}} e re ","widget-authed-sim-meta":"Ndiqni përdorim telefoni dhe interneti.","widget-nonauthed-sim-heading":"U fut SIM e re","widget-nonauthed-sim-meta":"Ndiqni përdorim interneti.","widget-airplane-mode-heading":"Airplane Mode","widget-airplane-mode-meta":"Please, turn off airplane mode to enable Usage.","widget-no-sim2-heading":"Nuk u fut SIM","widget-no-sim2-meta":"Futni një SIM që të aktivizohet Përdorimi.","widget-sim-locked-heading":"Kartë SIM e kyçur","widget-sim-locked-meta":"Çkyçni SIM-in që të aktivizohet Përdorimi.","fte":"Përdorimi Për Herë të Parë","fte-authed-sim":"Kurseni para duke ndjekur përdorimin tuaj të telefonit dhe internetit.","fte-nonauthed-sim":"Kurseni para duke ndjekur përdorimin tuaj të internetit.","fte-no-sim":"Merrni të dhëna të qarta se sa internet përdorni.","fte-sim-info2":"Të dhënat e treguara te Përdorimin vijnë drejt e nga kjo pajisje. Për të dhëna të hollësishme llogarie, sqarohuni me operatorin e shërbimit tuaj celular.","fte-plantype-title":"Lloj Kontrate","fte-plantype-hint":"Përzgjidhni llojin e kontratës që keni me mundësuesin e shërbimit tuaj celular.","fte-prepaid2-title":"Sinjalizim Bilanci të Ulët","fte-prepaid2-hint":"Caktoni një sinjalizim që të shmangni mbetjen pa kredit.","fte-prepaid3-title":"Njoftim të Dhënash dhe Sinjalizim","fte-prepaid3-hint":"Merrni njoftime mbi përdorimin tuaj të Internetit dhe caktoni një sinjalizim për të shmangur përdorimin e shumtë.","fte-postpaid2-title":"Njoftim të Dhënash dhe Telefoni","fte-postpaid2-hint":"Merrni njoftime mbi përdorimin tuaj të Internetit dhe telefonit.","fte-postpaid3-title":"Sinjalizim të Dhënash","fte-postpaid3-hint":"Caktoni një sinjalizim që të shmangni përdorimin e shumtë të të dhënave.","fte-onlydata2-title":"Njoftim të Dhënash","fte-onlydata2-hint":"Merrni njoftime mbi përdorimin tuaj të telefonit.","fte-onlydata3-title":"Sinjalizim të Dhënash","fte-onlydata3-hint":"Caktoni një sinjalizim që të shmangni përdorimin e shumtë të të dhënave.","phone-activity":"Veprimtari Telefoni","balance":"Balance","on-roaming-message2":"Roaming: pa përditësim të vetvetishëm të bilancit. Përditësimi dorazi mund të jetë me pagesë.","balance-error-message2":"Bilanci nuk u përditësua saktë. Provoni ta përditësoni dorazi.","airplane-mode-error-message2":"Çaktivizoni mënyrën aeroplan që të përditësoni bilancin ose të bëni rimbushje.","disable-airplane-mode":"Dëshironi të çaktivizohet mënyra aeroplan që të përditësoni ose të bëni rimbushje?","no-coverage-error-message2":"Lypset mbulim telefonik i zonës që të përditësoni bilancin tuaj ose të bëni rimbushje.","top-up":"Rimbusheni","enter-top-up-code":"Jepni kod rimbushjeje","top-up-code-explanation2":"Gjendet te karta e rimbushjes ose drejt e te fatura juaj.","wait-for-confirmation":"Do të merrni një mesazh ripohimi","incorrect-code2":"Sigurohuni që kodi është i saktë dhe riprovoni.","topup-error2":"Pati një problem me dërgimin e kodit. Ju lutemi, riprovoni.","application-error-title":"Shërbim i pakapshëm","application-error-message":"Lidhuni me përfaqësuesin e kompanisë","service-unavailable-title":"Shërbim i pakapshëm","service-unavailable-message":"Këtë çast nuk është i mundur as përditësimi, as rimbushja. Ju lutemi, riprovoni më vonë.","data-usage":"Përdorim të dhënash","update-button":"Përditësojeni","topup-button2":"Përdor kod rimbushjeje","topup-ussd-button2":"Hap menu rimbushjeje","ok":"OK","top-up-in-progress2":"Rimbushja juaj po kryhet.","top-up-timed-out2":"Përditësoni bilancin që ta konfirmoni. Nëse bilanci është i pandryshuar, provoni rimbushjen.","on-topup-not-confirmed-title":"Rimbushja nuk u konfirmua.","on-topup-not-confirmed-message":"Provoni të përditësoni kreditin ose riprovoni rimbushjen.","send":"dërgoje","plantype-setup-title":"Paketa ime për telefon dhe Internet është","prepaid":"E parapaguar","postpaid":"E paguar me postë","phoneactivity":"Veprimtari telefoni","short-date-format":"%d, %b","sms-sent":"SMS të dërguara","call-made":"Thirrje të kryera","settings":"Rregullime","low-balance-alert":"Sinjalizim bilanci të ulët","low-balance-explanation2":"Kur bilanci është më poshtë se","phone-and-internet-data-report":"Njoftim të dhënash telefoni dhe Interneti","starting-on":"Duke filluar nga","cancel":"Anuloje","set":"Caktoje","set-day":"Caktoni ditë","set-date":"Caktoni datë","monthly":"I përmuajshëm","weekly":"I përjavshëm","monday":"E hënë","tuesday":"E martë","wednesday":"E mërkurë","thursday":"E enjte","friday":"E premte","saturday":"E shtunë","sunday":"E diel","monday-abbr":"Hën","tuesday-abbr":"Mar","wednesday-abbr":"Mër","thursday-abbr":"Enj","friday-abbr":"Pre","saturday-abbr":"Sht","sunday-abbr":"Die","billing-cycle-ends":"Cikli i pagesës përfundon","tracking-will-reset":"Ndjekja do të rifillojë në këtë datë","yes":"Po","done":"U bë","confirmation":"Ripohim","reset-confirmation-warning":"Krejt të dhënat e tanishme do të fshihen. Jeni i sigurt se doni të rifillohet?","reset":"Rifilloje","reset-wifi":"Ndiq nga e para përdorimin e Wi-Fi-it","reset-mobile":"Ndiq nga e para përdorimin e celularit","reset-all-data-usage":"Ndiq nga e para të dhëna celulari & Wi-Fi-je","not-set":"E pacaktuar","used":"E përdorur","limit-passed":"U tejkalua kufiri","limit":"Kufi","data-limit-header":"Kufi përdorimi","data-limit-alert":"Sinjalizim përdorimi të dhënash","data-limit-value2":"Kur përdorimi është mbi","data-limit-dialog-title2":"Jepni sinjalizim për kufi të dhënash në celular","data-limit-dialog-explanation2":"Shpejtësia e lidhjeve zvogëlohet, pasi arrihet kufiri. Lidhuni me mundësuesin tuaj të të dhënave që të caktoni një nivel sinjalizimi të përshtatshëm.","wifi-usage":"Përdorim Wi-Fi-je","mobile-usage":"Përdorim celulari","wifi-usage-settings":"Përdorim Wi-Fi-je","mobile-usage-settings":"Përdorim celulari","im-prepaid":"Me parapagesë","im-postpaid":"Me paspagesë","reset-data-usage":"Ndiq nga e para përdorim të dhënash","reset-report":"Rifilloje njoftimin nga e para","next":"Pasuesi","back":"Mbrapsht","lets-go":"Shkojmë!","alert":"Sinjalizim","alert-limit":"Kufi Sinjalizimi","fte-welcome-title":"Mirë se vini","data-limit-notification-title2":"Janë përdorur {{limit}} e të dhënave","data-limit-notification-text2":"Keni kapur kufirin që përzgjodhët","low-balance-notification-title":"Bilanc i ulët","low-balance-notification-text":"Ju mbetet ende {{remaining}} kredit telefoni","zero-balance-message":"Bilanci mbërriti në zero, nuk ka më kredit.","not-available":"Jo të passhme","usage":"Përdorim","internet":"Internet","phone":"Telefon","loading-interface-data":"Po ngarkohen të dhëna ndërfaqeje. Ju lutemi, riprovoni pas pak.","chart-date-format":"%b %e","verbose-chart-date-format":"{{monthday-number}} {{em-month}}","day-hour-format":"{{day}}, {{time}}","B":"B","KB":"KB","MB":"MB","GB":"GB","weekday-0-long":"E diel","weekday-1-long":"E hënë","weekday-2-long":"E martë","weekday-3-long":"E mërkurë","weekday-4-long":"E enjte","weekday-5-long":"E premte","weekday-6-long":"E shtunë","weekday-0-short":"Die","weekday-1-short":"Hën","weekday-2-short":"Mar","weekday-3-short":"Mër","weekday-4-short":"Enj","weekday-5-short":"Pre","weekday-6-short":"Sht","month-0-long":"Janar","month-1-long":"Shkurt","month-2-long":"Mars","month-3-long":"Prill","month-4-long":"Maj","month-5-long":"Qershor","month-6-long":"Korrik","month-7-long":"Gusht","month-8-long":"Shtator","month-9-long":"Tetor","month-10-long":"Nëntor","month-11-long":"Dhjetor","month-0-genitive":"të Janarit","month-1-genitive":"të Shkurtit","month-2-genitive":"të Marsit","month-3-genitive":"të Prillit","month-4-genitive":"të Majit","month-5-genitive":"të Qershorit","month-6-genitive":"të Korrikut","month-7-genitive":"të Gushtit","month-8-genitive":"të Shtatorit","month-9-genitive":"të Tetorit","month-10-genitive":"të Nëntorit","month-11-genitive":"të Dhjetorit","month-0-short":"Jan","month-1-short":"Shk","month-2-short":"Mar","month-3-short":"Pri","month-4-short":"Maj","month-5-short":"Qer","month-6-short":"Kor","month-7-short":"Gus","month-8-short":"Sht","month-9-short":"Tet","month-10-short":"Nën","month-11-short":"Dhj","minutes-ago-long":{"_index":["plural","value"],"_":{"zero":"mu tani","one":"një minutë më parë","two":"{{value}} minuta më parë","few":"{{value}} minuta më parë","many":"{{value}} minuta më parë","other":"{{value}} minuta më parë"}},"hours-ago-long":{"_index":["plural","value"],"_":{"zero":"mu tani","one":"një orë më parë","two":"{{value}} orë më parë","few":"{{value}} orë më parë","many":"{{value}} orë më parë","other":"{{value}} orë më parë"}},"days-ago-long":{"_index":["plural","value"],"_":{"zero":"sot","one":"dje","two":"{{value}} ditë më parë","few":"{{value}} ditë më parë","many":"{{value}} ditë më parë","other":"{{value}} ditë më parë"}},"weeks-ago-long":{"_index":["plural","value"],"_":{"zero":"këtë javë","one":"javën e kaluar","two":"{{value}} javë më parë","few":"{{value}} javë më parë","many":"{{value}} javë më parë","other":"{{value}} javë më parë"}},"months-ago-long":{"_index":["plural","value"],"_":{"zero":"këtë muaj","one":"muajin e kaluar","two":"{{value}} muaj më parë","few":"{{value}} muaj më parë","many":"{{value}} muaj më parë","other":"{{value}} muaj më parë"}},"years-ago-long":{"_index":["plural","value"],"_":{"zero":"këtë vit","one":"vitin e kaluar","two":"{{value}} vite më parë","few":"{{value}} vite më parë","many":"{{value}} vite më parë","other":"{{value}} vite më parë"}},"minutes-until-long":{"_index":["plural","value"],"_":{"zero":"tani","one":"për një minutë","two":"për {{value}} minuta","few":"për {{value}} minuta","many":"për {{value}} minuta","other":"për {{value}} minuta"}},"hours-until-long":{"_index":["plural","value"],"_":{"zero":"tani","one":"për një orë","two":"për {{value}} orë","few":"për {{value}} orë","many":"për {{value}} orë","other":"për {{value}} orë"}},"days-until-long":{"_index":["plural","value"],"_":{"zero":"sot","one":"nesër","two":"për {{value}} ditë","few":"për {{value}} ditë","many":"për {{value}} ditë","other":"për {{value}} ditë"}},"weeks-until-long":{"_index":["plural","value"],"_":{"zero":"këtë javë","one":"javën pasuese","two":"për {{value}} javë","few":"për {{value}} javë","many":"për {{value}} javë","other":"për {{value}} javë"}},"months-until-long":{"_index":["plural","value"],"_":{"zero":"këtë muaj","one":"muajin pasues","two":"për {{value}} muaj","few":"për {{value}} muaj","many":"për {{value}} muaj","other":"për {{value}} muaj"}},"years-until-long":{"_index":["plural","value"],"_":{"zero":"këtë vit","one":"vitin pasues","two":"për {{value}} vjet","few":"për {{value}} vjet","many":"për {{value}} vjet","other":"për {{value}} vjet"}},"minutes-ago-short":{"_index":["plural","value"],"_":{"zero":"mu tani","other":"{{value}}m më parë"}},"hours-ago-short":{"_index":["plural","value"],"_":{"zero":"mu tani","other":"{{value}}h më parë"}},"days-ago-short":{"_index":["plural","value"],"_":{"zero":"sot","other":"{{value}}d më parë"}},"minutes-until-short":{"_index":["plural","value"],"_":{"zero":"tani","other":"për {{value}}m"}},"hours-until-short":{"_index":["plural","value"],"_":{"zero":"tani","other":"për {{value}}h"}},"days-until-short":{"_index":["plural","value"],"_":{"zero":"sot","other":"për {{value}}d"}},"incorrectDate":"(datë e pasaktë)","dateTimeFormat_%c":"%a %e %b %Y %I:%M:%S %p","dateTimeFormat_%x":"%m/%d/%Y","dateTimeFormat_%X":"%I:%M:%S %p","shortTimeFormat":"%I:%M %p","shortDateTimeFormat":"%x %I:%M %p","weekStartsOnMonday":"0","time_am":"AM","time_pm":"PM"}