{"topup-confirmation-title2":"Kullanım","topup-confirmation-message":"Kontör yükleme onaylandı","topup-incorrectcode-title2":"Kullanım","topup-incorrectcode-message3":"Yanlış kontör kodu girildi.","updating":"Güncelliyor","updating-ellipsis":"Güncelleniyor...","yesterday":"Dün","today":"Bugün","never":"Hiçbir zaman","magnitude":"{{value}} {{unit}}","currency":"{{currency}} {{value}}","widget":"Kullanım Aracı","widget-authed-sim-heading":"Yeni {{provider}} SIM'i takıldı","widget-authed-sim-meta":"Telefon ve internet kullanımınızı izlemek için dokunun.","widget-nonauthed-sim-heading":"Yeni SIM takıldı","widget-nonauthed-sim-meta":"İnternet kullanımını izlemek için dokunun.","widget-airplane-mode-heading":"Airplane Mode","widget-airplane-mode-meta":"Please, turn off airplane mode to enable Usage.","widget-no-sim2-heading":"SIM takılı değil","widget-no-sim2-meta":"Kullanım'ı etkinleştirmek için bir SIM takın.","widget-sim-locked-heading":"Kilitli SIM kart","widget-sim-locked-meta":"Kullanım'ı etkinleştirmek için kilidi açın.","fte":"Kullanım İlk Deneyimi","fte-authed-sim":"Telefon ve internet kullanımınızı izleyerek para tasarrufu yapın.","fte-nonauthed-sim":"İnternet kullanımınızı izleyerek para tasarrufu yapın.","fte-no-sim":"Ne kadar internet kullandığınız hakkında net bilgi alın.","fte-sim-info2":"Kullanım'da görünen bilgiler doğrudan bu aygıttan alınır. Daha ayrıntılı hesap bilgileriniz için mobil servis sağlayıcınıza başvurun.","fte-plantype-title":"Sözleşme Türü","fte-plantype-hint":"Mobil servis sağlayıcınızla aranızdaki sözleşme türünü seçin.","fte-prepaid2-title":"Düşük Bakiye Uyarısı","fte-prepaid2-hint":"Bakiyesiz kalmamak için bir uyarı ayarlayın.","fte-prepaid3-title":"Veri Raporu ve Uyarısı","fte-prepaid3-hint":"İnternet kullanımınız hakkında raporlar alın ve aşırı kullanımı engelleyin.","fte-postpaid2-title":"Telefon ve Veri Raporu","fte-postpaid2-hint":"Telefon ve internet kullanımınız hakkında raporlar alın.","fte-postpaid3-title":"Veri Uyarısı","fte-postpaid3-hint":"Aşırı veri kullanımını engellemek için bir uyarı ayarlayın.","fte-onlydata2-title":"Veri Raporu","fte-onlydata2-hint":"İnternet kullanımınız hakkında raporlar alın.","fte-onlydata3-title":"Veri Uyarısı","fte-onlydata3-hint":"Aşırı veri kullanımını engellemek için bir uyarı ayarlayın.","phone-activity":"Telefon Etkinliği","balance":"Bakiye","on-roaming-message2":"Dolaşım: Bakiye otomatik güncellenmez. Elle güncelleme için ücret ödemeniz gerekebilir.","balance-error-message2":"Bakiye doğru şekilde güncellenemedi. Elle güncellemeyi deneyin.","airplane-mode-error-message2":"Bakiyenizi güncellemek veya kontör yüklemek için uçak modunu kapatın.","disable-airplane-mode":"Güncellemek veya kontör yüklemek için Uçak modunu devre dışı bırakmak ister misiniz?","no-coverage-error-message2":"Bakiyenizi güncellemek veya kontör yüklemek için telefonunuz kapsama alanı içinde olmalıdır.","top-up":"Kontör yükle","enter-top-up-code":"Yükleme kodunu girin","top-up-code-explanation2":"Genellikle kazınabilir bir kartta veya fişinizin üzerinde bulunur.","wait-for-confirmation":"Bir onay mesajı alacaksınız","incorrect-code2":"Kodun doğru olduğundan emin olun ve tekrar deneyin.","topup-error2":"Kodu gönderirken bir hata oluştu. Lütfen tekrar deneyin.","application-error-title":"Hizmet kullanılamıyor","application-error-message":"Müşteri temsilcinizle iletişim kurun","service-unavailable-title":"Hizmet kullanılamıyor","service-unavailable-message":"Güncelleme ve kontör yükleme şu anda kullanılamıyor. Lütfen daha sonra tekrar deneyin.","data-usage":"Veri kullanımı","update-button":"Güncelle","topup-button2":"Kontör kodu kullan","topup-ussd-button2":"Kontör yükleme menüsünü aç","ok":"Tamam","top-up-in-progress2":"Kontör yüklemeniz işleniyor.","top-up-timed-out2":"Doğrulamak için bakiyenizi güncelleyin. Bakiye değişmemişse yeniden yüklemeyi deneyin.","on-topup-not-confirmed-title":"Kontör yükleme onaylanmadı","on-topup-not-confirmed-message":"Bakiyenizi güncelleyin veya kontör yüklemeyi tekrar deneyin.","send":"gönder","plantype-setup-title":"Telefon ve internet paketim","prepaid":"Ön ödemeli","postpaid":"Faturalı","phoneactivity":"Telefon etkinliği","short-date-format":"%d %b","sms-sent":"Gönderilen SMS'ler","call-made":"Yapılan aramalar","settings":"Ayarlar","low-balance-alert":"Düşük bakiye uyarısı","low-balance-explanation2":"Bakiye alt limiti","phone-and-internet-data-report":"Telefon ve internet verisi raporu","starting-on":"Başlangıç","cancel":"İptal","set":"Ayarla","set-day":"Günü ayarla","set-date":"Tarihi ayarla","monthly":"Her ay","weekly":"Her hafta","monday":"Pazartesi","tuesday":"Salı","wednesday":"Çarşamba","thursday":"Perşembe","friday":"Cuma","saturday":"Cumartesi","sunday":"Pazar","monday-abbr":"Pzt","tuesday-abbr":"Sal","wednesday-abbr":"Çrş","thursday-abbr":"Prş","friday-abbr":"Cum","saturday-abbr":"Cmt","sunday-abbr":"Pzr","billing-cycle-ends":"Fatura dönemi bitişi","tracking-will-reset":"İzleme bu tarihte sıfırlanacaktır","yes":"Evet","done":"Bitti","confirmation":"Onay","reset-confirmation-warning":"Tüm mevcut veriler silinecektir. Sıfırlamak istediğinizden emin misiniz?","reset":"Sıfırla","reset-wifi":"Wi-Fi kullanımını sıfırla","reset-mobile":"Mobil kullanımı sıfırla","reset-all-data-usage":"Mobil ve Wi-Fi verilerini sıfırla","not-set":"Ayarlanmadı","used":"Kullanılan","limit-passed":"Aşılan sınır","limit":"Sınır","data-limit-header":"Veri kullanım sınırı","data-limit-alert":"Veri kullanım uyarısı","data-limit-value2":"Kullanım üst limiti","data-limit-dialog-title2":"Bir mobil veri sınırı girin","data-limit-dialog-explanation2":"Sınır aşıldığında bağlantı hızları düşer. Uygun bir uyarı seviyesi ayarlamak için servis sağlayıcınızdan bilgi alın.","wifi-usage":"Wi-Fi kullanımı","mobile-usage":"Mobil kullanımı","wifi-usage-settings":"Wi-Fi kullanımı","mobile-usage-settings":"Mobil kullanımı","im-prepaid":"Ön ödemeliyim","im-postpaid":"Faturalıyım","reset-data-usage":"Veri kullanımını sıfırla","reset-report":"Raporu sıfırla","next":"İleri","back":"Geri","lets-go":"Başlayalım!","alert":"Uyarı","alert-limit":"Uyarı Sınırı","fte-welcome-title":"Hoş geldiniz","data-limit-notification-title2":"{{limit}} veri kullanıldı","data-limit-notification-text2":"Belirlediğiniz limiti aştınız","low-balance-notification-title":"Düşük bakiye","low-balance-notification-text":"{{remaining}} telefon kredisi kaldı","zero-balance-message":"Bakiye sıfıra düştü, hiç telefon kredisi kalmadı.","not-available":"Kullanılamaz","usage":"Kullanım","internet":"İnternet","phone":"Telefon","loading-interface-data":"Arayüz verileri yükleniyor. Lütfen birazdan tekrar deneyin.","chart-date-format":"%e %b","verbose-chart-date-format":"{{monthday-number}} {{em-month}}","day-hour-format":"{{day}}, {{time}}","B":"B","KB":"KB","MB":"MB","GB":"GB","weekday-0-long":"Pazar","weekday-1-long":"Pazartesi","weekday-2-long":"Salı","weekday-3-long":"Çarşamba","weekday-4-long":"Perşembe","weekday-5-long":"Cuma","weekday-6-long":"Cumartesi","weekday-0-short":"Pzr","weekday-1-short":"Pzt","weekday-2-short":"Sal","weekday-3-short":"Çar","weekday-4-short":"Per","weekday-5-short":"Cum","weekday-6-short":"Cmt","month-0-long":"Ocak","month-1-long":"Şubat","month-2-long":"Mart","month-3-long":"Nisan","month-4-long":"Mayıs","month-5-long":"Haziran","month-6-long":"Temmuz","month-7-long":"Ağustos","month-8-long":"Eylül","month-9-long":"Ekim","month-10-long":"Kasım","month-11-long":"Aralık","month-0-genitive":"Ocak","month-1-genitive":"Şubat","month-2-genitive":"Mart","month-3-genitive":"Nisan","month-4-genitive":"Mayıs","month-5-genitive":"Haziran","month-6-genitive":"Temmuz","month-7-genitive":"Ağustos","month-8-genitive":"Eylül","month-9-genitive":"Ekim","month-10-genitive":"Kasım","month-11-genitive":"Aralık","month-0-short":"Oca","month-1-short":"Şub","month-2-short":"Mar","month-3-short":"Nis","month-4-short":"May","month-5-short":"Haz","month-6-short":"Tem","month-7-short":"Ağu","month-8-short":"Eyl","month-9-short":"Eki","month-10-short":"Kas","month-11-short":"Ara","minutes-ago-long":{"_index":["plural","value"],"_":{"zero":"biraz önce","one":"bir dakika önce","two":"{{value}} dakika önce","few":"{{value}} dakika önce","many":"{{value}} dakika önce","other":"{{value}} dakika önce"}},"hours-ago-long":{"_index":["plural","value"],"_":{"zero":"biraz önce","one":"bir saat önce","two":"{{value}} saat önce","few":"{{value}} saat önce","many":"{{value}} saat önce","other":"{{value}} saat önce"}},"days-ago-long":{"_index":["plural","value"],"_":{"zero":"bugün","one":"dün","two":"{{value}} gün önce","few":"{{value}} gün önce","many":"{{value}} gün önce","other":"{{value}} gün önce"}},"weeks-ago-long":{"_index":["plural","value"],"_":{"zero":"bu hafta","one":"geçen hafta","two":"{{value}} hafta önce","few":"{{value}} hafta önce","many":"{{value}} hafta önce","other":"{{value}} hafta önce"}},"months-ago-long":{"_index":["plural","value"],"_":{"zero":"bu ay","one":"geçen ay","two":"{{value}} ay önce","few":"{{value}} ay önce","many":"{{value}} ay önce","other":"{{value}} ay önce"}},"years-ago-long":{"_index":["plural","value"],"_":{"zero":"bu yıl","one":"geçen yıl","two":"{{value}} yıl önce","few":"{{value}} yıl önce","many":"{{value}} yıl önce","other":"{{value}} yıl önce"}},"minutes-until-long":{"_index":["plural","value"],"_":{"zero":"şimdi","one":"bir dakika önce","two":"{{value}} dakika içinde","few":"{{value}} dakika içinde","many":"{{value}} dakika içinde","other":"{{value}} dakika içinde"}},"hours-until-long":{"_index":["plural","value"],"_":{"zero":"şimdi","one":"bir saat içinde","two":"{{value}} saat içinde","few":"{{value}} saat içinde","many":"{{value}} saat içinde","other":"{{value}} saat içinde"}},"days-until-long":{"_index":["plural","value"],"_":{"zero":"bugün","one":"dün","two":"{{value}} gün içinde","few":"{{value}} gün içinde","many":"{{value}} gün içinde","other":"{{value}} gün içinde"}},"weeks-until-long":{"_index":["plural","value"],"_":{"zero":"bu hafta","one":"gelecek hafta","two":"{{value}} hafta içinde","few":"{{value}} hafta içinde","many":"{{value}} hafta içinde","other":"{{value}} hafta içinde"}},"months-until-long":{"_index":["plural","value"],"_":{"zero":"bu ay","one":"gelecek ay","two":"{{value}} ay içinde","few":"{{value}} ay içinde","many":"{{value}} ay içinde","other":"{{value}} ay içinde"}},"years-until-long":{"_index":["plural","value"],"_":{"zero":"bu yıl","one":"gelecek yıl","two":"{{value}} yıl içinde","few":"{{value}} yıl içinde","many":"{{value}} yıl içinde","other":"{{value}} yıl içinde"}},"minutes-ago-short":{"_index":["plural","value"],"_":{"zero":"biraz önce","other":"{{value}} dk önce"}},"hours-ago-short":{"_index":["plural","value"],"_":{"zero":"biraz önce","other":"{{value}} saat önce"}},"days-ago-short":{"_index":["plural","value"],"_":{"zero":"bugün","other":"{{value}} gün önce"}},"minutes-until-short":{"_index":["plural","value"],"_":{"zero":"şimdi","other":"{{value}} dk içinde"}},"hours-until-short":{"_index":["plural","value"],"_":{"zero":"şimdi","other":"{{value}} saat içinde"}},"days-until-short":{"_index":["plural","value"],"_":{"zero":"bugün","other":"{{value}} gün içinde"}},"incorrectDate":"(geçersiz tarih)","dateTimeFormat_%c":"%e %b %Y %a %H:%M:%S","dateTimeFormat_%x":"%d/%m/%Y","dateTimeFormat_%X":"%H:%M:%S","shortTimeFormat":"%H:%M","shortDateTimeFormat":"%x %H:%M","weekStartsOnMonday":"1","time_am":"ÖÖ","time_pm":"ÖS"}