{"back":"Назад","save":"Запис","hide":"Скриване","cancel":"Отказ","confirm":"Потвърждение","done":"Готово","events":"Събития","edit":"Редактиране","allday-events":"Целодневни събития","hint-swipe-action":"Плъзнете","hint-swipe-to-navigate":"за да навигирате между датите.","show-today":"Днес","show-month-view":"Месец","show-week-view":"Седмица","show-day-view":"Ден","settings-show":"Настройки","settings-hide":"Скриване на настройките","add-account":"Нова регистрация","new-event":"Добавяне на събитие","add-event-header":"Събитие","account-header":"Регистрация","account-list-header":"Регистрации","settings-header":"Календари","advanced-settings":"Настройки на календара","advanced-settings-header":"Настройки","advanced-settings-personalization":"Персонализация","advanced-settings-reminders":"Напомняния","field-user":{"placeholder":"Потребителско име"},"field-password":{"placeholder":"Парола"},"field-full-url":{"placeholder":"URL"},"modify-account-setting-up":"Моля изчакайте, докато се извършва регистрацията","modify-account-unable-to-sync":"Неуспешна синхронизация","modify-account-sign-in":"Влизане","preset-caldav":"CalDav","preset-yahoo":"Yahoo!","preset-google":"Google","preset-local":"Офлайн календар","preset-mozilla":"Mozilla Zimbra","calendar-local":"Офлайн календар","event-title":{"placeholder":"Заглавие"},"event-location":{"placeholder":"Местоположение"},"event-description":{"placeholder":"Бележки"},"event-is-allday":"Целодневно събитие?","event-start-date":{"placeholder":"Начална дата"},"event-end-date":{"placeholder":"Крайна дата"},"event-start-time":{"placeholder":"Начален час"},"event-end-time":{"placeholder":"Краен час"},"event-delete":"Изтриване на събитието","remove-account-data":"Премахване на локалните данни","remove-account-dialog":"Премахване на регистрацията","remove-account-dialog-details":"Премахването на тази регистрация ще премахне локалните копия на свързаните календари и събития.","sync-frequency":"Синхронизация","sync-frequency-manual":{"textContent":"Ръчна"},"sync-frequency-15min":{"textContent":"15 мин"},"sync-frequency-30min":{"textContent":"30 мин"},"sync-frequency-hourly":{"textContent":"На кръгъл час"},"none":"Няма","remind-me":"Напомняне","from-time":"От:","to-time":"До:","alarm-at-event-standard":"По време на събитието","alarm-at-event-allday":"В деня на събитието","alarm-start-notice":"{{title}} започва {{distance}}","alarm-started-notice":"{{title}} започна {{distance}}","minutes-before":{"_index":["plural","value"],"_":{"zero":"преди 0 минути","one":"преди 1 минута","two":"преди {{value}} минути","few":"преди {{value}} минути","many":"преди {{value}} минути","other":"преди {{value}} минути"}},"hours-before":{"_index":["plural","value"],"_":{"zero":"преди 0 часа","one":"преди 1 час","two":"преди {{value}} часа","few":"преди {{value}} часа","many":"преди {{value}} часа","other":"преди {{value}} часа"}},"days-before":{"_index":["plural","value"],"_":{"zero":"преди 0 дни","one":"преди 1 ден","two":"преди {{value}} дни","few":"преди {{value}} дни","many":"преди {{value}} дни","other":"преди {{value}} дни"}},"weeks-before":{"_index":["plural","value"],"_":{"zero":"преди 0 седмици","one":"преди 1 седмица","two":"преди {{value}} седмици","few":"преди {{value}} седмици","many":"преди {{value}} седмици","other":"преди {{value}} седмици"}},"months-before":{"_index":["plural","value"],"_":{"zero":"преди 0 месеца","one":"преди 1 месец","two":"преди {{value}} месеца","few":"преди {{value}} месеца","many":"преди {{value}} месеца","other":"преди {{value}} месеца"}},"years-before":{"_index":["plural","value"],"_":{"zero":"преди 0 години","one":"преди 1 година","two":"преди {{value}} години","few":"преди {{value}} години","many":"преди {{value}} години","other":"преди {{value}} години"}},"minutes-after":{"_index":["plural","value"],"_":{"zero":"след 0 минути","one":"след 1 минута","two":"след {{value}} минути","few":"след {{value}} минути","many":"след {{value}} минути","other":"след {{value}} минути"}},"hours-after":{"_index":["plural","value"],"_":{"zero":"след 0 часа","one":"след 1 час","two":"след {{value}} часа","few":"след {{value}} часа","many":"след {{value}} часа","other":"след {{value}} часа"}},"days-after":{"_index":["plural","value"],"_":{"zero":"след 0 дни","one":"след 1 ден","two":"след {{value}} дни","few":"след {{value}} дни","many":"след {{value}} дни","other":"след {{value}} дни"}},"weeks-after":{"_index":["plural","value"],"_":{"zero":"след 0 седмици","one":"след 1 седмица","two":"след {{value}} седмици","few":"след {{value}} седмици","many":"след {{value}} седмици","other":"след {{value}} седмици"}},"months-after":{"_index":["plural","value"],"_":{"zero":"след 0 месеца","one":"след 1 месец","two":"след {{value}} месеца","few":"след {{value}} месеца","many":"след {{value}} месеца","other":"след {{value}} месеца"}},"years-after":{"_index":["plural","value"],"_":{"zero":"след 0 години","one":"след 1 година","two":"след {{value}} години","few":"след {{value}} години","many":"след {{value}} години","other":"след {{value}} години"}},"hour-format":"%H","hour-allday":"Цял ден","month-view-header-format":"%B %Y","multi-month-view-header-format":"%b %Y","day-view-header-format":"%A, %e %B","error-start-after-end":"Крайната дата трябва да е след началната дата","error-unauthenticated":"Грешно потребителско име и/или парола","error-internal-server-error":"Сървърна грешка. Проверете потребителското име и парола, и опитайте отново.","error-default":"Има грешка. Опитайте отново по-късно.","error-offline":"Няма мрежова свързаност. Проверете мрежовите настройки и опитайте отново.","error-account-exist":"Вече има такава регистрация.","notification-error-sync-title":"Грешка при синхронизирането на календара","notification-error-sync-description":"Натиснете тук за повече информация","weekday-0-long":"Неделя","weekday-1-long":"Понеделник","weekday-2-long":"Вторник","weekday-3-long":"Сряда","weekday-4-long":"Четвъртък","weekday-5-long":"Петък","weekday-6-long":"Събота","weekday-0-short":"Нед","weekday-1-short":"Пон","weekday-2-short":"Вт","weekday-3-short":"Ср","weekday-4-short":"Чет","weekday-5-short":"Пет","weekday-6-short":"Съб","month-0-long":"Януари","month-1-long":"Февруари","month-2-long":"Maрт","month-3-long":"Aприл","month-4-long":"Май","month-5-long":"Юни","month-6-long":"Юли","month-7-long":"Август","month-8-long":"Септември","month-9-long":"Oктомври","month-10-long":"Ноември","month-11-long":"Декември","month-0-genitive":"Януари","month-1-genitive":"Февруари","month-2-genitive":"Maрт","month-3-genitive":"Aприл","month-4-genitive":"Май","month-5-genitive":"Юни","month-6-genitive":"Юли","month-7-genitive":"Август","month-8-genitive":"Септември","month-9-genitive":"Oктомври","month-10-genitive":"Ноември","month-11-genitive":"Декември","month-0-short":"Ян","month-1-short":"Фев","month-2-short":"Мар","month-3-short":"Апр","month-4-short":"Май","month-5-short":"Юни","month-6-short":"Юли","month-7-short":"Авг","month-8-short":"Сеп","month-9-short":"Окт","month-10-short":"Ное","month-11-short":"Дек","minutes-ago-long":{"_index":["plural","value"],"_":{"zero":"в момента","one":"преди минута","two":"преди {{value}} минути","few":"преди {{value}} минути","many":"преди {{value}} минути","other":"преди {{value}} минути"}},"hours-ago-long":{"_index":["plural","value"],"_":{"zero":"в момента","one":"преди час","two":"преди {{value}} часа","few":"преди {{value}} часа","many":"преди {{value}} часа","other":"преди {{value}} часа"}},"days-ago-long":{"_index":["plural","value"],"_":{"zero":"днес","one":"вчера","two":"преди {{value}} дни","few":"преди {{value}} дни","many":"преди {{value}} дни","other":"преди {{value}} дни"}},"weeks-ago-long":{"_index":["plural","value"],"_":{"zero":"тази седмица","one":"миналата седмица","two":"преди {{value}} седмици","few":"преди {{value}} седмици","many":"преди {{value}} седмици","other":"преди {{value}} седмици"}},"months-ago-long":{"_index":["plural","value"],"_":{"zero":"този месец","one":"миналия месец","two":"преди {{value}} месеца","few":"преди {{value}} месеца","many":"преди {{value}} месеца","other":"преди {{value}} месеца"}},"years-ago-long":{"_index":["plural","value"],"_":{"zero":"тази година","one":"миналата година","two":"преди {{value}} години","few":"преди {{value}} години","many":"преди {{value}} години","other":"преди {{value}} години"}},"minutes-until-long":{"_index":["plural","value"],"_":{"zero":"now","one":"in a minute","two":"in {{value}} minutes","few":"in {{value}} minutes","many":"in {{value}} minutes","other":"in {{value}} minutes"}},"hours-until-long":{"_index":["plural","value"],"_":{"zero":"сега","one":"до един час","two":"след {{value}} часа","few":"след {{value}} часа","many":"след {{value}} часа","other":"след {{value}} часа"}},"days-until-long":{"_index":["plural","value"],"_":{"zero":"днес","one":"утре","two":"след {{value}} дни","few":"след {{value}} дни","many":"след {{value}} дни","other":"след {{value}} дни"}},"weeks-until-long":{"_index":["plural","value"],"_":{"zero":"тази седмица","one":"другата седмица","two":"след {{value}} седмици","few":"след {{value}} седмици","many":"след {{value}} седмици","other":"след {{value}} седмици"}},"months-until-long":{"_index":["plural","value"],"_":{"zero":"този месец","one":"другия месец","two":"след {{value}} месеца","few":"след {{value}} месеца","many":"след {{value}} месеца","other":"след {{value}} месеца"}},"years-until-long":{"_index":["plural","value"],"_":{"zero":"тази година","one":"следващата година","two":"след {{value}} години","few":"след {{value}} години","many":"след {{value}} години","other":"след {{value}} години"}},"minutes-ago-short":{"_index":["plural","value"],"_":{"zero":"в момента","other":"преди {{value}}мин."}},"hours-ago-short":{"_index":["plural","value"],"_":{"zero":"в момента","other":"преди {{value}}ч."}},"days-ago-short":{"_index":["plural","value"],"_":{"zero":"днес","other":"преди {{value}}дни"}},"minutes-until-short":{"_index":["plural","value"],"_":{"zero":"сега","other":"след {{value}}мин."}},"hours-until-short":{"_index":["plural","value"],"_":{"zero":"сега","other":"след {{value}}ч."}},"days-until-short":{"_index":["plural","value"],"_":{"zero":"днес","other":"след {{value}}дни"}},"incorrectDate":"(невалидна дата)","dateTimeFormat_%c":"%a, %e %b %Y %H:%M:%S","dateTimeFormat_%x":"%d %m %Y","dateTimeFormat_%X":"%H:%M:%S","shortTimeFormat":"%H:%M","shortDateTimeFormat":"%x %H:%M","weekStartsOnMonday":"1","time_am":"AM","time_pm":"PM"}