{"back":"পিছনে","save":"সংরক্ষণ","hide":"আড়াল করো","cancel":"বাতিল","confirm":"নিশ্চিত করুন","done":"সম্পন্ন","events":"ইভেন্ট","edit":"সম্পাদনা","allday-events":"দিন-ব্যাপী কর্মসূচী","hint-swipe-action":"সুইপ","hint-swipe-to-navigate":"ক্যালেন্ডারের তারিখ ন্যাভিগেট করতে।","show-today":"আজ","show-month-view":"মাস","show-week-view":"সপ্তাহ","show-day-view":"দিন","settings-show":"সেটিংস","settings-hide":"সেটিংস আড়াল করো","add-account":"অ্যাকাউন্ট যোগ করুন","new-event":"অনুষ্ঠান যোগ করো","add-event-header":"কর্মসূচী","account-header":"একাউন্ট","account-list-header":"একাউন্ট","settings-header":"ক্যালেন্ডার","advanced-settings":"ক্যালেন্ডার সেটিংস","advanced-settings-header":"ক্যালেন্ডার সেটিংস","advanced-settings-personalization":"নিজের মত সাজানো","advanced-settings-reminders":"রিমাইন্ডার","field-user":{"placeholder":"ব্যাবহারকারীর নাম"},"field-password":{"placeholder":"পাসওয়ার্ড"},"field-full-url":{"placeholder":"ইউআরএল"},"modify-account-setting-up":"আপনার একাউন্ট প্রস্তুত হওয়া পর্যন্ত অপেক্ষা করুন","modify-account-unable-to-sync":"সিঙ্ক করতে ব্যার্থ","modify-account-sign-in":"সাইন ইন","preset-caldav":"CalDav","preset-yahoo":"ইয়াহু!","preset-google":"গুগল","preset-local":"অফলাইন ক্যালেন্ডার","preset-mozilla":"মজিলা জিম্বরা","calendar-local":"অফলাইন ক্যালেন্ডার","event-title":{"placeholder":"শিরোনাম"},"event-location":{"placeholder":"কোথায়?"},"event-description":{"placeholder":"নোট"},"event-is-allday":"দিনব্যাপী কর্মসূচী?","event-start-date":{"placeholder":"শুরুর তারিখ"},"event-end-date":{"placeholder":"শেষের তারিখ"},"event-start-time":{"placeholder":"শুরুর সময়"},"event-end-time":{"placeholder":"সমাপ্তির সময়"},"event-delete":"ইভেন্ট অপসারণ","remove-account-data":"লোকাল ডাটা অপসারণ","remove-account-dialog":"অ্যাকাউন্ট অপসারণ","remove-account-dialog-details":"এই একাউন্ট অপসারণ করলে সাথে সম্পর্কিত ক্যালেন্ডার ও ইভেন্টের তথ্য ডিভাইস থেকে অপসারিত হবে।","sync-frequency":"ক্যালেন্ডার হালনাগাদ","sync-frequency-manual":{"textContent":"নিজ হাতে"},"sync-frequency-15min":{"textContent":"১৫ মিনিট"},"sync-frequency-30min":{"textContent":"৩০ মিনিট"},"sync-frequency-hourly":{"textContent":"প্রতি ঘন্টা"},"none":"কোনটি নয়","remind-me":"স্মরণ করাও","from-time":"প্রেরক: ","to-time":"প্রাপক: ","alarm-at-event-standard":"ইভেন্টের সময়ে","alarm-at-event-allday":"ইভেন্টের দিনে","alarm-start-notice":"{{title}} শুরু হচ্ছে {{distance}}","alarm-started-notice":"{{title}} শুরু {{distance}}","minutes-before":{"_index":["plural","value"],"_":{"zero":"০ মিনিট পূর্বে","one":"১ মিনিট পূর্বে","two":"{{value}} মিনিট পূর্বে","few":"{{value}} মিনিট পূর্বে","many":"{{value}} মিনিট পূর্বে","other":"{{value}} মিনিট পূর্বে"}},"hours-before":{"_index":["plural","value"],"_":{"zero":"০ ঘন্টা পূর্বে","one":"১ ঘন্টা পূর্বে","two":"{{value}} ঘন্টা পূর্বে","few":"{{value}} ঘন্টা পূর্বে","many":"{{value}} ঘন্টা পূর্বে","other":"{{value}} ঘন্টা পূর্বে"}},"days-before":{"_index":["plural","value"],"_":{"zero":"০ দিন পূর্বে","one":"১ দিন পূর্বে","two":"{{value}} দিন পূর্বে","few":"{{value}} দিন পূর্বে","many":"{{value}} দিন পূর্বে","other":"{{value}} দিন পূর্বে"}},"weeks-before":{"_index":["plural","value"],"_":{"zero":"০ সপ্তাহ পূর্বে","one":"১ সপ্তাহ পূর্বে","two":"{{value}} সপ্তাহ পূর্বে","few":"{{value}} সপ্তাহ পূর্বে","many":"{{value}} সপ্তাহ পূর্বে","other":"{{value}} সপ্তাহ পূর্বে"}},"months-before":{"_index":["plural","value"],"_":{"zero":"০ মাস পূর্বে","one":"১ মাস পূর্বে","two":"{{value}} মাস পূর্বে","few":"{{value}} মাস পূর্বে","many":"{{value}} মাস পূর্বে","other":"{{value}} মাস পূর্বে"}},"years-before":{"_index":["plural","value"],"_":{"zero":"০ বছর পূর্বে","one":"১ বছর পূর্বে","two":"{{value}} বছর পূর্বে","few":"{{value}} বছর পূর্বে","many":"{{value}} বছর পূর্বে","other":"{{value}} বছর পূর্বে"}},"minutes-after":{"_index":["plural","value"],"_":{"zero":"০ মিনিট পরে","one":"১ মিনিট পরে","two":"{{value}} মিনিট পরে","few":"{{value}} মিনিট পরে","many":"{{value}} মিনিট পর","other":"{{value}} মিনিট পর"}},"hours-after":{"_index":["plural","value"],"_":{"zero":"০ ঘন্টা পর","one":"১ ঘন্টা পর","two":"{{value}} ঘন্টা পর","few":"{{value}} ঘন্টা পর","many":"{{value}} ঘন্টা পর","other":"{{value}} ঘন্টা পর"}},"days-after":{"_index":["plural","value"],"_":{"zero":"০ দিন পর","one":"১ দিন পর","two":"{{value}} দিন পর","few":"{{value}} দিন পর","many":"{{value}} দিন পর","other":"{{value}} দিন পর"}},"weeks-after":{"_index":["plural","value"],"_":{"zero":"০ সপ্তাহ পর","one":"১ সপ্তাহ পর","two":"{{value}} সপ্তাহ পর","few":"{{value}} সপ্তাহ পর","many":"{{value}} সপ্তাহ পর","other":"{{value}} সপ্তাহ পর"}},"months-after":{"_index":["plural","value"],"_":{"zero":"০ মাস পর","one":"১ মাস পর","two":"{{value}} মাস পর","few":"{{value}} মাস পর","many":"{{value}} মাস পর","other":"{{value}} মাস পর"}},"years-after":{"_index":["plural","value"],"_":{"zero":"০ বছর পর","one":"১ বছর পর","two":"{{value}} বছর পর","few":"{{value}} বছর পর","many":"{{value}} বছর পর","other":"{{value}} বছর পর"}},"hour-format":"%I %p","hour-allday":"সারাদিন","month-view-header-format":"%B %Y","multi-month-view-header-format":"%b %Y","day-view-header-format":"%b %e, %A","error-start-after-end":"সমাপ্তির তারিখ অবশ্যই শুরুর তারিখের পর আসবে","error-unauthenticated":"ভুল ব্যবহারকারীর নাম/পাসওয়ার্ড","error-internal-server-error":"সার্ভারে সমস্যা। আপনার লগিন মিলিয়ে নিয়ে আবার চেষ্টা করুন।","error-default":"কোথাও সমস্যা হয়েছে। পরে আবার চেষ্টা করুন।","error-offline":"ইন্টানেট বিচ্ছিন্ন। সংযোগ পরীক্ষা করে পুনরায় চেষ্টা করুন।","error-account-exist":"অ্যাকাউন্টটি ইতোমধ্যে বিদ্যমান।","notification-error-sync-title":"ক্যালেন্ডার সিনক্রোনাইজ জনিত ত্রুটি","notification-error-sync-description":"আরও তথ্যের জন্য ট্যাপ করুন","weekday-0-long":"রবিবার","weekday-1-long":"সোমবার","weekday-2-long":"মঙ্গলবার","weekday-3-long":"বুধবার","weekday-4-long":"বৃহস্পতিবার","weekday-5-long":"শুক্রবার","weekday-6-long":"শনিবার","weekday-0-short":"রবি","weekday-1-short":"সোম","weekday-2-short":"মঙ্গল","weekday-3-short":"বুধ","weekday-4-short":"বৃহঃ","weekday-5-short":"শুক্র","weekday-6-short":"শনি","month-0-long":"জানুয়ারি","month-1-long":"ফেব্রুয়ারি","month-2-long":"মার্চ","month-3-long":"এপ্রিল","month-4-long":"মে","month-5-long":"জুন","month-6-long":"জুলাই","month-7-long":"আগস্ট","month-8-long":"সেপ্টেম্বর","month-9-long":"অক্টোবর","month-10-long":"নভেম্বর","month-11-long":"ডিসেম্বর","month-0-genitive":"জানুয়ারি","month-1-genitive":"ফেব্রুয়ারি","month-2-genitive":"মার্চ","month-3-genitive":"এপ্রিল","month-4-genitive":"মে","month-5-genitive":"জুন","month-6-genitive":"জুলাই","month-7-genitive":"আগস্ট","month-8-genitive":"সেপ্টেম্বর","month-9-genitive":"অক্টোবর","month-10-genitive":"নভেম্বর","month-11-genitive":"ডিসেম্বর","month-0-short":"জানু","month-1-short":"ফেব্রু","month-2-short":"মার্চ","month-3-short":"এপ্রিল","month-4-short":"মে","month-5-short":"জুন","month-6-short":"জুলাই","month-7-short":"আগস্ট","month-8-short":"সেপ্ট","month-9-short":"অক্টো","month-10-short":"নভে","month-11-short":"ডিসে","minutes-ago-long":{"_index":["plural","value"],"_":{"zero":"এইমাত্র","one":"১ মিনিট পূর্বে","two":"{{value}} মিনিট পূর্বে","few":"{{value}} মিনিট পূর্বে","many":"{{value}} মিনিট পূর্বে","other":"{{value}} মিনিট পূর্বে"}},"hours-ago-long":{"_index":["plural","value"],"_":{"zero":"এইমাত্র","one":"১ ঘন্টা পূর্বে","two":"{{value}} ঘন্টা পূর্বে","few":"{{value}} ঘন্টা পূর্বে","many":"{{value}} ঘন্টা পূর্বে","other":"{{value}} ঘন্টা পূর্বে"}},"days-ago-long":{"_index":["plural","value"],"_":{"zero":"আজ","one":"গতকাল","two":"{{value}} দিন পূর্বে","few":"{{value}} দিন পূর্বে","many":"{{value}} দিন পূর্বে","other":"{{value}} দিন পূর্বে"}},"weeks-ago-long":{"_index":["plural","value"],"_":{"zero":"এই সপ্তাহে","one":"গত সপ্তাহ","two":"{{value}} সপ্তাহ পূর্বে","few":"{{value}} সপ্তাহ পূর্বে","many":"{{value}} সপ্তাহ পূর্বে","other":"{{value}} সপ্তাহ পূর্বে"}},"months-ago-long":{"_index":["plural","value"],"_":{"zero":"চলতি মাস","one":"গত মাস","two":"{{value}} মাস পূর্বে","few":"{{value}} মাস পূর্বে","many":"{{value}} মাস পূর্বে","other":"{{value}} মাস পূর্বে"}},"years-ago-long":{"_index":["plural","value"],"_":{"zero":"এই বছর","one":"গত বছর","two":"{{value}} বছর আগে","few":"{{value}} বছর পূর্বে","many":"{{value}} বছর পূর্বে","other":"{{value}} বছর পূর্বে"}},"minutes-until-long":{"_index":["plural","value"],"_":{"zero":"এখন","one":"এক মিনিটের মধ্যে","two":"{{value}} মিনিটের মধ্যে","few":"{{value}} মিনিটের মধ্যে","many":"{{value}} মিনিটের মধ্যে","other":"{{value}} মিনিটের মধ্যে"}},"hours-until-long":{"_index":["plural","value"],"_":{"zero":"এখন","one":"এক ঘন্টার মধ্যে","two":"{{value}} ঘন্টার মধ্যে","few":"{{value}} ঘন্টার মধ্যে","many":"{{value}} ঘন্টার মধ্যে","other":"{{value}} ঘন্টার মধ্যে"}},"days-until-long":{"_index":["plural","value"],"_":{"zero":"আজ","one":"আগামীকাল","two":"{{value}} দিনের মধ্যে","few":"{{value}} দিনের মধ্যে","many":"{{value}} দিনের মধ্যে","other":"{{value}} দিনের মধ্যে"}},"weeks-until-long":{"_index":["plural","value"],"_":{"zero":"চলতি সপ্তাহ","one":"পরবর্তী সপ্তাহ","two":"{{value}} সপ্তাহের মধ্যে","few":"{{value}} সপ্তাহের মধ্যে","many":"{{value}} সপ্তাহের মধ্যে","other":"{{value}} সপ্তাহের মধ্যে"}},"months-until-long":{"_index":["plural","value"],"_":{"zero":"এই মাস","one":"পরবর্তী মাস","two":"{{value}} মাসের মধ্যে","few":"{{value}} মাসের মধ্যে","many":"{{value}} মাসের মধ্যে","other":"{{value}} মাসের মধ্যে"}},"years-until-long":{"_index":["plural","value"],"_":{"zero":"এই বছর","one":"আগামী বছর","two":"{{value}} বছরের মধ্যে","few":"{{value}} বছরের মধ্যে","many":"{{value}} বছরের মধ্যে","other":"{{value}} বছরের মধ্যে"}},"minutes-ago-short":{"_index":["plural","value"],"_":{"zero":"এইমাত্র","other":"{{value}}মি. পূর্বে"}},"hours-ago-short":{"_index":["plural","value"],"_":{"zero":"এইমাত্র","other":"{{value}}ঘ. পূর্বে"}},"days-ago-short":{"_index":["plural","value"],"_":{"zero":"আজ","other":"{{value}}দিন পূর্বে"}},"minutes-until-short":{"_index":["plural","value"],"_":{"zero":"এখন","other":"{{value}} মিনিটের মধ্যে"}},"hours-until-short":{"_index":["plural","value"],"_":{"zero":"এখন","other":"{{value}}ঘন্টার মধ্যে"}},"days-until-short":{"_index":["plural","value"],"_":{"zero":"আজ","other":"{{value}}দিনের মধ্যে"}},"incorrectDate":"(ভুল তারিখ)","dateTimeFormat_%c":"%a %b %e %Y %I:%M:%S %p","dateTimeFormat_%x":"%m/%d/%Y","dateTimeFormat_%X":"%I:%M:%S %p","shortTimeFormat":"%I:%M %p","shortDateTimeFormat":"%x %I:%M %p","weekStartsOnMonday":"0","time_am":"AM","time_pm":"PM"}