{"back":"Enrere","save":"Desa","hide":"Amaga","cancel":"Cancel·la","confirm":"Confirma","done":"Fet","events":"Cites","edit":"Edita","allday-events":"Cites de tot el dia","hint-swipe-action":"Feu lliscar el dit","hint-swipe-to-navigate":"per navegar per les dates del calendari.","show-today":"Avui","show-month-view":"Mes","show-week-view":"Setmana","show-day-view":"Dia","settings-show":"Paràmetres","settings-hide":"Amaga els paràmetres","add-account":"Afegeix un compte","new-event":"Afegeix una cita","add-event-header":"Cita","account-header":"Compte","account-list-header":"Comptes","settings-header":"Calendaris","advanced-settings":"Paràmetres del calendari","advanced-settings-header":"Paràm. calendaris","advanced-settings-personalization":"Personalització","advanced-settings-reminders":"Recordatoris","field-user":{"placeholder":"Nom d'usuari"},"field-password":{"placeholder":"Contrasenya"},"field-full-url":{"placeholder":"URL"},"modify-account-setting-up":"Espereu mentre es configura el compte","modify-account-unable-to-sync":"No s'ha pogut sincronitzar","modify-account-sign-in":"Inicia la sessió","preset-caldav":"CalDav","preset-yahoo":"Yahoo!","preset-google":"Google","preset-local":"Calendari fora de línia","preset-mozilla":"Mozilla Zimbra","calendar-local":"Calendari fora de línia","event-title":{"placeholder":"Títol"},"event-location":{"placeholder":"On?"},"event-description":{"placeholder":"Notes"},"event-is-allday":"Cita de tot el dia?","event-start-date":{"placeholder":"Inici"},"event-end-date":{"placeholder":"Final"},"event-start-time":{"placeholder":"Hora d'inici"},"event-end-time":{"placeholder":"Hora de finalització"},"event-delete":"Elimina la cita","remove-account-data":"Elimina les dades locals","remove-account-dialog":"Elimina el compte","remove-account-dialog-details":"En eliminar el compte, també s'eliminarà la còpia local dels calendaris i cites associats.","sync-frequency":"Sincronitza el calendari","sync-frequency-manual":{"textContent":"Manualment"},"sync-frequency-15min":{"textContent":"15 min"},"sync-frequency-30min":{"textContent":"30 min"},"sync-frequency-hourly":{"textContent":"Cada hora"},"none":"Cap","remind-me":"Recorda'm-ho","from-time":"De: ","to-time":"A: ","alarm-at-event-standard":"A l'hora de la cita","alarm-at-event-allday":"El dia de la cita","alarm-start-notice":"{{title}} s'iniciarà {{distance}}","alarm-started-notice":"{{title}} s'ha iniciat {{distance}}","minutes-before":{"_index":["plural","value"],"_":{"zero":"0 minuts abans","one":"1 minut abans","two":"{{value}} minuts abans","few":"{{value}} minuts abans","many":"{{value}} minuts abans","other":"{{value}} minuts abans"}},"hours-before":{"_index":["plural","value"],"_":{"zero":"0 hores abans","one":"1 hora abans","two":"{{value}} hores abans","few":"{{value}} hores abans","many":"{{value}} hores abans","other":"{{value}} hores abans"}},"days-before":{"_index":["plural","value"],"_":{"zero":"0 dies abans","one":"1 dia abans","two":"{{value}} dies abans","few":"{{value}} dies abans","many":"{{value}} dies abans","other":"{{value}} dies abans"}},"weeks-before":{"_index":["plural","value"],"_":{"zero":"0 setmanes abans","one":"1 setmana abans","two":"{{value}} setmanes abans","few":"{{value}} setmanes abans","many":"{{value}} setmanes abans","other":"{{value}} setmanes abans"}},"months-before":{"_index":["plural","value"],"_":{"zero":"0 mesos abans","one":"1 mes abans","two":"{{value}} mesos abans","few":"{{value}} mesos abans","many":"{{value}} mesos abans","other":"{{value}} mesos abans"}},"years-before":{"_index":["plural","value"],"_":{"zero":"0 anys abans","one":"1 any abans","two":"{{value}} anys abans","few":"{{value}} anys abans","many":"{{value}} anys abans","other":"{{value}} anys abans"}},"minutes-after":{"_index":["plural","value"],"_":{"zero":"0 minuts després","one":"1 minut després","two":"{{value}} minuts després","few":"{{value}} minuts després","many":"{{value}} minuts després","other":"{{value}} minuts després"}},"hours-after":{"_index":["plural","value"],"_":{"zero":"0 hores després","one":"1 hora després","two":"{{value}} hores després","few":"{{value}} hores després","many":"{{value}} hores després","other":"{{value}} hores després"}},"days-after":{"_index":["plural","value"],"_":{"zero":"0 dies després","one":"1 dia després","two":"{{value}} dies després","few":"{{value}} dies després","many":"{{value}} dies després","other":"{{value}} dies després"}},"weeks-after":{"_index":["plural","value"],"_":{"zero":"0 setmanes després","one":"1 setmana després","two":"{{value}} setmanes després","few":"{{value}} setmanes després","many":"{{value}} setmanes després","other":"{{value}} setmanes després"}},"months-after":{"_index":["plural","value"],"_":{"zero":"0 mesos després","one":"1 mes després","two":"{{value}} mesos després","few":"{{value}} mesos després","many":"{{value}} mesos després","other":"{{value}} mesos després"}},"years-after":{"_index":["plural","value"],"_":{"zero":"0 anys després","one":"1 any després","two":"{{value}} anys després","few":"{{value}} anys després","many":"{{value}} anys després","other":"{{value}} anys després"}},"hour-format":"%H","hour-allday":"tot el dia","month-view-header-format":"%B %Y","multi-month-view-header-format":"%b %Y","day-view-header-format":"%a %e %Eb","error-start-after-end":"La data de finalització ha de ser posterior a la data d'inici","error-unauthenticated":"Nom d'usuari i/o contrasenya incorrectes","error-internal-server-error":"Error del servidor. Comproveu l'inici de sessió i torneu-ho a provar.","error-default":"Hi ha hagut un problema. Torneu-ho a provar més tard.","error-offline":"No hi ha connexió. Comproveu la configuració de la xarxa i torneu-ho a provar.","error-account-exist":"Aquest compte ja existeix.","notification-error-sync-title":"Error de sincronització del calendari","notification-error-sync-description":"Toqueu per veure més informació","weekday-0-long":"diumenge","weekday-1-long":"dilluns","weekday-2-long":"dimarts","weekday-3-long":"dimecres","weekday-4-long":"dijous","weekday-5-long":"divendres","weekday-6-long":"dissabte","weekday-0-short":"dg","weekday-1-short":"dl","weekday-2-short":"dt","weekday-3-short":"dc","weekday-4-short":"dj","weekday-5-short":"dv","weekday-6-short":"ds","month-0-long":"gener","month-1-long":"febrer","month-2-long":"març","month-3-long":"abril","month-4-long":"maig","month-5-long":"juny","month-6-long":"juliol","month-7-long":"agost","month-8-long":"setembre","month-9-long":"octubre","month-10-long":"novembre","month-11-long":"desembre","month-0-genitive":"de gener","month-1-genitive":"de febrer","month-2-genitive":"de març","month-3-genitive":"d'abril","month-4-genitive":"de maig","month-5-genitive":"de juny","month-6-genitive":"de juliol","month-7-genitive":"d'agost","month-8-genitive":"de setembre","month-9-genitive":"d'octubre","month-10-genitive":"de novembre","month-11-genitive":"de desembre","month-0-short":"gen","month-1-short":"febr","month-2-short":"març","month-3-short":"abr","month-4-short":"maig","month-5-short":"juny","month-6-short":"jul","month-7-short":"ag","month-8-short":"set","month-9-short":"oct","month-10-short":"nov","month-11-short":"des","minutes-ago-long":{"_index":["plural","value"],"_":{"zero":"ara","one":"fa un minut","two":"fa {{value}} minuts","few":"fa {{value}} minuts","many":"fa {{value}} minuts","other":"fa {{value}} minuts"}},"hours-ago-long":{"_index":["plural","value"],"_":{"zero":"ara","one":"fa una hora","two":"fa {{value}} hores","few":"fa {{value}} hores","many":"fa {{value}} hores","other":"fa {{value}} hores"}},"days-ago-long":{"_index":["plural","value"],"_":{"zero":"avui","one":"ahir","two":"fa {{value}} dies","few":"fa {{value}} dies","many":"fa {{value}} dies","other":"fa {{value}} dies"}},"weeks-ago-long":{"_index":["plural","value"],"_":{"zero":"aquesta setmana","one":"la setmana passada","two":"fa {{value}} setmanes","few":"fa {{value}} setmanes","many":"fa {{value}} setmanes","other":"fa {{value}} setmanes"}},"months-ago-long":{"_index":["plural","value"],"_":{"zero":"aquest mes","one":"el mes passat","two":"fa {{value}} mesos","few":"fa {{value}} mesos","many":"fa {{value}} mesos","other":"fa {{value}} mesos"}},"years-ago-long":{"_index":["plural","value"],"_":{"zero":"enguany","one":"l'any passat","two":"fa {{value}} anys","few":"fa {{value}} anys","many":"fa {{value}} anys","other":"fa {{value}} anys"}},"minutes-until-long":{"_index":["plural","value"],"_":{"zero":"ara","one":"d'aquí un minut","two":"d'aquí {{value}} minuts","few":"d'aquí {{value}} minuts","many":"d'aquí {{value}} minuts","other":"d'aquí {{value}} minuts"}},"hours-until-long":{"_index":["plural","value"],"_":{"zero":"ara","one":"d'aquí una hora","two":"d'aquí {{value}} hores","few":"d'aquí {{value}} hores","many":"d'aquí {{value}} hores","other":"d'aquí {{value}} hores"}},"days-until-long":{"_index":["plural","value"],"_":{"zero":"avui","one":"demà","two":"d'aquí {{value}} dies","few":"d'aquí {{value}} dies","many":"d'aquí {{value}} dies","other":"d'aquí {{value}} dies"}},"weeks-until-long":{"_index":["plural","value"],"_":{"zero":"aquesta setmana","one":"la setmana que ve","two":"d'aquí {{value}} setmanes","few":"d'aquí {{value}} setmanes","many":"d'aquí {{value}} setmanes","other":"d'aquí {{value}} setmanes"}},"months-until-long":{"_index":["plural","value"],"_":{"zero":"aquest mes","one":"el mes que ve","two":"d'aquí {{value}} mesos","few":"d'aquí {{value}} mesos","many":"d'aquí {{value}} mesos","other":"d'aquí {{value}} mesos"}},"years-until-long":{"_index":["plural","value"],"_":{"zero":"enguany","one":"l'any que ve","two":"d'aquí {{value}} anys","few":"d'aquí {{value}} anys","many":"d'aquí {{value}} anys","other":"d'aquí {{value}} anys"}},"minutes-ago-short":{"_index":["plural","value"],"_":{"zero":"ara","other":"fa {{value}} m"}},"hours-ago-short":{"_index":["plural","value"],"_":{"zero":"ara","other":"fa {{value}} h"}},"days-ago-short":{"_index":["plural","value"],"_":{"zero":"avui","other":"fa {{value}} d"}},"minutes-until-short":{"_index":["plural","value"],"_":{"zero":"ara","other":"d'aquí {{value}} m"}},"hours-until-short":{"_index":["plural","value"],"_":{"zero":"ara","other":"d'aquí {{value}} h"}},"days-until-short":{"_index":["plural","value"],"_":{"zero":"avui","other":"d'aquí {{value}} d"}},"incorrectDate":"(data no vàlida)","dateTimeFormat_%c":"%a %e %Eb, %Y %H:%M:%S","dateTimeFormat_%x":"%d/%m/%Y","dateTimeFormat_%X":"%H:%M:%S","shortTimeFormat":"%H:%M","shortDateTimeFormat":"%x %H:%M","weekStartsOnMonday":"1","time_am":"am","time_pm":"pm"}