{"back":"Tilbage","save":"Gem","hide":"Skjul","cancel":"Annuller","confirm":"Bekræft","done":"Færdig","events":"Begivenheder","edit":"Rediger","allday-events":"Heldagsbegivenheder","hint-swipe-action":"Stryg","hint-swipe-to-navigate":"for at navigere mellem datoer.","show-today":"I dag","show-month-view":"Måned","show-week-view":"Uge","show-day-view":"Dag","settings-show":"Indstillinger","settings-hide":"Skjul indstillinger","add-account":"Tilføj en konto","new-event":"Tilføj en begivenhed","add-event-header":"Begivenhed","account-header":"Konto","account-list-header":"Konti","settings-header":"Kalendere","advanced-settings":"Indstillinger for kalender","advanced-settings-header":"Kalender","advanced-settings-personalization":"Tilpasninger","advanced-settings-reminders":"Påmindelser","field-user":{"placeholder":"Brugernavn"},"field-password":{"placeholder":"Adgangskode"},"field-full-url":{"placeholder":"URL"},"modify-account-setting-up":"Vent mens kontoen opsættes","modify-account-unable-to-sync":"Kunne ikke synkronisere","modify-account-sign-in":"Log ind","preset-caldav":"CalDav","preset-yahoo":"Yahoo!","preset-google":"Google","preset-local":"Offline-kalender","preset-mozilla":"Mozilla Zimbra","calendar-local":"Offline-kalender","event-title":{"placeholder":"Titel"},"event-location":{"placeholder":"Sted"},"event-description":{"placeholder":"Notater"},"event-is-allday":"Hele dagen?","event-start-date":{"placeholder":"Startdato"},"event-end-date":{"placeholder":"Slutdato"},"event-start-time":{"placeholder":"Starttid"},"event-end-time":{"placeholder":"Sluttid"},"event-delete":"Slet begivenhed","remove-account-data":"Fjern lokale data","remove-account-dialog":"Fjern konto","remove-account-dialog-details":"Hvis du fjerner denne konto, vil du også fjerne lokale kopier af tilknyttede kalendere og begivenheder.","sync-frequency":"Synkroniser kalender","sync-frequency-manual":{"textContent":"Manuelt"},"sync-frequency-15min":{"textContent":"Hvert 15. min."},"sync-frequency-30min":{"textContent":"Hvert 30. min."},"sync-frequency-hourly":{"textContent":"Hver time"},"none":"Ingen","remind-me":"Påmindelser","from-time":"Fra:","to-time":"Til:","alarm-at-event-standard":"Ved start","alarm-at-event-allday":"Ved start","alarm-start-notice":"{{title}} begynder {{distance}}","alarm-started-notice":"{{title}} begyndte {{distance}}","minutes-before":{"_index":["plural","value"],"_":{"zero":"0 minutter før","one":"1 minut før","two":"{{value}} minutter før","few":"{{value}} minutter før","many":"{{value}} minutter før","other":"{{value}} minutter før"}},"hours-before":{"_index":["plural","value"],"_":{"zero":"0 timer før","one":"1 time før","two":"{{value}} timer før","few":"{{value}} timer før","many":"{{value}} timer før","other":"{{value}} timer før"}},"days-before":{"_index":["plural","value"],"_":{"zero":"0 dage før","one":"1 dag før","two":"{{value}} dage før","few":"{{value}} dage før","many":"{{value}} dage før","other":"{{value}} dage før"}},"weeks-before":{"_index":["plural","value"],"_":{"zero":"0 uger før","one":"1 uge før","two":"{{value}} uger før","few":"{{value}} uger før","many":"{{value}} uger før","other":"{{value}} uger før"}},"months-before":{"_index":["plural","value"],"_":{"zero":"0 måneder før","one":"1 måned før","two":"{{value}} måneder før","few":"{{value}} måneder før","many":"{{value}} måneder før","other":"{{value}} måneder før"}},"years-before":{"_index":["plural","value"],"_":{"zero":"0 år før","one":"1 år før","two":"{{value}} år før","few":"{{value}} år før","many":"{{value}} år før","other":"{{value}} år før"}},"minutes-after":{"_index":["plural","value"],"_":{"zero":"0 minutter efter","one":"1 minut efter","two":"{{value}} minutter efter","few":"{{value}} minutter efter","many":"{{value}} minutter efter","other":"{{value}} minutter efter"}},"hours-after":{"_index":["plural","value"],"_":{"zero":"0 timer efter","one":"1 time efter","two":"{{value}} timer efter","few":"{{value}} timer efter","many":"{{value}} timer efter","other":"{{value}} timer efter"}},"days-after":{"_index":["plural","value"],"_":{"zero":"0 dage efter","one":"1 dag efter","two":"{{value}} dage efter","few":"{{value}} dage efter","many":"{{value}} dage efter","other":"{{value}} dage efter"}},"weeks-after":{"_index":["plural","value"],"_":{"zero":"0 uger efter","one":"1 uge efter","two":"{{value}} uger efter","few":"{{value}} uger efter","many":"{{value}} uger efter","other":"{{value}} uger efter"}},"months-after":{"_index":["plural","value"],"_":{"zero":"0 måneder efter","one":"1 måned efter","two":"{{value}} måneder efter","few":"{{value}} måneder efter","many":"{{value}} måneder efter","other":"{{value}} måneder efter"}},"years-after":{"_index":["plural","value"],"_":{"zero":"0 år efter","one":"1 år efter","two":"{{value}} år efter","few":"{{value}} år efter","many":"{{value}} år efter","other":"{{value}} år efter"}},"hour-format":"%H","hour-allday":"Hele dagen","month-view-header-format":"%B %Y","multi-month-view-header-format":"%b %Y","day-view-header-format":"%A d. %e. %B","error-start-after-end":"Slutdato skal være efter startdato","error-unauthenticated":"Brugernavn eller adgangskode er forkert","error-internal-server-error":"Serverfejl. Kontroller din login og prøv igen.","error-default":"Der opstod en fejl. Prøv igen senere.","error-offline":"Ingen forbindelse. Kontroller opsætningen af dit netværk og prøv igen.","error-account-exist":"Denne konto findes allerede.","notification-error-sync-title":"Synkronisering af kalender mislykkedes","notification-error-sync-description":"Tryk for mere info","weekday-0-long":"Søndag","weekday-1-long":"Mandag","weekday-2-long":"Tirsdag","weekday-3-long":"Onsdag","weekday-4-long":"Torsdag","weekday-5-long":"Fredag","weekday-6-long":"Lørdag","weekday-0-short":"Søn","weekday-1-short":"Man","weekday-2-short":"Tir","weekday-3-short":"Ons","weekday-4-short":"Tor","weekday-5-short":"Fre","weekday-6-short":"Lør","month-0-long":"Januar","month-1-long":"Februar","month-2-long":"Marts","month-3-long":"April","month-4-long":"Maj","month-5-long":"Juni","month-6-long":"Juli","month-7-long":"August","month-8-long":"September","month-9-long":"Oktober","month-10-long":"November","month-11-long":"December","month-0-genitive":"januar","month-1-genitive":"februar","month-2-genitive":"marts","month-3-genitive":"april","month-4-genitive":"maj","month-5-genitive":"juni","month-6-genitive":"juli","month-7-genitive":"august","month-8-genitive":"september","month-9-genitive":"oktober","month-10-genitive":"november","month-11-genitive":"december","month-0-short":"Jan","month-1-short":"Feb","month-2-short":"Mar","month-3-short":"Apr","month-4-short":"Maj","month-5-short":"Jun","month-6-short":"Jul","month-7-short":"Aug","month-8-short":"Sep","month-9-short":"Okt","month-10-short":"Nov","month-11-short":"Dec","minutes-ago-long":{"_index":["plural","value"],"_":{"zero":"nu","one":"for et minut siden","two":"for {{value}} minutter siden","few":"for {{value}} minutter siden","many":"for {{value}} minutter siden","other":"for {{value}} minutter siden"}},"hours-ago-long":{"_index":["plural","value"],"_":{"zero":"nu","one":"for en time siden","two":"for {{value}} timer siden","few":"for {{value}} timer siden","many":"for {{value}} timer siden","other":"for {{value}} timer siden"}},"days-ago-long":{"_index":["plural","value"],"_":{"zero":"i dag","one":"i går","two":"for {{value}} dage siden","few":"for {{value}} dage siden","many":"for {{value}} dage siden","other":"for {{value}} dage siden"}},"weeks-ago-long":{"_index":["plural","value"],"_":{"zero":"denne uge","one":"sidste uge","two":"for {{value}} uger siden","few":"for {{value}} uger siden","many":"for {{value}} uger siden","other":"for {{value}} uger siden"}},"months-ago-long":{"_index":["plural","value"],"_":{"zero":"denne måned","one":"sidste måned","two":"for {{value}} måneder siden","few":"for {{value}} måneder siden","many":"for {{value}} måneder siden","other":"for {{value}} måneder siden"}},"years-ago-long":{"_index":["plural","value"],"_":{"zero":"dette år","one":"sidste år","two":"for {{value}} år siden","few":"for {{value}} år siden","many":"for {{value}} år siden","other":"for {{value}} år siden"}},"minutes-until-long":{"_index":["plural","value"],"_":{"zero":"nu","one":"om et minut","two":"om {{value}} minutter","few":"om {{value}} minutter","many":"om {{value}} minutter","other":"om {{value}} minutter"}},"hours-until-long":{"_index":["plural","value"],"_":{"zero":"nu","one":"om en time","two":"om {{value}} timer","few":"om {{value}} timer","many":"om {{value}} timer","other":"om {{value}} timer"}},"days-until-long":{"_index":["plural","value"],"_":{"zero":"i dag","one":"i morgen","two":"om {{value}} dage","few":"om {{value}} dage","many":"om {{value}} dage","other":"om {{value}} dage"}},"weeks-until-long":{"_index":["plural","value"],"_":{"zero":"denne uge","one":"næste uge","two":"om {{value}} uger","few":"om {{value}} uger","many":"om {{value}} uger","other":"om {{value}} uger"}},"months-until-long":{"_index":["plural","value"],"_":{"zero":"denne måned","one":"næste måned","two":"om {{value}} måneder","few":"om {{value}} måneder","many":"om {{value}} måneder","other":"om {{value}} måneder"}},"years-until-long":{"_index":["plural","value"],"_":{"zero":"i år","one":"næste år","two":"om {{value}} år","few":"om {{value}} år","many":"om {{value}} år","other":"om {{value}} år"}},"minutes-ago-short":{"_index":["plural","value"],"_":{"zero":"nu","other":"{{value}}m siden"}},"hours-ago-short":{"_index":["plural","value"],"_":{"zero":"nu","other":"{{value}}t siden"}},"days-ago-short":{"_index":["plural","value"],"_":{"zero":"i dag","other":"{{value}}d siden"}},"minutes-until-short":{"_index":["plural","value"],"_":{"zero":"nu","other":"om {{value}}m"}},"hours-until-short":{"_index":["plural","value"],"_":{"zero":"nu","other":"om {{value}}t"}},"days-until-short":{"_index":["plural","value"],"_":{"zero":"i dag","other":"om {{value}}d"}},"incorrectDate":"(forkert dato)","dateTimeFormat_%c":"%a d. %e. %b %Y %H:%M:%S","dateTimeFormat_%x":"%d-%m-%Y","dateTimeFormat_%X":"%H:%M:%S","shortTimeFormat":"%H:%M","shortDateTimeFormat":"%x %H:%M","weekStartsOnMonday":"1","time_am":"AM","time_pm":"PM"}