{"back":"Zurück","save":"Speichern","hide":"Ausblenden","cancel":"Abbrechen","confirm":"Bestätigen","done":"Fertig","events":"Termine","edit":"Bearbeiten","allday-events":"Ganztägige Termine","hint-swipe-action":"Wischen","hint-swipe-to-navigate":"Sie seitlich, um zeitlich zu blättern.","show-today":"Heute","show-month-view":"Monat","show-week-view":"Woche","show-day-view":"Tag","settings-show":"Einstellungen","settings-hide":"Einstellungen ausblenden","add-account":"Konto hinzufügen","new-event":"Termin hinzufügen","add-event-header":"Termin","account-header":"Konto","account-list-header":"Konten","settings-header":"Kalender","advanced-settings":"Kalender-Einstellungen","advanced-settings-header":"Einstellungen","advanced-settings-personalization":"Personalisierung","advanced-settings-reminders":"Erinnerungen","field-user":{"placeholder":"Benutzername"},"field-password":{"placeholder":"Passwort"},"field-full-url":{"placeholder":"Adresse"},"modify-account-setting-up":"Bitte warten Sie, während Ihr Konto eingerichtet wird…","modify-account-unable-to-sync":"Synchronisation kann nicht vorgenommen werden","modify-account-sign-in":"Anmelden","preset-caldav":"CalDav","preset-yahoo":"Yahoo!","preset-google":"Google","preset-local":"Offline-Kalender","preset-mozilla":"Mozilla Zimbra","calendar-local":"Offline-Kalender","event-title":{"placeholder":"Titel"},"event-location":{"placeholder":"Ort"},"event-description":{"placeholder":"Bemerkungen"},"event-is-allday":"Ganztägig","event-start-date":{"placeholder":"Anfangsdatum"},"event-end-date":{"placeholder":"Enddatum"},"event-start-time":{"placeholder":"Anfangszeit"},"event-end-time":{"placeholder":"Endzeit"},"event-delete":"Termin löschen","remove-account-data":"Lokale Daten löschen","remove-account-dialog":"Konto löschen","remove-account-dialog-details":"Das Löschen dieses Kontos entfernt auch die damit verbundenen lokal gespeicherten Kopien der Kalender und Termine.","sync-frequency":"Synchronisieren","sync-frequency-manual":{"textContent":"Manuell"},"sync-frequency-15min":{"textContent":"Alle 15 Minuten"},"sync-frequency-30min":{"textContent":"Alle 30 Minuten"},"sync-frequency-hourly":{"textContent":"Jede Stunde"},"none":"Keine","remind-me":"Erinnerung","from-time":"Von: ","to-time":"Bis: ","alarm-at-event-standard":"Sobald der Termin beginnt","alarm-at-event-allday":"Am Tag des Termins","alarm-start-notice":"{{title}} beginnt {{distance}}","alarm-started-notice":"{{title}} begann {{distance}}","minutes-before":{"_index":["plural","value"],"_":{"zero":"0 Minuten vorher","one":"1 Minute vorher","two":"{{value}} Minuten vorher","few":"{{value}} Minuten vorher","many":"{{value}} Minuten vorher","other":"{{value}} Minuten vorher"}},"hours-before":{"_index":["plural","value"],"_":{"zero":"0 Stunden vorher","one":"1 Stunde vorher","two":"{{value}} Stunden vorher","few":"{{value}} Stunden vorher","many":"{{value}} Stunden vorher","other":"{{value}} Stunden vorher"}},"days-before":{"_index":["plural","value"],"_":{"zero":"0 Tage vorher","one":"1 Tag vorher","two":"{{value}} Tage vorher","few":"{{value}} Tage vorher","many":"{{value}} Tage vorher","other":"{{value}} Tage vorher"}},"weeks-before":{"_index":["plural","value"],"_":{"zero":"0 Wochen vorher","one":"1 Woche vorher","two":"{{value}} Wochen vorher","few":"{{value}} Wochen vorher","many":"{{value}} Wochen vorher","other":"{{value}} Wochen vorher"}},"months-before":{"_index":["plural","value"],"_":{"zero":"0 Monate vorher","one":"1 Monat vorher","two":"{{value}} Monate vorher","few":"{{value}} Monate vorher","many":"{{value}} Monate vorher","other":"{{value}} Monate vorher"}},"years-before":{"_index":["plural","value"],"_":{"zero":"0 Jahre vorher","one":"1 Jahr vorher","two":"{{value}} Jahre vorher","few":"{{value}} Jahre vorher","many":"{{value}} Jahre vorher","other":"{{value}} Jahre vorher"}},"minutes-after":{"_index":["plural","value"],"_":{"zero":"0 Minuten danach","one":"1 Minute danach","two":"{{value}} Minuten danach","few":"{{value}} Minuten danach","many":"{{value}} Minuten danach","other":"{{value}} Minuten danach"}},"hours-after":{"_index":["plural","value"],"_":{"zero":"0 Stunden danach","one":"1 Stunde danach","two":"{{value}} Stunden danach","few":"{{value}} Stunden danach","many":"{{value}} Stunden danach","other":"{{value}} Stunden danach"}},"days-after":{"_index":["plural","value"],"_":{"zero":"0 Tage danach","one":"1 Tag danach","two":"{{value}} Tage danach","few":"{{value}} Tage danach","many":"{{value}} Tage danach","other":"{{value}} Tage danach"}},"weeks-after":{"_index":["plural","value"],"_":{"zero":"0 Wochen danach","one":"1 Woche danach","two":"{{value}} Wochen danach","few":"{{value}} Wochen danach","many":"{{value}} Wochen danach","other":"{{value}} Wochen danach"}},"months-after":{"_index":["plural","value"],"_":{"zero":"0 Monate danach","one":"1 Monat danach","two":"{{value}} Monate danach","few":"{{value}} Monate danach","many":"{{value}} Monate danach","other":"{{value}} Monate danach"}},"years-after":{"_index":["plural","value"],"_":{"zero":"0 Jahre danach","one":"1 Jahr danach","two":"{{value}} Jahre danach","few":"{{value}} Jahre danach","many":"{{value}} Jahre danach","other":"{{value}} Jahre danach"}},"hour-format":"%H","hour-allday":"Ganztags","month-view-header-format":"%B %Y","multi-month-view-header-format":"%b %Y","day-view-header-format":"%a %e. %b %Y","error-start-after-end":"Terminende muss nach Terminanfang liegen","error-unauthenticated":"Benutzername oder Passwort ungültig","error-internal-server-error":"Serverfehler. Überprüfen Sie die Anmeldedaten und versuchen Sie es erneut.","error-default":"Ein unbekannter Fehler trat auf. Bitte versuchen Sie es später noch einmal.","error-offline":"Keine Verbindung. Überprüfen Sie Ihre Netzwerkeinstellungen und versuchen Sie es erneut.","error-account-exist":"Dieses Konto existiert bereits.","notification-error-sync-title":"Kalender-Synchronisation: Fehler","notification-error-sync-description":"Antippen für mehr Informationen","weekday-0-long":"Sonntag","weekday-1-long":"Montag","weekday-2-long":"Dienstag","weekday-3-long":"Mittwoch","weekday-4-long":"Donnerstag","weekday-5-long":"Freitag","weekday-6-long":"Samstag","weekday-0-short":"So","weekday-1-short":"Mo","weekday-2-short":"Di","weekday-3-short":"Mi","weekday-4-short":"Do","weekday-5-short":"Fr","weekday-6-short":"Sa","month-0-long":"Januar","month-1-long":"Februar","month-2-long":"März","month-3-long":"April","month-4-long":"Mai","month-5-long":"Juni","month-6-long":"Juli","month-7-long":"August","month-8-long":"September","month-9-long":"Oktober","month-10-long":"November","month-11-long":"Dezember","month-0-genitive":"Januar","month-1-genitive":"Februar","month-2-genitive":"März","month-3-genitive":"April","month-4-genitive":"Mai","month-5-genitive":"Juni","month-6-genitive":"Juli","month-7-genitive":"August","month-8-genitive":"September","month-9-genitive":"Oktober","month-10-genitive":"November","month-11-genitive":"Dezember","month-0-short":"Jan","month-1-short":"Feb","month-2-short":"Mär","month-3-short":"Apr","month-4-short":"Mai","month-5-short":"Jun","month-6-short":"Jul","month-7-short":"Aug","month-8-short":"Sep","month-9-short":"Okt","month-10-short":"Nov","month-11-short":"Dez","minutes-ago-long":{"_index":["plural","value"],"_":{"zero":"gerade eben","one":"vor 1 Minute","two":"vor {{value}} Minuten","few":"vor {{value}} Minuten","many":"vor {{value}} Minuten","other":"vor {{value}} Minuten"}},"hours-ago-long":{"_index":["plural","value"],"_":{"zero":"gerade eben","one":"vor 1 Stunde","two":"vor {{value}} Stunden","few":"vor {{value}} Stunden","many":"vor {{value}} Stunden","other":"vor {{value}} Stunden"}},"days-ago-long":{"_index":["plural","value"],"_":{"zero":"heute","one":"gestern","two":"vor {{value}} Tagen","few":"vor {{value}} Tagen","many":"vor {{value}} Tagen","other":"vor {{value}} Tagen"}},"weeks-ago-long":{"_index":["plural","value"],"_":{"zero":"diese Woche","one":"letzte Woche","two":"vor {{value}} Wochen","few":"vor {{value}} Wochen","many":"vor {{value}} Wochen","other":"vor {{value}} Wochen"}},"months-ago-long":{"_index":["plural","value"],"_":{"zero":"diesen Monat","one":"letzten Monat","two":"vor {{value}} Monaten","few":"vor {{value}} Monaten","many":"vor {{value}} Monaten","other":"vor {{value}} Monaten"}},"years-ago-long":{"_index":["plural","value"],"_":{"zero":"dieses Jahr","one":"letztes Jahr","two":"vor {{value}} Jahren","few":"vor {{value}} Jahren","many":"vor {{value}} Jahren","other":"vor {{value}} Jahren"}},"minutes-until-long":{"_index":["plural","value"],"_":{"zero":"jetzt","one":"in 1 Minute","two":"in {{value}} Minuten","few":"in {{value}} Minuten","many":"in {{value}} Minuten","other":"in {{value}} Minuten"}},"hours-until-long":{"_index":["plural","value"],"_":{"zero":"jetzt","one":"in einer Stunde","two":"in {{value}} Stunden","few":"in {{value}} Stunden","many":"in {{value}} Stunden","other":"in {{value}} Stunden"}},"days-until-long":{"_index":["plural","value"],"_":{"zero":"heute","one":"morgen","two":"in {{value}} Tagen","few":"in {{value}} Tagen","many":"in {{value}} Tagen","other":"in {{value}} Tagen"}},"weeks-until-long":{"_index":["plural","value"],"_":{"zero":"diese Woche","one":"nächste Woche","two":"in {{value}} Wochen","few":"in {{value}} Wochen","many":"in {{value}} Wochen","other":"in {{value}} Wochen"}},"months-until-long":{"_index":["plural","value"],"_":{"zero":"diesen Monat","one":"nächsten Monat","two":"in {{value}} Monaten","few":"in {{value}} Monaten","many":"in {{value}} Monaten","other":"in {{value}} Monaten"}},"years-until-long":{"_index":["plural","value"],"_":{"zero":"dieses Jahr","one":"nächstes Jahr","two":"in {{value}} Jahren","few":"in {{value}} Jahren","many":"in {{value}} Jahren","other":"in {{value}} Jahren"}},"minutes-ago-short":{"_index":["plural","value"],"_":{"zero":"jetzt","other":"vor {{value}} m"}},"hours-ago-short":{"_index":["plural","value"],"_":{"zero":"jetzt","other":"vor {{value}} h"}},"days-ago-short":{"_index":["plural","value"],"_":{"zero":"heute","other":"vor {{value}} d"}},"minutes-until-short":{"_index":["plural","value"],"_":{"zero":"jetzt","other":"in {{value}} m"}},"hours-until-short":{"_index":["plural","value"],"_":{"zero":"jetzt","other":"in {{value}} h"}},"days-until-short":{"_index":["plural","value"],"_":{"zero":"heute","other":"in {{value}} d"}},"incorrectDate":"(ungültiges Datum)","dateTimeFormat_%c":"%a, %e. %b %Y %H:%M:%S","dateTimeFormat_%x":"%d.%m.%Y","dateTimeFormat_%X":"%H:%M:%S","shortTimeFormat":"%H:%M","shortDateTimeFormat":"%x %H:%M","weekStartsOnMonday":"1","time_am":"AM","time_pm":"PM"}