{"back":"Πίσω","save":"Αποθήκευση","hide":"Απόκρυψη","cancel":"Ακύρωση","confirm":"Επιβεβαίωση","done":"ΟΚ","events":"Δραστηριότητες","edit":"Επεξεργασία","allday-events":"Ολοήμερες δραστηριότητες","hint-swipe-action":"Σύρετε","hint-swipe-to-navigate":"για να πλοηγηθείτε σε διαφορετικές ημερομηνίες.","show-today":"Σήμερα","show-month-view":"Μήνας","show-week-view":"Εβδομάδα","show-day-view":"Ημέρα","settings-show":"Ρυθμίσεις","settings-hide":"Απόκρυψη ρυθμίσεων","add-account":"Προσθήκη λογαριασμού","new-event":"Προσθήκη δραστηριότητας","add-event-header":"Δραστηριότητα","account-header":"Λογαριασμός","account-list-header":"Λογαριασμοί","settings-header":"Ημερολόγια","advanced-settings":"Ρυθμίσεις ημερολογίου","advanced-settings-header":"Ρυθμίσεις","advanced-settings-personalization":"Εξατομίκευση","advanced-settings-reminders":"Υπενθυμίσεις","field-user":{"placeholder":"Όνομα χρήστη"},"field-password":{"placeholder":"Κωδικός πρόσβασης"},"field-full-url":{"placeholder":"URL"},"modify-account-setting-up":"Παρακαλούμε περιμένετε καθώς ο λογαριασμός σας ετοιμάζεται","modify-account-unable-to-sync":"Αδυναμία συγχρονισμού","modify-account-sign-in":"Σύνδεση","preset-caldav":"CalDav","preset-yahoo":"Yahoo!","preset-google":"Google","preset-local":"Τοπικό ημερολόγιο","preset-mozilla":"Mozilla Zimbra","calendar-local":"Τοπικό ημερολόγιο","event-title":{"placeholder":"Τίτλος"},"event-location":{"placeholder":"Πού;"},"event-description":{"placeholder":"Σημειώσεις"},"event-is-allday":"Ολοήμερη δραστηριότητα;","event-start-date":{"placeholder":"Ημερομηνία έναρξης"},"event-end-date":{"placeholder":"Ημερομηνία λήξης"},"event-start-time":{"placeholder":"Ώρα έναρξης"},"event-end-time":{"placeholder":"Ώρα λήξης"},"event-delete":"Διαγραφή δραστηριότητας","remove-account-data":"Διαγραφή τοπικών δεδομένων","remove-account-dialog":"Διαγραφή λογαριασμού","remove-account-dialog-details":"Η διαγραφή αυτού του λογαριασμού θα διαγράψει και τα τοπικά αντίγραφα σχετιζομένων ημερολογίων και δραστηριοτήτων.","sync-frequency":"Συγχρονισμός ημερολογίου","sync-frequency-manual":{"textContent":"Χειροκίνητα"},"sync-frequency-15min":{"textContent":"15 λεπτά"},"sync-frequency-30min":{"textContent":"30 λεπτά"},"sync-frequency-hourly":{"textContent":"Κάθε ώρα"},"none":"Καμία","remind-me":"Υπενθύμιση","from-time":"Από: ","to-time":"Ως:","alarm-at-event-standard":"Την ώρα της δραστηριότητας","alarm-at-event-allday":"Την ημέρα της δραστηριότητας","alarm-start-notice":"{{title}} ξεκινά {{distance}}","alarm-started-notice":"{{title}} ξεκίνησε {{distance}}","minutes-before":{"_index":["plural","value"],"_":{"zero":"0 λεπτά πριν","one":"1 λεπτό πριν","two":"{{value}} λεπτά πριν","few":"{{value}} λεπτά πριν","many":"{{value}} λεπτά πριν","other":"{{value}} λεπτά πριν"}},"hours-before":{"_index":["plural","value"],"_":{"zero":"0 ώρες πριν","one":"1 ώρα πριν","two":"{{value}} ώρες πριν","few":"{{value}} ώρες πριν","many":"{{value}} ώρες πριν","other":"{{value}} ώρες πριν"}},"days-before":{"_index":["plural","value"],"_":{"zero":"0 ημέρες πριν","one":"1 ημέρα πριν","two":"{{value}} ημέρες πριν","few":"{{value}} ημέρες πριν","many":"{{value}} ημέρες πριν","other":"{{value}} ημέρες πριν"}},"weeks-before":{"_index":["plural","value"],"_":{"zero":"0 εβδομάδες πριν","one":"1 εβδομάδα πριν","two":"{{value}} εβδομάδες πριν","few":"{{value}} εβδομάδες πριν","many":"{{value}} εβδομάδες πριν","other":"{{value}} εβδομάδες πριν"}},"months-before":{"_index":["plural","value"],"_":{"zero":"0 μήνες πριν","one":"1 μήνα πριν","two":"{{value}} μήνες πριν","few":"{{value}} μήνες πριν","many":"{{value}} μήνες πριν","other":"{{value}} μήνες πριν"}},"years-before":{"_index":["plural","value"],"_":{"zero":"0 έτη πριν","one":"1 έτος πριν","two":"{{value}} έτη πριν","few":"{{value}} έτη πριν","many":"{{value}} έτη πριν","other":"{{value}} έτη πριν"}},"minutes-after":{"_index":["plural","value"],"_":{"zero":"0 λεπτά μετά","one":"1 λεπτό μετά","two":"{{value}} λεπτά μετά","few":"{{value}} λεπτά μετά","many":"{{value}} λεπτά μετά","other":"{{value}} λεπτά μετά"}},"hours-after":{"_index":["plural","value"],"_":{"zero":"0 ώρες μετά","one":"1 ώρα μετά","two":"{{value}} ώρες μετά","few":"{{value}} ώρες μετά","many":"{{value}} ώρες μετά","other":"{{value}} ώρες μετά"}},"days-after":{"_index":["plural","value"],"_":{"zero":"0 ημέρες μετά","one":"1 ημέρα μετά","two":"{{value}} ημέρες μετά","few":"{{value}} ημέρες μετά","many":"{{value}} ημέρες μετά","other":"{{value}} ημέρες μετά"}},"weeks-after":{"_index":["plural","value"],"_":{"zero":"0 εβδομάδες μετά","one":"1 εβδομάδα μετά","two":"{{value}} εβδομάδες μετά","few":"{{value}} εβδομάδες μετά","many":"{{value}} εβδομάδες μετά","other":"{{value}} εβδομάδες μετά"}},"months-after":{"_index":["plural","value"],"_":{"zero":"0 μήνες μετά","one":"1 μήνα μετά","two":"{{value}} μήνες μετά","few":"{{value}} μήνες μετά","many":"{{value}} μήνες μετά","other":"{{value}} μήνες μετά"}},"years-after":{"_index":["plural","value"],"_":{"zero":"0 έτη μετά","one":"1 έτος μετά","two":"{{value}} έτη μετά","few":"{{value}} έτη μετά","many":"{{value}} έτη μετά","other":"{{value}} έτη μετά"}},"hour-format":"%H","hour-allday":"Όλη μέρα","month-view-header-format":"%B %Y","multi-month-view-header-format":"%b %Y","day-view-header-format":"%A, %d/%m/%y","error-start-after-end":"Η ημερομηνία λήξης πρέπει να είναι μετά την ημερομηνία έναρξης","error-unauthenticated":"Λάθος όνομα χρήστη ή/και κωδικός πρόσβασης","error-internal-server-error":"Σφάλμα διακομιστή. Ελέγξτε την εγγραφή σας και προσπαθήστε ξανά.","error-default":"Υπήρξε κάποιο λάθος. Προσπαθήστε ξανά αργότερα.","error-offline":"Δεν υπάρχει σύνδεση. Ελέγξτε τις ρυθμίσεις σύνδεσης σας και ξαναπροσπαθήστε.","error-account-exist":"Αυτός ο λογαριασμός υπάρχει ήδη.","notification-error-sync-title":"Αδυναμία συγχρονισμού ημερολογίου","notification-error-sync-description":"Πατήστε για περισσότερες πληροφορίες","weekday-0-long":"Κυριακή","weekday-1-long":"Δευτέρα","weekday-2-long":"Τρίτη","weekday-3-long":"Τετάρτη","weekday-4-long":"Πέμπτη","weekday-5-long":"Παρασκευή","weekday-6-long":"Σάββατο","weekday-0-short":"Κυρ","weekday-1-short":"Δευ","weekday-2-short":"Τρι","weekday-3-short":"Τετ","weekday-4-short":"Πεμ","weekday-5-short":"Παρ","weekday-6-short":"Σαβ","month-0-long":"Ιανουάριος","month-1-long":"Φεβρουάριος","month-2-long":"Μάρτιος","month-3-long":"Απρίλιος","month-4-long":"Μάιος","month-5-long":"Ιούνιος","month-6-long":"Ιούλιος","month-7-long":"Αύγουστος","month-8-long":"Σεπτέμβριος","month-9-long":"Οκτώβριος","month-10-long":"Νοέμβριος","month-11-long":"Δεκέμβριος","month-0-genitive":"Ιανουαρίου","month-1-genitive":"Φεβρουαρίου","month-2-genitive":"Μαρτίου","month-3-genitive":"Απριλίου","month-4-genitive":"Μαΐου","month-5-genitive":"Ιουνίου","month-6-genitive":"Ιουλίου","month-7-genitive":"Αυγούστου","month-8-genitive":"Σεπτεμβρίου","month-9-genitive":"Οκτωβρίου","month-10-genitive":"Νοεμβρίου","month-11-genitive":"Δεκεμβρίου","month-0-short":"Ιαν","month-1-short":"Φεβ","month-2-short":"Μαρ","month-3-short":"Απρ","month-4-short":"Μάι","month-5-short":"Ιουν","month-6-short":"Ιουλ","month-7-short":"Αυγ","month-8-short":"Σεπ","month-9-short":"Οκτ","month-10-short":"Νοε","month-11-short":"Δεκ","minutes-ago-long":{"_index":["plural","value"],"_":{"zero":"μόλις τώρα","one":"πριν από ένα λεπτό","two":"πριν από {{value}} λεπτά","few":"πριν από {{value}} λεπτά","many":"πριν από {{value}} λεπτά","other":"πριν από {{value}} λεπτά"}},"hours-ago-long":{"_index":["plural","value"],"_":{"zero":"μόλις τώρα","one":"πριν από μία ώρα","two":"πριν από {{value}} ώρες","few":"πριν από {{value}} ώρες","many":"πριν από {{value}} ώρες","other":"πριν από {{value}} ώρες"}},"days-ago-long":{"_index":["plural","value"],"_":{"zero":"σήμερα","one":"χθες","two":"πριν από {{value}} ημέρες","few":"πριν από {{value}} ημέρες","many":"πριν από {{value}} ημέρες","other":"πριν από {{value}} ημέρες"}},"weeks-ago-long":{"_index":["plural","value"],"_":{"zero":"αυτή την εβδομάδα","one":"την τελευταία εβδομάδα","two":"πριν από {{value}} εβδομάδες","few":"πριν από {{value}} εβδομάδες","many":"πριν από {{value}} εβδομάδες","other":"πριν από {{value}} εβδομάδες"}},"months-ago-long":{"_index":["plural","value"],"_":{"zero":"αυτό τον μήνα","one":"τον τελευταίο μήνα","two":"πριν από {{value}} μήνες","few":"πριν από {{value}} μήνες","many":"πριν από {{value}} μήνες","other":"πριν από {{value}} μήνες"}},"years-ago-long":{"_index":["plural","value"],"_":{"zero":"αυτό το έτος","one":"το περασμένο έτος","two":"πριν από {{value}} χρόνια","few":"πριν από {{value}} χρόνια","many":"πριν από {{value}} χρόνια","other":"πριν από {{value}} χρόνια"}},"minutes-until-long":{"_index":["plural","value"],"_":{"zero":"τώρα","one":"σε ένα λεπτό","two":"σε {{value}} λεπτά","few":"σε {{value}} λεπτά","many":"σε {{value}} λεπτά","other":"σε {{value}} λεπτά"}},"hours-until-long":{"_index":["plural","value"],"_":{"zero":"τώρα","one":"σε μία ώρα","two":"σε {{value}} ώρες","few":"σε {{value}} ώρες","many":"σε {{value}} ώρες","other":"σε {{value}} ώρες"}},"days-until-long":{"_index":["plural","value"],"_":{"zero":"σήμερα","one":"αύριο","two":"σε {{value}} ημέρες","few":"σε {{value}} ημέρες","many":"σε {{value}} ημέρες","other":"σε {{value}} ημέρες"}},"weeks-until-long":{"_index":["plural","value"],"_":{"zero":"αυτή την εβδομάδα","one":"την επόμενη εβδομάδα","two":"σε {{value}} εβδομάδες","few":"σε {{value}} εβδομάδες","many":"σε {{value}} εβδομάδες","other":"σε {{value}} εβδομάδες"}},"months-until-long":{"_index":["plural","value"],"_":{"zero":"αυτό τον μήνα","one":"στον επόμενο μήνα","two":"σε {{value}} μήνες","few":"σε {{value}} μήνες","many":"σε {{value}} μήνες","other":"σε {{value}} μήνες"}},"years-until-long":{"_index":["plural","value"],"_":{"zero":"αυτό το έτος","one":"επόμενο έτος","two":"σε {{value}} έτη","few":"σε {{value}} έτη","many":"σε {{value}} έτη","other":"σε {{value}} έτη"}},"minutes-ago-short":{"_index":["plural","value"],"_":{"zero":"τώρα","other":"πριν {{value}}′"}},"hours-ago-short":{"_index":["plural","value"],"_":{"zero":"τώρα","other":"πριν {{value}} ώρ."}},"days-ago-short":{"_index":["plural","value"],"_":{"zero":"σήμερα","other":"πριν {{value}} ημ."}},"minutes-until-short":{"_index":["plural","value"],"_":{"zero":"τώρα","other":"σε {{value}}′"}},"hours-until-short":{"_index":["plural","value"],"_":{"zero":"τώρα","other":"σε {{value}} ώρ."}},"days-until-short":{"_index":["plural","value"],"_":{"zero":"σήμερα","other":"σε {{value}} ημ."}},"incorrectDate":"(λάθος ημερομηνία)","dateTimeFormat_%c":"%a, %e %Eb %Y, %H:%M:%S","dateTimeFormat_%x":"%d/%m/%Y","dateTimeFormat_%X":"%H:%M:%S","shortTimeFormat":"%H:%M","shortDateTimeFormat":"%x %H:%M","weekStartsOnMonday":"0","time_am":"AM","time_pm":"PM"}