{"back":"Atrás","save":"Guardar","hide":"Ocultar","cancel":"Cancelar","confirm":"Confirmar","done":"Hecho","events":"Eventos","edit":"Editar","allday-events":"Eventos de todo el día","hint-swipe-action":"Deslice","hint-swipe-to-navigate":"para navegar entre fechas del calendario.","show-today":"Hoy","show-month-view":"Mes","show-week-view":"Semana","show-day-view":"Día","settings-show":"Ajustes","settings-hide":"Ocultar ajustes","add-account":"Agregar una cuenta","new-event":"Agregar evento","add-event-header":"Evento","account-header":"Cuenta","account-list-header":"Cuentas","settings-header":"Calendarios","advanced-settings":"Ajustes","advanced-settings-header":"Ajustes","advanced-settings-personalization":"Personalización","advanced-settings-reminders":"Recordatorios","field-user":{"placeholder":"Usuario/a"},"field-password":{"placeholder":"Contraseña"},"field-full-url":{"placeholder":"URL"},"modify-account-setting-up":"Espere mientras su cuenta se configura","modify-account-unable-to-sync":"Imposible sincronizar","modify-account-sign-in":"Identificarse","preset-caldav":"CalDav","preset-yahoo":"Yahoo!","preset-google":"Google","preset-local":"Calendario interno","preset-mozilla":"Mozilla Zimbra","calendar-local":"Calendario sin conexión","event-title":{"placeholder":"Título"},"event-location":{"placeholder":"¿En qué lugar?"},"event-description":{"placeholder":"Notas"},"event-is-allday":"¿Todo el día?","event-start-date":{"placeholder":"Fecha inicial"},"event-end-date":{"placeholder":"Fecha final"},"event-start-time":{"placeholder":"Hora inicial"},"event-end-time":{"placeholder":"Hora final"},"event-delete":"Borrar evento","remove-account-data":"Eliminar datos locales","remove-account-dialog":"Eliminar cuenta","remove-account-dialog-details":"Al eliminar esta cuenta también eliminará su copia local de los calendarios y eventos asociados.","sync-frequency":"sincronizar calendario","sync-frequency-manual":{"textContent":"Manualmente"},"sync-frequency-15min":{"textContent":"15 min"},"sync-frequency-30min":{"textContent":"30 min"},"sync-frequency-hourly":{"textContent":"Cada hora"},"none":"Ninguna","remind-me":"Recordarme","from-time":"De:","to-time":"Para:","alarm-at-event-standard":"A la hora del evento","alarm-at-event-allday":"El día del evento","alarm-start-notice":"{{title}} comenzando {{distance}}","alarm-started-notice":"{{title}} comenzado {{distance}}","minutes-before":{"_index":["plural","value"],"_":{"zero":"0 minutos antes","one":"1 minuto antes","two":"{{value}} minutos antes","few":"{{value}} minutos antes","many":"{{value}} minutos antes","other":"{{value}} minutos antes"}},"hours-before":{"_index":["plural","value"],"_":{"zero":"0 horas antes","one":"1 hora antes","two":"{{value}} horas antes","few":"{{value}} horas antes","many":"{{value}} horas antes","other":"{{value}} horas antes"}},"days-before":{"_index":["plural","value"],"_":{"zero":"0 días antes","one":"1 día antes","two":"{{value}} días antes","few":"{{value}} días antes","many":"{{value}} días antes","other":"{{value}} días antes"}},"weeks-before":{"_index":["plural","value"],"_":{"zero":"0 semanas antes","one":"1 semana antes","two":"{{value}} semanas antes","few":"{{value}} semanas antes","many":"{{value}} semanas antes","other":"{{value}} semanas antes"}},"months-before":{"_index":["plural","value"],"_":{"zero":"0 meses antes","one":"1 mes antes","two":"{{value}} meses antes","few":"{{value}} meses antes","many":"{{value}} meses antes","other":"{{value}} meses antes"}},"years-before":{"_index":["plural","value"],"_":{"zero":"0 años antes","one":"1 año antes","two":"{{value}} años antes","few":"{{value}} años antes","many":"{{value}} años antes","other":"{{value}} años antes"}},"minutes-after":{"_index":["plural","value"],"_":{"zero":"0 minutos después","one":"1 minuto después","two":"{{value}} minutos después","few":"{{value}} minutos después","many":"{{value}} minutos después","other":"{{value}} minutos después"}},"hours-after":{"_index":["plural","value"],"_":{"zero":"0 horas después","one":"1 hora después","two":"{{value}} horas después","few":"{{value}} horas después","many":"{{value}} horas después","other":"{{value}} horas después"}},"days-after":{"_index":["plural","value"],"_":{"zero":"0 días después","one":"1 día después","two":"{{value}} días después","few":"{{value}} días después","many":"{{value}} días después","other":"{{value}} días después"}},"weeks-after":{"_index":["plural","value"],"_":{"zero":"0 semanas después","one":"1 semana después","two":"{{value}} semanas después","few":"{{value}} semanas después","many":"{{value}} semanas después","other":"{{value}} semanas después"}},"months-after":{"_index":["plural","value"],"_":{"zero":"0 meses después","one":"1 mes después","two":"{{value}} meses después","few":"{{value}} meses después","many":"{{value}} meses después","other":"{{value}} meses después"}},"years-after":{"_index":["plural","value"],"_":{"zero":"0 años después","one":"1 año después","two":"{{value}} años después","few":"{{value}} años después","many":"{{value}} años después","other":"{{value}} años después"}},"hour-format":"%H","hour-allday":"Todo","month-view-header-format":"%B %Y","multi-month-view-header-format":"%b %Y","day-view-header-format":"%A, %e de %b","error-start-after-end":"La fecha final debe ser posterior a la fecha inicial","error-unauthenticated":"Error de usuario y/o contraseña","error-internal-server-error":"Error del servidor. Compruebe su usuario y pruebe de nuevo.","error-default":"Algo no salió bien. Pruebe de nuevo pasados unos minutos.","error-offline":"No hay conexión. Compruebe la configuración de red y pruebe de nuevo.","error-account-exist":"Esta cuenta ya existe.","notification-error-sync-title":"Error de sincronización","notification-error-sync-description":"Pulse para más info.","weekday-0-long":"domingo","weekday-1-long":"lunes","weekday-2-long":"martes","weekday-3-long":"miércoles","weekday-4-long":"jueves","weekday-5-long":"viernes","weekday-6-long":"sábado","weekday-0-short":"do.","weekday-1-short":"lu.","weekday-2-short":"ma.","weekday-3-short":"mi.","weekday-4-short":"ju.","weekday-5-short":"vi.","weekday-6-short":"sá.","month-0-long":"enero","month-1-long":"febrero","month-2-long":"marzo","month-3-long":"abril","month-4-long":"mayo","month-5-long":"junio","month-6-long":"julio","month-7-long":"agosto","month-8-long":"septiembre","month-9-long":"octubre","month-10-long":"noviembre","month-11-long":"diciembre","month-0-genitive":"enero","month-1-genitive":"febrero","month-2-genitive":"marzo","month-3-genitive":"abril","month-4-genitive":"mayo","month-5-genitive":"junio","month-6-genitive":"julio","month-7-genitive":"agosto","month-8-genitive":"septiembre","month-9-genitive":"octubre","month-10-genitive":"noviembre","month-11-genitive":"diciembre","month-0-short":"ene.","month-1-short":"feb.","month-2-short":"mar.","month-3-short":"abr.","month-4-short":"may.","month-5-short":"jun.","month-6-short":"jul.","month-7-short":"ago.","month-8-short":"sep.","month-9-short":"oct.","month-10-short":"nov.","month-11-short":"dic.","minutes-ago-long":{"_index":["plural","value"],"_":{"zero":"ahora","one":"hace un minuto","two":"hace {{value}} minutos","few":"hace {{value}} minutos","many":"hace {{value}} minutos","other":"hace {{value}} minutos"}},"hours-ago-long":{"_index":["plural","value"],"_":{"zero":"ahora","one":"hace una hora","two":"hace {{value}} horas","few":"hace {{value}} horas","many":"hace {{value}} horas","other":"hace {{value}} horas"}},"days-ago-long":{"_index":["plural","value"],"_":{"zero":"hoy","one":"ayer","two":"hace {{value}} días","few":"hace {{value}} días","many":"hace {{value}} días","other":"hace {{value}} días"}},"weeks-ago-long":{"_index":["plural","value"],"_":{"zero":"esta semana","one":"la semana pasada","two":"hace {{value}} semanas","few":"hace {{value}} semanas","many":"hace {{value}} semanas","other":"hace {{value}} semanas"}},"months-ago-long":{"_index":["plural","value"],"_":{"zero":"este mes","one":"el último mes","two":"hace {{value}} meses","few":"hace {{value}} meses","many":"hace {{value}} meses","other":"hace {{value}} meses"}},"years-ago-long":{"_index":["plural","value"],"_":{"zero":"este año","one":"último año","two":"hace {{value}} años","few":"hace {{value}} años","many":"hace {{value}} años","other":"hace {{value}} años"}},"minutes-until-long":{"_index":["plural","value"],"_":{"zero":"ahora","one":"en un minuto","two":"en {{value}} minutos","few":"en {{value}} minutos","many":"en {{value}} minutos","other":"en {{value}} minutos"}},"hours-until-long":{"_index":["plural","value"],"_":{"zero":"ahora","one":"en una hora","two":"en {{value}} horas","few":"en {{value}} horas","many":"en {{value}} horas","other":"en {{value}} horas"}},"days-until-long":{"_index":["plural","value"],"_":{"zero":"hoy","one":"mañana","two":"en {{value}} días","few":"en {{value}} días","many":"en {{value}} días","other":"en {{value}} días"}},"weeks-until-long":{"_index":["plural","value"],"_":{"zero":"esta semana","one":"la próxima semana","two":"en {{value}} semanas","few":"en {{value}} semanas","many":"en {{value}} semanas","other":"en {{value}} semanas"}},"months-until-long":{"_index":["plural","value"],"_":{"zero":"este mes","one":"próximo mes","two":"en {{value}} meses","few":"en {{value}} meses","many":"en {{value}} meses","other":"en {{value}} meses"}},"years-until-long":{"_index":["plural","value"],"_":{"zero":"este año","one":"próximo año","two":"en {{value}} años","few":"en {{value}} años","many":"en {{value}} años","other":"en {{value}} años"}},"minutes-ago-short":{"_index":["plural","value"],"_":{"zero":"ahora","other":"hace {{value}} m"}},"hours-ago-short":{"_index":["plural","value"],"_":{"zero":"ahora","other":"hace {{value}} h"}},"days-ago-short":{"_index":["plural","value"],"_":{"zero":"hoy","other":"hace {{value}} d"}},"minutes-until-short":{"_index":["plural","value"],"_":{"zero":"ahora","other":"en {{value}} m"}},"hours-until-short":{"_index":["plural","value"],"_":{"zero":"ahora","other":"en {{value}} h"}},"days-until-short":{"_index":["plural","value"],"_":{"zero":"hoy","other":"en {{value}} d"}},"incorrectDate":"(fecha incorrecta)","dateTimeFormat_%c":"%a, %e de %b, %Y %H:%M:%S","dateTimeFormat_%x":"%d/%m/%Y","dateTimeFormat_%X":"%H:%M:%S","shortTimeFormat":"%H:%M","shortDateTimeFormat":"%x %H:%M %p","weekStartsOnMonday":"1","time_am":"AM","time_pm":"PM"}