{"back":"Atzera","save":"Gorde","hide":"Ezkutatu","cancel":"Utzi","confirm":"Berretsi","done":"Eginda","events":"Gertaerak","edit":"Editatu","allday-events":"Egun osoko gertaerak","hint-swipe-action":"Pasatu","hint-swipe-to-navigate":"egutegiko egunen artean nabigatzeko.","show-today":"Gaur","show-month-view":"Hilabetea","show-week-view":"Astea","show-day-view":"Eguna","settings-show":"Ezarpenak","settings-hide":"Ezkutatu ezarpenak","add-account":"Gehitu kontua","new-event":"Gehitu gertaera","add-event-header":"Gertaera","account-header":"Kontua","account-list-header":"Kontuak","settings-header":"Egutegiak","advanced-settings":"Egutegi-ezarpenak","advanced-settings-header":"Egutegi-ezarpenak","advanced-settings-personalization":"Pertsonalizazioa","advanced-settings-reminders":"Gogorarazleak","field-user":{"placeholder":"Erabiltzaile-izena"},"field-password":{"placeholder":"Pasahitza"},"field-full-url":{"placeholder":"URLa"},"modify-account-setting-up":"Itxoin zure kontua konfiguratu bitartean","modify-account-unable-to-sync":"Ezin da sinkronizatu","modify-account-sign-in":"Hasi saioa","preset-caldav":"CalDav","preset-yahoo":"Yahoo!","preset-google":"Google","preset-local":"Lineaz kanpoko egutegia","preset-mozilla":"Mozilla Zimbra","calendar-local":"Lineaz kanpoko egutegia","event-title":{"placeholder":"Izenburua"},"event-location":{"placeholder":"Non?"},"event-description":{"placeholder":"Oharrak"},"event-is-allday":"Egun osoko gertaera?","event-start-date":{"placeholder":"Hasiera-data"},"event-end-date":{"placeholder":"Amaiera-data"},"event-start-time":{"placeholder":"Hasiera-ordua"},"event-end-time":{"placeholder":"Amaiera-ordua"},"event-delete":"Ezabatu gertaera","remove-account-data":"Kendu datu lokalak","remove-account-dialog":"Kendu kontua","remove-account-dialog-details":"Kontu hau kentzean zurekin lotutako egutegi eta gertaeren kopia lokalak ere kenduko dira.","sync-frequency":"Sinkr. egutegia","sync-frequency-manual":{"textContent":"Eskuz"},"sync-frequency-15min":{"textContent":"15 min"},"sync-frequency-30min":{"textContent":"30 min"},"sync-frequency-hourly":{"textContent":"Orduro"},"none":"Bat ere ez","remind-me":"Gogora iezadazu","from-time":"Noiztik: ","to-time":"Noiz arte: ","alarm-at-event-standard":"Gertaeraren orduan","alarm-at-event-allday":"Gertaeraren egunean","alarm-start-notice":"{{title}} {{distance}} hasiko da","alarm-started-notice":"{{title}} hasita {{distance}}","minutes-before":{"_index":["plural","value"],"_":{"zero":"0 minutu lehenago","one":"Minutu bat lehenago","two":"{{value}} minutu lehenago","few":"{{value}} minutu lehenago","many":"{{value}} minutu lehenago","other":"{{value}} minutu lehenago"}},"hours-before":{"_index":["plural","value"],"_":{"zero":"0 ordu lehenago","one":"Ordubete lehenago","two":"{{value}} ordu lehenago","few":"{{value}} ordu lehenago","many":"{{value}} ordu lehenago","other":"{{value}} ordu lehenago"}},"days-before":{"_index":["plural","value"],"_":{"zero":"0 egun lehenago","one":"Egun bat lehenago","two":"{{value}} egun lehenago","few":"{{value}} egun lehenago","many":"{{value}} egun lehenago","other":"{{value}} egun lehenago"}},"weeks-before":{"_index":["plural","value"],"_":{"zero":"0 aste lehenago","one":"Astebete lehenago","two":"{{value}} aste lehenago","few":"{{value}} aste lehenago","many":"{{value}} aste lehenago","other":"{{value}} aste lehenago"}},"months-before":{"_index":["plural","value"],"_":{"zero":"0 hilabete lehenago","one":"Hilabete lehenago","two":"{{value}} hilabete lehenago","few":"{{value}} hilabete lehenago","many":"{{value}} hilabete lehenago","other":"{{value}} hilabete lehenago"}},"years-before":{"_index":["plural","value"],"_":{"zero":"0 urte lehenago","one":"Urtebete lehenago","two":"{{value}} urte lehenago","few":"{{value}} urte lehenago","many":"{{value}} urte lehenago","other":"{{value}} urte lehenago"}},"minutes-after":{"_index":["plural","value"],"_":{"zero":"0 minutu beranduago","one":"Minutu bat beranduago","two":"{{value}} minutu beranduago","few":"{{value}} minutu beranduago","many":"{{value}} minutu beranduago","other":"{{value}} minutu beranduago"}},"hours-after":{"_index":["plural","value"],"_":{"zero":"0 ordu beranduago","one":"Ordubete beranduago","two":"{{value}} ordu beranduago","few":"{{value}} ordu beranduago","many":"{{value}} ordu beranduago","other":"{{value}} ordu beranduago"}},"days-after":{"_index":["plural","value"],"_":{"zero":"0 egun beranduago","one":"Egun bat beranduago","two":"{{value}} egun beranduago","few":"{{value}} egun beranduago","many":"{{value}} egun beranduago","other":"{{value}} egun beranduago"}},"weeks-after":{"_index":["plural","value"],"_":{"zero":"0 aste beranduago","one":"Astebete beranduago","two":"{{value}} aste beranduago","few":"{{value}} aste beranduago","many":"{{value}} aste beranduago","other":"{{value}} aste beranduago"}},"months-after":{"_index":["plural","value"],"_":{"zero":"0 hilabete beranduago","one":"Hilabete beranduago","two":"{{value}} hilabete beranduago","few":"{{value}} hilabete beranduago","many":"{{value}} hilabete beranduago","other":"{{value}} hilabete beranduago"}},"years-after":{"_index":["plural","value"],"_":{"zero":"0 urte beranduago","one":"Urtebete beranduago","two":"{{value}} urte beranduago","few":"{{value}} urte beranduago","many":"{{value}} urte beranduago","other":"{{value}} urte beranduago"}},"hour-format":"%H","hour-allday":"Egun osoa","month-view-header-format":"%Y.eko %B","multi-month-view-header-format":"%Y.eko %B","day-view-header-format":"%A, %Bk %e","error-start-after-end":"Amaiera-datak hasiera-data baina beranduagokoa izan behar du","error-unauthenticated":"Erabiltzaile-izen eta/edo pasahitz okerrak","error-internal-server-error":"Zerbitzariaren errorea. Egiaztatu erabiltzaile-izena eta saiatu berriro.","error-default":"Zerbait oker dago. Saiatu berriro beranduago.","error-offline":"Konexiorik ez. Egiaztatu sare-konfigurazioa eta saiatu berriro.","error-account-exist":"Kontu hau badago lehendik ere.","notification-error-sync-title":"Errorea egutegia sinkronizatzean","notification-error-sync-description":"Sakatu informazio gehiagorako","weekday-0-long":"igandea","weekday-1-long":"astelehena","weekday-2-long":"asteartea","weekday-3-long":"asteazkena","weekday-4-long":"osteguna","weekday-5-long":"ostirala","weekday-6-long":"larunbata","weekday-0-short":"ig.","weekday-1-short":"al.","weekday-2-short":"ar.","weekday-3-short":"az.","weekday-4-short":"og.","weekday-5-short":"or.","weekday-6-short":"lr.","month-0-long":"urtarrila","month-1-long":"otsaila","month-2-long":"martxoa","month-3-long":"apirila","month-4-long":"maiatza","month-5-long":"ekaina","month-6-long":"uztaila","month-7-long":"abuztua","month-8-long":"iraila","month-9-long":"urria","month-10-long":"azaroa","month-11-long":"abendua","month-0-genitive":"urtarrila","month-1-genitive":"otsaila","month-2-genitive":"martxoa","month-3-genitive":"apirila","month-4-genitive":"maiatza","month-5-genitive":"ekaina","month-6-genitive":"uztaila","month-7-genitive":"abuztua","month-8-genitive":"iraila","month-9-genitive":"urria","month-10-genitive":"azaroa","month-11-genitive":"abendua","month-0-short":"urt","month-1-short":"ots","month-2-short":"mar","month-3-short":"api","month-4-short":"mai","month-5-short":"eka","month-6-short":"uzt","month-7-short":"abu","month-8-short":"ira","month-9-short":"urr","month-10-short":"aza","month-11-short":"abe","minutes-ago-long":{"_index":["plural","value"],"_":{"zero":"oraintxe bertan","one":"duela minutu bat","two":"duela {{value}} minutu","few":"duela {{value}} minutu","many":"duela {{value}} minutu","other":"duela {{value}} minutu"}},"hours-ago-long":{"_index":["plural","value"],"_":{"zero":"oraintxe bertan","one":"duela ordubete","two":"duela {{value}} ordu","few":"duela {{value}} ordu","many":"duela {{value}} ordu","other":"duela {{value}} ordu"}},"days-ago-long":{"_index":["plural","value"],"_":{"zero":"gaur","one":"atzo","two":"herenegun","few":"duela {{value}} egun","many":"duela {{value}} egun","other":"duela {{value}} egun"}},"weeks-ago-long":{"_index":["plural","value"],"_":{"zero":"aste honetan","one":"azken astean","two":"duela {{value}} aste","few":"duela {{value}} aste","many":"duela {{value}} aste","other":"duela {{value}} aste"}},"months-ago-long":{"_index":["plural","value"],"_":{"zero":"hilabete honetan","one":"azken hilabetean","two":"duela {{value}} hilabete","few":"duela {{value}} hilabete","many":"duela {{value}} hilabete","other":"duela {{value}} hilabete"}},"years-ago-long":{"_index":["plural","value"],"_":{"zero":"aurten","one":"iaz","two":"duela {{value}} urte","few":"duela {{value}} urte","many":"duela {{value}} urte","other":"duela {{value}} urte"}},"minutes-until-long":{"_index":["plural","value"],"_":{"zero":"orain","one":"minutu barru","two":"{{value}} minutu barru","few":"{{value}} minutu barru","many":"{{value}} minutu barru","other":"{{value}} minutu barru"}},"hours-until-long":{"_index":["plural","value"],"_":{"zero":"orain","one":"ordubete barru","two":"{{value}} ordu barru","few":"{{value}} ordu barru","many":"{{value}} ordu barru","other":"{{value}} ordu barru"}},"days-until-long":{"_index":["plural","value"],"_":{"zero":"gaur","one":"bihar","two":"etzi","few":"{{value}} egun barru","many":"{{value}} egun barru","other":"{{value}} egun barru"}},"weeks-until-long":{"_index":["plural","value"],"_":{"zero":"aste honetan","one":"hurrengo astean","two":"{{value}} aste barru","few":"{{value}} aste barru","many":"{{value}} aste barru","other":"{{value}} aste barru"}},"months-until-long":{"_index":["plural","value"],"_":{"zero":"hil honetan","one":"hurrengo hilean","two":"{{value}} hilabete barru","few":"{{value}} hilabete barru","many":"{{value}} hilabete barru","other":"{{value}} hilabete barru"}},"years-until-long":{"_index":["plural","value"],"_":{"zero":"aurten","one":"hurrengo urtean","two":"{{value}} urte barru","few":"{{value}} urte barru","many":"{{value}} urte barru","other":"{{value}} urte barru"}},"minutes-ago-short":{"_index":["plural","value"],"_":{"zero":"oraintxe bertan","other":"duela {{value}}m"}},"hours-ago-short":{"_index":["plural","value"],"_":{"zero":"oraintxe bertan","other":"duela {{value}}h"}},"days-ago-short":{"_index":["plural","value"],"_":{"zero":"gaur","other":"duela {{value}}eg."}},"minutes-until-short":{"_index":["plural","value"],"_":{"zero":"orain","other":"{{value}}m barru"}},"hours-until-short":{"_index":["plural","value"],"_":{"zero":"orain","other":"{{value}}h barru"}},"days-until-short":{"_index":["plural","value"],"_":{"zero":"gaur","other":"{{value}}eg. barru"}},"incorrectDate":"(data okerra)","dateTimeFormat_%c":"%a, %Y.eko %Bren %ea %H:%M:%S","dateTimeFormat_%x":"%Y/%m/%d","dateTimeFormat_%X":"%H:%M:%S","shortTimeFormat":"%H:%M","shortDateTimeFormat":"%x %H:%M","weekStartsOnMonday":"1","time_am":"AM","time_pm":"PM"}