{"back":"Vissza","save":"Mentés","hide":"Elrejtés","cancel":"Mégse","confirm":"Megerősítés","done":"Kész","events":"Események","edit":"Szerkesztés","allday-events":"Egész napos események","hint-swipe-action":"Csúsztassa az ujját","hint-swipe-to-navigate":"dátumok közötti navigáláshoz.","show-today":"Ma","show-month-view":"Hónap","show-week-view":"Hét","show-day-view":"Nap","settings-show":"Beállítások","settings-hide":"Beállítások elrejtése","add-account":"Fiók hozzáadása","new-event":"Esemény hozzáadása","add-event-header":"Esemény","account-header":"Fiók","account-list-header":"Fiókok","settings-header":"Naptárak","advanced-settings":"Naptárbeállítások","advanced-settings-header":"Naptárbeállítások","advanced-settings-personalization":"Testreszabás","advanced-settings-reminders":"Emlékeztetők","field-user":{"placeholder":"Felhasználónév"},"field-password":{"placeholder":"Jelszó"},"field-full-url":{"placeholder":"URL"},"modify-account-setting-up":"Kis türelmet, amíg a fiók beállítása megtörténik","modify-account-unable-to-sync":"Nem lehet szinkronizálni","modify-account-sign-in":"Bejelentkezés","preset-caldav":"CalDav","preset-yahoo":"Yahoo!","preset-google":"Google","preset-local":"Offline naptár","preset-mozilla":"Mozilla Zimbra","calendar-local":"Offline naptár","event-title":{"placeholder":"Cím"},"event-location":{"placeholder":"Helyszín?"},"event-description":{"placeholder":"Megjegyzés"},"event-is-allday":"Egész napos esemény?","event-start-date":{"placeholder":"Kezdő dátum"},"event-end-date":{"placeholder":"Záró dátum"},"event-start-time":{"placeholder":"Kezdő időpont"},"event-end-time":{"placeholder":"Záró időpont"},"event-delete":"Esemény törlése","remove-account-data":"Helyi adatok eltávolítása","remove-account-dialog":"Fiók eltávolítása","remove-account-dialog-details":"A fiók eltávolításával a hozzá tartozó naptárak és események helyi másolata is eltávolításra kerül.","sync-frequency":"Naptárszinkron","sync-frequency-manual":{"textContent":"Kézzel"},"sync-frequency-15min":{"textContent":"15 perc"},"sync-frequency-30min":{"textContent":"30 perc"},"sync-frequency-hourly":{"textContent":"Minden óra"},"none":"Nincs","remind-me":"Emlékeztessen","from-time":"Feladó:","to-time":"Címzett:","alarm-at-event-standard":"Az esemény kezdetekor","alarm-at-event-allday":"Az esemény napján","alarm-start-notice":"{{title}} {{distance}} kezdődik","alarm-started-notice":"{{title}} {{distance}} kezdődött","minutes-before":{"_index":["plural","value"],"_":{"zero":"0 perccel előtte","one":"1 perccel előtte","two":"{{value}} perccel előtte","few":"{{value}} perccel előtte","many":"{{value}} perccel előtte","other":"{{value}} perccel előtte"}},"hours-before":{"_index":["plural","value"],"_":{"zero":"0 órával előtte","one":"1 órával előtte","two":"{{value}} órával előtte","few":"{{value}} órával előtte","many":"{{value}} órával előtte","other":"{{value}} órával előtte"}},"days-before":{"_index":["plural","value"],"_":{"zero":"0 nappal előtte","one":"1 nappal előtte","two":"{{value}} nappal előtte","few":"{{value}} nappal előtte","many":"{{value}} nappal előtte","other":"{{value}} nappal előtte"}},"weeks-before":{"_index":["plural","value"],"_":{"zero":"0 héttel előtte","one":"1 héttel előtte","two":"{{value}} héttel előtte","few":"{{value}} héttel előtte","many":"{{value}} héttel előtte","other":"{{value}} héttel előtte"}},"months-before":{"_index":["plural","value"],"_":{"zero":"0 hónappal előtte","one":"1 hónappal előtte","two":"{{value}} hónappal előtte","few":"{{value}} hónappal előtte","many":"{{value}} hónappal előtte","other":"{{value}} hónappal előtte"}},"years-before":{"_index":["plural","value"],"_":{"zero":"0 évvel előtte","one":"1 évvel előtte","two":"{{value}} évvel előtte","few":"{{value}} évvel előtte","many":"{{value}} évvel előtte","other":"{{value}} évvel előtte"}},"minutes-after":{"_index":["plural","value"],"_":{"zero":"0 perccel utána","one":"1 perccel utána","two":"{{value}} perccel utána","few":"{{value}} perccel utána","many":"{{value}} perccel utána","other":"{{value}} perccel utána"}},"hours-after":{"_index":["plural","value"],"_":{"zero":"0 órával később","one":"1 órával később","two":"{{value}} órával később","few":"{{value}} órával később","many":"{{value}} órával később","other":"{{value}} órával később"}},"days-after":{"_index":["plural","value"],"_":{"zero":"0 nappal később","one":"1 nappal később","two":"{{value}} nappal később","few":"{{value}} nappal később","many":"{{value}} nappal később","other":"{{value}} nappal később"}},"weeks-after":{"_index":["plural","value"],"_":{"zero":"0 héttel később","one":"1 héttel később","two":"{{value}} héttel később","few":"{{value}} héttel később","many":"{{value}} héttel később","other":"{{value}} héttel később"}},"months-after":{"_index":["plural","value"],"_":{"zero":"0 hónappal később","one":"1 hónappal később","two":"{{value}} hónappal később","few":"{{value}} hónappal később","many":"{{value}} hónappal később","other":"{{value}} hónappal később"}},"years-after":{"_index":["plural","value"],"_":{"zero":"0 évvel később","one":"1 évvel később","two":"{{value}} évvel később","few":"{{value}} évvel később","many":"{{value}} évvel később","other":"{{value}} évvel később"}},"hour-format":"%H","hour-allday":"Egész nap","month-view-header-format":"%Y. %B","multi-month-view-header-format":"%Y %b","day-view-header-format":"%B %e. %A","error-start-after-end":"A záró dátumnak a kezdő dátum utáninak kell lennie","error-unauthenticated":"Rossz felhasználónév vagy jelszó","error-internal-server-error":"Kiszolgálóhiba. Ellenőrizze a bejelentkezési adatokat majd próbálja meg újra.","error-default":"Ismeretlen hiba. Próbálja meg később.","error-offline":"Nincs kapcsolat. Ellenőrizze a hálózatot, és próbálja újra.","error-account-exist":"A fiók már létezik.","notification-error-sync-title":"Naptár-szinkronizálási hiba","notification-error-sync-description":"Koppintson információkért","weekday-0-long":"Vasárnap","weekday-1-long":"Hétfő","weekday-2-long":"Kedd","weekday-3-long":"Szerda","weekday-4-long":"Csütörtök","weekday-5-long":"Péntek","weekday-6-long":"Szombat","weekday-0-short":"Va.","weekday-1-short":"Hé.","weekday-2-short":"Ke.","weekday-3-short":"Sze.","weekday-4-short":"Csü.","weekday-5-short":"Pé.","weekday-6-short":"Szo.","month-0-long":"Január","month-1-long":"Február","month-2-long":"Március","month-3-long":"Április","month-4-long":"Május","month-5-long":"Június","month-6-long":"Július","month-7-long":"Augusztus","month-8-long":"Szeptember","month-9-long":"Október","month-10-long":"November","month-11-long":"December","month-0-genitive":"Január","month-1-genitive":"Február","month-2-genitive":"Március","month-3-genitive":"Április","month-4-genitive":"Május","month-5-genitive":"Június","month-6-genitive":"Július","month-7-genitive":"Augusztus","month-8-genitive":"Szeptember","month-9-genitive":"Október","month-10-genitive":"November","month-11-genitive":"December","month-0-short":"Jan","month-1-short":"Feb","month-2-short":"Már","month-3-short":"Ápr","month-4-short":"Máj","month-5-short":"Jún","month-6-short":"Júl","month-7-short":"Aug","month-8-short":"Szep","month-9-short":"Okt","month-10-short":"Nov","month-11-short":"Dec","minutes-ago-long":{"_index":["plural","value"],"_":{"zero":"épp most","one":"egy perccel ezelőtt","two":"{{value}} perccel ezelőtt","few":"{{value}} perccel ezelőtt","many":"{{value}} perccel ezelőtt","other":"{{value}} perccel ezelőtt"}},"hours-ago-long":{"_index":["plural","value"],"_":{"zero":"épp most","one":"egy órája","two":"{{value}} órával ezelőtt","few":"{{value}} órával ezelőtt","many":"{{value}} órával ezelőtt","other":"{{value}} órával ezelőtt"}},"days-ago-long":{"_index":["plural","value"],"_":{"zero":"ma","one":"tegnap","two":"{{value}} nappal ezelőtt","few":"{{value}} nappal ezelőtt","many":"{{value}} nappal ezelőtt","other":"{{value}} nappal ezelőtt"}},"weeks-ago-long":{"_index":["plural","value"],"_":{"zero":"ez a hét","one":"múlt hét","two":"{{value}} héttel ezelőtt","few":"{{value}} héttel ezelőtt","many":"{{value}} héttel ezelőtt","other":"{{value}} héttel ezelőtt"}},"months-ago-long":{"_index":["plural","value"],"_":{"zero":"ez a hónap","one":"előző hónap","two":"{{value}} hónappal ezelőtt","few":"{{value}} hónappal ezelőtt","many":"{{value}} hónappal ezelőtt","other":"{{value}} hónappal ezelőtt"}},"years-ago-long":{"_index":["plural","value"],"_":{"zero":"ez az év","one":"tavaly","two":"{{value}} évvel ezelőtt","few":"{{value}} évvel ezelőtt","many":"{{value}} évvel ezelőtt","other":"{{value}} évvel ezelőtt"}},"minutes-until-long":{"_index":["plural","value"],"_":{"zero":"most","one":"egy percen belül","two":"{{value}} percen belül","few":"{{value}} percen belül","many":"{{value}} percen belül","other":"{{value}} percen belül"}},"hours-until-long":{"_index":["plural","value"],"_":{"zero":"most","one":"egy órán belül","two":"{{value}} órán belül","few":"{{value}} órán belül","many":"{{value}} órán belül","other":"{{value}} órán belül"}},"days-until-long":{"_index":["plural","value"],"_":{"zero":"ma","one":"holnap","two":"{{value}} napon belül","few":"{{value}} napon belül","many":"{{value}} napon belül","other":"{{value}} napon belül"}},"weeks-until-long":{"_index":["plural","value"],"_":{"zero":"ez a hét","one":"következő hét","two":"{{value}} héten belül","few":"{{value}} héten belül","many":"{{value}} héten belül","other":"{{value}} héten belül"}},"months-until-long":{"_index":["plural","value"],"_":{"zero":"ez a hónap","one":"következő hónap","two":"{{value}} héten belül","few":"{{value}} héten belül","many":"{{value}} héten belül","other":"{{value}} héten belül"}},"years-until-long":{"_index":["plural","value"],"_":{"zero":"ez az év","one":"következő év","two":"{{value}} éven belül","few":"{{value}} éven belül","many":"{{value}} éven belül","other":"{{value}} éven belül"}},"minutes-ago-short":{"_index":["plural","value"],"_":{"zero":"épp most","other":"{{value}}p ezelőtt"}},"hours-ago-short":{"_index":["plural","value"],"_":{"zero":"épp most","other":"{{value}}ó ezelőtt"}},"days-ago-short":{"_index":["plural","value"],"_":{"zero":"ma","other":"{{value}}n ezelőtt"}},"minutes-until-short":{"_index":["plural","value"],"_":{"zero":"most","other":"{{value}} percen belül"}},"hours-until-short":{"_index":["plural","value"],"_":{"zero":"most","other":"{{value}} órán belül"}},"days-until-short":{"_index":["plural","value"],"_":{"zero":"ma","other":"{{value}} napon belül"}},"incorrectDate":"(helytelen dátum)","dateTimeFormat_%c":"%Y. %b %d %a %H:%M:%S","dateTimeFormat_%x":"%Y. %m. %d.","dateTimeFormat_%X":"%H:%M:%S","shortTimeFormat":"%H:%M","shortDateTimeFormat":"%x %H:%M","weekStartsOnMonday":"0","time_am":"DE","time_pm":"DU"}