{"back":"Indietro","save":"Salva","hide":"Nascondi","cancel":"Annulla","confirm":"Conferma","done":"Fine","events":"Eventi","edit":"Modifica","allday-events":"Eventi giorno intero","hint-swipe-action":"Passa il dito","hint-swipe-to-navigate":"per cambiare la data visualizzata.","show-today":"Oggi","show-month-view":"Mese","show-week-view":"Settimana","show-day-view":"Giorno","settings-show":"Impostazioni","settings-hide":"Nascondi impostazioni","add-account":"Aggiungi un account","new-event":"Aggiungi evento","add-event-header":"Evento","account-header":"Account","account-list-header":"Account","settings-header":"Calendari","advanced-settings":"Impostazioni agenda","advanced-settings-header":"Impostaz. agenda","advanced-settings-personalization":"Personalizzazione","advanced-settings-reminders":"Promemoria","field-user":{"placeholder":"Nome utente"},"field-password":{"placeholder":"Password"},"field-full-url":{"placeholder":"URL"},"modify-account-setting-up":"Attendere la configurazione dell’account","modify-account-unable-to-sync":"Impossibile sinc.","modify-account-sign-in":"Accedi","preset-caldav":"CalDav","preset-yahoo":"Yahoo!","preset-google":"Google","preset-local":"Agenda non in linea","preset-mozilla":"Mozilla Zimbra","calendar-local":"Agenda non in linea","event-title":{"placeholder":"Titolo"},"event-location":{"placeholder":"Luogo"},"event-description":{"placeholder":"Note"},"event-is-allday":"Tutto il giorno?","event-start-date":{"placeholder":"Data inizio"},"event-end-date":{"placeholder":"Data fine"},"event-start-time":{"placeholder":"Ora inizio"},"event-end-time":{"placeholder":"Ora fine"},"event-delete":"Elimina evento","remove-account-data":"Elimina dati locali","remove-account-dialog":"Elimina account","remove-account-dialog-details":"Eliminando un account verranno rimosse le copie locali di eventi e calendari associati.","sync-frequency":"Sincronizza","sync-frequency-manual":{"textContent":"manualmente"},"sync-frequency-15min":{"textContent":"ogni 15 min"},"sync-frequency-30min":{"textContent":"ogni 30 min"},"sync-frequency-hourly":{"textContent":"ogni ora"},"none":"Nessuno","remind-me":"Promemoria","from-time":"Da: ","to-time":"A: ","alarm-at-event-standard":"All’ora dell’evento","alarm-at-event-allday":"Il giorno dell’evento","alarm-start-notice":"{{title}} inizia tra {{distance}}","alarm-started-notice":"{{title}} è iniziato {{distance}}","minutes-before":{"_index":["plural","value"],"_":{"zero":"0 minuti prima","one":"1 minuto prima","two":"{{value}} minuti prima","few":"{{value}} minuti prima","many":"{{value}} minuti prima","other":"{{value}} minuti prima"}},"hours-before":{"_index":["plural","value"],"_":{"zero":"0 ore prima","one":"1 ora prima","two":"{{value}} ore prima","few":"{{value}} ore prima","many":"{{value}} ore prima","other":"{{value}} ore prima"}},"days-before":{"_index":["plural","value"],"_":{"zero":"0 giorni prima","one":"1 giorno prima","two":"{{value}} giorni prima","few":"{{value}} giorni prima","many":"{{value}} giorni prima","other":"{{value}} giorni prima"}},"weeks-before":{"_index":["plural","value"],"_":{"zero":"0 settimane prima","one":"1 settimana prima","two":"{{value}} settimane prima","few":"{{value}} settimane prima","many":"{{value}} settimane prima","other":"{{value}} settimane prima"}},"months-before":{"_index":["plural","value"],"_":{"zero":"0 mesi prima","one":"1 mese prima","two":"{{value}} mesi prima","few":"{{value}} mesi prima","many":"{{value}} mesi prima","other":"{{value}} mesi prima"}},"years-before":{"_index":["plural","value"],"_":{"zero":"0 anni prima","one":"1 anno prima","two":"{{value}} anni prima","few":"{{value}} anni prima","many":"{{value}} anni prima","other":"{{value}} anni prima"}},"minutes-after":{"_index":["plural","value"],"_":{"zero":"0 minuti dopo","one":"1 minuto dopo","two":"{{value}} minuti dopo","few":"{{value}} minuti dopo","many":"{{value}} minuti dopo","other":"{{value}} minuti dopo"}},"hours-after":{"_index":["plural","value"],"_":{"zero":"0 ore dopo","one":"1 ora dopo","two":"{{value}} ore dopo","few":"{{value}} ore dopo","many":"{{value}} ore dopo","other":"{{value}} ore dopo"}},"days-after":{"_index":["plural","value"],"_":{"zero":"0 giorni dopo","one":"1 giorno dopo","two":"{{value}} giorni dopo","few":"{{value}} giorni dopo","many":"{{value}} giorni dopo","other":"{{value}} giorni dopo"}},"weeks-after":{"_index":["plural","value"],"_":{"zero":"0 settimane dopo","one":"1 settimana dopo","two":"{{value}} settimane dopo","few":"{{value}} settimane dopo","many":"{{value}} settimane dopo","other":"{{value}} settimane dopo"}},"months-after":{"_index":["plural","value"],"_":{"zero":"0 mesi dopo","one":"1 mese dopo","two":"{{value}} mesi dopo","few":"{{value}} mesi dopo","many":"{{value}} mesi dopo","other":"{{value}} mesi dopo"}},"years-after":{"_index":["plural","value"],"_":{"zero":"0 anni dopo","one":"1 anno dopo","two":"{{value}} anni dopo","few":"{{value}} anni dopo","many":"{{value}} anni dopo","other":"{{value}} anni dopo"}},"hour-format":"%H","hour-allday":"Giorno int.","month-view-header-format":"%B %Y","multi-month-view-header-format":"%b %Y","day-view-header-format":"%A %e %b","error-start-after-end":"La data finale deve essere successiva alla data di inizio","error-unauthenticated":"Utente o password errati","error-internal-server-error":"Errore del server. Verificare i dati di accesso e riprovare.","error-default":"Si è verificato un errore. Riprovare più tardi.","error-offline":"Connessione non disponibile. Verificare la configurazione di rete e riprovare.","error-account-exist":"Questo account è già presente.","notification-error-sync-title":"Errore sinc. agenda","notification-error-sync-description":"Tocca per altre informazioni","weekday-0-long":"domenica","weekday-1-long":"lunedì","weekday-2-long":"martedì","weekday-3-long":"mercoledì","weekday-4-long":"giovedì","weekday-5-long":"venerdì","weekday-6-long":"sabato","weekday-0-short":"dom","weekday-1-short":"lun","weekday-2-short":"mar","weekday-3-short":"mer","weekday-4-short":"gio","weekday-5-short":"ven","weekday-6-short":"sab","month-0-long":"gennaio","month-1-long":"febbraio","month-2-long":"marzo","month-3-long":"aprile","month-4-long":"maggio","month-5-long":"giugno","month-6-long":"luglio","month-7-long":"agosto","month-8-long":"settembre","month-9-long":"ottobre","month-10-long":"novembre","month-11-long":"dicembre","month-0-genitive":"gennaio","month-1-genitive":"febbraio","month-2-genitive":"marzo","month-3-genitive":"aprile","month-4-genitive":"maggio","month-5-genitive":"giugno","month-6-genitive":"luglio","month-7-genitive":"agosto","month-8-genitive":"settembre","month-9-genitive":"ottobre","month-10-genitive":"novembre","month-11-genitive":"dicembre","month-0-short":"gen","month-1-short":"feb","month-2-short":"mar","month-3-short":"apr","month-4-short":"mag","month-5-short":"giu","month-6-short":"lug","month-7-short":"ago","month-8-short":"set","month-9-short":"ott","month-10-short":"nov","month-11-short":"dic","minutes-ago-long":{"_index":["plural","value"],"_":{"zero":"adesso","one":"un minuto fa","two":"{{value}} minuti fa","few":"{{value}} minuti fa","many":"{{value}} minuti fa","other":"{{value}} minuti fa"}},"hours-ago-long":{"_index":["plural","value"],"_":{"zero":"adesso","one":"un’ora fa","two":"{{value}} ore fa","few":"{{value}} ore fa","many":"{{value}} ore fa","other":"{{value}} ore fa"}},"days-ago-long":{"_index":["plural","value"],"_":{"zero":"oggi","one":"ieri","two":"{{value}} giorni fa","few":"{{value}} giorni fa","many":"{{value}} giorni fa","other":"{{value}} giorni fa"}},"weeks-ago-long":{"_index":["plural","value"],"_":{"zero":"questa settimana","one":"settimana scorsa","two":"{{value}} settimane fa","few":"{{value}} settimane fa","many":"{{value}} settimane fa","other":"{{value}} settimane fa"}},"months-ago-long":{"_index":["plural","value"],"_":{"zero":"questo mese","one":"mese scorso","two":"{{value}} mesi fa","few":"{{value}} mesi fa","many":"{{value}} mesi fa","other":"{{value}} mesi fa"}},"years-ago-long":{"_index":["plural","value"],"_":{"zero":"quest’anno","one":"anno scorso","two":"{{value}} anni fa","few":"{{value}} anni fa","many":"{{value}} anni fa","other":"{{value}} anni fa"}},"minutes-until-long":{"_index":["plural","value"],"_":{"zero":"adesso","one":"tra un minuto","two":"tra {{value}} minuti","few":"tra {{value}} minuti","many":"tra {{value}} minuti","other":"tra {{value}} minuti"}},"hours-until-long":{"_index":["plural","value"],"_":{"zero":"adesso","one":"tra un’ora","two":"tra {{value}} ore","few":"tra {{value}} ore","many":"tra {{value}} ore","other":"tra {{value}} ore"}},"days-until-long":{"_index":["plural","value"],"_":{"zero":"oggi","one":"domani","two":"tra {{value}} giorni","few":"tra {{value}} giorni","many":"tra {{value}} giorni","other":"tra {{value}} giorni"}},"weeks-until-long":{"_index":["plural","value"],"_":{"zero":"questa settimana","one":"prossima settimana","two":"tra {{value}} settimane","few":"tra {{value}} settimane","many":"tra {{value}} settimane","other":"tra {{value}} settimane"}},"months-until-long":{"_index":["plural","value"],"_":{"zero":"questo mese","one":"prossimo mese","two":"in {{value}} mesi","few":"tra {{value}} mesi","many":"tra {{value}} mesi","other":"in {{value}} mesi"}},"years-until-long":{"_index":["plural","value"],"_":{"zero":"quest’anno","one":"prossimo anno","two":"tra {{value}} anni","few":"tra {{value}} anni","many":"tra {{value}} anni","other":"tra {{value}} anni"}},"minutes-ago-short":{"_index":["plural","value"],"_":{"zero":"adesso","other":"{{value}}m fa"}},"hours-ago-short":{"_index":["plural","value"],"_":{"zero":"adesso","other":"{{value}}h fa"}},"days-ago-short":{"_index":["plural","value"],"_":{"zero":"oggi","other":"{{value}}g fa"}},"minutes-until-short":{"_index":["plural","value"],"_":{"zero":"adesso","other":"tra {{value}}m"}},"hours-until-short":{"_index":["plural","value"],"_":{"zero":"adesso","other":"tra {{value}}h"}},"days-until-short":{"_index":["plural","value"],"_":{"zero":"oggi","other":"tra {{value}}d"}},"incorrectDate":"(data errata)","dateTimeFormat_%c":"%a %e %b %Y %H:%M:%S","dateTimeFormat_%x":"%d/%m/%Y","dateTimeFormat_%X":"%H:%M:%S","shortTimeFormat":"%H:%M","shortDateTimeFormat":"%x %H:%M","weekStartsOnMonday":"1","time_am":"AM","time_pm":"PM"}