{"back":"Atgal","save":"Įrašyti","hide":"Nerodyti","cancel":"Atsisakyti","confirm":"Patvirtinti","done":"Baigta","events":"Įvykiai","edit":"Taisyti","allday-events":"Visos dienos įvykiai","hint-swipe-action":"Braukite","hint-swipe-to-navigate":"per ekraną, kai norėsite pereiti į kitą datą.","show-today":"Šiandiena","show-month-view":"Mėnuo","show-week-view":"Savaitė","show-day-view":"Diena","settings-show":"Nuostatos","settings-hide":"Slėpti nuostatas","add-account":"Pridėti paskyrą","new-event":"Pridėti įvykį","add-event-header":"Įvykis","account-header":"Paskyra","account-list-header":"Paskyros","settings-header":"Kalendorius","advanced-settings":"Kalendoriaus nuostatos","advanced-settings-header":"Kal. nuostatos","advanced-settings-personalization":"Individualizavimas","advanced-settings-reminders":"Priminimai","field-user":{"placeholder":"Abonento vardas"},"field-password":{"placeholder":"Slaptažodis"},"field-full-url":{"placeholder":"URL adresas"},"modify-account-setting-up":"Luktelėkite, kol paskyra bus sukonfigūruota","modify-account-unable-to-sync":"Sinchronizuotis nepavyko","modify-account-sign-in":"Prisijungti","preset-caldav":"CalDav","preset-yahoo":"Yahoo!","preset-google":"Google","preset-local":"Vietinis kalendorius","preset-mozilla":"Mozilla Zimbra","calendar-local":"Vietinis kalendorius","event-title":{"placeholder":"Pavadinimas"},"event-location":{"placeholder":"Vieta"},"event-description":{"placeholder":"Pastabos"},"event-is-allday":"Visos dienos įvykis?","event-start-date":{"placeholder":"Pradžios data"},"event-end-date":{"placeholder":"Pabaigos data"},"event-start-time":{"placeholder":"Pradžios laikas"},"event-end-time":{"placeholder":"Pabaigos laikas"},"event-delete":"Šalinti įvykį","remove-account-data":"Pašalinti vietinius duomenis","remove-account-dialog":"Paskyros šalinimas","remove-account-dialog-details":"Pašalinus šią paskyrą, bus pašalintos ir vietinės su ja susietų kalendorių bei įvykių kopijos.","sync-frequency":"Kalendoriaus sinchronizavimas","sync-frequency-manual":{"textContent":"rankiniu būdu"},"sync-frequency-15min":{"textContent":"kas 15 minučių"},"sync-frequency-30min":{"textContent":"kas 30 minučių"},"sync-frequency-hourly":{"textContent":"kas valandą"},"none":"Nepriminti","remind-me":"Priminimai","from-time":"Nuo: ","to-time":"Kam: ","alarm-at-event-standard":"atėjus įvykio laikui","alarm-at-event-allday":"atėjus įvykio dienai","alarm-start-notice":"{{title}} prasideda {{distance}}","alarm-started-notice":"{{title}} prasidėjo {{distance}}","minutes-before":{"_index":["plural","value"],"_":{"zero":"prieš 0 minučių","one":"prieš {{value}} minutę","two":"prieš {{value}} minutes","few":"prieš {{value}} minutes","many":"prieš {{value}} minučių","other":"prieš {{value}} minučių"}},"hours-before":{"_index":["plural","value"],"_":{"zero":"prieš 0 valandų","one":"prieš {{value}} valandą","two":"prieš {{value}} valandas","few":"prieš {{value}} valandas","many":"prieš {{value}} valandų","other":"prieš {{value}} valandų"}},"days-before":{"_index":["plural","value"],"_":{"zero":"prieš 0 dienų","one":"prieš {{value}} dieną","two":"prieš {{value}} dienas","few":"prieš {{value}} dienas","many":"prieš {{value}} dienų","other":"prieš {{value}} dienų"}},"weeks-before":{"_index":["plural","value"],"_":{"zero":"prieš 0 savaičių","one":"prieš {{value}} savaitę","two":"prieš {{value}} savaites","few":"prieš {{value}} savaites","many":"prieš {{value}} savaičių","other":"prieš {{value}} savaičių"}},"months-before":{"_index":["plural","value"],"_":{"zero":"prieš 0 mėnesių","one":"prieš {{value}} mėnesį","two":"prieš {{value}} mėnesius","few":"prieš {{value}} mėnesius","many":"prieš {{value}} mėnesių","other":"prieš {{value}} mėnesių"}},"years-before":{"_index":["plural","value"],"_":{"zero":"prieš 0 metų","one":"prieš {{value}} metus","two":"prieš {{value}} metus","few":"prieš {{value}} metus","many":"prieš {{value}} metų","other":"prieš {{value}} metų"}},"minutes-after":{"_index":["plural","value"],"_":{"zero":"po 0 minučių","one":"po {{value}} minutės","two":"po {{value}} minučių","few":"po {{value}} minučių","many":"po {{value}} minučių","other":"po {{value}} minučių"}},"hours-after":{"_index":["plural","value"],"_":{"zero":"po 0 valandų","one":"po {{value}} valandos","two":"po {{value}} valandų","few":"po {{value}} valandų","many":"po {{value}} valandų","other":"po {{value}} valandų"}},"days-after":{"_index":["plural","value"],"_":{"zero":"po 0 dienų","one":"po {{value}} dienos","two":"po {{value}} dienų","few":"po {{value}} dienų","many":"po {{value}} dienų","other":"po {{value}} dienų"}},"weeks-after":{"_index":["plural","value"],"_":{"zero":"po 0 savaičių","one":"po {{value}} savaitės","two":"po {{value}} savaičių","few":"po {{value}} savaičių","many":"po {{value}} savaičių","other":"po {{value}} savaičių"}},"months-after":{"_index":["plural","value"],"_":{"zero":"po 0 mėnesių","one":"po {{value}} mėnesio","two":"po {{value}} mėnesių","few":"po {{value}} mėnesių","many":"po {{value}} mėnesių","other":"po {{value}} mėnesių"}},"years-after":{"_index":["plural","value"],"_":{"zero":"po 0 metų","one":"po {{value}} metų","two":"po {{value}} metų","few":"po {{value}} metų","many":"po {{value}} metų","other":"po {{value}} metų"}},"hour-format":"%H","hour-allday":"Visą dieną","month-view-header-format":"%Y m. %B","multi-month-view-header-format":"%Y %b","day-view-header-format":"%b %e, %A","error-start-after-end":"Pabaigos data turi būti vėlesnė nei pradžios","error-unauthenticated":"Neteisingas abonento vardas ir (arba) slaptažodis","error-internal-server-error":"Serverio klaida. Patikrinkite prisijungimo duomenis ir bandykite dar kartą.","error-default":"Kažkas nutiko ne taip, kaip turėtų. Vėliau pabandykite dar kartą.","error-offline":"Nėra ryšio. Patikrinkite tinklo parametrus ir bandykite dar kartą.","error-account-exist":"Tokia paskyra jau egzistuoja.","notification-error-sync-title":"Kalendoriaus sinchronizavimo klaida","notification-error-sync-description":"Bakstelėkite išsamesnei informacijai gauti","weekday-0-long":"Sekmadienis","weekday-1-long":"Pirmadienis","weekday-2-long":"Antradienis","weekday-3-long":"Trečiadienis","weekday-4-long":"Ketvirtadienis","weekday-5-long":"Penktadienis","weekday-6-long":"Šeštadienis","weekday-0-short":"Sk","weekday-1-short":"Pr","weekday-2-short":"An","weekday-3-short":"Tr","weekday-4-short":"Kt","weekday-5-short":"Pn","weekday-6-short":"Št","month-0-long":"sausis","month-1-long":"vasaris","month-2-long":"kovas","month-3-long":"balandis","month-4-long":"gegužė","month-5-long":"birželis","month-6-long":"liepa","month-7-long":"rugpjūtis","month-8-long":"rugsėjis","month-9-long":"spalis","month-10-long":"lapkritis","month-11-long":"gruodis","month-0-genitive":"sausio","month-1-genitive":"vasario","month-2-genitive":"kovo","month-3-genitive":"balandžio","month-4-genitive":"gegužės","month-5-genitive":"birželio","month-6-genitive":"liepos","month-7-genitive":"rugpjūčio","month-8-genitive":"rugsėjo","month-9-genitive":"spalio","month-10-genitive":"lapkričio","month-11-genitive":"gruodžio","month-0-short":"Sau","month-1-short":"Vas","month-2-short":"Kov","month-3-short":"Bal","month-4-short":"Geg","month-5-short":"Bir","month-6-short":"Lie","month-7-short":"Rgp","month-8-short":"Rgs","month-9-short":"Spa","month-10-short":"Lap","month-11-short":"Grd","minutes-ago-long":{"_index":["plural","value"],"_":{"zero":"ką tik","one":"prieš {{value}} minutę","two":"prieš {{value}} minutes","few":"prieš {{value}} minutes","many":"prieš {{value}} minučių","other":"prieš {{value}} minučių"}},"hours-ago-long":{"_index":["plural","value"],"_":{"zero":"ką tik","one":"prieš {{value}} valandą","two":"prieš {{value}} valandas","few":"prieš {{value}} valandas","many":"prieš {{value}} valandų","other":"prieš {{value}} valandų"}},"days-ago-long":{"_index":["plural","value"],"_":{"zero":"šiandien","one":"vakar","two":"prieš {{value}} dienas","few":"prieš {{value}} dienas","many":"prieš {{value}} dienų","other":"prieš {{value}} dienų"}},"weeks-ago-long":{"_index":["plural","value"],"_":{"zero":"šią savaitę","one":"praėjusią savaitę","two":"prieš {{value}} savaites","few":"prieš {{value}} savaites","many":"prieš {{value}} savaičių","other":"prieš {{value}} savaičių"}},"months-ago-long":{"_index":["plural","value"],"_":{"zero":"šį mėnesį","one":"praėjusį mėnesį","two":"prieš {{value}} mėnesius","few":"prieš {{value}} mėnesius","many":"prieš {{value}} mėnesių","other":"prieš {{value}} mėnesių"}},"years-ago-long":{"_index":["plural","value"],"_":{"zero":"šiemet","one":"prieš {{value}} metus","two":"prieš {{value}} metus","few":"prieš {{value}} metus","many":"prieš {{value}} metų","other":"prieš {{value}} metų"}},"minutes-until-long":{"_index":["plural","value"],"_":{"zero":"dabar","one":"už {{value}} minutės","two":"už {{value}} minučių","few":"už {{value}} minučių","many":"už {{value}} minučių","other":"už {{value}} minučių"}},"hours-until-long":{"_index":["plural","value"],"_":{"zero":"dabar","one":"už {{value}} valandos","two":"už {{value}} valandų","few":"už {{value}} valandų","many":"už {{value}} valandų","other":"už {{value}} valandų"}},"days-until-long":{"_index":["plural","value"],"_":{"zero":"šiandien","one":"rytoj","two":"už {{value}} dienų","few":"už {{value}} dienų","many":"už {{value}} dienų","other":"už {{value}} dienų"}},"weeks-until-long":{"_index":["plural","value"],"_":{"zero":"šią savaitę","one":"kitą savaitę","two":"už {{value}} savaičių","few":"už {{value}} savaičių","many":"už {{value}} savaičių","other":"už {{value}} savaičių"}},"months-until-long":{"_index":["plural","value"],"_":{"zero":"šį mėnesį","one":"kitą mėnesį","two":"už {{value}} mėnesių","few":"už {{value}} mėnesių","many":"už {{value}} mėnesių","other":"už {{value}} mėnesių"}},"years-until-long":{"_index":["plural","value"],"_":{"zero":"šiemet","one":"kitais metais","two":"už {{value}} metų","few":"už {{value}} metų","many":"už {{value}} metų","other":"už {{value}} metų"}},"minutes-ago-short":{"_index":["plural","value"],"_":{"zero":"ką tik","other":"prieš {{value}} min."}},"hours-ago-short":{"_index":["plural","value"],"_":{"zero":"ką tik","other":"prieš {{value}} val."}},"days-ago-short":{"_index":["plural","value"],"_":{"zero":"šiandien","other":"prieš {{value}} d."}},"minutes-until-short":{"_index":["plural","value"],"_":{"zero":"dabar","other":"už {{value}} min."}},"hours-until-short":{"_index":["plural","value"],"_":{"zero":"dabar","other":"už {{value}} val."}},"days-until-short":{"_index":["plural","value"],"_":{"zero":"šiandien","other":"už {{value}} d."}},"incorrectDate":"(negalima data)","dateTimeFormat_%c":"%Y m. %Eb %e d. %H:%M:%S","dateTimeFormat_%x":"%Y-%m-%d","dateTimeFormat_%X":"%H:%M:%S","shortTimeFormat":"%H:%M","shortDateTimeFormat":"%x %H:%M","weekStartsOnMonday":"1","time_am":"priešpiet","time_pm":"popiet"}