{"back":"Назад","save":"Сними","hide":"Скриј","cancel":"Откажи","confirm":"Потврди","done":"Заврши","events":"Настани","edit":"Уреди","allday-events":"Целодневни настани","hint-swipe-action":"Влечете","hint-swipe-to-navigate":"за да се движите низ датумите.","show-today":"Денес","show-month-view":"Месец","show-week-view":"Недела","show-day-view":"Ден","settings-show":"Поставки","settings-hide":"Скриј поставки","add-account":"Додај сметка","new-event":"Додај настан","add-event-header":"Настан","account-header":"Сметка","account-list-header":"Сметки","settings-header":"Календари","advanced-settings":"Поставки за календар","advanced-settings-header":"Поставки за календар","advanced-settings-personalization":"Персонализација","advanced-settings-reminders":"Потсетници","field-user":{"placeholder":"Корисничко име"},"field-password":{"placeholder":"Лозинка"},"field-full-url":{"placeholder":"URL"},"modify-account-setting-up":"Почекајте додека се поставува Вашата сметка","modify-account-unable-to-sync":"Не може да се синхронизира","modify-account-sign-in":"Пријави се","preset-caldav":"CalDav","preset-yahoo":"Yahoo!","preset-google":"Google","preset-local":"Локален календар","preset-mozilla":"Mozilla Zimbra","calendar-local":"Локален календар","event-title":{"placeholder":"Наслов"},"event-location":{"placeholder":"Каде?"},"event-description":{"placeholder":"Белешки"},"event-is-allday":"Целодневен настан","event-start-date":{"placeholder":"Почнува на"},"event-end-date":{"placeholder":"Завршува на"},"event-start-time":{"placeholder":"Почнува во"},"event-end-time":{"placeholder":"Завршува во"},"event-delete":"Избриши го настанот","remove-account-data":"Отстрани ги локалните податоци","remove-account-dialog":"Отстрани ја сметката","remove-account-dialog-details":"Отстранувањето на оваа сметка исто така ќе ја отстрани локалната копија од поврзаните календари и настани.","sync-frequency":"Синхронизирање на календарот","sync-frequency-manual":{"textContent":"Рачно"},"sync-frequency-15min":{"textContent":"15 мин"},"sync-frequency-30min":{"textContent":"30 мин"},"sync-frequency-hourly":{"textContent":"Секој час"},"none":"Нема","remind-me":"Потсети ме","from-time":"Од:","to-time":"До:","alarm-at-event-standard":"Во времето на настанот","alarm-at-event-allday":"На денот на настанот","alarm-start-notice":"{{title}} почнува {{distance}}","alarm-started-notice":"{{title}} почна {{distance}}","minutes-before":{"_index":["plural","value"],"_":{"few":"{{value}} минути претходно","many":"{{value}} минути претходно","one":"1 минута претходно","other":"{{value}} минути претходно","two":"{{value}} минути претходно","zero":"0 минути претходно"}},"hours-before":{"_index":["plural","value"],"_":{"few":"{{value}} часа претходно","many":"{{value}} часа претходно","one":"1 час претходно","other":"{{value}} часа претходно","two":"{{value}} часа претходно","zero":"0 часови претходно"}},"days-before":{"_index":["plural","value"],"_":{"few":"{{value}} дена претходно","many":"{{value}} дена претходно","one":"1 ден претходно","other":"{{value}} дена претходно","two":"{{value}} дена претходно","zero":"0 денови претходно"}},"weeks-before":{"_index":["plural","value"],"_":{"few":"{{value}} недели претходно","many":"{{value}} недели претходно","one":"1 недела претходно","other":"{{value}} недели претходно","two":"{{value}} недели претходно","zero":"0 недели претходно"}},"months-before":{"_index":["plural","value"],"_":{"few":"{{value}} месеци претходно","many":"{{value}} месеци претходно","one":"1 месец претходно","other":"{{value}} месеци претходно","two":"{{value}} месеци претходно","zero":"0 месеци претходно"}},"years-before":{"_index":["plural","value"],"_":{"few":"{{value}} години претходно","many":"{{value}} години претходно","one":"1 година претходно","other":"{{value}} години претходно","two":"{{value}} години претходно","zero":"0 години претходно"}},"minutes-after":{"_index":["plural","value"],"_":{"zero":"сега","one":"за 1 минута","two":"за {{value}} минути","few":"за {{value}} минути","many":"за {{value}} минути","other":"за {{value}} минути"}},"hours-after":{"_index":["plural","value"],"_":{"zero":"сега","one":"за 1 час","two":"за {{value}} часа","few":"за {{value}} часа","many":"за {{value}} часови","other":"за {{value}} часови"}},"days-after":{"_index":["plural","value"],"_":{"zero":"денес","one":"утре","two":"за {{value}} дена","few":"за {{value}} дена","many":"за {{value}} денови","other":"за {{value}} денови"}},"weeks-after":{"_index":["plural","value"],"_":{"zero":"оваа седмица","one":"следната седмици","two":"за {{value}} седмици","few":"за {{value}} седмици","many":"за {{value}} седмици","other":"за {{value}} седмици"}},"months-after":{"_index":["plural","value"],"_":{"zero":"овој месец","one":"следниот месец","two":"за {{value}} месеци","few":"за {{value}} месеци","many":"за {{value}} месеци","other":"за {{value}} месеци"}},"years-after":{"_index":["plural","value"],"_":{"zero":"оваа година","one":"следната година","two":"за {{value}} години","few":"за {{value}} години","many":"за {{value}} години","other":"за {{value}} години"}},"hour-format":"%I %p","hour-allday":"Цел ден","month-view-header-format":"%B %Y","multi-month-view-header-format":"%b %Y","day-view-header-format":"%A %e %B","error-start-after-end":"Датумот на завршување мора да биде по датумот на почеток","error-unauthenticated":"Погрешно корисничко име или лозинка","error-internal-server-error":"Грешка на серверот. Проверете го Вашето корисничко име или лозинка и обидете се повторно.","error-default":"Нешто е погрешно. Обидете се повторно подоцна.","error-offline":"Нема интернет врска. Проверете ја Вашата мрежна врска и обидете се повторно.","error-account-exist":"Оваа сметка веќе постои.","notification-error-sync-title":"Грешка во синхронизирањето на календарот","notification-error-sync-description":"Притиснете за повеќе информации","weekday-0-long":"Недела","weekday-1-long":"Понеделник","weekday-2-long":"Вторник","weekday-3-long":"Среда","weekday-4-long":"Четврток","weekday-5-long":"Петок","weekday-6-long":"Сабота","weekday-0-short":"Нед","weekday-1-short":"Пон","weekday-2-short":"Вто","weekday-3-short":"Сре","weekday-4-short":"Чет","weekday-5-short":"Пет","weekday-6-short":"Саб","month-0-long":"јануари","month-1-long":"февруари","month-2-long":"март","month-3-long":"април","month-4-long":"мај","month-5-long":"јуни","month-6-long":"јули","month-7-long":"август","month-8-long":"септември","month-9-long":"октомври","month-10-long":"ноември","month-11-long":"декември","month-0-genitive":"јануари","month-1-genitive":"февруари","month-2-genitive":"март","month-3-genitive":"април","month-4-genitive":"мај","month-5-genitive":"јуни","month-6-genitive":"јули","month-7-genitive":"август","month-8-genitive":"септември","month-9-genitive":"октомври","month-10-genitive":"ноември","month-11-genitive":"декември","month-0-short":"јан","month-1-short":"фев","month-2-short":"мар","month-3-short":"апр","month-4-short":"мај","month-5-short":"јун","month-6-short":"јул","month-7-short":"авг","month-8-short":"сеп","month-9-short":"окт","month-10-short":"ное","month-11-short":"дек","minutes-ago-long":{"_index":["plural","value"],"_":{"zero":"сега","one":"пред една минута","two":"пред {{value}} минути","few":"пред {{value}} минути","many":"пред {{value}} минути","other":"пред {{value}} минути"}},"hours-ago-long":{"_index":["plural","value"],"_":{"zero":"сега","one":"пред еден час","two":"пред {{value}} часа","few":"пред {{value}} часа","many":"пред {{value}} часови","other":"пред {{value}} часови"}},"days-ago-long":{"_index":["plural","value"],"_":{"zero":"денес","one":"вчера","two":"пред {{value}} дена","few":"пред {{value}} дена","many":"пред {{value}} денови","other":"пред {{value}} денови"}},"weeks-ago-long":{"_index":["plural","value"],"_":{"zero":"оваа недела","one":"минатата недела","two":"пред {{value}} недели","few":"пред {{value}} недели","many":"пред {{value}} недели","other":"пред {{value}} недели"}},"months-ago-long":{"_index":["plural","value"],"_":{"zero":"овој месец","one":"минатиот месец","two":"пред {{value}} месеци","few":"пред {{value}} месеци","many":"пред {{value}} месеци","other":"пред {{value}} месеци"}},"years-ago-long":{"_index":["plural","value"],"_":{"zero":"оваа година","one":"минатата година","two":"пред {{value}} години","few":"пред {{value}} години","many":"пред {{value}} години","other":"пред {{value}} години"}},"minutes-until-long":{"_index":["plural","value"],"_":{"zero":"сега","one":"за една минута","two":"за {{value}} минути","few":"за {{value}} минути","many":"за {{value}} минути","other":"за {{value}} минути"}},"hours-until-long":{"_index":["plural","value"],"_":{"zero":"сега","one":"за еден час","two":"за {{value}} часа","few":"за {{value}} часа","many":"за {{value}} часови","other":"за {{value}} часови"}},"days-until-long":{"_index":["plural","value"],"_":{"zero":"денес","one":"утре","two":"за {{value}} дена","few":"за {{value}} дена","many":"за {{value}} денови","other":"за {{value}} денови"}},"weeks-until-long":{"_index":["plural","value"],"_":{"zero":"оваа седмица","one":"следната седмица","two":"за {{value}} седмици","few":"за {{value}} седмици","many":"за {{value}} седмици","other":"за {{value}} седмици"}},"months-until-long":{"_index":["plural","value"],"_":{"zero":"овој месец","one":"следниот месец","two":"за {{value}} месеци","few":"за {{value}} месеци","many":"за {{value}} месеци","other":"за {{value}} месеци"}},"years-until-long":{"_index":["plural","value"],"_":{"zero":"оваа година","one":"следната година","two":"за {{value}} години","few":"за {{value}} години","many":"за {{value}} години","other":"за {{value}} години"}},"minutes-ago-short":{"_index":["plural","value"],"_":{"zero":"сега","other":"пред {{value}}m"}},"hours-ago-short":{"_index":["plural","value"],"_":{"zero":"сега","other":"пред {{value}}h"}},"days-ago-short":{"_index":["plural","value"],"_":{"zero":"денес","other":"пред {{value}}d"}},"minutes-until-short":{"_index":["plural","value"],"_":{"zero":"сега","other":"за {{value}}m"}},"hours-until-short":{"_index":["plural","value"],"_":{"zero":"сега","other":"за {{value}}h"}},"days-until-short":{"_index":["plural","value"],"_":{"zero":"денес","other":"за {{value}}d"}},"incorrectDate":"(неточен датум)","dateTimeFormat_%c":"%a %b %e %Y %H:%M:%S","dateTimeFormat_%x":"%d/%m/%Y","dateTimeFormat_%X":"%H:%M:%S","shortTimeFormat":"%H:%M","shortDateTimeFormat":"%x %H:%M","weekStartsOnMonday":"1","time_am":"AM","time_pm":"PM"}