{"back":"Undur","save":"Simpan","hide":"Sembunyi","cancel":"Batal","confirm":"Pasti","done":"Selesai","events":"Acara","edit":"Sunting","allday-events":"Acara Sepanjang Hari","hint-swipe-action":"Leret","hint-swipe-to-navigate":"untuk navigasi antara tarikh kalendar.","show-today":"Hari ini","show-month-view":"Bulan","show-week-view":"Minggu","show-day-view":"Hari","settings-show":"Tetapan","settings-hide":"Sembunyi tetapan","add-account":"Tambah akaun","new-event":"Tambah acara","add-event-header":"Acara","account-header":"Akaun","account-list-header":"Akaun","settings-header":"Kalendar","advanced-settings":"Tetapan kalendar","advanced-settings-header":"Tetapan Kalendar","advanced-settings-personalization":"Personalisasi","advanced-settings-reminders":"Peringatan","field-user":{"placeholder":"Nama pengguna"},"field-password":{"placeholder":"Kata laluan"},"field-full-url":{"placeholder":"URL"},"modify-account-setting-up":"Sila tunggu sementara akaun anda ditetapkan","modify-account-unable-to-sync":"Tidak dapat disync","modify-account-sign-in":"Daftar masuk","preset-caldav":"CalDav","preset-yahoo":"Yahoo!","preset-google":"Google","preset-local":"Kalendar luar talian","preset-mozilla":"Mozilla Zimbra","calendar-local":"Kalendar luar talian","event-title":{"placeholder":"Tajuk"},"event-location":{"placeholder":"Dimana?"},"event-description":{"placeholder":"Nota"},"event-is-allday":"Acara sepanjang hari?","event-start-date":{"placeholder":"Tarikh mula"},"event-end-date":{"placeholder":"Tarikh akhir"},"event-start-time":{"placeholder":"Masa mula"},"event-end-time":{"placeholder":"Masa akhir"},"event-delete":"Hapus acara","remove-account-data":"Hapus data tempatan","remove-account-dialog":"Hapus akaun","remove-account-dialog-details":"Menghapus akaun ini juga akan membuang salinan tempatan andayang berkaitan dengan kalendar dan acara.","sync-frequency":"Sync Kalendar","sync-frequency-manual":{"textContent":"Secara Manual"},"sync-frequency-15min":{"textContent":"15 minit"},"sync-frequency-30min":{"textContent":"30 minit"},"sync-frequency-hourly":{"textContent":"Setiap jam"},"none":"Tiada","remind-me":"Ingatkan saya","from-time":"Dari: ","to-time":"Ke: ","alarm-at-event-standard":"Pada masa acara","alarm-at-event-allday":"Pada hari acara","alarm-start-notice":"{{title}} memulakan {{distance}}","alarm-started-notice":"{{title}} telah bermula {{distance}}","minutes-before":{"_index":["plural","value"],"_":{"zero":"0 minit sebelum","one":"1 minit sebelum","two":"{{value}} minit sebelum","few":"{{value}} minit sebelum","many":"{{value}} minit sebelum","other":"{{value}} minit sebelum"}},"hours-before":{"_index":["plural","value"],"_":{"zero":"0 jam sebelum","one":"1 jam sebelum","two":"{{value}} jam sebelumnya","few":"{{value}} jam sebelumnya","many":"{{value}} jam sebelumnya","other":"{{value}} jam sebelumnya"}},"days-before":{"_index":["plural","value"],"_":{"zero":"0 hari sebelumnya","one":"1 hari sebelumnya","two":"{{value}} hari sebelumnya","few":"{{value}} hari sebelumnya","many":"{{value}} hari sebelumnya","other":"{{value}} hari sebelumnya"}},"weeks-before":{"_index":["plural","value"],"_":{"zero":"0 minggu sebelumnya","one":"1 minggu sebelumnya","two":"{{value}} minggu sebelumnya","few":"{{value}} minggu sebelumnya","many":"{{value}} minggu sebelumnya","other":"{{value}} minggu sebelumnya"}},"months-before":{"_index":["plural","value"],"_":{"zero":"0 bulan sebelumnya","one":"1 bulan sebelumnya","two":"{{value}} bulan sebelumnya","few":"{{value}} bulan sebelumnya","many":"{{value}} bulan sebelumnya","other":"{{value}} bulan sebelumnya"}},"years-before":{"_index":["plural","value"],"_":{"zero":"0 tahun sebelumnya","one":"1 tahun sebelumnya","two":"{{value}} tahun sebelumnya","few":"{{value}} tahun sebelumnya","many":"{{value}} tahun sebelumnya","other":"{{value}} tahun sebelumnya"}},"minutes-after":{"_index":["plural","value"],"_":{"zero":"0 minit selepas","one":"1 minit selepas","two":"{{value}} minit selepas","few":"{{value}} minit selepas","many":"{{value}} minit selepas","other":"{{value}} minit selepas"}},"hours-after":{"_index":["plural","value"],"_":{"zero":"0 jam selepas","one":"1 jam selepas","two":"{{value}} jam selepas","few":"{{value}} jam selepas","many":"{{value}} jam selepas","other":"{{value}} jam selepas"}},"days-after":{"_index":["plural","value"],"_":{"zero":"0 hari selepas","one":"1 hari selepas","two":"{{value}} hari selepas","few":"{{value}} hari selepas","many":"{{value}} hari selepas","other":"{{value}} hari selepas"}},"weeks-after":{"_index":["plural","value"],"_":{"zero":"0 minggu selepas","one":"1 minggu selepas","two":"{{value}} minggu selepas","few":"{{value}} minggu selepas","many":"{{value}} minggu selepas","other":"{{value}} minggu selepas"}},"months-after":{"_index":["plural","value"],"_":{"zero":"0 bulan selepas","one":"1 bulan selepas","two":"{{value}} bulan selepas","few":"{{value}} bulan selepas","many":"{{value}} bulan selepas","other":"{{value}} bulan selepas"}},"years-after":{"_index":["plural","value"],"_":{"zero":"0 tahun selepas","one":"1 tahun selepas","two":"{{value}} tahun selepas","few":"{{value}} tahun selepas","many":"{{value}} tahun selepas","other":"{{value}} tahun selepas"}},"hour-format":"%I %p","hour-allday":"Sepanjang Hari","month-view-header-format":"%B %Y","multi-month-view-header-format":"%b %Y","day-view-header-format":"%b %e, %A","error-start-after-end":"Tarikh akhir mesti datang selepas tarikh mula","error-unauthenticated":"Salah log masuk dan/atau kata laluan","error-internal-server-error":"Ralat pelayan. Periksa log masuk anda dan cuba lagi.","error-default":"Sesuatu yang tidak kena. Cuba lagi kemudian.","error-offline":"Tiada sambungan. Periksa konfigurasi rangkaian anda dan cuba lagi.","error-account-exist":"Akaun ini telah wujud.","notification-error-sync-title":"Ralat sync Kalendar","notification-error-sync-description":"Sentuh untuk maklumat lanjut","weekday-0-long":"Ahad","weekday-1-long":"Isnin","weekday-2-long":"Selasa","weekday-3-long":"Rabu","weekday-4-long":"Khamis","weekday-5-long":"Jumaat","weekday-6-long":"Sabtu","weekday-0-short":"Ahad","weekday-1-short":"Isnin","weekday-2-short":"Selasa","weekday-3-short":"Rabu","weekday-4-short":"Khamis","weekday-5-short":"Jumaat","weekday-6-short":"Sabtu","month-0-long":"Januari","month-1-long":"Februari","month-2-long":"Mac","month-3-long":"April","month-4-long":"Mei","month-5-long":"Jun","month-6-long":"Julai","month-7-long":"Ogos","month-8-long":"September","month-9-long":"Oktober","month-10-long":"November","month-11-long":"Disember","month-0-genitive":"Januari","month-1-genitive":"Februari","month-2-genitive":"Mac","month-3-genitive":"April","month-4-genitive":"Mei","month-5-genitive":"Jun","month-6-genitive":"Julai","month-7-genitive":"Ogos","month-8-genitive":"September","month-9-genitive":"Oktober","month-10-genitive":"November","month-11-genitive":"Disember","month-0-short":"Jan","month-1-short":"Feb","month-2-short":"Mac","month-3-short":"Apr","month-4-short":"Mei","month-5-short":"Jun","month-6-short":"Jul","month-7-short":"Ogos","month-8-short":"Sep","month-9-short":"Okt","month-10-short":"Nov","month-11-short":"Dis","minutes-ago-long":{"_index":["plural","value"],"_":{"zero":"sebentar tadi","one":"satu minit lalu","two":"{{value}} minit lalu","few":"{{value}} minit lalu","many":"{{value}} minit lalu","other":"{{value}} minit lalu"}},"hours-ago-long":{"_index":["plural","value"],"_":{"zero":"sebentar tadi","one":"sejam yang lalu","two":"{{value}} jam lalu","few":"{{value}} jam lalu","many":"{{value}} jam lalu","other":"{{value}} jam lalu"}},"days-ago-long":{"_index":["plural","value"],"_":{"zero":"hari ini","one":"semalam","two":"{{value}} hari lalu","few":"{{value}} hari lalu","many":"{{value}} hari lalu","other":"{{value}} hari lalu"}},"weeks-ago-long":{"_index":["plural","value"],"_":{"zero":"minggu ini","one":"minggu lalu","two":"{{value}} minggu lalu","few":"{{value}} minggu lalu","many":"{{value}} minggu lalu","other":"{{value}} minggu lalu"}},"months-ago-long":{"_index":["plural","value"],"_":{"zero":"bulan ini","one":"bulan lalu","two":"{{value}} bulan lalu","few":"{{value}} bulan lalu","many":"{{value}} minit lalu","other":"{{value}} minit lalu"}},"years-ago-long":{"_index":["plural","value"],"_":{"zero":"tahun ini","one":"tahun lalu","two":"{{value}} tahun lalu","few":"{{value}} tahun lalu","many":"{{value}} tahun lalu","other":"{{value}} tahun lalu"}},"minutes-until-long":{"_index":["plural","value"],"_":{"zero":"sekarang","one":"dalam satu minit","two":"dalam {{value}} minit","few":"dalam {{value}} minit","many":"dalam {{value}} minit","other":"dalam {{value}} minit"}},"hours-until-long":{"_index":["plural","value"],"_":{"zero":"sekarang","one":"dalam satu jam","two":"dalam {{value}} jam","few":"dalam {{value}} jam","many":"dalam {{value}} jam","other":"dalam {{value}} jam"}},"days-until-long":{"_index":["plural","value"],"_":{"zero":"hari ini","one":"esok","two":"dalam {{value}} hari","few":"dalam {{value}} hari","many":"dalam {{value}} hari","other":"dalam {{value}} hari"}},"weeks-until-long":{"_index":["plural","value"],"_":{"zero":"minggu ini","one":"minggu depan","two":"dalam {{value}} minggu","few":"dalam {{value}} minggu","many":"dalam {{value}} minggu","other":"dalam {{value}} minggu"}},"months-until-long":{"_index":["plural","value"],"_":{"zero":"bulan ini","one":"bulan depan","two":"dalam {{value}} bulan","few":"dalam {{value}} bulan","many":"dalam {{value}} bulan","other":"dalam {{value}} bulan"}},"years-until-long":{"_index":["plural","value"],"_":{"zero":"tahun ini","one":"tahun depan","two":"dalam {{value}} tahun","few":"dalam {{value}} tahun","many":"dalam {{value}} tahun","other":"dalam {{value}} tahun"}},"minutes-ago-short":{"_index":["plural","value"],"_":{"zero":"sebentar tadi","other":"{{value}} minit lalu"}},"hours-ago-short":{"_index":["plural","value"],"_":{"zero":"sebentar tadi","other":"{{value}} jam lalu"}},"days-ago-short":{"_index":["plural","value"],"_":{"zero":"hari ini","other":"{{value}} hari lalu"}},"minutes-until-short":{"_index":["plural","value"],"_":{"zero":"sekarang","other":"dalam {{value}} minit"}},"hours-until-short":{"_index":["plural","value"],"_":{"zero":"sekarang","other":"dalam {{value}} jam"}},"days-until-short":{"_index":["plural","value"],"_":{"zero":"hari ini","other":"dalam {{value}} hari"}},"incorrectDate":"(tarikh tidak betul)","dateTimeFormat_%c":"%a %b %e %Y %I:%M:%S %p","dateTimeFormat_%x":"%m/%d/%Y","dateTimeFormat_%X":"%I:%M:%S %p","shortTimeFormat":"%I:%M %p","shortDateTimeFormat":"%x %I:%M %p","weekStartsOnMonday":"0","time_am":"PG","time_pm":"PTG"}