{"back":"पछाडि","save":"बचत गर्नुहोस्","hide":"लुकाउनुहोस्","cancel":"रद्द गर्नुहोस्","confirm":"यकिन गर्नुहोस्","done":"भयो","events":"घटनाहरू","edit":"सम्पादन गर्नुहोस्","allday-events":"दिनका सबै घटना?","hint-swipe-action":"स्वाट्ट","hint-swipe-to-navigate":"पात्रोका मितीहरु बिच चल्नुहोस्।","show-today":"आज","show-month-view":"महिना","show-week-view":"हप्ता","show-day-view":"दिन","settings-show":"सेटिङहरू","settings-hide":"सेटिङहरू लुकाउनुहोस्","add-account":"खाता थप्नुहोस्","new-event":"घटना थप्नुहोस्","add-event-header":"घटना","account-header":"खाता","account-list-header":"खाताहरू","settings-header":"पात्रोहरू","advanced-settings":"पात्रोको सेटिङहरू","advanced-settings-header":"पात्रोको सेटिङहरू","advanced-settings-personalization":"निजीकरण","advanced-settings-reminders":"सचेतकहरु","field-user":{"placeholder":"प्रयोगकर्ता नाम"},"field-password":{"placeholder":"पासवर्ड"},"field-full-url":{"placeholder":"यु आर एल"},"modify-account-setting-up":"कृपया तपाईँको खाता सेट नभएसम्म प्रतिक्षा गर्नुहोस्","modify-account-unable-to-sync":"समक्रमण गर्न असमर्थ","modify-account-sign-in":"साइन इन","preset-caldav":"CalDav","preset-yahoo":"याहू!","preset-google":"गुगल","preset-local":"अफलाइन पात्रो","preset-mozilla":"मोजिल्ला जिम्ब्रा","calendar-local":"अफलाइन पात्रो","event-title":{"placeholder":"शीर्षक"},"event-location":{"placeholder":"कत्ता?"},"event-description":{"placeholder":"टिप्पणीहरू"},"event-is-allday":"सबै दिनका घटना?","event-start-date":{"placeholder":"सुरुआत मिति"},"event-end-date":{"placeholder":"अन्त्य मिति"},"event-start-time":{"placeholder":"सुरु समय"},"event-end-time":{"placeholder":"अन्तिम समय"},"event-delete":"घटना मेट्नुहोस्","remove-account-data":"स्थानीय डेटा हटाउनुहोस्","remove-account-dialog":"खाता हटाउनुहोस्","remove-account-dialog-details":"यो खाता हटाउँदा तपाईँको सम्बन्धित पात्रो र घटनाहरुको स्थानीय प्रतिलिपि पनि हट्नेछ।","sync-frequency":"पात्रो समक्रमण गर्नुहोस्","sync-frequency-manual":{"textContent":"म्यानुअल तरिकाले"},"sync-frequency-15min":{"textContent":"१५ मिनेट"},"sync-frequency-30min":{"textContent":"३० मिनेट"},"sync-frequency-hourly":{"textContent":"प्रत्येक घण्टा"},"none":"कुनै पनि होइन","remind-me":"मलाई सचेत गर्नुहोस्","from-time":"बाट: ","to-time":"सम्म: ","alarm-at-event-standard":"घटनाको समयमा","alarm-at-event-allday":"घटनाको दिनमा","alarm-start-notice":"{{distance}}मा {{title}} सुरु हुने","alarm-started-notice":"{{title}} सुरु गरियो {{distance}}","minutes-before":{"_index":["plural","value"],"_":{"zero":"० मिनेट अघी","one":"१ मिनेट अघी","two":"{{value}} मिनेट अघी","few":"{{value}} मिनेट अघी","many":"{{value}} मिनेट अघी","other":"{{value}} मिनेट अघी"}},"hours-before":{"_index":["plural","value"],"_":{"zero":"० घण्टा अघी","one":"१ घण्टा अघी","two":"{{value}} घण्टा अघी","few":"{{value}} घण्टा अघी","many":"{{value}} घण्टा अघी","other":"{{value}} घण्टा अघि"}},"days-before":{"_index":["plural","value"],"_":{"zero":"० दिन अघि","one":"१ दिन अगाडि","two":"{{value}} दिन अघि","few":"{{value}} दिन अगाडि","many":"{{value}} दिन अगाडि","other":"{{value}} दिन अगाडि"}},"weeks-before":{"_index":["plural","value"],"_":{"zero":"० हप्ता अगाडि","one":"१ हप्ता अघि","two":"{{value}} हप्ता अघी","few":"{{value}} हप्ता अघी","many":"{{value}} हप्ता अघी","other":"{{value}} हप्ता अघी"}},"months-before":{"_index":["plural","value"],"_":{"zero":"० महिना अघी","one":"१ महिना अघी","two":"{{value}} महिना अघी","few":"{{value}} महिना अगाडि","many":"{{value}} महिना अगाडि","other":"{{value}} महिना अगाडि"}},"years-before":{"_index":["plural","value"],"_":{"zero":"० वर्ष अगाडि","one":"१ वर्ष अगाडि","two":"{{value}} वर्ष अगाडि","few":"{{value}} वर्ष अगाडि","many":"{{value}} वर्ष अगाडि","other":"{{value}} बर्ष अघी"}},"minutes-after":{"_index":["plural","value"],"_":{"zero":"० मिनेट पछी","one":"१ मिनेट पछी","two":"{{value}} मिनेट पछी","few":"{{value}} मिनेट पछी","many":"{{value}} मिनेट पछी","other":"{{value}} मिनेट पछी"}},"hours-after":{"_index":["plural","value"],"_":{"zero":"० घण्टा पछि","one":"१ घण्टा पछि","two":"{{value}} घण्टा पछि","few":"{{value}} घण्टा पछि","many":"{{value}} घण्टा पछि","other":"{{value}} घण्टा पछि"}},"days-after":{"_index":["plural","value"],"_":{"zero":"० दिन पछि","one":"१ दिन पछि","two":"{{value}} दिन पछी","few":"{{value}} दिन पछी","many":"{{value}} दिन पछी","other":"{{value}} दिन पछी"}},"weeks-after":{"_index":["plural","value"],"_":{"zero":"० हप्ता पछी","one":"१ हप्ता पछी","two":"{{value}} हप्ता पछी","few":"{{value}} हप्ता पछी","many":"{{value}} हप्ता पछि","other":"{{value}} हप्ता पछि"}},"months-after":{"_index":["plural","value"],"_":{"zero":"० महिना पछि","one":"१ महिना पछि","two":"{{value}} महिना पछि","few":"{{value}} महिना पछि","many":"{{value}} महिना पछी","other":"{{value}} महिना पछी"}},"years-after":{"_index":["plural","value"],"_":{"zero":"० बर्ष पछी","one":"१ बर्ष पछी","two":"{{value}} बर्ष पछी","few":"{{value}} बर्ष पछी","many":"{{value}} बर्ष पछी","other":"{{value}} बर्ष पछी"}},"hour-format":"%I %p","hour-allday":"सबै दिन","month-view-header-format":"%B %Y","multi-month-view-header-format":"%b %Y","day-view-header-format":"%b %e, %A","error-start-after-end":"समाप्ति मिति सुरुआत मिति भन्दा पछि आउनुपर्छ","error-unauthenticated":"गलत लगइन र/वा पासवर्ड","error-internal-server-error":"सर्भर त्रुटि।तपाईँको लगइन जाँच्नुहोस् र पुन: प्रयास गर्नुहोस् ।","error-default":"केही कुरा गलत छ।पछि पुन: प्रयास गर्नुहोस् ।","error-offline":"जडान छैन।तपाईको जडान कन्फिगरेसन जाँच्नुहोस् र फेरि प्रयास गर्नुहोस्।","error-account-exist":"यस खाता पहिले नै अवस्थित छ।","notification-error-sync-title":"पात्रो समक्रमण त्रुटि","notification-error-sync-description":"थप जानकारीका लागि थिच्नुहोस्","weekday-0-long":"आइतबार","weekday-1-long":"सोमबार","weekday-2-long":"मंगलबार","weekday-3-long":"बुधबार","weekday-4-long":"बिहिबार","weekday-5-long":"शुक्रबार","weekday-6-long":"शनिबार","weekday-0-short":"आइत","weekday-1-short":"सोम","weekday-2-short":"मङ्गल","weekday-3-short":"बुध","weekday-4-short":"बिहि","weekday-5-short":"शुक्र","weekday-6-short":"शनि","month-0-long":"जनवरी","month-1-long":"फेब्रुअरी","month-2-long":"ंमार्च","month-3-long":"अप्रिल","month-4-long":"मे","month-5-long":"जुन","month-6-long":"जुलाई","month-7-long":"अगस्ट","month-8-long":"सेप्टेम्बर","month-9-long":"अक्टोबर","month-10-long":"नोभेम्बर","month-11-long":"डिसेम्बर","month-0-genitive":"जनवरी","month-1-genitive":"फेब्रुअरी","month-2-genitive":"ंमार्च","month-3-genitive":"अप्रिल","month-4-genitive":"मे","month-5-genitive":"जुन","month-6-genitive":"जुलाई","month-7-genitive":"अगस्ट","month-8-genitive":"सेप्टेम्बर","month-9-genitive":"अक्टोबर","month-10-genitive":"नोभेम्बर","month-11-genitive":"डिसेम्बर","month-0-short":"जन","month-1-short":"फेब","month-2-short":"मार्च","month-3-short":"अप्रिल","month-4-short":"मे","month-5-short":"जुन","month-6-short":"जुलाई","month-7-short":"अगस्ट","month-8-short":"सेप्टेम्वर","month-9-short":"अक्टुवर","month-10-short":"नोभेम्वर","month-11-short":"डिसेम्वर","minutes-ago-long":{"_index":["plural","value"],"_":{"zero":"भर्खरै","one":"एक मिनेट अगाडि","two":"{{value}} मिनेट अगाडि","few":"{{value}} मिनेट अगाडि","many":"{{value}} मिनेट अगाडि","other":"{{value}} मिनेट अगाडि"}},"hours-ago-long":{"_index":["plural","value"],"_":{"zero":"भर्खरै","one":"एक घन्टा अगाडि","two":"{{value}} घण्टा अगाडि","few":"{{value}} घण्टा अगाडि","many":"{{value}} घण्टा अगाडि","other":"{{value}} घण्टा अगाडि"}},"days-ago-long":{"_index":["plural","value"],"_":{"zero":"आज","one":"हिजो","two":"{{value}} दिन अगाडि","few":"{{value}} दिन अगाडि","many":"{{value}} दिन अगाडि","other":"{{value}} दिन अगाडि"}},"weeks-ago-long":{"_index":["plural","value"],"_":{"zero":"यो हप्ता","one":"गएको हप्ता","two":"{{value}} हप्ता अगाडि","few":"{{value}} हप्ता अगाडि","many":"{{value}} हप्ता अगाडि","other":"{{value}} हप्ता अगाडि"}},"months-ago-long":{"_index":["plural","value"],"_":{"zero":"यो महिना","one":"गएको महिना","two":"{{value}} महिना अगाडि","few":"{{value}} महिना अगाडि","many":"{{value}} महिना अगाडि","other":"{{value}} महिना अगाडि"}},"years-ago-long":{"_index":["plural","value"],"_":{"zero":"यो वर्ष","one":"अघिल्लो वर्ष","two":"{{value}} वर्ष अगाडि","few":"{{value}} वर्ष अगाडि","many":"{{value}} वर्ष अगाडि","other":"{{value}} वर्ष अगाडि"}},"minutes-until-long":{"_index":["plural","value"],"_":{"zero":"अहिले","one":"एक मिनेटमा","two":"{{value}} मिनेटमा","few":"{{value}} मिनेटमा","many":"{{value}} मिनेटमा","other":"{{value}} मिनेटमा"}},"hours-until-long":{"_index":["plural","value"],"_":{"zero":"अहिले","one":"एक घण्टामा","two":"{{value}} घण्टामा","few":"{{value}} घण्टामा","many":"{{value}} घण्टामा","other":"{{value}} घण्टामा"}},"days-until-long":{"_index":["plural","value"],"_":{"zero":"आज","one":"भोलि","two":"{{value}} दिनमा","few":"{{value}} दिनमा","many":"{{value}} दिनमा","other":"{{value}} दिनमा"}},"weeks-until-long":{"_index":["plural","value"],"_":{"zero":"यो हप्ता","one":"पछिल्लो हप्ता","two":"{{value}} हप्तामा","few":"{{value}} हप्तामा","many":"{{value}} हप्तामा","other":"{{value}} हप्तामा"}},"months-until-long":{"_index":["plural","value"],"_":{"zero":"यस महिना","one":"पछिल्लो महिना","two":"{{value}} महिनामा","few":"{{value}} महिनामा","many":"{{value}} महिनामा","other":"{{value}} महिनामा"}},"years-until-long":{"_index":["plural","value"],"_":{"zero":"यस बर्ष","one":"आर्को बर्ष","two":"{{value}} बर्षमा","few":"{{value}} बर्षमा","many":"{{value}} वर्षमा","other":"{{value}} वर्षमा"}},"minutes-ago-short":{"_index":["plural","value"],"_":{"zero":"भर्खरै","other":"{{value}}मिनेट अघि"}},"hours-ago-short":{"_index":["plural","value"],"_":{"zero":"भर्खरै","other":"{{value}}घण्टा अघि"}},"days-ago-short":{"_index":["plural","value"],"_":{"zero":"आज","other":"{{value}}दिन अघि"}},"minutes-until-short":{"_index":["plural","value"],"_":{"zero":"अहिले","other":"{{value}}मिनेटमा"}},"hours-until-short":{"_index":["plural","value"],"_":{"zero":"अहिले","other":"{{value}}घण्टामा"}},"days-until-short":{"_index":["plural","value"],"_":{"zero":"आज","other":"{{value}}दिनमा"}},"incorrectDate":"(गलत मिति)","dateTimeFormat_%c":"%a %b %e %Y %I:%M:%S %p","dateTimeFormat_%x":"%m/%d/%Y","dateTimeFormat_%X":"%I:%M:%S %p","shortTimeFormat":"%I:%M %p","shortDateTimeFormat":"%x %I:%M %p","weekStartsOnMonday":"0","time_am":"ए एम","time_pm":"पी एम"}