{"back":"Wstecz","save":"Zapisz","hide":"Ukryj","cancel":"Anuluj","confirm":"Potwierdź","done":"Gotowe","events":"Wydarzenia","edit":"Edytuj","allday-events":"Wydarzenia całodzienne","hint-swipe-action":"Przesuń palcem","hint-swipe-to-navigate":", aby przejść do innej daty.","show-today":"Dzisiaj","show-month-view":"Miesiąc","show-week-view":"Tydzień","show-day-view":"Dzień","settings-show":"Ustawienia","settings-hide":"Ukryj ustawienia","add-account":"Dodaj konto","new-event":"Dodaj wydarzenie","add-event-header":"Wydarzenie","account-header":"Konto","account-list-header":"Konta","settings-header":"Kalendarze","advanced-settings":"Ustawienia kalendarza","advanced-settings-header":"Kalendarze","advanced-settings-personalization":"Personalizacja","advanced-settings-reminders":"Przypomnienia","field-user":{"placeholder":"Nazwa użytkownika"},"field-password":{"placeholder":"Hasło"},"field-full-url":{"placeholder":"Adres URL"},"modify-account-setting-up":"Konfigurowanie konta…","modify-account-unable-to-sync":"Nie udało się zsynchronizować","modify-account-sign-in":"Zaloguj się","preset-caldav":"CalDav","preset-yahoo":"Yahoo!","preset-google":"Google","preset-local":"Kalendarz offline","preset-mozilla":"Mozilla Zimbra","calendar-local":"Kalendarz offline","event-title":{"placeholder":"Nazwa"},"event-location":{"placeholder":"Miejsce"},"event-description":{"placeholder":"Notatki"},"event-is-allday":"Wydarzenie trwa cały dzień?","event-start-date":{"placeholder":"Data rozpoczęcia"},"event-end-date":{"placeholder":"Data zakończenia"},"event-start-time":{"placeholder":"Czas rozpoczęcia"},"event-end-time":{"placeholder":"Czas zakończenia"},"event-delete":"Usuń wydarzenie","remove-account-data":"Usuń lokalne dane","remove-account-dialog":"Usuń konto","remove-account-dialog-details":"Usunięcie tego konta spowoduje również usunięcie lokalnej kopii skojarzonych kalendarzy i wydarzeń.","sync-frequency":"Synchronizuj","sync-frequency-manual":{"textContent":"Ręcznie"},"sync-frequency-15min":{"textContent":"Co 15 min."},"sync-frequency-30min":{"textContent":"Co 30 min."},"sync-frequency-hourly":{"textContent":"Co godzinę"},"none":"Brak","remind-me":"Przypomnienie","from-time":"Od:","to-time":"Do:","alarm-at-event-standard":"O czasie","alarm-at-event-allday":"W dniu wydarzenia","alarm-start-notice":"Wydarzenie „{{title}}” zaczyna się {{distance}}","alarm-started-notice":"Wydarzenie „{{title}}” zaczęło się o {{distance}}","minutes-before":{"_index":["plural","value"],"_":{"zero":"0 minut przed","one":"Minutę przed","two":"Dwie minuty przed","few":"{{value}} minuty przed","many":"{{value}} minut przed","other":"{{value}} minut przed"}},"hours-before":{"_index":["plural","value"],"_":{"zero":"0 godzin przed","one":"Godzinę przed","two":"Dwie godziny przed","few":"{{value}} godziny przed","many":"{{value}} godzin przed","other":"{{value}} godzin przed"}},"days-before":{"_index":["plural","value"],"_":{"zero":"0 dni przed","one":"Dzień przed","two":"Dwa dni przed","few":"{{value}} dni przed","many":"{{value}} dni przed","other":"{{value}} dni przed"}},"weeks-before":{"_index":["plural","value"],"_":{"zero":"0 tygodni przed","one":"Tydzień przed","two":"Dwa tygodnie przed","few":"{{value}} tygodnie przed","many":"{{value}} tygodni przed","other":"{{value}} tygodni przed"}},"months-before":{"_index":["plural","value"],"_":{"zero":"0 miesięcy przed","one":"Miesiąc przed","two":"Dwa miesiące przed","few":"{{value}} miesiące przed","many":"{{value}} miesięcy przed","other":"{{value}} miesięcy przed"}},"years-before":{"_index":["plural","value"],"_":{"zero":"0 lat przed","one":"Rok przed","two":"Dwa lata przed","few":"{{value}} lata przed","many":"{{value}} lat przed","other":"{{value}} lat przed"}},"minutes-after":{"_index":["plural","value"],"_":{"zero":"0 minut po","one":"Minutę po","two":"Dwie minuty po","few":"{{value}} minuty po","many":"{{value}} minut po","other":"{{value}} minut po"}},"hours-after":{"_index":["plural","value"],"_":{"zero":"0 godzin po","one":"Godzinę po","two":"Dwie godziny po","few":"{{value}} godziny po","many":"{{value}} godzin po","other":"{{value}} godzin po"}},"days-after":{"_index":["plural","value"],"_":{"zero":"0 dni po","one":"Dzień po","two":"dwa dni po","few":"{{value}} dni po","many":"{{value}} dni po","other":"{{value}} dni po"}},"weeks-after":{"_index":["plural","value"],"_":{"zero":"0 tygodni po","one":"Tydzień po","two":"Dwa tygodnie po","few":"{{value}} tygodnie po","many":"{{value}} tygodni po","other":"{{value}} tygodni po"}},"months-after":{"_index":["plural","value"],"_":{"zero":"0 miesięcy po","one":"Miesiąc po","two":"Dwa miesiące po","few":"{{value}} miesiące po","many":"{{value}} miesięcy po","other":"{{value}} miesięcy po"}},"years-after":{"_index":["plural","value"],"_":{"zero":"0 lat po","one":"Rok po","two":"Dwa lata po","few":"{{value}} lata po","many":"{{value}} lat po","other":"{{value}} lat po"}},"hour-format":"%H","hour-allday":"Cały dzień","month-view-header-format":"%B %Y","multi-month-view-header-format":"%b %Y","day-view-header-format":"%a %e %Eb","error-start-after-end":"Data zakończenia musi następować po dacie rozpoczęcia","error-unauthenticated":"Błędna nazwa użytkownika lub hasło","error-internal-server-error":"Błąd serwera. Sprawdź dane logowania i spróbuj ponownie.","error-default":"Coś poszło nie tak. Spróbuj ponownie później.","error-offline":"Brak połączenia. Sprawdź konfigurację sieci i spróbuj ponownie.","error-account-exist":"To konto już zostało dodane.","notification-error-sync-title":"Błąd synchronizacji kalendarza","notification-error-sync-description":"Więcej informacji","weekday-0-long":"Niedziela","weekday-1-long":"Poniedziałek","weekday-2-long":"Wtorek","weekday-3-long":"Środa","weekday-4-long":"Czwartek","weekday-5-long":"Piątek","weekday-6-long":"Sobota","weekday-0-short":"Nd","weekday-1-short":"Pn","weekday-2-short":"Wt","weekday-3-short":"Śr","weekday-4-short":"Cz","weekday-5-short":"Pt","weekday-6-short":"Sb","month-0-long":"Styczeń","month-1-long":"Luty","month-2-long":"Marzec","month-3-long":"Kwiecień","month-4-long":"Maj","month-5-long":"Czerwiec","month-6-long":"Lipiec","month-7-long":"Sierpień","month-8-long":"Wrzesień","month-9-long":"Październik","month-10-long":"Listopad","month-11-long":"Grudzień","month-0-genitive":"stycznia","month-1-genitive":"lutego","month-2-genitive":"marca","month-3-genitive":"kwietnia","month-4-genitive":"maja","month-5-genitive":"czerwca","month-6-genitive":"lipca","month-7-genitive":"sierpnia","month-8-genitive":"września","month-9-genitive":"października","month-10-genitive":"listopada","month-11-genitive":"grudnia","month-0-short":"sty","month-1-short":"lut","month-2-short":"mar","month-3-short":"kwi","month-4-short":"maj","month-5-short":"cze","month-6-short":"lip","month-7-short":"sie","month-8-short":"wrz","month-9-short":"paź","month-10-short":"lis","month-11-short":"gru","minutes-ago-long":{"_index":["plural","value"],"_":{"zero":"w tym momencie","one":"przed minutą","two":"dwie minuty temu","few":"{{value}} minuty temu","many":"{{value}} minut temu","other":"{{value}} minut temu"}},"hours-ago-long":{"_index":["plural","value"],"_":{"zero":"w tej godzinie","one":"godzinę temu","two":"dwie godziny temu","few":"{{value}} godziny temu","many":"{{value}} godzin temu","other":"{{value}} godzin temu"}},"days-ago-long":{"_index":["plural","value"],"_":{"zero":"dzisiaj","one":"wczoraj","two":"przedwczoraj","few":"{{value}} dni temu","many":"{{value}} dni temu","other":"{{value}} dni temu"}},"weeks-ago-long":{"_index":["plural","value"],"_":{"zero":"w tym tygodniu","one":"w zeszłym tygodniu","two":"dwa tygodnie temu","few":"{{value}} tygodnie temu","many":"{{value}} tygodni temu","other":"{{value}} tygodni temu"}},"months-ago-long":{"_index":["plural","value"],"_":{"zero":"w tym miesiącu","one":"w zeszłym miesiącu","two":"dwa miesiące temu","few":"{{value}} miesiące temu","many":"{{value}} miesięcy temu","other":"{{value}} miesięcy temu"}},"years-ago-long":{"_index":["plural","value"],"_":{"zero":"w tym roku","one":"w zeszłym roku","two":"dwa lata temu","few":"{{value}} lata temu","many":"{{value}} lat temu","other":"{{value}} lat temu"}},"minutes-until-long":{"_index":["plural","value"],"_":{"zero":"teraz","one":"za minutę","two":"za dwie minuty","few":"za {{value}} minuty","many":"za {{value}} minut","other":"za {{value}} minut"}},"hours-until-long":{"_index":["plural","value"],"_":{"zero":"teraz","one":"za godzinę","two":"za dwie godziny","few":"za {{value}} godziny","many":"za {{value}} godzin","other":"za {{value}} godzin"}},"days-until-long":{"_index":["plural","value"],"_":{"zero":"dzisiaj","one":"jutro","two":"za dwa dni","few":"za {{value}} dni","many":"za {{value}} dni","other":"za {{value}} dni"}},"weeks-until-long":{"_index":["plural","value"],"_":{"zero":"w tym tygodniu","one":"w przyszłym tygodniu","two":"za dwa tygodnie","few":"za {{value}} tygodnie","many":"za {{value}} tygodni","other":"za {{value}} tygodni"}},"months-until-long":{"_index":["plural","value"],"_":{"zero":"w tym miesiącu","one":"w przyszłym miesiącu","two":"za dwa miesiące","few":"za {{value}} miesiące","many":"za {{value}} miesięcy","other":"za {{value}} miesięcy"}},"years-until-long":{"_index":["plural","value"],"_":{"zero":"w tym roku","one":"w przyszłym roku","two":"za dwa lata","few":"za {{value}} lata","many":"za {{value}} lat","other":"za {{value}} lat"}},"minutes-ago-short":{"_index":["plural","value"],"_":{"zero":"teraz","other":"{{value}} min temu"}},"hours-ago-short":{"_index":["plural","value"],"_":{"zero":"teraz","other":"{{value}} godz. temu"}},"days-ago-short":{"_index":["plural","value"],"_":{"zero":"dzisiaj","other":"{{value}} dni temu"}},"minutes-until-short":{"_index":["plural","value"],"_":{"zero":"teraz","other":"za {{value}} min"}},"hours-until-short":{"_index":["plural","value"],"_":{"zero":"teraz","other":"za {{value}} godz."}},"days-until-short":{"_index":["plural","value"],"_":{"zero":"dzisiaj","other":"za {{value}} dni"}},"incorrectDate":"(nieprawidłowa data)","dateTimeFormat_%c":"%a, %e %b %Y, %H:%M:%S","dateTimeFormat_%x":"%e.%m.%Y","dateTimeFormat_%X":"%H:%M:%S","shortTimeFormat":"%H:%M","shortDateTimeFormat":"%x %H:%M","weekStartsOnMonday":"1","time_am":"AM","time_pm":"PM"}