{"back":"Назад","save":"Сними","hide":"Сакриј","cancel":"Откажи","confirm":"Потврди","done":"Завршено","events":"Догађаји","edit":"Измени","allday-events":"Целодневни догађаји","hint-swipe-action":"Превуците","hint-swipe-to-navigate":"да бисте се кретали између датума.","show-today":"Данас","show-month-view":"Месец","show-week-view":"Недеља","show-day-view":"Дан","settings-show":"Поставке","settings-hide":"Сакриј поставке","add-account":"Додај налог","new-event":"Додај догађај","add-event-header":"Догађај","account-header":"Налог","account-list-header":"Налози","settings-header":"Календари","advanced-settings":"Поставке календара","advanced-settings-header":"Поставке","advanced-settings-personalization":"Персонализација","advanced-settings-reminders":"Подсетници","field-user":{"placeholder":"Корисничко име"},"field-password":{"placeholder":"Лозинка"},"field-full-url":{"placeholder":"URL"},"modify-account-setting-up":"Молим Вас сачекајте док се Ваш налог подешава","modify-account-unable-to-sync":"Немогуће је синхронизовати","modify-account-sign-in":"Пријави се","preset-caldav":"CalDav","preset-yahoo":"Yahoo!","preset-google":"Google","preset-local":"Календар ван мреже","preset-mozilla":"Mozilla Zimbra","calendar-local":"Календар ван мреже","event-title":{"placeholder":"Наслов"},"event-location":{"placeholder":"Где?"},"event-description":{"placeholder":"Белешке"},"event-is-allday":"Целодневни догађај?","event-start-date":{"placeholder":"Датум почетка"},"event-end-date":{"placeholder":"Датум завршетка"},"event-start-time":{"placeholder":"Време почетка"},"event-end-time":{"placeholder":"Време завршетка"},"event-delete":"Обриши догађај","remove-account-data":"Уклони локалне податке","remove-account-dialog":"Уклони налог","remove-account-dialog-details":"Уклањањем овог налога ћете такође уклонити локалну копију повезаних календара и догађаја.","sync-frequency":"Синхронизуј календар","sync-frequency-manual":{"textContent":"Ручно"},"sync-frequency-15min":{"textContent":"15 мин."},"sync-frequency-30min":{"textContent":"30 мин."},"sync-frequency-hourly":{"textContent":"Сваки сат"},"none":"Ниједан","remind-me":"Подсети ме","from-time":"Од: ","to-time":"За: ","alarm-at-event-standard":"За време догађаја","alarm-at-event-allday":"На дан догађаја","alarm-start-notice":"{{title}} почиње за {{distance}}","alarm-started-notice":"{{title}} је почео {{distance}}","minutes-before":{"_index":["plural","value"],"_":{"zero":"0 минута пре","one":"1 минут пре","two":"{{value}} минута пре","few":"{{value}} минута пре","many":"{{value}} минута пре","other":"{{value}} минута пре"}},"hours-before":{"_index":["plural","value"],"_":{"zero":"0 сати пре","one":"1 сат пре","two":"{{value}} сата пре","few":"{{value}} сати пре","many":"{{value}} сати пре","other":"{{value}} сати пре"}},"days-before":{"_index":["plural","value"],"_":{"zero":"0 дана пре","one":"1 дан пре","two":"{{value}} дана пре","few":"{{value}} дана пре","many":"{{value}} дана пре","other":"{{value}} дана пре"}},"weeks-before":{"_index":["plural","value"],"_":{"zero":"0 недеља пре","one":"1 недељу пре","two":"{{value}} недеље пре","few":"{{value}} недеља пре","many":"{{value}} недеља пре","other":"{{value}} недеља пре"}},"months-before":{"_index":["plural","value"],"_":{"zero":"0 месеци пре","one":"1 месец пре","two":"{{value}} месеца пре","few":"{{value}} месеци пре","many":"{{value}} месеци пре","other":"{{value}} месеци пре"}},"years-before":{"_index":["plural","value"],"_":{"zero":"0 година пре","one":"1 годину пре","two":"{{value}} године пре","few":"{{value}} година пре","many":"{{value}} година пре","other":"{{value}} година пре"}},"minutes-after":{"_index":["plural","value"],"_":{"zero":"0 минута после","one":"1 минут после","two":"{{value}} минута после","few":"{{value}} минута после","many":"{{value}} минута после","other":"{{value}} минута после"}},"hours-after":{"_index":["plural","value"],"_":{"zero":"0 сати после","one":"1 сат после","two":"{{value}} сата после","few":"{{value}} сати после","many":"{{value}} сати после","other":"{{value}} сати после"}},"days-after":{"_index":["plural","value"],"_":{"zero":"0 дана после","one":"1 дан после","two":"{{value}} дана после","few":"{{value}} дана после","many":"{{value}} дана после","other":"{{value}} дана после"}},"weeks-after":{"_index":["plural","value"],"_":{"zero":"0 недеља после","one":"1 недељу после","two":"{{value}} недеље после","few":"{{value}} недеља после","many":"{{value}} недеља после","other":"{{value}} недеља после"}},"months-after":{"_index":["plural","value"],"_":{"zero":"0 месеци после","one":"1 месец после","two":"{{value}} месеца после","few":"{{value}} месеци после","many":"{{value}} месеци после","other":"{{value}} месеци после"}},"years-after":{"_index":["plural","value"],"_":{"zero":"0 година после","one":"1 годину после","two":"{{value}} године после","few":"{{value}} година после","many":"{{value}} година после","other":"{{value}} година после"}},"hour-format":"%H","hour-allday":"Цео дан","month-view-header-format":"%b %Y","multi-month-view-header-format":"%b %Y","day-view-header-format":"%a, %e %B ","error-start-after-end":"Датум завршетка мора бити након датума почетка","error-unauthenticated":"Погрешно корисничко име и/или лозинка","error-internal-server-error":"Грешка на серверу. Проверите податке за пријављивање и покушајте поново.","error-default":"Нешто није у реду. Покушајте мало касније.","error-offline":"Нема везе. Проверите конфигурацију Ваше мреже и покушајте поново.","error-account-exist":"Овај налог већ постоји.","notification-error-sync-title":"Грешка при синхронизацији календара","notification-error-sync-description":"Притисните за више информација","weekday-0-long":"Недеља","weekday-1-long":"Понедељак","weekday-2-long":"Уторак","weekday-3-long":"Среда","weekday-4-long":"Четвртак","weekday-5-long":"Петак","weekday-6-long":"Субота","weekday-0-short":"Нед","weekday-1-short":"Пон","weekday-2-short":"Уто","weekday-3-short":"Сре","weekday-4-short":"Чет","weekday-5-short":"Пет","weekday-6-short":"Суб","month-0-long":"јануар","month-1-long":"фебруар","month-2-long":"март","month-3-long":"април","month-4-long":"мај","month-5-long":"јун","month-6-long":"јул","month-7-long":"август","month-8-long":"септембар","month-9-long":"октобар","month-10-long":"новембар","month-11-long":"децембар","month-0-genitive":"јануара","month-1-genitive":"фебруара","month-2-genitive":"марта","month-3-genitive":"априла","month-4-genitive":"маја","month-5-genitive":"јуна","month-6-genitive":"јула","month-7-genitive":"августа","month-8-genitive":"септембра","month-9-genitive":"октобра","month-10-genitive":"новембра","month-11-genitive":"децембра","month-0-short":"јан","month-1-short":"феб","month-2-short":"мар","month-3-short":"апр","month-4-short":"мај","month-5-short":"јун","month-6-short":"јул","month-7-short":"авг","month-8-short":"сеп","month-9-short":"окт","month-10-short":"нов","month-11-short":"дец","minutes-ago-long":{"_index":["plural","value"],"_":{"zero":"управо","one":"пре минут","two":"пре {{value}} минута","few":"пре {{value}} минута","many":"пре {{value}} минута","other":"пре {{value}} минута"}},"hours-ago-long":{"_index":["plural","value"],"_":{"zero":"управо","one":"пре сат времена","two":"пре {{value}} сата","few":"пре {{value}} сати","many":"пре {{value}} сати","other":"пре {{value}} сати"}},"days-ago-long":{"_index":["plural","value"],"_":{"zero":"данас","one":"јуче","two":"пре {{value}} дана","few":"пре {{value}} дана","many":"пре {{value}} дана","other":"пре {{value}} дана"}},"weeks-ago-long":{"_index":["plural","value"],"_":{"zero":"ове недеље","one":"прошле недеље","two":"пре {{value}} недеље","few":"пре {{value}} недеља","many":"пре {{value}} недеља","other":"пре {{value}} недеља"}},"months-ago-long":{"_index":["plural","value"],"_":{"zero":"овог месеца","one":"прошлог месеца","two":"пре {{value}} месеца","few":"пре {{value}} месеци","many":"пре {{value}} месеци","other":"пре {{value}} месеци"}},"years-ago-long":{"_index":["plural","value"],"_":{"zero":"ове године","one":"прошле године","two":"пре {{value}} године","few":"пре {{value}} година","many":"пре {{value}} година","other":"пре {{value}} година"}},"minutes-until-long":{"_index":["plural","value"],"_":{"zero":"управо","one":"за један минут","two":"за {{value}} минута","few":"за {{value}} минута","many":"за {{value}} минута","other":"за {{value}} минута"}},"hours-until-long":{"_index":["plural","value"],"_":{"zero":"управо","one":"за сат времена","two":"за {{value}} сата","few":"за {{value}} сати","many":"за {{value}} сати","other":"за {{value}} сати"}},"days-until-long":{"_index":["plural","value"],"_":{"zero":"данас","one":"сутра","two":"за {{value}} дана","few":"за {{value}} дана","many":"за {{value}} дана","other":"за {{value}} дана"}},"weeks-until-long":{"_index":["plural","value"],"_":{"zero":"ове недеље","one":"следеће недеље","two":"за {{value}} недеље","few":"за {{value}} недеља","many":"за {{value}} недеља","other":"за {{value}} недеља"}},"months-until-long":{"_index":["plural","value"],"_":{"zero":"овог месеца","one":"следећег месеца","two":"за {{value}} месеца","few":"за {{value}} месеци","many":"за {{value}} месеци","other":"за {{value}} месеци"}},"years-until-long":{"_index":["plural","value"],"_":{"zero":"ове године","one":"следеће године","two":"за {{value}} године","few":"за {{value}} година","many":"за {{value}} година","other":"за {{value}} година"}},"minutes-ago-short":{"_index":["plural","value"],"_":{"zero":"управо","other":"пре {{value}}м"}},"hours-ago-short":{"_index":["plural","value"],"_":{"zero":"управо","other":"пре {{value}}с"}},"days-ago-short":{"_index":["plural","value"],"_":{"zero":"данас","other":"пре {{value}}д"}},"minutes-until-short":{"_index":["plural","value"],"_":{"zero":"управо","other":"за {{value}}м"}},"hours-until-short":{"_index":["plural","value"],"_":{"zero":"управо","other":"за {{value}}с"}},"days-until-short":{"_index":["plural","value"],"_":{"zero":"данас","other":"за {{value}}д"}},"incorrectDate":"(нетачан датум)","dateTimeFormat_%c":"%a %e %b %Y %H:%M:%S","dateTimeFormat_%x":"%d.%m.%Y","dateTimeFormat_%X":"%H:%M:%S","shortTimeFormat":"%H:%M","shortDateTimeFormat":"%x %H:%M","weekStartsOnMonday":"1","time_am":"AM","time_pm":"PM"}