{"back":"Nazad","save":"Snimi","hide":"Sakrij","cancel":"Otkaži","confirm":"Potvrdi","done":"Završeno","events":"Događaji","edit":"Izmeni","allday-events":"Celodnevni događaji","hint-swipe-action":"Prevucite","hint-swipe-to-navigate":"da biste se kretali između datuma.","show-today":"Danas","show-month-view":"Mesec","show-week-view":"Nedelja","show-day-view":"Dan","settings-show":"Postavke","settings-hide":"Sakrij postavke","add-account":"Dodaj nalog","new-event":"Dodaj događaj","add-event-header":"Događaj","account-header":"Nalog","account-list-header":"Nalozi","settings-header":"Kalendari","advanced-settings":"Postavke kalendara","advanced-settings-header":"Postavke","advanced-settings-personalization":"Personalizacija","advanced-settings-reminders":"Podsetnici","field-user":{"placeholder":"Korisničko ime"},"field-password":{"placeholder":"Lozinka"},"field-full-url":{"placeholder":"URL"},"modify-account-setting-up":"Molim Vas sačekajte dok se Vaš nalog podešava","modify-account-unable-to-sync":"Nemoguće je sinhronizovati","modify-account-sign-in":"Prijavi se","preset-caldav":"CalDav","preset-yahoo":"Yahoo!","preset-google":"Google","preset-local":"Kalendar van mreže","preset-mozilla":"Mozilla Zimbra","calendar-local":"Kalendar van mreže","event-title":{"placeholder":"Naslov"},"event-location":{"placeholder":"Gde?"},"event-description":{"placeholder":"Beleške"},"event-is-allday":"Celodnevni događaj?","event-start-date":{"placeholder":"Datum početka"},"event-end-date":{"placeholder":"Datum završetka"},"event-start-time":{"placeholder":"Vreme početka"},"event-end-time":{"placeholder":"Vreme završetka"},"event-delete":"Obriši događaj","remove-account-data":"Ukloni lokalne podatke","remove-account-dialog":"Ukloni nalog","remove-account-dialog-details":"Uklanjanjem ovog naloga ćete takođe ukloniti lokalnu kopiju povezanih kalendara i događaja.","sync-frequency":"Sinhronizuj kalendar","sync-frequency-manual":{"textContent":"Ručno"},"sync-frequency-15min":{"textContent":"15 min."},"sync-frequency-30min":{"textContent":"30 min."},"sync-frequency-hourly":{"textContent":"Svaki sat"},"none":"Nijedan","remind-me":"Podseti me","from-time":"Od: ","to-time":"Za: ","alarm-at-event-standard":"Za vreme događaja","alarm-at-event-allday":"Na dan događaja","alarm-start-notice":"{{title}} počinje za {{distance}}","alarm-started-notice":"{{title}} je počeo {{distance}}","minutes-before":{"_index":["plural","value"],"_":{"zero":"0 minuta pre","one":"1 minut pre","two":"{{value}} minuta pre","few":"{{value}} minuta pre","many":"{{value}} minuta pre","other":"{{value}} minuta pre"}},"hours-before":{"_index":["plural","value"],"_":{"zero":"0 sati pre","one":"1 sat pre","two":"{{value}} sata pre","few":"{{value}} sati pre","many":"{{value}} sati pre","other":"{{value}} sati pre"}},"days-before":{"_index":["plural","value"],"_":{"zero":"0 dana pre","one":"1 dan pre","two":"{{value}} dana pre","few":"{{value}} dana pre","many":"{{value}} dana pre","other":"{{value}} dana pre"}},"weeks-before":{"_index":["plural","value"],"_":{"zero":"0 nedelja pre","one":"1 nedelju pre","two":"{{value}} nedelje pre","few":"{{value}} nedelja pre","many":"{{value}} nedelja pre","other":"{{value}} nedelja pre"}},"months-before":{"_index":["plural","value"],"_":{"zero":"0 meseci pre","one":"1 mesec pre","two":"{{value}} meseca pre","few":"{{value}} meseci pre","many":"{{value}} meseci pre","other":"{{value}} meseci pre"}},"years-before":{"_index":["plural","value"],"_":{"zero":"0 godina pre","one":"1 godinu pre","two":"{{value}} godine pre","few":"{{value}} godina pre","many":"{{value}} godina pre","other":"{{value}} godina pre"}},"minutes-after":{"_index":["plural","value"],"_":{"zero":"0 minuta posle","one":"1 minut posle","two":"{{value}} minuta posle","few":"{{value}} minuta posle","many":"{{value}} minuta posle","other":"{{value}} minuta posle"}},"hours-after":{"_index":["plural","value"],"_":{"zero":"0 sati posle","one":"1 sat posle","two":"{{value}} sata posle","few":"{{value}} sati posle","many":"{{value}} sati posle","other":"{{value}} sati posle"}},"days-after":{"_index":["plural","value"],"_":{"zero":"0 dana posle","one":"1 dan posle","two":"{{value}} dana posle","few":"{{value}} dana posle","many":"{{value}} dana posle","other":"{{value}} dana posle"}},"weeks-after":{"_index":["plural","value"],"_":{"zero":"0 nedelja posle","one":"1 nedelju posle","two":"{{value}} nedelje posle","few":"{{value}} nedelja posle","many":"{{value}} nedelja posle","other":"{{value}} nedelja posle"}},"months-after":{"_index":["plural","value"],"_":{"zero":"0 meseci posle","one":"1 mesec posle","two":"{{value}} meseca posle","few":"{{value}} meseci posle","many":"{{value}} meseci posle","other":"{{value}} meseci posle"}},"years-after":{"_index":["plural","value"],"_":{"zero":"0 godina posle","one":"1 godinu posle","two":"{{value}} godine posle","few":"{{value}} godina posle","many":"{{value}} godina posle","other":"{{value}} godina posle"}},"hour-format":"%H","hour-allday":"Ceo dan","month-view-header-format":"%b %Y","multi-month-view-header-format":"%b %Y","day-view-header-format":"%a, %e %B ","error-start-after-end":"Datum završetka mora biti nakon datuma početka","error-unauthenticated":"Pogrešno korisničko ime i/ili lozinka","error-internal-server-error":"Greška na serveru. Proverite podatke za prijavljivanje i pokušajte ponovo.","error-default":"Nešto nije u redu. Pokušajte malo kasnije.","error-offline":"Nema veze. Proverite konfiguraciju Vaše mreže i pokušajte ponovo.","error-account-exist":"Ovaj nalog već postoji.","notification-error-sync-title":"Greška pri sinhronizaciji kalendara","notification-error-sync-description":"Pritisnite za više informacija","weekday-0-long":"Nedelja","weekday-1-long":"Ponedeljak","weekday-2-long":"Utorak","weekday-3-long":"Sreda","weekday-4-long":"Četvrtak","weekday-5-long":"Petak","weekday-6-long":"Subota","weekday-0-short":"Ned","weekday-1-short":"Pon","weekday-2-short":"Uto","weekday-3-short":"Sre","weekday-4-short":"Čet","weekday-5-short":"Pet","weekday-6-short":"Sub","month-0-long":"januar","month-1-long":"februar","month-2-long":"mart","month-3-long":"april","month-4-long":"maj","month-5-long":"jun","month-6-long":"jul","month-7-long":"avgust","month-8-long":"septembar","month-9-long":"oktobar","month-10-long":"novembar","month-11-long":"decembar","month-0-genitive":"januara","month-1-genitive":"februara","month-2-genitive":"marta","month-3-genitive":"aprila","month-4-genitive":"maja","month-5-genitive":"juna","month-6-genitive":"jula","month-7-genitive":"avgusta","month-8-genitive":"septembra","month-9-genitive":"oktobra","month-10-genitive":"novembra","month-11-genitive":"decembra","month-0-short":"jan","month-1-short":"feb","month-2-short":"mar","month-3-short":"apr","month-4-short":"maj","month-5-short":"jun","month-6-short":"jul","month-7-short":"avg","month-8-short":"sep","month-9-short":"okt","month-10-short":"nov","month-11-short":"dec","minutes-ago-long":{"_index":["plural","value"],"_":{"zero":"upravo","one":"pre minut","two":"pre {{value}} minuta","few":"pre {{value}} minuta","many":"pre {{value}} minuta","other":"pre {{value}} minuta"}},"hours-ago-long":{"_index":["plural","value"],"_":{"zero":"upravo","one":"pre sat vremena","two":"pre {{value}} sata","few":"pre {{value}} sati","many":"pre {{value}} sati","other":"pre {{value}} sati"}},"days-ago-long":{"_index":["plural","value"],"_":{"zero":"danas","one":"juče","two":"pre {{value}} dana","few":"pre {{value}} dana","many":"pre {{value}} dana","other":"pre {{value}} dana"}},"weeks-ago-long":{"_index":["plural","value"],"_":{"zero":"ove nedelje","one":"prošle nedelje","two":"pre {{value}} nedelje","few":"pre {{value}} nedelja","many":"pre {{value}} nedelja","other":"pre {{value}} nedelja"}},"months-ago-long":{"_index":["plural","value"],"_":{"zero":"ovog meseca","one":"prošlog meseca","two":"pre {{value}} meseca","few":"pre {{value}} meseci","many":"pre {{value}} meseci","other":"pre {{value}} meseci"}},"years-ago-long":{"_index":["plural","value"],"_":{"zero":"ove godine","one":"prošle godine","two":"pre {{value}} godine","few":"pre {{value}} godina","many":"pre {{value}} godina","other":"pre {{value}} godina"}},"minutes-until-long":{"_index":["plural","value"],"_":{"zero":"upravo","one":"za jedan minut","two":"za {{value}} minuta","few":"za {{value}} minuta","many":"za {{value}} minuta","other":"za {{value}} minuta"}},"hours-until-long":{"_index":["plural","value"],"_":{"zero":"upravo","one":"za sat vremena","two":"za {{value}} sata","few":"za {{value}} sati","many":"za {{value}} sati","other":"za {{value}} sati"}},"days-until-long":{"_index":["plural","value"],"_":{"zero":"danas","one":"sutra","two":"za {{value}} dana","few":"za {{value}} dana","many":"za {{value}} dana","other":"za {{value}} dana"}},"weeks-until-long":{"_index":["plural","value"],"_":{"zero":"ove nedelje","one":"sledeće nedelje","two":"za {{value}} nedelje","few":"za {{value}} nedelja","many":"za {{value}} nedelja","other":"za {{value}} nedelja"}},"months-until-long":{"_index":["plural","value"],"_":{"zero":"ovog meseca","one":"sledećeg meseca","two":"za {{value}} meseca","few":"za {{value}} meseci","many":"za {{value}} meseci","other":"za {{value}} meseci"}},"years-until-long":{"_index":["plural","value"],"_":{"zero":"ove godine","one":"sledeće godine","two":"za {{value}} godine","few":"za {{value}} godina","many":"za {{value}} godina","other":"za {{value}} godina"}},"minutes-ago-short":{"_index":["plural","value"],"_":{"zero":"upravo","other":"pre {{value}}m"}},"hours-ago-short":{"_index":["plural","value"],"_":{"zero":"upravo","other":"pre {{value}}s"}},"days-ago-short":{"_index":["plural","value"],"_":{"zero":"danas","other":"pre {{value}}d"}},"minutes-until-short":{"_index":["plural","value"],"_":{"zero":"upravo","other":"za {{value}}m"}},"hours-until-short":{"_index":["plural","value"],"_":{"zero":"upravo","other":"za {{value}}s"}},"days-until-short":{"_index":["plural","value"],"_":{"zero":"danas","other":"za {{value}}d"}},"incorrectDate":"(netačan datum)","dateTimeFormat_%c":"%a %e %b %Y %H:%M:%S","dateTimeFormat_%x":"%d.%m.%Y","dateTimeFormat_%X":"%H:%M:%S","shortTimeFormat":"%H:%M","shortDateTimeFormat":"%x %H:%M","weekStartsOnMonday":"1","time_am":"AM","time_pm":"PM"}