{"back":"Geri","save":"Kaydet","hide":"Gizle","cancel":"İptal","confirm":"Onayla","done":"Bitti","events":"Etkinlikler","edit":"Düzenle","allday-events":"Tam günlük etkinlikler","hint-swipe-action":"Kaydırarak","hint-swipe-to-navigate":"takvim tarihleri arasında gezinebilirsiniz.","show-today":"Bugün","show-month-view":"Ay","show-week-view":"Hafta","show-day-view":"Gün","settings-show":"Ayarlar","settings-hide":"Ayarları gizle","add-account":"Bir hesap ekle","new-event":"Etkinlik ekle","add-event-header":"Etkinlik","account-header":"Hesap","account-list-header":"Hesaplar","settings-header":"Takvimler","advanced-settings":"Takvim ayarları","advanced-settings-header":"Takvim Ayarları","advanced-settings-personalization":"Kişiselleştirme","advanced-settings-reminders":"Hatırlatıcılar","field-user":{"placeholder":"Kullanıcı adı"},"field-password":{"placeholder":"Parola"},"field-full-url":{"placeholder":"URL"},"modify-account-setting-up":"Lütfen hesabınız ayarlanırken bekleyin","modify-account-unable-to-sync":"Eşitlenemedi","modify-account-sign-in":"Giriş","preset-caldav":"CalDav","preset-yahoo":"Yahoo!","preset-google":"Google","preset-local":"Çevrimdışı takvim","preset-mozilla":"Mozilla Zimbra","calendar-local":"Çevrimdışı takvim","event-title":{"placeholder":"Başlık"},"event-location":{"placeholder":"Nerede?"},"event-description":{"placeholder":"Notlar"},"event-is-allday":"Tam günlük etkinlik mi?","event-start-date":{"placeholder":"Başlangıç tarihi"},"event-end-date":{"placeholder":"Bitiş tarihi"},"event-start-time":{"placeholder":"Başlangıç saati"},"event-end-time":{"placeholder":"Bitiş saati"},"event-delete":"Etkinliği sil","remove-account-data":"Yerel verileri kaldır","remove-account-dialog":"Hesabı kaldır","remove-account-dialog-details":"Bu hesabı kaldırmak aynı zamanda ilgili takvim ve etkinliklere ait yerel kopyalarınızı da kaldıracaktır.","sync-frequency":"Takvimi eşitle","sync-frequency-manual":{"textContent":"Elle"},"sync-frequency-15min":{"textContent":"15 dk"},"sync-frequency-30min":{"textContent":"30 dk"},"sync-frequency-hourly":{"textContent":"Her saat"},"none":"Yok","remind-me":"Bana hatırlat","from-time":"Başlangıç: ","to-time":"Bitiş: ","alarm-at-event-standard":"Etkinlik anında","alarm-at-event-allday":"Etkinlik gününde","alarm-start-notice":"{{title}} {{distance}} içinde başlıyor","alarm-started-notice":"{{title}} {{distance}} başladı","minutes-before":{"_index":["plural","value"],"_":{"zero":"0 dakika önce","one":"1 dakika önce","two":"{{value}} dakika önce","few":"{{value}} dakika önce","many":"{{value}} dakika önce","other":"{{value}} dakika önce"}},"hours-before":{"_index":["plural","value"],"_":{"zero":"0 saat önce","one":"1 saat önce","two":"{{value}} saat önce","few":"{{value}} saat önce","many":"{{value}} saat önce","other":"{{value}} saat önce"}},"days-before":{"_index":["plural","value"],"_":{"zero":"0 gün önce","one":"1 gün önce","two":"{{value}} gün önce","few":"{{value}} gün önce","many":"{{value}} gün önce","other":"{{value}} gün önce"}},"weeks-before":{"_index":["plural","value"],"_":{"zero":"0 hafta önce","one":"1 hafta önce","two":"{{value}} hafta önce","few":"{{value}} hafta önce","many":"{{value}} hafta önce","other":"{{value}} hafta önce"}},"months-before":{"_index":["plural","value"],"_":{"zero":"0 ay önce","one":"1 ay önce","two":"{{value}} ay önce","few":"{{value}} ay önce","many":"{{value}} ay önce","other":"{{value}} ay önce"}},"years-before":{"_index":["plural","value"],"_":{"zero":"0 yıl önce","one":"1 yıl önce","two":"{{value}} yıl önce","few":"{{value}} yıl önce","many":"{{value}} yıl önce","other":"{{value}} yıl önce"}},"minutes-after":{"_index":["plural","value"],"_":{"zero":"0 dakika sonra","one":"1 dakika sonra","two":"{{value}} dakika sonra","few":"{{value}} dakika sonra","many":"{{value}} dakika sonra","other":"{{value}} dakika sonra"}},"hours-after":{"_index":["plural","value"],"_":{"zero":"0 saat sonra","one":"1 saat sonra","two":"{{value}} saat sonra","few":"{{value}} saat sonra","many":"{{value}} saat sonra","other":"{{value}} saat sonra"}},"days-after":{"_index":["plural","value"],"_":{"zero":"0 gün sonra","one":"1 gün sonra","two":"{{value}} gün sonra","few":"{{value}} gün sonra","many":"{{value}} gün sonra","other":"{{value}} gün sonra"}},"weeks-after":{"_index":["plural","value"],"_":{"zero":"0 hafta sonra","one":"1 hafta sonra","two":"{{value}} hafta sonra","few":"{{value}} hafta sonra","many":"{{value}} hafta sonra","other":"{{value}} hafta sonra"}},"months-after":{"_index":["plural","value"],"_":{"zero":"0 ay sonra","one":"1 ay sonra","two":"{{value}} ay sonra","few":"{{value}} ay sonra","many":"{{value}} ay sonra","other":"{{value}} ay sonra"}},"years-after":{"_index":["plural","value"],"_":{"zero":"0 yıl sonra","one":"1 yıl sonra","two":"{{value}} yıl sonra","few":"{{value}} yıl sonra","many":"{{value}} yıl sonra","other":"{{value}} yıl sonra"}},"hour-format":"%H","hour-allday":"Tüm Gün","month-view-header-format":"%B %Y","multi-month-view-header-format":"%b %Y","day-view-header-format":"%e %b %A","error-start-after-end":"Bitiş tarihi başlama tarihinde sonra olmalıdır","error-unauthenticated":"Yanlış kullanıcı adı ve/veya parola","error-internal-server-error":"Sunucu hatası. Giriş bilgilerinizi kontrol edip tekrar deneyin.","error-default":"Yanlış giden bir şey var. Daha sonra tekrar deneyin.","error-offline":"Bağlantı yok. Ağ yapılandırmanızı kontrol edin ve tekrar deneyin.","error-account-exist":"Bu hesap zaten var.","notification-error-sync-title":"Takvim eşitleme hatası","notification-error-sync-description":"Daha fazla bilgi için dokun","weekday-0-long":"Pazar","weekday-1-long":"Pazartesi","weekday-2-long":"Salı","weekday-3-long":"Çarşamba","weekday-4-long":"Perşembe","weekday-5-long":"Cuma","weekday-6-long":"Cumartesi","weekday-0-short":"Pzr","weekday-1-short":"Pzt","weekday-2-short":"Sal","weekday-3-short":"Çar","weekday-4-short":"Per","weekday-5-short":"Cum","weekday-6-short":"Cmt","month-0-long":"Ocak","month-1-long":"Şubat","month-2-long":"Mart","month-3-long":"Nisan","month-4-long":"Mayıs","month-5-long":"Haziran","month-6-long":"Temmuz","month-7-long":"Ağustos","month-8-long":"Eylül","month-9-long":"Ekim","month-10-long":"Kasım","month-11-long":"Aralık","month-0-genitive":"Ocak","month-1-genitive":"Şubat","month-2-genitive":"Mart","month-3-genitive":"Nisan","month-4-genitive":"Mayıs","month-5-genitive":"Haziran","month-6-genitive":"Temmuz","month-7-genitive":"Ağustos","month-8-genitive":"Eylül","month-9-genitive":"Ekim","month-10-genitive":"Kasım","month-11-genitive":"Aralık","month-0-short":"Oca","month-1-short":"Şub","month-2-short":"Mar","month-3-short":"Nis","month-4-short":"May","month-5-short":"Haz","month-6-short":"Tem","month-7-short":"Ağu","month-8-short":"Eyl","month-9-short":"Eki","month-10-short":"Kas","month-11-short":"Ara","minutes-ago-long":{"_index":["plural","value"],"_":{"zero":"biraz önce","one":"bir dakika önce","two":"{{value}} dakika önce","few":"{{value}} dakika önce","many":"{{value}} dakika önce","other":"{{value}} dakika önce"}},"hours-ago-long":{"_index":["plural","value"],"_":{"zero":"biraz önce","one":"bir saat önce","two":"{{value}} saat önce","few":"{{value}} saat önce","many":"{{value}} saat önce","other":"{{value}} saat önce"}},"days-ago-long":{"_index":["plural","value"],"_":{"zero":"bugün","one":"dün","two":"{{value}} gün önce","few":"{{value}} gün önce","many":"{{value}} gün önce","other":"{{value}} gün önce"}},"weeks-ago-long":{"_index":["plural","value"],"_":{"zero":"bu hafta","one":"geçen hafta","two":"{{value}} hafta önce","few":"{{value}} hafta önce","many":"{{value}} hafta önce","other":"{{value}} hafta önce"}},"months-ago-long":{"_index":["plural","value"],"_":{"zero":"bu ay","one":"geçen ay","two":"{{value}} ay önce","few":"{{value}} ay önce","many":"{{value}} ay önce","other":"{{value}} ay önce"}},"years-ago-long":{"_index":["plural","value"],"_":{"zero":"bu yıl","one":"geçen yıl","two":"{{value}} yıl önce","few":"{{value}} yıl önce","many":"{{value}} yıl önce","other":"{{value}} yıl önce"}},"minutes-until-long":{"_index":["plural","value"],"_":{"zero":"şimdi","one":"bir dakika önce","two":"{{value}} dakika içinde","few":"{{value}} dakika içinde","many":"{{value}} dakika içinde","other":"{{value}} dakika içinde"}},"hours-until-long":{"_index":["plural","value"],"_":{"zero":"şimdi","one":"bir saat içinde","two":"{{value}} saat içinde","few":"{{value}} saat içinde","many":"{{value}} saat içinde","other":"{{value}} saat içinde"}},"days-until-long":{"_index":["plural","value"],"_":{"zero":"bugün","one":"dün","two":"{{value}} gün içinde","few":"{{value}} gün içinde","many":"{{value}} gün içinde","other":"{{value}} gün içinde"}},"weeks-until-long":{"_index":["plural","value"],"_":{"zero":"bu hafta","one":"gelecek hafta","two":"{{value}} hafta içinde","few":"{{value}} hafta içinde","many":"{{value}} hafta içinde","other":"{{value}} hafta içinde"}},"months-until-long":{"_index":["plural","value"],"_":{"zero":"bu ay","one":"gelecek ay","two":"{{value}} ay içinde","few":"{{value}} ay içinde","many":"{{value}} ay içinde","other":"{{value}} ay içinde"}},"years-until-long":{"_index":["plural","value"],"_":{"zero":"bu yıl","one":"gelecek yıl","two":"{{value}} yıl içinde","few":"{{value}} yıl içinde","many":"{{value}} yıl içinde","other":"{{value}} yıl içinde"}},"minutes-ago-short":{"_index":["plural","value"],"_":{"zero":"biraz önce","other":"{{value}} dk önce"}},"hours-ago-short":{"_index":["plural","value"],"_":{"zero":"biraz önce","other":"{{value}} saat önce"}},"days-ago-short":{"_index":["plural","value"],"_":{"zero":"bugün","other":"{{value}} gün önce"}},"minutes-until-short":{"_index":["plural","value"],"_":{"zero":"şimdi","other":"{{value}} dk içinde"}},"hours-until-short":{"_index":["plural","value"],"_":{"zero":"şimdi","other":"{{value}} saat içinde"}},"days-until-short":{"_index":["plural","value"],"_":{"zero":"bugün","other":"{{value}} gün içinde"}},"incorrectDate":"(geçersiz tarih)","dateTimeFormat_%c":"%e %b %Y %a %H:%M:%S","dateTimeFormat_%x":"%d/%m/%Y","dateTimeFormat_%X":"%H:%M:%S","shortTimeFormat":"%H:%M","shortDateTimeFormat":"%x %H:%M","weekStartsOnMonday":"1","time_am":"ÖÖ","time_pm":"ÖS"}