{"number-selected2":{"_index":["plural","n"],"_":{"zero":"Auswählen","one":"{{ n }} ausgewählt","two":"{{ n }} ausgewählt","few":"{{ n }} ausgewählt","many":"{{ n }} ausgewählt","other":"{{ n }} ausgewählt"}},"delete-n-items?":{"_index":["plural","n"],"_":{"zero":"Nichts ausgewählt","one":"Ausgewähltes Video löschen?","two":"{{ n }} ausgewählte Videos löschen?","few":"{{ n }} ausgewählte Videos löschen?","many":"{{ n }} ausgewählte Videos löschen?","other":"{{ n }} ausgewählte Videos löschen?"}},"share-noprovider":"Versuchen Sie, die Videos einzeln zu teilen.","videos":"Videos","empty-title":"Fügen Sie Videos hinzu, um zu beginnen.","empty-text":"Laden Sie Videos auf die Speicherkarte.","nocard2-title":"Keine Speicherkarte gefunden","nocard3-text":"Legen Sie eine Speicherkarte ein, um Videos anzusehen.","pluggedin-title":"Die App Video kann nicht verwendet werden, während das Telefon angesteckt ist.","pluggedin-text":"Ziehen Sie das Telefon ab, um Videos anzusehen.","upgrade-title":"Datenbank-Upgrade","upgrade-text":"Bitte warten Sie, während Video seine Datenbank aktualisiert.","confirm-delete":"Dieses Video wirklich löschen:","delete-video":{"label":"Video löschen?"},"pick-title":"Wählen Sie ein Video aus","save":"Speichern","saved":"{{title}} in Video gespeichert","error-network":"Ein Netzwerkfehler verhinderte den Download des Videos.","error-unsupported":"Das Video kann nicht wiedergegeben werden: Entweder weil Server oder Netzwerk gestört sind oder weil das Format nicht unterstützt wird.","error-unknown":"In der App Video trat ein unbekannter Fehler auf.","overlay-cancel-button":"Abbrechen","overlay-camera-button":"Kamera öffnen","name-label":"Name","length-label":"Länge","size-label":"Größe","video-type-label":"Videotyp","date-taken-label":"Aufnahmedatum","resolution-label":"Auflösung","close-button":"Schließen","byteUnit-B":"Bytes","byteUnit-KB":"KB","byteUnit-MB":"MB","byteUnit-GB":"GB","byteUnit-TB":"TB","byteUnit-PB":"PB","byteUnit-EB":"EB","byteUnit-ZB":"ZB","byteUnit-YB":"YB","date-group-header":"%B %Y","weekday-0-long":"Sonntag","weekday-1-long":"Montag","weekday-2-long":"Dienstag","weekday-3-long":"Mittwoch","weekday-4-long":"Donnerstag","weekday-5-long":"Freitag","weekday-6-long":"Samstag","weekday-0-short":"So","weekday-1-short":"Mo","weekday-2-short":"Di","weekday-3-short":"Mi","weekday-4-short":"Do","weekday-5-short":"Fr","weekday-6-short":"Sa","month-0-long":"Januar","month-1-long":"Februar","month-2-long":"März","month-3-long":"April","month-4-long":"Mai","month-5-long":"Juni","month-6-long":"Juli","month-7-long":"August","month-8-long":"September","month-9-long":"Oktober","month-10-long":"November","month-11-long":"Dezember","month-0-genitive":"Januar","month-1-genitive":"Februar","month-2-genitive":"März","month-3-genitive":"April","month-4-genitive":"Mai","month-5-genitive":"Juni","month-6-genitive":"Juli","month-7-genitive":"August","month-8-genitive":"September","month-9-genitive":"Oktober","month-10-genitive":"November","month-11-genitive":"Dezember","month-0-short":"Jan","month-1-short":"Feb","month-2-short":"Mär","month-3-short":"Apr","month-4-short":"Mai","month-5-short":"Jun","month-6-short":"Jul","month-7-short":"Aug","month-8-short":"Sep","month-9-short":"Okt","month-10-short":"Nov","month-11-short":"Dez","minutes-ago-long":{"_index":["plural","value"],"_":{"zero":"gerade eben","one":"vor 1 Minute","two":"vor {{value}} Minuten","few":"vor {{value}} Minuten","many":"vor {{value}} Minuten","other":"vor {{value}} Minuten"}},"hours-ago-long":{"_index":["plural","value"],"_":{"zero":"gerade eben","one":"vor 1 Stunde","two":"vor {{value}} Stunden","few":"vor {{value}} Stunden","many":"vor {{value}} Stunden","other":"vor {{value}} Stunden"}},"days-ago-long":{"_index":["plural","value"],"_":{"zero":"heute","one":"gestern","two":"vor {{value}} Tagen","few":"vor {{value}} Tagen","many":"vor {{value}} Tagen","other":"vor {{value}} Tagen"}},"weeks-ago-long":{"_index":["plural","value"],"_":{"zero":"diese Woche","one":"letzte Woche","two":"vor {{value}} Wochen","few":"vor {{value}} Wochen","many":"vor {{value}} Wochen","other":"vor {{value}} Wochen"}},"months-ago-long":{"_index":["plural","value"],"_":{"zero":"diesen Monat","one":"letzten Monat","two":"vor {{value}} Monaten","few":"vor {{value}} Monaten","many":"vor {{value}} Monaten","other":"vor {{value}} Monaten"}},"years-ago-long":{"_index":["plural","value"],"_":{"zero":"dieses Jahr","one":"letztes Jahr","two":"vor {{value}} Jahren","few":"vor {{value}} Jahren","many":"vor {{value}} Jahren","other":"vor {{value}} Jahren"}},"minutes-until-long":{"_index":["plural","value"],"_":{"zero":"jetzt","one":"in 1 Minute","two":"in {{value}} Minuten","few":"in {{value}} Minuten","many":"in {{value}} Minuten","other":"in {{value}} Minuten"}},"hours-until-long":{"_index":["plural","value"],"_":{"zero":"jetzt","one":"in einer Stunde","two":"in {{value}} Stunden","few":"in {{value}} Stunden","many":"in {{value}} Stunden","other":"in {{value}} Stunden"}},"days-until-long":{"_index":["plural","value"],"_":{"zero":"heute","one":"morgen","two":"in {{value}} Tagen","few":"in {{value}} Tagen","many":"in {{value}} Tagen","other":"in {{value}} Tagen"}},"weeks-until-long":{"_index":["plural","value"],"_":{"zero":"diese Woche","one":"nächste Woche","two":"in {{value}} Wochen","few":"in {{value}} Wochen","many":"in {{value}} Wochen","other":"in {{value}} Wochen"}},"months-until-long":{"_index":["plural","value"],"_":{"zero":"diesen Monat","one":"nächsten Monat","two":"in {{value}} Monaten","few":"in {{value}} Monaten","many":"in {{value}} Monaten","other":"in {{value}} Monaten"}},"years-until-long":{"_index":["plural","value"],"_":{"zero":"dieses Jahr","one":"nächstes Jahr","two":"in {{value}} Jahren","few":"in {{value}} Jahren","many":"in {{value}} Jahren","other":"in {{value}} Jahren"}},"minutes-ago-short":{"_index":["plural","value"],"_":{"zero":"jetzt","other":"vor {{value}} m"}},"hours-ago-short":{"_index":["plural","value"],"_":{"zero":"jetzt","other":"vor {{value}} h"}},"days-ago-short":{"_index":["plural","value"],"_":{"zero":"heute","other":"vor {{value}} d"}},"minutes-until-short":{"_index":["plural","value"],"_":{"zero":"jetzt","other":"in {{value}} m"}},"hours-until-short":{"_index":["plural","value"],"_":{"zero":"jetzt","other":"in {{value}} h"}},"days-until-short":{"_index":["plural","value"],"_":{"zero":"heute","other":"in {{value}} d"}},"incorrectDate":"(ungültiges Datum)","dateTimeFormat_%c":"%a, %e. %b %Y %H:%M:%S","dateTimeFormat_%x":"%d.%m.%Y","dateTimeFormat_%X":"%H:%M:%S","shortTimeFormat":"%H:%M","shortDateTimeFormat":"%x %H:%M","weekStartsOnMonday":"1","time_am":"AM","time_pm":"PM"}