{"number-selected2":{"_index":["plural","n"],"_":{"zero":"Odaberi","one":"{{ n }} odabran","two":"{{ n }} odabrana","few":"{{ n }} odabrano","many":"{{ n }} odabrano","other":"{{ n }} odabrano"}},"delete-n-items?":{"_index":["plural","n"],"_":{"zero":"Ništa nije odabrano","one":"Obrisati odabranu stavku?","two":"Obrisati {{ n }} stavke?","few":"Obrisati {{ n }} stavki?","many":"Obrisati {{ n }} stavki?","other":"Obrisati {{ n }} stavki?"}},"share-noprovider":"Pokušajte dijeliti jedan video za drugim.","videos":"Video","empty-title":"Da biste započeli, dodajte video snimke","empty-text":"Učitaj video snimke s memorijske kartice.","nocard2-title":"Nema memorijske kartice","nocard3-text":"Insert a memory card to watch videos.","pluggedin-title":"Video se ne može pregledavati dok je telefon priključen na punjač","pluggedin-text":"Odspojite telefon s punjača da biste mogli gledati video.","upgrade-title":"Nadogradnja baze","upgrade-text":"Pričekajte dok Video nadograđuje svoju bazu.","confirm-delete":"Jeste li sigurni da želite obrisati:","delete-video":{"label":"Obrisati video?"},"pick-title":"Odaberite video","save":"Spremi","saved":"Spremio {{title}} u Video","error-network":"The video could not be downloaded because of a network error.","error-unsupported":"Video ne može biti reproduciran: ili zbog nedostupnosti servera ili mreže ili zbog nepodržanog formata.","error-unknown":"Došlo je do nepoznate video greške.","overlay-cancel-button":"Cancel","overlay-camera-button":"Go to Camera","name-label":"Naziv","length-label":"Dužina","size-label":"Veličina","video-type-label":"Vrsta videa","date-taken-label":"Datum snimanja","resolution-label":"Rezolucija","close-button":"Zatvori","byteUnit-B":"Bajtova","byteUnit-KB":"KB","byteUnit-MB":"MB","byteUnit-GB":"GB","byteUnit-TB":"TB","byteUnit-PB":"PB","byteUnit-EB":"EB","byteUnit-ZB":"ZB","byteUnit-YB":"YB","date-group-header":"%B %Y","weekday-0-long":"Nedjelja","weekday-1-long":"Ponedjeljak","weekday-2-long":"Utorak","weekday-3-long":"Srijeda","weekday-4-long":"Četvrtak","weekday-5-long":"Petak","weekday-6-long":"Subota","weekday-0-short":"Ned","weekday-1-short":"Pon","weekday-2-short":"Uto","weekday-3-short":"Sri","weekday-4-short":"Čet","weekday-5-short":"Pet","weekday-6-short":"Sub","month-0-long":"Siječanj","month-1-long":"Veljača","month-2-long":"Ožujak","month-3-long":"Travanj","month-4-long":"Svibanj","month-5-long":"Lipanj","month-6-long":"Srpanj","month-7-long":"Kolovoz","month-8-long":"Rujan","month-9-long":"Listopad","month-10-long":"Studeni","month-11-long":"Prosinac","month-0-genitive":"Siječnja","month-1-genitive":"Veljače","month-2-genitive":"Ožujka","month-3-genitive":"Travnja","month-4-genitive":"Svibnja","month-5-genitive":"Lipnja","month-6-genitive":"Srpnja","month-7-genitive":"Kolovoza","month-8-genitive":"Rujna","month-9-genitive":"Listopada","month-10-genitive":"Studenoga","month-11-genitive":"Prosinca","month-0-short":"Sij","month-1-short":"Velj","month-2-short":"Ožu","month-3-short":"Tra","month-4-short":"Svi","month-5-short":"Lip","month-6-short":"Srp","month-7-short":"Kol","month-8-short":"Ruj","month-9-short":"Lis","month-10-short":"Stu","month-11-short":"Pro","minutes-ago-long":{"_index":["plural","value"],"_":{"zero":"upravo","one":"prije minutu","two":"prije {{value}} minute","few":"prije {{value}} minutes","many":"prije {{value}} minuta","other":"prije {{value}} minuta"}},"hours-ago-long":{"_index":["plural","value"],"_":{"zero":"upravo","one":"prije sat vremena","two":"prije {{value}} sata","few":"prije {{value}} sati","many":"prije {{value}} sati","other":"prije {{value}} sati"}},"days-ago-long":{"_index":["plural","value"],"_":{"zero":"danas","one":"jučer","two":"prije {{value}} dana","few":"prije {{value}} dana","many":"prije {{value}} dana","other":"prije {{value}} dana"}},"weeks-ago-long":{"_index":["plural","value"],"_":{"zero":"ovaj tjedan","one":"prošli tjedan","two":"prije {{value}} tjedna","few":"prije {{value}} tjedana","many":"prije {{value}} tjedana","other":"prije {{value}} tjedana"}},"months-ago-long":{"_index":["plural","value"],"_":{"zero":"ovaj mjesec","one":"prošli mjesec","two":"prije {{value}} mjeseca","few":"prije {{value}} mjeseci","many":"prije {{value}} mjeseci","other":"prije {{value}} mjeseci"}},"years-ago-long":{"_index":["plural","value"],"_":{"zero":"ove godine","one":"prošle godine","two":"prije {{value}} godine","few":"prije {{value}} godina","many":"prije {{value}} godina","other":"prije {{value}} godina"}},"minutes-until-long":{"_index":["plural","value"],"_":{"zero":"upravo","one":"za minutu","two":"za {{value}} minute","few":"za {{value}} minuta","many":"za {{value}} minuta","other":"za {{value}} minuta"}},"hours-until-long":{"_index":["plural","value"],"_":{"zero":"upravo","one":"za sat vremena","two":"za {{value}} sata","few":"za {{value}} sati","many":"za {{value}} sati","other":"za {{value}} sati"}},"days-until-long":{"_index":["plural","value"],"_":{"zero":"danas","one":"sutra","two":"za {{value}} dana","few":"za {{value}} dana","many":"za {{value}} dana","other":"za {{value}} dana"}},"weeks-until-long":{"_index":["plural","value"],"_":{"zero":"ovaj tjedan","one":"idući tjedan","two":"za {{value}} tjedna","few":"za {{value}} tjedana","many":"za {{value}} tjedana","other":"za {{value}} tjedana"}},"months-until-long":{"_index":["plural","value"],"_":{"zero":"ovaj mjesec","one":"idući mjesec","two":"za {{value}} mjeseca","few":"za {{value}} mjeseci","many":"za {{value}} mjeseci","other":"za {{value}} mjeseci"}},"years-until-long":{"_index":["plural","value"],"_":{"zero":"ove godine","one":"iduće godine","two":"za {{value}} godine","few":"za {{value}} godina","many":"za {{value}} godina","other":"za {{value}} godina"}},"minutes-ago-short":{"_index":["plural","value"],"_":{"zero":"upravo","other":"prije {{value}}m"}},"hours-ago-short":{"_index":["plural","value"],"_":{"zero":"upravo","other":"prije {{value}}s"}},"days-ago-short":{"_index":["plural","value"],"_":{"zero":"danas","other":"prije {{value}}d"}},"minutes-until-short":{"_index":["plural","value"],"_":{"zero":"sada","other":"za {{value}}m"}},"hours-until-short":{"_index":["plural","value"],"_":{"zero":"sada","other":"za {{value}}s"}},"days-until-short":{"_index":["plural","value"],"_":{"zero":"danas","other":"za {{value}}d"}},"incorrectDate":"(netočan datum)","dateTimeFormat_%c":"%a %e %b %Y %H:%M:%S","dateTimeFormat_%x":"%d.%m.%Y","dateTimeFormat_%X":"%H:%M:%S","shortTimeFormat":"%H:%M","shortDateTimeFormat":"%x %H:%M","weekStartsOnMonday":"1","time_am":"AM","time_pm":"PM"}