{"number-selected2":{"_index":["plural","n"],"_":{"zero":"चयन गर्नुहोस्","one":"{{ n }} चयन गरिएको","two":"{{ n }} चयन गरिएको","few":"{{ n }} चयन गरिएको","many":"{{ n }} चयन गरिएको","other":"{{ n }} चयन गरिएको"}},"delete-n-items?":{"_index":["plural","n"],"_":{"zero":"केही पनि चयन गरिएको छैन","one":"चयन गरिएको वस्तु मेटाउनुहोस्?","two":"{{ n }} वटा वस्तुहरु मेटाउनुहोस्?","few":"{{ n }} वटा वस्तुहरु मेटाउनुहोस्? ","many":"{{ n }} वटा वस्तुहरु मेटाउनुहोस्?","other":"{{ n }} वटा वस्तुहरु मेटाउनुहोस्?"}},"share-noprovider":"एक पटकमा एउटा भिडियो साझेदारी गरी हेर्नुहोस्।","videos":"भिडियोहरु","empty-title":"सुरु गर्न भिडियोहरु थप्नुहोस्","empty-text":"भिडियोहरु मेमोरी कार्डमा लोड गर्नुहोस","nocard2-title":"मेमोरी कार्ड भेटिएन","nocard3-text":"भिडियोहरु हेर्नका लागि मेमोरी कार्ड घुसाउनुहोस्","pluggedin-title":"जोडिएको बेलामा भिडियोहरु हेर्न सकिदैन","pluggedin-text":"भिडियोहरु हेर्नका लागि फोन निकाल्नुहोस्","upgrade-title":"डेटाबेस स्तरवृद्धि","upgrade-text":"कृपया भिडियोको डेटाबेस अद्यावधिक हुँदै गर्दा प्रतिक्षा गर्नुहोस्।","confirm-delete":"के तपाई मेट्ने कुरामा ढुक्क हुनुहुन्छ: ","delete-video":{"label":"भिडियो मेटाउने?"},"pick-title":"भिडियो चयन गर्नुहोस्","save":"बचत गर्नुहोस्","saved":"{{title}} भिडियोमा बचत गरियो","error-network":"सञ्जाल त्रुटिका कारण भिडियो डाउनलोड हुनसकेन।","error-unsupported":"भिडियो प्ले हुन सकेन: किनभने सर्भर वा सञ्जाल असफल हुन पुग्यो वा स्वरूप समर्थित छैन।","error-unknown":"एउटा अज्ञात भिडियो त्रुटि देखापर्यो।","overlay-cancel-button":"रद्द गर्नुहोस्","overlay-camera-button":"क्यामेरामा जानुहोस्","name-label":"नाम","length-label":"लम्बाइ","size-label":"आकार","video-type-label":"भिडियोको प्रकार","date-taken-label":"लिइएको मिति","resolution-label":"रिजोल्युसन","close-button":"बन्द","byteUnit-B":"बाइटहरू","byteUnit-KB":"किलो बाइट","byteUnit-MB":"मेगाबाइट","byteUnit-GB":"गिगा बाइट","byteUnit-TB":"टेरा बाइट","byteUnit-PB":"पेटा बाइट","byteUnit-EB":"एग्जा बाइट","byteUnit-ZB":"जेटा बाइट","byteUnit-YB":"योटा बाइट","date-group-header":"%B %Y","weekday-0-long":"आइतबार","weekday-1-long":"सोमबार","weekday-2-long":"मंगलबार","weekday-3-long":"बुधबार","weekday-4-long":"बिहिबार","weekday-5-long":"शुक्रबार","weekday-6-long":"शनिबार","weekday-0-short":"आइत","weekday-1-short":"सोम","weekday-2-short":"मङ्गल","weekday-3-short":"बुध","weekday-4-short":"बिहि","weekday-5-short":"शुक्र","weekday-6-short":"शनि","month-0-long":"जनवरी","month-1-long":"फेब्रुअरी","month-2-long":"ंमार्च","month-3-long":"अप्रिल","month-4-long":"मे","month-5-long":"जुन","month-6-long":"जुलाई","month-7-long":"अगस्ट","month-8-long":"सेप्टेम्बर","month-9-long":"अक्टोबर","month-10-long":"नोभेम्बर","month-11-long":"डिसेम्बर","month-0-genitive":"जनवरी","month-1-genitive":"फेब्रुअरी","month-2-genitive":"ंमार्च","month-3-genitive":"अप्रिल","month-4-genitive":"मे","month-5-genitive":"जुन","month-6-genitive":"जुलाई","month-7-genitive":"अगस्ट","month-8-genitive":"सेप्टेम्बर","month-9-genitive":"अक्टोबर","month-10-genitive":"नोभेम्बर","month-11-genitive":"डिसेम्बर","month-0-short":"जन","month-1-short":"फेब","month-2-short":"मार्च","month-3-short":"अप्रिल","month-4-short":"मे","month-5-short":"जुन","month-6-short":"जुलाई","month-7-short":"अगस्ट","month-8-short":"सेप्टेम्वर","month-9-short":"अक्टुवर","month-10-short":"नोभेम्वर","month-11-short":"डिसेम्वर","minutes-ago-long":{"_index":["plural","value"],"_":{"zero":"भर्खरै","one":"एक मिनेट अगाडि","two":"{{value}} मिनेट अगाडि","few":"{{value}} मिनेट अगाडि","many":"{{value}} मिनेट अगाडि","other":"{{value}} मिनेट अगाडि"}},"hours-ago-long":{"_index":["plural","value"],"_":{"zero":"भर्खरै","one":"एक घन्टा अगाडि","two":"{{value}} घण्टा अगाडि","few":"{{value}} घण्टा अगाडि","many":"{{value}} घण्टा अगाडि","other":"{{value}} घण्टा अगाडि"}},"days-ago-long":{"_index":["plural","value"],"_":{"zero":"आज","one":"हिजो","two":"{{value}} दिन अगाडि","few":"{{value}} दिन अगाडि","many":"{{value}} दिन अगाडि","other":"{{value}} दिन अगाडि"}},"weeks-ago-long":{"_index":["plural","value"],"_":{"zero":"यो हप्ता","one":"गएको हप्ता","two":"{{value}} हप्ता अगाडि","few":"{{value}} हप्ता अगाडि","many":"{{value}} हप्ता अगाडि","other":"{{value}} हप्ता अगाडि"}},"months-ago-long":{"_index":["plural","value"],"_":{"zero":"यो महिना","one":"गएको महिना","two":"{{value}} महिना अगाडि","few":"{{value}} महिना अगाडि","many":"{{value}} महिना अगाडि","other":"{{value}} महिना अगाडि"}},"years-ago-long":{"_index":["plural","value"],"_":{"zero":"यो वर्ष","one":"अघिल्लो वर्ष","two":"{{value}} वर्ष अगाडि","few":"{{value}} वर्ष अगाडि","many":"{{value}} वर्ष अगाडि","other":"{{value}} वर्ष अगाडि"}},"minutes-until-long":{"_index":["plural","value"],"_":{"zero":"अहिले","one":"एक मिनेटमा","two":"{{value}} मिनेटमा","few":"{{value}} मिनेटमा","many":"{{value}} मिनेटमा","other":"{{value}} मिनेटमा"}},"hours-until-long":{"_index":["plural","value"],"_":{"zero":"अहिले","one":"एक घण्टामा","two":"{{value}} घण्टामा","few":"{{value}} घण्टामा","many":"{{value}} घण्टामा","other":"{{value}} घण्टामा"}},"days-until-long":{"_index":["plural","value"],"_":{"zero":"आज","one":"भोलि","two":"{{value}} दिनमा","few":"{{value}} दिनमा","many":"{{value}} दिनमा","other":"{{value}} दिनमा"}},"weeks-until-long":{"_index":["plural","value"],"_":{"zero":"यो हप्ता","one":"पछिल्लो हप्ता","two":"{{value}} हप्तामा","few":"{{value}} हप्तामा","many":"{{value}} हप्तामा","other":"{{value}} हप्तामा"}},"months-until-long":{"_index":["plural","value"],"_":{"zero":"यस महिना","one":"पछिल्लो महिना","two":"{{value}} महिनामा","few":"{{value}} महिनामा","many":"{{value}} महिनामा","other":"{{value}} महिनामा"}},"years-until-long":{"_index":["plural","value"],"_":{"zero":"यस बर्ष","one":"आर्को बर्ष","two":"{{value}} बर्षमा","few":"{{value}} बर्षमा","many":"{{value}} वर्षमा","other":"{{value}} वर्षमा"}},"minutes-ago-short":{"_index":["plural","value"],"_":{"zero":"भर्खरै","other":"{{value}}मिनेट अघि"}},"hours-ago-short":{"_index":["plural","value"],"_":{"zero":"भर्खरै","other":"{{value}}घण्टा अघि"}},"days-ago-short":{"_index":["plural","value"],"_":{"zero":"आज","other":"{{value}}दिन अघि"}},"minutes-until-short":{"_index":["plural","value"],"_":{"zero":"अहिले","other":"{{value}}मिनेटमा"}},"hours-until-short":{"_index":["plural","value"],"_":{"zero":"अहिले","other":"{{value}}घण्टामा"}},"days-until-short":{"_index":["plural","value"],"_":{"zero":"आज","other":"{{value}}दिनमा"}},"incorrectDate":"(गलत मिति)","dateTimeFormat_%c":"%a %b %e %Y %I:%M:%S %p","dateTimeFormat_%x":"%m/%d/%Y","dateTimeFormat_%X":"%I:%M:%S %p","shortTimeFormat":"%I:%M %p","shortDateTimeFormat":"%x %I:%M %p","weekStartsOnMonday":"0","time_am":"ए एम","time_pm":"पी एम"}