{"number-selected2":{"_index":["plural","n"],"_":{"zero":"Selecionar","one":"{{ n }} selecionado","two":"{{ n }} selecionados","few":"{{ n }} selecionados","many":"{{ n }} selecionados","other":"{{ n }} selecionados"}},"delete-n-items?":{"_index":["plural","n"],"_":{"zero":"Nenhum vídeo selecionado","one":"Apagar item selecionado?","two":"Apagar {{ n }} itens?","few":"Apagar {{ n }} itens?","many":"Apagar {{ n }} itens?","other":"Apagar {{ n }} itens?"}},"share-noprovider":"Tente compartilhar um vídeo por vez.","videos":"Vídeos","empty-title":"Adicione vídeos para começar","empty-text":"Copie vídeos para o cartão de memória.","nocard2-title":"Nenhum cartão de memória","nocard3-text":"Insert a memory card to watch videos.","pluggedin-title":"Cartão de memória em uso","pluggedin-text":"Desplugue seu aparelho para usar este aplicativo.","upgrade-title":"Atualizando dados","upgrade-text":"Por favor, aguarde enquanto os dados são atualizados.","confirm-delete":"Tem certeza de que deseja apagar","delete-video":{"label":"Apagar vídeo?"},"pick-title":"Selecione um vídeo","save":"Salvar","saved":"{{title}} salvo em Vídeos","error-network":"Um erro na rede causou falha ao baixar o vídeo.","error-unsupported":"O vídeo não pode ser reproduzido: houve uma falha na rede ou servidor ou o formato não é suportado.","error-unknown":"Ocorreu um erro de vídeo desconhecido.","overlay-cancel-button":"Cancel","overlay-camera-button":"Go to Camera","name-label":"Nome","length-label":"Duração","size-label":"Tamanho","video-type-label":"Tipo do vídeo","date-taken-label":"Data da gravação","resolution-label":"Resolução","close-button":"Fechar","byteUnit-B":"Bytes","byteUnit-KB":"KB","byteUnit-MB":"MB","byteUnit-GB":"GB","byteUnit-TB":"TB","byteUnit-PB":"PB","byteUnit-EB":"EB","byteUnit-ZB":"ZB","byteUnit-YB":"YB","date-group-header":"%B %Y","weekday-0-long":"Domingo","weekday-1-long":"Segunda-feira","weekday-2-long":"Terça-feira","weekday-3-long":"Quarta-feira","weekday-4-long":"Quinta-feira","weekday-5-long":"Sexta-feira","weekday-6-long":"Sábado","weekday-0-short":"Dom","weekday-1-short":"Seg","weekday-2-short":"Ter","weekday-3-short":"Qua","weekday-4-short":"Qui","weekday-5-short":"Sex","weekday-6-short":"Sáb","month-0-long":"Janeiro","month-1-long":"Fevereiro","month-2-long":"Março","month-3-long":"Abril","month-4-long":"Maio","month-5-long":"Junho","month-6-long":"Julho","month-7-long":"Agosto","month-8-long":"Setembro","month-9-long":"Outubro","month-10-long":"Novembro","month-11-long":"Dezembro","month-0-genitive":"Janeiro","month-1-genitive":"Fevereiro","month-2-genitive":"Março","month-3-genitive":"Abril","month-4-genitive":"Maio","month-5-genitive":"Junho","month-6-genitive":"Julho","month-7-genitive":"Agosto","month-8-genitive":"Setembro","month-9-genitive":"Outubro","month-10-genitive":"Novembro","month-11-genitive":"Dezembro","month-0-short":"Jan","month-1-short":"Fev","month-2-short":"Mar","month-3-short":"Abr","month-4-short":"Mai","month-5-short":"Jun","month-6-short":"Jul","month-7-short":"Ago","month-8-short":"Set","month-9-short":"Out","month-10-short":"Nov","month-11-short":"Dez","minutes-ago-long":{"_index":["plural","value"],"_":{"zero":"há pouco","one":"um minuto atrás","two":"{{value}} minutos atrás","few":"{{value}} minutos atrás","many":"{{value}} minutos atrás","other":"{{value}} minutos atrás"}},"hours-ago-long":{"_index":["plural","value"],"_":{"zero":"há pouco","one":"uma hora atrás","two":"{{value}} horas atrás","few":"{{value}} horas atrás","many":"{{value}} horas atrás","other":"{{value}} horas atrás"}},"days-ago-long":{"_index":["plural","value"],"_":{"zero":"hoje","one":"ontem","two":"{{value}} dias atrás","few":"{{value}} dias atrás","many":"{{value}} dias atrás","other":"{{value}} dias atrás"}},"weeks-ago-long":{"_index":["plural","value"],"_":{"zero":"esta semana","one":"semana passada","two":"{{value}} semanas atrás","few":"{{value}} semanas atrás","many":"{{value}} semanas atrás","other":"{{value}} semanas atrás"}},"months-ago-long":{"_index":["plural","value"],"_":{"zero":"este mês","one":"mês passado","two":"{{value}} meses atrás","few":"{{value}} meses atrás","many":"{{value}} meses atrás","other":"{{value}} meses atrás"}},"years-ago-long":{"_index":["plural","value"],"_":{"zero":"este ano","one":"ano passado","two":"{{value}} anos atrás","few":"{{value}} anos atrás","many":"{{value}} anos atrás","other":"{{value}} anos atrás"}},"minutes-until-long":{"_index":["plural","value"],"_":{"zero":"agora","one":"em um minuto","two":"em {{value}} minutos","few":"em {{value}} minutos","many":"em {{value}} minutos","other":"em {{value}} minutos"}},"hours-until-long":{"_index":["plural","value"],"_":{"zero":"agora","one":"em uma hora","two":"em {{value}} horas","few":"em {{value}} horas","many":"em {{value}} horas","other":"em {{value}} horas"}},"days-until-long":{"_index":["plural","value"],"_":{"zero":"hoje","one":"amanhã","two":"em {{value}} dias","few":"em {{value}} dias","many":"em {{value}} dias","other":"em {{value}} dias"}},"weeks-until-long":{"_index":["plural","value"],"_":{"zero":"esta semana","one":"semana que vem","two":"em {{value}} semanas","few":"em {{value}} semanas","many":"em {{value}} semanas","other":"em {{value}} semanas"}},"months-until-long":{"_index":["plural","value"],"_":{"zero":"este mês","one":"mês que vem","two":"em {{value}} meses","few":"em {{value}} meses","many":"em {{value}} meses","other":"em {{value}} meses"}},"years-until-long":{"_index":["plural","value"],"_":{"zero":"este ano","one":"ano que vem","two":"em {{value}} anos","few":"em {{value}} anos","many":"em {{value}} anos","other":"em {{value}} anos"}},"minutes-ago-short":{"_index":["plural","value"],"_":{"zero":"há pouco","other":"{{value}}min atrás"}},"hours-ago-short":{"_index":["plural","value"],"_":{"zero":"há pouco","other":"{{value}}h atrás"}},"days-ago-short":{"_index":["plural","value"],"_":{"zero":"hoje","other":"{{value}}d atrás"}},"minutes-until-short":{"_index":["plural","value"],"_":{"zero":"agora","other":"em {{value}}min"}},"hours-until-short":{"_index":["plural","value"],"_":{"zero":"agora","other":"em {{value}}h"}},"days-until-short":{"_index":["plural","value"],"_":{"zero":"hoje","other":"em {{value}}d"}},"incorrectDate":"(data incorreta)","dateTimeFormat_%c":"%A, %e de %B de %Y %Hh %Mmin %Ss","dateTimeFormat_%x":"%d/%m/%Y","dateTimeFormat_%X":"%Hh %Mmin %Ss","shortTimeFormat":"%Hh%M","shortDateTimeFormat":"%x %Hh%M","weekStartsOnMonday":"0","time_am":"AM","time_pm":"PM"}