{"number-selected2":{"_index":["plural","n"],"_":{"zero":"Markera","one":"{{ n }} markerad","two":"{{ n }} markerade","few":"{{ n }} markerade","many":"{{ n }} markerade","other":"{{ n }} markerade"}},"delete-n-items?":{"_index":["plural","n"],"_":{"zero":"Inget markerat","one":"Ta bort markerat objekt?","two":"Ta bort {{ n }} objekt?","few":"Ta bort {{ n }} objekt?","many":"Ta bort {{ n }} objekt?","other":"Ta bort {{ n }} objekt?"}},"share-noprovider":"Försök dela en video i taget.","videos":"Videor","empty-title":"Lägg till video för att komma igång","empty-text":"Ladda video till minneskortet.","nocard2-title":"Inget minneskort hittades","nocard3-text":"Sätt in ett minneskort för att titta på video.","pluggedin-title":"Videon kan inte ses när telefonen är inkopplad","pluggedin-text":"Koppla ur telefonen för att se video.","upgrade-title":"Databasuppgradering","upgrade-text":"Vänta medan video uppdaterar sin databas.","confirm-delete":"Är du säker på att du vill ta bort:","delete-video":{"label":"Ta bort video?"},"pick-title":"Välj en video","save":"Spara","saved":"Sparade {{title}} till Video","error-network":"Ett nätverksfel orsakade att videon misslyckades ladda.","error-unsupported":"Videon kan inte spelas: antingen eftersom servern eller nätverket misslyckades eller eftersom formatet inte stöds.","error-unknown":"Ett okänt videofel uppstod.","overlay-cancel-button":"Avbryt","overlay-camera-button":"Gå till Kamera","name-label":"Namn","length-label":"Längd","size-label":"Storlek","video-type-label":"Typ","date-taken-label":"Taget","resolution-label":"Upplösning","close-button":"Stäng","byteUnit-B":"Bytes","byteUnit-KB":"kB","byteUnit-MB":"MB","byteUnit-GB":"GB","byteUnit-TB":"TB","byteUnit-PB":"PB","byteUnit-EB":"EB","byteUnit-ZB":"ZB","byteUnit-YB":"YB","date-group-header":"%B %Y","weekday-0-long":"Söndag","weekday-1-long":"Måndag","weekday-2-long":"Tisdag","weekday-3-long":"Onsdag","weekday-4-long":"Torsdag","weekday-5-long":"Fredag","weekday-6-long":"Lördag","weekday-0-short":"Sön","weekday-1-short":"Mån","weekday-2-short":"Tis","weekday-3-short":"Ons","weekday-4-short":"Tor","weekday-5-short":"Fre","weekday-6-short":"Lör","month-0-long":"Januari","month-1-long":"Februari","month-2-long":"Mars","month-3-long":"April","month-4-long":"Maj","month-5-long":"Juni","month-6-long":"Juli","month-7-long":"Augusti","month-8-long":"September","month-9-long":"Oktober","month-10-long":"November","month-11-long":"December","month-0-genitive":"Januari","month-1-genitive":"Februari","month-2-genitive":"Mars","month-3-genitive":"April","month-4-genitive":"Maj","month-5-genitive":"Juni","month-6-genitive":"Juli","month-7-genitive":"Augusti","month-8-genitive":"September","month-9-genitive":"Oktober","month-10-genitive":"November","month-11-genitive":"December","month-0-short":"Jan","month-1-short":"Feb","month-2-short":"Mar","month-3-short":"Apr","month-4-short":"Maj","month-5-short":"Jun","month-6-short":"Jul","month-7-short":"Aug","month-8-short":"Sep","month-9-short":"Okt","month-10-short":"Nov","month-11-short":"Dec","minutes-ago-long":{"_index":["plural","value"],"_":{"zero":"nyss","one":"en minut sen","two":"{{value}} minuter sen","few":"{{value}} minuter sen","many":"{{value}} minuter sen","other":"{{value}} minuter sen"}},"hours-ago-long":{"_index":["plural","value"],"_":{"zero":"nyss","one":"en timme sen","two":"{{value}} timmar sen","few":"{{value}} timmar sen","many":"{{value}} timmar sen","other":"{{value}} timmar sen"}},"days-ago-long":{"_index":["plural","value"],"_":{"zero":"idag","one":"igår","two":"{{value}} dagar sen","few":"{{value}} dagar sen","many":"{{value}} dagar sen","other":"{{value}} dagar sen"}},"weeks-ago-long":{"_index":["plural","value"],"_":{"zero":"denna vecka","one":"förra veckan","two":"{{value}} veckor sen","few":"{{value}} veckor sen","many":"{{value}} veckor sen","other":"{{value}} veckor sen"}},"months-ago-long":{"_index":["plural","value"],"_":{"zero":"denna månad","one":"förra månaden","two":"{{value}} månader sen","few":"{{value}} månader sen","many":"{{value}} månader sen","other":"{{value}} månader sen"}},"years-ago-long":{"_index":["plural","value"],"_":{"zero":"detta år","one":"förra året","two":"{{value}} år sen","few":"{{value}} år sen","many":"{{value}} år sen","other":"{{value}} år sen"}},"minutes-until-long":{"_index":["plural","value"],"_":{"zero":"nu","one":"om en minut","two":"om {{value}} minuter","few":"om {{value}} minuter","many":"om {{value}} minuter","other":"om {{value}} minuter"}},"hours-until-long":{"_index":["plural","value"],"_":{"zero":"nu","one":"om en timme","two":"om {{value}} timmar","few":"om {{value}} timmar","many":"om {{value}} timmar","other":"om {{value}} timmar"}},"days-until-long":{"_index":["plural","value"],"_":{"zero":"idag","one":"imorgon","two":"om {{value}} dagar","few":"om {{value}} dagar","many":"om {{value}} dagar","other":"om {{value}} dagar"}},"weeks-until-long":{"_index":["plural","value"],"_":{"zero":"denna vecka","one":"nästa vecka","two":"om {{value}} veckor","few":"om {{value}} veckor","many":"om {{value}} veckor","other":"om {{value}} veckor"}},"months-until-long":{"_index":["plural","value"],"_":{"zero":"denna månad","one":"nästa månad","two":"om {{value}} månader","few":"om {{value}} månader","many":"om {{value}} månader","other":"om {{value}} månader"}},"years-until-long":{"_index":["plural","value"],"_":{"zero":"detta år","one":"nästa år","two":"om {{value}} år","few":"om {{value}} år","many":"om {{value}} år","other":"om {{value}} år"}},"minutes-ago-short":{"_index":["plural","value"],"_":{"zero":"nyss","other":"{{value}}min sen"}},"hours-ago-short":{"_index":["plural","value"],"_":{"zero":"nyss","other":"{{value}}tim. sen"}},"days-ago-short":{"_index":["plural","value"],"_":{"zero":"idag","other":"{{value}}dygn sen"}},"minutes-until-short":{"_index":["plural","value"],"_":{"zero":"nu","other":"om {{value}}min"}},"hours-until-short":{"_index":["plural","value"],"_":{"zero":"nu","other":"om {{value}}tim."}},"days-until-short":{"_index":["plural","value"],"_":{"zero":"idag","other":"om {{value}}dygn"}},"incorrectDate":"(felaktigt datum)","dateTimeFormat_%c":"%a %e %b %Y %H:%M:%S","dateTimeFormat_%x":"%d/%m/%Y","dateTimeFormat_%X":"%H:%M:%S","shortTimeFormat":"%H:%M","shortDateTimeFormat":"%x %H:%M","weekStartsOnMonday":"1","time_am":"AM","time_pm":"PM"}