{"music":"Музика","mix":"Микс","playlists":"Плейлист","artists":"Изпълнители","albums":"Албуми","songs":"Песни","more":"Още","songArtist":"Изпълнител на песента","songAlbum":"Албум на песента","unknownArtist":"Непознат изпълнител","unknownAlbum":"Непознат албум","unknownTitle":"Непознато заглавие","empty-title":"Добавете песни, за да започнете","empty-text":"Добавете песни на картата памет.","nocard2-title":"Не е намерена карта памет","nocard3-text":"Insert a memory card to listen to songs.","pluggedin-title":"Музика не може да бъде слушана докато телефонът е включен на зарядно","pluggedin-text":"Изключете телефона от зарядното, за да пуснете музика.","upgrade-title":"Надграждане на базата данни","upgrade-text":"Моля, изчакайте, докато Музика надгради своята база данни.","search-music":{"placeholder":"Търсене на музика"},"search-cancel":"Отказ","search-artists":"Изпълнители","search-albums":"Албуми","search-titles":"Заглавия на песни","search-close":"затваряне","playlists-shuffle-all":"Разбъркване на всички","playlists-highest-rated":"Най-високо оценени","playlists-recently-added":"Добавени наскоро","playlists-most-played":"Най-често изпълнявани","playlists-least-played":"Най-рядко изпълнявани","picker-title":"Избор на песен","save":"Запазване","saved":"Запазена {{title}} в Музика","audioinvalid":"Аудиото не може да бъде изпълнено: форматът не е поддържан или е невалиден.","overlay-cancel-button":"Cancel","music-paused-notification":"Music paused during the call"}