{"music":"Hudba","mix":"Mixovat","playlists":"Seznamy skladeb","artists":"Umělci","albums":"Alba","songs":"Skladby","more":"Více","songArtist":"Umělec","songAlbum":"Album","unknownArtist":"Neznámý umělec","unknownAlbum":"Neznámé album","unknownTitle":"Neznámý název","empty-title":"Přidání písniček","empty-text":"Nahrajte písničky na paměťovou kartu.","nocard2-title":"Paměťová karta nenalezena","nocard3-text":"Pro poslech hudby vložte paměťovou kartu.","pluggedin-title":"Při připojení telefonu nelze program použít","pluggedin-text":"Pro přehrávání hudby odpojte telefon","upgrade-title":"Aktualizace databáze","upgrade-text":"Čekejte prosím, aplikace Hudba aktualizuje svou databázi.","search-music":{"placeholder":"Hledat hudbu"},"search-cancel":"Zrušit","search-artists":"Umělci","search-albums":"Alba","search-titles":"Skladby","search-close":"zavřít","playlists-shuffle-all":"Zamíchat vše","playlists-highest-rated":"Nejvíce hodnocené","playlists-recently-added":"Naposledy přidané","playlists-most-played":"Nejhranější","playlists-least-played":"Naposledy hrané","picker-title":"Volba stopy","save":"Uložit","saved":"{{title}} uloženo do aplikace Hudba","audioinvalid":"Audio nemůže být přehráno: formát není podporovaný či je neplatný soubor.","overlay-cancel-button":"Zrušit","music-paused-notification":"Přehrávání hudby je během hovoru pozastaveno"}