{"music":"Musik","mix":"Mix","playlists":"Wiedergabelisten","artists":"Interpreten","albums":"Alben","songs":"Lieder","more":"Mehr","songArtist":"Interpret","songAlbum":"Album","unknownArtist":"Unbekannter Interpret","unknownAlbum":"Unbekanntes Album","unknownTitle":"Unbekannter Titel","empty-title":"Zum Starten Titel hinzufügen","empty-text":"Laden Sie Titel auf die Speicherkarte.","nocard2-title":"Keine Speicherkarte gefunden","nocard3-text":"Legen Sie eine Speicherkarte ein, um Titel anzuhören.","pluggedin-title":"Musik kann nicht verwendet werden, während das Telefon angesteckt ist","pluggedin-text":"Ziehen Sie das Telefon ab, um Musik zu verwenden.","upgrade-title":"Datenbank-Upgrade","upgrade-text":"Bitte warten Sie, während Musik seine Datenbank aktualisiert.","search-music":{"placeholder":"Musik durchsuchen"},"search-cancel":"Abbrechen","search-artists":"Interpreten","search-albums":"Alben","search-titles":"Titel","search-close":"Schließen","playlists-shuffle-all":"Alle, zufällige Reihenfolge","playlists-highest-rated":"Am höchsten bewertet","playlists-recently-added":"Kürzlich hinzugefügt","playlists-most-played":"Am häufigsten gespielt","playlists-least-played":"Am seltensten gespielt","picker-title":"Lied auswählen","save":"Speichern","saved":"{{title}} in Musik gespeichert","audioinvalid":"Audio kann nicht wiedergegeben werden: Format wird nicht unterstützt oder Datei ist ungültig.","overlay-cancel-button":"Abbrechen","music-paused-notification":"Musikwiedergabe während des Anrufs angehalten"}