{"music":"Μουσική","mix":"Μίξη","playlists":"Aναπαραγωγή","artists":"Καλλιτέχνες","albums":"Άλμπουμ","songs":"Κομμάτια","more":"Περισσότερα","songArtist":"Καλλιτέχνης","songAlbum":"Άλμπουμ","unknownArtist":"Άγνωστος καλλιτέχνης","unknownAlbum":"Άγνωστο άλμπουμ","unknownTitle":"Άγνωστος τίτλος","empty-title":"Προσθέστε τραγούδια για να ξεκινήσετε","empty-text":"Προσθέστε τραγούδια στην κάρτα μνήμης.","nocard2-title":"Δεν βρέθηκε κάρτα μνήμης","nocard3-text":"Insert a memory card to listen to songs.","pluggedin-title":"Δεν μπορείτε να ακούσετε μουσική όσο το τηλέφωνο είναι συνδεδεμένο.","pluggedin-text":"Αποσυνδέστε το τηλέφωνο για να ακούσετε μουσική.","upgrade-title":"Αναβάθμιση Βάσης","upgrade-text":"Παρακαλούμε περιμένετε καθώς η εφαρμογή «Μουσική» ενημερώνει τη βάση της.","search-music":{"placeholder":"Αναζήτηση"},"search-cancel":"Ακύρωση","search-artists":"Καλλιτέχνες","search-albums":"Άλμπουμ","search-titles":"Κομμάτια","search-close":"Κλείσιμο","playlists-shuffle-all":"Τυχαία αναπαραγωγή","playlists-highest-rated":"Υψηλότερα βαθμολογημένα","playlists-recently-added":"Προστέθηκαν πρόσφατα","playlists-most-played":"Δημοφιλέστερα","playlists-least-played":"Λιγότερο δημοφιλή","picker-title":"Επιλογή κομματιού","save":"Αποθήκευση","saved":"{{title}} αποθηκεύτηκε στη Μουσική","audioinvalid":"Δεν είναι δυνατή η αναπαραγωγή του βίντεο: ο τύπος του δεν υποστηρίζεται ή το αρχείο δεν είναι έγκυρο.","overlay-cancel-button":"Cancel","music-paused-notification":"Παύση της μουσικής κατά την κλήση"}