{"music":"Musika","mix":"Nahasi","playlists":"Erreprodukzio-zerrenda","artists":"Artistak","albums":"Albumak","songs":"Abestiak","more":"Gehiago","songArtist":"Abestiaren artista","songAlbum":"Abestiaren albuma","unknownArtist":"Artista ezezaguna","unknownAlbum":"Album ezezaguna","unknownTitle":"Izenburu ezezaguna","empty-title":"Gehitu abestiak erabiltzen hasteko","empty-text":"Kargatu abestiak memoria-txartelean.","nocard2-title":"Ez da memoria-txartelik aurkitu","nocard3-text":"Sartu memoria-txartela abestiak entzuteko.","pluggedin-title":"Ezin da musika erabili telefonoa entxufatuta dagoen bitartean","pluggedin-text":"Desentxufatu telefonoa musika erreproduzitzeko.","upgrade-title":"Datu-basearen bertsio-berritzea","upgrade-text":"Itxaron mesedez musika-aplikazioak bere datu-basea eguneratzen duen artean.","search-music":{"placeholder":"Bilatu musika"},"search-cancel":"Utzi","search-artists":"Artistak","search-albums":"Albumak","search-titles":"Pistak","search-close":"itxi","playlists-shuffle-all":"Nahastu dena","playlists-highest-rated":"Puntuazio altuenak","playlists-recently-added":"Gehitutako azkenak","playlists-most-played":"Erreproduzituenak","playlists-least-played":"Gutxien erreproduzituak","picker-title":"Hautatu pista","save":"Gorde","saved":"{{title}} musika-aplikazioan gordeta","audioinvalid":"Audioa ezin da erreproduzitu: formatua ez da onartzen edo fitxategia baliogabea da.","overlay-cancel-button":"Utzi","music-paused-notification":"Musika pausatuta deian zehar"}