{"music":"Glazba","mix":"Miks","playlists":"Popis izvođenja","artists":"Izvođači","albums":"Albumi","songs":"Pjesme","more":"Više","songArtist":"Izvođač pjesme","songAlbum":"Izvođač albuma","unknownArtist":"Nepoznati izvođač","unknownAlbum":"Nepoznati album","unknownTitle":"Nepoznati naziv","empty-title":"Da biste započeli, dodajte pjesme","empty-text":"Učitaj pjesme s memorijske kartice.","nocard2-title":"Nema memorijske kartice","nocard3-text":"Insert a memory card to listen to songs.","pluggedin-title":"Glazba se ne može preslušavati dok je telefon priključen na punjač","pluggedin-text":"Odspojite telefon s punjača da biste mogli preslušavati glazbu.","upgrade-title":"Nadogradnja baze","upgrade-text":"Pričekajte dok Glazba nadograđuje svoju bazu.","search-music":{"placeholder":"Pretraži glazbu"},"search-cancel":"Otkaži","search-artists":"Izvođači","search-albums":"Albumi","search-titles":"Pjesme","search-close":"zatvori","playlists-shuffle-all":"Izmiješaj sve","playlists-highest-rated":"Najbolje ocijenjeno","playlists-recently-added":"Nedavno dodano","playlists-most-played":"Najviše preslušavano","playlists-least-played":"Najmanje preslušavano","picker-title":"Odaberi pjesmu","save":"Spremi","saved":"Spremi {{title}} pod Muzika","audioinvalid":"Nije moguće pokrenuti audio: format je nepodržan ili je datoteka nevaljana. ","overlay-cancel-button":"Cancel","music-paused-notification":"Glazba pauzirana tijekom poziva"}