{"music":"Zene","mix":"Mix","playlists":"Lejátszólista","artists":"Előadók","albums":"Albumok","songs":"Dalok","more":"Több","songArtist":"Szám előadója","songAlbum":"Szám albuma","unknownArtist":"Ismeretlen előadó","unknownAlbum":"Ismeretlen album","unknownTitle":"Ismeretlen cím","empty-title":"A kezdéshez vegyen fel számokat","empty-text":"Töltsön fel számokat a memóriakártyára.","nocard2-title":"Nem található memóriakártya","nocard3-text":"Zenehallgatáshoz tegye be a memóriakártyát.","pluggedin-title":"A Zene nem használható bedugott állapotban","pluggedin-text":"Húzza ki a telefont a zenehallgatáshoz.","upgrade-title":"Adatbázis-frissítés","upgrade-text":"Kis türelmet a Zene adatbázisának frissítéséig.","search-music":{"placeholder":"Zene keresése"},"search-cancel":"Mégse","search-artists":"Előadók","search-albums":"Albumok","search-titles":"Számok","search-close":"bezárás","playlists-shuffle-all":"Összes véletlenszerűen","playlists-highest-rated":"Legjobb értékelés","playlists-recently-added":"Nemrég hozzáadott","playlists-most-played":"Legtöbb lejátszás","playlists-least-played":"Legkevesebb lejátszás","picker-title":"Szám kiválasztása","save":"Mentés","saved":"{{title}} mentése a Zenék közé megtörtént","audioinvalid":"Nem játszható le: a formátum nem támogatott, vagy a fájl sérült.","overlay-cancel-button":"Mégse","music-paused-notification":"Zene szüneteltetve a hívás alatt"}