{"music":"Musica","mix":"Mix","playlists":"Playlist","artists":"Artisti","albums":"Album","songs":"Canzoni","more":"Altro","songArtist":"Artista canzone","songAlbum":"Album canzone","unknownArtist":"Artista sconosciuto","unknownAlbum":"Album sconosciuto","unknownTitle":"Titolo sconosciuto","empty-title":"Aggiungi delle canzoni per iniziare","empty-text":"Carica delle canzoni sulla scheda di memoria.","nocard2-title":"Scheda di memoria non disponibile","nocard3-text":"Inserire una scheda di memoria per ascoltare musica.","pluggedin-title":"Impossibile utilizzare Musica quando il telefono è collegato","pluggedin-text":"Scollegare il telefono per ascoltare le canzoni.","upgrade-title":"Aggiornamento database","upgrade-text":"Attendere l’aggiornamento del database per Musica.","search-music":{"placeholder":"Cerca in Musica"},"search-cancel":"Annulla","search-artists":"Artisti","search-albums":"Album","search-titles":"Tracce","search-close":"chiudi","playlists-shuffle-all":"Ordine casuale","playlists-highest-rated":"Classifica","playlists-recently-added":"Aggiunte di recente","playlists-most-played":"Più ascoltate","playlists-least-played":"Meno ascoltate","picker-title":"Scegli una traccia","save":"Salva","saved":"{{title}} salvato in Musica","audioinvalid":"Impossibile riprodurre l’audio: formato non supportato o file danneggiato.","overlay-cancel-button":"Annulla","music-paused-notification":"Musica in pausa durante chiamata"}