{"music":"តន្ត្រី","mix":"ចំរុះ","playlists":"បញ្ជី​បទ","artists":"វិចិត្រករ","albums":"អាល់ប៊ុម","songs":"ចម្រៀង","more":"ច្រើន​ទៀត","songArtist":"វិចិត្រករ​ចម្រៀង","songAlbum":"អាល់ប៊ុម​ចម្រៀង","unknownArtist":"មិន​ស្គាល់​វិចិត្រករ","unknownAlbum":"មិន​ស្គាល់​អាល់ប៊ុម","unknownTitle":"មិន​ស្គាល់​ចំណងជើង","empty-title":"បន្ថែម​ចម្រៀង​ដើម្បី​ចាប់ផ្ដើម","empty-text":"ផ្ទុក​ចម្រៀង​លើ​​​កាត​​អង្គ​ចងចាំ។","nocard2-title":"រក​មិន​ឃើញ​កាត​អង្គ​ចងចាំ","nocard3-text":"បញ្ចូល​កាត​អង្គ​ចងចាំ​​ដើម្បី​ស្ដាប់​ចម្រៀង។","pluggedin-title":"មិន​អាច​ចាក់​តន្ត្រី​អំឡុង​ពេល​​​ដោត​សាក​ទូរស័ព្ទ","pluggedin-text":"ឈប់​ដោត​ទូរស័ព្ទ​ដើម្បី​ចាក់​តន្ត្រី។","upgrade-title":"ធ្វើ​ឲ្យ​មូលដ្ឋាន​ទិន្នន័យ​ទាន់​សម័យ","upgrade-text":"សូម​រង់ចាំ​ខណៈ​ពេល​ធ្វើ​បច្ចុប្បន្នភាព​តន្ត្រី​មូលដ្ឋាន​ទិន្នន័យ​របស់​វា។","search-music":{"placeholder":"ស្វែងរក​តន្ត្រី"},"search-cancel":"បោះបង់","search-artists":"វិចិត្រករ","search-albums":"អាល់ប៊ុម","search-titles":"បទ","search-close":"បិទ","playlists-shuffle-all":"សាប់​ទាំងអស់","playlists-highest-rated":"វាយ​តម្លៃ​ខ្ពស់​ជាង​គេ","playlists-recently-added":"បាន​បន្ថែម​ថ្មីៗ","playlists-most-played":"បាន​ចាក់​ច្រើន​បំផុត","playlists-least-played":"បាន​ចាក់​តិច​ជាង​គេ","picker-title":"ជ្រើស​​បទ​ភ្លេង","save":"រក្សាទុក","saved":"បាន​រក្សាទុក {{title}} ទៅ​តន្ត្រី","audioinvalid":"មិន​អាច​ចាក់​សំឡេង៖ ទ្រង់ទ្រាយ​មិន​ត្រូវ​បាន​គាំទ្រ ឬ​ឯកសារ​មិន​ត្រឹមត្រូវ។","overlay-cancel-button":"បោះបង់","music-paused-notification":"បាន​ផ្អាក​តន្ត្រី​អំឡុង​ពេល​​ហៅ"}