{"music":"음악","mix":"믹스","playlists":"재생 목록","artists":"아티스트","albums":"앨범","songs":"노래","more":"자세히","songArtist":"노래 아티스트","songAlbum":"노래 앨범","unknownArtist":"알 수 없는 아티스트","unknownAlbum":"알 수 없는 앨범","unknownTitle":"알 수 없는 제목","empty-title":"음악 파일 가져오기","empty-text":"메모리 카드에서 음악 파일을 불러옵니다.","nocard2-title":"메모리 카드 찾지 못함","nocard3-text":"음악를 듣기 위해 메모리카드를 삽입하십시오.","pluggedin-title":"폰이 연결되어 있으면 음악앱 사용할수 없음","pluggedin-text":"음악을 재생하려면 폰을 빼주시기 바랍니다.","upgrade-title":"데이터베이스 업그레이드","upgrade-text":"음악 데이터베이스를 업데이트하고 있습니다. 잠시 기다려 주세요.","search-music":{"placeholder":"음악 검색"},"search-cancel":"취소","search-artists":"아티스트","search-albums":"앨범","search-titles":"제목","search-close":"닫기","playlists-shuffle-all":"모두 섞기","playlists-highest-rated":"별점이 높은 곡","playlists-recently-added":"최근 추가한 곡","playlists-most-played":"가장 많이 재생한 곡","playlists-least-played":"가장 적게 재생한 곡","picker-title":"노래 선택","save":"저장","saved":"음악 앱에 {{title}} 저장함","audioinvalid":"재생할 수 없음: 파일이 손상되었거나 지원하지 않는 형식입니다.","overlay-cancel-button":"취소","music-paused-notification":"통화하는 동안 음악 잠시 멈춤"}