{"music":"Музика","mix":"Микс","playlists":"Список со песни","artists":"Изведувачи","albums":"Албуми","songs":"Песни","more":"Повеќе","songArtist":"Песна на изведувач","songAlbum":"Песна од албум","unknownArtist":"Непознат изведувач","unknownAlbum":"Непознат албум","unknownTitle":"Непознат наслов","empty-title":"Додајте песни за да започнете","empty-text":"Се вчитуваат песните од мемориската картичка.","nocard2-title":"Нема мемориска картичка","nocard3-text":"Внесете мемориска картичка да слушате песни.","pluggedin-title":"Не може да слушате музика додека телефонот е вклучен","pluggedin-text":"Извадете го кабелот за да слушате музика.","upgrade-title":"Надградба на база","upgrade-text":"Ве молам почекајте додека Музика ја ажурира својата база на податоци.","search-music":{"placeholder":"Пребарај за музика"},"search-cancel":"Откажи","search-artists":"Изведувачи","search-albums":"Албуми","search-titles":"Песни","search-close":"затвори","playlists-shuffle-all":"Измешај сѐ","playlists-highest-rated":"Највисоко рангирани","playlists-recently-added":"Скоро додадени","playlists-most-played":"Најчесто слушани","playlists-least-played":"Најмалку слушани","picker-title":"Избери песна","save":"Сними","saved":"{{title}} е снимено во музика","audioinvalid":"Аудиото не може да се пушти. Форматот не е поддржан или датотеката не е валидна.","overlay-cancel-button":"Откажи","music-paused-notification":"Музиката е паузира додека е во тек повик."}