{"music":"Muzik","mix":"Campur","playlists":"Senarai main","artists":"Artis","albums":"Album","songs":"Lagu","more":"Lagi","songArtist":"Artis lagu","songAlbum":"Album lagu","unknownArtist":"Artis tidak dikenali","unknownAlbum":"Album tidak dikenali","unknownTitle":"Judul tidak dikenali","empty-title":"Tambah lagu untuk memulakan","empty-text":"Memuat lagu pada kad memori.","nocard2-title":"Kad memori tidak ditemui","nocard3-text":"Masukkan kad memori untuk mendengar lagu.","pluggedin-title":"Muzik tidak boleh digunakan ketika telefon dipalam","pluggedin-text":"Cabut plug telefon untuk memainkan muzik.","upgrade-title":"Naiktaraf Pangkalan Data","upgrade-text":"SIla tunggu sementara Muzik menaiktaraf pangkalan datanya.","search-music":{"placeholder":"Cari Muzik"},"search-cancel":"Batal","search-artists":"Artis","search-albums":"Album","search-titles":"Trek","search-close":"tutup","playlists-shuffle-all":"Kocok semua","playlists-highest-rated":"Taraf tertinggi","playlists-recently-added":"Baru-baru ditambah","playlists-most-played":"Sering dimainkan","playlists-least-played":"Jarang dimainkan","picker-title":"Pilih trek","save":"Simpan","saved":"Simpan {{title}} kepada Muzik","audioinvalid":"Audio tidak dapat dimainkan: format tidak disokong atau fail tidak sah.","overlay-cancel-button":"Batal","music-paused-notification":"Muzik dijeda ketika panggilan"}