{"music":"Muziek","mix":"Mix","playlists":"Afspeellijst","artists":"Artiesten","albums":"Albums","songs":"Nummers","more":"Meer","songArtist":"Artiest","songAlbum":"Album","unknownArtist":"Onbekende artiest","unknownAlbum":"Onbekend album","unknownTitle":"Onbekende titel","empty-title":"Voeg nummers toe om te beginnen","empty-text":"Plaats nummers op de geheugenkaart.","nocard2-title":"Geen geheugenkaart gevonden","nocard3-text":"Plaats een geheugenkaart om naar nummers te luisteren.","pluggedin-title":"Muziek kan niet worden gebruikt bij aangesloten telefoon","pluggedin-text":"Ontkoppel de telefoon om muziek af te spelen.","upgrade-title":"Database-upgrade","upgrade-text":"Een moment, database van Muziek wordt bijgewerkt.","search-music":{"placeholder":"Muziek zoeken"},"search-cancel":"Annuleren","search-artists":"Artiesten","search-albums":"Albums","search-titles":"Nummers","search-close":"sluiten","playlists-shuffle-all":"Alles willekeurig","playlists-highest-rated":"Meest gewaardeerd","playlists-recently-added":"Onlangs toegevoegd","playlists-most-played":"Meest afgespeeld","playlists-least-played":"Minst afgespeeld","picker-title":"Selecteer een nummer","save":"Opslaan","saved":"{{title}} opgeslagen in Muziek","audioinvalid":"Audio kan niet worden afgespeeld: de indeling wordt niet ondersteund of het bestand is ongeldig.","overlay-cancel-button":"Annuleren","music-paused-notification":"Muziek gepauzeerd tijdens gesprek"}