{"music":"ਸੰਗੀਤ","mix":"ਰਲਵੇਂ","playlists":"ਪਲੇਅਲਿਸਟ","artists":"ਕਲਾਕਾਰ","albums":"ਐਲਬਮ","songs":"ਗੀਤ","more":"ਹੋਰ","songArtist":"ਗੀਤ ਕਲਾਕਾਰ","songAlbum":"ਗੀਤ ਐਲਬਮ","unknownArtist":"ਅਣਜਾਣ ਕਲਾਕਾਰ","unknownAlbum":"ਅਣਜਾਣ ਐਲਬਮ","unknownTitle":"ਅਣਜਾਣ ਨਾਂ","empty-title":"ਸ਼ੁਰੂ ਕਰਨ ਲਈ ਗੀਤ ਜੋੜੋ","empty-text":"ਮੈਮੋਰੀ ਕਾਰਡ ਤੋਂ ਗੀਤ ਲੋਡ ਕਰੋ।","nocard2-title":"ਮੈਮੋਰੀ ਕਾਰਡ ਨਹੀਂ ਲੱਭਿਆ","nocard3-text":"ਗਾਣੇ ਸੁਣਨ ਲਈ ਮੈਮੋਰੀ ਕਾਰਡ ਪਾਉ।","pluggedin-title":"ਫੋਨ ਦਾ ਪਲੱਗ ਲੱਗਾ ਹੋਣ ਦੇ ਦੌਰਾਨ ਸੰਗੀਤ ਸੁਣਿਆ ਨਹੀਂ ਜਾ ਸਕਦਾ","pluggedin-text":"ਸੰਗੀਤ ਸੁਣਨ ਲਈ ਫੋਨ ਦਾ ਪਲੱਗ ਕੱਢੋ।","upgrade-title":"ਡਾਟਾਬੇਸ ਅੱਪਗਰੇਡ","upgrade-text":"ਸੰਗੀਤ ਨੂੰ ਆਪਣਾ ਡਾਟਾਬੇਸ ਅੱਪਡੇਟ ਕਰਨ ਦੌਰਾਨ ਉਡੀਕੋ ਜੀ।","search-music":{"placeholder":"ਸੰਗੀਤ ਖੋਜ"},"search-cancel":"ਰੱਦ ਕਰੋ","search-artists":"ਕਲਾਕਾਰ","search-albums":"ਐਲਬਮ","search-titles":"ਟਰੈਕ","search-close":"ਬੰਦ ਕਰੋ","playlists-shuffle-all":"ਸਭ ਰਲਾਉ","playlists-highest-rated":"ਸਭ ਤੋਂ ਵੱਧ ਰੇਟ ਕੀਤੇ","playlists-recently-added":"ਤਾਜ਼ਾ ਸ਼ਾਮਿਲ ਕੀਤੇ","playlists-most-played":"ਸਭ ਤੋਂ ਵੱਧ ਚਲਾਏ","playlists-least-played":"ਸਭ ਤੋਂ ਘੱਟ ਚਲਾਏ","picker-title":"ਟਰੈਕ ਚੁਣੋ","save":"ਸੰਭਾਲੋ","saved":"{{title}} ਸੰਗੀਤ ਵਿੱਚ ਸੰਭਾਲਿਆ","audioinvalid":"ਆਡੀਓ ਚਲਾਇਆ ਨਹੀਂ ਜਾ ਸਕਦਾ: ਫਾਰਮੈਟ ਸਹਾਇਕ ਨਹੀਂ ਹੈ ਜਾਂ ਫਾਇਲ ਗਲਤ ਹੈ।","overlay-cancel-button":"ਰੱਦ ਕਰੋ","music-paused-notification":"ਕਾਲ ਦੇ ਦੌਰਾਨ ਸੰਗੀਤ ਵਿਰਾਮ ਹੁੰਦਾ ਹੈ"}