{"music":"Músicas","mix":"Mix","playlists":"Listas","artists":"Artistas","albums":"Álbuns","songs":"Músicas","more":"Mais","songArtist":"Artista da música","songAlbum":"Álbum da música","unknownArtist":"Artista desconhecido","unknownAlbum":"Álbum desconhecido","unknownTitle":"Título desconhecido","empty-title":"Adicione músicas para começar","empty-text":"Copie músicas para o cartão de memória.","nocard2-title":"Nenhum cartão de memória","nocard3-text":"Insert a memory card to listen to songs.","pluggedin-title":"Cartão de memória em uso","pluggedin-text":"Desplugue seu aparelho para usar este aplicativo.","upgrade-title":"Atualizando dados","upgrade-text":"Por favor, aguarde enquanto os dados são atualizados.","search-music":{"placeholder":"Procurar músicas"},"search-cancel":"Cancelar","search-artists":"Artistas","search-albums":"Álbums","search-titles":"Faixas","search-close":"fechar","playlists-shuffle-all":"Misturar tudo","playlists-highest-rated":"Melhor avaliadas","playlists-recently-added":"Adicionadas recentemente","playlists-most-played":"Mais tocadas","playlists-least-played":"Menos tocadas","picker-title":"Selecione uma faixa","save":"Salvar","saved":"{{title}} salva em Músicas","audioinvalid":"O áudio não pode ser reproduzido: o formato não é suportado ou o arquivo é inválido.","overlay-cancel-button":"Cancel","music-paused-notification":"Music paused during the call"}