{"music":"Muzică","mix":"Amestec","playlists":"Listă de redare","artists":"Artiști","albums":"Albume","songs":"Melodii","more":"Mai multe","songArtist":"Artist","songAlbum":"Album","unknownArtist":"Artist necunoscut","unknownAlbum":"Album necunoscut","unknownTitle":"Titlu necunoscut","empty-title":"Adaugă melodii pentru a începe","empty-text":"Încarcă melodii de pe cardul de memorie.","nocard2-title":"Niciun card de memorie găsit","nocard3-text":"Inserează un card de memorie pentru a asculta melodii.","pluggedin-title":"Muzica nu poate fi folosită cât timp telefonul este conectat","pluggedin-text":"Deconectează telefonul pentru a reda muzică.","upgrade-title":"Actualizarea bazei de date","upgrade-text":"Te rugăm să aștepți cât timp Muzică își actualizează baza de date.","search-music":{"placeholder":"Caută muzică"},"search-cancel":"Renunță","search-artists":"Artiști","search-albums":"Albume","search-titles":"Piese","search-close":"închide","playlists-shuffle-all":"Amestecă toate piesele","playlists-highest-rated":"Cele mai votate","playlists-recently-added":"Adăugate recent","playlists-most-played":"Cele mai redate","playlists-least-played":"Cele mai puțin redate","picker-title":"Selectează o piesă","save":"Salvează","saved":"{{title}} salvat în Muzică","audioinvalid":"Audio nu poate fi redat: nu este suportat sau fișierul este invalid.","overlay-cancel-button":"Renunță","music-paused-notification":"Muzică pusă pe pauză în timpul apelului"}