{"music":"Hudba","mix":"Mix","playlists":"Zoznam skladieb","artists":"Interpreti","albums":"Albumy","songs":"Skladby","more":"Iné","songArtist":"Interpret skladby","songAlbum":"Album skladby","unknownArtist":"Neznámy interpret","unknownAlbum":"Neznámy album","unknownTitle":"Neznámy názov","empty-title":"Začnite pridaním skladieb","empty-text":"Načítajte skladby na pamäťovú kartu.","nocard2-title":"Pamäťová karta sa nenašla","nocard3-text":"Ak chcete počúvať hudbu, vložte pamäťovú kartu.","pluggedin-title":"Hudbu nemožno použiť, pokiaľ je telefón pripojený","pluggedin-text":"Pre spustenie prehrávania odpojte telefón.","upgrade-title":"Aktualizácia databázy","upgrade-text":"Počkajte, kým aplikácia Hudba aktualizuje svoju databázu.","search-music":{"placeholder":"Hľadať hudbu"},"search-cancel":"Zrušiť","search-artists":"Interpreti","search-albums":"Albumy","search-titles":"Skladby","search-close":"Zavrieť","playlists-shuffle-all":"Náhodne všetko","playlists-highest-rated":"Najvyššie hodnotené","playlists-recently-added":"Naposledy pridané","playlists-most-played":"Najviac prehrávané","playlists-least-played":"Najmenej prehrávané","picker-title":"Zvoľte skladbu","save":"Uložiť","saved":"Skladba {{title}} uložená do priečinka Hudba","audioinvalid":"Zvuk nie je možné prehrať: formát nie je podporovaný alebo súbor nie je platný.","overlay-cancel-button":"Zrušiť","music-paused-notification":"Prehrávanie hudby počas hovoru pozastavené"}