{"music":"Muzikë","mix":"Miks","playlists":"Luajlistë","artists":"Artistë","albums":"Albume","songs":"Pjesë","more":"Më tepër","songArtist":"Artisti i pjesës","songAlbum":"Albumi i pjesës","unknownArtist":"Artist i panjohur","unknownAlbum":"Album i panjohur","unknownTitle":"Titull i panjohur","empty-title":"Që të fillohet, shtoni pjesë","empty-text":"Ngarkoni pjesë te karta e kujtesës.","nocard2-title":"Nuk u gjet kartë kujtese","nocard3-text":"Që të dëgjoni pjesë, futni një kartë kujtese.","pluggedin-title":"Nuk luhet dot muzikë, kur telefoni është në prizë","pluggedin-text":"Hiqeni telefonin nga priza që të luhet muzikë.","upgrade-title":"Përmirësim Baze të Dhënash","upgrade-text":"Ju lutemi, prisni teksa Muzika përditëson bazën e vet të të dhënave.","search-music":{"placeholder":"Kërkoni Muzikë"},"search-cancel":"Anuloje","search-artists":"Artistë","search-albums":"Albume","search-titles":"Pjesë","search-close":"mbylle","playlists-shuffle-all":"Përzieji krejt","playlists-highest-rated":"Më të vlerësuarat","playlists-recently-added":"Shtuar së fundmi","playlists-most-played":"Më të luajturat","playlists-least-played":"Më pak të luajturat","picker-title":"Përzgjidhni një pjesë","save":"Ruaje","saved":"{{title}} u ruajt te Muzika","audioinvalid":"Nuk luhet dot audioja: formati është i pambuluar ose kartela është e pavlefshme.","overlay-cancel-button":"Anuloje","music-paused-notification":"Me muzikë të ndalur gjatë thirrjeve"}