{"music":"Музика","mix":"Микс","playlists":"Списак извођења","artists":"Извођачи","albums":"Албуми","songs":"Песме","more":"Још","songArtist":"Извођач песме","songAlbum":"Албум песме","unknownArtist":"Непознат извођач","unknownAlbum":"Непознат албум","unknownTitle":"Непознат наслов","empty-title":"Да бисте започели, додајте песме","empty-text":"Учитајте песме са меморијке картице.","nocard2-title":"Није пронађена меморијска картица","nocard3-text":"Утакните меморијску картицу да бисте слушали музику.","pluggedin-title":"Музика не може да се преслуша док је телефон прикључен каблом","pluggedin-text":"Извуците кабeл из телефонa да бисте пустили музику.","upgrade-title":"Надоградња базе података","upgrade-text":"Молим Вас сачекајте док апликација Музика ажурира своју базу података.","search-music":{"placeholder":"Претражи музику"},"search-cancel":"Одустани","search-artists":"Извођачи","search-albums":"Албуми","search-titles":"Песме","search-close":"затвори","playlists-shuffle-all":"Мешај све","playlists-highest-rated":"Најбоље оцењено","playlists-recently-added":"Скоро додато","playlists-most-played":"Највише слушано","playlists-least-played":"Најмање слушано","picker-title":"Одаберите песму","save":"Сними","saved":"{{title}} је сачуван","audioinvalid":"Звук не може бити репродукован: формат датотеке није подржан или је датотека неисправна.","overlay-cancel-button":"Откажи","music-paused-notification":"Музика је паузирана током позива"}