{"music":"Muzika","mix":"Miks","playlists":"Spisak izvođenja","artists":"Izvođači","albums":"Albumi","songs":"Pesme","more":"Još","songArtist":"Izvođač pesme","songAlbum":"Album pesme","unknownArtist":"Nepoznat izvođač","unknownAlbum":"Nepoznat album","unknownTitle":"Nepoznat naslov","empty-title":"Da biste započeli, dodajte pesme","empty-text":"Učitajte pesme sa memorijke kartice.","nocard2-title":"Nije pronađena memorijska kartica","nocard3-text":"Utaknite memorijsku karticu da biste slušali muziku.","pluggedin-title":"Muzika ne može da se presluša dok je telefon priključen kablom","pluggedin-text":"Izvucite kabel iz telefona da biste pustili muziku.","upgrade-title":"Nadogradnja baze podataka","upgrade-text":"Molim Vas sačekajte dok aplikacija Muzika ažurira svoju bazu podataka.","search-music":{"placeholder":"Pretraži muziku"},"search-cancel":"Odustani","search-artists":"Izvođači","search-albums":"Albumi","search-titles":"Pesme","search-close":"zatvori","playlists-shuffle-all":"Mešaj sve","playlists-highest-rated":"Najbolje ocenjeno","playlists-recently-added":"Skoro dodato","playlists-most-played":"Najviše slušano","playlists-least-played":"Najmanje slušano","picker-title":"Odaberite pesmu","save":"Snimi","saved":"{{title}} je sačuvan","audioinvalid":"Zvuk ne može biti reprodukovan: format datoteke nije podržan ili je datoteka neispravna.","overlay-cancel-button":"Otkaži","music-paused-notification":"Muzika je pauzirana tokom poziva"}