{"music":"Müzik","mix":"Karıştır","playlists":"Çalma listesi","artists":"Sanatçılar","albums":"Albümler","songs":"Şarkılar","more":"Daha fazlası","songArtist":"Şarkı sanatçısı","songAlbum":"Şarkı albümü","unknownArtist":"Bilinmeyen sanatçı","unknownAlbum":"Bilinmeyen albüm","unknownTitle":"Bilinmeyen başlık","empty-title":"Başlamak için şarkı ekleyin","empty-text":"Şarkıları bellek kartına yükleyin.","nocard2-title":"Bellek kartı bulunamadı","nocard3-text":"Şarkı dinlemek için bir bellek kartı takın.","pluggedin-title":"Telefon fişe takılıyken Müzik kullanılamaz","pluggedin-text":"Müzik çalmak için telefonun fişini çekin.","upgrade-title":"Veritabanı Yükseltme","upgrade-text":"Müzik veritabanı yükseltilirken lütfen bekleyin.","search-music":{"placeholder":"Müzik Ara"},"search-cancel":"İptal","search-artists":"Sanatçılar","search-albums":"Albümler","search-titles":"Parçalar","search-close":"kapat","playlists-shuffle-all":"Tümünü karıştır","playlists-highest-rated":"En yüksek puanlılar","playlists-recently-added":"Yeni eklenenler","playlists-most-played":"En çok çalınanlar","playlists-least-played":"En az çalınanlar","picker-title":"Parça seçin","save":"Kaydet","saved":"{{title}} Müzik'e kaydedildi            ","audioinvalid":"Ses çalınamıyor: Biçim desteklenmiyor veya dosya geçersiz.","overlay-cancel-button":"İptal","music-paused-notification":"Arama sırasında müzik duraklatıldı"}