{"ringtone-title":"রিংটোন নির্বাচন","alerttone-title":"সতর্ক টোন নির্বাচন","done":"সম্পন্ন","ringer_classic_prism_ogg":"ক্লাসিক প্রিসম","ringer_classic_courier_opus":"ক্লাসিক কুরিয়ার","ringer_classic_touchmatic_opus":"ক্লাসিক টাচমেটিক","ringer_classic_electric_ogg":"ক্লাসিক্যাল ইলেক্ট্রিক","ringer_classic_wallphone_ogg":"ক্লাসিক ওয়ালফোন","ringer_disco_drive_opus":"ডিস্কো ড্রাইভ","ringer_vamos_la_elektro_opus":"ভামোস লা ইলেকট্রো","ringer_digitalascent_opus":"অ্যানালগ অ্যাসেন্ট","ringer_low_bit_swing_opus":"লো বিট সুইং","ringer_ringing_gems_opus":"রিংগিং জেমস","ringer_rain_echoes_opus":"রেইন ইকোস","ringer_progressive_dapple_opus":"প্রোগ্রেসিভ ড্যাপল","ringer_digital_dapple_opus":"অ্যানালগ ড্যাপল","ringer_loud_windchimes_opus":"উইন্ড চাইম্স","ringer_bitbounce_opus":"বিট বাউন্স","none":"কিছু নয়","notifier_minimal_bands_ogg":"নূন্যতম ব্যান্ড","notifier_exclamation_ogg":"এক্সক্লামেসন","notifier_boomer_opus":"বুমার","notifier_rewind_ogg":"রিওয়াইন্ড","notifier_bop_opus":"বুপ","notifier_ting_opus":"টিং","notifier_bap_opus":"ব্যাপ","notifier_dididi_opus":"ডিডিডি","notifier_spring_ogg":"স্প্রিং","notifier_bell_opus":"বেল","notifier_bell_extd_opus":"বেল এক্সটেন্ডেড","notifier_ring_ogg":"রিং"}