{"ringtone-title":"Trieu to de trucada","alerttone-title":"Trieu to d'alerta","done":"Fet","ringer_classic_prism_ogg":"Prisma clàssic","ringer_classic_courier_opus":"Courier clàssic","ringer_classic_touchmatic_opus":"Touchmatic clàssic","ringer_classic_electric_ogg":"Elèctric clàssic","ringer_classic_wallphone_ogg":"Telèfon clàssic","ringer_disco_drive_opus":"Disco Drive","ringer_vamos_la_elektro_opus":"Vamos Là Elektro","ringer_digitalascent_opus":"Analog Ascent","ringer_low_bit_swing_opus":"Low Bit Swing","ringer_ringing_gems_opus":"Gemmes sonores","ringer_rain_echoes_opus":"Ecos de pluja","ringer_progressive_dapple_opus":"Progressive Dapple","ringer_digital_dapple_opus":"Analog Dapple","ringer_loud_windchimes_opus":"Sonalles eòliques","ringer_bitbounce_opus":"Rebot de bits","none":"Cap","notifier_minimal_bands_ogg":"Bandes minimalistes","notifier_exclamation_ogg":"Exclamació","notifier_boomer_opus":"Renou","notifier_rewind_ogg":"Rebobina","notifier_bop_opus":"Bop","notifier_ting_opus":"Ting","notifier_bap_opus":"Bap","notifier_dididi_opus":"Dididi","notifier_spring_ogg":"Molla","notifier_bell_opus":"Campana","notifier_bell_extd_opus":"Campana (llarg)","notifier_ring_ogg":"Trucada"}