{"ringtone-title":"Vælg ringetone","alerttone-title":"Vælg alarm","done":"Færdig","ringer_classic_prism_ogg":"Elektrisk ringetone","ringer_classic_courier_opus":"Skinger ringetone","ringer_classic_touchmatic_opus":"Vanvittig ringetone","ringer_classic_electric_ogg":"Gammel ringetone","ringer_classic_wallphone_ogg":"Oldgammel ringetone","ringer_disco_drive_opus":"Disco","ringer_vamos_la_elektro_opus":"Electro","ringer_digitalascent_opus":"Tiltagende stueorgel","ringer_low_bit_swing_opus":"Funky","ringer_ringing_gems_opus":"Ringende smykker","ringer_rain_echoes_opus":"Regnende ekko","ringer_progressive_dapple_opus":"Tiltagende væverier","ringer_digital_dapple_opus":"Analoge væverier","ringer_loud_windchimes_opus":"Vindharper","ringer_bitbounce_opus":"Trommehop","none":"Ingen","notifier_minimal_bands_ogg":"Miniband","notifier_exclamation_ogg":"Udråb","notifier_boomer_opus":"Boom boom","notifier_rewind_ogg":"Tilbage","notifier_bop_opus":"Bop","notifier_ting_opus":"Ting","notifier_bap_opus":"Bap","notifier_dididi_opus":"Dididi","notifier_spring_ogg":"Fjeder","notifier_bell_opus":"Klokke","notifier_bell_extd_opus":"Lang klokke","notifier_ring_ogg":"Ring"}