{"ringtone-title":"Hautatu txirrin-tonua","alerttone-title":"Hautatu alerta-tonua","done":"Eginda","ringer_classic_prism_ogg":"Prisma klasikoa","ringer_classic_courier_opus":"Mezulari klasikoa","ringer_classic_touchmatic_opus":"Touchmatic klasikoa","ringer_classic_electric_ogg":"Elektriko klasikoa","ringer_classic_wallphone_ogg":"Telefono klasikoa","ringer_disco_drive_opus":"Disco Drive","ringer_vamos_la_elektro_opus":"Vamos Là Elektro","ringer_digitalascent_opus":"Analogiko gorakorra","ringer_low_bit_swing_opus":"Bit baxuko dilinda","ringer_ringing_gems_opus":"Harribitxi-hotsa","ringer_rain_echoes_opus":"Euri-oihartzuna","ringer_progressive_dapple_opus":"Dapple progresiboa","ringer_digital_dapple_opus":"Dapple analogikoa","ringer_loud_windchimes_opus":"Haize-hotsa","ringer_bitbounce_opus":"Bit-punpa","none":"Bat ere ez","notifier_minimal_bands_ogg":"Banda minimalista","notifier_exclamation_ogg":"Deiadarra","notifier_boomer_opus":"Burrunba","notifier_rewind_ogg":"Birbobinatzea","notifier_bop_opus":"Bop","notifier_ting_opus":"Ting","notifier_bap_opus":"Bap","notifier_dididi_opus":"Dididi","notifier_spring_ogg":"Udaberria","notifier_bell_opus":"Kanpaia","notifier_bell_extd_opus":"Kanpai hedatua","notifier_ring_ogg":"Txirrina"}