{"ringtone-title":"Choisir sonnerie","alerttone-title":"Choisir alerte","done":"Terminé","ringer_classic_prism_ogg":"Téléphone 1","ringer_classic_courier_opus":"Téléphone 2","ringer_classic_touchmatic_opus":"Téléphone 3","ringer_classic_electric_ogg":"Ancien téléphone 1","ringer_classic_wallphone_ogg":"Ancien téléphone 2","ringer_disco_drive_opus":"Disco Drive","ringer_vamos_la_elektro_opus":"Vamos La Elektro","ringer_digitalascent_opus":"Progressif 1","ringer_low_bit_swing_opus":"Oscillation électro","ringer_ringing_gems_opus":"Sonnerie cristalline","ringer_rain_echoes_opus":"Gouttes de pluie","ringer_progressive_dapple_opus":"Progressif 2","ringer_digital_dapple_opus":"Numérique","ringer_loud_windchimes_opus":"Carillon","ringer_bitbounce_opus":"Petit rebond","none":"Aucune","notifier_minimal_bands_ogg":"Minimaliste","notifier_exclamation_ogg":"Exclamation","notifier_boomer_opus":"Porte","notifier_rewind_ogg":"En arrière","notifier_bop_opus":"Bop","notifier_ting_opus":"Ding","notifier_bap_opus":"Bip","notifier_dididi_opus":"Tidi","notifier_spring_ogg":"Ressort","notifier_bell_opus":"Cloche","notifier_bell_extd_opus":"Cloche (long)","notifier_ring_ogg":"Sonnerie"}