{"ringtone-title":"Csengőhang","alerttone-title":"Riasztáshang","done":"Kész","ringer_classic_prism_ogg":"Klasszikus Prism","ringer_classic_courier_opus":"Klasszikus Courier","ringer_classic_touchmatic_opus":"Klasszikus Touchmatic","ringer_classic_electric_ogg":"Klasszikus elektromos","ringer_classic_wallphone_ogg":"Klasszikus berregés","ringer_disco_drive_opus":"Diszkókirály","ringer_vamos_la_elektro_opus":"Vamos Là Elektro","ringer_digitalascent_opus":"Analóg emelkedés","ringer_low_bit_swing_opus":"Egyszerű ritmus","ringer_ringing_gems_opus":"Csengő drágakövek","ringer_rain_echoes_opus":"Esővisszhang","ringer_progressive_dapple_opus":"Progresszív minta","ringer_digital_dapple_opus":"Analóg minta","ringer_loud_windchimes_opus":"Szélzúgás","ringer_bitbounce_opus":"Pattogó bitek","none":"Nincs","notifier_minimal_bands_ogg":"Minimális sávok","notifier_exclamation_ogg":"Felkiáltás","notifier_boomer_opus":"Bumm","notifier_rewind_ogg":"Vissza","notifier_bop_opus":"Bop","notifier_ting_opus":"Ting","notifier_bap_opus":"Bap","notifier_dididi_opus":"Dididi","notifier_spring_ogg":"Rugó","notifier_bell_opus":"Csengő","notifier_bell_extd_opus":"Hosszú csengő","notifier_ring_ogg":"Csengetés"}