{"ringtone-title":"ជ្រើស​សំឡេង​រោទ៍","alerttone-title":"ជ្រើស​សំឡេង​ជូន​ដំណឹង","done":"រួចរាល់","ringer_classic_prism_ogg":"តន្ត្រី​ព្រិស្ម​","ringer_classic_courier_opus":"តន្ត្រី​រេប","ringer_classic_touchmatic_opus":"តន្ត្រី Touchmatic","ringer_classic_electric_ogg":"តន្ត្រី​រំភើប​ចិត្ត","ringer_classic_wallphone_ogg":"តន្ត្រី Wallphone","ringer_disco_drive_opus":"ដាស​ឌីស្កូ","ringer_vamos_la_elektro_opus":"Vamos Là Elektro","ringer_digitalascent_opus":"រលក​សញ្ញា​ឡើង","ringer_low_bit_swing_opus":"សំឡេង​យោង​កម្រិត​ទាប","ringer_ringing_gems_opus":"Ringing Gems","ringer_rain_echoes_opus":"សូរខ្ទ័រ​ទឹក​ភ្លៀង","ringer_progressive_dapple_opus":"Progressive Dapple","ringer_digital_dapple_opus":"Analog Dapple","ringer_loud_windchimes_opus":"សូរ​កណ្ដឹង​អឺងកង","ringer_bitbounce_opus":"Bit Bounce","none":"គ្មាន","notifier_minimal_bands_ogg":"ក្រុម​តូច​បំផុត","notifier_exclamation_ogg":"ការ​លាន់មាត់","notifier_boomer_opus":"Boomer","notifier_rewind_ogg":"ខា​រ​ថយ​ក្រោយ","notifier_bop_opus":"Bop","notifier_ting_opus":"Ting","notifier_bap_opus":"Bap","notifier_dididi_opus":"Dididi","notifier_spring_ogg":"Spring","notifier_bell_opus":"កណ្ដឹង","notifier_bell_extd_opus":"Bell Extended","notifier_ring_ogg":"រោទ៍"}