{"ringtone-title":"벨소리 선택","alerttone-title":"알림 소리 선택","done":"완료","ringer_classic_prism_ogg":"클래식 프리즘","ringer_classic_courier_opus":"클래식 커리어","ringer_classic_touchmatic_opus":"클래식 터치매틱","ringer_classic_electric_ogg":"클래식 일렉트링","ringer_classic_wallphone_ogg":"클래식 월폰","ringer_disco_drive_opus":"디스코 드라이브","ringer_vamos_la_elektro_opus":"Vamos Là Elektro","ringer_digitalascent_opus":"아날로그 상승","ringer_low_bit_swing_opus":"낮은 비트 스윙","ringer_ringing_gems_opus":"울리는 보석","ringer_rain_echoes_opus":"비 메아리","ringer_progressive_dapple_opus":"점진적인 얼룩덜룩","ringer_digital_dapple_opus":"아날로그 얼룩덜룩","ringer_loud_windchimes_opus":"윈드벨","ringer_bitbounce_opus":"비트 바운스","none":"없음","notifier_minimal_bands_ogg":"작은 밴드","notifier_exclamation_ogg":"감탄","notifier_boomer_opus":"부머","notifier_rewind_ogg":"되감기","notifier_bop_opus":"밥","notifier_ting_opus":"딸랑딸라","notifier_bap_opus":"뱁","notifier_dididi_opus":"디디디","notifier_spring_ogg":"봄","notifier_bell_opus":"벨","notifier_bell_extd_opus":"벨 확장","notifier_ring_ogg":"따르릉"}