{"ringtone-title":"रिङ्टोन् चयन गर्नुहोस्","alerttone-title":"सावधानी टोन चयन गर्नुहोस्","done":"गरियो","ringer_classic_prism_ogg":"Classic Prism","ringer_classic_courier_opus":"Classic Courier","ringer_classic_touchmatic_opus":"Classic Touchmatic","ringer_classic_electric_ogg":"Classic Electric","ringer_classic_wallphone_ogg":"Classic Wallphone","ringer_disco_drive_opus":"डिस्को ड्राइभ","ringer_vamos_la_elektro_opus":"Vamos Là Elektro","ringer_digitalascent_opus":"Analog Ascent","ringer_low_bit_swing_opus":"Low Bit Swing","ringer_ringing_gems_opus":"Ringing Gems","ringer_rain_echoes_opus":"Rain Echoes","ringer_progressive_dapple_opus":"Progressive Dapple","ringer_digital_dapple_opus":"Analog Dapple","ringer_loud_windchimes_opus":"Wind Chimes","ringer_bitbounce_opus":"Bit Bounce","none":"कुनै पनि होइन","notifier_minimal_bands_ogg":"न्यूनतम ब्यान्डहरु","notifier_exclamation_ogg":"एक्स्क्लामेसन्","notifier_boomer_opus":"बुमर","notifier_rewind_ogg":"रिवाईन्ड","notifier_bop_opus":"Bop","notifier_ting_opus":"टिङ्","notifier_bap_opus":"Bap","notifier_dididi_opus":"Dididi","notifier_spring_ogg":"वसन्त ऋतु","notifier_bell_opus":"घण्टी","notifier_bell_extd_opus":"घण्टी विस्तारित","notifier_ring_ogg":"रिङ"}