{"ringtone-title":"ਰਿੰਗ-ਟੋਨ ਚੁਣੋ","alerttone-title":"ਚੇਤਾਵਨੀ ਟੋਨ ਚੁਣੋ","done":"ਮੁਕੰਮਲ","ringer_classic_prism_ogg":"ਟਕਸਾਲੀ ਪ੍ਰਿਜ਼ਮ","ringer_classic_courier_opus":"ਟਕਸਾਲੀ ਕੂਰੀਅਰ","ringer_classic_touchmatic_opus":"ਟਕਸਾਲੀ Touchmatic","ringer_classic_electric_ogg":"ਟਕਸਾਲੀ ਇਲੈਕਟ੍ਰਿਕ","ringer_classic_wallphone_ogg":"ਟਕਸਾਲੀ ਵਾਲਫੋਨ","ringer_disco_drive_opus":"ਡਿਸਕੋ ਡਰਾਇਵ","ringer_vamos_la_elektro_opus":"Vamos Là Elektro","ringer_digitalascent_opus":"Analog Ascent","ringer_low_bit_swing_opus":"Low Bit Swing","ringer_ringing_gems_opus":"Ringing Gems","ringer_rain_echoes_opus":"Rain Echoes","ringer_progressive_dapple_opus":"Progressive Dapple","ringer_digital_dapple_opus":"Analog Dapple","ringer_loud_windchimes_opus":"Wind Chimes","ringer_bitbounce_opus":"Bit Bounce","none":"ਕੋਈ ਨਹੀਂ","notifier_minimal_bands_ogg":"Minimal Bands","notifier_exclamation_ogg":"Exclamation","notifier_boomer_opus":"Boomer","notifier_rewind_ogg":"Rewind","notifier_bop_opus":"ਬੁਪ","notifier_ting_opus":"ਟਿੰਗ","notifier_bap_opus":"ਬਾਪ","notifier_dididi_opus":"ਦੀਦੀਦੀ","notifier_spring_ogg":"ਸਪਰਿੰਗ","notifier_bell_opus":"ਘੰਟੀ","notifier_bell_extd_opus":"Bell Extended","notifier_ring_ogg":"ਰਿੰਗ"}