{"ringtone-title":"Wybór dzwonka","alerttone-title":"Wybór alarmu","done":"Gotowe","ringer_classic_prism_ogg":"Classic Prism","ringer_classic_courier_opus":"Classic Courier","ringer_classic_touchmatic_opus":"Telefon elektroniczny","ringer_classic_electric_ogg":"Telefon elektryczny","ringer_classic_wallphone_ogg":"Telefon ścienny","ringer_disco_drive_opus":"Soft disco","ringer_vamos_la_elektro_opus":"Vamos Là Elektro","ringer_digitalascent_opus":"Analog Ascent","ringer_low_bit_swing_opus":"Low Bit Swing","ringer_ringing_gems_opus":"Dźwięczne kryształy","ringer_rain_echoes_opus":"Krople deszczu","ringer_progressive_dapple_opus":"Progressive Dapple","ringer_digital_dapple_opus":"Analog Dapple","ringer_loud_windchimes_opus":"Hulający wiatr","ringer_bitbounce_opus":"Bit Bounce","none":"Brak","notifier_minimal_bands_ogg":"Prosta harfa","notifier_exclamation_ogg":"Hej!","notifier_boomer_opus":"Bomba","notifier_rewind_ogg":"Retrospekcja","notifier_bop_opus":"Bop","notifier_ting_opus":"Pyk","notifier_bap_opus":"Bap","notifier_dididi_opus":"Trala","notifier_spring_ogg":"Sprężyna","notifier_bell_opus":"Dzwonek","notifier_bell_extd_opus":"Dłuższy dzwonek","notifier_ring_ogg":"Dzyń"}