{"ringtone-title":"Выбор звука","alerttone-title":"Выбор звука","done":"Готово","ringer_classic_prism_ogg":"Классический","ringer_classic_courier_opus":"Офисный","ringer_classic_touchmatic_opus":"Зуммер","ringer_classic_electric_ogg":"Электрический","ringer_classic_wallphone_ogg":"Старый","ringer_disco_drive_opus":"Дискодрайв","ringer_vamos_la_elektro_opus":"Vamos Là Elektro","ringer_digitalascent_opus":"Аналоговый восход","ringer_low_bit_swing_opus":"Низкобитный свинг","ringer_ringing_gems_opus":"Звенящие самоцветы","ringer_rain_echoes_opus":"Эхо дождя","ringer_progressive_dapple_opus":"Нарастающие волны","ringer_digital_dapple_opus":"Аналоговые волны","ringer_loud_windchimes_opus":"Струны ветра","ringer_bitbounce_opus":"Технобит","none":"Нет","notifier_minimal_bands_ogg":"Минимелодия","notifier_exclamation_ogg":"Восклицание","notifier_boomer_opus":"Гармонь","notifier_rewind_ogg":"Перемотка","notifier_bop_opus":"Боп","notifier_ting_opus":"Писк","notifier_bap_opus":"Бап","notifier_dididi_opus":"Дидиди","notifier_spring_ogg":"Пружина","notifier_bell_opus":"Трам","notifier_bell_extd_opus":"Тадам","notifier_ring_ogg":"Бинг"}