{"ringtone-title":"Zil sesi seçin","alerttone-title":"Uyarı sesi seçin","done":"Bitti","ringer_classic_prism_ogg":"Klasik Prizma","ringer_classic_courier_opus":"Klasik Kurye","ringer_classic_touchmatic_opus":"Klasik Dokunmatik","ringer_classic_electric_ogg":"Klasik Elektrik","ringer_classic_wallphone_ogg":"Klasik Duvar Telefonu","ringer_disco_drive_opus":"Disko Sürüşü","ringer_vamos_la_elektro_opus":"Vamos Là Elektro","ringer_digitalascent_opus":"Analog Yükselme","ringer_low_bit_swing_opus":"Alçak Bit Salınım","ringer_ringing_gems_opus":"Mücevherler","ringer_rain_echoes_opus":"Yağmur Yankıları","ringer_progressive_dapple_opus":"İlerleyen Puanlar","ringer_digital_dapple_opus":"Analog Puanlar","ringer_loud_windchimes_opus":"Rüzgâr Çanları","ringer_bitbounce_opus":"Bit Sıçraması","none":"Hiçbiri","notifier_minimal_bands_ogg":"Minimal Bantlar","notifier_exclamation_ogg":"Ünlem","notifier_boomer_opus":"Boomer","notifier_rewind_ogg":"Geri Sar","notifier_bop_opus":"Bop","notifier_ting_opus":"Ting","notifier_bap_opus":"Bap","notifier_dididi_opus":"Dididi","notifier_spring_ogg":"Yay","notifier_bell_opus":"Zil","notifier_bell_extd_opus":"Uzun Zil","notifier_ring_ogg":"Çan"}