{"ringtone-title":"选择铃声","alerttone-title":"选择警示音效","done":"完成","ringer_classic_prism_ogg":"经典七彩","ringer_classic_courier_opus":"经典信使","ringer_classic_touchmatic_opus":"经典 Touchmatic","ringer_classic_electric_ogg":"经典电子音","ringer_classic_wallphone_ogg":"经典墙上电话","ringer_disco_drive_opus":"迪斯科","ringer_vamos_la_elektro_opus":"瓦莫斯拉电子音","ringer_digitalascent_opus":"模拟上升","ringer_low_bit_swing_opus":"低位摇摆","ringer_ringing_gems_opus":"铃声宝石","ringer_rain_echoes_opus":"雨声回响","ringer_progressive_dapple_opus":"渐进波纹","ringer_digital_dapple_opus":"模拟波纹","ringer_loud_windchimes_opus":"风铃","ringer_bitbounce_opus":"轻轻弹跳","none":"无","notifier_minimal_bands_ogg":"最小波段","notifier_exclamation_ogg":"警示","notifier_boomer_opus":"隆隆声","notifier_rewind_ogg":"重绕","notifier_bop_opus":"波普","notifier_ting_opus":"叮叮声","notifier_bap_opus":"Bap","notifier_dididi_opus":"嘀嘀声","notifier_spring_ogg":"弹簧音","notifier_bell_opus":"钟声","notifier_bell_extd_opus":"绵长钟声","notifier_ring_ogg":"响铃"}