{"ok":"D'acord","back":"Enrere","help":"Ajuda","cancel":"Cancel·la","close":"Tanca","skip":"Omet","airplaneMode":"Mode d'avió","searching":"S'està cercant…","noNetwork":"Sense xarxa","roaming":"{{operator}} (itinerància)","emergencyCallsOnly":"Només trucades d'emergència","emergencyCallsOnly-unknownSIMState":"(estat de la SIM desconegut)","emergencyCallsOnly-noSIM":"(sense SIM)","emergencyCallsOnly-pinRequired":"(cal el PIN de la SIM)","emergencyCallsOnly-pukRequired":"(cal el PUK de la SIM)","emergencyCallsOnly-networkLocked":"(bloqueig de la xarxa)","emergencyCallsOnly-serviceProviderLocked":"(bloqueig del proveïdor de servei)","emergencyCallsOnly-corporateLocked":"(bloqueig de l'empresa)","emergencyCallsOnly-network1Locked":"(network1 locked)","emergencyCallsOnly-network2Locked":"(network2 locked)","emergencyCallsOnly-hrpdNetworkLocked":"(hrpd network locked)","emergencyCallsOnly-ruimCorporateLocked":"(ruim corporate locked)","emergencyCallsOnly-ruimServiceProviderLocked":"(ruim service provider locked)","enterPIN":"Introduïu el PIN","statusbarLabel":"{{date}}, {{operator}}","statusbarDateFormat":"%e %b","notifications":"Notificacions","clear-all":"Esborra-ho tot","newVoicemails":{"_index":["plural","n"],"_":{"zero":"Cap missatge de veu nou","one":"Un missatge de veu nou","two":"{{n}} missatges de veu nous","few":"{{n}} missatges de veu nous","many":"{{n}} missatges de veu nous","other":"{{n}} missatges de veu nous"}},"newVoicemailsUnknown":"Missatge de veu nou","dialNumber":"Marqueu {{number}}","voicemailNotificationMultiSim":"(SIM {{n}}) {{title}}","confirmNFCConnectMsg1":"Are you sure you want to connect to the device?","confirmNFCConnectMsg2":"Turn on Bluetooth and connect to the device?","confirmNFCConnectMsg3":"Are you sure you want to connect to {{n}}?","confirmNFCConnectMsg4":"Turn on Bluetooth and connect to {{n}}?","deviceMenu":"Telèfon","airplane":"Activa el mode d'avió","airplaneOff":"Desactiva el mode d'avió","silent":"Silencia les trucades","normal":"Fes sonar les trucades","restart":"Reinicia","power":"Apaga","asyncpanzoom":"Desactiva APZ per a aplicacions","asyncpanzoomOff":"Activa APZ per a aplicacions","enableScreenReaderSteps":"Per activar el lector de pantalla, premeu els botons d'apujar i d'abaixar el volum tres vegades més","disableScreenReaderSteps":"Per desactivar el lector de pantalla, premeu els botons d'apujar i d'abaixar el volum tres vegades més","no-recent-apps":"No hi ha cap aplicació recent","yes":"Sí","no":"No","dontallow":"Don’t allow","allow":"Permet","dontshare-geolocation":"No comparteixis","share-geolocation":"Comparteix","dontshare-audio-capture":"No comparteixis","share-audio-capture":"Comparteix","dontshare-video-capture":"No comparteixis","share-video-capture":"Comparteix","dontshare-media-capture":"No comparteixis","share-media-capture":"Comparteix","device-front":"Càmera frontal","device-back":"Càmera posterior","remember-my-choice":"Recorda la meva tria","more-info":"Més informació…","hide-info":"Hide info","install-app":"Voleu instal·lar {{name}}?","size":"Mida","author":"Autor","size-unknown":"Desconegut","author-unknown":"Desconegut","install":"Instal·la","bytes":"bytes","kB":"kB","MB":"MB","GB":"GB","TB":"TB","PB":"PB","app-install-generic-error":"S'ha aturat la baixada de {{ appName }}","app-install-download-failed":"Ha fallat la baixada de {{ appName }}","app-install-install-failed":"Ha fallat la instal·lació de {{ appName }}","cancelling-will-not-refund":"En cancel·lar, no se us tornarà l'import de la compra. El responsable del reemborsament dels continguts de pagament és el venedor original.","apps-can-be-installed-later":"Les aplicacions poden ser instal·lades més tard des de la font original de la instal·lació.","are-you-sure-you-want-to-cancel":"Segur que voleu cancel·lar aquesta instal·lació?","cancel-install":"Cancel·la la instal·lació","cancel-install-button":"Cancel Install","resume":"Reprèn","continue":"Continua","stopDownloading":"Voleu aturar la baixada de {{ app }}?","app-download-can-be-restarted":"La baixada es pot reiniciar més tard.","app-download-stop-button":"Atura la baixada","not-enough-space":"No hi ha prou espai","not-enough-space-message":"No hi ha prou espai per instal·lar aquesta aplicació. Allibereu espai eliminant aplicacions antigues o fitxers multimèdia i proveu d'instal·lar-la de nou des de la font original.","app-install-success":"{{ appName }} s'ha instal·lat","setup":"Configura","ime-addkeyboards":"Afegeix teclats","later":"Més tard","download":"Baixa","wantToDownload":"Voleu baixar l'actualització ara?","wantToInstall":"Voleu instal·lar l'actualització ara?","installNow":"Instal·la ara","notNow":"Ara no","downloadingUpdateMessage":{"innerHTML":"S'estan baixant actualitzacions… <span>{{ progress }} baixats</span>"},"downloadingAppMessage":"S'està baixant {{ appName }}","downloadingAppProgressNoMax":"{{ progress }} baixats","downloadingAppProgressIndeterminate":"S'està baixant","downloadingAppProgress":"{{ progress }} / {{ max }} baixats","cancelAllDownloads":"Cancel·la totes les baixades","wantToCancelAll":"Segur que voleu cancel·lar totes les baixades?","downloadError":"S'ha produït un error en baixar les actualitzacions.","updateAvailableInfo":{"innerHTML":{"_index":["plural","n"],"_":{"one":"{{ n }} actualització disponible. <span>Toqueu per veure més informació</span>","two":"{{ n }} actualitzacions disponibles. <span>Toqueu per veure més informació</span>","few":"{{ n }} actualitzacions disponibles. <span>Toqueu per veure més informació</span>","many":"{{ n }} actualitzacions disponibles. <span>Toqueu per veure més informació</span>","other":"{{ n }} actualitzacions disponibles. <span>Toqueu per veure més informació</span>"}}},"numberOfUpdates":{"_index":["plural","n"],"_":{"one":"{{ n }} actualització disponible","two":"{{ n }} actualitzacions disponibles","few":"{{ n }} actualitzacions disponibles","many":"{{ n }} actualitzacions disponibles","other":"{{ n }} actualitzacions disponibles"}},"systemUpdate":"Actualització del sistema","systemUpdateReady":"L'actualització del sistema està llesta","required":"Necessari","uncompressingMessage":{"innerHTML":"S'està descomprimint… <span>Això pot trigar uns minuts.</span>"},"downloadNoWifiWarning":"No hi ha connexió Wi-Fi disponible. Actualitzar amb la connexió actual pot comportar despeses addicionals.","downloadOfflineWarning":"Connexió no disponible. Connecteu-vos a una xarxa per baixar actualitzacions.","downloadDataConnectionWarning":"Quan no hi ha connexió Wi-Fi disponible, les actualitzacions es baixen per la connexió de dades. Això pot comportar despeses addicionals.","downloadUpdatesViaDataConnection":"Voleu baixar les actualitzacions mitjançant la connexió de dades?","downloadUpdatesViaDataConnectionMessage":"Quan no hi ha connexió Wi-Fi disponible, les actualitzacions es baixen per la connexió de dades. Quan s'utilitza la connexió de dades, es poden blocar les trucades i pot comportar despeses addicionals.","screenshotSaved":"Captura desada a la Galeria","screenshotFailed":"No s'ha pogut desar la captura","screenshotNoSDCard":"No s'ha trobat cap targeta de memòria","screenshotSDCardInUse":"S'està utilitzant la targeta de memòria","screenshotSDCardLow":"No hi ha prou espai a la targeta de memòria","emergency-call-button":"Trucada emergència","emergency-call":"Trucada d'emergència","unlock-a11y-button":{"ariaLabel":"Desbloca"},"camera-a11y-button":{"ariaLabel":"Càmera"},"longDateFormat":"%A %e %Eb","softwareHomeButton":{"ariaLabel":"Inici"},"login":"Inicia la sessió","username":"Nom d'usuari","password":"Contrasenya","http-authentication-message":"{{host}} sol·licita un nom d'usuari i una contrasenya. El lloc diu: «{{realm}}»","error-message":"{{name}} no s'està carregant correctament","error-title":"{{name}} té problemes","airplane-is-on":"El mode d'avió està activat","airplane-is-turned-on":"{{name}} necessita connexió a la xarxa. Desactiveu el mode d'avió des dels Paràmetres i connecteu-vos a una xarxa Wi-Fi o de dades de mòbil.","server-not-found":"No s'ha trobat el servidor","server-not-found-error":"No s'ha trobat el servidor de {{name}}.","file-not-found":"File not found","file-not-found-error":"The device can’t display this page because the file cannot be found.","connection-failed":"Unable to connect","connection-failed-error":"A network error occurred while trying to reach the site.","invalid-connection":"Unable to connect","invalid-connection-error":"A network error occurred while trying to reach the site.","malformed-uri":"URL not valid","malformed-uri-error":"The URL entered is not valid and cannot be loaded.","redirect-loop":"Can’t display page","redirect-loop-error":"The device can’t display this page because the page is not redirecting properly. Try this page again at a later time.","not-cached":"Page expired","not-cached-error":"As a security precaution, this page cannot be displayed by the device because it has expired.","is-printing-error":"The document cannot change while Printing or in Print Preview.","denied-port-access":"This address is restricted","denied-port-access-error":"This address uses a network port which is normally used for purposes other than Web browsing. The device has cancelled the request for your protection.","proxy-resolve-failure":"Proxy Server Error","proxy-resolve-failure-error":"The device is configured to use a proxy server that can’t be found.","proxy-connect-failure":"Proxy Server Error","proxy-connect-failure-error":"The device is configured to use a proxy server that is refusing connections.","content-encoding":"Can’t display page","content-encoding-error":"The device can’t display this page because a content encoding error occurred.","remote-xul":"Page unsupported","remote-xul-error":"This page can’t be displayed because it uses a technology that is not supported on the device.","phishing-blocked":"Warning","phishing-blocked-error":"The website has been reported as a web forgery designed to trick users into sharing personal or financial information.","malware-blocked":"Malware attack blocked","malware-blocked-error":"The site at has been reported as an attack site and has been blocked.","unsafe-content-type":"Unsafe content","unsafe-content-type-error":"The page cannot be shown because it may not be safe to open.","corrupted-content":"Can’t display page","corrupted-content-error":"The page cannot be shown because an error in the data transmission was detected.","network-connection-unavailable":"No hi ha connexió disponible a la xarxa","network-error":"{{name}} necessita connexió a la xarxa. Proveu de connectar-vos a una xarxa Wi-Fi o de dades de mòbil.","network-error-launching":"{{name}} requires an Internet connection.","network-error-in-app":"No access to the Internet right now.","unable-to-connect":"No s'ha pogut connectar","try-again":"Reintenta","check-settings":"Check settings","tap-to-check-settings":"Tap to check settings","select-time":"Trieu l'hora","choose-option":"Trieu","choose-options":"Trieu","select-day":"Trieu el dia","battery-almost-empty":"La bateria s'està exhaurint","add-to-home-screen":"Afegeix a la pantalla d'inici","crash-dialog2-os":"El {{brandShortName}} s'ha recuperat d'una fallada","crash-dialog-app":"{{name}} acaba de fallar","crash-dialog-message":"Voleu enviar un informe de la fallada a Mozilla per ajudar-nos a resoldre el problema? Els informes només s'envien per Wi-Fi.","crash-info-link":"Què conté un informe de fallada?","crash-always-report":"Envia sempre un informe a Mozilla en produir-se una fallada.","crash-dont-send":"No l'enviïs","crash-end":"Envia l'informe","crashReports":"Informes de fallada","done":"Fet","crash-reports-description-1":"Un informe de fallada conté detalls de la fallada i del vostre dispositiu, així com una instantània de l'estat del dispositiu quan va fallar.","crash-reports-description-2":"Pot incloure les pàgines i aplicacions obertes, el text escrit en formularis i el contingut de missatges oberts, de l'historial de navegació recent o de la geolocalització utilitzats per una aplicació oberta.","crash-reports-description-3-start":"Fem servir els informes de fallada per resoldre problemes i millorar els nostres productes. Gestionem la vostra informació tal com ho descrivim a la nostra ","crash-reports-description-3-privacy":"política de privadesa","crash-reports-description-3-end":".","crash-banner-os2":"El {{brandShortName}} acaba de fallar.","crash-banner-app":"{{name}} acaba de fallar.","crash-banner-report":"Informe","bluetooth-sending-progress":"S'està enviant per Bluetooth…","bluetooth-receiving-progress":"S'està rebent per Bluetooth…","acceptFileTransfer":"Accepteu la transferència Bluetooth?","wantToReceiveFile":"{{deviceName}} vol transferir {{fileName}} ({{fileSize}}).","transfer-confirmation-title":"{{deviceName}}","transfer-confirmation-description":"Reviseu la sol·licitud de transferència.","byteUnit-B":"B","byteUnit-KB":"kB","byteUnit-MB":"MB","byteUnit-GB":"GB","byteUnit-TB":"TB","byteUnit-PB":"PB","byteUnit-EB":"EB","byteUnit-ZB":"ZB","byteUnit-YB":"YB","fileSize":"{{size}} {{unit}}","deny":"No permetis","transfer":"Transfereix","cancelFileTransfer":"Voleu cancel·lar la transferència Bluetooth?","continueFileTransfer":"Continue","transfer-has-started-title":"S'ha iniciat la transferència","transfer-has-started-description":"Progrés al centre de notificacions","transferFinished-sentSuccessful-title":"Fitxer enviat","transferFinished-receivedSuccessful-title":"Fitxer rebut","transferFinished-sentFailed-title":"No s'ha pogut enviar el fitxer","transferFinished-receivedFailed-title":"No s'ha pogut rebre el fitxer","transferReport-title":"Informe de la transferència:","transferReport-description":"Fitxers correctes: {{numSuccessful}}. Fitxers incorrectes: {{numUnsuccessful}}","unknown-file":"Fitxer desconegut","unknown-device":"Dispositiu desconegut","cannotOpenFile":"No es pot obrir el fitxer rebut","unknownMediaTypeToOpen":"No es pot obrir el fitxer multimèdia desconegut:","cannotReceiveFile":"No es pot rebre el fitxer","cannotGetStorageState":"No es pot obtenir l'estat d'emmagatzematge del dispositiu.","sdcard-not-exist2":"No s'ha trobat cap targeta de memòria. Inseriu-ne una.","sdcard-in-use":"No es pot utilitzar el Bluetooth mentre el telèfon està connectat. Desconnecteu el telèfon per rebre els fitxers.","sdcard-no-space2":"No es pot completar la transferència: la targeta de memòria és plena.","unknown-error":"Error desconegut","confirm":"Confirma","microphone-is-on":"Micròfon activat","camera-is-on":"Càmera activada","media-is-on":"Càmera i micròfon activats","noSimCard":"No hi ha cap targeta SIM","simPin":"PIN de la SIM","pukCode":"Codi PUK","nckCode":"Codi NCK","cckCode":"Codi CCK","spckCode":"Codi SPCK","nck1code":"NCK1 code","nck2code":"NCK2 code","hnckcode":"HNCK code","rcckcode":"RCCK code","rspckcode":"RSPCK code","whatIsSimPin":"Què és el PIN de la SIM?","simPinIntro1":"El PIN de la SIM impedeix l'accés a les xarxes de dades mòbils de la targeta SIM. Si està activat, qualsevol dispositiu que contingui la targeta SIM sol·licitarà el PIN en reiniciar.","simPinIntro2":"El PIN de la SIM no és el mateix que el codi d'accés utilitzat per desbloquejar el dispositiu.","changeSimPin":"Canvia el PIN","pinTitle":"Introduïu el PIN","multiSIMpinTitle":"PIN de la SIM {{n}}","pukTitle":"Introduïu el PUK","nckTitle":"Introduïu el NCK","cckTitle":"Introduïu el CCK","spckTitle":"Introduïu el SPCK","nck1Title":"Enter NCK1 code","nck2Title":"Enter NCK2 code","hnckTitle":"Enter HNCK code","rcckTitle":"Enter RCCK code","rspckTitle":"Enter RSPCK code","newpinTitle":"PIN nou","inputCodeRetriesLeft":{"_index":["plural","n"],"_":{"one":"Darrer intent.","two":"Queden {{n}} intents.","few":"Queden {{n}} intents.","many":"Queden {{n}} intents.","other":"Queden {{n}} intents."}},"pinErrorMsg":"El PIN és incorrecte.","pinAttemptMsg2":{"_index":["plural","n"],"_":{"one":"Us queda un intent per introduir el codi correcte abans que es bloquegi la targeta SIM.","two":"Us queden {{n}} intents per introduir el codi correcte abans que es bloquegi la targeta SIM.","few":"Us queden {{n}} intents per introduir el codi correcte abans que es bloquegi la targeta SIM.","many":"Us queden {{n}} intents per introduir el codi correcte abans que es bloquegi la targeta SIM.","other":"Us queden {{n}} intents per introduir el codi correcte abans que es bloquegi la targeta SIM."}},"pinLastChanceMsg":"Aquesta és l'última oportunitat d'introduir el PIN correcte. Si torneu a fallar, haureu d'introduir el codi PUK per utilitzar aquesta targeta SIM.","simCardLockedMsg":"La targeta SIM està bloquejada.","enterPukMsg":"Heu d'introduir el número personal de desbloqueig (PUK) de la targeta SIM. Consulteu la documentació de la targeta SIM o contacteu amb el vostre operador per a més informació.","pukErrorMsg":"El codi PUK és incorrecte.","pukAttemptMsg2":{"_index":["plural","n"],"_":{"one":"Us queda un intent per introduir el codi correcte abans que la targeta SIM quedi inservible permanentment. Consulteu la documentació de la targeta SIM o contacteu amb el vostre operador per a més informació.","two":"Us queden {{n}} intents per introduir el codi correcte abans que la targeta SIM quedi inservible permanentment. Consulteu la documentació de la targeta SIM o contacteu amb el vostre operador per a més informació.","few":"Us queden {{n}} intents per introduir el codi correcte abans que la targeta SIM quedi inservible permanentment. Consulteu la documentació de la targeta SIM o contacteu amb el vostre operador per a més informació.","many":"Us queden {{n}} intents per introduir el codi correcte abans que la targeta SIM quedi inservible permanentment. Consulteu la documentació de la targeta SIM o contacteu amb el vostre operador per a més informació.","other":"Us queden {{n}} intents per introduir el codi correcte abans que la targeta SIM quedi inservible permanentment. Consulteu la documentació de la targeta SIM o contacteu amb el vostre operador per a més informació."}},"pukLastChanceMsg":"Aquesta és l'última oportunitat d'introduir el codi PUK correcte. La targeta SIM quedarà inservible permanentment si introduïu un codi PUK incorrecte. Consulteu la documentació de la targeta SIM o contacteu amb el vostre operador per a més informació.","newSimPinMsg":"Creeu un PIN (de 4 a 8 dígits)","confirmNewSimPinMsg":"Confirmeu el PIN nou","newPinErrorMsg":"Els PIN no coincideixen.","nckErrorMsg":"El codi NCK és incorrecte.","nckAttemptMsg2":{"_index":["plural","n"],"_":{"one":"Ha fallat la sol·licitud de despersonalització de la xarxa. Us queda un intent per introduir el codi correcte. Consulteu la documentació del dispositiu o contacteu amb el vostre operador per a més informació.","two":"Ha fallat la sol·licitud de despersonalització de la xarxa. Us queden {{n}} intents per introduir el codi correcte. Consulteu la documentació del dispositiu o contacteu amb el vostre operador per a més informació.","few":"Ha fallat la sol·licitud de despersonalització de la xarxa. Us queden {{n}} intents per introduir el codi correcte. Consulteu la documentació del dispositiu o contacteu amb el vostre operador per a més informació.","many":"Ha fallat la sol·licitud de despersonalització de la xarxa. Us queden {{n}} intents per introduir el codi correcte. Consulteu la documentació del dispositiu o contacteu amb el vostre operador per a més informació.","other":"Ha fallat la sol·licitud de despersonalització de la xarxa. Us queden {{n}} intents per introduir el codi correcte. Consulteu la documentació del dispositiu o contacteu amb el vostre operador per a més informació."}},"nckLastChanceMsg":"Ha fallat la sol·licitud de despersonalització de la xarxa. Aquesta és l'última oportunitat d'introduir el codi NCK correcte. Consulteu la documentació del dispositiu o contacteu amb el vostre operador per a més informació.","activity-pick":"Trieu de:","activity-view":"Mostra amb:","activity-test":"Prova amb:","activity-share":"Comparteix amb:","activity-new":"Crea amb:","activity-open":"Obre amb:","activity-save-bookmark":"Afegeix com adreça d'interès a:","activity-record":"Enregistra de:","activity-browse":"Navega amb:","activity-configure":"Configura amb:","activity-dial":"Marca de:","persona-signin":"Inicia la sessió","payment-flow":"Adquireix","remoteDebuggerMessage":"S'ha detectat una sol·licitud entrant per permetre una connexió de depuració remota. La permeteu?","fullscreen-request":"{{origin}} ha canviat a pantalla completa.","captive-wifi-available":"S'ha trobat la xarxa {{networkName}}. Voleu connectar-vos-hi?","ceWarningtitle":"Avís del volum","ceWarningcontent":"Per evitar danys a l'oïda, no escolteu música a un volum alt durant períodes llargs.","notification-powersaving-mode-on-title":"Mode d'estalvi d'energia","notification-powersaving-mode-on-description":"El mode d'estalvi d'energia està activat.","low-device-storage":"Hi ha poc espai al dispositiu.\\n","free-space":{"_index":["plural","value"],"_":{"zero":"No queda espai lliure.","one":"Queda menys d'{{value}} {{unit}}.","two":"Queden menys de {{value}} {{unit}}.","few":"Queden menys de {{value}} {{unit}}.","many":"Queden menys de {{value}} {{unit}}.","other":"Queden menys de {{value}} {{unit}}."}},"unknown-free-space":"Espai restant desconegut.","system-alert":"Alerta del sistema","cb-channel":"Canal {{channel}}","icc-message-title":"Missatge d'operador de la SIM {{id}}","icc-confirmCall-defaultmessage":"Voleu trucar a {{number}}?","icc-alertMessage-defaultmessage":"S'està enviant el missatge","icc-confirmMessage-defaultmessage":"Voleu enviar el missatge?","icc-inputbox-title":"Consulta STK de la SIM {{id}}","emergency-callback-mode":"Mode de trucada d'emergència","emergency-callback-message":"No podeu fer trucades, enviar missatges ni connectar-vos a Internet perquè hi ha activat el mode de devolució de trucada d'emergència. Voleu desactivar-lo?","cdma-record-info":"Informació del registre CDMA","ime-switching-title":"{{appName}}: {{name}}","ime-switching-tip":"Toqueu per triar el mètode d'entrada","layout-selection":"Selecció de disposició","shrinking-tip":"Feu lliscar el dit per compartir","download_started":"S'ha iniciat la baixada","download_stopped":"S'ha aturat la baixada","download_downloading":"S'està baixant…","download_succeeded":"Ha acabat la baixada","download_failed":"Ha fallat la baixada","download_text_by_default":"{{name}}","download_downloading_text_2":"{{percentage}}% - {{name}}","search-or-enter-address":{"_":"Search or enter address","placeholder":"Search or enter address"},"noSIMCardInHotspot":"No hi ha cap targeta SIM o s'ha inserit incorrectament. Desactiveu el hotspot","brandShortName":"B2G OS","browserBrandShortName":"Navegador web","browserBrandFullName":"Navegador web de Mozilla","weekday-0-long":"diumenge","weekday-1-long":"dilluns","weekday-2-long":"dimarts","weekday-3-long":"dimecres","weekday-4-long":"dijous","weekday-5-long":"divendres","weekday-6-long":"dissabte","weekday-0-short":"dg","weekday-1-short":"dl","weekday-2-short":"dt","weekday-3-short":"dc","weekday-4-short":"dj","weekday-5-short":"dv","weekday-6-short":"ds","month-0-long":"gener","month-1-long":"febrer","month-2-long":"març","month-3-long":"abril","month-4-long":"maig","month-5-long":"juny","month-6-long":"juliol","month-7-long":"agost","month-8-long":"setembre","month-9-long":"octubre","month-10-long":"novembre","month-11-long":"desembre","month-0-genitive":"de gener","month-1-genitive":"de febrer","month-2-genitive":"de març","month-3-genitive":"d'abril","month-4-genitive":"de maig","month-5-genitive":"de juny","month-6-genitive":"de juliol","month-7-genitive":"d'agost","month-8-genitive":"de setembre","month-9-genitive":"d'octubre","month-10-genitive":"de novembre","month-11-genitive":"de desembre","month-0-short":"gen","month-1-short":"febr","month-2-short":"març","month-3-short":"abr","month-4-short":"maig","month-5-short":"juny","month-6-short":"jul","month-7-short":"ag","month-8-short":"set","month-9-short":"oct","month-10-short":"nov","month-11-short":"des","minutes-ago-long":{"_index":["plural","value"],"_":{"zero":"ara","one":"fa un minut","two":"fa {{value}} minuts","few":"fa {{value}} minuts","many":"fa {{value}} minuts","other":"fa {{value}} minuts"}},"hours-ago-long":{"_index":["plural","value"],"_":{"zero":"ara","one":"fa una hora","two":"fa {{value}} hores","few":"fa {{value}} hores","many":"fa {{value}} hores","other":"fa {{value}} hores"}},"days-ago-long":{"_index":["plural","value"],"_":{"zero":"avui","one":"ahir","two":"fa {{value}} dies","few":"fa {{value}} dies","many":"fa {{value}} dies","other":"fa {{value}} dies"}},"weeks-ago-long":{"_index":["plural","value"],"_":{"zero":"aquesta setmana","one":"la setmana passada","two":"fa {{value}} setmanes","few":"fa {{value}} setmanes","many":"fa {{value}} setmanes","other":"fa {{value}} setmanes"}},"months-ago-long":{"_index":["plural","value"],"_":{"zero":"aquest mes","one":"el mes passat","two":"fa {{value}} mesos","few":"fa {{value}} mesos","many":"fa {{value}} mesos","other":"fa {{value}} mesos"}},"years-ago-long":{"_index":["plural","value"],"_":{"zero":"enguany","one":"l'any passat","two":"fa {{value}} anys","few":"fa {{value}} anys","many":"fa {{value}} anys","other":"fa {{value}} anys"}},"minutes-until-long":{"_index":["plural","value"],"_":{"zero":"ara","one":"d'aquí un minut","two":"d'aquí {{value}} minuts","few":"d'aquí {{value}} minuts","many":"d'aquí {{value}} minuts","other":"d'aquí {{value}} minuts"}},"hours-until-long":{"_index":["plural","value"],"_":{"zero":"ara","one":"d'aquí una hora","two":"d'aquí {{value}} hores","few":"d'aquí {{value}} hores","many":"d'aquí {{value}} hores","other":"d'aquí {{value}} hores"}},"days-until-long":{"_index":["plural","value"],"_":{"zero":"avui","one":"demà","two":"d'aquí {{value}} dies","few":"d'aquí {{value}} dies","many":"d'aquí {{value}} dies","other":"d'aquí {{value}} dies"}},"weeks-until-long":{"_index":["plural","value"],"_":{"zero":"aquesta setmana","one":"la setmana que ve","two":"d'aquí {{value}} setmanes","few":"d'aquí {{value}} setmanes","many":"d'aquí {{value}} setmanes","other":"d'aquí {{value}} setmanes"}},"months-until-long":{"_index":["plural","value"],"_":{"zero":"aquest mes","one":"el mes que ve","two":"d'aquí {{value}} mesos","few":"d'aquí {{value}} mesos","many":"d'aquí {{value}} mesos","other":"d'aquí {{value}} mesos"}},"years-until-long":{"_index":["plural","value"],"_":{"zero":"enguany","one":"l'any que ve","two":"d'aquí {{value}} anys","few":"d'aquí {{value}} anys","many":"d'aquí {{value}} anys","other":"d'aquí {{value}} anys"}},"minutes-ago-short":{"_index":["plural","value"],"_":{"zero":"ara","other":"fa {{value}} m"}},"hours-ago-short":{"_index":["plural","value"],"_":{"zero":"ara","other":"fa {{value}} h"}},"days-ago-short":{"_index":["plural","value"],"_":{"zero":"avui","other":"fa {{value}} d"}},"minutes-until-short":{"_index":["plural","value"],"_":{"zero":"ara","other":"d'aquí {{value}} m"}},"hours-until-short":{"_index":["plural","value"],"_":{"zero":"ara","other":"d'aquí {{value}} h"}},"days-until-short":{"_index":["plural","value"],"_":{"zero":"avui","other":"d'aquí {{value}} d"}},"incorrectDate":"(data no vàlida)","dateTimeFormat_%c":"%a %e %Eb, %Y %H:%M:%S","dateTimeFormat_%x":"%d/%m/%Y","dateTimeFormat_%X":"%H:%M:%S","shortTimeFormat":"%H:%M","shortDateTimeFormat":"%x %H:%M","weekStartsOnMonday":"1","time_am":"am","time_pm":"pm","perm-contacts":"Contactes","perm-contacts-appRequest":"{{app}} vol accedir a la vostra llista de contactes.","perm-contacts-webRequest":"{{site}} vol accedir a la vostra llista de contactes.","perm-desktop-notification":"Notificacions","perm-desktop-notification-appRequest":"{{app}} vol mostrar notificacions.","perm-desktop-notification-webRequest":"{{site}} vol mostrar notificacions.","perm-device-storage-music":"Emmagatzematge de música","perm-device-storage-music-appRequest":"{{app}} vol accedir a la vostra música.","perm-device-storage-music-webRequest":"{{site}} vol accedir a la vostra música.","perm-device-storage-pictures":"Emmagatzematge d'imatges","perm-device-storage-pictures-appRequest":"{{app}} vol accedir a les vostres imatges.","perm-device-storage-pictures-webRequest":"{{site}} vol accedir a les vostres imatges.","perm-device-storage-sdcard":"Emmagatzematge de la targeta de memòria","perm-device-storage-sdcard-appRequest":"{{app}} vol accedir a la targeta de memòria.","perm-device-storage-sdcard-webRequest":"{{site}} vol accedir a la targeta de memòria.","perm-device-storage-videos":"Emmagatzematge de vídeos","perm-device-storage-videos-appRequest":"{{app}} vol accedir als vostres vídeos.","perm-device-storage-videos-webRequest":"{{site}} vol accedir als vostres vídeos.","perm-fmradio":"Ràdio FM","perm-fmradio-appRequest":"{{app}} vol utilitzar la ràdio FM.","perm-fmradio-webRequest":"{{site}} vol utilitzar la ràdio FM.","perm-geolocation":"Geolocalització","perm-geolocation-appRequest":"{{app}} vol conèixer la vostra ubicació.","perm-geolocation-webRequest":"{{site}} vol conèixer la vostra ubicació.","perm-geolocation-more-info":"El {{brandShortName}} utilitza dades del GPS i de les xarxes Wi-Fi i mòbils properes per ajudar a determinar la vostra ubicació aproximada. Les dades s'envien a Mozilla i a altres proveïdors de serveis i s'utilitzen a l'engròs per millorar la precisió de les bases de dades d'ubicacions. Les dades s'emmagatzemen en el vostre dispositiu i poden recollir-se fins i tot quan no s'executi cap aplicació.","perm-video-capture":"Càmera","perm-video-capture-appRequest":"Voleu compartir la càmera amb l'aplicació {{app}}?","perm-video-capture-webRequest":"Voleu compartir la càmera amb {{site}}?","perm-audio-capture":"Micròfon","perm-audio-capture-appRequest":"Voleu compartir el micròfon amb l'aplicació {{app}}?","perm-audio-capture-webRequest":"Voleu compartir el micròfon amb {{site}}?","perm-media-capture":"Càmera i micròfon","perm-media-capture-appRequest":"Voleu compartir la càmera i el micròfon amb l'aplicació {{app}}?","perm-media-capture-webRequest":"Voleu compartir la càmera i el micròfon amb {{site}}?","stopped_download_title":"Baixada aturada","stopped_download_message":"La baixada s'ha aturat. Voleu tornar-ho a provar?","stopped_download_left_button":"Cancel·la","stopped_download_right_button":"Reintenta","failed_download_title":"Ha fallat la baixada","failed_download_message":"Ha fallat la baixada de {{name}}. Voleu tornar-ho a provar?","failed_download_left_button":"Cancel·la","failed_download_right_button":"Reintenta","stop_download_title":"Atura la baixada","stop_download_message":"Segur que voleu aturar la baixada?","stop_download_left_button":"No","stop_download_right_button":"Sí","delete_download_title":"Elimina","delete_download_message":"Voleu eliminar {{name}}?","delete_download_left_button":"Cancel·la","delete_download_right_button":"Elimina","delete_all_download_title":"Elimina","delete_all_download_left_button":"Cancel·la","delete_all_download_right_button":"Elimina","delete_all_download_message":{"_index":["plural","number"],"_":{"zero":"No voleu eliminar cap fitxer?","one":"Voleu eliminar un fitxer?","two":"Voleu eliminar {{number}} fitxers?","few":"Voleu eliminar {{number}} fitxers?","many":"Voleu eliminar {{number}} fitxers?","other":"Voleu eliminar {{number}} fitxers?"}},"unsupported_file_type_download_title":"No es pot obrir","unsupported_file_type_download_message":"No hi ha cap aplicació que pugui obrir {{name}}. Voleu desar el fitxer o eliminar-lo?","unsupported_file_type_download_left_button":"Desa el fitxer","unsupported_file_type_download_right_button":"Elimina","file_not_found_download_title":"No s'ha trobat el fitxer","file_not_found_download_message":"No s'ha trobat el fitxer en el dispositiu","file_not_found_download_right_button":"D'acord","unmounted_sdcard_2_download_title":"La targeta de memòria és en ús","unmounted_sdcard_2_download_message":"Desconnecteu el telèfon","unmounted_sdcard_2_download_right_button":"D'acord","no_provider_download_title":"No es pot compartir","no_provider_download_message":"No s'ha trobat cap proveïdor","no_provider_download_right_button":"D'acord","no_memory_download_title":"La targeta SD és plena","no_memory_download_message":"No hi ha prou espai a la targeta SD per desar la baixada. Elimineu alguns fitxers abans de reiniciar la baixada.","no_memory_download_right_button":"D'acord","no_sdcard_found_2_download_title":"No s'ha trobat cap targeta de memòria","no_sdcard_found_2_download_message":"Inseriu una targeta de memòria o trieu una ubicació alternativa per defecte als paràmetres","no_sdcard_found_2_download_right_button":"D'acord","file_open_error_download_title":"No es pot obrir","file_open_error_download_message":"Hi ha un problema per obrir {{name}}. Voleu desar el fitxer o eliminar-lo?","file_open_error_download_left_button":"Desa el fitxer","file_open_error_download_right_button":"Elimina","restart_download_error":"S'ha produït un error en reiniciar la baixada. Torneu-ho a intentar.","no-downloads":"Cap baixada","percentage":"{{percentage}} %","partialResult":"{{partial}} de {{total}}","summary":"{{date}} - {{status}}","download-stopped":"Aturada","download-failed":"Ha fallat la baixada","open_downloaded_file":"Obre","share_downloaded_file":"Comparteix","wallpaper_downloaded_file":"Defineix com a fons","ringtone_downloaded_file":"Desa com a to de trucada","cancel_downloaded_file":"Cancel·la","voicemailNoNumberTitle":"Voicemail number is unavailable","voicemailNoNumberText":"Unable to call the voicemail. Set up the voicemail number to place the call.","voicemailNoNumberSettings":"Settings","voicemailNoNumberCancel":"Cancel","firefox-accounts-title":"Firefox Accounts","fxa-next":"Next","fxa-back":"Back","fxa-done":"Done","fxa-ok":"OK","fxa-account-does-not-exist-title":"Account does not exist","fxa-account-does-not-exist-message":"Account does not exist","fxa-cannot-create-account":"Unable to create account","fxa-cannot-create-password":"Unable to reset your Firefox Accounts password right now.","fxa-already-signed-in-title":"User is already signed in","fxa-already-signed-in-message":"There is an user is already signed in Firefox.","fxa-invalid-password-title":"Invalid password","fxa-invalid-password-message":"You have used an invalid password. Please try again with a valid one.","fxa-invalid-email-title":"Invalid email address","fxa-invalid-email-message":"You have used an invalid email address. Please try again with a valid one.","fxa-connection-error-title":"Unable to connect","fxa-connection-error-message":"Unable to connect to Firefox right now. You can sign in or create an account from your phone's settings or try it again.","fxa-reset-password-error-title":"Unable to reset password","fxa-reset-password-error-message":"Your password was not reset. Please try again.","fxa-reset-password-in-settings-title":"Reset Password","fxa-reset-password-in-settings-message":"You can reset your password from your phone's settings.","fxa-generic-error-title":"Unable to connect to Firefox","fxa-generic-error-message":"Unable to connect to Firefox Accounts right now. Try your phone's settings or check your connection to Internet.","fxa-coppa-failure-error-title":"Cannot Create Account","fxa-coppa-failure-error-message":"You must meet certain age requirements to create a Firefox Accounts. <a href='http://www.ftc.gov/news-events/media-resources/protecting-consumer-privacy/kids-privacy-coppa'>Learn more</a>","fxa-coppa-ftu-error-message":"You must meet certain age requirements to create a Firefox Accounts. Try again later from Settings.","fxa-offline-error-title":"Unable to connect to Firefox","fxa-offline-error-message":"Unable to connect to Firefox Accounts right now. Check your phone' settings and your Internet connection.","fxa-unknown-error-title":"Unknown error","fxa-unknown-error-message":"Unknown error","fxa-connecting-to-firefox":"Connecting to Firefox Accounts","fxa-email-input":{"placeholder":"Email"},"fxa-use-email-to-sign-in":"Use your email address to create an account or sign in.","fxa-agree-to-tos-pp":"By proceeding, you agree to our <a href=\"#fxa-tos\">Terms of Service</a> and <a href=\"#fxa-pp\">Privacy Policy</a>","fxa-set-password-title":"Enter your new password","fxa-enter-password-title":"Enter your password","fxa-hello-user":"Hello, <a id=\"fxa-user-email\">hola@email.com</a>","fxa-password-refresh":"Please enter your Firefox Account password for <a id=\"fxa-user-email\">hola@email.com</a> to continue.","fxa-password":{"placeholder":"Password"},"fxa-forgot-password":"I forgot my password","fxa-show-password":"Show password","fxa-authenticating":"Authenticating","fxa-registering":"Registering","fxa-success":"Success!","fxa-ready-to-go":"Your Firefox Account is ready to go! ","fxa-use-services":"Now you can use <span id=\"fxa-summary-email\">email</span> to access services like Marketplace and Where’s My Fox.","fxa-manage-account-settings":"In the future, you can access and manage your account from your phone's settings.","fxa-confirm-account":"Confirm Your Account","fxa-sending-email-to":"We have sent you an email to: <strong id=\"fxa-summary-email\">email</strong>","fxa-tos-header":"Terms of Service","fxa-tos1":"Lorem ipsum dolor sit amet, consectetur adipisicing elit, sed do eiusmod tempor incididunt ut labore et dolore magna aliqua. Ut enim ad minim veniam, quis nostrud exercitation ullamco laboris nisi ut aliquip ex ea commodo consequat. Duis aute irure dolor in reprehenderit in voluptate velit esse cillum dolore eu fugiat nulla pariatur. ","fxa-tos2":"Excepteur sint occaecat qui of fi cia deserunt mollit anim id est laborum.  Lorem ipsum dolor sit amet, consectetur adipisicing elit, sed do eiusmod tempor incididunt ut labore et dolore magna aliqua. Ut enim ad minim veniam,quis nostrud exercitation ullamco laboris nisi ut aliquip ex ea commodo consequat. Duis aute irure dolor in.","fxa-pp-header":"Privacy Policy","fxa-pp1":"Lorem ipsum dolor sit amet, consectetur adipisicing elit, sed do eiusmod tempor incididunt ut labore et dolore magna aliqua. Ut enim ad minim veniam, quis nostrud exercitation ullamco laboris nisi ut aliquip ex ea commodo consequat. Duis aute irure dolor in reprehenderit in voluptate velit esse cillum dolore eu fugiat nulla pariatur. ","fxa-pp2":"Excepteur sint occaecat qui of fi cia deserunt mollit anim id est laborum.  Lorem ipsum dolor sit amet, consectetur adipisicing elit, sed do eiusmod tempor incididunt ut labore et dolore magna aliqua. Ut enim ad minim veniam,quis nostrud exercitation ullamco laboris nisi ut aliquip ex ea commodo consequat. Duis aute irure dolor in.","fxa-age-verification":"Age Verification","fxa-age-1990-earlier":"1990 or earlier","fxa-year-of-birth":"Year of Birth"}