{"ok":"OK","back":"Zpět","help":"Nápověda","cancel":"Zrušit","close":"Zavřít","skip":"Přeskočit","airplaneMode":"Režim V letadle","searching":"Vyhledání…","noNetwork":"Síť je nedostupná","roaming":"{{operator}} (roaming)","emergencyCallsOnly":"Pouze tísňová volání","emergencyCallsOnly-unknownSIMState":"(neznámý stav SIM)","emergencyCallsOnly-noSIM":"(není SIM)","emergencyCallsOnly-pinRequired":"(vyžadován PIN)","emergencyCallsOnly-pukRequired":"(vyžadován PUK)","emergencyCallsOnly-networkLocked":"(uzamčená síť)","emergencyCallsOnly-serviceProviderLocked":"(uzamčená služba operátora)","emergencyCallsOnly-corporateLocked":"(uzamčena organizací)","emergencyCallsOnly-network1Locked":"(network1 locked)","emergencyCallsOnly-network2Locked":"(network2 locked)","emergencyCallsOnly-hrpdNetworkLocked":"(hrpd network locked)","emergencyCallsOnly-ruimCorporateLocked":"(ruim corporate locked)","emergencyCallsOnly-ruimServiceProviderLocked":"(ruim service provider locked)","enterPIN":"Zadejte PIN","statusbarLabel":"{{date}}, {{operator}}","statusbarDateFormat":"%e. %b","notifications":"Upozornění","clear-all":"Vymazat vše","newVoicemails":{"_index":["plural","n"],"_":{"zero":"Žádná hlasová zpráva","one":"Jedna hlasová zpráva","two":"Dvě hlasové zprávy","few":"{{n}} hlasové zprávy","many":"{{n}} hlasových zpráv","other":"{{n}} hlasových zpráv"}},"newVoicemailsUnknown":"Nová hlasová zpráva","dialNumber":"Vytočit {{number}}","voicemailNotificationMultiSim":"(SIM {{n}}) {{title}}","confirmNFCConnectMsg1":"Are you sure you want to connect to the device?","confirmNFCConnectMsg2":"Turn on Bluetooth and connect to the device?","confirmNFCConnectMsg3":"Are you sure you want to connect to {{n}}?","confirmNFCConnectMsg4":"Turn on Bluetooth and connect to {{n}}?","deviceMenu":"Telefon","airplane":"Zapnout režim V letadle","airplaneOff":"Vypnout režim V letadle","silent":"Tiché příchozí hovory","normal":"Normální příchozí hovory","restart":"Restartovat","power":"Vypnout","asyncpanzoom":"Zakázat APZ pro aplikace","asyncpanzoomOff":"Povolit APZ pro aplikace","enableScreenReaderSteps":"Pokud chcete zapnout čtečku obrazovky, stiskněte tlačítko uspání telefonu tříkrát za sebou","disableScreenReaderSteps":"Pokud chcete vypnout čtečku obrazovky, stiskněte tlačítko uspání telefonu tříkrát za sebou","no-recent-apps":"Žádné nedávné aplikace","yes":"Ano","no":"Ne","dontallow":"Don’t allow","allow":"Allow","dontshare-geolocation":"Nesdílet","share-geolocation":"Sdílet","dontshare-audio-capture":"Nesdílet","share-audio-capture":"Sdílet","dontshare-video-capture":"Nesdílet","share-video-capture":"Sdílet","dontshare-media-capture":"Nesdílet","share-media-capture":"Sdílet","device-front":"Přední fotoaparát","device-back":"Zadní fotoaparát","remember-my-choice":"Pamatovat si volbu","more-info":"Více informací…","hide-info":"Hide info","install-app":"Instalovat {{name}}?","size":"Velikost","author":"Autor","size-unknown":"Neznámá","author-unknown":"Neznámý","install":"Instalovat","bytes":"bajtů","kB":"kB","MB":"MB","GB":"GB","TB":"TB","PB":"PB","app-install-generic-error":"Stahování {{ appName }} zastaveno","app-install-download-failed":"Stahování {{ appName }} skončilo chybou","app-install-install-failed":"Instalace {{ appName }} skončila chybou","cancelling-will-not-refund":"Zrušením instalace se nevrátí peníze za nákup. Vrácení peněz za placený obsah je poskytováno původním prodejcem.","apps-can-be-installed-later":"Aplikaci je možné nainstalovat později z původního instalačního zdroje.","are-you-sure-you-want-to-cancel":"Opravdu chcete zrušit instalaci?","cancel-install":"Zrušit","cancel-install-button":"Cancel Install","resume":"Začít znovu","continue":"Pokračovat","stopDownloading":"Zastavit stahování {{ app }}?","app-download-can-be-restarted":"Stahování může být obnoveno později.","app-download-stop-button":"Zastavit stahování","not-enough-space":"Nedostatek místa","not-enough-space-message":"Pro instalaci této aplikace není dostatek místa. Uvolněte místo smazáním nepoužívaných aplikací nebo médií a instalaci opakujte z původního zdroje.","app-install-success":"Aplikace {{ appName }} nainstalována","setup":"Nastavení","ime-addkeyboards":"Přidat klávesnice","later":"Později","download":"Stáhnout","wantToDownload":"Stáhnout aktualizaci?","wantToInstall":"Instalovat aktualizaci?","installNow":"Instalovat","notNow":"Nyní ne","downloadingUpdateMessage":{"innerHTML":"Stahování aktualizací… <span>{{ progress }} staženo.</span>          "},"downloadingAppMessage":"Stahování {{ appName }}","downloadingAppProgressNoMax":"{{ progress }} staženo","downloadingAppProgressIndeterminate":"Stahování","downloadingAppProgress":"{{ progress }} / {{ max }} staženo","cancelAllDownloads":"Zrušit všechna stahování","wantToCancelAll":"Opravdu chcete zrušit všechna stahování?","downloadError":"Při stahování aktualizací nastala chyba.","updateAvailableInfo":{"innerHTML":{"_index":["plural","n"],"_":{"one":"K dispozici {{ n }} aktualizace. <span>Klepněte pro více informací.</span>","two":"K dispozici {{ n }} aktualizace. <span>Klepněte pro více informací.</span>","few":"K dispozici {{ n }} aktualizace. <span>Klepněte pro více informací.</span>","many":"K dispozici {{ n }} aktualizací. <span>Klepněte pro více informací.</span>","other":"K dispozici {{ n }} aktualizací. <span>Klepněte pro více informací.</span>"}}},"numberOfUpdates":{"_index":["plural","n"],"_":{"one":"Jedna dostupná aktualizace","two":"Dvě dostupné aktualizace","few":"{{ n }} dostupné aktualizace","many":"{{ n }} dostupných aktualizací","other":"{{ n }} dostupných aktualizací"}},"systemUpdate":"Aktualizace systému","systemUpdateReady":"Aktualizace systému připravena","required":"Vyžadováno","uncompressingMessage":{"innerHTML":"Dekomprimace… <span>Ta může trvat několik minut.</span>"},"downloadNoWifiWarning":"Wi-Fi není dostupná. Při aktualizaci pomocí současného připojení mohou být účtovány další poplatky.","downloadOfflineWarning":"Připojení není dostupné. Pro stažení aktualizací se připojte k síti.","downloadDataConnectionWarning":"Aktualizace jsou v situaci, kdy není dostupná Wi-Fi, stahovány přes datové připojení. Tato data mohou být zpoplatněna.","downloadUpdatesViaDataConnection":"Stáhnout aktualizace přes datové připojení?","downloadUpdatesViaDataConnectionMessage":"Aktualizace jsou v situaci, kdy není dostupná Wi-Fi, stahovány přes datové připojení. Používáním datového připojení mohou být telefonní hovory blokovány a data mohou být zpoplatněna.","screenshotSaved":"Náhled uložen do galerie","screenshotFailed":"Náhled se nepodařilo uložit","screenshotNoSDCard":"Paměťová karta nebyla nalezena","screenshotSDCardInUse":"Paměťová karta je používána","screenshotSDCardLow":"Na paměťové kartě není dostatek místa","emergency-call-button":"Tísňové volání","emergency-call":"Tísňové volání","unlock-a11y-button":{"ariaLabel":"Odemknout"},"camera-a11y-button":{"ariaLabel":"Kamera"},"longDateFormat":"%A %e. %B","softwareHomeButton":{"ariaLabel":"Domů"},"login":"Přihlásit","username":"Uživatel","password":"Heslo","http-authentication-message":"{{host}} požaduje uživatelské jméno a heslo se sdělením „{{realm}}“","error-message":"Při nahrávání aplikace nastala chyba","error-title":"Chyba v aplikaci ","airplane-is-on":"Režim V letadle je zapnutý","airplane-is-turned-on":"{{name}} vyžaduje připojení k síti. Vypněte v nastavení režim V letadle a připojte se k Wi-Fi nebo mobilní datové síti.","server-not-found":"Server nenalezen","server-not-found-error":"Nepodařilo se nalézt server {{name}}.","file-not-found":"File not found","file-not-found-error":"The device can’t display this page because the file cannot be found.","connection-failed":"Unable to connect","connection-failed-error":"A network error occurred while trying to reach the site.","invalid-connection":"Unable to connect","invalid-connection-error":"A network error occurred while trying to reach the site.","malformed-uri":"URL not valid","malformed-uri-error":"The URL entered is not valid and cannot be loaded.","redirect-loop":"Can’t display page","redirect-loop-error":"The device can’t display this page because the page is not redirecting properly. Try this page again at a later time.","not-cached":"Page expired","not-cached-error":"As a security precaution, this page cannot be displayed by the device because it has expired.","is-printing-error":"The document cannot change while Printing or in Print Preview.","denied-port-access":"This address is restricted","denied-port-access-error":"This address uses a network port which is normally used for purposes other than Web browsing. The device has cancelled the request for your protection.","proxy-resolve-failure":"Proxy Server Error","proxy-resolve-failure-error":"The device is configured to use a proxy server that can’t be found.","proxy-connect-failure":"Proxy Server Error","proxy-connect-failure-error":"The device is configured to use a proxy server that is refusing connections.","content-encoding":"Can’t display page","content-encoding-error":"The device can’t display this page because a content encoding error occurred.","remote-xul":"Page unsupported","remote-xul-error":"This page can’t be displayed because it uses a technology that is not supported on the device.","phishing-blocked":"Warning","phishing-blocked-error":"The website has been reported as a web forgery designed to trick users into sharing personal or financial information.","malware-blocked":"Malware attack blocked","malware-blocked-error":"The site at has been reported as an attack site and has been blocked.","unsafe-content-type":"Unsafe content","unsafe-content-type-error":"The page cannot be shown because it may not be safe to open.","corrupted-content":"Can’t display page","corrupted-content-error":"The page cannot be shown because an error in the data transmission was detected.","network-connection-unavailable":"Připojení k síti je nedostupné","network-error":"{{name}} vyžaduje připojení k síti. Zkuste se připojit k Wi-Fi nebo mobilní datové síti.","network-error-launching":"{{name}} requires an Internet connection.","network-error-in-app":"No access to the Internet right now.","unable-to-connect":"Chyba spojení","try-again":"Zkuste znovu","check-settings":"Check settings","tap-to-check-settings":"Tap to check settings","select-time":"Volba času","choose-option":"Volba","choose-options":"Volba","select-day":"Volba dne","battery-almost-empty":"Baterie je téměř prázdná","add-to-home-screen":"Přidat na domovskou obrazovku","crash-dialog2-os":"Systém {{brandShortName}} byl obnoven po pádu","crash-dialog-app":"Aplikace {{name}} spadla","crash-dialog-message":"Chcete odeslat Mozille hlášení o pádu a pomoci nám opravit problém? (Hlášení je posíláno pouze pomocí Wi-Fi.)","crash-info-link":"Co obsahuje hlášení o pádu?","crash-always-report":"Pokud dojde k pádu, vždy odeslat Mozille hlášení.","crash-dont-send":"Neposílat","crash-end":"Poslat hlášení","crashReports":"Hlášení o pádu","done":"Hotovo","crash-reports-description-1":"Hlášení o pádu obsahuje některé detaily o pádu a vašem zařízení. Stejně tak obsahuje snímek stavu vašeho zařízení v době pádu.","crash-reports-description-2":"Může se jednat o otevřené stránky, aplikace, text zadaný do formulářů, obsah otevřených zpráv, nedávná historie prohlížení či informace o umístění používané otevřenou aplikací.","crash-reports-description-3-start":"Hlášení o pádech používáme pro opravy problémů a vylepšování našich produktů. S vašimi informacemi pracujeme tak, jak je popsáno v našich","crash-reports-description-3-privacy":"zásadách soukromí","crash-reports-description-3-end":".","crash-banner-os2":"{{brandShortName}} spadl.","crash-banner-app":"Aplikace {{name}} spadla.","crash-banner-report":"Hlášení o pádu","bluetooth-sending-progress":"Odchozí přenos Bluetooth","bluetooth-receiving-progress":"Příchozí přenos Bluetooth","acceptFileTransfer":"Přijmout přenos souboru pomocí Bluetooth?","wantToReceiveFile":"Zařízení {{deviceName}} by rádo přeneslo soubor {{fileName}} ({{fileSize}}).","transfer-confirmation-title":"{{deviceName}}","transfer-confirmation-description":"Požadavek na přenesení souboru.","byteUnit-B":"B","byteUnit-KB":"KB","byteUnit-MB":"MB","byteUnit-GB":"GB","byteUnit-TB":"TB","byteUnit-PB":"PB","byteUnit-EB":"EB","byteUnit-ZB":"ZB","byteUnit-YB":"YB","fileSize":"{{size}} {{unit}}","deny":"Odmítnout","transfer":"Přenést","cancelFileTransfer":"Zrušit přenos souboru pomocí Bluetooth?","continueFileTransfer":"Continue","transfer-has-started-title":"Přenos byl zahájen","transfer-has-started-description":"Stav zjistíte v panelu upozornění","transferFinished-sentSuccessful-title":"Odesílání dokončeno","transferFinished-receivedSuccessful-title":"Přenesený soubor","transferFinished-sentFailed-title":"Odesílání souboru selhalo","transferFinished-receivedFailed-title":"Soubor nemůže být přijat","transferReport-title":"Stav přenosu:","transferReport-description":"{{numSuccessful}} souborů úspěšně, {{numUnsuccessful}} neúspěšně","unknown-file":"Neznámý soubor","unknown-device":"Neznámé zařízení","cannotOpenFile":"Nelze otevřít přenesený soubor","unknownMediaTypeToOpen":"Nelze otevřít neznámý typ média:","cannotReceiveFile":"Nelze přijmout soubor","cannotGetStorageState":"Nelze zjistit stav úložiště","sdcard-not-exist2":"Paměťová karta nebyla nalezena. Vložte prosím paměťovou kartu.","sdcard-in-use":"Bluetooth nelze použít při připojeném telefonu. Pro přijetí souboru odpojte prosím telefon.","sdcard-no-space2":"Přenos se nepodařilo dokončit: paměťová karta je plná.","unknown-error":"Neznámá chyba","confirm":"Potvrdit","microphone-is-on":"Mikrofon je zapnut","camera-is-on":"Kamera je zapnuta","media-is-on":"Kamera a mikrofon jsou zapnuty","noSimCard":"Není SIM karta","simPin":"PIN","pukCode":"Kód PUK","nckCode":"Kód NCK","cckCode":"Kód CCK","spckCode":"Kód SPCK","nck1code":"NCK1 code","nck2code":"NCK2 code","hnckcode":"HNCK code","rcckcode":"RCCK code","rspckcode":"RSPCK code","whatIsSimPin":"Co je PIN?","simPinIntro1":"PIN zamezuje přístup SIM karty k mobilním datovým sítím. Když je povolen, pak jakékoliv zařízení se SIM kartou bude po restartu vyžadovat PIN.","simPinIntro2":"PIN není to samé jako heslo používané pro odblokování zařízení.","changeSimPin":"Změnit PIN","pinTitle":"Vložení PIN","multiSIMpinTitle":"Vložení PIN SIM {{n}}","pukTitle":"Vložení kódu PUK","nckTitle":"Vložení kódu NCK","cckTitle":"Vložení kódu CCK","spckTitle":"Vložení kódu SPCK","nck1Title":"Enter NCK1 code","nck2Title":"Enter NCK2 code","hnckTitle":"Enter HNCK code","rcckTitle":"Enter RCCK code","rspckTitle":"Enter RSPCK code","newpinTitle":"Nový PIN","inputCodeRetriesLeft":{"_index":["plural","n"],"_":{"one":"poslední pokus","two":"Zbývají {{n}} pokusy.","few":"Zbývájí {{n}} pokusy.","many":"Zbývá {{n}} pokusů.","other":"Zbývá {{n}} pokusů."}},"pinErrorMsg":"PIN není správný.","pinAttemptMsg2":{"_index":["plural","n"],"_":{"one":"Zbývá vám jeden pokus o vložení správného kódu než bude SIM karta zablokována.","two":"Zbývají vám {{n}} pokusy o vložení správného kódu než bude SIM karta zablokována.","few":"Zbývájí vám {{n}} pokusy o vložení správného kódu než bude SIM karta zablokována.","many":"Zbývá vám {{n}} pokusů o vložení správného kódu než bude SIM karta zablokována.","other":"Zbývá vám {{n}} pokusů o vložení správného kódu než bude SIM karta zablokována."}},"pinLastChanceMsg":"Toto je poslední možnost zadání správného PIN. Příště již budete muset pro použití karty SIM zadat PUK kód.","simCardLockedMsg":"SIM karta je zablokovaná.","enterPukMsg":"Musíte zadat Personal Unlocking Key (PUK) pro vaši SIM kartu. Nahlédněte do dokumentace ke své SIM kartě nebo pro více informací kontaktujte operátora.","pukErrorMsg":"PUK kód je neplatný.","pukAttemptMsg2":{"_index":["plural","n"],"_":{"one":"Máte ještě jeden pokus o vložení správného kódu předtím než bude karta SIM trvale nepoužitelná. Nahlédněte do dokumentace ke své SIM kartě nebo pro více informací kontaktujte operátora.","two":"Máte ještě {{n}} pokusy o vložení správného kódu předtím než bude karta SIM trvale nepoužitelná. Nahlédněte do dokumentace ke své SIM kartě nebo pro více informací kontaktujte operátora.","few":"Máte ještě {{n}} pokusy o vložení správného kódu předtím než bude karta SIM trvale nepoužitelná. Nahlédněte do dokumentace ke své SIM kartě nebo pro více informací kontaktujte operátora.","many":"Máte ještě {{n}} pokusů o vložení správného kódu předtím než bude karta SIM trvale nepoužitelná. Nahlédněte do dokumentace ke své SIM kartě nebo pro více informací kontaktujte operátora.","other":"Máte ještě {{n}} pokusů o vložení správného kódu předtím než bude karta SIM trvale nepoužitelná. Nahlédněte do dokumentace ke své SIM kartě nebo pro více informací kontaktujte operátora."}},"pukLastChanceMsg":"Poslední možnost vložit správný PUK kód. Pokud vložíte chybný PUK kód, bude vaše SIM karta trvale nepoužitelná. Nahlédněte do dokumentace ke své SIM kartě nebo pro více informací kontaktujte operátora. ","newSimPinMsg":"Vytvoření PIN (musí obsahovat 4 až 8 čísel)","confirmNewSimPinMsg":"Potvrzení nového PIN","newPinErrorMsg":"Zadané kódy PIN si neodpovídají.","nckErrorMsg":"NCK kód je neplatný.","nckAttemptMsg2":{"_index":["plural","n"],"_":{"one":"Požadavek na změnu sítě selhal. Máte ještě jeden pokus o vložení správného kódu. Nahlédněte do dokumentace ke své SIM kartě nebo pro více informací kontaktujte operátora.","two":"Požadavek na změnu sítě selhal. Máte ještě {{n}} pokusy o vložení správného kódu. Nahlédněte do dokumentace ke své SIM kartě nebo pro více informací kontaktujte operátora.","few":"Požadavek na změnu sítě selhal. Máte ještě {{n}} pokusy o vložení správného kódu. Nahlédněte do dokumentace ke své SIM kartě nebo pro více informací kontaktujte operátora.","many":"Požadavek na změnu sítě selhal. Máte ještě {{n}} pokusů o vložení správného kódu. Nahlédněte do dokumentace ke své SIM kartě nebo pro více informací kontaktujte operátora.","other":"Požadavek na změnu sítě selhal. Máte ještě {{n}} pokusů o vložení správného kódu. Nahlédněte do dokumentace ke své SIM kartě nebo pro více informací kontaktujte operátora."}},"nckLastChanceMsg":"Požadavek na změnu sítě selhal. Poslední změna pro vložení správného NCK kódu. Nahlédněte do dokumentace ke své SIM kartě nebo pro více informací kontaktujte operátora.  ","activity-pick":"Výběr z:","activity-view":"Zobrazit pomocí:","activity-test":"Otestovat pomocí:","activity-share":"Sdílet pomocí:","activity-new":"Vytvořit pomocí:","activity-open":"Otevřít pomocí:","activity-save-bookmark":"Přidat do záložek v:","activity-record":"Nahrát z:","activity-browse":"Prohlížet pomocí:","activity-configure":"Nastavit pomocí:","activity-dial":"Zavolat z:","persona-signin":"Přihlásit","payment-flow":"Koupit","remoteDebuggerMessage":"Byl zaznamenán požadavek na vzdálené připojení debuggeru. Povolit připojení?","fullscreen-request":"{{origin}} je nyní v režimu celé obrazovky.","captive-wifi-available":"Byla nalezena síť {{networkName}}. Připojit se?","ceWarningtitle":"Varování o hlasitosti","ceWarningcontent":"Jako prevenci před poškozením sluchu neposlouchejte po delší čas hudbu hlasitě.","notification-powersaving-mode-on-title":"Úsporný režim","notification-powersaving-mode-on-description":"Úsporný režim je zapnut","low-device-storage":"Málo volného místa.\\n","free-space":{"_index":["plural","value"],"_":{"zero":"Žádné zbývající volné místo.","one":"Zbývá méně než {{value}} {{unit}}.","two":"Zbývá méně než {{value}} {{unit}}.","few":"Zbývá méně než {{value}} {{unit}}.","many":"Zbývá méně než {{value}} {{unit}}.","other":"Zbývá méně než {{value}} {{unit}}."}},"unknown-free-space":"Neznámý stav zbývajícího místa.","system-alert":"Systémové upozornění","cb-channel":"Kanál {{channel}}","icc-message-title":"Zpráva operátora z karty SIM {{id}}","icc-confirmCall-defaultmessage":"Vytočit {{number}}?","icc-alertMessage-defaultmessage":"Poslání zprávy","icc-confirmMessage-defaultmessage":"Poslat zprávu?","icc-inputbox-title":"STK dotaz k karty SIM {{id}}","emergency-callback-mode":"Režim nouzového zpětného volání","emergency-callback-message":"Nemůžete uskutečnit hovory, poslat zprávy či být online, protože je aktivován režim nouzového volání. Chcete tento režim vypnout?","cdma-record-info":"Informace o záznamu CDMA","ime-switching-title":"{{appName}}: {{name}}","ime-switching-tip":"Klepněte pro přepnutí metody vstupu","layout-selection":"Layout selection","shrinking-tip":"Přejetím sdílet","download_started":"Stahování zahájeno","download_stopped":"Stahování ukončeno","download_downloading":"Stahování…","download_succeeded":"Stahování dokončeno","download_failed":"Stahování selhalo","download_text_by_default":"{{name}}","download_downloading_text_2":"{{percentage}}% - {{name}}","search-or-enter-address":{"_":"Search or enter address","placeholder":"Search or enter address"},"noSIMCardInHotspot":"Chybí karta SIM nebo není vložena správně. Hotspot bude vypnutý.","brandShortName":"B2G OS","browserBrandShortName":"Webový prohlížeč","browserBrandFullName":"Webový prohlížeč Mozilla","weekday-0-long":"Neděle","weekday-1-long":"Pondělí","weekday-2-long":"Úterý","weekday-3-long":"Středa","weekday-4-long":"Čtvrtek","weekday-5-long":"Pátek","weekday-6-long":"Sobota","weekday-0-short":"Ne","weekday-1-short":"Po","weekday-2-short":"Út","weekday-3-short":"St","weekday-4-short":"Čt","weekday-5-short":"Pá","weekday-6-short":"So","month-0-long":"Leden","month-1-long":"Únor","month-2-long":"Březen","month-3-long":"Duben","month-4-long":"Květen","month-5-long":"Červen","month-6-long":"Červenec","month-7-long":"Srpen","month-8-long":"Září","month-9-long":"Říjen","month-10-long":"Listopad","month-11-long":"Prosinec","month-0-genitive":"Leden","month-1-genitive":"Únor","month-2-genitive":"Březen","month-3-genitive":"Duben","month-4-genitive":"Květen","month-5-genitive":"Červen","month-6-genitive":"Červenec","month-7-genitive":"Srpen","month-8-genitive":"Září","month-9-genitive":"Říjen","month-10-genitive":"Listopad","month-11-genitive":"Prosinec","month-0-short":"leden","month-1-short":"únor","month-2-short":"březen","month-3-short":"duben","month-4-short":"květen","month-5-short":"červen","month-6-short":"červenec","month-7-short":"srpen","month-8-short":"září","month-9-short":"říjen","month-10-short":"listopad","month-11-short":"prosinec","minutes-ago-long":{"_index":["plural","value"],"_":{"zero":"právě teď","one":"před minutou","two":"před 2 minutami","few":"před {{value}} minutami","many":"před {{value}} minutami","other":"před {{value}} minutami"}},"hours-ago-long":{"_index":["plural","value"],"_":{"zero":"právě teď","one":"před hodinou","two":"před 2 hodinami","few":"před {{value}} hodinami","many":"před {{value}} hodinami","other":"před {{value}} hodinami"}},"days-ago-long":{"_index":["plural","value"],"_":{"zero":"dnes","one":"včera","two":"předevčírem","few":"před {{value}} dny","many":"před {{value}} dny","other":"před {{value}} dny"}},"weeks-ago-long":{"_index":["plural","value"],"_":{"zero":"tento týden","one":"minutý týden","two":"před {{value}} týdny","few":"před {{value}} týdny","many":"před {{value}} týdny","other":"před {{value}} týdny"}},"months-ago-long":{"_index":["plural","value"],"_":{"zero":"tento měsíc","one":"minulý měsíc","two":"před {{value}} měsíci","few":"před {{value}} měsíci","many":"před {{value}} měsíci","other":"před {{value}} měsíci"}},"years-ago-long":{"_index":["plural","value"],"_":{"zero":"tento rok","one":"minulý rok","two":"před {{value}} roky","few":"před {{value}} roky","many":"před {{value}} roky","other":"před {{value}} roky"}},"minutes-until-long":{"_index":["plural","value"],"_":{"zero":"nyní","one":"za minutu","two":"za 2 minuty","few":"za {{value}} minuty","many":"za {{value}} minut","other":"za {{value}} minut"}},"hours-until-long":{"_index":["plural","value"],"_":{"zero":"nyní","one":"za hodinu","two":"za 2 hodiny","few":"za {{value}} hodiny","many":"za {{value}} hodin","other":"za {{value}} hodin"}},"days-until-long":{"_index":["plural","value"],"_":{"zero":"dnes","one":"zítra","two":"pozítří","few":"za {{value}} dny","many":"za {{value}} dnů","other":"za {{value}} dnů"}},"weeks-until-long":{"_index":["plural","value"],"_":{"zero":"tento týden","one":"příští týden","two":"za {{value}} týdny","few":"za {{value}} týdny","many":"za {{value}} týdnů","other":"za {{value}} týdnů"}},"months-until-long":{"_index":["plural","value"],"_":{"zero":"tento měsíc","one":"příští měsíc","two":"za {{value}} měsíce","few":"za {{value}} měsíce","many":"za {{value}} měsíců","other":"za {{value}} měsíců"}},"years-until-long":{"_index":["plural","value"],"_":{"zero":"tento rok","one":"příští rok","two":"za {{value}} roky","few":"za {{value}} roky","many":"za {{value}} roků","other":"za {{value}} roků"}},"minutes-ago-short":{"_index":["plural","value"],"_":{"zero":"právě teď","other":"před {{value}} min"}},"hours-ago-short":{"_index":["plural","value"],"_":{"zero":"právě teď","other":"před {{value}} hod"}},"days-ago-short":{"_index":["plural","value"],"_":{"zero":"dnes","other":"před {{value}} dny"}},"minutes-until-short":{"_index":["plural","value"],"_":{"zero":"nyní","other":"za {{value}} min"}},"hours-until-short":{"_index":["plural","value"],"_":{"zero":"nyní","other":"za {{value}} hod"}},"days-until-short":{"_index":["plural","value"],"_":{"zero":"dnes","other":"za {{value}} dny"}},"incorrectDate":"(neplatné datum)","dateTimeFormat_%c":"%a %e. %b %Y %H:%M:%S","dateTimeFormat_%x":"%e. %m. %Y","dateTimeFormat_%X":"%H:%M:%S","shortTimeFormat":"%H:%M","shortDateTimeFormat":"%x %H:%M","weekStartsOnMonday":"1","time_am":"AM","time_pm":"PM","perm-contacts":"Kontakty","perm-contacts-appRequest":"Aplikace {{app}} požaduje přístup k vašim kontaktům.","perm-contacts-webRequest":"Stránka {{site}} požaduje přístup k vašim kontaktům.","perm-desktop-notification":"Upozornění","perm-desktop-notification-appRequest":"Aplikace {{app}} požaduje zobrazování upozornění.","perm-desktop-notification-webRequest":"Stránka {{site}} požaduje zobrazování upozornění.","perm-device-storage-music":"Úložiště hudby","perm-device-storage-music-appRequest":"Aplikace {{app}} požaduje přístup k vaší hudbě.","perm-device-storage-music-webRequest":"Stránka {{site}} požaduje přístup k vaší hudbě.","perm-device-storage-pictures":"Úložiště obrázků","perm-device-storage-pictures-appRequest":"Aplikace {{app}} požaduje přístup k vašim obrázkům.","perm-device-storage-pictures-webRequest":"Stránka {{site}} požaduje přístup k vašim obrázkům.","perm-device-storage-sdcard":"Úložiště na paměťové kartě","perm-device-storage-sdcard-appRequest":"Aplikace {{app}} požaduje přístup k vaší paměťové kartě.","perm-device-storage-sdcard-webRequest":"Stránka {{site}} požaduje přístup k vaší paměťové kartě.","perm-device-storage-videos":"Úložiště videa","perm-device-storage-videos-appRequest":"Aplikace {{app}} požaduje přístup k vašim videům.","perm-device-storage-videos-webRequest":"Stránka {{site}} požaduje přístup k vašim videům.","perm-fmradio":"FM rádio","perm-fmradio-appRequest":"Aplikace {{app}} požaduje užít FM rádio.","perm-fmradio-webRequest":"Stránka {{site}} požaduje užít FM rádio.","perm-geolocation":"Geolokace","perm-geolocation-appRequest":"Aplikace {{app}} požaduje přístup k vaší poloze.","perm-geolocation-webRequest":"Stránka {{site}} požaduje přístup k vaší poloze.","perm-geolocation-more-info":"{{brandShortName}} používá data z GPS, Wi-Fi a mobilních sítí okolo vás pro přibližné určení vaší polohy. Tato data jsou posílána Mozille a dalším poskytovatelům služeb, kteří je používají k vylepšování informací o umístění. Data mohou být uložena na vašem zařízení a sbírání dat může probíhat i tehdy, když není žádná aplikace spuštěna.","perm-video-capture":"Fotoaparát","perm-video-capture-appRequest":"Chcete sdílet svůj fotoaparát s aplikací {{app}}?","perm-video-capture-webRequest":"Chcete sdílet svůj fotoaparát se stránou {{site}}?","perm-audio-capture":"Mikrofón","perm-audio-capture-appRequest":"Chcete sdílet svůj mikrofón s aplikací {{app}}?","perm-audio-capture-webRequest":"Chcete sdílet svůj mikrofón se stránou {{site}}? ","perm-media-capture":"Fotoaparát a mikrofón","perm-media-capture-appRequest":"Chcete sdílet svůj fotoaparát a mikrofón s aplikací {{app}}?","perm-media-capture-webRequest":"Chcete sdílet svůj fotoaparát a mikrofón se stránkou {{site}}?","stopped_download_title":"Stahování přerušeno","stopped_download_message":"Stahování bylo přerušeno. Chcete jej znovu zahájit?","stopped_download_left_button":"Zrušit","stopped_download_right_button":"Znovu zahájit","failed_download_title":"Stahování selhalo","failed_download_message":"Stahování {{name}} se nezdařilo. Chcete jej zahájit znovu?","failed_download_left_button":"Zrušit","failed_download_right_button":"Znovu zahájit","stop_download_title":"Přerušit stahování","stop_download_message":"Opravdu chcete přerušit toto stahování?","stop_download_left_button":"Ne","stop_download_right_button":"Ano","delete_download_title":"Smazat","delete_download_message":"Smazat {{name}}?","delete_download_left_button":"Zrušit","delete_download_right_button":"Smazat","delete_all_download_title":"Smazat","delete_all_download_left_button":"Zrušit","delete_all_download_right_button":"Smazat","delete_all_download_message":{"_index":["plural","number"],"_":{"zero":"Smazat žádné soubory?","one":"Smazat jeden soubor?","two":"Smazat {{number}} soubory?","few":"Smazat {{number}} souborů?","many":"Smazat {{number}} souborů?","other":"Smazat {{number}} souborů?"}},"unsupported_file_type_download_title":"Soubor nelze otevřít","unsupported_file_type_download_message":"Nebyla nalezena žádná aplikace pro otevření {{name}}. Chcete tento soubor uložit nebo smazat?","unsupported_file_type_download_left_button":"Uchovat soubor","unsupported_file_type_download_right_button":"Smazat","file_not_found_download_title":"Soubor nenalezen","file_not_found_download_message":"Soubor nebyl v zařízení nalezen","file_not_found_download_right_button":"OK","unmounted_sdcard_2_download_title":"Paměťová karta je využívána","unmounted_sdcard_2_download_message":"Odpojte telefon","unmounted_sdcard_2_download_right_button":"OK","no_provider_download_title":"Nelze sdílet","no_provider_download_message":"Nebyl nalezen žádný poskytovatel","no_provider_download_right_button":"OK","no_memory_download_title":"SD karta je plná","no_memory_download_message":"Na vaší SD kartě není dostatek prostoru pro uložení stahovaného souboru. Před opakování pokusu o stažení prosím vymažte některé jiné soubory.","no_memory_download_right_button":"OK","no_sdcard_found_2_download_title":"Paměťová karta nebyla nalezena","no_sdcard_found_2_download_message":"Vložte paměťovou kartu nebo vyberte v Nastavení jiné výchozí umístění médií","no_sdcard_found_2_download_right_button":"OK","file_open_error_download_title":"Soubor nelze otevřít","file_open_error_download_message":"Při otevírání {{name}} došlo k chybě. Chcete tento soubor uložit nebo smazat?","file_open_error_download_left_button":"Uchovat soubor","file_open_error_download_right_button":"Smazat","restart_download_error":"Při opětovném zahájení stahování došli k chybě. Zkuste to prosím později.","no-downloads":"Žádná stahování","percentage":"{{percentage}} %","partialResult":"{{partial}} z {{total}}","summary":"{{date}} - {{status}}","download-stopped":"Přerušeno","download-failed":"Stahování selhalo","open_downloaded_file":"Otevřít","share_downloaded_file":"Sdílet","wallpaper_downloaded_file":"Nastavit jako tapetu","ringtone_downloaded_file":"Nastavit jako vyzvánění","cancel_downloaded_file":"Zrušit","voicemailNoNumberTitle":"Voicemail number is unavailable","voicemailNoNumberText":"Unable to call the voicemail. Set up the voicemail number to place the call.","voicemailNoNumberSettings":"Settings","voicemailNoNumberCancel":"Cancel","firefox-accounts-title":"Firefox Accounts","fxa-next":"Next","fxa-back":"Back","fxa-done":"Done","fxa-ok":"OK","fxa-account-does-not-exist-title":"Account does not exist","fxa-account-does-not-exist-message":"Account does not exist","fxa-cannot-create-account":"Unable to create account","fxa-cannot-create-password":"Unable to reset your Firefox Accounts password right now.","fxa-already-signed-in-title":"User is already signed in","fxa-already-signed-in-message":"There is an user is already signed in Firefox.","fxa-invalid-password-title":"Invalid password","fxa-invalid-password-message":"You have used an invalid password. Please try again with a valid one.","fxa-invalid-email-title":"Invalid email address","fxa-invalid-email-message":"You have used an invalid email address. Please try again with a valid one.","fxa-connection-error-title":"Unable to connect","fxa-connection-error-message":"Unable to connect to Firefox right now. You can sign in or create an account from your phone's settings or try it again.","fxa-reset-password-error-title":"Unable to reset password","fxa-reset-password-error-message":"Your password was not reset. Please try again.","fxa-reset-password-in-settings-title":"Reset Password","fxa-reset-password-in-settings-message":"You can reset your password from your phone's settings.","fxa-generic-error-title":"Unable to connect to Firefox","fxa-generic-error-message":"Unable to connect to Firefox Accounts right now. Try your phone's settings or check your connection to Internet.","fxa-coppa-failure-error-title":"Cannot Create Account","fxa-coppa-failure-error-message":"You must meet certain age requirements to create a Firefox Accounts. <a href='http://www.ftc.gov/news-events/media-resources/protecting-consumer-privacy/kids-privacy-coppa'>Learn more</a>","fxa-coppa-ftu-error-message":"You must meet certain age requirements to create a Firefox Accounts. Try again later from Settings.","fxa-offline-error-title":"Unable to connect to Firefox","fxa-offline-error-message":"Unable to connect to Firefox Accounts right now. Check your phone' settings and your Internet connection.","fxa-unknown-error-title":"Unknown error","fxa-unknown-error-message":"Unknown error","fxa-connecting-to-firefox":"Connecting to Firefox Accounts","fxa-email-input":{"placeholder":"Email"},"fxa-use-email-to-sign-in":"Use your email address to create an account or sign in.","fxa-agree-to-tos-pp":"By proceeding, you agree to our <a href=\"#fxa-tos\">Terms of Service</a> and <a href=\"#fxa-pp\">Privacy Policy</a>","fxa-set-password-title":"Enter your new password","fxa-enter-password-title":"Enter your password","fxa-hello-user":"Hello, <a id=\"fxa-user-email\">hola@email.com</a>","fxa-password-refresh":"Please enter your Firefox Account password for <a id=\"fxa-user-email\">hola@email.com</a> to continue.","fxa-password":{"placeholder":"Password"},"fxa-forgot-password":"I forgot my password","fxa-show-password":"Show password","fxa-authenticating":"Authenticating","fxa-registering":"Registering","fxa-success":"Success!","fxa-ready-to-go":"Your Firefox Account is ready to go! ","fxa-use-services":"Now you can use <span id=\"fxa-summary-email\">email</span> to access services like Marketplace and Where’s My Fox.","fxa-manage-account-settings":"In the future, you can access and manage your account from your phone's settings.","fxa-confirm-account":"Confirm Your Account","fxa-sending-email-to":"We have sent you an email to: <strong id=\"fxa-summary-email\">email</strong>","fxa-tos-header":"Terms of Service","fxa-tos1":"Lorem ipsum dolor sit amet, consectetur adipisicing elit, sed do eiusmod tempor incididunt ut labore et dolore magna aliqua. Ut enim ad minim veniam, quis nostrud exercitation ullamco laboris nisi ut aliquip ex ea commodo consequat. Duis aute irure dolor in reprehenderit in voluptate velit esse cillum dolore eu fugiat nulla pariatur. ","fxa-tos2":"Excepteur sint occaecat qui of fi cia deserunt mollit anim id est laborum.  Lorem ipsum dolor sit amet, consectetur adipisicing elit, sed do eiusmod tempor incididunt ut labore et dolore magna aliqua. Ut enim ad minim veniam,quis nostrud exercitation ullamco laboris nisi ut aliquip ex ea commodo consequat. Duis aute irure dolor in.","fxa-pp-header":"Privacy Policy","fxa-pp1":"Lorem ipsum dolor sit amet, consectetur adipisicing elit, sed do eiusmod tempor incididunt ut labore et dolore magna aliqua. Ut enim ad minim veniam, quis nostrud exercitation ullamco laboris nisi ut aliquip ex ea commodo consequat. Duis aute irure dolor in reprehenderit in voluptate velit esse cillum dolore eu fugiat nulla pariatur. ","fxa-pp2":"Excepteur sint occaecat qui of fi cia deserunt mollit anim id est laborum.  Lorem ipsum dolor sit amet, consectetur adipisicing elit, sed do eiusmod tempor incididunt ut labore et dolore magna aliqua. Ut enim ad minim veniam,quis nostrud exercitation ullamco laboris nisi ut aliquip ex ea commodo consequat. Duis aute irure dolor in.","fxa-age-verification":"Age Verification","fxa-age-1990-earlier":"1990 or earlier","fxa-year-of-birth":"Year of Birth"}