{"ok":"OK","back":"Tilbage","help":"Hjælp","cancel":"Annuller","close":"Luk","skip":"Spring over","airplaneMode":"Flytilstand","searching":"Søger…","noNetwork":"Intet netværk","roaming":"{{operator}} (Roaming)","emergencyCallsOnly":"Kun nødopkald","emergencyCallsOnly-unknownSIMState":"(ukendt simtilstand)","emergencyCallsOnly-noSIM":"(intet simkort)","emergencyCallsOnly-pinRequired":"(pinkode for simkort påkrævet)","emergencyCallsOnly-pukRequired":"(PUK-kode for simkort påkrævet)","emergencyCallsOnly-networkLocked":"(netværket er låst)","emergencyCallsOnly-serviceProviderLocked":"(operatøren er låst)","emergencyCallsOnly-corporateLocked":"(låst af operatøren)","emergencyCallsOnly-network1Locked":"(netværk1 låst)","emergencyCallsOnly-network2Locked":"(netværk2 låst)","emergencyCallsOnly-hrpdNetworkLocked":"(hrpd-netværk låst)","emergencyCallsOnly-ruimCorporateLocked":"(ruim-kort låst)","emergencyCallsOnly-ruimServiceProviderLocked":"(ruim-operatør låst)","enterPIN":"Indtast pinkode","statusbarLabel":"{{date}}, {{operator}}","statusbarDateFormat":"%e. %b","notifications":"Meddelelser","clear-all":"Ryd alle","newVoicemails":{"_index":["plural","n"],"_":{"zero":"Ingen nye telefonbeskeder","one":"1 ny telefonbesked","two":"{{n}} nye telefonbeskeder","few":"{{n}} nye telefonbeskeder","many":"{{n}} nye telefonbeskeder","other":"{{n}} nye telefonbeskeder"}},"newVoicemailsUnknown":"Nye telefonbeskeder","dialNumber":"Ring til {{number}}","voicemailNotificationMultiSim":"(Simkort {{n}}) {{title}}","confirmNFCConnectMsg1":"Are you sure you want to connect to the device?","confirmNFCConnectMsg2":"Turn on Bluetooth and connect to the device?","confirmNFCConnectMsg3":"Are you sure you want to connect to {{n}}?","confirmNFCConnectMsg4":"Turn on Bluetooth and connect to {{n}}?","deviceMenu":"Telefon","airplane":"Aktiver flytilstand","airplaneOff":"Deaktiver flytilstand","silent":"Lydløs ved indkommende opkald","normal":"Ring ved indkommende opkald","restart":"Genstart","power":"Sluk","asyncpanzoom":"Deaktiver APZ for apps","asyncpanzoomOff":"Aktiver APZ for apps","enableScreenReaderSteps":"Tryk på lydstyrke op og herefter tre gange på lydstyrke ned for at aktivere skærmlæseren","disableScreenReaderSteps":"Tryk på lydstyrke op og herefter tre gange på lydstyrke ned for at deaktivere skærmlæseren","no-recent-apps":"Ingen seneste apps","yes":"Ja","no":"Nej","dontallow":"Tillad ikke","allow":"Tillad","dontshare-geolocation":"Del ikke","share-geolocation":"Del","dontshare-audio-capture":"Del ikke","share-audio-capture":"Del","dontshare-video-capture":"Del ikke","share-video-capture":"Del","dontshare-media-capture":"Del ikke","share-media-capture":"Del","device-front":"Frontkamera","device-back":"Bagsidekamera","remember-my-choice":"Husk mit valg","more-info":"Læs mere…","hide-info":"Skjul info","install-app":"Installer {{name}}?","size":"Størrelse","author":"Udvikler","size-unknown":"Ukendt","author-unknown":"Ukendt","install":"Installer","bytes":"bytes","kB":"kB","MB":"MB","GB":"GB","TB":"TB","PB":"PB","app-install-generic-error":"Hentning af {{ appName }} er stoppet","app-install-download-failed":"Hentning af {{ appName }} mislykkedes","app-install-install-failed":"Installation af {{ appName }} mislykkedes","cancelling-will-not-refund":"Du får ikke pengene tilbage, hvis du annullerer. Hvis du vil have penge tilbage, skal du have dem af sælgeren.","apps-can-be-installed-later":"Apps kan installeres senere fra den oprindelige installationskilde.","are-you-sure-you-want-to-cancel":"Er du sikker på, at du vil annullere denne installation?","cancel-install":"Annuller","cancel-install-button":"Annuller","resume":"Genoptag","continue":"Fortsæt","stopDownloading":"Stop hentning af {{ app }}?","app-download-can-be-restarted":"Hentningen kan genstartes senere.","app-download-stop-button":"Stop hentning","not-enough-space":"Der er ikke plads nok","not-enough-space-message":"Der er ikke plads nok til at installere denne app. Frigør plads ved at afinstallere ældre apps eller filer, og prøv derefter at installere igen.","app-install-success":"{{ appName }} installeret","setup":"Indstillinger","ime-addkeyboards":"Tilføj tastaturer","later":"Senere","download":"Hent","wantToDownload":"Hent opdatering nu?","wantToInstall":"Installer opdatering nu?","installNow":"Installer nu","notNow":"Ikke nu","downloadingUpdateMessage":{"innerHTML":"Henter opdateringer… <span>{{ progress }} hentet.</span>"},"downloadingAppMessage":"Henter {{ appName }}","downloadingAppProgressNoMax":"{{ progress }} hentet","downloadingAppProgressIndeterminate":"Henter","downloadingAppProgress":"{{ progress }} / {{ max }} hentet","cancelAllDownloads":"Annuller alle filhentninger","wantToCancelAll":"Er du sikker på, at du vil annullere alle filhentninger?","downloadError":"Der opstod en fejl ved hentning af opdateringer.","updateAvailableInfo":{"innerHTML":{"_index":["plural","n"],"_":{"one":"{{ n }} opdatering er tilgængelig. <span>Tryk for mere info.</span>","two":"{{ n }} opdateringer er tilgængelige. <span>Tryk for mere info.</span>","few":"{{ n }} opdateringer er tilgængelige. <span>Tryk for mere info.</span>","many":"{{ n }} opdateringer er tilgængelige. <span>Tryk for mere info.</span>","other":"{{ n }} opdateringer er tilgængelige. <span>Tryk for mere info.</span>"}}},"numberOfUpdates":{"_index":["plural","n"],"_":{"one":"{{ n }} opdatering er tilgængelig","two":"{{ n }} opdateringer er tilgængelige","few":"{{ n }} opdateringer er tilgængelige","many":"{{ n }} opdateringer er tilgængelige","other":"{{ n }} opdateringer er tilgængelige"}},"systemUpdate":"Systemopdatering","systemUpdateReady":"Systemopdatering er klar","required":"Påkrævet","uncompressingMessage":{"innerHTML":"Udpakker… <span>Dette kan tage nogle minutter.</span>"},"downloadNoWifiWarning":"Wi-Fi er ikke tilgængelig. Opdatering over din nuværende forbindelse kan resultere i dataafgifter.","downloadOfflineWarning":"Forbindelse er ikke tilgængelig. Du skal forbinde til et netværk for at hente opdateringer.","downloadDataConnectionWarning":"Opdateringer hentes via dataforbindelsen, hvis Wi-Fi ikke er tilgængelig. Dette kan resultere i dataafgifter.","downloadUpdatesViaDataConnection":"Hent opdateringer via dataforbindelsen?","downloadUpdatesViaDataConnectionMessage":"Opdateringer hentes via dataforbindelsen, hvis Wi-Fi ikke er tilgængelig. Når du bruger dataforbindelsen, kan telefonopkald blokeres, og det kan resultere i dataafgifter.","screenshotSaved":"Billede gemt til galleriet","screenshotFailed":"Billedet kunne ikke gemmes","screenshotNoSDCard":"Intet hukommelseskort fundet","screenshotSDCardInUse":"Hukommelseskortet er i brug","screenshotSDCardLow":"For lidt plads på hukommelseskortet","emergency-call-button":"Nødopkald","emergency-call":"Nødopkald","unlock-a11y-button":{"ariaLabel":"Lås op"},"camera-a11y-button":{"ariaLabel":"Kamera"},"longDateFormat":"%A d. %e. %B","softwareHomeButton":{"ariaLabel":"Hjem"},"login":"Log ind","username":"Brugernavn","password":"Adgangskode","http-authentication-message":"{{host}} kræver et brugernavn og en adgangskode. Webstedet siger: “{{realm}}”","error-message":"{{name}} indlæses ikke korrekt","error-title":"{{name}} har problemer","airplane-is-on":"Flytilstand er aktiveret","airplane-is-turned-on":"{{name}} kræver en netværksforbindelse. Deaktiver flytilstand og forbind til Wi-Fi eller et datanetværk.","server-not-found":"Server ikke fundet","server-not-found-error":"Kan ikke finde serveren på {{name}}.","file-not-found":"Filen blev ikke fundet","file-not-found-error":"Enheden kan ikke vise denne side, fordi filen ikke kan findes.","connection-failed":"Kan ikke forbinde","connection-failed-error":"Der opstod en netværksfejl ved indlæsning af webstedet.","invalid-connection":"Kan ikke forbinde","invalid-connection-error":"Der opstod en netværksfejl ved indlæsning af webstedet.","malformed-uri":"Ugyldig URL","malformed-uri-error":"Den angivne URL er ugyldig og kan ikke indlæses.","redirect-loop":"Kan ikke vise side","redirect-loop-error":"Enheden kan ikke vise denne side, fordi siden ikke viderestiller korrekt. Prøv igen senere.","not-cached":"Siden er udløbet","not-cached-error":"Af sikkerhedsgrunde kan siden ikke vises af enheden, fordi siden er udløbet.","is-printing-error":"Dokumentet kan ikke ændres, mens der udskrives eller funktionen vis udskrift er aktiv.","denied-port-access":"Adressen er blokeret","denied-port-access-error":"Denne adresse benytter en netværksport, der normalt er forbeholdt andre formål. Enheden har annulleret forespørgslen for at beskytte dig.","proxy-resolve-failure":"Fejl på proxyserver","proxy-resolve-failure-error":"Enheden er konfigureret til at benytte en proxyserver, der ikke kan findes.","proxy-connect-failure":"Fejl på proxyserver","proxy-connect-failure-error":"Enheden er konfigureret til at benytte en proxyserver, der ikke tillader forbindelser.","content-encoding":"Siden kan ikke vises","content-encoding-error":"Enheden kan ikke vise siden, fordi der opstod en indholdskodningsfejl.","remote-xul":"Ikke understøttet side","remote-xul-error":"Siden kan ikke vises, fordi den bruger en teknologi, som ikke er understøttet på denne enhed.","phishing-blocked":"Advarsel","phishing-blocked-error":"Dette websted er blevet rapporteret som en forfalskning med henblik på at narre folk til at oplyse deres personlige eller økonomiske informationer.","malware-blocked":"Malware-angreb blokeret","malware-blocked-error":"Dette websted er blevet identificeret som indeholdende malware, og er blevet blokeret af hensyn til din sikkerhed.","unsafe-content-type":"Farligt indhold","unsafe-content-type-error":"Denne side kan ikke vises, da det kan være farligt at åbne den.","corrupted-content":"Siden kan ikke vises","corrupted-content-error":"Siden kan ikke vises, da der opstod en fejl i overførslen.","network-connection-unavailable":"Netværksforbindelse er ikke tilgængelig","network-error":"{{name}} kræver en netværksforbindelse. Prøv at forbinde til Wi-Fi eller et datanetværk.","network-error-launching":"{{name}} kræver en internetforbindelse.","network-error-in-app":"Der er ikke forbindelse til internettet.","unable-to-connect":"Kan ikke oprette forbindelse","try-again":"Prøv igen","check-settings":"Kontroller indstillingerne","tap-to-check-settings":"Tryk for at kontrollere indstillingerne","select-time":"Vælg klokkeslæt","choose-option":"Vælg","choose-options":"Vælg","select-day":"Vælg dag","battery-almost-empty":"Batteriet er næsten tomt","add-to-home-screen":"Føj til startskærm","crash-dialog2-os":"{{brandShortName}} blev genstartet efter en fejl","crash-dialog-app":"{{name}} gik ned","crash-dialog-message":"Vil du sende en fejlrapport til Mozilla, så du kan hjælpe os med at rette fejlen? (Rapporter sendes kun over Wi-Fi).","crash-info-link":"Hvad er der i en fejlrapport?","crash-always-report":"Send altid en fejlrapport til Mozilla ved fejl.","crash-dont-send":"Send ikke","crash-end":"Send fejlrapport","crashReports":"Fejlrapporter","done":"Færdig","crash-reports-description-1":"En fejlrapport indeholder oplysninger om fejlen og din enhed samt et øjebliksbillede af din enhed da fejlen opstod.","crash-reports-description-2":"Dette kan inkludere ting som åbne sider og apps, tekst indtastet i formularer og indhold i åbne mails og beskeder, nylig historik fra browseren eller position som bruges i en åben app.","crash-reports-description-3-start":"Vi bruger fejlrapporter til at forbedre vores produkter. Du kan læse, hvordan vi behandler dine informationer, i vores ","crash-reports-description-3-privacy":"privatlivspolitik","crash-reports-description-3-end":".","crash-banner-os2":"{{brandShortName}} gik ned.","crash-banner-app":"{{name}} gik ned.","crash-banner-report":"Rapporter","bluetooth-sending-progress":"Sender Bluetooth-overførsel…","bluetooth-receiving-progress":"Modtager Bluetooth-overførsel…","acceptFileTransfer":"Accepter Bluetooth-filoverførsel?","wantToReceiveFile":"{{deviceName}} vil overføre {{fileName}} ({{fileSize}}).","transfer-confirmation-title":"{{deviceName}}","transfer-confirmation-description":"Gennemgå overførselsforespørgslen.","byteUnit-B":"B","byteUnit-KB":"KB","byteUnit-MB":"MB","byteUnit-GB":"GB","byteUnit-TB":"TB","byteUnit-PB":"PB","byteUnit-EB":"EB","byteUnit-ZB":"ZB","byteUnit-YB":"YB","fileSize":"{{size}} {{unit}}","deny":"Afvis","transfer":"Overfør","cancelFileTransfer":"Annuller Bluetooth-filoverførsel?","continueFileTransfer":"Fortsæt","transfer-has-started-title":"Overførslen er startet","transfer-has-started-description":"Se fremgangen i meddelelsescenteret","transferFinished-sentSuccessful-title":"Fil sendt","transferFinished-receivedSuccessful-title":"Fil modtaget","transferFinished-sentFailed-title":"Filen kunne ikke sendes","transferFinished-receivedFailed-title":"Filen kunne ikke modtages","transferReport-title":"Overførselsrapport:","transferReport-description":"{{numSuccessful}} filer blev overført, {{numUnsuccessful}} filer blev ikke overført","unknown-file":"Ukendt fil","unknown-device":"Ukendt enhed","cannotOpenFile":"Kan ikke åbne den modtagede fil","unknownMediaTypeToOpen":"Kan ikke åbne den ukendte filtype:","cannotReceiveFile":"Kan ikke modtage fil","cannotGetStorageState":"Kan ikke hente enhedens lagerstatus.","sdcard-not-exist2":"Hukommelseskort ikke fundet. Indsæt et hukommelseskort.","sdcard-in-use":"Bluetooth kan ikke bruges, mens telefonen er tilsluttet. Frakobl telefonen for at modtage fil(er).","sdcard-no-space2":"Kan ikke afslutte overførslen. Hukommelseskortet er fyldt op.","unknown-error":"Ukendt fejl","confirm":"Bekræft","microphone-is-on":"Mikrofon er tændt","camera-is-on":"Kamera er tændt","media-is-on":"Kamera og mikrofon er tændt","noSimCard":"Intet simkort","simPin":"Sim-pinkode","pukCode":"PUK-kode","nckCode":"NCK-kode","cckCode":"CCK-kode","spckCode":"SPCK-kode","nck1code":"NCK1-kode","nck2code":"NCK2-kode","hnckcode":"HNCK-kode","rcckcode":"RCCK-kode","rspckcode":"RSPCK-kode","whatIsSimPin":"Hvad er en sim-pinkode?","simPinIntro1":"Sim-pinkoden forhindrer uvedkommende at bruge simkortet til at gå på netværket. Når pinkoden er aktiveret, skal koden indtastes ved start, før enheden kan bruges - uanset hvilken enhed kortet indsættes i.","simPinIntro2":"En sim-pinkode er ikke det samme som en adgangskode til at låse en enhed op.","changeSimPin":"Skift pinkode","pinTitle":"Indtast sim-pinkode","multiSIMpinTitle":"Indtast sim-pinkode {{n}}","pukTitle":"Indtast PUK-kode","nckTitle":"Indtast NCK-kode","cckTitle":"Indtast CCK-kode","spckTitle":"Indtast SPCK-kode","nck1Title":"Indtast NCK1-kode","nck2Title":"Indtast NCK2-kode","hnckTitle":"Indtast HNCK-kode","rcckTitle":"Indtast RCCK-kode","rspckTitle":"Indtast RSPCK-kode","newpinTitle":"Ny pinkode","inputCodeRetriesLeft":{"_index":["plural","n"],"_":{"one":"Sidste forsøg.","two":"{{n}} forsøg tilbage.","few":"{{n}} forsøg tilbage.","many":"{{n}} forsøg tilbage.","other":"{{n}} forsøg tilbage."}},"pinErrorMsg":"Forkert pinkode.","pinAttemptMsg2":{"_index":["plural","n"],"_":{"one":"Du har 1 forsøg tilbage til at indtaste den korrekte kode, før simkortet låses.","two":"Du har {{n}} forsøg tilbage til at indtaste den korrekte kode, før simkortet låses.","few":"Du har {{n}} forsøg tilbage til at indtaste den korrekte kode, før simkortet låses.","many":"Du har {{n}} forsøg tilbage til at indtaste den korrekte kode, før simkortet låses.","other":"Du har {{n}} forsøg tilbage til at indtaste den korrekte kode, før simkortet låses."}},"pinLastChanceMsg":"Dette er din sidste mulighed for at indtaste den korrekte kode. Ellers låses simkortet, og du skal indtaste PUK-koden for atter at kunne bruge simkortet.","simCardLockedMsg":"Simkortet er låst.","enterPukMsg":"Du skal indtaste din Personal Unlocking Key (PUK-kode) til simkortet. Tjek dokumentationen for dit simkort, eller kontakt din operatør for yderligere information.","pukErrorMsg":"Forkert PUK-kode.","pukAttemptMsg2":{"_index":["plural","n"],"_":{"one":"Du har 1 forsøg tilbage til at indtaste den korrekte PUK-kode til dette simkort, før kortet låses for bestandigt. Tjek dokumentationen for dit simkort, eller kontakt din operatør for yderligere information.","two":"Du har {{n}} forsøg tilbage til at indtaste den korrekte PUK-kode til dette simkort, før kortet låses for bestandigt. Tjek dokumentationen for dit simkort, eller kontakt din operatør for yderligere information.","few":"Du har {{n}} forsøg tilbage til at indtaste den korrekte PUK-kode til dette simkort, før kortet låses for bestandigt. Tjek dokumentationen for dit simkort, eller kontakt din operatør for yderligere information.","many":"Du har {{n}} forsøg tilbage til at indtaste den korrekte PUK-kode til dette simkort, før kortet låses for bestandigt. Tjek dokumentationen for dit simkort, eller kontakt din operatør for yderligere information.","other":"Du har {{n}} forsøg tilbage til at indtaste den korrekte PUK-kode til dette simkort, før kortet låses for bestandigt. Tjek dokumentationen for dit simkort, eller kontakt din operatør for yderligere information."}},"pukLastChanceMsg":"Dette er din sidste mulighed for at indtaste en korrekt PUK-kode. Hvis du indtaster en forkert PUK-kode, vil dit simkort blive låst for bestandigt. Tjek dokumentationen for dit simkort, eller kontakt din operatør for yderligere information.","newSimPinMsg":"Opret en ny pinkode (4 til 8 cifre)","confirmNewSimPinMsg":"Bekræft ny pinkode","newPinErrorMsg":"Pinkoderne er ikke ens.","nckErrorMsg":"Forkert NCK-kode.","nckAttemptMsg2":{"_index":["plural","n"],"_":{"one":"Unlock mislykkedes. Du har 1 forsøg tilbage til at indtaste den korrekte NCK-kode. Tjek dokumentationen for dit simkort, eller kontakt din operatør for yderligere information.","two":"Unlock mislykkedes. Du har {{n}} forsøg tilbage til at indtaste den korrekte NCK-kode. Tjek dokumentationen for dit simkort, eller kontakt din operatør for yderligere information.","few":"Unlock mislykkedes. Du har {{n}} forsøg tilbage til at indtaste den korrekte NCK-kode. Tjek dokumentationen for dit simkort, eller kontakt din operatør for yderligere information.","many":"Unlock mislykkedes. Du har {{n}} forsøg tilbage til at indtaste den korrekte NCK-kode. Tjek dokumentationen for dit simkort, eller kontakt din operatør for yderligere information.","other":"Unlock mislykkedes. Du har {{n}} forsøg tilbage til at indtaste den korrekte NCK-kode. Tjek dokumentationen for dit simkort, eller kontakt din operatør for yderligere information."}},"nckLastChanceMsg":"Unlock mislykkedes. Dette er din sidste mulighed for at indtaste den korrekte NCK-kode. Tjek dokumentationen for dit simkort, eller kontakt din operatør for yderligere information.","activity-pick":"Vælg fra:","activity-view":"Vis med:","activity-test":"Test med:","activity-share":"Del med:","activity-new":"Opret med:","activity-open":"Åbn med:","activity-save-bookmark":"Genvej til:","activity-record":"Optag fra:","activity-browse":"Browse med:","activity-configure":"Indstil med:","activity-dial":"Ring fra:","persona-signin":"Log ind","payment-flow":"Køb","remoteDebuggerMessage":"Der er modtaget en anmodning om tilladelse til fjernbetjent fejlfinding. Acceptér anmodningen?","fullscreen-request":"{{origin}} vises nu i fuldskærm.","captive-wifi-available":"Netværket {{networkName}} blev fundet. Kobl på netværket?","ceWarningtitle":"Advarsel om lydstyrke","ceWarningcontent":"Undlad at benytte høj lydstyrke i længere tid ad gangen, da det kan forårsage høreskader.","notification-powersaving-mode-on-title":"Strømbesparende tilstand","notification-powersaving-mode-on-description":"Strømbesparende tilstand er aktiveret.","low-device-storage":"Enhedens lagerplads.\\n","free-space":{"_index":["plural","value"],"_":{"zero":"Der er ingen ledig lagerplads.","one":"Mindre end {{value}} {{unit}} tilbage.","two":"Mindre end {{value}} {{unit}} tilbage.","few":"Mindre end {{value}} {{unit}} tilbage.","many":"Mindre end {{value}} {{unit}} tilbage.","other":"Mindre end {{value}} {{unit}} tilbage."}},"unknown-free-space":"Ukendt ledig lagerplads.","system-alert":"System-advarsel","cb-channel":"Kanal {{channel}}","icc-message-title":"Operatørbesked fra simkort {{id}}","icc-confirmCall-defaultmessage":"Ring til {{number}}?","icc-alertMessage-defaultmessage":"Sender besked","icc-confirmMessage-defaultmessage":"Send besked?","icc-inputbox-title":"STK-forespørgsel fra simkort {{id}}","emergency-callback-mode":"Nødopkald","emergency-callback-message":"Du kan ikke foretage opkald, sende beskeder eller gå på internettet, fordi tilstand til nødopkald er aktiveret. Vil du deaktivere tilstand til nødopkald?","cdma-record-info":"CDMA-information","ime-switching-title":"{{appName}}: {{name}}","ime-switching-tip":"Tryk for at skifte indput-metode","layout-selection":"Valg af layout","shrinking-tip":"Stryg for at dele","download_started":"Hentning startet","download_stopped":"Hentning stoppet","download_downloading":"Henter…","download_succeeded":"Hentning fuldført","download_failed":"Hentning mislykkedes","download_text_by_default":"{{name}}","download_downloading_text_2":"{{percentage}}% - {{name}}","search-or-enter-address":{"_":"Søg eller indtast adresse","placeholder":"Søg eller indtast adresse"},"noSIMCardInHotspot":"Der er intet simkort, eller det er isat forkert. Slå hotspot fra","brandShortName":"B2G OS","browserBrandShortName":"Webbrowser","browserBrandFullName":"Mozilla Webbrowser","weekday-0-long":"Søndag","weekday-1-long":"Mandag","weekday-2-long":"Tirsdag","weekday-3-long":"Onsdag","weekday-4-long":"Torsdag","weekday-5-long":"Fredag","weekday-6-long":"Lørdag","weekday-0-short":"Søn","weekday-1-short":"Man","weekday-2-short":"Tir","weekday-3-short":"Ons","weekday-4-short":"Tor","weekday-5-short":"Fre","weekday-6-short":"Lør","month-0-long":"Januar","month-1-long":"Februar","month-2-long":"Marts","month-3-long":"April","month-4-long":"Maj","month-5-long":"Juni","month-6-long":"Juli","month-7-long":"August","month-8-long":"September","month-9-long":"Oktober","month-10-long":"November","month-11-long":"December","month-0-genitive":"januar","month-1-genitive":"februar","month-2-genitive":"marts","month-3-genitive":"april","month-4-genitive":"maj","month-5-genitive":"juni","month-6-genitive":"juli","month-7-genitive":"august","month-8-genitive":"september","month-9-genitive":"oktober","month-10-genitive":"november","month-11-genitive":"december","month-0-short":"Jan","month-1-short":"Feb","month-2-short":"Mar","month-3-short":"Apr","month-4-short":"Maj","month-5-short":"Jun","month-6-short":"Jul","month-7-short":"Aug","month-8-short":"Sep","month-9-short":"Okt","month-10-short":"Nov","month-11-short":"Dec","minutes-ago-long":{"_index":["plural","value"],"_":{"zero":"nu","one":"for et minut siden","two":"for {{value}} minutter siden","few":"for {{value}} minutter siden","many":"for {{value}} minutter siden","other":"for {{value}} minutter siden"}},"hours-ago-long":{"_index":["plural","value"],"_":{"zero":"nu","one":"for en time siden","two":"for {{value}} timer siden","few":"for {{value}} timer siden","many":"for {{value}} timer siden","other":"for {{value}} timer siden"}},"days-ago-long":{"_index":["plural","value"],"_":{"zero":"i dag","one":"i går","two":"for {{value}} dage siden","few":"for {{value}} dage siden","many":"for {{value}} dage siden","other":"for {{value}} dage siden"}},"weeks-ago-long":{"_index":["plural","value"],"_":{"zero":"denne uge","one":"sidste uge","two":"for {{value}} uger siden","few":"for {{value}} uger siden","many":"for {{value}} uger siden","other":"for {{value}} uger siden"}},"months-ago-long":{"_index":["plural","value"],"_":{"zero":"denne måned","one":"sidste måned","two":"for {{value}} måneder siden","few":"for {{value}} måneder siden","many":"for {{value}} måneder siden","other":"for {{value}} måneder siden"}},"years-ago-long":{"_index":["plural","value"],"_":{"zero":"dette år","one":"sidste år","two":"for {{value}} år siden","few":"for {{value}} år siden","many":"for {{value}} år siden","other":"for {{value}} år siden"}},"minutes-until-long":{"_index":["plural","value"],"_":{"zero":"nu","one":"om et minut","two":"om {{value}} minutter","few":"om {{value}} minutter","many":"om {{value}} minutter","other":"om {{value}} minutter"}},"hours-until-long":{"_index":["plural","value"],"_":{"zero":"nu","one":"om en time","two":"om {{value}} timer","few":"om {{value}} timer","many":"om {{value}} timer","other":"om {{value}} timer"}},"days-until-long":{"_index":["plural","value"],"_":{"zero":"i dag","one":"i morgen","two":"om {{value}} dage","few":"om {{value}} dage","many":"om {{value}} dage","other":"om {{value}} dage"}},"weeks-until-long":{"_index":["plural","value"],"_":{"zero":"denne uge","one":"næste uge","two":"om {{value}} uger","few":"om {{value}} uger","many":"om {{value}} uger","other":"om {{value}} uger"}},"months-until-long":{"_index":["plural","value"],"_":{"zero":"denne måned","one":"næste måned","two":"om {{value}} måneder","few":"om {{value}} måneder","many":"om {{value}} måneder","other":"om {{value}} måneder"}},"years-until-long":{"_index":["plural","value"],"_":{"zero":"i år","one":"næste år","two":"om {{value}} år","few":"om {{value}} år","many":"om {{value}} år","other":"om {{value}} år"}},"minutes-ago-short":{"_index":["plural","value"],"_":{"zero":"nu","other":"{{value}}m siden"}},"hours-ago-short":{"_index":["plural","value"],"_":{"zero":"nu","other":"{{value}}t siden"}},"days-ago-short":{"_index":["plural","value"],"_":{"zero":"i dag","other":"{{value}}d siden"}},"minutes-until-short":{"_index":["plural","value"],"_":{"zero":"nu","other":"om {{value}}m"}},"hours-until-short":{"_index":["plural","value"],"_":{"zero":"nu","other":"om {{value}}t"}},"days-until-short":{"_index":["plural","value"],"_":{"zero":"i dag","other":"om {{value}}d"}},"incorrectDate":"(forkert dato)","dateTimeFormat_%c":"%a d. %e. %b %Y %H:%M:%S","dateTimeFormat_%x":"%d-%m-%Y","dateTimeFormat_%X":"%H:%M:%S","shortTimeFormat":"%H:%M","shortDateTimeFormat":"%x %H:%M","weekStartsOnMonday":"1","time_am":"AM","time_pm":"PM","perm-contacts":"Kontakter","perm-contacts-appRequest":"{{app}} vil have adgang til dine kontakter.","perm-contacts-webRequest":"{{site}} vil have adgang til dine kontakter.","perm-desktop-notification":"Meddelelser","perm-desktop-notification-appRequest":"{{app}} vil have lov at vise meddelelser.","perm-desktop-notification-webRequest":"{{site}} vil have lov at vise meddelelser.","perm-device-storage-music":"Musik","perm-device-storage-music-appRequest":"{{app}} vil have adgang til din musik.","perm-device-storage-music-webRequest":"{{site}} vil have adgang til din musik.","perm-device-storage-pictures":"Billeder","perm-device-storage-pictures-appRequest":"{{app}} vil have adgang til dine billeder.","perm-device-storage-pictures-webRequest":"{{site}} vil have adgang til dine billeder.","perm-device-storage-sdcard":"Hukommelseskort","perm-device-storage-sdcard-appRequest":"{{app}} vil have adgang til dit hukommelseskort.","perm-device-storage-sdcard-webRequest":"{{site}} vil have adgang til dit hukommelseskort.","perm-device-storage-videos":"Video","perm-device-storage-videos-appRequest":"{{app}} vil have adgang til dine videoer.","perm-device-storage-videos-webRequest":"{{site}} vil have adgang til dine videoer.","perm-fmradio":"FM-radio","perm-fmradio-appRequest":"{{app}} vil have adgang til din FM-radio.","perm-fmradio-webRequest":"{{site}} vil have adgang til din FM-radio.","perm-geolocation":"Position","perm-geolocation-appRequest":"Vil du dele din position med {{app}}?","perm-geolocation-webRequest":"Vil du dele din position med {{site}}?","perm-geolocation-more-info":"{{brandShortName}} bruger data som fx GPS, Wi-Fi og mobile netværk i nærheden til at fastsætte din omtrentlige position. Data sendes til Mozilla og andre tjenesteudbydere og vil blive brugt til at forbedre positionsdatabaserne. Data kan blive gemt på din enhed og indsamling af data kan ske, selvom du ikke har apps kørende.","perm-video-capture":"Kamera","perm-video-capture-appRequest":"Vil du dele dit kamera med {{app}}?","perm-video-capture-webRequest":"Vil du dele dit kamera med {{site}}?","perm-audio-capture":"Mikrofon","perm-audio-capture-appRequest":"Vil du dele din mikrofon med {{app}}?","perm-audio-capture-webRequest":"Vil du dele din mikrofon med {{site}}?","perm-media-capture":"Kamera og mikrofon","perm-media-capture-appRequest":"Vil du dele dit kamera og din mikrofon med {{app}}?","perm-media-capture-webRequest":"Vil du dele dit kamera og din mikrofon med {{site}}?","stopped_download_title":"Hentning stoppet","stopped_download_message":"Hentning blev stoppet. Prøv at hente igen?","stopped_download_left_button":"Annuller","stopped_download_right_button":"Prøv igen","failed_download_title":"Hentning mislykkedes","failed_download_message":"{{name}} kunne ikke hentes. Prøv at hente igen?","failed_download_left_button":"Annuller","failed_download_right_button":"Prøv igen","stop_download_title":"Stop hentning","stop_download_message":"Er du sikker på, at du vil stoppe hentningen?","stop_download_left_button":"Nej","stop_download_right_button":"Ja","delete_download_title":"Slet","delete_download_message":"Slet {{name}}?","delete_download_left_button":"Annuller","delete_download_right_button":"Slet","delete_all_download_title":"Slet","delete_all_download_left_button":"Annuller","delete_all_download_right_button":"Slet","delete_all_download_message":{"_index":["plural","number"],"_":{"zero":"Slet ikke nogen filer?","one":"Slet 1 fil?","two":"Slet {{number}} filer?","few":"Slet {{number}} filer?","many":"Slet {{number}} filer?","other":"Slet {{number}} filer?"}},"unsupported_file_type_download_title":"Kunne ikke åbnes","unsupported_file_type_download_message":"Der er ikke nogen app der kan åbne {{name}}. Vil du beholde filen eller slette den?","unsupported_file_type_download_left_button":"Behold fil","unsupported_file_type_download_right_button":"Slet","file_not_found_download_title":"Fil ikke fundet","file_not_found_download_message":"Filen blev ikke fundet på enheden","file_not_found_download_right_button":"OK","unmounted_sdcard_2_download_title":"Hukommelseskortet er i brug","unmounted_sdcard_2_download_message":"Afkobl enheden","unmounted_sdcard_2_download_right_button":"OK","no_provider_download_title":"Kunne ikke dele","no_provider_download_message":"Operatør ikke fundet","no_provider_download_right_button":"OK","no_memory_download_title":"SD-kortet er fuldt","no_memory_download_message":"Der er ikke mere plads på SD-kortet til at gemme din filhentning. Slet nogle filer, før du genstarter filhentningen.","no_memory_download_right_button":"OK","no_sdcard_found_2_download_title":"Hukommelseskort ikke fundet","no_sdcard_found_2_download_message":"Indsæt hukommelseskort eller vælg en anden standardplacering af mediefiler under indstillinger","no_sdcard_found_2_download_right_button":"OK","file_open_error_download_title":"Kunne ikke åbnes","file_open_error_download_message":"Der er et problem med at åbne {{name}}. Vil du beholde filen eller slette den?","file_open_error_download_left_button":"Behold fil","file_open_error_download_right_button":"Slet","restart_download_error":"Der opstod en fejl under genstart af hentningen. Prøv at hente igen.","no-downloads":"Ingen filhentninger","percentage":"{{percentage}} %","partialResult":"{{partial}} af {{total}}","summary":"{{date}} - {{status}}","download-stopped":"Stoppet","download-failed":"Hentning mislykkedes","open_downloaded_file":"Åbn","share_downloaded_file":"Del","wallpaper_downloaded_file":"Brug som baggrundsbillede","ringtone_downloaded_file":"Brug som ringetone","cancel_downloaded_file":"Annuller","voicemailNoNumberTitle":"Telefonsvarerens nummer findes ikke","voicemailNoNumberText":"Kan ikke ringe til telefonsvareren. Du skal angive et nummer til telefonsvareren for at kunne ringe til den.","voicemailNoNumberSettings":"Indstillinger","voicemailNoNumberCancel":"Annuller","firefox-accounts-title":"Firefox Accounts","fxa-next":"Next","fxa-back":"Back","fxa-done":"Done","fxa-ok":"OK","fxa-account-does-not-exist-title":"Account does not exist","fxa-account-does-not-exist-message":"Account does not exist","fxa-cannot-create-account":"Unable to create account","fxa-cannot-create-password":"Unable to reset your Firefox Accounts password right now.","fxa-already-signed-in-title":"User is already signed in","fxa-already-signed-in-message":"There is an user is already signed in Firefox.","fxa-invalid-password-title":"Invalid password","fxa-invalid-password-message":"You have used an invalid password. Please try again with a valid one.","fxa-invalid-email-title":"Invalid email address","fxa-invalid-email-message":"You have used an invalid email address. Please try again with a valid one.","fxa-connection-error-title":"Unable to connect","fxa-connection-error-message":"Unable to connect to Firefox right now. You can sign in or create an account from your phone's settings or try it again.","fxa-reset-password-error-title":"Unable to reset password","fxa-reset-password-error-message":"Your password was not reset. Please try again.","fxa-reset-password-in-settings-title":"Reset Password","fxa-reset-password-in-settings-message":"You can reset your password from your phone's settings.","fxa-generic-error-title":"Unable to connect to Firefox","fxa-generic-error-message":"Unable to connect to Firefox Accounts right now. Try your phone's settings or check your connection to Internet.","fxa-coppa-failure-error-title":"Cannot Create Account","fxa-coppa-failure-error-message":"You must meet certain age requirements to create a Firefox Accounts. <a href='http://www.ftc.gov/news-events/media-resources/protecting-consumer-privacy/kids-privacy-coppa'>Learn more</a>","fxa-coppa-ftu-error-message":"You must meet certain age requirements to create a Firefox Accounts. Try again later from Settings.","fxa-offline-error-title":"Unable to connect to Firefox","fxa-offline-error-message":"Unable to connect to Firefox Accounts right now. Check your phone' settings and your Internet connection.","fxa-unknown-error-title":"Unknown error","fxa-unknown-error-message":"Unknown error","fxa-connecting-to-firefox":"Connecting to Firefox Accounts","fxa-email-input":{"placeholder":"Email"},"fxa-use-email-to-sign-in":"Use your email address to create an account or sign in.","fxa-agree-to-tos-pp":"By proceeding, you agree to our <a href=\"#fxa-tos\">Terms of Service</a> and <a href=\"#fxa-pp\">Privacy Policy</a>","fxa-set-password-title":"Enter your new password","fxa-enter-password-title":"Enter your password","fxa-hello-user":"Hello, <a id=\"fxa-user-email\">hola@email.com</a>","fxa-password-refresh":"Please enter your Firefox Account password for <a id=\"fxa-user-email\">hola@email.com</a> to continue.","fxa-password":{"placeholder":"Password"},"fxa-forgot-password":"I forgot my password","fxa-show-password":"Show password","fxa-authenticating":"Authenticating","fxa-registering":"Registering","fxa-success":"Success!","fxa-ready-to-go":"Your Firefox Account is ready to go! ","fxa-use-services":"Now you can use <span id=\"fxa-summary-email\">email</span> to access services like Marketplace and Where’s My Fox.","fxa-manage-account-settings":"In the future, you can access and manage your account from your phone's settings.","fxa-confirm-account":"Confirm Your Account","fxa-sending-email-to":"We have sent you an email to: <strong id=\"fxa-summary-email\">email</strong>","fxa-tos-header":"Terms of Service","fxa-tos1":"Lorem ipsum dolor sit amet, consectetur adipisicing elit, sed do eiusmod tempor incididunt ut labore et dolore magna aliqua. Ut enim ad minim veniam, quis nostrud exercitation ullamco laboris nisi ut aliquip ex ea commodo consequat. Duis aute irure dolor in reprehenderit in voluptate velit esse cillum dolore eu fugiat nulla pariatur. ","fxa-tos2":"Excepteur sint occaecat qui of fi cia deserunt mollit anim id est laborum.  Lorem ipsum dolor sit amet, consectetur adipisicing elit, sed do eiusmod tempor incididunt ut labore et dolore magna aliqua. Ut enim ad minim veniam,quis nostrud exercitation ullamco laboris nisi ut aliquip ex ea commodo consequat. Duis aute irure dolor in.","fxa-pp-header":"Privacy Policy","fxa-pp1":"Lorem ipsum dolor sit amet, consectetur adipisicing elit, sed do eiusmod tempor incididunt ut labore et dolore magna aliqua. Ut enim ad minim veniam, quis nostrud exercitation ullamco laboris nisi ut aliquip ex ea commodo consequat. Duis aute irure dolor in reprehenderit in voluptate velit esse cillum dolore eu fugiat nulla pariatur. ","fxa-pp2":"Excepteur sint occaecat qui of fi cia deserunt mollit anim id est laborum.  Lorem ipsum dolor sit amet, consectetur adipisicing elit, sed do eiusmod tempor incididunt ut labore et dolore magna aliqua. Ut enim ad minim veniam,quis nostrud exercitation ullamco laboris nisi ut aliquip ex ea commodo consequat. Duis aute irure dolor in.","fxa-age-verification":"Age Verification","fxa-age-1990-earlier":"1990 or earlier","fxa-year-of-birth":"Year of Birth"}