{"ok":"OK","back":"Zurück","help":"Hilfe","cancel":"Abbrechen","close":"Schließen","skip":"Überspringen","airplaneMode":"Flugmodus","searching":"Suche läuft…","noNetwork":"Kein Mobilfunknetz","roaming":"{{operator}} (Roaming)","emergencyCallsOnly":"Nur Notrufe","emergencyCallsOnly-unknownSIMState":"(unbekannter Zustand der SIM-Karte)","emergencyCallsOnly-noSIM":"(keine SIM-Karte)","emergencyCallsOnly-pinRequired":"(SIM-PIN benötigt)","emergencyCallsOnly-pukRequired":"(SIM-PUK benötigt)","emergencyCallsOnly-networkLocked":"(Mobilfunknetz gesperrt)","emergencyCallsOnly-serviceProviderLocked":"(Mobilfunkanbieter gesperrt)","emergencyCallsOnly-corporateLocked":"(Unternehmen gesperrt)","emergencyCallsOnly-network1Locked":"(network1 locked)","emergencyCallsOnly-network2Locked":"(network2 locked)","emergencyCallsOnly-hrpdNetworkLocked":"(hrpd network locked)","emergencyCallsOnly-ruimCorporateLocked":"(ruim corporate locked)","emergencyCallsOnly-ruimServiceProviderLocked":"(ruim service provider locked)","enterPIN":"PIN eingeben","statusbarLabel":"{{date}}, {{operator}}","statusbarDateFormat":"%e. %B","notifications":"Benachrichtigungen","clear-all":"Alle löschen","newVoicemails":{"_index":["plural","n"],"_":{"zero":"Keine neuen Mailbox-Nachrichten","one":"Eine neue Mailbox-Nachricht","two":"{{n}} neue Mailbox-Nachrichten","few":"{{n}} neue Mailbox-Nachrichten","many":"{{n}} neue Mailbox-Nachrichten","other":"{{n}} neue Mailbox-Nachrichten"}},"newVoicemailsUnknown":"Neue Mailbox-Nachrichten","dialNumber":"{{number}} wählen","voicemailNotificationMultiSim":"(SIM {{n}}) {{title}}","confirmNFCConnectMsg1":"Are you sure you want to connect to the device?","confirmNFCConnectMsg2":"Turn on Bluetooth and connect to the device?","confirmNFCConnectMsg3":"Are you sure you want to connect to {{n}}?","confirmNFCConnectMsg4":"Turn on Bluetooth and connect to {{n}}?","deviceMenu":"Telefon","airplane":"Flugmodus starten","airplaneOff":"Flugmodus beenden","silent":"Lautlos schalten","normal":"Ton einschalten","restart":"Neu starten","power":"Ausschalten","asyncpanzoom":"Asynchrones Zoomen für Apps deaktivieren","asyncpanzoomOff":"Asynchrones Zoomen für Apps aktivieren","enableScreenReaderSteps":"Um die Sprachausgabe zu aktivieren, drücken Sie die Tasten \"lauter\" und \"leiser\" abwechselnd je drei Mal.","disableScreenReaderSteps":"Um die Sprachausgabe zu deaktivieren, drücken Sie die Tasten \"lauter\" und \"leiser\" abwechselnd je drei Mal.","no-recent-apps":"Keine kürzlich verwendeten Apps","yes":"Ja","no":"Nein","dontallow":"Don’t allow","allow":"Erlauben","dontshare-geolocation":"Nicht teilen","share-geolocation":"Teilen","dontshare-audio-capture":"Nicht teilen","share-audio-capture":"Teilen","dontshare-video-capture":"Nicht teilen","share-video-capture":"Teilen","dontshare-media-capture":"Nicht teilen","share-media-capture":"Teilen","device-front":"Kamera Vorderseite","device-back":"Kamera Rückseite","remember-my-choice":"Entscheidung merken","more-info":"Weitere Informationen…","hide-info":"Hide info","install-app":"{{name}} installieren?","size":"Größe","author":"Autor","size-unknown":"Unbekannt","author-unknown":"Unbekannt","install":"Installieren","bytes":"Bytes","kB":"kB","MB":"MB","GB":"GB","TB":"TB","PB":"PB","app-install-generic-error":"Download von {{ appName }} angehalten","app-install-download-failed":"Download von {{ appName }} fehlgeschlagen","app-install-install-failed":"Installation von {{ appName }} fehlgeschlagen","cancelling-will-not-refund":"Das Abbrechen führt nicht zur Rückzahlung eines Einkaufs. Rückzahlungen für Bezahlinhalte werden durch den ursprünglichen Verkäufer geregelt.","apps-can-be-installed-later":"Apps können später von der ursprünglichen Installationsquelle installiert werden.","are-you-sure-you-want-to-cancel":"Soll diese Installation wirklich abgebrochen werden?","cancel-install":"Abbrechen","cancel-install-button":"Cancel Install","resume":"Fortsetzen","continue":"Fortsetzen","stopDownloading":"Download von {{ app }} anhalten?","app-download-can-be-restarted":"Der Download kann später neu gestartet werden.","app-download-stop-button":"Download anhalten","not-enough-space":"Nicht genügend Speicherplatz","not-enough-space-message":"Für die Installation dieser App steht nicht genügend Speicherplatz zur Verfügung. Bitte stellen Sie durch das Löschen alter Apps oder Mediendateien Speicherplatz zur Verfügung und versuchen Sie anschließend erneut die Installation von der ursprünglichen Quelle.","app-install-success":"{{ appName }} wurde installiert","setup":"Einrichtung","ime-addkeyboards":"Tastaturen hinzufügen","later":"Später","download":"Herunterladen","wantToDownload":"Update jetzt herunterladen?","wantToInstall":"Update jetzt installieren?","installNow":"Jetzt installieren","notNow":"Nicht jetzt","downloadingUpdateMessage":{"innerHTML":"Updates werden heruntergeladen…<span>{{ progress }} heruntergeladen</span>"},"downloadingAppMessage":"{{ appName }} wird heruntergeladen","downloadingAppProgressNoMax":"{{ progress }} heruntergeladen","downloadingAppProgressIndeterminate":"Wird heruntergeladen","downloadingAppProgress":"{{ progress }} / {{ max }} heruntergeladen","cancelAllDownloads":"Alle Downloads abbrechen","wantToCancelAll":"Sollen wirklich alle Downloads abgebrochen werden?","downloadError":"Beim Herunterladen der Updates trat ein Fehler auf.","updateAvailableInfo":{"innerHTML":{"_index":["plural","n"],"_":{"one":"{{ n }} Update verfügbar <span>Für weitere Informationen antippen</span>","two":"{{ n }} Updates verfügbar <span>Für weitere Informationen antippen</span>","few":"{{ n }} Updates verfügbar <span>Für weitere Informationen antippen</span>","many":"{{ n }} Updates verfügbar <span>Für weitere Informationen antippen</span>","other":"{{ n }} Updates verfügbar <span>Für weitere Informationen antippen</span>"}}},"numberOfUpdates":{"_index":["plural","n"],"_":{"one":"{{ n }} Update verfügbar","two":"{{ n }} Updates verfügbar","few":"{{ n }} Updates verfügbar","many":"{{ n }} Updates verfügbar","other":"{{ n }} Updates verfügbar"}},"systemUpdate":"Systemupdate","systemUpdateReady":"Systemupdate bereit","required":"Benötigt","uncompressingMessage":{"innerHTML":"Wird entpackt…<span>Dies kann einige Minuten dauern.</span>"},"downloadNoWifiWarning":"WLAN nicht verfügbar. Update über derzeitige Verbindung kann zusätzliche Gebühren verursachen.","downloadOfflineWarning":"Verbindung nicht verfügbar. Stellen Sie eine Verbindung mit einem Netzwerk her, um Updates herunterzuladen.","downloadDataConnectionWarning":"Updates werden über eine Datenverbindung heruntergeladen, falls kein WLAN verfügbar ist. Es können zusätzliche Kosten anfallen.","downloadUpdatesViaDataConnection":"Updates über Datenverbindung herunterladen?","downloadUpdatesViaDataConnectionMessage":"Updates werden über eine Datenverbindung heruntergeladen, falls kein WLAN verfügbar ist. Während der Nutzung einer Datenverbindung werden Anrufe eventuell abgewiesen und es können zusätzliche Kosten anfallen.","screenshotSaved":"Bildschirmfoto in Galerie gespeichert","screenshotFailed":"Bildschirmfoto konnte nicht gespeichert werden","screenshotNoSDCard":"Keine Speicherkarte eingelegt","screenshotSDCardInUse":"Speicherkarte in Benutzung","screenshotSDCardLow":"Nicht genügend Speicher auf der Speicherkarte","emergency-call-button":"Notruf","emergency-call":"Notruf","unlock-a11y-button":{"ariaLabel":"Entsperren"},"camera-a11y-button":{"ariaLabel":"Kamera"},"longDateFormat":"%A, %e. %B","softwareHomeButton":{"ariaLabel":"Startbildschirm"},"login":"Anmelden","username":"Benutzername","password":"Passwort","http-authentication-message":"{{host}} verlangt einen Benutzernamen und ein Passwort. Die Seite sagt: „{{realm}}“","error-message":"Diese App konnte nicht korrekt geladen werden.","error-title":"Diese App hat Probleme.","airplane-is-on":"Flugmodus ist aktiv","airplane-is-turned-on":"{{name}} erfordert eine Netzverbindung. Deaktivieren Sie den Flugmodus in den Einstellungen und verbinden Sie über WLAN oder ein Mobilfunknetz.","server-not-found":"Server nicht gefunden","server-not-found-error":"Server {{name}} wurde nicht gefunden.","file-not-found":"File not found","file-not-found-error":"The device can’t display this page because the file cannot be found.","connection-failed":"Unable to connect","connection-failed-error":"A network error occurred while trying to reach the site.","invalid-connection":"Unable to connect","invalid-connection-error":"A network error occurred while trying to reach the site.","malformed-uri":"URL not valid","malformed-uri-error":"The URL entered is not valid and cannot be loaded.","redirect-loop":"Can’t display page","redirect-loop-error":"The device can’t display this page because the page is not redirecting properly. Try this page again at a later time.","not-cached":"Page expired","not-cached-error":"As a security precaution, this page cannot be displayed by the device because it has expired.","is-printing-error":"The document cannot change while Printing or in Print Preview.","denied-port-access":"This address is restricted","denied-port-access-error":"This address uses a network port which is normally used for purposes other than Web browsing. The device has cancelled the request for your protection.","proxy-resolve-failure":"Proxy Server Error","proxy-resolve-failure-error":"The device is configured to use a proxy server that can’t be found.","proxy-connect-failure":"Proxy Server Error","proxy-connect-failure-error":"The device is configured to use a proxy server that is refusing connections.","content-encoding":"Can’t display page","content-encoding-error":"The device can’t display this page because a content encoding error occurred.","remote-xul":"Page unsupported","remote-xul-error":"This page can’t be displayed because it uses a technology that is not supported on the device.","phishing-blocked":"Warning","phishing-blocked-error":"The website has been reported as a web forgery designed to trick users into sharing personal or financial information.","malware-blocked":"Malware attack blocked","malware-blocked-error":"The site at has been reported as an attack site and has been blocked.","unsafe-content-type":"Unsafe content","unsafe-content-type-error":"The page cannot be shown because it may not be safe to open.","corrupted-content":"Can’t display page","corrupted-content-error":"The page cannot be shown because an error in the data transmission was detected.","network-connection-unavailable":"Kein Netz verfügbar","network-error":"{{name}} erfordert eine Netzverbindung. Versuchen Sie mit einem WLAN-Netzwerk oder einem Mobilfunknetz zu verbinden.","network-error-launching":"{{name}} requires an Internet connection.","network-error-in-app":"No access to the Internet right now.","unable-to-connect":"Verbindung fehlgeschlagen","try-again":"Neu versuchen","check-settings":"Check settings","tap-to-check-settings":"Tap to check settings","select-time":"Zeit auswählen","choose-option":"Auswählen","choose-options":"Auswählen","select-day":"Tag auswählen","battery-almost-empty":"Batterie fast leer","add-to-home-screen":"Zum Startbildschirm hinzufügen","crash-dialog2-os":"{{brandShortName}} wurde gerade nach einem Absturz neu gestartet","crash-dialog-app":"{{name}} stürzte eben ab","crash-dialog-message":"Wollen Sie einen Absturzbericht an Mozilla senden, um uns beim Beheben des Problems zu helfen? (Absturzberichte werden nur über WLAN versandt.)","crash-info-link":"Was befindet sich in einem Absturzbericht?","crash-always-report":"Bei einem Absturz immer einen Bericht an Mozilla senden","crash-dont-send":"Nicht senden","crash-end":"Bericht senden","crashReports":"Absturzberichte","done":"Fertig","crash-reports-description-1":"Ein Absturzbericht enthält einige Informationen über den Absturz und Ihr Gerät sowie eine Abbildung des Softwarezustandes Ihres Geräts während des Absturzes.","crash-reports-description-2":"Dies können Informationen wie offene Internetseiten und Anwendungen, in Formulare getippter Text und der Inhalt geöffneter Nachrichten, die neueste Chronik oder Ihr Standpunkt sein, falls dieser von einer geöffneten App abgerufen wurde.","crash-reports-description-3-start":"Wir verwenden Absturzberichte um zu versuchen, diese Probleme zu beheben und unsere Produkte zu verbessern. Wir verwenden die Informationen wie in unserer ","crash-reports-description-3-privacy":"Datenschutzerklärung ","crash-reports-description-3-end":"beschrieben.","crash-banner-os2":"{{brandShortName}} ist eben abgestürzt.","crash-banner-app":"{{name}} ist eben abgestürzt.","crash-banner-report":"Bericht","bluetooth-sending-progress":"Ausgehender Bluetooth-Dateitransfer…","bluetooth-receiving-progress":"Eingehender Bluetooth-Dateitransfer…","acceptFileTransfer":"Bluetooth-Dateitransfer annehmen?","wantToReceiveFile":"{{deviceName}} will {{fileName}} ({{fileSize}}) übertragen.","transfer-confirmation-title":"{{deviceName}}","transfer-confirmation-description":"Übertragungsanfrage ansehen","byteUnit-B":"B","byteUnit-KB":"KB","byteUnit-MB":"MB","byteUnit-GB":"GB","byteUnit-TB":"TB","byteUnit-PB":"PB","byteUnit-EB":"EB","byteUnit-ZB":"ZB","byteUnit-YB":"YB","fileSize":"{{size}} {{unit}}","deny":"Ablehnen","transfer":"Übertragen","cancelFileTransfer":"Bluetooth-Dateitransfers abbrechen?","continueFileTransfer":"Continue","transfer-has-started-title":"Die Übertragung wurde gestartet","transfer-has-started-description":"Fortschritt ansehen","transferFinished-sentSuccessful-title":"Datei gesendet","transferFinished-receivedSuccessful-title":"Datei empfangen","transferFinished-sentFailed-title":"Datei konnte nicht gespeichert werden","transferFinished-receivedFailed-title":"Datei konnte nicht empfangen werden","transferReport-title":"Übertragungsbericht:","transferReport-description":"{{numSuccessful}} Dateien erfolgreich, {{numUnsuccessful}} Dateien fehlgeschlagen","unknown-file":"Unbekannte Datei","unknown-device":"Unbekanntes Gerät","cannotOpenFile":"Kann Datei nicht öffnen","unknownMediaTypeToOpen":"Kann unbekannten Medientyp nicht öffnen:","cannotReceiveFile":"Kann Datei nicht empfangen","cannotGetStorageState":"Kann den Zustand des Gerätespeichers nicht abrufen","sdcard-not-exist2":"Keine Speicherkarte gefunden. Bitte legen Sie eine Speicherkarte ein.","sdcard-in-use":"Bluetooth kann nicht verwendet werden, während das Telefon angesteckt ist. Bitte ziehen Sie das Telefon ab, um Dateien zu empfangen.","sdcard-no-space2":"Dateitransfer konnte nicht fertiggestellt werden: Speicherkarte ist voll.","unknown-error":"Unbekannter Fehler","confirm":"OK","microphone-is-on":"Mikrofon ist aktiv","camera-is-on":"Kamera ist aktiv","media-is-on":"Kamera & Mikrofon sind aktiv","noSimCard":"Keine SIM-Karte","simPin":"SIM-PIN","pukCode":"PUK-Code","nckCode":"NCK-Code","cckCode":"CCK-Code","spckCode":"SPCK-Code","nck1code":"NCK1 code","nck2code":"NCK2 code","hnckcode":"HNCK code","rcckcode":"RCCK code","rspckcode":"RSPCK code","whatIsSimPin":"Was ist eine SIM-PIN?","simPinIntro1":"Eine SIM-PIN verhindert den Zugriff auf die SIM-Karte von Mobilfunknetzen. Wenn sie aktiviert ist, wird jedes Gerät mit dieser SIM-Karte beim Neustart die PIN abfragen.","simPinIntro2":"Eine SIM-PIN ist etwas anderes als der Zugangscode, mit dem das Gerät entsperrt wird.","changeSimPin":"PIN ändern","pinTitle":"SIM-PIN eingeben","multiSIMpinTitle":"SIM-{{n}}-PIN eingeben","pukTitle":"PUK eingeben","nckTitle":"NCK-Code eingeben","cckTitle":"CCK-Code eingeben","spckTitle":"SPCK-Code eingeben","nck1Title":"Enter NCK1 code","nck2Title":"Enter NCK2 code","hnckTitle":"Enter HNCK code","rcckTitle":"Enter RCCK code","rspckTitle":"Enter RSPCK code","newpinTitle":"Neue PIN","inputCodeRetriesLeft":{"_index":["plural","n"],"_":{"one":"Letzter Versuch","two":"{{n}} Versuche verbleibend","few":"{{n}} Versuche verbleibend","many":"{{n}} Versuche verbleibend","other":"{{n}} Versuche verbleibend"}},"pinErrorMsg":"Die PIN war falsch.","pinAttemptMsg2":{"_index":["plural","n"],"_":{"one":"Sie haben noch einen Versuch, um den richtigen Code einzugeben, bevor die SIM-Karte gesperrt wird.","two":"Sie haben noch {{n}} Versuche, um den richtigen Code einzugeben, bevor die SIM-Karte gesperrt wird.","few":"Sie haben noch {{n}} Versuche, um den richtigen Code einzugeben, bevor die SIM-Karte gesperrt wird.","many":"Sie haben noch {{n}} Versuche, um den richtigen Code einzugeben, bevor die SIM-Karte gesperrt wird.","other":"Sie haben noch {{n}} Versuche, um den richtigen Code einzugeben, bevor die SIM-Karte gesperrt wird."}},"pinLastChanceMsg":"Dies ist Ihre letzte Möglichkeit, die korrekte PIN einzugeben. Ansonsten müssen Sie den PUK-Code eingeben, um diese SIM-Karte zu verwenden.","simCardLockedMsg":"Die SIM-Karte ist gesperrt.","enterPukMsg":"Sie müssen den persönlichen Entsperrschlüssel (PUK-Code) für die SIM-Karte eingeben. Sehen Sie in der Dokumentation Ihrer SIM-Karte nach oder wenden Sie sich an Ihren Mobilfunkbetreiber, um weitere Informationen zu erhalten.","pukErrorMsg":"Der PUK-Code ist falsch.","pukAttemptMsg2":{"_index":["plural","n"],"_":{"one":"Sie haben noch einen Versuch, um den richtigen Code einzugeben, bevor diese SIM-Karte dauerhaft unbenutzbar wird. Sehen Sie in Ihrer SIM-Karten-Dokumentation nach oder wenden Sie sich an Ihren Mobilfunkbetreiber, um weitere Informationen zu erhalten.","two":"Sie haben noch {{n}} Versuche, um den richtigen Code einzugeben, bevor diese SIM-Karte dauerhaft unbenutzbar wird. Sehen Sie in Ihrer SIM-Karten-Dokumentation nach oder wenden Sie sich an Ihren Mobilfunkbetreiber, um weitere Informationen zu erhalten.","few":"Sie haben noch {{n}} Versuche, um den richtigen Code einzugeben, bevor diese SIM-Karte dauerhaft unbenutzbar wird. Sehen Sie in Ihrer SIM-Karten-Dokumentation nach oder wenden Sie sich an Ihren Mobilfunkbetreiber, um weitere Informationen zu erhalten.","many":"Sie haben noch {{n}} Versuche, um den richtigen Code einzugeben, bevor diese SIM-Karte dauerhaft unbenutzbar wird. Sehen Sie in Ihrer SIM-Karten-Dokumentation nach oder wenden Sie sich an Ihren Mobilfunkbetreiber, um weitere Informationen zu erhalten.","other":"Sie haben noch {{n}} Versuche, um den richtigen Code einzugeben, bevor diese SIM-Karte dauerhaft unbenutzbar wird. Sehen Sie in Ihrer SIM-Karten-Dokumentation nach oder wenden Sie sich an Ihren Mobilfunkbetreiber, um weitere Informationen zu erhalten."}},"pukLastChanceMsg":"Letzte Chance, um den korrekten PUK-Code einzugeben. Ihre SIM-Karte wird dauerhaft unbenutzbar, wenn Sie einen falschen PUK-Code eingeben. Sehen Sie in Ihrer SIM-Karten-Dokumentation nach oder wenden Sie sich an Ihren Mobilfunkbetreiber, um weitere Informationen zu erhalten.","newSimPinMsg":"PIN erstellen (muss zwischen 4 und 8 Zeichen enthalten)","confirmNewSimPinMsg":"Neue PIN bestätigen","newPinErrorMsg":"PINs stimmen nicht überein.","nckErrorMsg":"Der NCK-Code ist falsch.","nckAttemptMsg2":{"_index":["plural","n"],"_":{"one":"Netzwerkdepersonalisierungsanfrage schlug fehl. Sie haben einen Versuch, um den richtigen Code einzugeben. Sehen Sie in der Dokumentation Ihre Gerätes nach oder wenden Sie sich an Ihren Mobilfunkbetreiber.","two":"Netzwerkdepersonalisierungsanfrage schlug fehl. Sie haben {{n}} Versuche, um den richtigen Code einzugeben. Sehen Sie in der Dokumentation Ihre Gerätes nach oder wenden Sie sich an Ihren Mobilfunkbetreiber.","few":"Netzwerkdepersonalisierungsanfrage schlug fehl. Sie haben {{n}} Versuche, um den richtigen Code einzugeben. Sehen Sie in der Dokumentation Ihre Gerätes nach oder wenden Sie sich an Ihren Mobilfunkbetreiber.","many":"Netzwerkdepersonalisierungsanfrage schlug fehl. Sie haben {{n}} Versuche, um den richtigen Code einzugeben. Sehen Sie in der Dokumentation Ihre Gerätes nach oder wenden Sie sich an Ihren Mobilfunkbetreiber.","other":"Netzwerkdepersonalisierungsanfrage schlug fehl. Sie haben {{n}} Versuche, um den richtigen Code einzugeben. Sehen Sie in der Dokumentation Ihre Gerätes nach oder wenden Sie sich an Ihren Mobilfunkbetreiber."}},"nckLastChanceMsg":"Aufheben der Mobilfunknetzvorgabe war nicht erfolgreich. Dies ist der letzte Versuch, um den richtigen Code einzugeben. Sehen Sie in der Dokumentation Ihre Gerätes nach oder wenden Sie sich an Ihren Mobilfunkbetreiber.","activity-pick":"Auswählen:","activity-view":"Anzeigen mit","activity-test":"Testen mit","activity-share":"Teilen mit","activity-new":"Erstellen mit","activity-open":"Öffnen mit","activity-save-bookmark":"Als Lesezeichen hinzufügen mit","activity-record":"Aufnehmen mit","activity-browse":"Durchsuchen mit","activity-configure":"Konfigurieren mit","activity-dial":"Anrufen aus","persona-signin":"Anmelden","payment-flow":"Kaufen","remoteDebuggerMessage":"Es wurde eine eingehende Verbindung mit einer Anfrage für Netzwerk-Debugging erkannt. Verbindung erlauben?","fullscreen-request":"{{origin}} ist jetzt im Vollbildmodus.","captive-wifi-available":"Es wurde das WLAN {{networkName}} gefunden. Verbinden?","ceWarningtitle":"Lautstärkewarnung","ceWarningcontent":"Um Hörschäden zu vermeiden, sollten Sie hohe Lautstärken nicht zu lang verwenden.","notification-powersaving-mode-on-title":"Energiesparmodus","notification-powersaving-mode-on-description":"Energiesparmodus ist aktiv","low-device-storage":"Wenig Speicherplatz frei.\\n","free-space":{"_index":["plural","value"],"_":{"zero":"Kein freier Speicherplatz","one":"Weniger als {{value}} {{unit}} verbleibend","two":"Weniger als {{value}} {{unit}} verbleibend","few":"Weniger als {{value}} {{unit}} verbleibend","many":"Weniger als {{value}} {{unit}} verbleibend","other":"Weniger als {{value}} {{unit}} verbleibend"}},"unknown-free-space":"Verbleibender Speicherplatz unbekannt","system-alert":"Systemalarm","cb-channel":"Kanal {{channel}}","icc-message-title":"Betreibernachricht von SIM {{id}}","icc-confirmCall-defaultmessage":"{{number}} anrufen?","icc-alertMessage-defaultmessage":"Nachricht wird gesendet…","icc-confirmMessage-defaultmessage":"Nachricht senden?","icc-inputbox-title":"STK-Anfrage von {{id}}","emergency-callback-mode":"Notrufrückrufmodus","emergency-callback-message":"Sie können keine Anrufe durchführen, Nachrichten senden und nicht online gehen, da der Notrufrückrufmodus aktiv ist. Soll der Modus deaktiviert werden?","cdma-record-info":"CDMA-Informationen","ime-switching-title":"{{appName}}: {{name}}","ime-switching-tip":"Zum Wechseln der Eingabemethode antippen","layout-selection":"Tastatur-Auswahl","shrinking-tip":"Zum Teilen zur Seite wischen","download_started":"Download gestartet","download_stopped":"Download angehalten","download_downloading":"Download wird durchgeführt…","download_succeeded":"Download abgeschlossen","download_failed":"Download fehlgeschlagen","download_text_by_default":"{{name}}","download_downloading_text_2":"{{percentage}}% - {{name}}","search-or-enter-address":{"_":"Search or enter address","placeholder":"Search or enter address"},"noSIMCardInHotspot":"Es ist keine SIM-Karte vorhanden oder sie wurde nicht korrekt eingelegt. Der Hotspot wird daher deaktiviert.","brandShortName":"B2G OS","browserBrandShortName":"Internet-Browser","browserBrandFullName":"Mozilla-Internet-Browser","weekday-0-long":"Sonntag","weekday-1-long":"Montag","weekday-2-long":"Dienstag","weekday-3-long":"Mittwoch","weekday-4-long":"Donnerstag","weekday-5-long":"Freitag","weekday-6-long":"Samstag","weekday-0-short":"So","weekday-1-short":"Mo","weekday-2-short":"Di","weekday-3-short":"Mi","weekday-4-short":"Do","weekday-5-short":"Fr","weekday-6-short":"Sa","month-0-long":"Januar","month-1-long":"Februar","month-2-long":"März","month-3-long":"April","month-4-long":"Mai","month-5-long":"Juni","month-6-long":"Juli","month-7-long":"August","month-8-long":"September","month-9-long":"Oktober","month-10-long":"November","month-11-long":"Dezember","month-0-genitive":"Januar","month-1-genitive":"Februar","month-2-genitive":"März","month-3-genitive":"April","month-4-genitive":"Mai","month-5-genitive":"Juni","month-6-genitive":"Juli","month-7-genitive":"August","month-8-genitive":"September","month-9-genitive":"Oktober","month-10-genitive":"November","month-11-genitive":"Dezember","month-0-short":"Jan","month-1-short":"Feb","month-2-short":"Mär","month-3-short":"Apr","month-4-short":"Mai","month-5-short":"Jun","month-6-short":"Jul","month-7-short":"Aug","month-8-short":"Sep","month-9-short":"Okt","month-10-short":"Nov","month-11-short":"Dez","minutes-ago-long":{"_index":["plural","value"],"_":{"zero":"gerade eben","one":"vor 1 Minute","two":"vor {{value}} Minuten","few":"vor {{value}} Minuten","many":"vor {{value}} Minuten","other":"vor {{value}} Minuten"}},"hours-ago-long":{"_index":["plural","value"],"_":{"zero":"gerade eben","one":"vor 1 Stunde","two":"vor {{value}} Stunden","few":"vor {{value}} Stunden","many":"vor {{value}} Stunden","other":"vor {{value}} Stunden"}},"days-ago-long":{"_index":["plural","value"],"_":{"zero":"heute","one":"gestern","two":"vor {{value}} Tagen","few":"vor {{value}} Tagen","many":"vor {{value}} Tagen","other":"vor {{value}} Tagen"}},"weeks-ago-long":{"_index":["plural","value"],"_":{"zero":"diese Woche","one":"letzte Woche","two":"vor {{value}} Wochen","few":"vor {{value}} Wochen","many":"vor {{value}} Wochen","other":"vor {{value}} Wochen"}},"months-ago-long":{"_index":["plural","value"],"_":{"zero":"diesen Monat","one":"letzten Monat","two":"vor {{value}} Monaten","few":"vor {{value}} Monaten","many":"vor {{value}} Monaten","other":"vor {{value}} Monaten"}},"years-ago-long":{"_index":["plural","value"],"_":{"zero":"dieses Jahr","one":"letztes Jahr","two":"vor {{value}} Jahren","few":"vor {{value}} Jahren","many":"vor {{value}} Jahren","other":"vor {{value}} Jahren"}},"minutes-until-long":{"_index":["plural","value"],"_":{"zero":"jetzt","one":"in 1 Minute","two":"in {{value}} Minuten","few":"in {{value}} Minuten","many":"in {{value}} Minuten","other":"in {{value}} Minuten"}},"hours-until-long":{"_index":["plural","value"],"_":{"zero":"jetzt","one":"in einer Stunde","two":"in {{value}} Stunden","few":"in {{value}} Stunden","many":"in {{value}} Stunden","other":"in {{value}} Stunden"}},"days-until-long":{"_index":["plural","value"],"_":{"zero":"heute","one":"morgen","two":"in {{value}} Tagen","few":"in {{value}} Tagen","many":"in {{value}} Tagen","other":"in {{value}} Tagen"}},"weeks-until-long":{"_index":["plural","value"],"_":{"zero":"diese Woche","one":"nächste Woche","two":"in {{value}} Wochen","few":"in {{value}} Wochen","many":"in {{value}} Wochen","other":"in {{value}} Wochen"}},"months-until-long":{"_index":["plural","value"],"_":{"zero":"diesen Monat","one":"nächsten Monat","two":"in {{value}} Monaten","few":"in {{value}} Monaten","many":"in {{value}} Monaten","other":"in {{value}} Monaten"}},"years-until-long":{"_index":["plural","value"],"_":{"zero":"dieses Jahr","one":"nächstes Jahr","two":"in {{value}} Jahren","few":"in {{value}} Jahren","many":"in {{value}} Jahren","other":"in {{value}} Jahren"}},"minutes-ago-short":{"_index":["plural","value"],"_":{"zero":"jetzt","other":"vor {{value}} m"}},"hours-ago-short":{"_index":["plural","value"],"_":{"zero":"jetzt","other":"vor {{value}} h"}},"days-ago-short":{"_index":["plural","value"],"_":{"zero":"heute","other":"vor {{value}} d"}},"minutes-until-short":{"_index":["plural","value"],"_":{"zero":"jetzt","other":"in {{value}} m"}},"hours-until-short":{"_index":["plural","value"],"_":{"zero":"jetzt","other":"in {{value}} h"}},"days-until-short":{"_index":["plural","value"],"_":{"zero":"heute","other":"in {{value}} d"}},"incorrectDate":"(ungültiges Datum)","dateTimeFormat_%c":"%a, %e. %b %Y %H:%M:%S","dateTimeFormat_%x":"%d.%m.%Y","dateTimeFormat_%X":"%H:%M:%S","shortTimeFormat":"%H:%M","shortDateTimeFormat":"%x %H:%M","weekStartsOnMonday":"1","time_am":"AM","time_pm":"PM","perm-contacts":"Kontakte","perm-contacts-appRequest":"{{app}} will auf Ihre Kontakte zugreifen.","perm-contacts-webRequest":"{{site}} will auf Ihre Kontakte zugreifen.","perm-desktop-notification":"Benachrichtigungen","perm-desktop-notification-appRequest":"{{app}} will Benachrichtigungen anzeigen.","perm-desktop-notification-webRequest":"{{site}} will Benachrichtigungen anzeigen.","perm-device-storage-music":"Musikspeicher","perm-device-storage-music-appRequest":"{{app}} will auf Ihre Musik zugreifen.","perm-device-storage-music-webRequest":"{{site}} will auf Ihre Musik zugreifen.","perm-device-storage-pictures":"Bilderspeicher","perm-device-storage-pictures-appRequest":"{{app}} will auf Ihre Bilder zugreifen.","perm-device-storage-pictures-webRequest":"{{site}} will auf Ihre Bilder zugreifen.","perm-device-storage-sdcard":"SD-Karten-Speicher","perm-device-storage-sdcard-appRequest":"{{app}} will auf Ihre SD-Karte zugreifen.","perm-device-storage-sdcard-webRequest":"{{site}} will auf Ihre SD-Karte zugreifen.","perm-device-storage-videos":"Videospeicher","perm-device-storage-videos-appRequest":"{{app}} will auf Ihre Videos zugreifen.","perm-device-storage-videos-webRequest":"{{site}} will auf Ihre Videos zugreifen.","perm-fmradio":"UKW-Radio","perm-fmradio-appRequest":"{{app}} will das UKW-Radio benutzen.","perm-fmradio-webRequest":"{{site}} will das UKW-Radio benutzen.","perm-geolocation":"Standort","perm-geolocation-appRequest":"{{app}} will Ihren Standort wissen.","perm-geolocation-webRequest":"{{site}} will Ihren Standort wissen.","perm-geolocation-more-info":"{{brandShortName}} verwendet Daten wie GPS sowie WLAN-Netzwerke und Mobilfunknetze in Ihrer Nähe für eine ungefähre Standortbestimmung. Es werden Daten an Mozilla und andere Diensteanbieter gesendet, um mit allen zur Verfügung stehenden Daten diese Datenbanken zu verbessern. Dabei können Daten auf Ihrem Gerät gespeichert werden und die Datenerfassung kann auch stattfinden, während keine Apps laufen.","perm-video-capture":"Kamera","perm-video-capture-appRequest":"Soll {{app}} auf Ihre Kamera zugreifen dürfen?","perm-video-capture-webRequest":"Soll {{site}} auf Ihre Kamera zugreifen dürfen?","perm-audio-capture":"Mikrofon","perm-audio-capture-appRequest":"Soll {{app}} auf Ihr Mikrofon zugreifen dürfen?","perm-audio-capture-webRequest":"Soll {{site}} auf Ihr Mikrofon zugreifen dürfen?","perm-media-capture":"Kamera und Mikrofon","perm-media-capture-appRequest":"Soll {{app}} auf Ihre Kamera und Ihr Mikrofon zugreifen dürfen?","perm-media-capture-webRequest":"Soll {{site}} auf Ihre Kamera und Ihr Mikrofon zugreifen dürfen?","stopped_download_title":"Download angehalten","stopped_download_message":"Download wurde angehalten. Download erneut versuchen?","stopped_download_left_button":"Abbrechen","stopped_download_right_button":"Erneut versuchen","failed_download_title":"Download fehlgeschlagen","failed_download_message":"Der Download von {{name}} schlug fehl. Erneut versuchen?","failed_download_left_button":"Abbrechen","failed_download_right_button":"Erneut versuchen","stop_download_title":"Download anhalten","stop_download_message":"Soll der Download wirklich angehalten werden?","stop_download_left_button":"Nein","stop_download_right_button":"Ja","delete_download_title":"Löschen","delete_download_message":"{{name}} löschen?","delete_download_left_button":"Abbrechen","delete_download_right_button":"Löschen","delete_all_download_title":"Löschen","delete_all_download_left_button":"Abbrechen","delete_all_download_right_button":"Löschen","delete_all_download_message":{"_index":["plural","number"],"_":{"zero":"Keine Datei löschen?","one":"Eine Datei löschen?","two":"{{number}} Dateien löschen?","few":"{{number}} Dateien löschen?","many":"{{number}} Dateien löschen?","other":"{{number}} Dateien löschen?"}},"unsupported_file_type_download_title":"Kann nicht geöffnet werden","unsupported_file_type_download_message":"Keine App kann {{name}} öffnen. Soll die Datei gespeichert oder gelöscht werden?","unsupported_file_type_download_left_button":"Datei behalten","unsupported_file_type_download_right_button":"Löschen","file_not_found_download_title":"Datei nicht gefunden","file_not_found_download_message":"Die Datei wurde auf dem Gerät nicht gefunden.","file_not_found_download_right_button":"OK","unmounted_sdcard_2_download_title":"Speicherkarte wird benutzt","unmounted_sdcard_2_download_message":"Ziehen Sie das Telefon ab.","unmounted_sdcard_2_download_right_button":"OK","no_provider_download_title":"Weitergabe nicht möglich","no_provider_download_message":"Kein Anbieter gefunden","no_provider_download_right_button":"OK","no_memory_download_title":"Speicherkarte voll","no_memory_download_message":"Der freie Platz auf der Speicherkarte reicht nicht aus, um den Download abzuspeichern. Löschen Sie einige Dateien, bevor Sie den Download neu starten.","no_memory_download_right_button":"OK","no_sdcard_found_2_download_title":"Keine Speicherkarte gefunden","no_sdcard_found_2_download_message":"Legen Sie eine Speicherkarte ein oder wählen Sie einen anderen Standard-Medienspeicher in den Einstellungen.","no_sdcard_found_2_download_right_button":"OK","file_open_error_download_title":"Kann nicht geöffnet werden","file_open_error_download_message":"Beim Öffnen von {{name}} trat ein Problem auf. Soll die Datei gespeichert oder gelöscht werden?","file_open_error_download_left_button":"Datei behalten","file_open_error_download_right_button":"Löschen","restart_download_error":"Beim Fortfahren des Downloads trat ein Fehler auf. Bitte starten Sie den Donwload neu.","no-downloads":"Keine Downloads","percentage":"{{percentage}} %","partialResult":"{{partial}} von {{total}}","summary":"{{date}} - {{status}}","download-stopped":"Angehalten","download-failed":"Download fehlgeschlagen","open_downloaded_file":"Öffnen","share_downloaded_file":"Weitergeben","wallpaper_downloaded_file":"Als Hintergrund verwenden","ringtone_downloaded_file":"Als Klingelton verwenden","cancel_downloaded_file":"Abbrechen","voicemailNoNumberTitle":"Voicemail number is unavailable","voicemailNoNumberText":"Unable to call the voicemail. Set up the voicemail number to place the call.","voicemailNoNumberSettings":"Settings","voicemailNoNumberCancel":"Cancel","firefox-accounts-title":"Firefox Accounts","fxa-next":"Next","fxa-back":"Back","fxa-done":"Done","fxa-ok":"OK","fxa-account-does-not-exist-title":"Account does not exist","fxa-account-does-not-exist-message":"Account does not exist","fxa-cannot-create-account":"Unable to create account","fxa-cannot-create-password":"Unable to reset your Firefox Accounts password right now.","fxa-already-signed-in-title":"User is already signed in","fxa-already-signed-in-message":"There is an user is already signed in Firefox.","fxa-invalid-password-title":"Invalid password","fxa-invalid-password-message":"You have used an invalid password. Please try again with a valid one.","fxa-invalid-email-title":"Invalid email address","fxa-invalid-email-message":"You have used an invalid email address. Please try again with a valid one.","fxa-connection-error-title":"Unable to connect","fxa-connection-error-message":"Unable to connect to Firefox right now. You can sign in or create an account from your phone's settings or try it again.","fxa-reset-password-error-title":"Unable to reset password","fxa-reset-password-error-message":"Your password was not reset. Please try again.","fxa-reset-password-in-settings-title":"Reset Password","fxa-reset-password-in-settings-message":"You can reset your password from your phone's settings.","fxa-generic-error-title":"Unable to connect to Firefox","fxa-generic-error-message":"Unable to connect to Firefox Accounts right now. Try your phone's settings or check your connection to Internet.","fxa-coppa-failure-error-title":"Cannot Create Account","fxa-coppa-failure-error-message":"You must meet certain age requirements to create a Firefox Accounts. <a href='http://www.ftc.gov/news-events/media-resources/protecting-consumer-privacy/kids-privacy-coppa'>Learn more</a>","fxa-coppa-ftu-error-message":"You must meet certain age requirements to create a Firefox Accounts. Try again later from Settings.","fxa-offline-error-title":"Unable to connect to Firefox","fxa-offline-error-message":"Unable to connect to Firefox Accounts right now. Check your phone' settings and your Internet connection.","fxa-unknown-error-title":"Unknown error","fxa-unknown-error-message":"Unknown error","fxa-connecting-to-firefox":"Connecting to Firefox Accounts","fxa-email-input":{"placeholder":"Email"},"fxa-use-email-to-sign-in":"Use your email address to create an account or sign in.","fxa-agree-to-tos-pp":"By proceeding, you agree to our <a href=\"#fxa-tos\">Terms of Service</a> and <a href=\"#fxa-pp\">Privacy Policy</a>","fxa-set-password-title":"Enter your new password","fxa-enter-password-title":"Enter your password","fxa-hello-user":"Hello, <a id=\"fxa-user-email\">hola@email.com</a>","fxa-password-refresh":"Please enter your Firefox Account password for <a id=\"fxa-user-email\">hola@email.com</a> to continue.","fxa-password":{"placeholder":"Password"},"fxa-forgot-password":"I forgot my password","fxa-show-password":"Show password","fxa-authenticating":"Authenticating","fxa-registering":"Registering","fxa-success":"Success!","fxa-ready-to-go":"Your Firefox Account is ready to go! ","fxa-use-services":"Now you can use <span id=\"fxa-summary-email\">email</span> to access services like Marketplace and Where’s My Fox.","fxa-manage-account-settings":"In the future, you can access and manage your account from your phone's settings.","fxa-confirm-account":"Confirm Your Account","fxa-sending-email-to":"We have sent you an email to: <strong id=\"fxa-summary-email\">email</strong>","fxa-tos-header":"Terms of Service","fxa-tos1":"Lorem ipsum dolor sit amet, consectetur adipisicing elit, sed do eiusmod tempor incididunt ut labore et dolore magna aliqua. Ut enim ad minim veniam, quis nostrud exercitation ullamco laboris nisi ut aliquip ex ea commodo consequat. Duis aute irure dolor in reprehenderit in voluptate velit esse cillum dolore eu fugiat nulla pariatur. ","fxa-tos2":"Excepteur sint occaecat qui of fi cia deserunt mollit anim id est laborum.  Lorem ipsum dolor sit amet, consectetur adipisicing elit, sed do eiusmod tempor incididunt ut labore et dolore magna aliqua. Ut enim ad minim veniam,quis nostrud exercitation ullamco laboris nisi ut aliquip ex ea commodo consequat. Duis aute irure dolor in.","fxa-pp-header":"Privacy Policy","fxa-pp1":"Lorem ipsum dolor sit amet, consectetur adipisicing elit, sed do eiusmod tempor incididunt ut labore et dolore magna aliqua. Ut enim ad minim veniam, quis nostrud exercitation ullamco laboris nisi ut aliquip ex ea commodo consequat. Duis aute irure dolor in reprehenderit in voluptate velit esse cillum dolore eu fugiat nulla pariatur. ","fxa-pp2":"Excepteur sint occaecat qui of fi cia deserunt mollit anim id est laborum.  Lorem ipsum dolor sit amet, consectetur adipisicing elit, sed do eiusmod tempor incididunt ut labore et dolore magna aliqua. Ut enim ad minim veniam,quis nostrud exercitation ullamco laboris nisi ut aliquip ex ea commodo consequat. Duis aute irure dolor in.","fxa-age-verification":"Age Verification","fxa-age-1990-earlier":"1990 or earlier","fxa-year-of-birth":"Year of Birth"}