{"ok":"ΟΚ","back":"Πίσω","help":"Βοήθεια","cancel":"Ακύρωση","close":"Κλείσιμο","skip":"Παράλειψη","airplaneMode":"Λειτουργία πτήσης","searching":"Αναζήτηση…","noNetwork":"Κανένα δίκτυο","roaming":"{{operator}} (Περιαγωγή)","emergencyCallsOnly":"Μόνο κλήσεις έκτακτης ανάγκης","emergencyCallsOnly-unknownSIMState":"(άγνωστη κατάσταση κάρτας SIM)","emergencyCallsOnly-noSIM":"(δε βρέθηκε SIM)","emergencyCallsOnly-pinRequired":"(απαιτείται κωδικός PIN)","emergencyCallsOnly-pukRequired":"(απαιτείται κωδικός PUK)","emergencyCallsOnly-networkLocked":"(δίκτυο κλειδωμένο)","emergencyCallsOnly-serviceProviderLocked":"(κλειδωμένο από τον πάροχο της υπηρεσίας)","emergencyCallsOnly-corporateLocked":"(εταιρικά κλειδωμένος)","emergencyCallsOnly-network1Locked":"(network1 locked)","emergencyCallsOnly-network2Locked":"(network2 locked)","emergencyCallsOnly-hrpdNetworkLocked":"(hrpd network locked)","emergencyCallsOnly-ruimCorporateLocked":"(ruim corporate locked)","emergencyCallsOnly-ruimServiceProviderLocked":"(ruim service provider locked)","enterPIN":"Εισαγωγή PIN","statusbarLabel":"{{date}}, {{operator}}","statusbarDateFormat":"%e %b","notifications":"Ειδοποιήσεις","clear-all":"Εκκαθάριση","newVoicemails":{"_index":["plural","n"],"_":{"zero":"Κανένα νέο φωνητικό μήνυμα","one":"Ένα νέο φωνητικό μήνυμα","two":"{{n}} νέα φωνητικά μηνύματα","few":"{{n}} νέα φωνητικά μηνύματα","many":"{{n}} νέα φωνητικά μηνύματα","other":"{{n}} νέα φωνητικά μηνύματα"}},"newVoicemailsUnknown":"Νέο φωνητικό μήνυμα","dialNumber":"Κλήση {{number}}","voicemailNotificationMultiSim":"(SIM {{n}}) {{title}}","confirmNFCConnectMsg1":"Are you sure you want to connect to the device?","confirmNFCConnectMsg2":"Turn on Bluetooth and connect to the device?","confirmNFCConnectMsg3":"Are you sure you want to connect to {{n}}?","confirmNFCConnectMsg4":"Turn on Bluetooth and connect to {{n}}?","deviceMenu":"Τηλέφωνο","airplane":"Ενεργοποίηση της λειτουργίας πτήσης","airplaneOff":"Απενεργοποίηση της λειτουργίας πτήσης","silent":"Σίγαση ","normal":"Ήχος εισερχόμενων κλήσεων","restart":"Επανεκκίνηση","power":"Απενεργοποίηση","asyncpanzoom":"Απενεργοποίηση APZ για εφαρμογές","asyncpanzoomOff":"Ενεργοποίηση APZ για εφαρμογές","enableScreenReaderSteps":"To enable screen reader, press volume up then volume down buttons three more times","disableScreenReaderSteps":"To disable screen reader, press volume up then volume down buttons three more times","no-recent-apps":"Καμία πρόσφατη εφαρμογή","yes":"Ναι","no":"Όχι","dontallow":"Don’t allow","allow":"Αποδοχή","dontshare-geolocation":"Όχι","share-geolocation":"Ναι","dontshare-audio-capture":"Όχι","share-audio-capture":"Ναι","dontshare-video-capture":"Όχι","share-video-capture":"Ναι","dontshare-media-capture":"Όχι","share-media-capture":"Ναι","device-front":"Μπροστινή κάμερα","device-back":"Πίσω κάμερα","remember-my-choice":"Απομνημόνευση της επιλογής μου","more-info":"Περισσότερα…","hide-info":"Hide info","install-app":"Εγκατάσταση {{name}};","size":"Μέγεθος","author":"Δημιουργός","size-unknown":"Άγνωστο","author-unknown":"Άγνωστος","install":"Εγκατάσταση","bytes":"bytes","kB":"KB","MB":"MB","GB":"GB","TB":"TB","PB":"PB","app-install-generic-error":"Η λήψη της εφαρμογής «{{ appName }}» σταμάτησε","app-install-download-failed":"Η λήψη της εφαρμογής «{{ appName }}» απέτυχε","app-install-install-failed":"Η εγκατάσταση της εφαρμογής «{{ appName }}» απέτυχε","cancelling-will-not-refund":"Η ακύρωση δε θα επιφέρει επιστροφή χρημάτων. Επιστροφές για περιεχόμενο επί πληρωμή παρέχονται από τον αρχικό πωλητή.","apps-can-be-installed-later":"Εφαρμογές μπορούν να εγκατασταθούν αργότερα από την αρχική πηγή εγκατάστασης.","are-you-sure-you-want-to-cancel":"Είστε σίγουροι πως θέλετε να ακυρώσετε αυτή την εγκατάσταση;","cancel-install":"Ακύρωση","cancel-install-button":"Cancel Install","resume":"Συνέχεια","continue":"Συνέχεια","stopDownloading":"Διακοπή της λήψης της εφαρμογής «{{ app }}»;","app-download-can-be-restarted":"Η λήψη μπορεί να επανεκκινηθεί αργότερα.","app-download-stop-button":"Διακοπή λήψης","not-enough-space":"Μη επαρκής χώρος","not-enough-space-message":"Δεν υπάρχει αρκετός χώρος για την εγκατάσταση της εφαρμογής. Ελευθερώστε χώρο διαγράφοντας εφαρμογές ή αρχεία, και δοκιμάστε ξανά την εγκατάσταση μέσω της αρχικής πηγής.","app-install-success":"Η εφαρμογή «{{ appName }}» εγκαταστάθηκε","setup":"Ρυθμίσεις","ime-addkeyboards":"Προσθήκη πληκτρολογίων","later":"Αργότερα","download":"Λήψη","wantToDownload":"Λήψη ενημέρωσης τώρα;","wantToInstall":"Εγκατάσταση της ενημέρωσης τώρα;","installNow":"Εγκατάσταση","notNow":"Όχι τώρα","downloadingUpdateMessage":{"innerHTML":"Λήψη ενημερώσεων… <span>{{ progress }} ελήφθη.</span>"},"downloadingAppMessage":"Λήψη της εφαρμογής «{{ appName }}»","downloadingAppProgressNoMax":"{{ progress }} ελήφθη","downloadingAppProgressIndeterminate":"Λήψη","downloadingAppProgress":"{{ progress }} / {{ max }} ελήφθησαν","cancelAllDownloads":"Ακύρωση όλων των λήψεων","wantToCancelAll":"Είστε σίγουροι πως θέλετε να ακυρώσετε όλες τις λήψεις;","downloadError":"Παρουσιάστηκε ένα σφάλμα κατά τη λήψη των ενημερώσεων.","updateAvailableInfo":{"innerHTML":{"_index":["plural","n"],"_":{"one":"{{ n }} διαθέσιμη ενημέρωση. <span>Πατήστε για περισσότερα.</span>","two":"{{ n }} διαθέσιμες ενημερώσεις. <span>Πατήστε για περισσότερα.</span>","few":"{{ n }} διαθέσιμες ενημερώσεις. <span>Πατήστε για περισσότερα.</span>","many":"{{ n }} διαθέσιμες ενημερώσεις. <span>Πατήστε για περισσότερα.</span>","other":"{{ n }} διαθέσιμες ενημερώσεις. <span>Πατήστε για περισσότερα.</span>"}}},"numberOfUpdates":{"_index":["plural","n"],"_":{"one":"{{ n }} διαθέσιμη ενημέρωση","two":"{{ n }} διαθέσιμες ενημερώσεις","few":"{{ n }} διαθέσιμες ενημερώσεις","many":"{{ n }} διαθέσιμες ενημερώσεις","other":"{{ n }} διαθέσιμες ενημερώσεις"}},"systemUpdate":"Ενημέρωση συστήματος","systemUpdateReady":"Ενημέρωση συστήματος έτοιμη","required":"Απαιτείται","uncompressingMessage":{"innerHTML":"Αποσυμπίεση… <span>Αυτό μπορεί να διαρκέσει μερικά λεπτά.</span>"},"downloadNoWifiWarning":"Δεν υπάρχει διαθέσιμη σύνδεση Wi-Fi. Η ενημέρωση μέσω της τρέχουσας σύνδεσης ίσως να επιφέρει επιπλέον χρεώσεις.","downloadOfflineWarning":"Δεν υπάρχει σύνδεση. Συνδεθείτε σε ένα δίκτυο για να κάνετε λήψη ενημερώσεων.","downloadDataConnectionWarning":"Η λήψη των ενημερώσεων γίνεται μέσω σύνδεσης δεδομένων όταν δεν υπάρχει διαθέσιμο Wi-Fi. Ίσως να ισχύουν επιπλέον χρεώσεις δεδομένων.","downloadUpdatesViaDataConnection":"Λήψη ενημερώσεων μέσω σύνδεσης δεδομένων;","downloadUpdatesViaDataConnectionMessage":"Οι λήψεις των ενημερώσεων γίνονται μέσω σύνδεσης δεδομένων όταν δεν υπάρχει διαθέσιμη σύνδεση Wi-Fi. Όταν γίνεται χρήση μιας σύνδεσης δεδομένων, οι τηλεφωνικές κλήσεις μπορεί να μπλοκαριστούν και επιπλέον να ισχύουν πρόσθετες χρεώσεις.","screenshotSaved":"Αποθήκευση στα Πολυμέσα","screenshotFailed":"Σφάλμα στην αποθήκευση","screenshotNoSDCard":"Δε βρέθηκε κάρτα μνήμης","screenshotSDCardInUse":"Η κάρτα μνήμης χρησιμοποιείται","screenshotSDCardLow":"Δεν υπάρχει αρκετός χώρος στην κάρτα μνήμης","emergency-call-button":"Κλήση έκτακτης ανάγκης","emergency-call":"Κλήση έκτακτης ανάγκης","unlock-a11y-button":{"ariaLabel":"Ξεκλείδωμα"},"camera-a11y-button":{"ariaLabel":"Κάμερα"},"longDateFormat":"%A, %e %Eb %Y","softwareHomeButton":{"ariaLabel":"Αρχική"},"login":"Σύνδεση","username":"Όνομα χρήστη","password":"Κωδικός","http-authentication-message":"Απαιτούνται όνομα χρήστη και κωδικός από το {{host}}. Ο ιστότοπος λέει: “{{realm}}”","error-message":"Η εφαρμογή «{{name}}» δε φορτώνει κατάλληλα","error-title":"Η εφαρμογή «{{name}}» έχει προβλήματα","airplane-is-on":"Η λειτουργία πτήσης είναι ενεργή","airplane-is-turned-on":"Η εφαρμογή «{{name}}» χρειάζεται σύνδεση στο διαδίκτυο. Απενεργοποιήστε τη λειτουργία πτήσης από τις ρυθμίσεις και συνδεθείτε σε δίκτυο Wi-Fi ή δίκτυο κινητής τηλεφωνίας.","server-not-found":"Δε βρέθηκε ο εξυπηρετητής","server-not-found-error":"Δε βρέθηκε ο εξυπηρετητής στο {{name}}.","file-not-found":"File not found","file-not-found-error":"The device can’t display this page because the file cannot be found.","connection-failed":"Unable to connect","connection-failed-error":"A network error occurred while trying to reach the site.","invalid-connection":"Unable to connect","invalid-connection-error":"A network error occurred while trying to reach the site.","malformed-uri":"URL not valid","malformed-uri-error":"The URL entered is not valid and cannot be loaded.","redirect-loop":"Can’t display page","redirect-loop-error":"The device can’t display this page because the page is not redirecting properly. Try this page again at a later time.","not-cached":"Page expired","not-cached-error":"As a security precaution, this page cannot be displayed by the device because it has expired.","is-printing-error":"The document cannot change while Printing or in Print Preview.","denied-port-access":"This address is restricted","denied-port-access-error":"This address uses a network port which is normally used for purposes other than Web browsing. The device has cancelled the request for your protection.","proxy-resolve-failure":"Proxy Server Error","proxy-resolve-failure-error":"The device is configured to use a proxy server that can’t be found.","proxy-connect-failure":"Proxy Server Error","proxy-connect-failure-error":"The device is configured to use a proxy server that is refusing connections.","content-encoding":"Can’t display page","content-encoding-error":"The device can’t display this page because a content encoding error occurred.","remote-xul":"Page unsupported","remote-xul-error":"This page can’t be displayed because it uses a technology that is not supported on the device.","phishing-blocked":"Warning","phishing-blocked-error":"The website has been reported as a web forgery designed to trick users into sharing personal or financial information.","malware-blocked":"Malware attack blocked","malware-blocked-error":"The site at has been reported as an attack site and has been blocked.","unsafe-content-type":"Unsafe content","unsafe-content-type-error":"The page cannot be shown because it may not be safe to open.","corrupted-content":"Can’t display page","corrupted-content-error":"The page cannot be shown because an error in the data transmission was detected.","network-connection-unavailable":"Δεν υπάρχει διαθέσιμη σύνδεση δικτύου","network-error":"Η εφαρμογή «{{name}}» χρειάζεται σύνδεση στο διαδίκτυο. Δοκιμάστε να συνδεθείτε σε δίκτυο Wi-Fi ή δίκτυο κινητής τηλεφωνίας.","network-error-launching":"{{name}} requires an Internet connection.","network-error-in-app":"No access to the Internet right now.","unable-to-connect":"Δεν είναι δυνατή η σύνδεση","try-again":"Δοκιμάστε ξανά","check-settings":"Check settings","tap-to-check-settings":"Tap to check settings","select-time":"Επιλογή ώρας","choose-option":"Επιλογή","choose-options":"Επιλογή","select-day":"Επιλογή ημερομηνίας","battery-almost-empty":"Η μπαταρία έχει σχεδόν εξαντληθεί","add-to-home-screen":"Προσθήκη στην αρχική οθόνη","crash-dialog2-os":"Το {{brandShortName}} μόλις επανήλθε από την κατάρρευση.","crash-dialog-app":"Η εφαρμογή «{{name}}» μόλις κατέρρευσε","crash-dialog-message":"Επιθυμείτε να στείλετε στο Mozilla μια αναφορά σχετικά με την κατάρρευση για να μας βοηθήσετε να διορθώσουμε το πρόβλημα; (Οι αναφορές αποστέλλονται μόνο μέσω Wi-Fi.)","crash-info-link":"Τι περιέχεται σε μία αναφορά κατάρρευσης;","crash-always-report":"Να αποστέλλεται πάντα αναφορά στο Mozilla όταν συμβαίνει μια κατάρρευση.","crash-dont-send":"Παράβλεψη","crash-end":"Αποστολή","crashReports":"Αναφορά","done":"ΟΚ","crash-reports-description-1":"Μία αναφορά κατάρρευσης περιέχει πληροφορίες σχετικά με την κατάρρευση, τη συσκευή σας, καθώς και την κατάσταση της όταν αυτή κατέρρευσε.","crash-reports-description-2":"Αυτό μπορεί να περιέχει πράγματα όπως ανοικτές σελίδες και εφαρμογές, κείμενο από τις φόρμες και περιεχόμενο ανοικτών μηνυμάτων, πρόσφατο ιστορικό περιήγησης, ή πληροφορίες τοποθεσίας που χρησιμοποιούνται από ανοικτές εφαρμογές.","crash-reports-description-3-start":"Χρησιμοποιούμε τις αναφορές κατάρρευσης για να διορθώσουμε προβλήματα και να βελτιώσουμε τα προϊόντα μας. Χειριζόμαστε τις πληροφορίες σας όπως περιγράφουμε στην","crash-reports-description-3-privacy":"πολιτική απορρήτου","crash-reports-description-3-end":".","crash-banner-os2":"Το {{brandShortName}} μόλις κατέρρευσε.","crash-banner-app":"Η εφαρμογή «{{name}}» μόλις κατέρρευσε.","crash-banner-report":"Αναφορά","bluetooth-sending-progress":"Αποστολή μέσω Bluetooth..","bluetooth-receiving-progress":"Λήψη μέσω Bluetooth..","acceptFileTransfer":"Αποδοχή μεταφοράς αρχείου μέσω Bluetooth;","wantToReceiveFile":"Το {{deviceName}} επιθυμεί να μεταφέρει το {{fileName}} ({{fileSize}}).","transfer-confirmation-title":"{{deviceName}}","transfer-confirmation-description":"Review transfer request.","byteUnit-B":"Bytes","byteUnit-KB":"KB","byteUnit-MB":"MB","byteUnit-GB":"GB","byteUnit-TB":"TB","byteUnit-PB":"PB","byteUnit-EB":"EB","byteUnit-ZB":"ZB","byteUnit-YB":"YB","fileSize":"{{size}} {{unit}}","deny":"Να μην επιτραπεί","transfer":"Μεταφορά","cancelFileTransfer":"Ακύρωση της μεταφοράς μέσω Bluetooth;","continueFileTransfer":"Continue","transfer-has-started-title":"Η μεταφορά ξεκίνησε","transfer-has-started-description":"Ελέγξτε την πρόοδο στις ειδοποιήσεις","transferFinished-sentSuccessful-title":"Το αρχείο εστάλη","transferFinished-receivedSuccessful-title":"Το αρχείο ελήφθη","transferFinished-sentFailed-title":"Η αποστολή απέτυχε","transferFinished-receivedFailed-title":"Η λήψη αρχείου απέτυχε","transferReport-title":"Αναφορά μεταφοράς:","transferReport-description":"{{numSuccessful}} αρχεία επιτυχώς, {{numUnsuccessful}} αρχεία ανεπιτυχώς","unknown-file":"Άγνωστο αρχείο","unknown-device":"Άγνωστη συσκευή","cannotOpenFile":"Αποτυχία ανοίγματος του ληφθέντος αρχείου","unknownMediaTypeToOpen":"Δε μπορεί να ανοιχθεί άγνωστος τύπος αρχείου:","cannotReceiveFile":"Αποτυχία λήψης του αρχείου","cannotGetStorageState":"Δεν μπορεί να βρεθεί η κατάσταση του χώρου αποθήκευσης της συσκευής","sdcard-not-exist2":"Δε βρέθηκε κάρτα μνήμης (Παρακαλούμε εισάγετε μία κάρτα μνήμης)","sdcard-in-use":"Η λειτουργία Βluetooth δε μπορεί να χρησιμοποιηθεί όσο η συσκευή φορτίζει. Παρακαλούμε αποσυνδέστε το τηλέφωνο για να λάβετε το(τα) αρχείο(α).","sdcard-no-space2":"Δεν είναι δυνατή η ολοκλήρωση της μεταφοράς: η κάρτα μνήμης είναι πλήρης.","unknown-error":"Άγνωστο σφάλμα","confirm":"Επιβεβαίωση","microphone-is-on":"Το μικρόφωνο είναι ανοιχτό","camera-is-on":"Η κάμερα είναι ανοιχτή","media-is-on":"Η κάμερα και το μικρόφωνο είναι ανοιχτά","noSimCard":"Χωρίς κάρτα SIM","simPin":"Κωδικός PIN","pukCode":"Κωδικός PUK","nckCode":"Κωδικός NCK","cckCode":"Κωδικός CCK","spckCode":"Κωδικός SPCK","nck1code":"NCK1 code","nck2code":"NCK2 code","hnckcode":"HNCK code","rcckcode":"RCCK code","rspckcode":"RSPCK code","whatIsSimPin":"Τι είναι ο κωδικός PIN της κάρτας SIM;","simPinIntro1":"Ο κωδικός PIN εμποδίζει την πρόσβαση της κάρτας SIM στα δίκτυα κινητής τηλεφωνίας. Όταν είναι ενεργοποιημένος, οποιαδήποτε συσκευή με την κάρτα SIM, θα ζητάει το PIN κατά την επανεκκίνηση.","simPinIntro2":"Ο κωδικός PIN της κάρτας SIM δεν είναι το ίδιο με τον κωδικό που χρησιμοποιείται για το ξεκλείδωμα της συσκευής.","changeSimPin":"Αλλαγή PIN","pinTitle":"Εισάγετε PIN","multiSIMpinTitle":"Εισάγετε τον κωδικό PIN της SIM {{n}}","pukTitle":"Εισαγωγή PUK","nckTitle":"Εισάγετε τον κωδικό NCK","cckTitle":"Εισάγετε τον κωδικό CCK","spckTitle":"Εισάγετε τον κωδικό SPCK","nck1Title":"Enter NCK1 code","nck2Title":"Enter NCK2 code","hnckTitle":"Enter HNCK code","rcckTitle":"Enter RCCK code","rspckTitle":"Enter RSPCK code","newpinTitle":"Νέος κωδικός PIN","inputCodeRetriesLeft":{"_index":["plural","n"],"_":{"one":"τελευταία προσπάθεια.","two":"Απομένουν {{n}} προσπάθειες.","few":"Απομένουν {{n}} προσπάθειες.","many":"Απομένουν {{n}} προσπάθειες.","other":"Απομένουν {{n}} προσπάθειες."}},"pinErrorMsg":"Το PIN ήταν λάθος.","pinAttemptMsg2":{"_index":["plural","n"],"_":{"one":"Απομένει μία προσπάθεια για να εισάγετε τον σωστό κωδικό προτού κλειδωθεί η κάρτα SIM.","two":"Απομένουν {{n}} προσπάθειες για να εισάγετε τον σωστό κωδικό προτού κλειδωθεί η κάρτα SIM.","few":"Απομένουν {{n}} προσπάθειες για να εισάγετε τον σωστό κωδικό προτού κλειδωθεί η κάρτα SIM.","many":"Απομένουν {{n}} προσπάθειες για να εισάγετε τον σωστό κωδικό προτού κλειδωθεί η κάρτα SIM.","other":"Απομένουν {{n}} προσπάθειες για να εισάγετε τον σωστό κωδικό προτού κλειδωθεί η κάρτα SIM."}},"pinLastChanceMsg":"Είναι η τελευταία σας ευκαιρία να εισάγετε το σωστό PIN. Αλλιώς, θα πρέπει να εισάγετε τον κωδικό PUK για να χρησιμοποιήσετε την κάρτα SIM.","simCardLockedMsg":"Η κάρτα SIM είναι κλειδωμένη.","enterPukMsg":"Πρέπει να εισάγετε τον κωδικό PUK για την κάρτα SIM. Ανατρέξτε στην τεκμηρίωση της κάρτας SIM σας ή επικοινωνήστε με τον πάροχο σας για περισσότερες πληροφορίες.","pukErrorMsg":"Ο κωδικός PUK είναι λανθασμένος.","pukAttemptMsg2":{"_index":["plural","n"],"_":{"one":"Απομένει μία προσπάθεια να εισάγετε τον σωστό κωδικό προτού η συγκεκριμένη κάρτα SIM καταστεί μη λειτουργική. Συμβουλευτείτε την τεκμηρίωση της κάρτας SIM σας ή επικοινωνήστε με τον πάροχο σας για περισσότερες πληροφορίες.","two":"Απομένουν {{n}} προσπάθειες να εισάγετε τον σωστό κωδικό προτού η συγκεκριμένη κάρτα SIM καταστεί μη λειτουργική. Συμβουλευτείτε την τεκμηρίωση της κάρτας SIM σας ή επικοινωνήστε με τον πάροχο σας για περισσότερες πληροφορίες.","few":"Απομένουν {{n}} προσπάθειες να εισάγετε τον σωστό κωδικό προτού η συγκεκριμένη κάρτα SIM καταστεί μη λειτουργική. Συμβουλευτείτε την τεκμηρίωση της κάρτας SIM σας ή επικοινωνήστε με τον πάροχο σας για περισσότερες πληροφορίες.","many":"Απομένουν {{n}} προσπάθειες να εισάγετε τον σωστό κωδικό προτού η συγκεκριμένη κάρτα SIM καταστεί μη λειτουργική. Συμβουλευτείτε την τεκμηρίωση της κάρτας SIM σας ή επικοινωνήστε με τον πάροχο σας για περισσότερες πληροφορίες.","other":"Απομένουν {{n}} προσπάθειες να εισάγετε τον σωστό κωδικό προτού η συγκεκριμένη κάρτα SIM καταστεί μη λειτουργική. Συμβουλευτείτε την τεκμηρίωση της κάρτας SIM σας ή επικοινωνήστε με τον πάροχο σας για περισσότερες πληροφορίες."}},"pukLastChanceMsg":"Τελευταία ευκαιρία να εισάγετε τον σωστό κωδικό PUK. Η κάρτα SIM σας δε θα μπορεί πλέον να χρησιμοποιηθεί αν εισάγετε λάθος κωδικό PUK. Συμβουλευτείτε την τεκμηρίωση της κάρτας SIM σας ή επικοινωνήστε με τον πάροχο σας για περισσότερες πληροφορίες.","newSimPinMsg":"Νέος κωδικός PIN (πρέπει να περιέχει 4 έως 8 ψηφία)","confirmNewSimPinMsg":"Επιβεβαίωση νέου κωδικού PIN","newPinErrorMsg":"Οι κωδικοί PIN δεν ταιριάζουν.","nckErrorMsg":"Ο κωδικός NCK είναι λανθασμένος.","nckAttemptMsg2":{"_index":["plural","n"],"_":{"one":"Αποτυχία της αίτησης αποπροσωπικοποίησης. Σας απομένει μία προσπάθεια να εισάγετε τον σωστό κωδικό. Ανατρέξτε στην τεκμηρίωση της συσκευής ή επικοινωνήστε με τον πάροχο σας για περισσότερες πληροφορίες.","two":"Αποτυχία της αίτησης αποπροσωπικοποίησης. Σας απομένουν {{n}} προσπάθειες να εισάγετε τον σωστό κωδικό. Ανατρέξτε στην τεκμηρίωση της συσκευής ή επικοινωνήστε με τον πάροχο σας για περισσότερες πληροφορίες.","few":"Αποτυχία της αίτησης αποπροσωπικοποίησης. Σας απομένουν {{n}} προσπάθειες να εισάγετε τον σωστό κωδικό. Ανατρέξτε στην τεκμηρίωση της συσκευής ή επικοινωνήστε με τον πάροχο σας για περισσότερες πληροφορίες.","many":"Αποτυχία της αίτησης αποπροσωπικοποίησης. Σας απομένουν {{n}} προσπάθειες να εισάγετε τον σωστό κωδικό. Ανατρέξτε στην τεκμηρίωση της συσκευής ή επικοινωνήστε με τον πάροχο σας για περισσότερες πληροφορίες.","other":"Αποτυχία της αίτησης αποπροσωπικοποίησης. Σας απομένουν {{n}} προσπάθειες να εισάγετε τον σωστό κωδικό. Ανατρέξτε στην τεκμηρίωση της συσκευής ή επικοινωνήστε με τον πάροχο σας για περισσότερες πληροφορίες."}},"nckLastChanceMsg":"Αποτυχία της αίτησης εξατομίκευσης δικτύου. Τελευταία ευκαιρία για να εισάγετε τον σωστό NCK κωδικό. Ανατρέξτε στην τεκμηρίωση της συσκευής σας ή επικοινωνήστε με τον πάροχο σας για περισσότερες πληροφορίες.","activity-pick":"Επιλογή από:","activity-view":"Προβολή με:","activity-test":"Δοκιμή με:","activity-share":"Διαμοιρασμός με:","activity-new":"Δημιουργία με:","activity-open":"Άνοιγμα με:","activity-save-bookmark":"Σελιδοδείκτης σε:","activity-record":"Εγγραφή από:","activity-browse":"Περιήγηση με:","activity-configure":"Ρύθμιση με:","activity-dial":"Κλήση από:","persona-signin":"Σύνδεση","payment-flow":"Αγορά","remoteDebuggerMessage":"Μια εισερχόμενη αίτηση για αποδοχή απομακρυσμένης σύνδεσης αποσφαλμάτωσης ανιχνεύτηκε. Να επιτραπεί η σύνδεση;","fullscreen-request":"Το {{origin}} είναι πλέον σε πλήρη οθόνη.","captive-wifi-available":"Βρέθηκε το δίκτυο {{networkName}}. Σύνδεση στο δίκτυο;","ceWarningtitle":"Προειδοποίηση!","ceWarningcontent":"Προκειμένου να αποφύγετε πιθανή ζημιά στην ακοή σας, μην ακούτε σε υψηλά επίπεδα έντασης για μεγάλες περιόδους.","notification-powersaving-mode-on-title":"Εξοικονόμηση ενέργειας","notification-powersaving-mode-on-description":"Η λειτουργία ενεργοποιήθηκε.","low-device-storage":"Λιγοστός αποθηκευτικός χώρος στη συσκευή.\\\\n","free-space":{"_index":["plural","value"],"_":{"zero":"Δεν απομένει ελεύθερος χώρος.","one":"Λιγότερο από {{value}} {{unit}} απομένει.","two":"Λιγότερο από {{value}} {{unit}} απομένει.","few":"Λιγότερο από {{value}} {{unit}} απομένει.","many":"Λιγότερο από {{value}} {{unit}} απομένει.","other":"Λιγότερο από {{value}} {{unit}} απομένει."}},"unknown-free-space":"Άγνωστο μέγεθος ελεύθερου χώρου.","system-alert":"Ειδοποίηση συστήματος","cb-channel":"Δίαυλος {{channel}}","icc-message-title":"Operator message from SIM {{id}}","icc-confirmCall-defaultmessage":"Κλήση {{number}};","icc-alertMessage-defaultmessage":"Αποστολή μηνύματος","icc-confirmMessage-defaultmessage":"Αποστολή μηνύματος;","icc-inputbox-title":"STK Query from SIM {{id}}","emergency-callback-mode":"Λειτουργία επανάκλησης έκτακτης ανάγκης","emergency-callback-message":"You can not make calls, send messages or go online because emergency callback mode is enabled. Would you like to turn it off?","cdma-record-info":"Πληροφορίες εγγραφής CDMA","ime-switching-title":"{{appName}}: {{name}}","ime-switching-tip":"Πιέστε για να αλλάξετε μέθοδο εισαγωγής","layout-selection":"Επιλογή διάταξης","shrinking-tip":"Σύρετε για διαμοιρασμό","download_started":"Download started","download_stopped":"Download stopped","download_downloading":"Downloading…","download_succeeded":"Download complete","download_failed":"Download failed","download_text_by_default":"{{name}}","download_downloading_text_2":"{{percentage}}% - {{name}}","search-or-enter-address":{"_":"Search or enter address","placeholder":"Search or enter address"},"noSIMCardInHotspot":"SIM card is absent or inserted incorrectly, so turn off hotspot","brandShortName":"B2G OS","browserBrandShortName":"Περιηγητής","browserBrandFullName":"Περιηγητής Mozilla","weekday-0-long":"Κυριακή","weekday-1-long":"Δευτέρα","weekday-2-long":"Τρίτη","weekday-3-long":"Τετάρτη","weekday-4-long":"Πέμπτη","weekday-5-long":"Παρασκευή","weekday-6-long":"Σάββατο","weekday-0-short":"Κυρ","weekday-1-short":"Δευ","weekday-2-short":"Τρι","weekday-3-short":"Τετ","weekday-4-short":"Πεμ","weekday-5-short":"Παρ","weekday-6-short":"Σαβ","month-0-long":"Ιανουάριος","month-1-long":"Φεβρουάριος","month-2-long":"Μάρτιος","month-3-long":"Απρίλιος","month-4-long":"Μάιος","month-5-long":"Ιούνιος","month-6-long":"Ιούλιος","month-7-long":"Αύγουστος","month-8-long":"Σεπτέμβριος","month-9-long":"Οκτώβριος","month-10-long":"Νοέμβριος","month-11-long":"Δεκέμβριος","month-0-genitive":"Ιανουαρίου","month-1-genitive":"Φεβρουαρίου","month-2-genitive":"Μαρτίου","month-3-genitive":"Απριλίου","month-4-genitive":"Μαΐου","month-5-genitive":"Ιουνίου","month-6-genitive":"Ιουλίου","month-7-genitive":"Αυγούστου","month-8-genitive":"Σεπτεμβρίου","month-9-genitive":"Οκτωβρίου","month-10-genitive":"Νοεμβρίου","month-11-genitive":"Δεκεμβρίου","month-0-short":"Ιαν","month-1-short":"Φεβ","month-2-short":"Μαρ","month-3-short":"Απρ","month-4-short":"Μάι","month-5-short":"Ιουν","month-6-short":"Ιουλ","month-7-short":"Αυγ","month-8-short":"Σεπ","month-9-short":"Οκτ","month-10-short":"Νοε","month-11-short":"Δεκ","minutes-ago-long":{"_index":["plural","value"],"_":{"zero":"μόλις τώρα","one":"πριν από ένα λεπτό","two":"πριν από {{value}} λεπτά","few":"πριν από {{value}} λεπτά","many":"πριν από {{value}} λεπτά","other":"πριν από {{value}} λεπτά"}},"hours-ago-long":{"_index":["plural","value"],"_":{"zero":"μόλις τώρα","one":"πριν από μία ώρα","two":"πριν από {{value}} ώρες","few":"πριν από {{value}} ώρες","many":"πριν από {{value}} ώρες","other":"πριν από {{value}} ώρες"}},"days-ago-long":{"_index":["plural","value"],"_":{"zero":"σήμερα","one":"χθες","two":"πριν από {{value}} ημέρες","few":"πριν από {{value}} ημέρες","many":"πριν από {{value}} ημέρες","other":"πριν από {{value}} ημέρες"}},"weeks-ago-long":{"_index":["plural","value"],"_":{"zero":"αυτή την εβδομάδα","one":"την τελευταία εβδομάδα","two":"πριν από {{value}} εβδομάδες","few":"πριν από {{value}} εβδομάδες","many":"πριν από {{value}} εβδομάδες","other":"πριν από {{value}} εβδομάδες"}},"months-ago-long":{"_index":["plural","value"],"_":{"zero":"αυτό τον μήνα","one":"τον τελευταίο μήνα","two":"πριν από {{value}} μήνες","few":"πριν από {{value}} μήνες","many":"πριν από {{value}} μήνες","other":"πριν από {{value}} μήνες"}},"years-ago-long":{"_index":["plural","value"],"_":{"zero":"αυτό το έτος","one":"το περασμένο έτος","two":"πριν από {{value}} χρόνια","few":"πριν από {{value}} χρόνια","many":"πριν από {{value}} χρόνια","other":"πριν από {{value}} χρόνια"}},"minutes-until-long":{"_index":["plural","value"],"_":{"zero":"τώρα","one":"σε ένα λεπτό","two":"σε {{value}} λεπτά","few":"σε {{value}} λεπτά","many":"σε {{value}} λεπτά","other":"σε {{value}} λεπτά"}},"hours-until-long":{"_index":["plural","value"],"_":{"zero":"τώρα","one":"σε μία ώρα","two":"σε {{value}} ώρες","few":"σε {{value}} ώρες","many":"σε {{value}} ώρες","other":"σε {{value}} ώρες"}},"days-until-long":{"_index":["plural","value"],"_":{"zero":"σήμερα","one":"αύριο","two":"σε {{value}} ημέρες","few":"σε {{value}} ημέρες","many":"σε {{value}} ημέρες","other":"σε {{value}} ημέρες"}},"weeks-until-long":{"_index":["plural","value"],"_":{"zero":"αυτή την εβδομάδα","one":"την επόμενη εβδομάδα","two":"σε {{value}} εβδομάδες","few":"σε {{value}} εβδομάδες","many":"σε {{value}} εβδομάδες","other":"σε {{value}} εβδομάδες"}},"months-until-long":{"_index":["plural","value"],"_":{"zero":"αυτό τον μήνα","one":"στον επόμενο μήνα","two":"σε {{value}} μήνες","few":"σε {{value}} μήνες","many":"σε {{value}} μήνες","other":"σε {{value}} μήνες"}},"years-until-long":{"_index":["plural","value"],"_":{"zero":"αυτό το έτος","one":"επόμενο έτος","two":"σε {{value}} έτη","few":"σε {{value}} έτη","many":"σε {{value}} έτη","other":"σε {{value}} έτη"}},"minutes-ago-short":{"_index":["plural","value"],"_":{"zero":"τώρα","other":"πριν {{value}}′"}},"hours-ago-short":{"_index":["plural","value"],"_":{"zero":"τώρα","other":"πριν {{value}} ώρ."}},"days-ago-short":{"_index":["plural","value"],"_":{"zero":"σήμερα","other":"πριν {{value}} ημ."}},"minutes-until-short":{"_index":["plural","value"],"_":{"zero":"τώρα","other":"σε {{value}}′"}},"hours-until-short":{"_index":["plural","value"],"_":{"zero":"τώρα","other":"σε {{value}} ώρ."}},"days-until-short":{"_index":["plural","value"],"_":{"zero":"σήμερα","other":"σε {{value}} ημ."}},"incorrectDate":"(λάθος ημερομηνία)","dateTimeFormat_%c":"%a, %e %Eb %Y, %H:%M:%S","dateTimeFormat_%x":"%d/%m/%Y","dateTimeFormat_%X":"%H:%M:%S","shortTimeFormat":"%H:%M","shortDateTimeFormat":"%x %H:%M","weekStartsOnMonday":"0","time_am":"AM","time_pm":"PM","perm-contacts":"Επαφές","perm-contacts-appRequest":"Η εφαρμογή «{{app}}» ζητάει πρόσβαση στην λίστα επαφών σας.","perm-contacts-webRequest":"Η σελίδα «{{site}}» ζητάει πρόσβαση στην λίστα επαφών σας.","perm-desktop-notification":"Ειδοποιήσεις","perm-desktop-notification-appRequest":"Η εφαρμογή «{{app}}» ζητάει να εμφανίζει ειδοποιήσεις.","perm-desktop-notification-webRequest":"Η σελίδα «{{site}}» ζητάει να εμφανίζει ειδοποιήσεις.","perm-device-storage-music":"Αποθηκευτικός χώρος μουσικής","perm-device-storage-music-appRequest":"Η εφαρμογή «{{app}}» ζητάει πρόσβαση στην μουσική σας.","perm-device-storage-music-webRequest":"Η σελίδα «{{site}}» ζητάει πρόσβαση στην μουσική σας.","perm-device-storage-pictures":"Αποθηκευτικός χώρος εικόνων","perm-device-storage-pictures-appRequest":"Η εφαρμογή «{{app}}» ζητάει πρόσβαση στις εικόνες σας.","perm-device-storage-pictures-webRequest":"Η σελίδα «{{site}}» ζητάει πρόσβαση στις εικόνες σας.","perm-device-storage-sdcard":"Αποθηκευτικός χώρος κάρτας μνήμης","perm-device-storage-sdcard-appRequest":"Η εφαρμογή «{{app}}» ζητάει πρόσβαση στην κάρτα μνήμης σας.","perm-device-storage-sdcard-webRequest":"Η σελίδα «{{site}}» ζητάει πρόσβαση στην κάρτα μνήμης σας.","perm-device-storage-videos":"Αποθηκευτικός χώρος Βίντεο","perm-device-storage-videos-appRequest":"Η εφαρμογή «{{app}}» ζητάει πρόσβαση στα βίντεο σας.","perm-device-storage-videos-webRequest":"Η σελίδα «{{site}}» ζητάει πρόσβαση στα βίντεο σας.","perm-fmradio":"Ραδιόφωνο","perm-fmradio-appRequest":"Η εφαρμογή «{{app}}» ζητάει να χρησιμοποιήσει το ραδιόφωνο.","perm-fmradio-webRequest":"Η σελίδα «{{site}}» ζητάει να χρησιμοποιήσει το ραδιόφωνο.","perm-geolocation":"Γεωεντοπισμός","perm-geolocation-appRequest":"Η εφαρμογή «{{app}}» ζητάει να μάθει την τοποθεσία σας.","perm-geolocation-webRequest":"Η σελίδα «{{site}}» ζητάει να μάθει την τοποθεσία σας.","perm-geolocation-more-info":"Το {{brandShortName}} χρησιμοποιεί δεδομένα όπως GPS, Wi-Fi, και κοντινά δίκτυα για τον εντοπισμό της θέσης σας. Τα δεδομένα στέλνονται στο Mozilla και άλλους παρόχους υπηρεσιών και θα χρησιμοποιηθούν για τη βελτίωση των βάσεων δεδομένων τους. Δεδομένα μπορεί να αποθηκεύονται στη συσκευή σας και η συλλογή τους μπορεί να λαμβάνει χώρα ακόμα και όταν καμία εφαρμογή δεν είναι ανοιχτή.","perm-video-capture":"Κάμερα","perm-video-capture-appRequest":"Θέλετε να μοιραστείτε την κάμερά σας με την εφαρμογή {{app}};","perm-video-capture-webRequest":"Θέλετε να μοιραστείτε την κάμερά σας με την σελίδα {{site}};","perm-audio-capture":"Μικρόφωνο","perm-audio-capture-appRequest":"Θέλετε να μοιραστείτε το μικρόφωνό σας με την εφαρμογή {{app}};","perm-audio-capture-webRequest":"Θέλετε να μοιραστείτε το μικρόφωνό σας με την σελίδα {{site}};","perm-media-capture":"Κάμερα και Μικρόφωνο","perm-media-capture-appRequest":"Θέλετε να μοιραστείτε την κάμερα και το μικρόφωνό σας με την εφαρμογή {{app}};","perm-media-capture-webRequest":"Θέλετε να μοιραστείτε την κάμερα και το μικρόφωνό σας με την σελίδα {{site}};","stopped_download_title":"Download stopped","stopped_download_message":"Download was stopped. Try downloading again?","stopped_download_left_button":"Cancel","stopped_download_right_button":"Try again","failed_download_title":"Download failed","failed_download_message":"{{name}} failed to download. Try downloading again?","failed_download_left_button":"Cancel","failed_download_right_button":"Try again","stop_download_title":"Stop download","stop_download_message":"Are you sure you want to stop the download?","stop_download_left_button":"No","stop_download_right_button":"Yes","delete_download_title":"Delete","delete_download_message":"Delete {{name}}?","delete_download_left_button":"Cancel","delete_download_right_button":"Delete","delete_all_download_title":"Delete","delete_all_download_left_button":"Cancel","delete_all_download_right_button":"Delete","delete_all_download_message":{"_index":["plural","number"],"_":{"zero":"Delete no files?","one":"Delete one file?","two":"Delete {{number}} files?","few":"Delete {{number}} files?","many":"Delete {{number}} files?","other":"Delete {{number}} files?"}},"unsupported_file_type_download_title":"Unable to open","unsupported_file_type_download_message":"There isn’t an app that can open {{name}}. Would you like to save the file or delete it?","unsupported_file_type_download_left_button":"Keep File","unsupported_file_type_download_right_button":"Delete","file_not_found_download_title":"File not found","file_not_found_download_message":"The file wasn’t found on the device","file_not_found_download_right_button":"OK","unmounted_sdcard_2_download_title":"Memory card in use","unmounted_sdcard_2_download_message":"Unplug the phone","unmounted_sdcard_2_download_right_button":"OK","no_provider_download_title":"Unable to share","no_provider_download_message":"No provider found","no_provider_download_right_button":"OK","no_memory_download_title":"SD Card is full","no_memory_download_message":"There is no more room on your SD card to save your download. Please remove some files before restarting the download.","no_memory_download_right_button":"OK","no_sdcard_found_2_download_title":"No memory card found","no_sdcard_found_2_download_message":"Insert a memory card or select an alternate default media location in settings","no_sdcard_found_2_download_right_button":"OK","file_open_error_download_title":"Unable to open","file_open_error_download_message":"There is a problem opening {{name}}. Would you like to save the file or delete it?","file_open_error_download_left_button":"Keep File","file_open_error_download_right_button":"Delete","restart_download_error":"There was an error while restarting the download. Please try to download again.","no-downloads":"No downloads","percentage":"{{percentage}} %","partialResult":"{{partial}} of {{total}}","summary":"{{date}} - {{status}}","download-stopped":"Stopped","download-failed":"Download failed","open_downloaded_file":"Open","share_downloaded_file":"Share","wallpaper_downloaded_file":"Set as wallpaper","ringtone_downloaded_file":"Set as ringtone","cancel_downloaded_file":"Cancel","voicemailNoNumberTitle":"Voicemail number is unavailable","voicemailNoNumberText":"Unable to call the voicemail. Set up the voicemail number to place the call.","voicemailNoNumberSettings":"Settings","voicemailNoNumberCancel":"Cancel","firefox-accounts-title":"Firefox Accounts","fxa-next":"Next","fxa-back":"Back","fxa-done":"Done","fxa-ok":"OK","fxa-account-does-not-exist-title":"Account does not exist","fxa-account-does-not-exist-message":"Account does not exist","fxa-cannot-create-account":"Unable to create account","fxa-cannot-create-password":"Unable to reset your Firefox Accounts password right now.","fxa-already-signed-in-title":"User is already signed in","fxa-already-signed-in-message":"There is an user is already signed in Firefox.","fxa-invalid-password-title":"Invalid password","fxa-invalid-password-message":"You have used an invalid password. Please try again with a valid one.","fxa-invalid-email-title":"Invalid email address","fxa-invalid-email-message":"You have used an invalid email address. Please try again with a valid one.","fxa-connection-error-title":"Unable to connect","fxa-connection-error-message":"Unable to connect to Firefox right now. You can sign in or create an account from your phone's settings or try it again.","fxa-reset-password-error-title":"Unable to reset password","fxa-reset-password-error-message":"Your password was not reset. Please try again.","fxa-reset-password-in-settings-title":"Reset Password","fxa-reset-password-in-settings-message":"You can reset your password from your phone's settings.","fxa-generic-error-title":"Unable to connect to Firefox","fxa-generic-error-message":"Unable to connect to Firefox Accounts right now. Try your phone's settings or check your connection to Internet.","fxa-coppa-failure-error-title":"Cannot Create Account","fxa-coppa-failure-error-message":"You must meet certain age requirements to create a Firefox Accounts. <a href='http://www.ftc.gov/news-events/media-resources/protecting-consumer-privacy/kids-privacy-coppa'>Learn more</a>","fxa-coppa-ftu-error-message":"You must meet certain age requirements to create a Firefox Accounts. Try again later from Settings.","fxa-offline-error-title":"Unable to connect to Firefox","fxa-offline-error-message":"Unable to connect to Firefox Accounts right now. Check your phone' settings and your Internet connection.","fxa-unknown-error-title":"Unknown error","fxa-unknown-error-message":"Unknown error","fxa-connecting-to-firefox":"Connecting to Firefox Accounts","fxa-email-input":{"placeholder":"Email"},"fxa-use-email-to-sign-in":"Use your email address to create an account or sign in.","fxa-agree-to-tos-pp":"By proceeding, you agree to our <a href=\"#fxa-tos\">Terms of Service</a> and <a href=\"#fxa-pp\">Privacy Policy</a>","fxa-set-password-title":"Enter your new password","fxa-enter-password-title":"Enter your password","fxa-hello-user":"Hello, <a id=\"fxa-user-email\">hola@email.com</a>","fxa-password-refresh":"Please enter your Firefox Account password for <a id=\"fxa-user-email\">hola@email.com</a> to continue.","fxa-password":{"placeholder":"Password"},"fxa-forgot-password":"I forgot my password","fxa-show-password":"Show password","fxa-authenticating":"Authenticating","fxa-registering":"Registering","fxa-success":"Success!","fxa-ready-to-go":"Your Firefox Account is ready to go! ","fxa-use-services":"Now you can use <span id=\"fxa-summary-email\">email</span> to access services like Marketplace and Where’s My Fox.","fxa-manage-account-settings":"In the future, you can access and manage your account from your phone's settings.","fxa-confirm-account":"Confirm Your Account","fxa-sending-email-to":"We have sent you an email to: <strong id=\"fxa-summary-email\">email</strong>","fxa-tos-header":"Terms of Service","fxa-tos1":"Lorem ipsum dolor sit amet, consectetur adipisicing elit, sed do eiusmod tempor incididunt ut labore et dolore magna aliqua. Ut enim ad minim veniam, quis nostrud exercitation ullamco laboris nisi ut aliquip ex ea commodo consequat. Duis aute irure dolor in reprehenderit in voluptate velit esse cillum dolore eu fugiat nulla pariatur. ","fxa-tos2":"Excepteur sint occaecat qui of fi cia deserunt mollit anim id est laborum.  Lorem ipsum dolor sit amet, consectetur adipisicing elit, sed do eiusmod tempor incididunt ut labore et dolore magna aliqua. Ut enim ad minim veniam,quis nostrud exercitation ullamco laboris nisi ut aliquip ex ea commodo consequat. Duis aute irure dolor in.","fxa-pp-header":"Privacy Policy","fxa-pp1":"Lorem ipsum dolor sit amet, consectetur adipisicing elit, sed do eiusmod tempor incididunt ut labore et dolore magna aliqua. Ut enim ad minim veniam, quis nostrud exercitation ullamco laboris nisi ut aliquip ex ea commodo consequat. Duis aute irure dolor in reprehenderit in voluptate velit esse cillum dolore eu fugiat nulla pariatur. ","fxa-pp2":"Excepteur sint occaecat qui of fi cia deserunt mollit anim id est laborum.  Lorem ipsum dolor sit amet, consectetur adipisicing elit, sed do eiusmod tempor incididunt ut labore et dolore magna aliqua. Ut enim ad minim veniam,quis nostrud exercitation ullamco laboris nisi ut aliquip ex ea commodo consequat. Duis aute irure dolor in.","fxa-age-verification":"Age Verification","fxa-age-1990-earlier":"1990 or earlier","fxa-year-of-birth":"Year of Birth"}