{"ok":"Aceptar","back":"Atrás","help":"Ayuda","cancel":"Cancelar","close":"Cerrar","skip":"Omitir","airplaneMode":"Modo avión","searching":"Buscando…","noNetwork":"Sin servicio","roaming":"{{operator}} (itinerancia)","emergencyCallsOnly":"Sólo llamadas de emergencia","emergencyCallsOnly-unknownSIMState":"(estado SIM desconocido)","emergencyCallsOnly-noSIM":"(sin SIM)","emergencyCallsOnly-pinRequired":"(se requiere PIN)","emergencyCallsOnly-pukRequired":"(se requiere PUK)","emergencyCallsOnly-networkLocked":"(restringido a la red)","emergencyCallsOnly-serviceProviderLocked":"(restringido al proveedor de servicios)","emergencyCallsOnly-corporateLocked":"(restringido a la organización)","emergencyCallsOnly-network1Locked":"(network1 locked)","emergencyCallsOnly-network2Locked":"(network2 locked)","emergencyCallsOnly-hrpdNetworkLocked":"(hrpd network locked)","emergencyCallsOnly-ruimCorporateLocked":"(ruim corporate locked)","emergencyCallsOnly-ruimServiceProviderLocked":"(ruim service provider locked)","enterPIN":"Escribir PIN","statusbarLabel":"{{date}} {{operator}}","statusbarDateFormat":"%e de %b","notifications":"Notificaciones","clear-all":"Borrar todo","newVoicemails":{"_index":["plural","n"],"_":{"zero":"No hay mensajes de voz nuevos","one":"Un nuevo mensaje de voz","two":"{{n}} nuevos mensajes de voz","few":"{{n}} nuevos mensajes de voz","many":"{{n}} nuevos mensajes de voz","other":"{{n}} nuevos mensajes de voz"}},"newVoicemailsUnknown":"Nuevo mensaje de voz","dialNumber":"Marcar {{number}}","voicemailNotificationMultiSim":"(SIM {{n}}) {{title}}","confirmNFCConnectMsg1":"Are you sure you want to connect to the device?","confirmNFCConnectMsg2":"Turn on Bluetooth and connect to the device?","confirmNFCConnectMsg3":"Are you sure you want to connect to {{n}}?","confirmNFCConnectMsg4":"Turn on Bluetooth and connect to {{n}}?","deviceMenu":"Teléfono","airplane":"Activar modo avión","airplaneOff":"Desactivar modo avión","silent":"Silenciar llamadas","normal":"Sonar llamadas","restart":"Reiniciar","power":"Apagar","asyncpanzoom":"Desactivar APZ para las aplicaciones","asyncpanzoomOff":"Activar APZ para las aplicaciones","enableScreenReaderSteps":"Para activar el lector de pantalla, presione los botones de subir y bajar volumen tres veces más","disableScreenReaderSteps":"Para desactivar el lector de pantalla, presione los botones de subir y bajar volumen tres veces más","no-recent-apps":"No hay aps. recientes","yes":"Sí","no":"No","dontallow":"Don’t allow","allow":"Permitir","dontshare-geolocation":"No compartir","share-geolocation":"Compartir","dontshare-audio-capture":"No compartir","share-audio-capture":"Compartir","dontshare-video-capture":"No compartir","share-video-capture":"Compartir","dontshare-media-capture":"No compartir","share-media-capture":"Compartir","device-front":"Cámara delantera","device-back":"Cámara trasera","remember-my-choice":"Recordar mi elección","more-info":"Más información…","hide-info":"Hide info","install-app":"¿Instalar {{name}}?","size":"Tamaño","author":"Autor","size-unknown":"Desconocido","author-unknown":"Desconocido","install":"Instalar","bytes":"bytes","kB":"Kb","MB":"Mb","GB":"Gb","TB":"Tb","PB":"Pb","app-install-generic-error":"Se detuvo la descarga de {{ appName }}","app-install-download-failed":"Se interrumpió la descarga de {{ appName }}","app-install-install-failed":"Se interrumpió la instalación de {{ appName }}","cancelling-will-not-refund":"La cancelación no devolverá el importe de la compra. Las devoluciones para contenido de pago son provistas por el vendedor original.","apps-can-be-installed-later":"Las aplicaciones pueden instalarse posteriormente desde el origen de la instalación.","are-you-sure-you-want-to-cancel":"¿Seguro que desea cancelar esta instalación?","cancel-install":"Cancelar instalación","cancel-install-button":"Cancel Install","resume":"Reanudar","continue":"Continuar","stopDownloading":"¿Parar la descarga de {{app}}?","app-download-can-be-restarted":"La descarga puede reiniciarse más tarde.","app-download-stop-button":"Parar descarga","not-enough-space":"No hay suficiente espacio","not-enough-space-message":"No hay suficiente espacio para instalar esta aplicación. Libere espacio eliminando aplicaciones o archivos multimedia antiguos, y pruebe de nuevo a instalar desde la ubicación original.","app-install-success":"{{ appName }} instalada","setup":"Configuración","ime-addkeyboards":"Agregar teclados","later":"Después","download":"Descargar","wantToDownload":"¿Descargar la actualización ahora?","wantToInstall":"¿Instalar la actualización ahora?","installNow":"Instalar ahora","notNow":"Ahora no","downloadingUpdateMessage":{"innerHTML":"Descargando actualizaciones… <span>{{ progress }} descargados.</span>"},"downloadingAppMessage":"Descargando {{ appName }}","downloadingAppProgressNoMax":"{{ progress }} descargados","downloadingAppProgressIndeterminate":"Descargando","downloadingAppProgress":"{{ progress }} / {{ max }} descargados","cancelAllDownloads":"Cancelar todas las descargas","wantToCancelAll":"¿Seguro que desea cancelar todas las descargas?","downloadError":"Hubo un error mientras se descargaban las actualizaciones.","updateAvailableInfo":{"innerHTML":{"_index":["plural","n"],"_":{"one":"{{ n }} actualización disponible. <span>Pulse para más información.</span>","two":"{{ n }} actualizaciones disponibles. <span>Pulse para más información.</span>","few":"{{ n }} actualizaciones disponibles. <span>Pulse para más información.</span>","many":"{{ n }} actualizaciones disponibles. <span>Pulse para más información.</span>","other":"{{ n }} actualizaciones disponibles. <span>Pulse para más información.</span>"}}},"numberOfUpdates":{"_index":["plural","n"],"_":{"one":"{{ n }} actualización disponible","two":"{{ n }} actualizaciones disponibles","few":"{{ n }} actualizaciones disponibles","many":"{{ n }} actualizaciones disponibles","other":"{{ n }} actualizaciones disponibles"}},"systemUpdate":"Actualización del sistema","systemUpdateReady":"Actualización de sistema lista","required":"Requerida","uncompressingMessage":{"innerHTML":"Descomprimiendo… <span>Puede tardar unos minutos.</span>"},"downloadNoWifiWarning":"La red wifi no está disponible. Actualizar bajo su conexión actual podría incurrir en cargos adicionales.","downloadOfflineWarning":"La conexión no está disponible. Conéctese a una red para descargar actualizaciones.","downloadDataConnectionWarning":"Las actualizaciones se descargan a través de una conexión de datos cuando no hay una conexión wifi disponible.","downloadUpdatesViaDataConnection":"¿Descargar bajo una conexión de datos?","downloadUpdatesViaDataConnectionMessage":"Las actualizaciones se descargan a través de una conexión de datos cuando no hay una conexión wifi. Usar esta conexión puede bloquear las llamadas telefónicas y suponer la aplicación de cargos adicionales.","screenshotSaved":"Captura guardada en Galería","screenshotFailed":"No se guardó la captura","screenshotNoSDCard":"No se encuentra la tarjeta de memoria","screenshotSDCardInUse":"Tarjeta de memoria en uso","screenshotSDCardLow":"No hay suficiente espacio en la tarjeta de memoria","emergency-call-button":"Llamada de emergencia","emergency-call":"Llamada de emergencia","unlock-a11y-button":{"ariaLabel":"Desbloquear"},"camera-a11y-button":{"ariaLabel":"Cámara"},"longDateFormat":"%A, %e de %B","softwareHomeButton":{"ariaLabel":"Inicio"},"login":"Identificarse","username":"Usuario/a","password":"Contraseña","http-authentication-message":"{{host}} requiere un nombre de usuario y contraseña. El sitio dice: “{{realm}}”","error-message":"{{name}} no está cargando correctamente","error-title":"{{name}} está teniendo problemas","airplane-is-on":"El modo avión está activado","airplane-is-turned-on":"{{name}} requiere una conexión a la red. Desactive el modo avión desde Ajustes y conéctese a una red wifi o de datos.","server-not-found":"Servidor no encontrado","server-not-found-error":"No se puede encontrar el servidor en {{name}}.","file-not-found":"File not found","file-not-found-error":"The device can’t display this page because the file cannot be found.","connection-failed":"Unable to connect","connection-failed-error":"A network error occurred while trying to reach the site.","invalid-connection":"Unable to connect","invalid-connection-error":"A network error occurred while trying to reach the site.","malformed-uri":"URL not valid","malformed-uri-error":"The URL entered is not valid and cannot be loaded.","redirect-loop":"Can’t display page","redirect-loop-error":"The device can’t display this page because the page is not redirecting properly. Try this page again at a later time.","not-cached":"Page expired","not-cached-error":"As a security precaution, this page cannot be displayed by the device because it has expired.","is-printing-error":"The document cannot change while Printing or in Print Preview.","denied-port-access":"This address is restricted","denied-port-access-error":"This address uses a network port which is normally used for purposes other than Web browsing. The device has cancelled the request for your protection.","proxy-resolve-failure":"Proxy Server Error","proxy-resolve-failure-error":"The device is configured to use a proxy server that can’t be found.","proxy-connect-failure":"Proxy Server Error","proxy-connect-failure-error":"The device is configured to use a proxy server that is refusing connections.","content-encoding":"Can’t display page","content-encoding-error":"The device can’t display this page because a content encoding error occurred.","remote-xul":"Page unsupported","remote-xul-error":"This page can’t be displayed because it uses a technology that is not supported on the device.","phishing-blocked":"Warning","phishing-blocked-error":"The website has been reported as a web forgery designed to trick users into sharing personal or financial information.","malware-blocked":"Malware attack blocked","malware-blocked-error":"The site at has been reported as an attack site and has been blocked.","unsafe-content-type":"Unsafe content","unsafe-content-type-error":"The page cannot be shown because it may not be safe to open.","corrupted-content":"Can’t display page","corrupted-content-error":"The page cannot be shown because an error in the data transmission was detected.","network-connection-unavailable":"La conexión a la red no está disponible","network-error":"{{name}} requiere una conexión a la red. Intente conectarse a una red wifi o de datos.","network-error-launching":"{{name}} requires an Internet connection.","network-error-in-app":"No access to the Internet right now.","unable-to-connect":"Imposible conectar","try-again":"Probar de nuevo","check-settings":"Check settings","tap-to-check-settings":"Tap to check settings","select-time":"Seleccionar hora","choose-option":"Seleccionar","choose-options":"Seleccionar","select-day":"Seleccionar día","battery-almost-empty":"Batería casi agotada","add-to-home-screen":"Agregar a pant. inicio","crash-dialog2-os":"{{brandShortName}} se ha recuperado de un fallo","crash-dialog-app":"{{name}} acaba de fallar","crash-dialog-message":"¿Desea enviar a Mozilla un informe acerca de este fallo y ayudarnos a solucionar el problema? (Solo se envían bajo wifi).","crash-info-link":"¿Qué contiene un informe de error?","crash-always-report":"Mandar siempre un informe a Mozilla cuando ocurra un fallo.","crash-dont-send":"No enviar","crash-end":"Enviar informe","crashReports":"Informes de error","done":"Aceptar","crash-reports-description-1":"Un informe de error contiene una serie de datos que describen el fallo y su dispositivo, así como una instantánea del estado en el que se encontraba su dispositivo cuando ocurrió el fallo.","crash-reports-description-2":"Incluirá cosas como páginas y aplicaciones abiertas, texto escrito en formularios, el contenido de mensajes abiertos, el historial reciente de navegación o la ubicación que la aplicación abierta utilizó.","crash-reports-description-3-start":"Utilizamos los informes de error para solucionar problemas y mejorar nuestros productos. Gestionamos su información según se describe en nuestra","crash-reports-description-3-privacy":"política de privacidad","crash-reports-description-3-end":".","crash-banner-os2":"{{brandShortName}} acaba de fallar.","crash-banner-app":"{{name}} acaba de fallar.","crash-banner-report":"Informar","bluetooth-sending-progress":"Enviando transferencia Bluetooth…","bluetooth-receiving-progress":"Recibiendo transferencia Bluetooth…","acceptFileTransfer":"¿Aceptar una transferencia Bluetooth?","wantToReceiveFile":"A {{deviceName}} le gustaría transferir {{fileName}} ({{fileSize}}).","transfer-confirmation-title":"{{deviceName}}","transfer-confirmation-description":"Revise la petición de transferencia.","byteUnit-B":"B","byteUnit-KB":"Kb","byteUnit-MB":"Mb","byteUnit-GB":"Gb","byteUnit-TB":"Tb","byteUnit-PB":"Pb","byteUnit-EB":"Eb","byteUnit-ZB":"Zb","byteUnit-YB":"Yb","fileSize":"{{size}} {{unit}}","deny":"No permitir","transfer":"Transferir","cancelFileTransfer":"¿Cancelar la transferencia Bluetooth?","continueFileTransfer":"Continue","transfer-has-started-title":"La transferencia ha comenzado","transfer-has-started-description":"Vea progreso en centro de actividades","transferFinished-sentSuccessful-title":"Archivo enviado","transferFinished-receivedSuccessful-title":"Archivo recibido","transferFinished-sentFailed-title":"No se envió el archivo","transferFinished-receivedFailed-title":"No se recibió el archivo","transferReport-title":"Informe de la transferencia:","transferReport-description":"{{numSuccessful}} archivos transferidos, {{numUnsuccessful}} archivos no transferidos","unknown-file":"Archivo desconocido","unknown-device":"Dispositivo desconocido","cannotOpenFile":"No se puede abrir fichero recibido","unknownMediaTypeToOpen":"No se puede abrir tipo de archivo multimedia desconocido:","cannotReceiveFile":"No se puede recibir archivo","cannotGetStorageState":"No se puede obtener estado de almacenamiento del dispositivo.","sdcard-not-exist2":"No se encuentra la tarjeta de memoria. Por favor, inserte una.","sdcard-in-use":"No se puede usar Bluetooth mientras el teléfono esté conectado. Desconecte el teléfono para recibir archivo(s).","sdcard-no-space2":"No se puede completar la transferencia: la tarjeta de memoria está llena.","unknown-error":"Error desconocido","confirm":"Confirmar","microphone-is-on":"Micro está activado","camera-is-on":"Cámara está activada","media-is-on":"Cámara y micro están activados","noSimCard":"No hay tarjeta SIM","simPin":"PIN de SIM","pukCode":"Código PUK","nckCode":"Código NCK","cckCode":"Código CCK","spckCode":"Código SPCK","nck1code":"NCK1 code","nck2code":"NCK2 code","hnckcode":"HNCK code","rcckcode":"RCCK code","rspckcode":"RSPCK code","whatIsSimPin":"¿Qué es el número PIN de la tarjeta SIM?","simPinIntro1":"Un PIN evita el acceso a las redes móviles de datos de la tarjeta SIM. Cuando está activo, cualquier dispositivo con SIM pide el PIN al reiniciar.","simPinIntro2":"El número PIN de la tarjeta SIM no es el mismo código que se usa para desbloquear el dispositivo.","changeSimPin":"Cambiar PIN","pinTitle":"Escribir PIN","multiSIMpinTitle":"Escribir PIN de la SIM {{n}}","pukTitle":"Escribir PUK","nckTitle":"Escribir NCK","cckTitle":"Escribir CCK","spckTitle":"Escribir SPCK","nck1Title":"Enter NCK1 code","nck2Title":"Enter NCK2 code","hnckTitle":"Enter HNCK code","rcckTitle":"Enter RCCK code","rspckTitle":"Enter RSPCK code","newpinTitle":"Nuevo PIN","inputCodeRetriesLeft":{"_index":["plural","n"],"_":{"one":"último intento.","two":"quedan {{n}} intentos.","few":"quedan {{n}} intentos.","many":"quedan {{n}} intentos.","other":"quedan {{n}} intentos."}},"pinErrorMsg":"El PIN no es correcto.","pinAttemptMsg2":{"_index":["plural","n"],"_":{"one":"Sólo le queda un intento para escribir el código correcto antes de bloquear la SIM.","two":"Le quedan {{n}} intentos para escribir el código correcto antes de bloquear la SIM.","few":"Le quedan {{n}} intentos para escribir el código correcto antes de bloquear la SIM.","many":"Le quedan {{n}} intentos para escribir el código correcto antes de bloquear la SIM.","other":"Le quedan {{n}} intentos para escribir el código correcto antes de bloquear la SIM."}},"pinLastChanceMsg":"Esta es su última oportunidad para escribir el PIN correcto. Si comete otro error, deberá escribir el código PUK para usar la tarjeta SIM.","simCardLockedMsg":"La tarjeta SIM está bloqueada.","enterPukMsg":"Debe escribir la Clave Personal de Desbloqueo (PUK) para la tarjeta SIM. Consulte la documentación de su tarjeta SIM o contacte con su operador para más información.","pukErrorMsg":"El código PUK no es correcto.","pukAttemptMsg2":{"_index":["plural","n"],"_":{"one":"Sólo le queda un intento para escribir el código correcto antes de que la tarjeta SIM quede definitivamente inutilizable. Consulte la documentación de su tarjeta SIM o contacte con su operador para tener más información.","two":"Le quedan {{n}} intentos para escribir el código correcto antes de que la tarjeta SIM quede definitivamente inutilizable. Consulte la documentación de su tarjeta SIM o contacte con su operador para tener más información.","few":"Le quedan {{n}} intentos para escribir el código correcto antes de que la tarjeta SIM quede definitivamente inutilizable. Consulte la documentación de su tarjeta SIM o contacte con su operador para tener más información.","many":"Le quedan {{n}} intentos para escribir el código correcto antes de que la tarjeta SIM quede definitivamente inutilizable. Consulte la documentación de su tarjeta SIM o contacte con su operador para tener más información.","other":"Le quedan {{n}} intentos para escribir el código correcto antes de que la tarjeta SIM quede definitivamente inutilizable. Consulte la documentación de su tarjeta SIM o contacte con su operador para tener más información."}},"pukLastChanceMsg":"Última oportunidad para escribir el código PUK correcto. Su tarjeta SIM quedará inutilizable si escribe un código PUK incorrecto. Consulte la documentación de su tarjeta SIM o contacte con su operador para tener más información.","newSimPinMsg":"Crear nuevo número PIN (debe tener entre 4 a 8 dígitos)","confirmNewSimPinMsg":"Confirmar nuevo PIN","newPinErrorMsg":"Los PIN no coinciden.","nckErrorMsg":"El código NCK no es correcto.","nckAttemptMsg2":{"_index":["plural","n"],"_":{"one":"La despersonalización de red falló. Sólo le queda un intento para escribir el código correcto. Consulte la documentación de su dispositivo o contacte con su operador para tener más información.","two":"La despersonalización de red falló. Le quedan {{n}} intentos para escribir el código correcto. Consulte la documentación de su dispositivo o contacte con su operador para tener más información.","few":"La despersonalización de red falló. Le quedan {{n}} intentos para escribir el código correcto. Consulte la documentación de su dispositivo o contacte con su operador para tener más información.","many":"La despersonalización de red falló. Le quedan {{n}} intentos para escribir el código correcto. Consulte la documentación de su dispositivo o contacte con su operador para tener más información.","other":"La despersonalización de red falló. Le quedan {{n}} intentos para escribir el código correcto. Consulte la documentación de su dispositivo o contacte con su operador para tener más información."}},"nckLastChanceMsg":"La despersonalización de red falló. Es el último intento para escribir el código correcto. Consulte la documentación de su dispositivo o contacte con su operador para tener más información.","activity-pick":"Seleccionar de:","activity-view":"Ver con:","activity-test":"Probar con:","activity-share":"Compartir con:","activity-new":"Crear con:","activity-open":"Abrir con:","activity-save-bookmark":"Agregar a marcadores a:","activity-record":"Grabar de:","activity-browse":"Navegar con:","activity-configure":"Configurar con:","activity-dial":"Llamar desde:","persona-signin":"Identificarse","payment-flow":"Comprar","remoteDebuggerMessage":"Se detectó una petición entrante para permitir depuración remota. ¿Permitir conexión?","fullscreen-request":"{{origin}} está ahora en modo pantalla completa.","captive-wifi-available":"Se encontró la red {{networkName}}. ¿Unirse?","ceWarningtitle":"Aviso de volumen","ceWarningcontent":"Para prevenir posibles daños auditivos, no escuche sonido a un volumen excesivo durante mucho tiempo.","notification-powersaving-mode-on-title":"Modo ahorro de energía","notification-powersaving-mode-on-description":"El modo de ahorro de energía está activado.","low-device-storage":"Poco espacio en disco.\\n","free-space":{"_index":["plural","value"],"_":{"zero":"No queda espacio libre.","one":"Menos de {{value}} {{unit}} disponible.","two":"Menos de {{value}} {{unit}} disponibles.","few":"Menos de {{value}} {{unit}} disponibles.","many":"Menos de {{value}} {{unit}} disponibles.","other":"Menos de {{value}} {{unit}} disponibles."}},"unknown-free-space":"Espacio disponible desconocido.","system-alert":"Alerta del sistema","cb-channel":"Canal {{channel}}","icc-message-title":"Mensaje de operador de la SIM {{id}}","icc-confirmCall-defaultmessage":"¿Llamar a {{number}}?","icc-alertMessage-defaultmessage":"Enviando mensaje","icc-confirmMessage-defaultmessage":"¿Enviar mensaje?","icc-inputbox-title":"Petición STK de la sim {{id}}","emergency-callback-mode":"Modo de llamada de respuesta de emergencia","emergency-callback-message":"No puede hacer llamadas, enviar mensajes ni conectarse a internet porque tiene activado el modo de llamada de respuesta de emergencia. ¿Desea desactivarlo?","cdma-record-info":"Información de registro CDMA","ime-switching-title":"{{appName}}: {{name}}","ime-switching-tip":"Pulse para cambiar de método de entrada","layout-selection":"Elección de disposición","shrinking-tip":"Deslice para compartir","download_started":"Descarga iniciada","download_stopped":"Descarga detenida","download_downloading":"Descargando…","download_succeeded":"Descarga completa","download_failed":"Descarga fallida","download_text_by_default":"{{name}}","download_downloading_text_2":"{{percentage}}% - {{name}}","search-or-enter-address":{"_":"Search or enter address","placeholder":"Search or enter address"},"noSIMCardInHotspot":"No se encuentra la tarjeta SIM o no está insertada correctamente, desactive el punto de acceso","brandShortName":"B2G OS","browserBrandShortName":"Navegador","browserBrandFullName":"Navegador de Mozilla","weekday-0-long":"domingo","weekday-1-long":"lunes","weekday-2-long":"martes","weekday-3-long":"miércoles","weekday-4-long":"jueves","weekday-5-long":"viernes","weekday-6-long":"sábado","weekday-0-short":"do.","weekday-1-short":"lu.","weekday-2-short":"ma.","weekday-3-short":"mi.","weekday-4-short":"ju.","weekday-5-short":"vi.","weekday-6-short":"sá.","month-0-long":"enero","month-1-long":"febrero","month-2-long":"marzo","month-3-long":"abril","month-4-long":"mayo","month-5-long":"junio","month-6-long":"julio","month-7-long":"agosto","month-8-long":"septiembre","month-9-long":"octubre","month-10-long":"noviembre","month-11-long":"diciembre","month-0-genitive":"enero","month-1-genitive":"febrero","month-2-genitive":"marzo","month-3-genitive":"abril","month-4-genitive":"mayo","month-5-genitive":"junio","month-6-genitive":"julio","month-7-genitive":"agosto","month-8-genitive":"septiembre","month-9-genitive":"octubre","month-10-genitive":"noviembre","month-11-genitive":"diciembre","month-0-short":"ene.","month-1-short":"feb.","month-2-short":"mar.","month-3-short":"abr.","month-4-short":"may.","month-5-short":"jun.","month-6-short":"jul.","month-7-short":"ago.","month-8-short":"sep.","month-9-short":"oct.","month-10-short":"nov.","month-11-short":"dic.","minutes-ago-long":{"_index":["plural","value"],"_":{"zero":"ahora","one":"hace un minuto","two":"hace {{value}} minutos","few":"hace {{value}} minutos","many":"hace {{value}} minutos","other":"hace {{value}} minutos"}},"hours-ago-long":{"_index":["plural","value"],"_":{"zero":"ahora","one":"hace una hora","two":"hace {{value}} horas","few":"hace {{value}} horas","many":"hace {{value}} horas","other":"hace {{value}} horas"}},"days-ago-long":{"_index":["plural","value"],"_":{"zero":"hoy","one":"ayer","two":"hace {{value}} días","few":"hace {{value}} días","many":"hace {{value}} días","other":"hace {{value}} días"}},"weeks-ago-long":{"_index":["plural","value"],"_":{"zero":"esta semana","one":"la semana pasada","two":"hace {{value}} semanas","few":"hace {{value}} semanas","many":"hace {{value}} semanas","other":"hace {{value}} semanas"}},"months-ago-long":{"_index":["plural","value"],"_":{"zero":"este mes","one":"el último mes","two":"hace {{value}} meses","few":"hace {{value}} meses","many":"hace {{value}} meses","other":"hace {{value}} meses"}},"years-ago-long":{"_index":["plural","value"],"_":{"zero":"este año","one":"último año","two":"hace {{value}} años","few":"hace {{value}} años","many":"hace {{value}} años","other":"hace {{value}} años"}},"minutes-until-long":{"_index":["plural","value"],"_":{"zero":"ahora","one":"en un minuto","two":"en {{value}} minutos","few":"en {{value}} minutos","many":"en {{value}} minutos","other":"en {{value}} minutos"}},"hours-until-long":{"_index":["plural","value"],"_":{"zero":"ahora","one":"en una hora","two":"en {{value}} horas","few":"en {{value}} horas","many":"en {{value}} horas","other":"en {{value}} horas"}},"days-until-long":{"_index":["plural","value"],"_":{"zero":"hoy","one":"mañana","two":"en {{value}} días","few":"en {{value}} días","many":"en {{value}} días","other":"en {{value}} días"}},"weeks-until-long":{"_index":["plural","value"],"_":{"zero":"esta semana","one":"la próxima semana","two":"en {{value}} semanas","few":"en {{value}} semanas","many":"en {{value}} semanas","other":"en {{value}} semanas"}},"months-until-long":{"_index":["plural","value"],"_":{"zero":"este mes","one":"próximo mes","two":"en {{value}} meses","few":"en {{value}} meses","many":"en {{value}} meses","other":"en {{value}} meses"}},"years-until-long":{"_index":["plural","value"],"_":{"zero":"este año","one":"próximo año","two":"en {{value}} años","few":"en {{value}} años","many":"en {{value}} años","other":"en {{value}} años"}},"minutes-ago-short":{"_index":["plural","value"],"_":{"zero":"ahora","other":"hace {{value}} m"}},"hours-ago-short":{"_index":["plural","value"],"_":{"zero":"ahora","other":"hace {{value}} h"}},"days-ago-short":{"_index":["plural","value"],"_":{"zero":"hoy","other":"hace {{value}} d"}},"minutes-until-short":{"_index":["plural","value"],"_":{"zero":"ahora","other":"en {{value}} m"}},"hours-until-short":{"_index":["plural","value"],"_":{"zero":"ahora","other":"en {{value}} h"}},"days-until-short":{"_index":["plural","value"],"_":{"zero":"hoy","other":"en {{value}} d"}},"incorrectDate":"(fecha incorrecta)","dateTimeFormat_%c":"%a, %e de %b, %Y %H:%M:%S","dateTimeFormat_%x":"%d/%m/%Y","dateTimeFormat_%X":"%H:%M:%S","shortTimeFormat":"%H:%M","shortDateTimeFormat":"%x %H:%M %p","weekStartsOnMonday":"1","time_am":"AM","time_pm":"PM","perm-contacts":"Contactos","perm-contacts-appRequest":"A la aplicación {{app}} le gustaría acceder a su lista de contactos.","perm-contacts-webRequest":"Al sitio {{site}} le gustaría acceder a su lista de contactos.","perm-desktop-notification":"Notificaciones","perm-desktop-notification-appRequest":"A la aplicación {{app}} le gustaría mostrar notificaciones.","perm-desktop-notification-webRequest":"Al sitio {{site}} le gustaría mostrar notificaciones.","perm-device-storage-music":"Archivos de música","perm-device-storage-music-appRequest":"A la aplicación {{app}} le gustaría acceder a su música.","perm-device-storage-music-webRequest":"Al sitio {{site}} le gustaría acceder a su música.","perm-device-storage-pictures":"Archivos de imágenes","perm-device-storage-pictures-appRequest":"A la aplicación {{app}} le gustaría acceder a sus imágenes.","perm-device-storage-pictures-webRequest":"Al sitio {{site}} le gustaría acceder a sus imágenes.","perm-device-storage-sdcard":"Tarjeta de memoria","perm-device-storage-sdcard-appRequest":"A la aplicación {{app}} le gustaría acceder a su tarjeta de memoria.","perm-device-storage-sdcard-webRequest":"Al sitio {{site}} le gustaría acceder a su tarjeta de memoria.","perm-device-storage-videos":"Archivos de vídeo","perm-device-storage-videos-appRequest":"A la aplicación {{app}} le gustaría acceder a sus vídeos.","perm-device-storage-videos-webRequest":"Al sitio {{site}} le gustaría acceder a sus vídeos.","perm-fmradio":"Radio FM","perm-fmradio-appRequest":"A la aplicación {{app}} le gustaría acceder a Radio FM.","perm-fmradio-webRequest":"Al sitio {{site}} le gustaría acceder a Radio FM.","perm-geolocation":"Geolocalización","perm-geolocation-appRequest":"A la aplicación {{app}} le gustaría conocer su ubicación.","perm-geolocation-webRequest":"Al sitio {{site}} le gustaría conocer su ubicación.","perm-geolocation-more-info":"{{brandShortName}} utiliza datos como GPS, wifi y redes móviles próximas a usted para determinar su ubicación aproximada. Los datos se envían a Mozilla y otros proveedores de servicios, y se usarán agregados con el fin de mejorar las bases de datos sobre ubicaciones. Los datos se guardarán en su dispositivo y la recopilación de los mismos se efectuará incluso cuando no se esté ejecutando ninguna aplicación.","perm-video-capture":"Cámara","perm-video-capture-appRequest":"¿Le gustaría compartir su cámara con la aplicación {{app}}?","perm-video-capture-webRequest":"¿Le gustaría compartir su cámara con el sitio {{site}}?","perm-audio-capture":"Micrófono","perm-audio-capture-appRequest":"¿Le gustaría compartir su micrófono con la aplicación {{app}}?","perm-audio-capture-webRequest":"¿Le gustaría compartir su micrófono con el sitio {{site}}?","perm-media-capture":"Cámara y micrófono","perm-media-capture-appRequest":"¿Le gustaría compartir su cámara y su micrófono con la aplicación {{app}}?","perm-media-capture-webRequest":"¿Le gustaría compartir su cámara y su micrófono con el sitio {{site}}?","stopped_download_title":"Descarga parada","stopped_download_message":"Se detuvo la descarga. ¿Probar de nuevo a descargar?","stopped_download_left_button":"Cancelar","stopped_download_right_button":"Probar de nuevo","failed_download_title":"Error en la descarga","failed_download_message":"{{name}} interrumpió la descarga. ¿Probar de nuevo a descargar?","failed_download_left_button":"Cancelar","failed_download_right_button":"Probar de nuevo","stop_download_title":"Parar descarga","stop_download_message":"¿Seguro que desea parar la descarga?","stop_download_left_button":"No","stop_download_right_button":"Sí","delete_download_title":"Borrar","delete_download_message":"¿Borrar {{name}}?","delete_download_left_button":"Cancelar","delete_download_right_button":"Borrar","delete_all_download_title":"Borrar","delete_all_download_left_button":"Cancelar","delete_all_download_right_button":"Borrar","delete_all_download_message":{"_index":["plural","number"],"_":{"zero":"¿No eliminar ficheros?","one":"¿Eliminar un fichero?","two":"¿Eliminar {{number}} ficheros?","few":"¿Eliminar {{number}} ficheros?","many":"¿Eliminar {{number}} ficheros?","other":"¿Eliminar {{number}} ficheros?"}},"unsupported_file_type_download_title":"Imposible abrir","unsupported_file_type_download_message":"No hay ninguna aplicación que pueda abrir {{name}}. ¿Desea guardar el archivo o borrarlo?","unsupported_file_type_download_left_button":"Guardar archivo","unsupported_file_type_download_right_button":"Borrar","file_not_found_download_title":"No se encontró ningún archivo","file_not_found_download_message":"No se encontró el archivo en el dispositivo","file_not_found_download_right_button":"Aceptar","unmounted_sdcard_2_download_title":"Tarjeta de memoria en uso","unmounted_sdcard_2_download_message":"Desconecte el teléfono","unmounted_sdcard_2_download_right_button":"Aceptar","no_provider_download_title":"Imposible compartir","no_provider_download_message":"No se encontró proveedor","no_provider_download_right_button":"Aceptar","no_memory_download_title":"La tarjeta SD está llena","no_memory_download_message":"No hay más espacio en la tarjeta SD para guardar la descarga. Elimine algunos archivos antes de reiniciarla.","no_memory_download_right_button":"Aceptar","no_sdcard_found_2_download_title":"No se encontró ninguna tarjeta de memoria","no_sdcard_found_2_download_message":"Inserte una tarjeta de memoria o seleccione en Ajustes una ubicación predeterminada alternativa para los archivos multimedia","no_sdcard_found_2_download_right_button":"Aceptar","file_open_error_download_title":"Imposible abrir","file_open_error_download_message":"Hubo un problema al abrir {{name}}. ¿Desea guardar el archivo o borrarlo?","file_open_error_download_left_button":"Guardar archivo","file_open_error_download_right_button":"Borrar","restart_download_error":"Hubo un error al reiniciar la descarga. Pruebe de nuevo a descargar.","no-downloads":"No hay descargas","percentage":"{{percentage}} %","partialResult":"{{partial}} de {{total}}","summary":"{{date}} - {{status}}","download-stopped":"Parada","download-failed":"Descarga fallida","open_downloaded_file":"Abierta","share_downloaded_file":"Compartir","wallpaper_downloaded_file":"Usar como fondo de pantalla","ringtone_downloaded_file":"Usar como tono de llamada","cancel_downloaded_file":"Cancelar","voicemailNoNumberTitle":"Voicemail number is unavailable","voicemailNoNumberText":"Unable to call the voicemail. Set up the voicemail number to place the call.","voicemailNoNumberSettings":"Settings","voicemailNoNumberCancel":"Cancel","firefox-accounts-title":"Firefox Accounts","fxa-next":"Next","fxa-back":"Back","fxa-done":"Done","fxa-ok":"OK","fxa-account-does-not-exist-title":"Account does not exist","fxa-account-does-not-exist-message":"Account does not exist","fxa-cannot-create-account":"Unable to create account","fxa-cannot-create-password":"Unable to reset your Firefox Accounts password right now.","fxa-already-signed-in-title":"User is already signed in","fxa-already-signed-in-message":"There is an user is already signed in Firefox.","fxa-invalid-password-title":"Invalid password","fxa-invalid-password-message":"You have used an invalid password. Please try again with a valid one.","fxa-invalid-email-title":"Invalid email address","fxa-invalid-email-message":"You have used an invalid email address. Please try again with a valid one.","fxa-connection-error-title":"Unable to connect","fxa-connection-error-message":"Unable to connect to Firefox right now. You can sign in or create an account from your phone's settings or try it again.","fxa-reset-password-error-title":"Unable to reset password","fxa-reset-password-error-message":"Your password was not reset. Please try again.","fxa-reset-password-in-settings-title":"Reset Password","fxa-reset-password-in-settings-message":"You can reset your password from your phone's settings.","fxa-generic-error-title":"Unable to connect to Firefox","fxa-generic-error-message":"Unable to connect to Firefox Accounts right now. Try your phone's settings or check your connection to Internet.","fxa-coppa-failure-error-title":"Cannot Create Account","fxa-coppa-failure-error-message":"You must meet certain age requirements to create a Firefox Accounts. <a href='http://www.ftc.gov/news-events/media-resources/protecting-consumer-privacy/kids-privacy-coppa'>Learn more</a>","fxa-coppa-ftu-error-message":"You must meet certain age requirements to create a Firefox Accounts. Try again later from Settings.","fxa-offline-error-title":"Unable to connect to Firefox","fxa-offline-error-message":"Unable to connect to Firefox Accounts right now. Check your phone' settings and your Internet connection.","fxa-unknown-error-title":"Unknown error","fxa-unknown-error-message":"Unknown error","fxa-connecting-to-firefox":"Connecting to Firefox Accounts","fxa-email-input":{"placeholder":"Email"},"fxa-use-email-to-sign-in":"Use your email address to create an account or sign in.","fxa-agree-to-tos-pp":"By proceeding, you agree to our <a href=\"#fxa-tos\">Terms of Service</a> and <a href=\"#fxa-pp\">Privacy Policy</a>","fxa-set-password-title":"Enter your new password","fxa-enter-password-title":"Enter your password","fxa-hello-user":"Hello, <a id=\"fxa-user-email\">hola@email.com</a>","fxa-password-refresh":"Please enter your Firefox Account password for <a id=\"fxa-user-email\">hola@email.com</a> to continue.","fxa-password":{"placeholder":"Password"},"fxa-forgot-password":"I forgot my password","fxa-show-password":"Show password","fxa-authenticating":"Authenticating","fxa-registering":"Registering","fxa-success":"Success!","fxa-ready-to-go":"Your Firefox Account is ready to go! ","fxa-use-services":"Now you can use <span id=\"fxa-summary-email\">email</span> to access services like Marketplace and Where’s My Fox.","fxa-manage-account-settings":"In the future, you can access and manage your account from your phone's settings.","fxa-confirm-account":"Confirm Your Account","fxa-sending-email-to":"We have sent you an email to: <strong id=\"fxa-summary-email\">email</strong>","fxa-tos-header":"Terms of Service","fxa-tos1":"Lorem ipsum dolor sit amet, consectetur adipisicing elit, sed do eiusmod tempor incididunt ut labore et dolore magna aliqua. Ut enim ad minim veniam, quis nostrud exercitation ullamco laboris nisi ut aliquip ex ea commodo consequat. Duis aute irure dolor in reprehenderit in voluptate velit esse cillum dolore eu fugiat nulla pariatur. ","fxa-tos2":"Excepteur sint occaecat qui of fi cia deserunt mollit anim id est laborum.  Lorem ipsum dolor sit amet, consectetur adipisicing elit, sed do eiusmod tempor incididunt ut labore et dolore magna aliqua. Ut enim ad minim veniam,quis nostrud exercitation ullamco laboris nisi ut aliquip ex ea commodo consequat. Duis aute irure dolor in.","fxa-pp-header":"Privacy Policy","fxa-pp1":"Lorem ipsum dolor sit amet, consectetur adipisicing elit, sed do eiusmod tempor incididunt ut labore et dolore magna aliqua. Ut enim ad minim veniam, quis nostrud exercitation ullamco laboris nisi ut aliquip ex ea commodo consequat. Duis aute irure dolor in reprehenderit in voluptate velit esse cillum dolore eu fugiat nulla pariatur. ","fxa-pp2":"Excepteur sint occaecat qui of fi cia deserunt mollit anim id est laborum.  Lorem ipsum dolor sit amet, consectetur adipisicing elit, sed do eiusmod tempor incididunt ut labore et dolore magna aliqua. Ut enim ad minim veniam,quis nostrud exercitation ullamco laboris nisi ut aliquip ex ea commodo consequat. Duis aute irure dolor in.","fxa-age-verification":"Age Verification","fxa-age-1990-earlier":"1990 or earlier","fxa-year-of-birth":"Year of Birth"}