{"ok":"Ados","back":"Atzera","help":"Laguntza","cancel":"Utzi","close":"Itxi","skip":"Saltatu","airplaneMode":"Hegazkin modua","searching":"Bilatzen…","noNetwork":"Sarerik ez","roaming":"{{operator}} (ibiltaritza)","emergencyCallsOnly":"Larrialdi-deiak soilik","emergencyCallsOnly-unknownSIMState":"(SIMaren egoera ezezaguna)","emergencyCallsOnly-noSIM":"(SIMik ez)","emergencyCallsOnly-pinRequired":"(SIM PINa beharrezkoa)","emergencyCallsOnly-pukRequired":"(SIM PUKa beharrezkoa)","emergencyCallsOnly-networkLocked":"(sarea blokeatuta)","emergencyCallsOnly-serviceProviderLocked":"(zerbitzu-hornitzaileak blokeatuta)","emergencyCallsOnly-corporateLocked":"(enpresak blokeatuta)","emergencyCallsOnly-network1Locked":"(network1 locked)","emergencyCallsOnly-network2Locked":"(network2 locked)","emergencyCallsOnly-hrpdNetworkLocked":"(hrpd network locked)","emergencyCallsOnly-ruimCorporateLocked":"(ruim corporate locked)","emergencyCallsOnly-ruimServiceProviderLocked":"(ruim service provider locked)","enterPIN":"Sartu PINa","statusbarLabel":"{{date}}, {{operator}}","statusbarDateFormat":"%Bk %e","notifications":"Jakinarazpenak","clear-all":"Garbitu dena","newVoicemails":{"_index":["plural","n"],"_":{"zero":"Ahots-mezu berririk ez","one":"Ahots-mezu berri bat","two":"{{n}} ahots-mezu berri","few":"{{n}} ahots-mezu berri","many":"{{n}} ahots-mezu berri","other":"{{n}} ahots-mezu berri"}},"newVoicemailsUnknown":"Ahots-mezu berria","dialNumber":"Markatu {{number}}","voicemailNotificationMultiSim":"(SIM {{n}}) {{title}}","confirmNFCConnectMsg1":"Are you sure you want to connect to the device?","confirmNFCConnectMsg2":"Turn on Bluetooth and connect to the device?","confirmNFCConnectMsg3":"Are you sure you want to connect to {{n}}?","confirmNFCConnectMsg4":"Turn on Bluetooth and connect to {{n}}?","deviceMenu":"Telefonoa","airplane":"Piztu hegazkin modua","airplaneOff":"Itzali hegazkin modua","silent":"Isilarazi sarrerako deiak","normal":"Jo sarrerako deiak","restart":"Berrabiarazi","power":"Itzali","asyncpanzoom":"Desgaitu APZ aplikazioentzat","asyncpanzoomOff":"Gaitu APZ aplikazioentzat","enableScreenReaderSteps":"Pantaila-irakurlea gaitzeko, sakatu bolumena igotzeko botoia eta gero bolumena jaistekoa hiru aldiz","disableScreenReaderSteps":"Pantaila-irakurlea desgaitzeko, sakatu bolumena igotzeko botoia eta gero bolumena jaistekoa hiru aldiz","no-recent-apps":"Azken aplikaziorik ez","yes":"Bai","no":"Ez","dontallow":"Don’t allow","allow":"Baimendu","dontshare-geolocation":"Ez partekatu","share-geolocation":"Partekatu","dontshare-audio-capture":"Ez partekatu","share-audio-capture":"Partekatu","dontshare-video-capture":"Ez partekatu","share-video-capture":"Partekatu","dontshare-media-capture":"Ez partekatu","share-media-capture":"Partekatu","device-front":"Aurreko kamera","device-back":"Atzeko kamera","remember-my-choice":"Gogoratu nire aukera","more-info":"Informazio gehiago…","hide-info":"Hide info","install-app":"Instalatu {{name}}?","size":"Tamaina","author":"Egilea","size-unknown":"Ezezaguna","author-unknown":"Ezezaguna","install":"Instalatu","bytes":"byte","kB":"KB","MB":"MB","GB":"GB","TB":"TB","PB":"PB","app-install-generic-error":"{{ appName }}: deskarga geldituta","app-install-download-failed":"{{ appName }}: deskargak huts egin du","app-install-install-failed":"{{ appName }}: instalazioak huts egin du","cancelling-will-not-refund":"Utziz gero ez da dirurik bueltatuko. Ordaindutako edukiarengatik jatorrizko saltzaileak itzultzen du dirua.","apps-can-be-installed-later":"Aplikazioak beranduago instala daiteke jatorrizko instalazio-iturburutik.","are-you-sure-you-want-to-cancel":"Ziur zaude instalazioa utzi nahi duzula?","cancel-install":"Utzi instalazioa","cancel-install-button":"Cancel Install","resume":"Berrekin","continue":"Jarraitu","stopDownloading":"Gelditu {{ app }} deskargatzen?","app-download-can-be-restarted":"Deskarga beranduago berrekin daiteke.","app-download-stop-button":"Gelditu deskarga","not-enough-space":"Toki librerik ez","not-enough-space-message":"Ez dago aplikazio hau instalatzeko toki librerik. Egin tokia aplikazio zaharrak edo multimedia ezabatuz eta saiatu berriro instalatzen jatorrizko iturburutik.","app-install-success":"{{ appName }} instalatuta","setup":"Konfiguratu","ime-addkeyboards":"Gehitu teklatuak","later":"Beranduago","download":"Deskargatu","wantToDownload":"Deskargatu eguneraketa orain?","wantToInstall":"Instalatu eguneraketa orain?","installNow":"Instalatu orain","notNow":"Orain ez","downloadingUpdateMessage":{"innerHTML":"Eguneraketak deskargatzen… <span>{{ progress }} deskargatuta.</span>"},"downloadingAppMessage":"{{ appName }} deskargatzen","downloadingAppProgressNoMax":"{{ progress }} deskargatuta","downloadingAppProgressIndeterminate":"Deskargatzen","downloadingAppProgress":"{{ max }} / {{ progress }} deskargatuta","cancelAllDownloads":"Utzi deskarga guztiak","wantToCancelAll":"Ziur zaude deskarga guztiak utzi nahi dituzula?","downloadError":"Errorea gertatu da eguneraketak deskargatzean.","updateAvailableInfo":{"innerHTML":{"_index":["plural","n"],"_":{"one":"Eguneraketa bat erabilgarri. <span>Sakatu informazio gehiagorako.</span>","two":"{{ n }} eguneraketa erabilgarri. <span>Sakatu informazio gehiagorako.</span>","few":"{{ n }} eguneraketa erabilgarri. <span>Sakatu informazio gehiagorako.</span>","many":"{{ n }} eguneraketa erabilgarri. <span>Sakatu informazio gehiagorako.</span>","other":"{{ n }} eguneraketa erabilgarri. <span>Sakatu informazio gehiagorako.</span>"}}},"numberOfUpdates":{"_index":["plural","n"],"_":{"one":"Eguneraketa bat erabilgarri","two":"{{ n }} eguneraketa erabilgarri","few":"{{ n }} eguneraketa erabilgarri","many":"{{ n }} eguneraketa erabilgarri","other":"{{ n }} eguneraketa erabilgarri"}},"systemUpdate":"Sistemaren eguneraketa","systemUpdateReady":"Sistemaren eguneraketa prest","required":"Beharrezkoa","uncompressingMessage":{"innerHTML":"Deskonprimitzen… <span>Minutu batzuk har ditzake.</span>"},"downloadNoWifiWarning":"Wi-Fia ez dago erabilgarri. Uneko konexioarekin eguneratzeak tarifa gehigarriak eragin litzake.","downloadOfflineWarning":"Konexioa ez dago erabilgarri. Konektatu sare batera eguneraketak deskargatzeko.","downloadDataConnectionWarning":"Eguneraketak datu-konexio bidez deskargatzen dira Wi-Fia ez dagoenean erabilgarri. Datu-tarifa gehigarriak aplika litezke.","downloadUpdatesViaDataConnection":"Deskargatu eguneraketak datu-konexio bidez?","downloadUpdatesViaDataConnectionMessage":"Eguneraketak datu-konexio bidez deskargatzen dira Wi-Fia ez dagoenean erabilgarri. Datu-konexioa erabiltzean, telefono-deiak blokea litezke eta tarifa gehigarriak ere aplika litezke.","screenshotSaved":"Pantaila-argazkia galerian gorde da","screenshotFailed":"Pantaila-argazkia ezin izan da gorde","screenshotNoSDCard":"Ez da memoria-txartelik aurkitu","screenshotSDCardInUse":"Memoria-txartela erabiltzen ari da","screenshotSDCardLow":"Toki librerik ez memoria-txartelean","emergency-call-button":"Larrialdi-deia","emergency-call":"Larrialdi-deia","unlock-a11y-button":{"ariaLabel":"Desblokeatu"},"camera-a11y-button":{"ariaLabel":"Kamera"},"longDateFormat":"%A, %Bk %e","softwareHomeButton":{"ariaLabel":"Hasiera"},"login":"Hasi saioa","username":"Erabiltzaile-izena","password":"Pasahitza","http-authentication-message":"{{host}} ostalariak erabiltzaile-izen eta pasahitza eskatzen ditu. Guneak hau dio: “{{realm}}”","error-message":"{{name}} ez da ari ondo kargatzen","error-title":"{{name}} arazoak izaten ari da","airplane-is-on":"Hegazkin modua piztuta dago","airplane-is-turned-on":"{{name}} aplikazioak sareko konexioa behar du. Itzali hegazkin modua ezarpenetan eta konektatu Wi-Fi batera edo datuen sare batera.","server-not-found":"Ez da zerbitzaria aurkitu","server-not-found-error":"Ezin da zerbitzaria aurkitu {{name}} helbidean.","file-not-found":"File not found","file-not-found-error":"The device can’t display this page because the file cannot be found.","connection-failed":"Unable to connect","connection-failed-error":"A network error occurred while trying to reach the site.","invalid-connection":"Unable to connect","invalid-connection-error":"A network error occurred while trying to reach the site.","malformed-uri":"URL not valid","malformed-uri-error":"The URL entered is not valid and cannot be loaded.","redirect-loop":"Can’t display page","redirect-loop-error":"The device can’t display this page because the page is not redirecting properly. Try this page again at a later time.","not-cached":"Page expired","not-cached-error":"As a security precaution, this page cannot be displayed by the device because it has expired.","is-printing-error":"The document cannot change while Printing or in Print Preview.","denied-port-access":"This address is restricted","denied-port-access-error":"This address uses a network port which is normally used for purposes other than Web browsing. The device has cancelled the request for your protection.","proxy-resolve-failure":"Proxy Server Error","proxy-resolve-failure-error":"The device is configured to use a proxy server that can’t be found.","proxy-connect-failure":"Proxy Server Error","proxy-connect-failure-error":"The device is configured to use a proxy server that is refusing connections.","content-encoding":"Can’t display page","content-encoding-error":"The device can’t display this page because a content encoding error occurred.","remote-xul":"Page unsupported","remote-xul-error":"This page can’t be displayed because it uses a technology that is not supported on the device.","phishing-blocked":"Warning","phishing-blocked-error":"The website has been reported as a web forgery designed to trick users into sharing personal or financial information.","malware-blocked":"Malware attack blocked","malware-blocked-error":"The site at has been reported as an attack site and has been blocked.","unsafe-content-type":"Unsafe content","unsafe-content-type-error":"The page cannot be shown because it may not be safe to open.","corrupted-content":"Can’t display page","corrupted-content-error":"The page cannot be shown because an error in the data transmission was detected.","network-connection-unavailable":"Sareko konexioa ez dago erabilgarri","network-error":"{{name}} aplikazioak sareko konexioa behar du. Saiatu Wi-Fi batera edo datuen sare batera konektatzen.","network-error-launching":"{{name}} requires an Internet connection.","network-error-in-app":"No access to the Internet right now.","unable-to-connect":"Ezin da konektatu","try-again":"Saiatu berriro","check-settings":"Check settings","tap-to-check-settings":"Tap to check settings","select-time":"Hautatu ordua","choose-option":"Hautatu","choose-options":"Hautatu","select-day":"Hautatu eguna","battery-almost-empty":"Bateria ia hutsik","add-to-home-screen":"Gehitu hasierako pantailara","crash-dialog2-os":"{{brandShortName}} hutsegite batetik berreskuratu berri da","crash-dialog-app":"{{name}} aplikazioak huts egin du","crash-dialog-message":"Nahi duzu hutsegiteari buruzko txostena Mozillara bidaltzea arazoa konpontzen laguntzeko? (Txostenak Wi-Fi bidez soilik bidaltzen dira)","crash-info-link":"Zer dago hutsegite-txosten batean?","crash-always-report":"Bidali beti txostena Mozillara hutsegite bat gertatzen denean.","crash-dont-send":"Ez bidali","crash-end":"Bidali txostena","crashReports":"Hutsegite-txostenak","done":"Eginda","crash-reports-description-1":"Hutsegite-txosten batek hutsegiteari eta zure gailuari buruzko xehetasunak ditu; horrez gain, gailuak huts egin zuen momentuko egoeraren argazkia ere badu.","crash-reports-description-2":"Irekitako orri eta aplikazioak, inprimakietan idatzitako testua eta bestelako edukia izan lezake honek (irekitako aplikazio batek erabilitako mezuak, azken nabigazio-historia edo geolokalizazioa).","crash-reports-description-3-start":"Arazoak konpondu eta gure produktuak hobetzeko erabiltzen ditugu hutsegite-txostenak. Zure informazioa gure ","crash-reports-description-3-privacy":"pribatutasun-politika","crash-reports-description-3-end":"n zehaztu bezala erabiltzen dugu.","crash-banner-os2":"{{brandShortName}}(e)k huts egin du.","crash-banner-app":"{{name}} aplikazioak huts egin du.","crash-banner-report":"Txostena","bluetooth-sending-progress":"Bluetooth-transferentzia bidaltzen..","bluetooth-receiving-progress":"Bluetooth-transferentzia jasotzen..","acceptFileTransfer":"Onartu Bluetooth fitxategi-transferentzia?","wantToReceiveFile":"{{deviceName}} gailuak {{fileName}} transferitu nahi du ({{fileSize}}).","transfer-confirmation-title":"{{deviceName}}","transfer-confirmation-description":"Berrikusi transferentzia-eskaera.","byteUnit-B":"B","byteUnit-KB":"KB","byteUnit-MB":"MB","byteUnit-GB":"GB","byteUnit-TB":"TB","byteUnit-PB":"PB","byteUnit-EB":"EB","byteUnit-ZB":"ZB","byteUnit-YB":"YB","fileSize":"{{size}} {{unit}}","deny":"Ukatu","transfer":"Transferitu","cancelFileTransfer":"Utzi Bluetooth fitxategi-transferentzia?","continueFileTransfer":"Continue","transfer-has-started-title":"Transferentzia hasi da","transfer-has-started-description":"Begiratu aurrerapena jakinarazpen-zentroan","transferFinished-sentSuccessful-title":"Fitxategia bidalita","transferFinished-receivedSuccessful-title":"Fitxategia jasota","transferFinished-sentFailed-title":"Ezin da fitxategia bidali","transferFinished-receivedFailed-title":"Ezin da fitxategia jaso","transferReport-title":"Transferentziaren txostena:","transferReport-description":"{{numSuccessful}} fitxategi ondo, {{numUnsuccessful}} fitxategi gaizki","unknown-file":"Izenburu ezezaguna","unknown-device":"Gailu ezezaguna","cannotOpenFile":"Ezin da jasotako fitxategia ireki","unknownMediaTypeToOpen":"Ezin da multimedia mota ezezaguna ireki:","cannotReceiveFile":"Ezin da fitxategia jaso","cannotGetStorageState":"Ezin da gailuaren biltegiratze-egoera eskuratu.","sdcard-not-exist2":"Ez da memoria-txartelik aurkitu. Sartu memoria-txartela mesedez.","sdcard-in-use":"Ezin da Bluetootha erabili telefonoa entxufatuta dagoen bitartean. Desentxufatu telefonoa fitxategia(k) jasotzeko.","sdcard-no-space2":"Ezin da transferentzia burutu: memoria-txartela beteta dago.","unknown-error":"Errore ezezaguna","confirm":"Berretsi","microphone-is-on":"Mikrofonoa piztuta dago","camera-is-on":"Kamera piztuta dago","media-is-on":"Kamera eta mikrofonoa piztuta daude","noSimCard":"SIM txartelik ez","simPin":"SIM PINa","pukCode":"PUK kodea","nckCode":"NCK kodea","cckCode":"CCK kodea","spckCode":"SPCK kodea","nck1code":"NCK1 code","nck2code":"NCK2 code","hnckcode":"HNCK code","rcckcode":"RCCK code","rspckcode":"RSPCK code","whatIsSimPin":"Zer da SIM PINa?","simPinIntro1":"SIM txarteleko datu-sare mugikorretarako sarbidea eragozten du SIM PINak. Gaituta dagoenean, SIM txartela duen edozein gailuk PINa eskatuko du berrabiaraztean.","simPinIntro2":"SIM PINa ez da gailua desblokeatzeko erabilitako pasakodearen berdina.","changeSimPin":"Aldatu PINa","pinTitle":"Sartu SIM PINa","multiSIMpinTitle":"Sartu {{n}}. SIMaren PINa","pukTitle":"Sartu PUK kodea","nckTitle":"Sartu NCK kodea","cckTitle":"Sartu CCK kodea","spckTitle":"Sartu SPCK kodea","nck1Title":"Enter NCK1 code","nck2Title":"Enter NCK2 code","hnckTitle":"Enter HNCK code","rcckTitle":"Enter RCCK code","rspckTitle":"Enter RSPCK code","newpinTitle":"PIN berria","inputCodeRetriesLeft":{"_index":["plural","n"],"_":{"one":"Azken aukera.","two":"{{n}} aukera falta dira.","few":"{{n}} aukera falta dira.","many":"{{n}} aukera falta dira.","other":"{{n}} aukera falta dira."}},"pinErrorMsg":"PINa okerra da.","pinAttemptMsg2":{"_index":["plural","n"],"_":{"one":"Azken aukera daukazu kode zuzena sartzeko SIM txartela blokeatu aurretik.","two":"{{n}} aukera dauzkazu kode zuzena sartzeko SIM txartela blokeatu aurretik.","few":"{{n}} aukera dauzkazu kode zuzena sartzeko SIM txartela blokeatu aurretik.","many":"{{n}} aukera dauzkazu kode zuzena sartzeko SIM txartela blokeatu aurretik.","other":"{{n}} aukera dauzkazu kode zuzena sartzeko SIM txartela blokeatu aurretik."}},"pinLastChanceMsg":"Hau da PIN zuzena sartzeko daukazun azken aukera. Bestela, PUK kodea sartu beharko duzu SIM txartel hau erabiltzeko.","simCardLockedMsg":"SIM txartela blokeatuta dago.","enterPukMsg":"SIM txartelaren PUK kodea (Personal Unlocking Key) sartu behar duzu. Jo ezazu SIM txartelaren dokumentaziora edo jar zaitez harremanetan telefono-konpainiarekin informazio gehiagorako.","pukErrorMsg":"PUK kodea okerra da.","pukAttemptMsg2":{"_index":["plural","n"],"_":{"one":"Aukera bat daukazu kode zuzena sartzeko SIM txartela betirako erabilgaitz geratu aurretik. Jo ezazu SIM txartelaren dokumentaziora edo jar zaitez harremanetan telefono-konpainiarekin informazio gehiagorako.","two":"{{n}} aukera dauzkazu kode zuzena sartzeko SIM txartela betirako erabilgaitz geratu aurretik. Jo ezazu SIM txartelaren dokumentaziora edo jar zaitez harremanetan telefono-konpainiarekin informazio gehiagorako.","few":"{{n}} aukera dauzkazu kode zuzena sartzeko SIM txartela betirako erabilgaitz geratu aurretik. Jo ezazu SIM txartelaren dokumentaziora edo jar zaitez harremanetan telefono-konpainiarekin informazio gehiagorako.","many":"{{n}} aukera dauzkazu kode zuzena sartzeko SIM txartela betirako erabilgaitz geratu aurretik. Jo ezazu SIM txartelaren dokumentaziora edo jar zaitez harremanetan telefono-konpainiarekin informazio gehiagorako.","other":"{{n}} aukera dauzkazu kode zuzena sartzeko SIM txartela betirako erabilgaitz geratu aurretik. Jo ezazu SIM txartelaren dokumentaziora edo jar zaitez harremanetan telefono-konpainiarekin informazio gehiagorako."}},"pukLastChanceMsg":"Azken aukera daukazu PUK kode zuzena sartzeko. SIM txartela betirako erabilgaitz geratuko da PUK kode okerra sartuz gero. Jo ezazu SIM txartelaren dokumentaziora edo jar zaitez harremanetan telefono-konpainiarekin informazio gehiagorako.","newSimPinMsg":"Sortu PINa (4 eta 8 digitu artean izan behar ditu)","confirmNewSimPinMsg":"Berretsi PIN berria","newPinErrorMsg":"PINak ez datoz bat.","nckErrorMsg":"NCK kodea okerra da.","nckAttemptMsg2":{"_index":["plural","n"],"_":{"one":"Sarearen despertsonalizazio-eskaeraren hutsegitea. Azken aukera daukazu kode zuzena sartzeko. Jo ezazu zure gailuaren dokumentaziora edo jar zaitez harremanetan telefono-konpainiarekin informazio gehiagorako.","two":"Sarearen despertsonalizazio-eskaeraren hutsegitea. {{n}} aukera dauzkazu kode zuzena sartzeko. Jo ezazu zure gailuaren dokumentaziora edo jar zaitez harremanetan telefono-konpainiarekin informazio gehiagorako.","few":"Sarearen despertsonalizazio-eskaeraren hutsegitea. {{n}} aukera dauzkazu kode zuzena sartzeko. Jo ezazu zure gailuaren dokumentaziora edo jar zaitez harremanetan telefono-konpainiarekin informazio gehiagorako.","many":"Sarearen despertsonalizazio-eskaeraren hutsegitea. {{n}} aukera dauzkazu kode zuzena sartzeko. Jo ezazu zure gailuaren dokumentaziora edo jar zaitez harremanetan telefono-konpainiarekin informazio gehiagorako.","other":"Sarearen despertsonalizazio-eskaeraren hutsegitea. {{n}} aukera dauzkazu kode zuzena sartzeko. Jo ezazu zure gailuaren dokumentaziora edo jar zaitez harremanetan telefono-konpainiarekin informazio gehiagorako."}},"nckLastChanceMsg":"Sarearen despertsonalizazio-eskaeraren hutsegitea. Azken aukera daukazu NCK kode zuzena sartzeko. Jo ezazu SIM txartelaren dokumentaziora edo jar zaitez harremanetan telefono-konpainiarekin informazio gehiagorako.","activity-pick":"Hautatu hauen artetik:","activity-view":"Ikusi honekin:","activity-test":"Probatu honekin:","activity-share":"Partekatu honekin:","activity-new":"Sortu honekin:","activity-open":"Ireki honekin:","activity-save-bookmark":"Egin laster-marka:","activity-record":"Grabatu hemendik:","activity-browse":"Arakatu honekin:","activity-configure":"Konfiguratu honekin:","activity-dial":"Markatu hemendik:","persona-signin":"Hasi saioa","payment-flow":"Erosi","remoteDebuggerMessage":"Urruneko arazketari bide emateko sarrerako eskaera detektatu da. Baimendu konexioa?","fullscreen-request":"{{origin}} pantaila osoan dago orain.","captive-wifi-available":"{{networkName}} sarea aurkitu da. Elkartu sarera?","ceWarningtitle":"Bolumenaren abisua","ceWarningcontent":"Entzumenari kalte egitea saihesteko, ez entzun denbora luzez bolumen-maila altuetan.","notification-powersaving-mode-on-title":"Energia aurrezteko modua","notification-powersaving-mode-on-description":"Energia aurrezteko modua piztuta dago.","low-device-storage":"Gailuaren leku librea baxu.\\n","free-space":{"_index":["plural","value"],"_":{"zero":"Ez dago leku librerik.","one":"{{value}} {{unit}} baino gutxiago geratzen da.","two":"{{value}} {{unit}} baino gutxiago geratzen da.","few":"{{value}} {{unit}} baino gutxiago geratzen da.","many":"{{value}} {{unit}} baino gutxiago geratzen da.","other":"{{value}} {{unit}} baino gutxiago geratzen da."}},"unknown-free-space":"Leku libre ezezaguna.","system-alert":"Sistemaren abisua","cb-channel":"{{channel}} kanala","icc-message-title":"{{id}}. SIMaren operatzailearen mezua","icc-confirmCall-defaultmessage":"Deitu {{number}}?","icc-alertMessage-defaultmessage":"Mezua bidaltzen","icc-confirmMessage-defaultmessage":"Bidali mezua?","icc-inputbox-title":"STK kontsulta {{id}}. SIMetik","emergency-callback-mode":"Larrialdietan atzera deitzeko modua","emergency-callback-message":"Ezin duzu deirik egin, mezurik bidali edo linean jarri larrialdietan atzera deitzeko modua gaituta dagoelako. Itzali egin nahi duzu?","cdma-record-info":"CDMA erregistroaren informazioa","ime-switching-title":"{{appName}}: {{name}}","ime-switching-tip":"Sakatu sarrera-metodoa aldatzeko","layout-selection":"Diseinuaren hautapena","shrinking-tip":"Pasatu hatza partekatzeko","download_started":"Deskarga hasita","download_stopped":"Deskarga geldituta","download_downloading":"Deskargatzen…","download_succeeded":"Deskarga burututa","download_failed":"Deskargak huts egin du","download_text_by_default":"{{name}}","download_downloading_text_2":"%{{percentage}} - {{name}}","search-or-enter-address":{"_":"Search or enter address","placeholder":"Search or enter address"},"noSIMCardInHotspot":"SIM txartela ez dago edo gaizki sartuta dago, beraz itzali wifigunea","brandShortName":"B2G SEa","browserBrandShortName":"Web nabigatzailea","browserBrandFullName":"Mozilla web nabigatzailea","weekday-0-long":"igandea","weekday-1-long":"astelehena","weekday-2-long":"asteartea","weekday-3-long":"asteazkena","weekday-4-long":"osteguna","weekday-5-long":"ostirala","weekday-6-long":"larunbata","weekday-0-short":"ig.","weekday-1-short":"al.","weekday-2-short":"ar.","weekday-3-short":"az.","weekday-4-short":"og.","weekday-5-short":"or.","weekday-6-short":"lr.","month-0-long":"urtarrila","month-1-long":"otsaila","month-2-long":"martxoa","month-3-long":"apirila","month-4-long":"maiatza","month-5-long":"ekaina","month-6-long":"uztaila","month-7-long":"abuztua","month-8-long":"iraila","month-9-long":"urria","month-10-long":"azaroa","month-11-long":"abendua","month-0-genitive":"urtarrila","month-1-genitive":"otsaila","month-2-genitive":"martxoa","month-3-genitive":"apirila","month-4-genitive":"maiatza","month-5-genitive":"ekaina","month-6-genitive":"uztaila","month-7-genitive":"abuztua","month-8-genitive":"iraila","month-9-genitive":"urria","month-10-genitive":"azaroa","month-11-genitive":"abendua","month-0-short":"urt","month-1-short":"ots","month-2-short":"mar","month-3-short":"api","month-4-short":"mai","month-5-short":"eka","month-6-short":"uzt","month-7-short":"abu","month-8-short":"ira","month-9-short":"urr","month-10-short":"aza","month-11-short":"abe","minutes-ago-long":{"_index":["plural","value"],"_":{"zero":"oraintxe bertan","one":"duela minutu bat","two":"duela {{value}} minutu","few":"duela {{value}} minutu","many":"duela {{value}} minutu","other":"duela {{value}} minutu"}},"hours-ago-long":{"_index":["plural","value"],"_":{"zero":"oraintxe bertan","one":"duela ordubete","two":"duela {{value}} ordu","few":"duela {{value}} ordu","many":"duela {{value}} ordu","other":"duela {{value}} ordu"}},"days-ago-long":{"_index":["plural","value"],"_":{"zero":"gaur","one":"atzo","two":"herenegun","few":"duela {{value}} egun","many":"duela {{value}} egun","other":"duela {{value}} egun"}},"weeks-ago-long":{"_index":["plural","value"],"_":{"zero":"aste honetan","one":"azken astean","two":"duela {{value}} aste","few":"duela {{value}} aste","many":"duela {{value}} aste","other":"duela {{value}} aste"}},"months-ago-long":{"_index":["plural","value"],"_":{"zero":"hilabete honetan","one":"azken hilabetean","two":"duela {{value}} hilabete","few":"duela {{value}} hilabete","many":"duela {{value}} hilabete","other":"duela {{value}} hilabete"}},"years-ago-long":{"_index":["plural","value"],"_":{"zero":"aurten","one":"iaz","two":"duela {{value}} urte","few":"duela {{value}} urte","many":"duela {{value}} urte","other":"duela {{value}} urte"}},"minutes-until-long":{"_index":["plural","value"],"_":{"zero":"orain","one":"minutu barru","two":"{{value}} minutu barru","few":"{{value}} minutu barru","many":"{{value}} minutu barru","other":"{{value}} minutu barru"}},"hours-until-long":{"_index":["plural","value"],"_":{"zero":"orain","one":"ordubete barru","two":"{{value}} ordu barru","few":"{{value}} ordu barru","many":"{{value}} ordu barru","other":"{{value}} ordu barru"}},"days-until-long":{"_index":["plural","value"],"_":{"zero":"gaur","one":"bihar","two":"etzi","few":"{{value}} egun barru","many":"{{value}} egun barru","other":"{{value}} egun barru"}},"weeks-until-long":{"_index":["plural","value"],"_":{"zero":"aste honetan","one":"hurrengo astean","two":"{{value}} aste barru","few":"{{value}} aste barru","many":"{{value}} aste barru","other":"{{value}} aste barru"}},"months-until-long":{"_index":["plural","value"],"_":{"zero":"hil honetan","one":"hurrengo hilean","two":"{{value}} hilabete barru","few":"{{value}} hilabete barru","many":"{{value}} hilabete barru","other":"{{value}} hilabete barru"}},"years-until-long":{"_index":["plural","value"],"_":{"zero":"aurten","one":"hurrengo urtean","two":"{{value}} urte barru","few":"{{value}} urte barru","many":"{{value}} urte barru","other":"{{value}} urte barru"}},"minutes-ago-short":{"_index":["plural","value"],"_":{"zero":"oraintxe bertan","other":"duela {{value}}m"}},"hours-ago-short":{"_index":["plural","value"],"_":{"zero":"oraintxe bertan","other":"duela {{value}}h"}},"days-ago-short":{"_index":["plural","value"],"_":{"zero":"gaur","other":"duela {{value}}eg."}},"minutes-until-short":{"_index":["plural","value"],"_":{"zero":"orain","other":"{{value}}m barru"}},"hours-until-short":{"_index":["plural","value"],"_":{"zero":"orain","other":"{{value}}h barru"}},"days-until-short":{"_index":["plural","value"],"_":{"zero":"gaur","other":"{{value}}eg. barru"}},"incorrectDate":"(data okerra)","dateTimeFormat_%c":"%a, %Y.eko %Bren %ea %H:%M:%S","dateTimeFormat_%x":"%Y/%m/%d","dateTimeFormat_%X":"%H:%M:%S","shortTimeFormat":"%H:%M","shortDateTimeFormat":"%x %H:%M","weekStartsOnMonday":"1","time_am":"AM","time_pm":"PM","perm-contacts":"Kontaktuak","perm-contacts-appRequest":"{{app}} aplikazioak zure kontaktu-zerrendarako sarbidea nahi du.","perm-contacts-webRequest":"{{site}} guneak zure kontaktu-zerrendarako sarbidea nahi du.","perm-desktop-notification":"Jakinarazpenak","perm-desktop-notification-appRequest":"{{app}} aplikazioak jakinarazpenak bistaratu nahi ditu.","perm-desktop-notification-webRequest":"{{site}} guneak jakinarazpenak bistaratu nahi ditu.","perm-device-storage-music":"Musika-biltegiratzea","perm-device-storage-music-appRequest":"{{app}} aplikazioak zure musikarako sarbidea nahi du.","perm-device-storage-music-webRequest":"{{site}} guneak zure musikarako sarbidea nahi du.","perm-device-storage-pictures":"Irudi-biltegiratzea","perm-device-storage-pictures-appRequest":"{{app}} aplikazioak zure irudietarako sarbidea nahi du.","perm-device-storage-pictures-webRequest":"{{site}} guneak zure irudietarako sarbidea nahi du.","perm-device-storage-sdcard":"Memoria-txarteleko biltegiratzea","perm-device-storage-sdcard-appRequest":"{{app}} aplikazioak zure memoria-txartelerako sarbidea nahi du.","perm-device-storage-sdcard-webRequest":"{{site}} guneak zure memoria-txartelerako sarbidea nahi du.","perm-device-storage-videos":"Bideo-biltegiratzea","perm-device-storage-videos-appRequest":"{{app}} aplikazioak zure bideoetarako sarbidea nahi du.","perm-device-storage-videos-webRequest":"{{site}} guneak zure bideoetarako sarbidea nahi du.","perm-fmradio":"FM irratia","perm-fmradio-appRequest":"{{app}} aplikazioak FM irratia erabili nahi du.","perm-fmradio-webRequest":"{{site}} guneak FM irratia erabili nahi du.","perm-geolocation":"Geolokalizazioa","perm-geolocation-appRequest":"{{app}} aplikazioak zure kokapena jakin nahi du.","perm-geolocation-webRequest":"{{site}} guneak zure kokapena jakin nahi du.","perm-geolocation-more-info":"GPSaren, Wi-Fiaren eta zure inguruko sare mugikorren datuak erabiltzen ditu {{brandShortName}}(e)k zure gutxi gorabeherako kokapena zehazteko. Datuak Mozillara eta bestelako zerbitzu-hornitzaileetara bidaltzen dira eta bere osotasunean erabiliko dira kokapenen datu-base horiek hobetzeko. Datuak zure gailuan biltegira daitezke eta datuen bilketa aplikaziorik exekuzioan izan gabe ere gerta liteke.","perm-video-capture":"Kamera","perm-video-capture-appRequest":"Zure kamera partekatu nahi duzu {{app}} aplikazioarekin?","perm-video-capture-webRequest":"Zure kamera partekatu nahi duzu {{site}} webgunearekin?","perm-audio-capture":"Mikrofonoa","perm-audio-capture-appRequest":"Zure mikrofonoa partekatu nahi duzu {{app}} aplikazioarekin?","perm-audio-capture-webRequest":"Zure mikrofonoa partekatu nahi duzu {{site}} webgunearekin?","perm-media-capture":"Kamera eta mikrofonoa","perm-media-capture-appRequest":"Zure kamera eta mikrofonoa partekatu nahi dituzu {{app}} aplikazioarekin?","perm-media-capture-webRequest":"Zure kamera eta mikrofonoa partekatu nahi dituzu {{site}} webgunearekin?","stopped_download_title":"Deskarga geldituta","stopped_download_message":"Deskarga gelditu egin da. Saiatu berriro deskargatzen?","stopped_download_left_button":"Utzi","stopped_download_right_button":"Saiatu berriro","failed_download_title":"Deskargak huts egin du","failed_download_message":"{{name}} deskargak huts egin du. Saiatu berriro deskargatzen?","failed_download_left_button":"Utzi","failed_download_right_button":"Saiatu berriro","stop_download_title":"Gelditu deskarga","stop_download_message":"Ziur zaude deskarga utzi nahi dituzula?","stop_download_left_button":"Ez","stop_download_right_button":"Bai","delete_download_title":"Ezabatu","delete_download_message":"Ezabatu {{name}}?","delete_download_left_button":"Utzi","delete_download_right_button":"Ezabatu","delete_all_download_title":"Ezabatu","delete_all_download_left_button":"Utzi","delete_all_download_right_button":"Ezabatu","delete_all_download_message":{"_index":["plural","number"],"_":{"zero":"Ez ezabatu fitxategirik?","one":"Ezabatu fitxategi bat?","two":"Ezabatu {{number}} fitxategi?","few":"Ezabatu {{number}} fitxategi?","many":"Ezabatu {{number}} fitxategi?","other":"Ezabatu {{number}} fitxategi?"}},"unsupported_file_type_download_title":"Ezin da ireki","unsupported_file_type_download_message":"Ez dago {{name}} ireki dezakeen aplikaziorik. Fitxategia gorde ala ezabatu egin nahi duzu?","unsupported_file_type_download_left_button":"Mantendu fitxategia","unsupported_file_type_download_right_button":"Ezabatu","file_not_found_download_title":"Ez da fitxategia aurkitu","file_not_found_download_message":"Ez da fitxategia aurkitu gailuan","file_not_found_download_right_button":"Ados","unmounted_sdcard_2_download_title":"Memoria-txartela erabiltzen ari da","unmounted_sdcard_2_download_message":"Desentxufatu telefonoa","unmounted_sdcard_2_download_right_button":"Ados","no_provider_download_title":"Ezin da partekatu","no_provider_download_message":"Ez da hornitzailerik aurkitu","no_provider_download_right_button":"Ados","no_memory_download_title":"SD txartela beteta dago","no_memory_download_message":"Ez dago toki libre gehiago zure SD txartelean deskarga gordetzeko. Kendu fitxategi batzuk deskarga berrekin aurretik.","no_memory_download_right_button":"Ados","no_sdcard_found_2_download_title":"Ez da memoria-txartelik aurkitu","no_sdcard_found_2_download_message":"Sartu memoria-txartela edo hautatu bestelako multimedia-kokaleku lehenetsia ezarpenetan","no_sdcard_found_2_download_right_button":"Ados","file_open_error_download_title":"Ezin da ireki","file_open_error_download_message":"Arazo bat dago {{name}} irekitzen. Fitxategia gorde ala ezabatu egin nahi duzu?","file_open_error_download_left_button":"Mantendu fitxategia","file_open_error_download_right_button":"Ezabatu","restart_download_error":"Errorea gertatu da deskarga berriro hastean. Saiatu berriro deskargatzen.","no-downloads":"Deskargarik ez","percentage":"% {{percentage}}","partialResult":"{{total}} / {{partial}}","summary":"{{date}} - {{status}}","download-stopped":"Geldituta","download-failed":"Deskargak huts egin du","open_downloaded_file":"Irekia","share_downloaded_file":"Partekatu","wallpaper_downloaded_file":"Ezarri horma-paper gisa","ringtone_downloaded_file":"Ezarri txirrin-tonu gisa","cancel_downloaded_file":"Utzi","voicemailNoNumberTitle":"Voicemail number is unavailable","voicemailNoNumberText":"Unable to call the voicemail. Set up the voicemail number to place the call.","voicemailNoNumberSettings":"Settings","voicemailNoNumberCancel":"Cancel","firefox-accounts-title":"Firefox Accounts","fxa-next":"Next","fxa-back":"Back","fxa-done":"Done","fxa-ok":"OK","fxa-account-does-not-exist-title":"Account does not exist","fxa-account-does-not-exist-message":"Account does not exist","fxa-cannot-create-account":"Unable to create account","fxa-cannot-create-password":"Unable to reset your Firefox Accounts password right now.","fxa-already-signed-in-title":"User is already signed in","fxa-already-signed-in-message":"There is an user is already signed in Firefox.","fxa-invalid-password-title":"Invalid password","fxa-invalid-password-message":"You have used an invalid password. Please try again with a valid one.","fxa-invalid-email-title":"Invalid email address","fxa-invalid-email-message":"You have used an invalid email address. Please try again with a valid one.","fxa-connection-error-title":"Unable to connect","fxa-connection-error-message":"Unable to connect to Firefox right now. You can sign in or create an account from your phone's settings or try it again.","fxa-reset-password-error-title":"Unable to reset password","fxa-reset-password-error-message":"Your password was not reset. Please try again.","fxa-reset-password-in-settings-title":"Reset Password","fxa-reset-password-in-settings-message":"You can reset your password from your phone's settings.","fxa-generic-error-title":"Unable to connect to Firefox","fxa-generic-error-message":"Unable to connect to Firefox Accounts right now. Try your phone's settings or check your connection to Internet.","fxa-coppa-failure-error-title":"Cannot Create Account","fxa-coppa-failure-error-message":"You must meet certain age requirements to create a Firefox Accounts. <a href='http://www.ftc.gov/news-events/media-resources/protecting-consumer-privacy/kids-privacy-coppa'>Learn more</a>","fxa-coppa-ftu-error-message":"You must meet certain age requirements to create a Firefox Accounts. Try again later from Settings.","fxa-offline-error-title":"Unable to connect to Firefox","fxa-offline-error-message":"Unable to connect to Firefox Accounts right now. Check your phone' settings and your Internet connection.","fxa-unknown-error-title":"Unknown error","fxa-unknown-error-message":"Unknown error","fxa-connecting-to-firefox":"Connecting to Firefox Accounts","fxa-email-input":{"placeholder":"Email"},"fxa-use-email-to-sign-in":"Use your email address to create an account or sign in.","fxa-agree-to-tos-pp":"By proceeding, you agree to our <a href=\"#fxa-tos\">Terms of Service</a> and <a href=\"#fxa-pp\">Privacy Policy</a>","fxa-set-password-title":"Enter your new password","fxa-enter-password-title":"Enter your password","fxa-hello-user":"Hello, <a id=\"fxa-user-email\">hola@email.com</a>","fxa-password-refresh":"Please enter your Firefox Account password for <a id=\"fxa-user-email\">hola@email.com</a> to continue.","fxa-password":{"placeholder":"Password"},"fxa-forgot-password":"I forgot my password","fxa-show-password":"Show password","fxa-authenticating":"Authenticating","fxa-registering":"Registering","fxa-success":"Success!","fxa-ready-to-go":"Your Firefox Account is ready to go! ","fxa-use-services":"Now you can use <span id=\"fxa-summary-email\">email</span> to access services like Marketplace and Where’s My Fox.","fxa-manage-account-settings":"In the future, you can access and manage your account from your phone's settings.","fxa-confirm-account":"Confirm Your Account","fxa-sending-email-to":"We have sent you an email to: <strong id=\"fxa-summary-email\">email</strong>","fxa-tos-header":"Terms of Service","fxa-tos1":"Lorem ipsum dolor sit amet, consectetur adipisicing elit, sed do eiusmod tempor incididunt ut labore et dolore magna aliqua. Ut enim ad minim veniam, quis nostrud exercitation ullamco laboris nisi ut aliquip ex ea commodo consequat. Duis aute irure dolor in reprehenderit in voluptate velit esse cillum dolore eu fugiat nulla pariatur. ","fxa-tos2":"Excepteur sint occaecat qui of fi cia deserunt mollit anim id est laborum.  Lorem ipsum dolor sit amet, consectetur adipisicing elit, sed do eiusmod tempor incididunt ut labore et dolore magna aliqua. Ut enim ad minim veniam,quis nostrud exercitation ullamco laboris nisi ut aliquip ex ea commodo consequat. Duis aute irure dolor in.","fxa-pp-header":"Privacy Policy","fxa-pp1":"Lorem ipsum dolor sit amet, consectetur adipisicing elit, sed do eiusmod tempor incididunt ut labore et dolore magna aliqua. Ut enim ad minim veniam, quis nostrud exercitation ullamco laboris nisi ut aliquip ex ea commodo consequat. Duis aute irure dolor in reprehenderit in voluptate velit esse cillum dolore eu fugiat nulla pariatur. ","fxa-pp2":"Excepteur sint occaecat qui of fi cia deserunt mollit anim id est laborum.  Lorem ipsum dolor sit amet, consectetur adipisicing elit, sed do eiusmod tempor incididunt ut labore et dolore magna aliqua. Ut enim ad minim veniam,quis nostrud exercitation ullamco laboris nisi ut aliquip ex ea commodo consequat. Duis aute irure dolor in.","fxa-age-verification":"Age Verification","fxa-age-1990-earlier":"1990 or earlier","fxa-year-of-birth":"Year of Birth"}