{"ok":"Aceptar","back":"Atrás","help":"Axuda","cancel":"Cancelar","close":"Pechar","skip":"Saltar","airplaneMode":"Modo avión","searching":"Buscando…","noNetwork":"Sen rede","roaming":"{{operator}} (Itinerancia)","emergencyCallsOnly":"Só chamadas de emerxencia","emergencyCallsOnly-unknownSIMState":"(estado da SIM descoñecido)","emergencyCallsOnly-noSIM":"(sen SIM)","emergencyCallsOnly-pinRequired":"(requírese o PIN da SIM)","emergencyCallsOnly-pukRequired":"(requírese o PUK da SIM)","emergencyCallsOnly-networkLocked":"(bloqueo da rede)","emergencyCallsOnly-serviceProviderLocked":"(bloqueo da operadora))","emergencyCallsOnly-corporateLocked":"(bloqueo da empresa)","emergencyCallsOnly-network1Locked":"(network1 locked)","emergencyCallsOnly-network2Locked":"(network2 locked)","emergencyCallsOnly-hrpdNetworkLocked":"(hrpd network locked)","emergencyCallsOnly-ruimCorporateLocked":"(ruim corporate locked)","emergencyCallsOnly-ruimServiceProviderLocked":"(ruim service provider locked)","enterPIN":"Escriba o PIN","statusbarLabel":"{{date}}, {{operator}}","statusbarDateFormat":"%e de %b","notifications":"Notificacións","clear-all":"Limpar todo","newVoicemails":{"_index":["plural","n"],"_":{"zero":"Non hai mensaxes de voz","one":"Unha nova mensaxe de voz","two":"{{n}} novas mensaxes de voz","few":"{{n}} novas mensaxes de voz","many":"{{n}} novas mensaxes de voz","other":"{{n}} novas mensaxes de voz"}},"newVoicemailsUnknown":"Nova mensaxe de voz","dialNumber":"Marcar {{number}}","voicemailNotificationMultiSim":"(SIM {{n}}) {{title}}","confirmNFCConnectMsg1":"Are you sure you want to connect to the device?","confirmNFCConnectMsg2":"Turn on Bluetooth and connect to the device?","confirmNFCConnectMsg3":"Are you sure you want to connect to {{n}}?","confirmNFCConnectMsg4":"Turn on Bluetooth and connect to {{n}}?","deviceMenu":"Teléfono","airplane":"Activar o modo avión","airplaneOff":"Desactivar o modo avión","silent":"Modo silencioso","normal":"Modo normal","restart":"Reiniciar","power":"Apagar","asyncpanzoom":"Desactivar APZ para os aplicativos","asyncpanzoomOff":"Activar APZ para os aplicativos","enableScreenReaderSteps":"Para activar o lector de pantalla, prema os botóns de volume + e logo volume - tres veces máis","disableScreenReaderSteps":"Para desactivar o lector de pantalla, prema os botóns de volume + e logo volume - tres veces máis","no-recent-apps":"Ningún aplicativo recente","yes":"Si","no":"Non","dontallow":"Don’t allow","allow":"Permitir","dontshare-geolocation":"Non compartir","share-geolocation":"Compartir","dontshare-audio-capture":"Non compartir","share-audio-capture":"Compartir","dontshare-video-capture":"Non compartir","share-video-capture":"Compartir","dontshare-media-capture":"Non compartir","share-media-capture":"Compartir","device-front":"Cámara frontal","device-back":"Cámara posterior","remember-my-choice":"Lembrar a miña escolla","more-info":"Máis información…","hide-info":"Hide info","install-app":"Quere instalar {{name}}?","size":"Tamaño","author":"Autor","size-unknown":"Descoñecido","author-unknown":"Descoñecido","install":"Instalar","bytes":"bytes","kB":"KB","MB":"MB","GB":"GB","TB":"TB","PB":"PB","app-install-generic-error":"Detívose a descarga de {{ appName }}","app-install-download-failed":"Fallou a descarga de {{ appName }}","app-install-install-failed":"Fallou a instalación de {{ appName }}","cancelling-will-not-refund":"A cancelación non devolverá o importe da compra. As devolucións para o contido de pago son fornecidas polo vendedor orixinal.","apps-can-be-installed-later":"É posíbel instalar os aplicativos máis tarde desde a fonte orixinal da instalación.","are-you-sure-you-want-to-cancel":"Confirma que quere cancelar esta instalación?","cancel-install":"Cancelar instalación","cancel-install-button":"Cancel Install","resume":"Retomar","continue":"Continuar","stopDownloading":"Deter a descarga de {{ app }}?","app-download-can-be-restarted":"A descarga pode reiniciarse máis tarde.","app-download-stop-button":"Deter a descarga","not-enough-space":"Non hai suficiente espazo","not-enough-space-message":"Non hai suficiente espazo para instalar este aplicativo. Libere espazo eliminando aplicacións antigas ou ficheiros multimedia, e tente instalalo de novo desde a fonte orixinal.","app-install-success":"Instalouse {{ appName }}","setup":"Configurar","ime-addkeyboards":"Engadir teclados","later":"Despois","download":"Descargar","wantToDownload":"Descargar a actualización agora?","wantToInstall":"Instalar a actualización agora?","installNow":"Instalar agora","notNow":"Agora non","downloadingUpdateMessage":{"innerHTML":"Descargando actualizacións… <span>{{ progress }} descargados.</span>"},"downloadingAppMessage":"Descargando {{ appName }}","downloadingAppProgressNoMax":"{{ progress }} descargados","downloadingAppProgressIndeterminate":"Descargando","downloadingAppProgress":"{{ progress }} / {{ max }} descargados","cancelAllDownloads":"Cancelar todas as descargas","wantToCancelAll":"Confirma que quere cancelar todas as descargas?","downloadError":"Produciuse un erro ao descargar as actualizacións.","updateAvailableInfo":{"innerHTML":{"_index":["plural","n"],"_":{"one":"{{ n }} actualización dispoñíbel. <span>Toque para máis información.</span>","two":"{{ n }} actualizacións dispoñíbeis. <span>Toque para máis información.</span>","few":"{{ n }} actualizacións dispoñíbeis. <span>Toque para máis información.</span>","many":"{{ n }} actualizacións dispoñíbeis. <span>Toque para máis información.</span>","other":"{{ n }} actualizacións dispoñíbeis. <span>Toque para máis información.</span>"}}},"numberOfUpdates":{"_index":["plural","n"],"_":{"one":"{{ n }} actualización dispoñíbel","two":"{{ n }} actualizacións dispoñíbeis","few":"{{ n }} actualizacións dispoñíbeis","many":"{{ n }} actualizacións dispoñíbeis","other":"{{ n }} actualizacións dispoñíbeis"}},"systemUpdate":"Actualización do sistema","systemUpdateReady":"Actualización do sistema lista","required":"Requirida","uncompressingMessage":{"innerHTML":"Descomprimindo… <span>Isto pode levarlle uns poucos minutos.</span>"},"downloadNoWifiWarning":"Conexión Wi-Fi non dispoñíbel. A actualización desde a conexión actual pode supor cargos adicionais.","downloadOfflineWarning":"Conexión non dispoñíbel. Conéctese a unha rede para descargar actualizacións.","downloadDataConnectionWarning":"As actualizacións descárganse po la conexión de datos cando non hai unha conexión Wi-Fi dispoñíbel. Pode supor cargos adicionais.","downloadUpdatesViaDataConnection":"Descargar as actualizacións a través da conexión Wi-Fi?","downloadUpdatesViaDataConnectionMessage":"As actualizacións descárganse po la conexión de datos cando non hai unha conexión Wi-Fi dispoñíbel. Ao usar a conexión de datos, as chamadas do teléfono poden ser bloqueadas e tamén pode supor cargos adicionais.","screenshotSaved":"Gardouse a captura","screenshotFailed":"Non foi posíbel gardar a captura","screenshotNoSDCard":"Non se atopou a tarxeta de memoria","screenshotSDCardInUse":"A tarxeta de memoria está en uso","screenshotSDCardLow":"Non hai suficiente espazo na tarxeta de memoria","emergency-call-button":"Chamada de emerxencia","emergency-call":"Chamada de emerxencia","unlock-a11y-button":{"ariaLabel":"Desbloquear"},"camera-a11y-button":{"ariaLabel":"Cámara"},"longDateFormat":"%A, %e de %B","softwareHomeButton":{"ariaLabel":"Casa"},"login":"Identificarse","username":"Nome de usuario","password":"Contrasinal","http-authentication-message":"{{host}} require un nome de usuario e contrasinal. O sitio di: “{{realm}}”","error-message":"{{name}} non se carga correctamente","error-title":"{{name}} está tendo problemas","airplane-is-on":"O modo avión está activo","airplane-is-turned-on":"{{name}} require unha conexión de rede. Desactive  o modo avión desde os Axustes e conéctese a unha rede de datos ou Wi-Fi.","server-not-found":"Non se atopou o servidor","server-not-found-error":"Non é posíbel atopar o servidor en {{name}}.","file-not-found":"File not found","file-not-found-error":"The device can’t display this page because the file cannot be found.","connection-failed":"Unable to connect","connection-failed-error":"A network error occurred while trying to reach the site.","invalid-connection":"Unable to connect","invalid-connection-error":"A network error occurred while trying to reach the site.","malformed-uri":"URL not valid","malformed-uri-error":"The URL entered is not valid and cannot be loaded.","redirect-loop":"Can’t display page","redirect-loop-error":"The device can’t display this page because the page is not redirecting properly. Try this page again at a later time.","not-cached":"Page expired","not-cached-error":"As a security precaution, this page cannot be displayed by the device because it has expired.","is-printing-error":"The document cannot change while Printing or in Print Preview.","denied-port-access":"This address is restricted","denied-port-access-error":"This address uses a network port which is normally used for purposes other than Web browsing. The device has cancelled the request for your protection.","proxy-resolve-failure":"Proxy Server Error","proxy-resolve-failure-error":"The device is configured to use a proxy server that can’t be found.","proxy-connect-failure":"Proxy Server Error","proxy-connect-failure-error":"The device is configured to use a proxy server that is refusing connections.","content-encoding":"Can’t display page","content-encoding-error":"The device can’t display this page because a content encoding error occurred.","remote-xul":"Page unsupported","remote-xul-error":"This page can’t be displayed because it uses a technology that is not supported on the device.","phishing-blocked":"Warning","phishing-blocked-error":"The website has been reported as a web forgery designed to trick users into sharing personal or financial information.","malware-blocked":"Malware attack blocked","malware-blocked-error":"The site at has been reported as an attack site and has been blocked.","unsafe-content-type":"Unsafe content","unsafe-content-type-error":"The page cannot be shown because it may not be safe to open.","corrupted-content":"Can’t display page","corrupted-content-error":"The page cannot be shown because an error in the data transmission was detected.","network-connection-unavailable":"Conexión de rede non dispoñíbel","network-error":"{{name}} require unha conexión de rede. Tente conectarse a unha rede de datos ou Wi-Fi.","network-error-launching":"{{name}} requires an Internet connection.","network-error-in-app":"No access to the Internet right now.","unable-to-connect":"Imposíbel conectar","try-again":"Tentar de novo","check-settings":"Check settings","tap-to-check-settings":"Tap to check settings","select-time":"Seleccionar hora","choose-option":"Seleccionar","choose-options":"Seleccionar","select-day":"Seleccionar día","battery-almost-empty":"Batería case esgotada","add-to-home-screen":"Engadir á pantalla inicial","crash-dialog2-os":"{{brandShortName}} recuperouse dunha quebra","crash-dialog-app":"{{name}} acaba de quebrar","crash-dialog-message":"Desexa enviar a Mozilla un informe sobre a quebra para axudarnos a arranxar este problema? (Os informes só se envían por Wi-Fi).","crash-info-link":"Que contén un informe de erro?","crash-always-report":"Enviar sempre un informe a Mozilla cando se produza unha quebra.","crash-dont-send":"Non enviar","crash-end":"Enviar informe","crashReports":"Informes de erro","done":"Feito","crash-reports-description-1":"Un informe de erro contén algúns detalles sobre a quebra e o seu dispositivo, así como unha instantánea do estado do dispositivo cando quebrou.","crash-reports-description-2":"Este pode incluír cousas como as páxinas e os aplicativos abertos, o texto escrito nos formularios e o contido das mensaxes abertas, o historial de navegación recente, ou a xeolocalización usada por un aplicativo aberto.","crash-reports-description-3-start":"Usamos os informes de erro para arranxar problemas e mellorar os nosos produtos. Xestionamos a súa información como se describe na nosa ","crash-reports-description-3-privacy":"política de privacidade","crash-reports-description-3-end":".","crash-banner-os2":"{{brandShortName}} acaba de quebrar.","crash-banner-app":"{{name}} acaba de quebrar.","crash-banner-report":"Informe","bluetooth-sending-progress":"Enviando transferencia Bluetooth…","bluetooth-receiving-progress":"Recibindo transferencia Bluetooth…","acceptFileTransfer":"Aceptar a transferencia por Bluetooth?","wantToReceiveFile":"{{deviceName}} desexa transferir {{fileName}} ({{fileSize}}).","transfer-confirmation-title":"{{deviceName}}","transfer-confirmation-description":"Revise a solicitude de transferencia.","byteUnit-B":"M","byteUnit-KB":"KB","byteUnit-MB":"MB","byteUnit-GB":"GB","byteUnit-TB":"TB","byteUnit-PB":"PB","byteUnit-EB":"EB","byteUnit-ZB":"ZB","byteUnit-YB":"YB","fileSize":"{{size}} {{unit}}","deny":"Denegar","transfer":"Transferir","cancelFileTransfer":"Cancelar a transferencia por Bluetooth?","continueFileTransfer":"Continue","transfer-has-started-title":"Comezou a transferencia","transfer-has-started-description":"Comprobe o progreso no centro de notificacións","transferFinished-sentSuccessful-title":"Ficheiro enviado","transferFinished-receivedSuccessful-title":"Ficheiro recibido","transferFinished-sentFailed-title":"Non se enviou o ficheiro","transferFinished-receivedFailed-title":"Non se recibiu o ficheiro","transferReport-title":"Informe da transferencia:","transferReport-description":"{{numSuccessful}} ficheiros transferidos, {{numUnsuccessful}} ficheiros non transferidos","unknown-file":"Ficheiro descoñecido","unknown-device":"Dispositivo descoñecido","cannotOpenFile":"Imposíbel abrir o ficheiro recibido","unknownMediaTypeToOpen":"Imposíbel abrir o tipo multimedia descoñecido:","cannotReceiveFile":"Imposíbel recibir o ficheiro","cannotGetStorageState":"Non é posíbel obter o estado de memoria do dispositivo.","sdcard-not-exist2":"Non se atopou a tarxeta de memoria. Insira unha tarxeta.","sdcard-in-use":"Non é posíbel usar o Bluetooth mentres o teléfono está conectado. Desconecte o teléfono para recibir ficheiro(s).","sdcard-no-space2":"Non é posíbel completar a transferencia: a tarxeta de memoria está chea.","unknown-error":"Erro descoñecido","confirm":"Confirmar","microphone-is-on":"Micro activado","camera-is-on":"Cámara activada","media-is-on":"Cámara e micro activados","noSimCard":"Sen tarxeta SIM","simPin":"PIN da SIM","pukCode":"Código PUK","nckCode":"Código NCK","cckCode":"Código CCK","spckCode":"Código SPCK","nck1code":"NCK1 code","nck2code":"NCK2 code","hnckcode":"HNCK code","rcckcode":"RCCK code","rspckcode":"RSPCK code","whatIsSimPin":"Que é o código PIN da SIM?","simPinIntro1":"O código PIN da tarxeta SIM evita o acceso á rede da tarxeta SIM. Cando está activo, calquera dispositivo que conteña a tarxeta SIM solicitará o PIN cada vez que se reinicie.","simPinIntro2":"O PIN da tarxeta SIM non é o mesmo que o código de acceso que se usa para desbloquear o dispositivo.","changeSimPin":"Cambiar PIN","pinTitle":"Escriba o PIN da SIM","multiSIMpinTitle":"Escribir o PIN da SIM {{n}}","pukTitle":"Escriba o PUK","nckTitle":"Escribir código NCK","cckTitle":"Escribir código CCK","spckTitle":"Escribir código SPCK","nck1Title":"Enter NCK1 code","nck2Title":"Enter NCK2 code","hnckTitle":"Enter HNCK code","rcckTitle":"Enter RCCK code","rspckTitle":"Enter RSPCK code","newpinTitle":"Novo PIN","inputCodeRetriesLeft":{"_index":["plural","n"],"_":{"one":"Último intento.","two":"Quedan{{n}} intentos.","few":"Quedan{{n}} intentos.","many":"Quedan{{n}} intentos.","other":"Quedan{{n}} intentos."}},"pinErrorMsg":"O PIN é incorrecto.","pinAttemptMsg2":{"_index":["plural","n"],"_":{"one":"Só lle queda un intento para escribir o código correcto antes de bloquear a tarxeta SIM.","two":"Quédanlle {{n}} intentos para escribir o código correcto antes de bloquear a tarxeta SIM.","few":"Quédanlle {{n}} intentos para escribir o código correcto antes de bloquear a tarxeta SIM.","many":"Quédanlle {{n}} intentos para escribir o código correcto antes de bloquear a tarxeta SIM.","other":"Quédanlle {{n}} intentos para escribir o código correcto antes de bloquear a tarxeta SIM."}},"pinLastChanceMsg":"Esta é a súa última oportunidade para escribir o PIN correcto. Se non o fai, debe escribir o código PUK para usar esta tarxeta SIM.","simCardLockedMsg":"A tarxeta SIM está bloqueada.","enterPukMsg":"Debe escribir a chave de desbloqueo persoal (código PUK) da tarxeta SIM. Consulte a documentación da súa tarxeta SIM ou contacte coa súa operadora de telefonía para obter máis información.","pukErrorMsg":"O código PUK é incorrecto.","pukAttemptMsg2":{"_index":["plural","n"],"_":{"one":"Só lle queda un intento para escribir o código correcto antes de que esta tarxeta SIM quede inservíbel. Consulte a documentación da súa tarxeta SIM ou contacte coa súa operadora de telefonía para obter máis información.","two":"Quédanlle {{n}} intentos para escribir o código correcto antes de que esta tarxeta SIM quede inservíbel. Consulte a documentación da súa tarxeta SIM ou contacte coa súa operadora de telefonía para obter máis información.","few":"Quédanlle {{n}} intentos para escribir o código correcto antes de que esta tarxeta SIM quede inservíbel. Consulte a documentación da súa tarxeta SIM ou contacte coa súa operadora de telefonía para obter máis información.","many":"Quédanlle {{n}} intentos para escribir o código correcto antes de que esta tarxeta SIM quede inservíbel. Consulte a documentación da súa tarxeta SIM ou contacte coa súa operadora de telefonía para obter máis información.","other":"Quédanlle {{n}} intentos para escribir o código correcto antes de que esta tarxeta SIM quede inservíbel. Consulte a documentación da súa tarxeta SIM ou contacte coa súa operadora de telefonía para obter máis información."}},"pukLastChanceMsg":"Esta é a súa última oportunidade para escribir o código PUK correcto. A súa tarxeta SIM quedará inservíbel se escribe un código PUK incorrecto. Consulte a documentación da súa tarxeta SIM ou contacte coa súa operadora de telefonía para obter máis información.","newSimPinMsg":"Crear PIN (debe conter de 4 a 8 díxitos)","confirmNewSimPinMsg":"Confirmar novo PIN","newPinErrorMsg":"Non coincide o PIN.","nckErrorMsg":"O código NCK é incorrecto.","nckAttemptMsg2":{"_index":["plural","n"],"_":{"one":"Fallou a solicitude de despersonalización da rede. Só lle queda un intento para escribir o código correcto. Consulte a documentación do seu dispositivo ou contacte coa súa operadora de telefonía para obter máis información.","two":"Fallou a solicitude de despersonalización da rede. Quédanlle {{n}} intentos para escribir o código correcto. Consulte a documentación do seu dispositivo ou contacte coa súa operadora de telefonía para obter máis información.","few":"Fallou a solicitude de despersonalización da rede. Quédanlle {{n}} intentos para escribir o código correcto. Consulte a documentación do seu dispositivo ou contacte coa súa operadora de telefonía para obter máis información.","many":"Fallou a solicitude de despersonalización da rede. Quédanlle {{n}} intentos para escribir o código correcto. Consulte a documentación do seu dispositivo ou contacte coa súa operadora de telefonía para obter máis información.","other":"Fallou a solicitude de despersonalización da rede. Quédanlle {{n}} intentos para escribir o código correcto. Consulte a documentación do seu dispositivo ou contacte coa súa operadora de telefonía para obter máis información."}},"nckLastChanceMsg":"Fallou a solicitude de despersonalización da rede. Esta é a súa última oportunidade para escribir o código NCK correcto. Consulte a documentación do seu dispositivo ou contacte coa súa operadora de telefonía para obter máis información.","activity-pick":"Seleccionar de:","activity-view":"Ver con:","activity-test":"Probar con:","activity-share":"Compartir con:","activity-new":"Crear con:","activity-open":"Abrir con:","activity-save-bookmark":"Engadir favorito para:","activity-record":"Gravar de:","activity-browse":"Examinar con:","activity-configure":"Configurar con:","activity-dial":"Chamar desde:","persona-signin":"Identificarse","payment-flow":"Comprar","remoteDebuggerMessage":"Detectouse unha solicitude entrante para permitir unha conexión de depuración remota. Autorizar a conexión?","fullscreen-request":"Agora {{origin}} está a pantalla completa.","captive-wifi-available":"Atopouse a rede {{networkName}}. Quere conectarse a ela? ","ceWarningtitle":"Aviso de volume","ceWarningcontent":"Para evitar posíbeis lesións auditivas, non escoite música a un volume alto durante períodos longos.","notification-powersaving-mode-on-title":"Modo aforro enerxético","notification-powersaving-mode-on-description":"O modo aforro enerxético está activo.","low-device-storage":"Pouco espazo no dispositivo.","free-space":{"_index":["plural","value"],"_":{"zero":"Non queda espazo libre.","one":"Queda menos de {{value}} {{unit}}.","two":"Queda menos de {{value}} {{unit}}.","few":"Queda menos de {{value}} {{unit}}.","many":"Queda menos de {{value}} {{unit}}.","other":"Queda menos de {{value}} {{unit}}."}},"unknown-free-space":"Espazo restante descoñecido.","system-alert":"Alerta do sistema","cb-channel":"Canle {{channel}}","icc-message-title":"Mensaxe da operadora da SIM {{id}}","icc-confirmCall-defaultmessage":"Chamar a {{number}}?","icc-alertMessage-defaultmessage":"Enviando mensaxe","icc-confirmMessage-defaultmessage":"Enviar mensaxe?","icc-inputbox-title":"Consulta STK da SIM {{id}}","emergency-callback-mode":"Modo de devolución de chamada de emerxencia","emergency-callback-message":"Non é posíbel que facer chamadas, enviar mensaxes ou navegar porque está activo o modo de devolución de chamada de emerxencia. Desexa desactivalo?","cdma-record-info":"Información de rexistro CDMA","ime-switching-title":"{{appName}}: {{name}}","ime-switching-tip":"Toque para cambiar o método de entrada","layout-selection":"Seleccionar a disposición","shrinking-tip":"Deslice o dedo para compartir","download_started":"Iniciouse a descarga","download_stopped":"Detívose a descarga","download_downloading":"Descargando…","download_succeeded":"Terminou a descarga","download_failed":"Fallou a descarga","download_text_by_default":"{{name}}","download_downloading_text_2":"{{percentage}}% - {{name}}","search-or-enter-address":{"_":"Search or enter address","placeholder":"Search or enter address"},"noSIMCardInHotspot":"Desactivouse o punto de acceso Wi-Fi porque non hai tarxeta SIM ou inseriuse incorrectamente.","brandShortName":"B2G OS","browserBrandShortName":"Navegador web","browserBrandFullName":"Navegador web de Mozilla","weekday-0-long":"Domingo","weekday-1-long":"Luns","weekday-2-long":"Martes","weekday-3-long":"Mércores","weekday-4-long":"Xoves","weekday-5-long":"Venres","weekday-6-long":"Sábado","weekday-0-short":"Dom","weekday-1-short":"Lun","weekday-2-short":"Mar","weekday-3-short":"Mer","weekday-4-short":"Xov","weekday-5-short":"Ven","weekday-6-short":"Sab","month-0-long":"Xaneiro","month-1-long":"Febreiro","month-2-long":"Marzo","month-3-long":"Abril","month-4-long":"Maio","month-5-long":"Xuño","month-6-long":"Xullo","month-7-long":"Agosto","month-8-long":"Setembro","month-9-long":"Outubro","month-10-long":"Novembro","month-11-long":"Decembro","month-0-genitive":"Xaneiro","month-1-genitive":"Febreiro","month-2-genitive":"Marzo","month-3-genitive":"Abril","month-4-genitive":"Maio","month-5-genitive":"Xuño","month-6-genitive":"Xullo","month-7-genitive":"Agosto","month-8-genitive":"Setembro","month-9-genitive":"Outubro","month-10-genitive":"Novembro","month-11-genitive":"Decembro","month-0-short":"Xan","month-1-short":"Feb","month-2-short":"Mar","month-3-short":"Abr","month-4-short":"Maio","month-5-short":"Xun","month-6-short":"Xul","month-7-short":"Ago","month-8-short":"Set","month-9-short":"Out","month-10-short":"Nov","month-11-short":"Dec","minutes-ago-long":{"_index":["plural","value"],"_":{"zero":"xusto agora","one":"hai un minuto","two":"hai {{value}} minutos","few":"hai {{value}} minutos","many":"hai {{value}} minutos","other":"hai {{value}} minutos"}},"hours-ago-long":{"_index":["plural","value"],"_":{"zero":"xusto agora","one":"hai unha hora","two":"hai {{value}} horas","few":"hai {{value}} horas","many":"hai {{value}} horas","other":"hai {{value}} horas"}},"days-ago-long":{"_index":["plural","value"],"_":{"zero":"hoxe","one":"onte","two":"hai {{value}} días","few":"hai {{value}} días","many":"hai {{value}} días","other":"hai {{value}} días"}},"weeks-ago-long":{"_index":["plural","value"],"_":{"zero":"esta semana","one":"a semana pasada","two":"hai {{value}} semanas","few":"hai {{value}} semanas","many":"hai {{value}} semanas","other":"hai {{value}} semanas"}},"months-ago-long":{"_index":["plural","value"],"_":{"zero":"Este mes","one":"o mes pasado","two":"hai {{value}} meses","few":"hai {{value}} meses","many":"hai {{value}} meses","other":"hai {{value}} meses"}},"years-ago-long":{"_index":["plural","value"],"_":{"zero":"este ano","one":"o ano pasado","two":"hai {{value}} anos","few":"hai {{value}} anos","many":"hai {{value}} anos","other":"hai {{value}} anos"}},"minutes-until-long":{"_index":["plural","value"],"_":{"zero":"agora","one":"nun minuto","two":"en {{value}} minutos","few":"en {{value}} minutos","many":"en {{value}} minutos","other":"en {{value}} minutos"}},"hours-until-long":{"_index":["plural","value"],"_":{"zero":"agora","one":"nunha hora","two":"en {{value}} horas","few":"en {{value}} horas","many":"en {{value}} horas","other":"en {{value}} horas"}},"days-until-long":{"_index":["plural","value"],"_":{"zero":"hoxe","one":"mañá","two":"en {{value}} días","few":"en {{value}} días","many":"en {{value}} días","other":"en {{value}} días"}},"weeks-until-long":{"_index":["plural","value"],"_":{"zero":"esta semana","one":"a semana que ven","two":"en {{value}} semanas","few":"en {{value}} semanas","many":"en {{value}} semanas","other":"en {{value}} semanas"}},"months-until-long":{"_index":["plural","value"],"_":{"zero":"Este mes","one":"o mes que ven","two":"en {{value}} meses","few":"en {{value}} meses","many":"en {{value}} meses","other":"en {{value}} meses"}},"years-until-long":{"_index":["plural","value"],"_":{"zero":"este ano","one":"o ano que ven","two":"en {{value}} anos","few":"en {{value}} anos","many":"en {{value}} anos","other":"en {{value}} anos"}},"minutes-ago-short":{"_index":["plural","value"],"_":{"zero":"xusto agora","other":"hai {{value}}min"}},"hours-ago-short":{"_index":["plural","value"],"_":{"zero":"xusto agora","other":"hai {{value}}h"}},"days-ago-short":{"_index":["plural","value"],"_":{"zero":"hoxe","other":"hai {{value}}d"}},"minutes-until-short":{"_index":["plural","value"],"_":{"zero":"agora","other":"en {{value}}min"}},"hours-until-short":{"_index":["plural","value"],"_":{"zero":"agora","other":"en {{value}}h"}},"days-until-short":{"_index":["plural","value"],"_":{"zero":"hoxe","other":"en {{value}}d"}},"incorrectDate":"(data incorrecta)","dateTimeFormat_%c":"%a, %e de %b, %Y %H:%M:%S","dateTimeFormat_%x":"%d/%m/%Y","dateTimeFormat_%X":"%H:%M:%S","shortTimeFormat":"%H:%M","shortDateTimeFormat":"%x %H:%M %p","weekStartsOnMonday":"1","time_am":"AM","time_pm":"PM","perm-contacts":"Contactos","perm-contacts-appRequest":"O aplicativo {{app}} quere acceder a súa lista de contactos.","perm-contacts-webRequest":"{{site}} quere acceder a súa lista de contactos.","perm-desktop-notification":"Notificacións","perm-desktop-notification-appRequest":"O aplicativo {{app} quere mostrar notificacións.","perm-desktop-notification-webRequest":"{{site}} quere mostrar notificacións.","perm-device-storage-music":"Almacenamento de música","perm-device-storage-music-appRequest":"O aplicativo {{app}} quere acceder a súa música.","perm-device-storage-music-webRequest":"{{site}} quere acceder a súa música.","perm-device-storage-pictures":"Almacenamento de imaxes","perm-device-storage-pictures-appRequest":"O aplicativo{{app}} quere acceder as súas imaxes.","perm-device-storage-pictures-webRequest":"{{site}} quere acceder as súas imaxes.","perm-device-storage-sdcard":"Almacenamento da tarxeta de memoria","perm-device-storage-sdcard-appRequest":"O aplicativo {{app}} quere acceder a súa tarxeta de memoria.","perm-device-storage-sdcard-webRequest":"{{site}} quere acceder a súa tarxeta de memoria.","perm-device-storage-videos":"Almacenamento de vídeos","perm-device-storage-videos-appRequest":"O aplicativo{{app}} quere acceder os seus vídeos.","perm-device-storage-videos-webRequest":"{{site}} quere acceder os seus vídeos.","perm-fmradio":"Radio FM","perm-fmradio-appRequest":"O aplicativo {{app}} quere usar a radio FM.","perm-fmradio-webRequest":"{{site}} quere usar a radio FM.","perm-geolocation":"Xeolocalización","perm-geolocation-appRequest":"O aplicativo {{app}} quere coñecer a súa localización.","perm-geolocation-webRequest":"{{site}} quere coñecer a súa localización.","perm-geolocation-more-info":"{{brandShortName}} usa os datos do GPS, Wi-Fi e de antenas de telefonía móbil que o rodean para determinar a súa localización aproximada. Os datos envíanse a Mozilla e a outros fornecedores de servizos e agrúpanse para mellorar a precisión das bases de datos de localización. Os datos almacénanse no seu dispositivo e poden recollerse incluso cando non se executa ningún aplicativo.","perm-video-capture":"Cámara","perm-video-capture-appRequest":"Desexa compartir a cámara co aplicativo {{app}}?","perm-video-capture-webRequest":"Desexa compartir a cámara con {{site}}?","perm-audio-capture":"Micrófono","perm-audio-capture-appRequest":"Desexa compartir o micrófono co aplicativo {{app}}?","perm-audio-capture-webRequest":"Desexa compartir o micrófono con {{site}}?","perm-media-capture":"Cámara e micrófono","perm-media-capture-appRequest":"Desexa compartir a cámara e o micrófono co aplicativo {{app}}?","perm-media-capture-webRequest":"Desexa compartir a cámara e o micrófono con {{site}}?","stopped_download_title":"Detívose a descarga","stopped_download_message":"Detívose a descarga. Desexa reiniciar a descarga?","stopped_download_left_button":"Cancelar","stopped_download_right_button":"Tentar de novo","failed_download_title":"Fallou a descarga","failed_download_message":"Fallou a descarga de {{name}}. Desexa reiniciar a descarga?","failed_download_left_button":"Cancelar","failed_download_right_button":"Tentar de novo","stop_download_title":"Deter a descarga","stop_download_message":"Confirma que quere deter a descarga?","stop_download_left_button":"Non","stop_download_right_button":"Si","delete_download_title":"Eliminar","delete_download_message":"Eliminar {{name}}?","delete_download_left_button":"Cancelar","delete_download_right_button":"Eliminar","delete_all_download_title":"Eliminar","delete_all_download_left_button":"Cancelar","delete_all_download_right_button":"Eliminar","delete_all_download_message":{"_index":["plural","number"],"_":{"zero":"Non eliminar calquera ficheiro?","one":"Eliminar un ficheiro?","two":"Eliminar {{number}} ficheiros?","few":"Eliminar {{number}} ficheiros?","many":"Eliminar {{number}} ficheiros?","other":"Eliminar {{number}} ficheiros?"}},"unsupported_file_type_download_title":"Foi imposíbel abrir","unsupported_file_type_download_message":"Non hai un aplicativo que pode abrir {{name}}. Desexa gardar o ficheiro ou eliminalo?","unsupported_file_type_download_left_button":"Manter ficheiro","unsupported_file_type_download_right_button":"Eliminar","file_not_found_download_title":"Non se atopou o ficheiro","file_not_found_download_message":"Non se atopou o ficheiro no dispositivo","file_not_found_download_right_button":"Aceptar","unmounted_sdcard_2_download_title":"Tarxeta de memoria en uso","unmounted_sdcard_2_download_message":"Desconecte o teléfono","unmounted_sdcard_2_download_right_button":"Aceptar","no_provider_download_title":"Foi imposíbel compartir","no_provider_download_message":"Non se atoparon fornecedores","no_provider_download_right_button":"Aceptar","no_memory_download_title":"Tarxeta SD chea","no_memory_download_message":"Non hai máis espazo na súa tarxeta SD para gardar a descarga. Retire algúns ficheiros antes de reiniciar a descarga.","no_memory_download_right_button":"Aceptar","no_sdcard_found_2_download_title":"Non se atopou a tarxeta de memoria","no_sdcard_found_2_download_message":"Insira unha tarxeta de memoria ou seleccione unha localización alternativa predeterminada para o medios nos axustes","no_sdcard_found_2_download_right_button":"Aceptar","file_open_error_download_title":"Foi imposíbel abrir","file_open_error_download_message":"Produciuse un problema abrindo {{name}}. Desexa gardar o ficheiro ou eliminalo?","file_open_error_download_left_button":"Manter ficheiro","file_open_error_download_right_button":"Eliminar","restart_download_error":"Produciuse un erro ao reiniciar a descarga. Tente descargar de novo.","no-downloads":"Sen descargas","percentage":"{{percentage}} %","partialResult":"{{partial}} de {{total}}","summary":"{{date}} - {{status}}","download-stopped":"Detido","download-failed":"Fallou a descarga","open_downloaded_file":"Abrir","share_downloaded_file":"Compartir","wallpaper_downloaded_file":"Estabelecer como fondo","ringtone_downloaded_file":"Estabelecer como ton","cancel_downloaded_file":"Cancelar","voicemailNoNumberTitle":"Voicemail number is unavailable","voicemailNoNumberText":"Unable to call the voicemail. Set up the voicemail number to place the call.","voicemailNoNumberSettings":"Settings","voicemailNoNumberCancel":"Cancel","firefox-accounts-title":"Firefox Accounts","fxa-next":"Next","fxa-back":"Back","fxa-done":"Done","fxa-ok":"OK","fxa-account-does-not-exist-title":"Account does not exist","fxa-account-does-not-exist-message":"Account does not exist","fxa-cannot-create-account":"Unable to create account","fxa-cannot-create-password":"Unable to reset your Firefox Accounts password right now.","fxa-already-signed-in-title":"User is already signed in","fxa-already-signed-in-message":"There is an user is already signed in Firefox.","fxa-invalid-password-title":"Invalid password","fxa-invalid-password-message":"You have used an invalid password. Please try again with a valid one.","fxa-invalid-email-title":"Invalid email address","fxa-invalid-email-message":"You have used an invalid email address. Please try again with a valid one.","fxa-connection-error-title":"Unable to connect","fxa-connection-error-message":"Unable to connect to Firefox right now. You can sign in or create an account from your phone's settings or try it again.","fxa-reset-password-error-title":"Unable to reset password","fxa-reset-password-error-message":"Your password was not reset. Please try again.","fxa-reset-password-in-settings-title":"Reset Password","fxa-reset-password-in-settings-message":"You can reset your password from your phone's settings.","fxa-generic-error-title":"Unable to connect to Firefox","fxa-generic-error-message":"Unable to connect to Firefox Accounts right now. Try your phone's settings or check your connection to Internet.","fxa-coppa-failure-error-title":"Cannot Create Account","fxa-coppa-failure-error-message":"You must meet certain age requirements to create a Firefox Accounts. <a href='http://www.ftc.gov/news-events/media-resources/protecting-consumer-privacy/kids-privacy-coppa'>Learn more</a>","fxa-coppa-ftu-error-message":"You must meet certain age requirements to create a Firefox Accounts. Try again later from Settings.","fxa-offline-error-title":"Unable to connect to Firefox","fxa-offline-error-message":"Unable to connect to Firefox Accounts right now. Check your phone' settings and your Internet connection.","fxa-unknown-error-title":"Unknown error","fxa-unknown-error-message":"Unknown error","fxa-connecting-to-firefox":"Connecting to Firefox Accounts","fxa-email-input":{"placeholder":"Email"},"fxa-use-email-to-sign-in":"Use your email address to create an account or sign in.","fxa-agree-to-tos-pp":"By proceeding, you agree to our <a href=\"#fxa-tos\">Terms of Service</a> and <a href=\"#fxa-pp\">Privacy Policy</a>","fxa-set-password-title":"Enter your new password","fxa-enter-password-title":"Enter your password","fxa-hello-user":"Hello, <a id=\"fxa-user-email\">hola@email.com</a>","fxa-password-refresh":"Please enter your Firefox Account password for <a id=\"fxa-user-email\">hola@email.com</a> to continue.","fxa-password":{"placeholder":"Password"},"fxa-forgot-password":"I forgot my password","fxa-show-password":"Show password","fxa-authenticating":"Authenticating","fxa-registering":"Registering","fxa-success":"Success!","fxa-ready-to-go":"Your Firefox Account is ready to go! ","fxa-use-services":"Now you can use <span id=\"fxa-summary-email\">email</span> to access services like Marketplace and Where’s My Fox.","fxa-manage-account-settings":"In the future, you can access and manage your account from your phone's settings.","fxa-confirm-account":"Confirm Your Account","fxa-sending-email-to":"We have sent you an email to: <strong id=\"fxa-summary-email\">email</strong>","fxa-tos-header":"Terms of Service","fxa-tos1":"Lorem ipsum dolor sit amet, consectetur adipisicing elit, sed do eiusmod tempor incididunt ut labore et dolore magna aliqua. Ut enim ad minim veniam, quis nostrud exercitation ullamco laboris nisi ut aliquip ex ea commodo consequat. Duis aute irure dolor in reprehenderit in voluptate velit esse cillum dolore eu fugiat nulla pariatur. ","fxa-tos2":"Excepteur sint occaecat qui of fi cia deserunt mollit anim id est laborum.  Lorem ipsum dolor sit amet, consectetur adipisicing elit, sed do eiusmod tempor incididunt ut labore et dolore magna aliqua. Ut enim ad minim veniam,quis nostrud exercitation ullamco laboris nisi ut aliquip ex ea commodo consequat. Duis aute irure dolor in.","fxa-pp-header":"Privacy Policy","fxa-pp1":"Lorem ipsum dolor sit amet, consectetur adipisicing elit, sed do eiusmod tempor incididunt ut labore et dolore magna aliqua. Ut enim ad minim veniam, quis nostrud exercitation ullamco laboris nisi ut aliquip ex ea commodo consequat. Duis aute irure dolor in reprehenderit in voluptate velit esse cillum dolore eu fugiat nulla pariatur. ","fxa-pp2":"Excepteur sint occaecat qui of fi cia deserunt mollit anim id est laborum.  Lorem ipsum dolor sit amet, consectetur adipisicing elit, sed do eiusmod tempor incididunt ut labore et dolore magna aliqua. Ut enim ad minim veniam,quis nostrud exercitation ullamco laboris nisi ut aliquip ex ea commodo consequat. Duis aute irure dolor in.","fxa-age-verification":"Age Verification","fxa-age-1990-earlier":"1990 or earlier","fxa-year-of-birth":"Year of Birth"}