{"ok":"U redu","back":"Natrag","help":"Pomoć","cancel":"Otkaži","close":"Zatvori","skip":"Preskoči","airplaneMode":"Zrakoplovni način rada","searching":"Pretraživanje…","noNetwork":"Nema mreže","roaming":"{{operator}} (Roaming)","emergencyCallsOnly":"Samo hitni pozivi","emergencyCallsOnly-unknownSIMState":"(nepoznato stanje SIM kartice)","emergencyCallsOnly-noSIM":"(nema SIM kartice)","emergencyCallsOnly-pinRequired":"(Potreban PIN SIM kartice)","emergencyCallsOnly-pukRequired":"(Potreban PUK SIM kartice)","emergencyCallsOnly-networkLocked":"(mreža zaključana)","emergencyCallsOnly-serviceProviderLocked":"(zaključan od strane pružatelja usluge)","emergencyCallsOnly-corporateLocked":"(zaključan od strane tvrtke)","emergencyCallsOnly-network1Locked":"(network1 locked)","emergencyCallsOnly-network2Locked":"(network2 locked)","emergencyCallsOnly-hrpdNetworkLocked":"(hrpd network locked)","emergencyCallsOnly-ruimCorporateLocked":"(ruim corporate locked)","emergencyCallsOnly-ruimServiceProviderLocked":"(ruim service provider locked)","enterPIN":"Upišite PIN","statusbarLabel":"{{date}}, {{operator}}","statusbarDateFormat":"%b %e","notifications":"Obavijesti","clear-all":"Očisti sve","newVoicemails":{"_index":["plural","n"],"_":{"zero":"Nema novih glasovnih poruka","one":"Jedna nova glasovna poruka","two":"{{n}} nove glasovne poruke","few":"{{n}} novih glasovnih poruka","many":"{{n}} novih glasovnih poruka","other":"{{n}} novih glasovnih poruka"}},"newVoicemailsUnknown":"New voicemail","dialNumber":"Biraj {{number}}","voicemailNotificationMultiSim":"(SIM {{n}}) {{title}}","confirmNFCConnectMsg1":"Are you sure you want to connect to the device?","confirmNFCConnectMsg2":"Turn on Bluetooth and connect to the device?","confirmNFCConnectMsg3":"Are you sure you want to connect to {{n}}?","confirmNFCConnectMsg4":"Turn on Bluetooth and connect to {{n}}?","deviceMenu":"Telefon","airplane":"Uključi zrak. način rada","airplaneOff":"Isključi zrak. način rada","silent":"Utišaj dolazne pozive","normal":"Zvoni kod dolaznih poziva","restart":"Ponovno pokretanje","power":"Isključivanje","asyncpanzoom":"Onemogući APZ za aplikacije","asyncpanzoomOff":"Omogući APZ za aplikacije","enableScreenReaderSteps":"To enable screen reader, press volume up then volume down buttons three more times","disableScreenReaderSteps":"To disable screen reader, press volume up then volume down buttons three more times","no-recent-apps":"Nema nedavnih aplikacija","yes":"Da","no":"Ne","dontallow":"Don’t allow","allow":"Dopusti","dontshare-geolocation":"Don’t Share","share-geolocation":"Dijeli","dontshare-audio-capture":"Don’t Share","share-audio-capture":"Dijeli","dontshare-video-capture":"Don’t Share","share-video-capture":"Dijeli","dontshare-media-capture":"Don’t Share","share-media-capture":"Dijeli","device-front":"Prednja kamera","device-back":"Stražnja kamera","remember-my-choice":"Zapamti moj izbor","more-info":"Više informacija…","hide-info":"Hide info","install-app":"Instalirati {{name}}?","size":"Veličina","author":"Autor","size-unknown":"Nepoznata","author-unknown":"Nepoznat","install":"Instaliraj","bytes":"bajtova","kB":"kB","MB":"MB","GB":"GB","TB":"TB","PB":"PB","app-install-generic-error":"Preuzimanje {{ appName }} zaustavljeno","app-install-download-failed":"Preuzimanje {{ appName }} nije uspjelo","app-install-install-failed":"Instalacija {{ appName }} nije uspjela","cancelling-will-not-refund":"Otkazivanje neće refundirati kupovinu. Povrat sredstava za plaćeni sadržaj pruža izvorni prodavač.","apps-can-be-installed-later":"Aplikacije se mogu instalirati kasnije, iz prvobitnog instalacijskog izvora.","are-you-sure-you-want-to-cancel":"Jeste li sigurni da želite otkazati instalaciju?","cancel-install":"Otkaži instalaciju","cancel-install-button":"Cancel Install","resume":"Nastavi","continue":"Nastavi","stopDownloading":"Zaustaviti preuzimanje  {{ app }}?","app-download-can-be-restarted":"Preuzimanje se može ponovno pokrenuti kasnije.","app-download-stop-button":"Zaustavi preuzimanje","not-enough-space":"Nema dovoljno prostora","not-enough-space-message":"Nema dovoljno prostora za instalaciju ove aplikacije. Oslobodite prostor brisanjem starih aplikacija ili sadržaja, te pokušajte ponoviti instalaciju iz prvobitnog izvora.","app-install-success":"{{ appName }} instaliran","setup":"Konfiguracija","ime-addkeyboards":"Dodaj tipkovnice","later":"Kasnije","download":"Preuzmi","wantToDownload":"Preuzeti dopunu sada?","wantToInstall":"Instalirati dopunu sada?","installNow":"Instaliraj sada","notNow":"Ne sada","downloadingUpdateMessage":{"innerHTML":"Preuzimanje dopuna… <span>{{ progress }} preuzeto.</span>"},"downloadingAppMessage":"Preuzimanje {{ appName }}","downloadingAppProgressNoMax":"{{ progress }} preuzeto","downloadingAppProgressIndeterminate":"Preuzimanje","downloadingAppProgress":"{{ progress }} / {{ max }} preuzeto","cancelAllDownloads":"Otkaži sva preuzimanja","wantToCancelAll":"Jeste li sigurni da želite otkazati sva preuzimanja?","downloadError":"Došlo je do greške prilikom preuzimanja dopuna.","updateAvailableInfo":{"innerHTML":{"_index":["plural","n"],"_":{"one":"Dostupna {{ n }} dopuna. <span>Pritisnite za više informacija.</span>","two":"Dostupne su {{ n }} dopune. <span>Pritisnite za više informacija.</span>","few":"Dostupno {{ n }} dopuna. <span>Pritisnite za više informacija.</span>","many":"Dostupne {{ n }} dopuna. <span>Pritisnite za više informacija.</span>","other":"Dostupne {{ n }} dopuna. <span>Pritisnite za više informacija.</span>"}}},"numberOfUpdates":{"_index":["plural","n"],"_":{"one":"{{ n }} dopuna dostupna","two":"{{ n }} dostupne dopune","few":"{{ n }} dostupnih dopuna","many":"{{ n }} dostupnih dopuna","other":"{{ n }} dostupnih dopuna"}},"systemUpdate":"Ažuriranje sustava","systemUpdateReady":"Dopuna sustava spremna","required":"Obavezno","uncompressingMessage":{"innerHTML":"Raspakiravanje… <span>Ovo može potrajati nekoliko minuta.</span>"},"downloadNoWifiWarning":"Wi-Fi nije dostupan. Dopuna putem trenutne veze može rezultirati dodatnim troškovima.","downloadOfflineWarning":"Veza nije dostupna. Povežite se na mrežu da biste mogli preuzeti dopune.","downloadDataConnectionWarning":"Dopune se preuzimaju putem podatkovne veze kada Wi-Fi nije dostupan. Ovo može rezultirati dodatnim troškovima.","downloadUpdatesViaDataConnection":"Preuzeti dopune pute podatkovne veze?","downloadUpdatesViaDataConnectionMessage":"Dopune se preuzimaju putem podatkovne veze kada WiFi nije dostupan. Prilikom korištenja podatkovne veze, telefonski pozivi mogu biti blokirani, a potrošeni promet može rezultirati dodatnim troškovima.","screenshotSaved":"Prikaz zaslona spremljen","screenshotFailed":"Slika se ne može spremiti","screenshotNoSDCard":"Memorijska kartica nije pronađena","screenshotSDCardInUse":"Memorijska kartica je u upotrebi","screenshotSDCardLow":"Nema dovoljno prostora na memorijskoj kartici","emergency-call-button":"Hitan poziv","emergency-call":"Hitan poziv","unlock-a11y-button":{"ariaLabel":"Otključaj"},"camera-a11y-button":{"ariaLabel":"Kamera"},"longDateFormat":"%A, %e %B","softwareHomeButton":{"ariaLabel":"Home"},"login":"Prijava","username":"Korisničko ime","password":"Lozinka","http-authentication-message":"{{host}} zahtijeva korisničko ime i lozinku. Stranica poručuje: “{{realm}}”","error-message":"{{name}} se ne učitava ispravno","error-title":"{{name}} ima poteškoća","airplane-is-on":"Uključen je zrakoplovni način rada","airplane-is-turned-on":"{{name}} zahtijeva mrežnu vezu. Isključite zrakoplovni način rada u Postavkama i povežite se na Wi-Fi ili podatkovnu mrežu.","server-not-found":"Poslužitelj nije pronađen","server-not-found-error":"Can’t find the server at {{name}}.","file-not-found":"File not found","file-not-found-error":"The device can’t display this page because the file cannot be found.","connection-failed":"Unable to connect","connection-failed-error":"A network error occurred while trying to reach the site.","invalid-connection":"Unable to connect","invalid-connection-error":"A network error occurred while trying to reach the site.","malformed-uri":"URL not valid","malformed-uri-error":"The URL entered is not valid and cannot be loaded.","redirect-loop":"Can’t display page","redirect-loop-error":"The device can’t display this page because the page is not redirecting properly. Try this page again at a later time.","not-cached":"Page expired","not-cached-error":"As a security precaution, this page cannot be displayed by the device because it has expired.","is-printing-error":"The document cannot change while Printing or in Print Preview.","denied-port-access":"This address is restricted","denied-port-access-error":"This address uses a network port which is normally used for purposes other than Web browsing. The device has cancelled the request for your protection.","proxy-resolve-failure":"Proxy Server Error","proxy-resolve-failure-error":"The device is configured to use a proxy server that can’t be found.","proxy-connect-failure":"Proxy Server Error","proxy-connect-failure-error":"The device is configured to use a proxy server that is refusing connections.","content-encoding":"Can’t display page","content-encoding-error":"The device can’t display this page because a content encoding error occurred.","remote-xul":"Page unsupported","remote-xul-error":"This page can’t be displayed because it uses a technology that is not supported on the device.","phishing-blocked":"Warning","phishing-blocked-error":"The website has been reported as a web forgery designed to trick users into sharing personal or financial information.","malware-blocked":"Malware attack blocked","malware-blocked-error":"The site at has been reported as an attack site and has been blocked.","unsafe-content-type":"Unsafe content","unsafe-content-type-error":"The page cannot be shown because it may not be safe to open.","corrupted-content":"Can’t display page","corrupted-content-error":"The page cannot be shown because an error in the data transmission was detected.","network-connection-unavailable":"Mrežna veza nije dostupna","network-error":"{{name}} zahtijeva mrežnu vezu. Pokušajte se povezati na Wi-Fi ili podatkovnu mrežu.","network-error-launching":"{{name}} requires an Internet connection.","network-error-in-app":"No access to the Internet right now.","unable-to-connect":"Povezivanje nije moguće","try-again":"Pokušaj ponovno","check-settings":"Check settings","tap-to-check-settings":"Tap to check settings","select-time":"Odaberite vrijeme","choose-option":"Odaberi","choose-options":"Odaberi","select-day":"Odaberite dan","battery-almost-empty":"Baterija gotovo prazna","add-to-home-screen":"Dodaj na početni zaslon","crash-dialog2-os":"{{brandShortName}} se upravo oporavio od rušenja","crash-dialog-app":"{{name}} se upravo srušio","crash-dialog-message":"Želite li poslati Mozilli izvješće o rušenju kako biste nam pomogli u riješavanju problema? (Izvještaji se šalju samo preko Wi-Fi veze)","crash-info-link":"What’s in a crash report?","crash-always-report":"Uvijek šalji izvještaj kada dođe do rušenja.","crash-dont-send":"Don’t Send","crash-end":"Pošalji izvještaj","crashReports":"Izvješt. rušenja","done":"Gotovo","crash-reports-description-1":"Izvještaj o rušenju sadrži detalje o rušenju i vašem uređaju, te snimak stanja vašeg uređaja u trenutku nastanka rušenja.","crash-reports-description-2":"To može uključivati stvari poput otvorenih stranica, aplikacija, teksta upisanog u obrasce, sadržaj otvorenih poruka, nedavnu povijest surfanja ili geolokacijske informacije koje je koristila aplikacija.","crash-reports-description-3-start":"We use crash reports to try to fix problems and improve our products. We handle your information as we describe in our ","crash-reports-description-3-privacy":"politici privatnosti","crash-reports-description-3-end":".","crash-banner-os2":"{{brandShortName}} se upravo srušio.","crash-banner-app":"{{name}} se upravo srušio.","crash-banner-report":"Izvještaj","bluetooth-sending-progress":"Slanje Bluetooth transfera..","bluetooth-receiving-progress":"Primanje Bluetooth transfera..","acceptFileTransfer":"Prihvatiti Bluetooth transfer datoteke?","wantToReceiveFile":"{{deviceName}} želi transferirati {{fileName}} ({{fileSize}}).","transfer-confirmation-title":"Prihvati datoteku?","transfer-confirmation-description":"Primanje datoteke s drugog uređaja","byteUnit-B":"Bajtova","byteUnit-KB":"KB","byteUnit-MB":"MB","byteUnit-GB":"GB","byteUnit-TB":"TB","byteUnit-PB":"PB","byteUnit-EB":"EB","byteUnit-ZB":"ZB","byteUnit-YB":"YB","fileSize":"{{size}} {{unit}}","deny":"Odbij","transfer":"Transferiraj","cancelFileTransfer":"Otkazati Bluetooth transfer datoteke?","continueFileTransfer":"Continue","transfer-has-started-title":"Prijenos je započeo","transfer-has-started-description":"Provjerite status u centru za obavijesti","transferFinished-sentSuccessful-title":"Datoteka poslana","transferFinished-receivedSuccessful-title":"Datoteka primljena","transferFinished-sentFailed-title":"Slanje datoteke nije uspjelo","transferFinished-receivedFailed-title":"Neuspješno primanje","transferReport-title":"Izvješće prijenosa:","transferReport-description":"{{numSuccessful}} datoteka uspješno, {{numUnsuccessful}} datoteka neuspješno","unknown-file":"Nepoznata datoteka","unknown-device":"Nepoznati uređaj","cannotOpenFile":"Nije moguće otvoriti primljenu datoteku","unknownMediaTypeToOpen":"Nije moguće otvoriti nepoznatu vrstu medija:","cannotReceiveFile":"Nije moguće primiti datoteku","cannotGetStorageState":"Nije moguće dobiti stanje memorije uređaja.","sdcard-not-exist2":"Memorijska kartica nije pronađena. Molim umetnite karticu.","sdcard-in-use":"Bluetooth se ne može koristiti dok je telefon priključen na punjač. Da biste mogli primati datoteke, trebate odspojiti uređaj s punjača.","sdcard-no-space2":"Transfer nije moguće dovršiti: memorijska kartica je puna.","unknown-error":"Nepoznata greška","confirm":"Potvrdi","microphone-is-on":"Mikrofon je uključen","camera-is-on":"Kamera je uključena","media-is-on":"Kamera i mikrofon su uključeni","noSimCard":"Nema SIM kartice","simPin":"PIN SIM kartice","pukCode":"PUK kôd","nckCode":"NCK kôd","cckCode":"CCK kôd","spckCode":"SPCK kôd","nck1code":"NCK1 code","nck2code":"NCK2 code","hnckcode":"HNCK code","rcckcode":"RCCK code","rspckcode":"RSPCK code","whatIsSimPin":"Što je PIN SIM kartice?","simPinIntro1":"PIN SIM kartice spriječava pristup mobilnim podatkovnim mrežama SIM kartice. Kad je omogućeno, bilo koji uređaj koji sadrži SIM karticu će zahtijevati PIN prilikom pokretanja uređaja.","simPinIntro2":"PIN SIM kartice nije isto što i lozinka za otključavanje zaslona uređaja.","changeSimPin":"Promijeni PIN","pinTitle":"Upišite PIN","multiSIMpinTitle":"Unesi SIM {{n}} PIN","pukTitle":"Upišite PUK kôd","nckTitle":"Upišite NCK kôd","cckTitle":"Upišite CCK kôd","spckTitle":"Upišite SPCK kôd","nck1Title":"Enter NCK1 code","nck2Title":"Enter NCK2 code","hnckTitle":"Enter HNCK code","rcckTitle":"Enter RCCK code","rspckTitle":"Enter RSPCK code","newpinTitle":"Novi PIN","inputCodeRetriesLeft":{"_index":["plural","n"],"_":{"two":"Preostala {{n}} pokušaja.","few":"Preostalo {{n}} pokušaja.","many":"Preostalo {{n}} pokušaja.","other":"Preostalo {{n}} pokušaja."}},"pinErrorMsg":"PIN nije ispravan.","pinAttemptMsg2":{"_index":["plural","n"],"_":{"one":"Imate još jedan pokušaj za unos ispravnog kôda prije zaključavanja SIM kartice.","two":"Imate još {{n}} pokušaja za unos ispravnog kôda prije zaključavanja SIM kartice.","few":"Imate još {{n}} pokušaja za unos ispravnog kôda prije zaključavanja SIM kartice.","many":"Imate još {{n}} pokušaja za unos ispravnog kôda prije zaključavanja SIM kartice.","other":"Imate još {{n}} triespokušaja za unos ispravnog kôda prije zaključavanja SIM kartice."}},"pinLastChanceMsg":"Ovo je vaša posljednja prilika za upisivanje točnog PIN-a. Ako pogriješite, za korištenje ove SIM kartice ćete trebati upisati PUK kôd.","simCardLockedMsg":"SIM kartica je zaključana.","enterPukMsg":"Morate upisati PUK (Personal Unlocking Key) kôd za SIM karticu. Konzultirajte se s dokumentacijom vaše SIM kartice ili se obratite pružatelju usluge za pomoć.","pukErrorMsg":"PUK kôd je neispravan.","pukAttemptMsg2":{"_index":["plural","n"],"_":{"one":"Imate još jedan pokušaj za upisivanje točnog kôda prije nego što SIM kartica postane trajno neupotrebljiva. Konzultirajte se s dokumentacijom vaše SIM kartice ili se obratite pružatelju usluge za pomoć.","two":"Imate još {{n}} pokušaja za upisivanje točnog kôda prije nego što SIM kartica postane trajno neupotrebljiva. Konzultirajte se s dokumentacijom vaše SIM kartice ili se obratite pružatelju usluge za pomoć.","few":"Imate još {{n}} pokušaja za upisivanje točnog kôda prije nego što SIM kartica postane trajno neupotrebljiva. Konzultirajte se s dokumentacijom vaše SIM kartice ili se obratite pružatelju usluge za pomoć.","many":"Imate još {{n}} pokušaja za upisivanje točnog kôda prije nego što SIM kartica postane trajno neupotrebljiva. Konzultirajte se s dokumentacijom vaše SIM kartice ili se obratite pružatelju usluge za pomoć.","other":"Imate još {{n}} pokušaja za upisivanje točnog kôda prije nego što SIM kartica postane trajno neupotrebljiva. Konzultirajte se s dokumentacijom vaše SIM kartice ili se obratite pružatelju usluge za pomoć."}},"pukLastChanceMsg":"Posljednja prilika za upisivanje točnog PUK kôda. Ako ponovno upišete krivi PUK, vaša će SIM kartica postati trajno neupotrebljiva. Konzultirajte se s dokumentacijom vaše SIM kartice ili se obratite pružatelju usluge za pomoć.","newSimPinMsg":"Stvori PIN (mora sadržavati između 4 i 8 znamenki)","confirmNewSimPinMsg":"Potvrdite novi PIN","newPinErrorMsg":"PIN-ovi se ne podudaraju","nckErrorMsg":"NCK kôd nije ispravan.","nckAttemptMsg2":{"_index":["plural","n"],"_":{"one":"Zahtjev depersonalizacije mreže nije uspio. Imate još jedan pokušaja za upisivanje ispravnog kôda. Konzultirajte se s dokumentacijom ili se obratite pružatelju usluge za pomoć.","two":"Zahtjev depersonalizacije mreže nije uspio. Imate još {{n}} pokušaja za upisivanje ispravnog kôda. Konzultirajte se s dokumentacijom ili se obratite pružatelju usluge za pomoć.","few":"Zahtjev depersonalizacije mreže nije uspio. Imate još {{n}} pokušaja za upisivanje ispravnog kôda. Konzultirajte se s dokumentacijom ili se obratite pružatelju usluge za pomoć.","many":"Zahtjev depersonalizacije mreže nije uspio. Imate još {{n}} pokušaja za upisivanje ispravnog kôda. Konzultirajte se s dokumentacijom ili se obratite pružatelju usluge za pomoć.","other":"Zahtjev depersonalizacije mreže nije uspio. Imate još {{n}} pokušaja za upisivanje ispravnog kôda. Konzultirajte se s dokumentacijom ili se obratite pružatelju usluge za pomoć."}},"nckLastChanceMsg":"Zahtjev depersonalizacije mreže nije uspio. Ovo je posljednja prilika za unos ispravnog NCK kôda. Konzultirajte se s dokumentacijom ili se obratite pružatelju usluge za pomoć.","activity-pick":"Odaberi iz:","activity-view":"Pregledaj sa:","activity-test":"Testiraj sa:","activity-share":"Podijeli sa:","activity-new":"Stvori sa:","activity-open":"Otvori sa:","activity-save-bookmark":"Zabilježi u:","activity-record":"Snimi iz:","activity-browse":"Pretraži sa:","activity-configure":"Podesi sa:","activity-dial":"Bira sa:","persona-signin":"Prijava","payment-flow":"Kupi","remoteDebuggerMessage":"Evidentiran je dolazni zahtjev za dopuštanje veze za riješavanje problema s udaljene lokacije. Dopustiti vezu?","fullscreen-request":"{{origin}} je sada u prikazu preko cijelog zaslona.","captive-wifi-available":"Pronađena je mreža {{networkName}}. Povezati se na mrežu?","ceWarningtitle":"Upozorenje glasnoće","ceWarningcontent":"Za spriječavanje eventualnog oštećenja sluha, preporuka je da ne služate glasne zvukove tijekom dužeg perioda.","notification-powersaving-mode-on-title":"Štedljivi način rada","notification-powersaving-mode-on-description":"Štedljivi način rada je uključen.","low-device-storage":"Ponestaje prostora na uređaju.\\n","free-space":{"_index":["plural","value"],"_":{"zero":"Nema slobodnog prostora.","one":"Preostalo je manje od {{value}} {{unit}}.","two":"Preostalo je manje od {{value}} {{unit}}.","few":"Preostalo je manje od {{value}} {{unit}}.","many":"Preostalo je manje od {{value}} {{unit}}.","other":"Preostalo je manje od {{value}} {{unit}}."}},"unknown-free-space":"Preostala je nepoznata količina prostora.","system-alert":"Sistemsko upozorenje","cb-channel":"Kanal {{channel}}","icc-message-title":"Operator message from SIM {{id}}","icc-confirmCall-defaultmessage":"Pozvati {{number}}?","icc-alertMessage-defaultmessage":"Slanje poruke","icc-confirmMessage-defaultmessage":"Pošalji poruku?","icc-inputbox-title":"STK Query from SIM {{id}}","emergency-callback-mode":"Način rada hitnog slučaja","emergency-callback-message":"You can not make calls, send messages or go online because emergency callback mode is enabled. Would you like to turn it off?","cdma-record-info":"Informacije CDMA zapisa","ime-switching-title":"{{appName}}: {{name}}","ime-switching-tip":"Pritisnite za promjenu metode unosa","layout-selection":"Odabir rasporeda","shrinking-tip":"Povucite za dijeljenje","download_started":"Download started","download_stopped":"Download stopped","download_downloading":"Downloading…","download_succeeded":"Download complete","download_failed":"Download failed","download_text_by_default":"{{name}}","download_downloading_text_2":"{{percentage}}% - {{name}}","search-or-enter-address":{"_":"Search or enter address","placeholder":"Search or enter address"},"noSIMCardInHotspot":"SIM card is absent or inserted incorrectly, so turn off hotspot","brandShortName":"B2G OS","browserBrandShortName":"Web preglednik","browserBrandFullName":"Mozilla web preglednik","weekday-0-long":"Nedjelja","weekday-1-long":"Ponedjeljak","weekday-2-long":"Utorak","weekday-3-long":"Srijeda","weekday-4-long":"Četvrtak","weekday-5-long":"Petak","weekday-6-long":"Subota","weekday-0-short":"Ned","weekday-1-short":"Pon","weekday-2-short":"Uto","weekday-3-short":"Sri","weekday-4-short":"Čet","weekday-5-short":"Pet","weekday-6-short":"Sub","month-0-long":"Siječanj","month-1-long":"Veljača","month-2-long":"Ožujak","month-3-long":"Travanj","month-4-long":"Svibanj","month-5-long":"Lipanj","month-6-long":"Srpanj","month-7-long":"Kolovoz","month-8-long":"Rujan","month-9-long":"Listopad","month-10-long":"Studeni","month-11-long":"Prosinac","month-0-genitive":"Siječnja","month-1-genitive":"Veljače","month-2-genitive":"Ožujka","month-3-genitive":"Travnja","month-4-genitive":"Svibnja","month-5-genitive":"Lipnja","month-6-genitive":"Srpnja","month-7-genitive":"Kolovoza","month-8-genitive":"Rujna","month-9-genitive":"Listopada","month-10-genitive":"Studenoga","month-11-genitive":"Prosinca","month-0-short":"Sij","month-1-short":"Velj","month-2-short":"Ožu","month-3-short":"Tra","month-4-short":"Svi","month-5-short":"Lip","month-6-short":"Srp","month-7-short":"Kol","month-8-short":"Ruj","month-9-short":"Lis","month-10-short":"Stu","month-11-short":"Pro","minutes-ago-long":{"_index":["plural","value"],"_":{"zero":"upravo","one":"prije minutu","two":"prije {{value}} minute","few":"prije {{value}} minutes","many":"prije {{value}} minuta","other":"prije {{value}} minuta"}},"hours-ago-long":{"_index":["plural","value"],"_":{"zero":"upravo","one":"prije sat vremena","two":"prije {{value}} sata","few":"prije {{value}} sati","many":"prije {{value}} sati","other":"prije {{value}} sati"}},"days-ago-long":{"_index":["plural","value"],"_":{"zero":"danas","one":"jučer","two":"prije {{value}} dana","few":"prije {{value}} dana","many":"prije {{value}} dana","other":"prije {{value}} dana"}},"weeks-ago-long":{"_index":["plural","value"],"_":{"zero":"ovaj tjedan","one":"prošli tjedan","two":"prije {{value}} tjedna","few":"prije {{value}} tjedana","many":"prije {{value}} tjedana","other":"prije {{value}} tjedana"}},"months-ago-long":{"_index":["plural","value"],"_":{"zero":"ovaj mjesec","one":"prošli mjesec","two":"prije {{value}} mjeseca","few":"prije {{value}} mjeseci","many":"prije {{value}} mjeseci","other":"prije {{value}} mjeseci"}},"years-ago-long":{"_index":["plural","value"],"_":{"zero":"ove godine","one":"prošle godine","two":"prije {{value}} godine","few":"prije {{value}} godina","many":"prije {{value}} godina","other":"prije {{value}} godina"}},"minutes-until-long":{"_index":["plural","value"],"_":{"zero":"upravo","one":"za minutu","two":"za {{value}} minute","few":"za {{value}} minuta","many":"za {{value}} minuta","other":"za {{value}} minuta"}},"hours-until-long":{"_index":["plural","value"],"_":{"zero":"upravo","one":"za sat vremena","two":"za {{value}} sata","few":"za {{value}} sati","many":"za {{value}} sati","other":"za {{value}} sati"}},"days-until-long":{"_index":["plural","value"],"_":{"zero":"danas","one":"sutra","two":"za {{value}} dana","few":"za {{value}} dana","many":"za {{value}} dana","other":"za {{value}} dana"}},"weeks-until-long":{"_index":["plural","value"],"_":{"zero":"ovaj tjedan","one":"idući tjedan","two":"za {{value}} tjedna","few":"za {{value}} tjedana","many":"za {{value}} tjedana","other":"za {{value}} tjedana"}},"months-until-long":{"_index":["plural","value"],"_":{"zero":"ovaj mjesec","one":"idući mjesec","two":"za {{value}} mjeseca","few":"za {{value}} mjeseci","many":"za {{value}} mjeseci","other":"za {{value}} mjeseci"}},"years-until-long":{"_index":["plural","value"],"_":{"zero":"ove godine","one":"iduće godine","two":"za {{value}} godine","few":"za {{value}} godina","many":"za {{value}} godina","other":"za {{value}} godina"}},"minutes-ago-short":{"_index":["plural","value"],"_":{"zero":"upravo","other":"prije {{value}}m"}},"hours-ago-short":{"_index":["plural","value"],"_":{"zero":"upravo","other":"prije {{value}}s"}},"days-ago-short":{"_index":["plural","value"],"_":{"zero":"danas","other":"prije {{value}}d"}},"minutes-until-short":{"_index":["plural","value"],"_":{"zero":"sada","other":"za {{value}}m"}},"hours-until-short":{"_index":["plural","value"],"_":{"zero":"sada","other":"za {{value}}s"}},"days-until-short":{"_index":["plural","value"],"_":{"zero":"danas","other":"za {{value}}d"}},"incorrectDate":"(netočan datum)","dateTimeFormat_%c":"%a %e %b %Y %H:%M:%S","dateTimeFormat_%x":"%d.%m.%Y","dateTimeFormat_%X":"%H:%M:%S","shortTimeFormat":"%H:%M","shortDateTimeFormat":"%x %H:%M","weekStartsOnMonday":"1","time_am":"AM","time_pm":"PM","perm-contacts":"Kontakti","perm-contacts-appRequest":"{{app}} želi pristupiti popisu vaših kontakata.","perm-contacts-webRequest":"{{site}} želi pristupiti popisu vaših kontakata.","perm-desktop-notification":"Obavijesti","perm-desktop-notification-appRequest":"{{app}} želi prikazivati obavijesti.","perm-desktop-notification-webRequest":"{{site}} želi prikazivati obavijesti.","perm-device-storage-music":"Prostor za glazbu","perm-device-storage-music-appRequest":"{{app}} želi pristupiti vašoj glazbi.","perm-device-storage-music-webRequest":"{{site}} želi pristupiti vašoj glazbi.","perm-device-storage-pictures":"Prostor za slike","perm-device-storage-pictures-appRequest":"{{app}} želi pristupiti vašim slikama.","perm-device-storage-pictures-webRequest":"{{site}} želi pristupiti vašim slikama.","perm-device-storage-sdcard":"Prostor na SD kartici","perm-device-storage-sdcard-appRequest":"{{app}} želi pristupiti vašoj memorijskoj kartici.","perm-device-storage-sdcard-webRequest":"{{site}} želi pristupiti vašoj memorijskoj kartici.","perm-device-storage-videos":"Prostor za video","perm-device-storage-videos-appRequest":"{{app}} želi pristupiti vašim video snimkama.","perm-device-storage-videos-webRequest":"{{site}} želi pristupiti vašim video snimkama.","perm-fmradio":"FM radio","perm-fmradio-appRequest":"{{app}} želi koristiti FM radio.","perm-fmradio-webRequest":"{{site}} želi koristiti FM radio.","perm-geolocation":"Geolokacija","perm-geolocation-appRequest":"{{app}} želi znati vašu trenutnu lokaciju.","perm-geolocation-webRequest":"{{site}} želi znati vašu trenutnu lokaciju.","perm-geolocation-more-info":"{{brandShortName}} koristi informacije od GPS-a, Wi-Fi-a i mobilnih mreža u važoj blizini kako bi lakše procijenio vašu lokaciju. Podaci se šalju Mozilli i ostalim pružateljima usluga, te se koriste za unaprijeđenje geolokacijskih baza podataka. Podaci se mogu spremati na vaš uređaj, a prikupljanje podataka se može obavljati čak i kad aplikacije nisu pokrenute.","perm-video-capture":"Kamera","perm-video-capture-appRequest":"Želite li dijeliti svoju kameru sa {{app}}?","perm-video-capture-webRequest":"Želite li dijeliti svoju kameru sa {{site}}?","perm-audio-capture":"Mikrofon","perm-audio-capture-appRequest":"Želite li dijeliti svoj mikrofon sa {{app}}?","perm-audio-capture-webRequest":"Želite li dijeliti svoj mikrofon sa {{site}}?","perm-media-capture":"Kamera i mikrofon","perm-media-capture-appRequest":"Želite li dijeliti svoju kameru i mikrofon sa {{app}}?","perm-media-capture-webRequest":"Želite li dijeliti svoju kameru i mikrofon sa {{site}}?","stopped_download_title":"Download stopped","stopped_download_message":"Download was stopped. Try downloading again?","stopped_download_left_button":"Cancel","stopped_download_right_button":"Try again","failed_download_title":"Download failed","failed_download_message":"{{name}} failed to download. Try downloading again?","failed_download_left_button":"Cancel","failed_download_right_button":"Try again","stop_download_title":"Stop download","stop_download_message":"Are you sure you want to stop the download?","stop_download_left_button":"No","stop_download_right_button":"Yes","delete_download_title":"Delete","delete_download_message":"Delete {{name}}?","delete_download_left_button":"Cancel","delete_download_right_button":"Delete","delete_all_download_title":"Delete","delete_all_download_left_button":"Cancel","delete_all_download_right_button":"Delete","delete_all_download_message":{"_index":["plural","number"],"_":{"zero":"Delete no files?","one":"Delete one file?","two":"Delete {{number}} files?","few":"Delete {{number}} files?","many":"Delete {{number}} files?","other":"Delete {{number}} files?"}},"unsupported_file_type_download_title":"Unable to open","unsupported_file_type_download_message":"There isn’t an app that can open {{name}}. Would you like to save the file or delete it?","unsupported_file_type_download_left_button":"Keep File","unsupported_file_type_download_right_button":"Delete","file_not_found_download_title":"File not found","file_not_found_download_message":"The file wasn’t found on the device","file_not_found_download_right_button":"OK","unmounted_sdcard_2_download_title":"Memory card in use","unmounted_sdcard_2_download_message":"Unplug the phone","unmounted_sdcard_2_download_right_button":"OK","no_provider_download_title":"Unable to share","no_provider_download_message":"No provider found","no_provider_download_right_button":"OK","no_memory_download_title":"SD Card is full","no_memory_download_message":"There is no more room on your SD card to save your download. Please remove some files before restarting the download.","no_memory_download_right_button":"OK","no_sdcard_found_2_download_title":"No memory card found","no_sdcard_found_2_download_message":"Insert a memory card or select an alternate default media location in settings","no_sdcard_found_2_download_right_button":"OK","file_open_error_download_title":"Unable to open","file_open_error_download_message":"There is a problem opening {{name}}. Would you like to save the file or delete it?","file_open_error_download_left_button":"Keep File","file_open_error_download_right_button":"Delete","restart_download_error":"There was an error while restarting the download. Please try to download again.","no-downloads":"No downloads","percentage":"{{percentage}} %","partialResult":"{{partial}} of {{total}}","summary":"{{date}} - {{status}}","download-stopped":"Stopped","download-failed":"Download failed","open_downloaded_file":"Open","share_downloaded_file":"Share","wallpaper_downloaded_file":"Set as wallpaper","ringtone_downloaded_file":"Set as ringtone","cancel_downloaded_file":"Cancel","voicemailNoNumberTitle":"Voicemail number is unavailable","voicemailNoNumberText":"Unable to call the voicemail. Set up the voicemail number to place the call.","voicemailNoNumberSettings":"Settings","voicemailNoNumberCancel":"Cancel","firefox-accounts-title":"Firefox Accounts","fxa-next":"Next","fxa-back":"Back","fxa-done":"Done","fxa-ok":"OK","fxa-account-does-not-exist-title":"Account does not exist","fxa-account-does-not-exist-message":"Account does not exist","fxa-cannot-create-account":"Unable to create account","fxa-cannot-create-password":"Unable to reset your Firefox Accounts password right now.","fxa-already-signed-in-title":"User is already signed in","fxa-already-signed-in-message":"There is an user is already signed in Firefox.","fxa-invalid-password-title":"Invalid password","fxa-invalid-password-message":"You have used an invalid password. Please try again with a valid one.","fxa-invalid-email-title":"Invalid email address","fxa-invalid-email-message":"You have used an invalid email address. Please try again with a valid one.","fxa-connection-error-title":"Unable to connect","fxa-connection-error-message":"Unable to connect to Firefox right now. You can sign in or create an account from your phone's settings or try it again.","fxa-reset-password-error-title":"Unable to reset password","fxa-reset-password-error-message":"Your password was not reset. Please try again.","fxa-reset-password-in-settings-title":"Reset Password","fxa-reset-password-in-settings-message":"You can reset your password from your phone's settings.","fxa-generic-error-title":"Unable to connect to Firefox","fxa-generic-error-message":"Unable to connect to Firefox Accounts right now. Try your phone's settings or check your connection to Internet.","fxa-coppa-failure-error-title":"Cannot Create Account","fxa-coppa-failure-error-message":"You must meet certain age requirements to create a Firefox Accounts. <a href='http://www.ftc.gov/news-events/media-resources/protecting-consumer-privacy/kids-privacy-coppa'>Learn more</a>","fxa-coppa-ftu-error-message":"You must meet certain age requirements to create a Firefox Accounts. Try again later from Settings.","fxa-offline-error-title":"Unable to connect to Firefox","fxa-offline-error-message":"Unable to connect to Firefox Accounts right now. Check your phone' settings and your Internet connection.","fxa-unknown-error-title":"Unknown error","fxa-unknown-error-message":"Unknown error","fxa-connecting-to-firefox":"Connecting to Firefox Accounts","fxa-email-input":{"placeholder":"Email"},"fxa-use-email-to-sign-in":"Use your email address to create an account or sign in.","fxa-agree-to-tos-pp":"By proceeding, you agree to our <a href=\"#fxa-tos\">Terms of Service</a> and <a href=\"#fxa-pp\">Privacy Policy</a>","fxa-set-password-title":"Enter your new password","fxa-enter-password-title":"Enter your password","fxa-hello-user":"Hello, <a id=\"fxa-user-email\">hola@email.com</a>","fxa-password-refresh":"Please enter your Firefox Account password for <a id=\"fxa-user-email\">hola@email.com</a> to continue.","fxa-password":{"placeholder":"Password"},"fxa-forgot-password":"I forgot my password","fxa-show-password":"Show password","fxa-authenticating":"Authenticating","fxa-registering":"Registering","fxa-success":"Success!","fxa-ready-to-go":"Your Firefox Account is ready to go! ","fxa-use-services":"Now you can use <span id=\"fxa-summary-email\">email</span> to access services like Marketplace and Where’s My Fox.","fxa-manage-account-settings":"In the future, you can access and manage your account from your phone's settings.","fxa-confirm-account":"Confirm Your Account","fxa-sending-email-to":"We have sent you an email to: <strong id=\"fxa-summary-email\">email</strong>","fxa-tos-header":"Terms of Service","fxa-tos1":"Lorem ipsum dolor sit amet, consectetur adipisicing elit, sed do eiusmod tempor incididunt ut labore et dolore magna aliqua. Ut enim ad minim veniam, quis nostrud exercitation ullamco laboris nisi ut aliquip ex ea commodo consequat. Duis aute irure dolor in reprehenderit in voluptate velit esse cillum dolore eu fugiat nulla pariatur. ","fxa-tos2":"Excepteur sint occaecat qui of fi cia deserunt mollit anim id est laborum.  Lorem ipsum dolor sit amet, consectetur adipisicing elit, sed do eiusmod tempor incididunt ut labore et dolore magna aliqua. Ut enim ad minim veniam,quis nostrud exercitation ullamco laboris nisi ut aliquip ex ea commodo consequat. Duis aute irure dolor in.","fxa-pp-header":"Privacy Policy","fxa-pp1":"Lorem ipsum dolor sit amet, consectetur adipisicing elit, sed do eiusmod tempor incididunt ut labore et dolore magna aliqua. Ut enim ad minim veniam, quis nostrud exercitation ullamco laboris nisi ut aliquip ex ea commodo consequat. Duis aute irure dolor in reprehenderit in voluptate velit esse cillum dolore eu fugiat nulla pariatur. ","fxa-pp2":"Excepteur sint occaecat qui of fi cia deserunt mollit anim id est laborum.  Lorem ipsum dolor sit amet, consectetur adipisicing elit, sed do eiusmod tempor incididunt ut labore et dolore magna aliqua. Ut enim ad minim veniam,quis nostrud exercitation ullamco laboris nisi ut aliquip ex ea commodo consequat. Duis aute irure dolor in.","fxa-age-verification":"Age Verification","fxa-age-1990-earlier":"1990 or earlier","fxa-year-of-birth":"Year of Birth"}