{"ok":"OK","back":"Vissza","help":"Súgó","cancel":"Mégse","close":"Bezárás","skip":"Kihagyás","airplaneMode":"Repülő mód","searching":"Keresés…","noNetwork":"Nincs hálózat","roaming":"{{operator}} (Roaming)","emergencyCallsOnly":"Csak segélyhívások","emergencyCallsOnly-unknownSIMState":"(ismeretlen SIM állapot)","emergencyCallsOnly-noSIM":"(nincs SIM)","emergencyCallsOnly-pinRequired":"(SIM PIN kód szükséges)","emergencyCallsOnly-pukRequired":"(SIM PUK kód szükséges)","emergencyCallsOnly-networkLocked":"(hálózat zárolva)","emergencyCallsOnly-serviceProviderLocked":"(szolgáltató zárolta)","emergencyCallsOnly-corporateLocked":"(cég zárolta)","emergencyCallsOnly-network1Locked":"(network1 locked)","emergencyCallsOnly-network2Locked":"(network2 locked)","emergencyCallsOnly-hrpdNetworkLocked":"(hrpd network locked)","emergencyCallsOnly-ruimCorporateLocked":"(ruim corporate locked)","emergencyCallsOnly-ruimServiceProviderLocked":"(ruim service provider locked)","enterPIN":"Írja be a PIN-t","statusbarLabel":"{{date}}, {{operator}}","statusbarDateFormat":"%b %e","notifications":"Értesítések","clear-all":"Összes törlése","newVoicemails":{"_index":["plural","n"],"_":{"zero":"Nincs új hangpostaüzenet","one":"Egy új hangpostaüzenet","two":"{{n}} új hangpostaüzenet","few":"{{n}} új hangpostaüzenet","many":"{{n}} új hangpostaüzenet","other":"{{n}} új hangpostaüzenet"}},"newVoicemailsUnknown":"Új hangpostaüzenet","dialNumber":"{{number}} tárcsázása","voicemailNotificationMultiSim":"(SIM {{n}}) {{title}}","confirmNFCConnectMsg1":"Are you sure you want to connect to the device?","confirmNFCConnectMsg2":"Turn on Bluetooth and connect to the device?","confirmNFCConnectMsg3":"Are you sure you want to connect to {{n}}?","confirmNFCConnectMsg4":"Turn on Bluetooth and connect to {{n}}?","deviceMenu":"Telefon","airplane":"Repülő mód bekapcsolása","airplaneOff":"Repülő mód kikapcsolása","silent":"Bejövő hívások némítása","normal":"Bejövő hívások jelzése","restart":"Újraindítás","power":"Kikapcsolás","asyncpanzoom":"APZ kikapcsolása appokhoz","asyncpanzoomOff":"APZ bekapcsolása appokhoz","enableScreenReaderSteps":"A képernyőolvasó bekapcsolásához nyomja meg még háromszor a hangerő fel, majd a hangerő le gombokat","disableScreenReaderSteps":"A képernyőolvasó kikapcsolásához nyomja meg még háromszor a hangerő fel, majd a hangerő le gombokat","no-recent-apps":"Nincs legutóbbi app","yes":"Igen","no":"Nem","dontallow":"Don’t allow","allow":"Engedélyezés","dontshare-geolocation":"Ne ossza meg","share-geolocation":"Megosztás","dontshare-audio-capture":"Ne ossza meg","share-audio-capture":"Megosztás","dontshare-video-capture":"Ne ossza meg","share-video-capture":"Megosztás","dontshare-media-capture":"Ne ossza meg","share-media-capture":"Megosztás","device-front":"Elülső kamera","device-back":"Hátsó kamera","remember-my-choice":"Válasz megjegyzése","more-info":"Több információ…","hide-info":"Hide info","install-app":"Telepíti ezt: {{name}}?","size":"Méret","author":"Szerző","size-unknown":"Ismeretlen","author-unknown":"Ismeretlen","install":"Telepítés","bytes":"bájt","kB":"kB","MB":"MB","GB":"GB","TB":"TB","PB":"PB","app-install-generic-error":"{{ appName }} letöltése leállítva","app-install-download-failed":"{{ appName }} letöltése meghiúsult","app-install-install-failed":"{{ appName }} telepítése meghiúsult","cancelling-will-not-refund":"A telepítés megszakítása az app árát nem téríti vissza! Az\\tapp árát kizárólag az app értékesítője térítheti vissza Önnek.","apps-can-be-installed-later":"Az app a későbbiek folyamán is telepíthető.","are-you-sure-you-want-to-cancel":"Biztosan megszakítja az app telepítését?","cancel-install":"Telepítés megszakítása","cancel-install-button":"Cancel Install","resume":"Folytatás","continue":"Folytatás","stopDownloading":"Leállítja a(z) {{ app }} letöltését?","app-download-can-be-restarted":"A letöltés később újraindítható.","app-download-stop-button":"Letöltés leállítása","not-enough-space":"Nincs elég hely","not-enough-space-message":"Nincs elég hely az app telepítéséhez. Szabadítson fel helyet régi appok vagy médiafájlok törlésével, és próbálja újra telepíteni az eredeti forrásból.","app-install-success":"{{ appName }} telepítve","setup":"Beállítás","ime-addkeyboards":"Minden billentyűzet","later":"Később","download":"Letöltés","wantToDownload":"Letölti most a frissítést?","wantToInstall":"Telepíti most a frissítést?","installNow":"Telepítés most","notNow":"Most nem","downloadingUpdateMessage":{"innerHTML":"Frissítések letöltése… <span>{{ progress }} letöltve.</span>"},"downloadingAppMessage":"{{ appName }} letöltése","downloadingAppProgressNoMax":"{{ progress }} letöltve","downloadingAppProgressIndeterminate":"Letöltés","downloadingAppProgress":"{{ progress }} / {{ max }} letöltve","cancelAllDownloads":"Összes letöltés megszakítása","wantToCancelAll":"Biztos, hogy megszakít minden telepítést?","downloadError":"Hiba történt a frissítések letöltésekor.","updateAvailableInfo":{"innerHTML":{"_index":["plural","n"],"_":{"one":"{{ n }} frissítés érhető el. <span>Koppintson további információkért.</span>","two":"{{ n }} frissítés érhető el. <span>Koppintson további információkért.</span>","few":"{{ n }} frissítés érhető el. <span>Koppintson további információkért.</span>","many":"{{ n }} frissítés érhető el. <span>Koppintson további információkért.</span>","other":"{{ n }} frissítés érhető el. <span>Koppintson további információkért.</span>"}}},"numberOfUpdates":{"_index":["plural","n"],"_":{"one":"{{ n }} frissítés érhető el","two":"{{ n }} frissítés érhető el","few":"{{ n }} frissítés érhető el","many":"{{ n }} frissítés érhető el","other":"{{ n }} frissítés érhető el"}},"systemUpdate":"Rendszerfrissítés","systemUpdateReady":"A rendszer frissítésre kész","required":"Szükséges","uncompressingMessage":{"innerHTML":"Kibontás… <span>Ez eltarthat egy kis ideig.</span>"},"downloadNoWifiWarning":"Nem érhető el Wi-Fi. A frissítés a jelenlegi kapcsolaton további költségek felmerülését okozhatja.","downloadOfflineWarning":"Nincs kapcsolat. Kapcsolódjon egy hálózathoz a frissítések letöltéséhez.","downloadDataConnectionWarning":"A frissítések adatkapcsolaton keresztül kerülnek letöltésre, ha nem érhető el Wi-Fi. További költségek felmerülhetnek.","downloadUpdatesViaDataConnection":"Adatkapcsolaton tölti le a frissítéseket?","downloadUpdatesViaDataConnectionMessage":"A frissítések adatkapcsolaton keresztül kerülnek letöltésre, ha nem érhető el Wi-Fi. Adatkapcsolat használatakor a telefonhívások blokkolásra kerülhetnek, és további költségek is felmerülhetnek.","screenshotSaved":"Kép mentve a Galériába","screenshotFailed":"A kép nem menthető","screenshotNoSDCard":"Nem található memóriakártya","screenshotSDCardInUse":"A memóriakártya használatban van","screenshotSDCardLow":"Nincs elég hely a memóriakártyán","emergency-call-button":"Segélyhívó","emergency-call":"Segélyhívó","unlock-a11y-button":{"ariaLabel":"Feloldás"},"camera-a11y-button":{"ariaLabel":"Kamera"},"longDateFormat":"%B %d. %A","softwareHomeButton":{"ariaLabel":"Kezdőoldal"},"login":"Bejelentkezés","username":"Felhasználónév","password":"Jelszó","http-authentication-message":"{{host}} felhasználónevet és jelszót kér. A webhely üzenete: „{{realm}}”","error-message":"{{name}} nem töltődik be megfelelően","error-title":"{{name}} problémát tapasztalt","airplane-is-on":"A repülő mód be van kapcsolva","airplane-is-turned-on":"{{name}} hálózati kapcsolatot igényel. Kapcsolja ki a repülő módot a Beállításokban, és csatlakozzon egy Wi-Fi-s vagy mobilos adathálózathoz.","server-not-found":"Kiszolgáló nem található","server-not-found-error":"Nem található a kiszolgáló itt: {{name}}.","file-not-found":"File not found","file-not-found-error":"The device can’t display this page because the file cannot be found.","connection-failed":"Unable to connect","connection-failed-error":"A network error occurred while trying to reach the site.","invalid-connection":"Unable to connect","invalid-connection-error":"A network error occurred while trying to reach the site.","malformed-uri":"URL not valid","malformed-uri-error":"The URL entered is not valid and cannot be loaded.","redirect-loop":"Can’t display page","redirect-loop-error":"The device can’t display this page because the page is not redirecting properly. Try this page again at a later time.","not-cached":"Page expired","not-cached-error":"As a security precaution, this page cannot be displayed by the device because it has expired.","is-printing-error":"The document cannot change while Printing or in Print Preview.","denied-port-access":"This address is restricted","denied-port-access-error":"This address uses a network port which is normally used for purposes other than Web browsing. The device has cancelled the request for your protection.","proxy-resolve-failure":"Proxy Server Error","proxy-resolve-failure-error":"The device is configured to use a proxy server that can’t be found.","proxy-connect-failure":"Proxy Server Error","proxy-connect-failure-error":"The device is configured to use a proxy server that is refusing connections.","content-encoding":"Can’t display page","content-encoding-error":"The device can’t display this page because a content encoding error occurred.","remote-xul":"Page unsupported","remote-xul-error":"This page can’t be displayed because it uses a technology that is not supported on the device.","phishing-blocked":"Warning","phishing-blocked-error":"The website has been reported as a web forgery designed to trick users into sharing personal or financial information.","malware-blocked":"Malware attack blocked","malware-blocked-error":"The site at has been reported as an attack site and has been blocked.","unsafe-content-type":"Unsafe content","unsafe-content-type-error":"The page cannot be shown because it may not be safe to open.","corrupted-content":"Can’t display page","corrupted-content-error":"The page cannot be shown because an error in the data transmission was detected.","network-connection-unavailable":"Nincs hálózati kapcsolat","network-error":"{{name}} hálózati kapcsolatot igényel. Próbáljon csatlakozni egy Wi-Fi-s vagy mobilos adathálózathoz.","network-error-launching":"{{name}} requires an Internet connection.","network-error-in-app":"No access to the Internet right now.","unable-to-connect":"Nem lehet kapcsolódni","try-again":"Próbálja újra","check-settings":"Check settings","tap-to-check-settings":"Tap to check settings","select-time":"Válasszon időt","choose-option":"Válasszon","choose-options":"Válasszon","select-day":"Válasszon napot","battery-almost-empty":"Az akkumulátor majdnem üres","add-to-home-screen":"Kezdőképernyőre","crash-dialog2-os":"{{brandShortName}} helyreállt az összeomlás után","crash-dialog-app":"{{name}} összeomlott","crash-dialog-message":"Szeretne jelentést küldeni a Mozillának a hibáról, hogy ezzel is segítsen javítani a problémát? (A jelentések csak Wi-Fi használatával kerülnek elküldésre.)","crash-info-link":"Mit tartalmaz a hibajelentés?","crash-always-report":"Minden hiba esetén küldjön jelentést a Mozillának.","crash-dont-send":"Ne küldjön","crash-end":"Jelentés küldése","crashReports":"Hibajelentések","done":"Bezárás","crash-reports-description-1":"A hibajelentés a hibával és az eszközével kapcsolatos részleteket, valamint az eszköz állapotának pillanatképét tartalmazza.","crash-reports-description-2":"Ebbe a megnyitott lapok és appok, űrlapokba gépelt szövegek és a nyitott üzenetek tartalma, a böngészési előzmények vagy egy nyitott app által használt földrajzi koordináták tartozhatnak.","crash-reports-description-3-start":"A hibajelentéseket a problémák javításához és termékeink tökéletesítéséhez használjuk. Információit az ","crash-reports-description-3-privacy":"adatvédelmi irányelvekben","crash-reports-description-3-end":"leírtaknak megfelelően kezeljük.","crash-banner-os2":"{{brandShortName}} összeomlott.","crash-banner-app":"{{name}} összeomlott.","crash-banner-report":"Jelentés","bluetooth-sending-progress":"Bluetooth átvitel küldése…","bluetooth-receiving-progress":"Bluetooth átvitel fogadása…","acceptFileTransfer":"Elfogadja a Bluetooth fájlátvitelt?","wantToReceiveFile":"{{deviceName}} szeretné átvinni ezt: {{fileName}} ({{fileSize}}).","transfer-confirmation-title":"{{deviceName}}","transfer-confirmation-description":"Átviteli kérés áttekintése.","byteUnit-B":"B","byteUnit-KB":"KB","byteUnit-MB":"MB","byteUnit-GB":"GB","byteUnit-TB":"TB","byteUnit-PB":"PB","byteUnit-EB":"EB","byteUnit-ZB":"ZB","byteUnit-YB":"YB","fileSize":"{{size}} {{unit}}","deny":"Tiltás","transfer":"Átvitel","cancelFileTransfer":"Megszakítja a Bluetooth fájlátvitelt?","continueFileTransfer":"Continue","transfer-has-started-title":"Az átvitel megkezdődött","transfer-has-started-description":"Haladását lásd az értesítési központban","transferFinished-sentSuccessful-title":"Fájl elküldve","transferFinished-receivedSuccessful-title":"Fájl fogadva","transferFinished-sentFailed-title":"A fájl nem küldhető el","transferFinished-receivedFailed-title":"A fájl nem fogadható","transferReport-title":"Átviteli jelentés:","transferReport-description":"{{numSuccessful}} fájl sikeres, {{numUnsuccessful}} fájl sikertelen","unknown-file":"Ismeretlen fájl","unknown-device":"Ismeretlen eszköz","cannotOpenFile":"A kapott fájl nem nyitható meg","unknownMediaTypeToOpen":"Nem nyitható meg az ismeretlen médiatípus:","cannotReceiveFile":"A fájl nem fogadható","cannotGetStorageState":"Az eszköz tárhelyállapota nem kérhető le","sdcard-not-exist2":"Nem található memóriakártya. Helyezzen be egy memóriakártyát.","sdcard-in-use":"A Bluetooth nem használható, ha a telefon be van dugva. Húzza ki a telefont a fájlok fogadásához.","sdcard-no-space2":"Az átvitel nem fejezhető be: a memóriakártya megtelt.","unknown-error":"Ismeretlen hiba","confirm":"Megerősítés","microphone-is-on":"Mik. be","camera-is-on":"Kamera be","media-is-on":"Kamera és mik. be","noSimCard":"Nincs SIM kártya","simPin":"SIM PIN kód","pukCode":"PUK kód","nckCode":"NCK kód","cckCode":"CCK kód","spckCode":"SPCK kód","nck1code":"NCK1 code","nck2code":"NCK2 code","hnckcode":"HNCK code","rcckcode":"RCCK code","rspckcode":"RSPCK code","whatIsSimPin":"Mi az a SIM PIN kód?","simPinIntro1":"A SIM PIN kód megakadályozza a SIM kártya mobil adathálózatainak elérését. Ha be van kapcsolva, a SIM kártyát tartalmazó bármely eszköz újraindításkor bekéri a PIN kódot.","simPinIntro2":"A SIM PIN kód nem azonos az eszköz feloldására használt jelkóddal.","changeSimPin":"PIN kód módosítása","pinTitle":"Írja be a SIM PIN-t","multiSIMpinTitle":"{{n}}. SIM PIN beírása","pukTitle":"Írja be a PUK kódot","nckTitle":"Írja be az NCK kódot","cckTitle":"Írja be a CCK kódot","spckTitle":"Írja be az SPCK kódot","nck1Title":"Enter NCK1 code","nck2Title":"Enter NCK2 code","hnckTitle":"Enter HNCK code","rcckTitle":"Enter RCCK code","rspckTitle":"Enter RSPCK code","newpinTitle":"Új PIN kód","inputCodeRetriesLeft":{"_index":["plural","n"],"_":{"one":"Utolsó kísérlet.","two":"Még {{n}} kísérlete van.","few":"Még {{n}} kísérlete van.","many":"Még {{n}} kísérlete van.","other":"Még {{n}} kísérlete van."}},"pinErrorMsg":"A PIN kód helytelen volt.","pinAttemptMsg2":{"_index":["plural","n"],"_":{"one":"Egy kísérlete van a helyes kód megadására a SIM kártya zárolása előtt.","two":"{{n}} kísérlete van a helyes kód megadására a SIM kártya zárolása előtt.","few":"{{n}} kísérlete van a helyes kód megadására a SIM kártya zárolása előtt.","many":"{{n}} kísérlete van a helyes kód megadására a SIM kártya zárolása előtt.","other":"{{n}} kísérlete van a helyes kód megadására a SIM kártya zárolása előtt."}},"pinLastChanceMsg":"Ez az utolsó lehetősége a helyes PIN kód megadására. Ellenkező esetben a PUK kódot kell megadnia a SIM kártya használatához.","simCardLockedMsg":"A SIM kártya zárolva van.","enterPukMsg":"Meg kell adnia a SIM kártya PUK (személyes feloldókulcs) kódját. További információkért nézze meg a SIM kártya dokumentációját, vagy keresse meg szolgáltatóját.","pukErrorMsg":"A PUK kód helytelen.","pukAttemptMsg2":{"_index":["plural","n"],"_":{"one":"Még egy lehetősége van a helyes kód megadására, mielőtt a SIM kártya véglegesen használhatatlanná válik. További információkért nézze meg a SIM kártya dokumentációját, vagy keresse meg szolgáltatóját.","two":"Még {{n}} lehetősége van a helyes kód megadására, mielőtt a SIM kártya véglegesen használhatatlanná válik. További információkért nézze meg a SIM kártya dokumentációját, vagy keresse meg szolgáltatóját.","few":"Még {{n}} lehetősége van a helyes kód megadására, mielőtt a SIM kártya véglegesen használhatatlanná válik. További információkért nézze meg a SIM kártya dokumentációját, vagy keresse meg szolgáltatóját.","many":"Még {{n}} lehetősége van a helyes kód megadására, mielőtt a SIM kártya véglegesen használhatatlanná válik. További információkért nézze meg a SIM kártya dokumentációját, vagy keresse meg szolgáltatóját.","other":"Még {{n}} lehetősége van a helyes kód megadására, mielőtt a SIM kártya véglegesen használhatatlanná válik. További információkért nézze meg a SIM kártya dokumentációját, vagy keresse meg szolgáltatóját."}},"pukLastChanceMsg":"Ez az utolsó lehetősége a helyes PUK kód megadására. A SIM kártyája véglegesen használhatatlan lesz, ha rossz PUK kódot ad meg. További információkért nézze meg a SIM kártya dokumentációját, vagy keresse meg szolgáltatóját.","newSimPinMsg":"PIN kód létrehozása (4 -- 8 számjegyet tartalmazhat)","confirmNewSimPinMsg":"Új PIN kód megerősítése","newPinErrorMsg":"A PIN kódok nem egyeznek.","nckErrorMsg":"Az NCK kód helytelen.","nckAttemptMsg2":{"_index":["plural","n"],"_":{"one":"A hálózat személytelenítésére vonatkozó kérés sikertelen. Még egy lehetősége van a helyes kód megadására. Nézze meg az eszköz dokumentációját, vagy keresse meg szolgáltatóját.","two":"A hálózat személytelenítésére vonatkozó kérés sikertelen. Még {{n}} lehetősége van a helyes kód megadására. Nézze meg az eszköz dokumentációját, vagy keresse meg szolgáltatóját.","few":"A hálózat személytelenítésére vonatkozó kérés sikertelen. Még {{n}} lehetősége van a helyes kód megadására. Nézze meg az eszköz dokumentációját, vagy keresse meg szolgáltatóját.","many":"A hálózat személytelenítésére vonatkozó kérés sikertelen. Még {{n}} lehetősége van a helyes kód megadására. Nézze meg az eszköz dokumentációját, vagy keresse meg szolgáltatóját.","other":"A hálózat személytelenítésére vonatkozó kérés sikertelen. Még {{n}} lehetősége van a helyes kód megadására. Nézze meg az eszköz dokumentációját, vagy keresse meg szolgáltatóját."}},"nckLastChanceMsg":"A hálózat személytelenítésére vonatkozó kérés sikertelen. Ez az utolsó lehetősége a helyes NCK kód megadására. Nézze meg az eszköz dokumentációját, vagy keresse meg szolgáltatóját.","activity-pick":"Válasszon ezekből:","activity-view":"Megjelenítés ezzel:","activity-test":"Tesztelés ezzel:","activity-share":"Megosztás ezzel:","activity-new":"Létrehozás ezzel:","activity-open":"Megnyitás ezzel:","activity-save-bookmark":"Könyvjelző ebbe:","activity-record":"Rögzítés innen:","activity-browse":"Tallózás ezzel:","activity-configure":"Konfigurálás ezzel:","activity-dial":"Tárcsázás innen:","persona-signin":"Bejelentkezés","payment-flow":"Vásárlás","remoteDebuggerMessage":"Bejövő kérés érkezett távoli hibakereső kapcsolat engedélyezésére. Engedélyezi a kapcsolatot?","fullscreen-request":"{{origin}} teljes képernyős.","captive-wifi-available":"{{networkName}} hálózat elérhető. Kapcsolódik?","ceWarningtitle":"Hangerő-beállítás","ceWarningcontent":"A halláskárosodás megelőzése érdekében ne használjon sokáig nagy hangerőt.","notification-powersaving-mode-on-title":"Energiatakarékos mód","notification-powersaving-mode-on-description":"Energiatakarékos mód be.","low-device-storage":"Kevés a hely az eszközön.\\n","free-space":{"_index":["plural","value"],"_":{"zero":"Nincs több szabad hely.","one":"Kevesebb, mint {{value}} {{unit}} maradt.","two":"Kevesebb, mint {{value}} {{unit}} maradt.","few":"Kevesebb, mint {{value}} {{unit}} maradt.","many":"Kevesebb, mint {{value}} {{unit}} maradt.","other":"Kevesebb, mint {{value}} {{unit}} maradt."}},"unknown-free-space":"Ismeretlen maradék hely.","system-alert":"Rendszerértesítés","cb-channel":"{{channel}} csatorna","icc-message-title":"Operátori üzenet a(z) {{id}} SIM-ről","icc-confirmCall-defaultmessage":"Felhívja: {{number}}?","icc-alertMessage-defaultmessage":"Üzenet küldése","icc-confirmMessage-defaultmessage":"Elküldi az üzenetet?","icc-inputbox-title":"STK lekérdezés a(z) {{id}} SIM-ről","emergency-callback-mode":"Vészvisszahívás mód","emergency-callback-message":"Nem tud hívást kezdeményezni, üzenetet küldeni és internetezni a bekapcsolt vészvisszahívási mód miatt. Ki szeretné kapcsolni ezt a módot?","cdma-record-info":"CDMA rekordinformációk","ime-switching-title":"{{appName}}: {{name}}","ime-switching-tip":"Koppintson a bevitelimód-váltáshoz","layout-selection":"Válasszon kiosztást","shrinking-tip":"Csúsztasson a megosztáshoz","download_started":"Letöltés elindult","download_stopped":"Letöltés leállt","download_downloading":"Letöltés…","download_succeeded":"Letöltés befejeződött","download_failed":"Letöltés meghiúsult","download_text_by_default":"{{name}}","download_downloading_text_2":"{{percentage}}% - {{name}}","search-or-enter-address":{"_":"Search or enter address","placeholder":"Search or enter address"},"noSIMCardInHotspot":"A SIM kártya hiányzik vagy helytelenül van behelyezve, hotspot kikapcsolása","brandShortName":"B2G OS","browserBrandShortName":"Webböngésző","browserBrandFullName":"Mozilla webböngésző","weekday-0-long":"Vasárnap","weekday-1-long":"Hétfő","weekday-2-long":"Kedd","weekday-3-long":"Szerda","weekday-4-long":"Csütörtök","weekday-5-long":"Péntek","weekday-6-long":"Szombat","weekday-0-short":"Va.","weekday-1-short":"Hé.","weekday-2-short":"Ke.","weekday-3-short":"Sze.","weekday-4-short":"Csü.","weekday-5-short":"Pé.","weekday-6-short":"Szo.","month-0-long":"Január","month-1-long":"Február","month-2-long":"Március","month-3-long":"Április","month-4-long":"Május","month-5-long":"Június","month-6-long":"Július","month-7-long":"Augusztus","month-8-long":"Szeptember","month-9-long":"Október","month-10-long":"November","month-11-long":"December","month-0-genitive":"Január","month-1-genitive":"Február","month-2-genitive":"Március","month-3-genitive":"Április","month-4-genitive":"Május","month-5-genitive":"Június","month-6-genitive":"Július","month-7-genitive":"Augusztus","month-8-genitive":"Szeptember","month-9-genitive":"Október","month-10-genitive":"November","month-11-genitive":"December","month-0-short":"Jan","month-1-short":"Feb","month-2-short":"Már","month-3-short":"Ápr","month-4-short":"Máj","month-5-short":"Jún","month-6-short":"Júl","month-7-short":"Aug","month-8-short":"Szep","month-9-short":"Okt","month-10-short":"Nov","month-11-short":"Dec","minutes-ago-long":{"_index":["plural","value"],"_":{"zero":"épp most","one":"egy perccel ezelőtt","two":"{{value}} perccel ezelőtt","few":"{{value}} perccel ezelőtt","many":"{{value}} perccel ezelőtt","other":"{{value}} perccel ezelőtt"}},"hours-ago-long":{"_index":["plural","value"],"_":{"zero":"épp most","one":"egy órája","two":"{{value}} órával ezelőtt","few":"{{value}} órával ezelőtt","many":"{{value}} órával ezelőtt","other":"{{value}} órával ezelőtt"}},"days-ago-long":{"_index":["plural","value"],"_":{"zero":"ma","one":"tegnap","two":"{{value}} nappal ezelőtt","few":"{{value}} nappal ezelőtt","many":"{{value}} nappal ezelőtt","other":"{{value}} nappal ezelőtt"}},"weeks-ago-long":{"_index":["plural","value"],"_":{"zero":"ez a hét","one":"múlt hét","two":"{{value}} héttel ezelőtt","few":"{{value}} héttel ezelőtt","many":"{{value}} héttel ezelőtt","other":"{{value}} héttel ezelőtt"}},"months-ago-long":{"_index":["plural","value"],"_":{"zero":"ez a hónap","one":"előző hónap","two":"{{value}} hónappal ezelőtt","few":"{{value}} hónappal ezelőtt","many":"{{value}} hónappal ezelőtt","other":"{{value}} hónappal ezelőtt"}},"years-ago-long":{"_index":["plural","value"],"_":{"zero":"ez az év","one":"tavaly","two":"{{value}} évvel ezelőtt","few":"{{value}} évvel ezelőtt","many":"{{value}} évvel ezelőtt","other":"{{value}} évvel ezelőtt"}},"minutes-until-long":{"_index":["plural","value"],"_":{"zero":"most","one":"egy percen belül","two":"{{value}} percen belül","few":"{{value}} percen belül","many":"{{value}} percen belül","other":"{{value}} percen belül"}},"hours-until-long":{"_index":["plural","value"],"_":{"zero":"most","one":"egy órán belül","two":"{{value}} órán belül","few":"{{value}} órán belül","many":"{{value}} órán belül","other":"{{value}} órán belül"}},"days-until-long":{"_index":["plural","value"],"_":{"zero":"ma","one":"holnap","two":"{{value}} napon belül","few":"{{value}} napon belül","many":"{{value}} napon belül","other":"{{value}} napon belül"}},"weeks-until-long":{"_index":["plural","value"],"_":{"zero":"ez a hét","one":"következő hét","two":"{{value}} héten belül","few":"{{value}} héten belül","many":"{{value}} héten belül","other":"{{value}} héten belül"}},"months-until-long":{"_index":["plural","value"],"_":{"zero":"ez a hónap","one":"következő hónap","two":"{{value}} héten belül","few":"{{value}} héten belül","many":"{{value}} héten belül","other":"{{value}} héten belül"}},"years-until-long":{"_index":["plural","value"],"_":{"zero":"ez az év","one":"következő év","two":"{{value}} éven belül","few":"{{value}} éven belül","many":"{{value}} éven belül","other":"{{value}} éven belül"}},"minutes-ago-short":{"_index":["plural","value"],"_":{"zero":"épp most","other":"{{value}}p ezelőtt"}},"hours-ago-short":{"_index":["plural","value"],"_":{"zero":"épp most","other":"{{value}}ó ezelőtt"}},"days-ago-short":{"_index":["plural","value"],"_":{"zero":"ma","other":"{{value}}n ezelőtt"}},"minutes-until-short":{"_index":["plural","value"],"_":{"zero":"most","other":"{{value}} percen belül"}},"hours-until-short":{"_index":["plural","value"],"_":{"zero":"most","other":"{{value}} órán belül"}},"days-until-short":{"_index":["plural","value"],"_":{"zero":"ma","other":"{{value}} napon belül"}},"incorrectDate":"(helytelen dátum)","dateTimeFormat_%c":"%Y. %b %d %a %H:%M:%S","dateTimeFormat_%x":"%Y. %m. %d.","dateTimeFormat_%X":"%H:%M:%S","shortTimeFormat":"%H:%M","shortDateTimeFormat":"%x %H:%M","weekStartsOnMonday":"0","time_am":"DE","time_pm":"DU","perm-contacts":"Névjegyek","perm-contacts-appRequest":"{{app}} el szeretné érni a névjegyek listáját.","perm-contacts-webRequest":"{{site}} el szeretné érni a névjegyek listáját.","perm-desktop-notification":"Értesítések","perm-desktop-notification-appRequest":"{{app}} szeretne értesítéseket megjeleníteni.","perm-desktop-notification-webRequest":"{{site}} szeretne értesítéseket megjeleníteni.","perm-device-storage-music":"Zene tárhely","perm-device-storage-music-appRequest":"{{app}} el szeretné érni a zenéit.","perm-device-storage-music-webRequest":"{{site}} el szeretné érni a zenéit.","perm-device-storage-pictures":"Képek tárhely","perm-device-storage-pictures-appRequest":"{{app}} el szeretné érni a képeit.","perm-device-storage-pictures-webRequest":"{{site}} el szeretné érni a képeit.","perm-device-storage-sdcard":"SD-kártya tárhely","perm-device-storage-sdcard-appRequest":"{{app}} el szeretné érni a memóriakártyáját.","perm-device-storage-sdcard-webRequest":"{{site}} el szeretné érni a memóriakártyáját.","perm-device-storage-videos":"Videotárhely","perm-device-storage-videos-appRequest":"{{app}} el szeretné érni a videóit.","perm-device-storage-videos-webRequest":"{{site}} el szeretné érni a videóit.","perm-fmradio":"FM rádió","perm-fmradio-appRequest":"{{app}} szeretné használni az FM rádiót.","perm-fmradio-webRequest":"{{site}} szeretné használni az FM rádiót.","perm-geolocation":"Földrajzi helyzet","perm-geolocation-appRequest":"{{app}} szeretné tudni az Ön földrajzi helyzetét.","perm-geolocation-webRequest":"{{site}} szeretné tudni az Ön földrajzi helyzetét.","perm-geolocation-more-info":"A {{brandShortName}} a GPS, Wi-Fi és a közeli mobil hálózatok adatainak használatával határozza meg a megközelítő helyét. A Mozillának és más szolgáltatóknak adatok kerülnek elküldésre, amelyek összesítve azok helyadatbázisainak javítására lesznek felhasználva. Az eszközén adatok kerülhetnek tárolásra, és adatgyűjtés történhet akkor is, ha nem futnak appok.","perm-video-capture":"Kamera","perm-video-capture-appRequest":"Szeretné megosztani kameráját ezzel: {{app}}?","perm-video-capture-webRequest":"Szeretné megosztani kameráját ezzel: {{site}}?","perm-audio-capture":"Mikrofon","perm-audio-capture-appRequest":"Szeretné megosztani mikrofonját ezzel: {{app}}?","perm-audio-capture-webRequest":"Szeretné megosztani mikrofonját ezzel: {{site}}?","perm-media-capture":"Kamera és mikrofon","perm-media-capture-appRequest":"Szeretné megosztani kameráját és mikrofonját ezzel: {{app}}?","perm-media-capture-webRequest":"Szeretné megosztani kameráját és mikrofonját ezzel: {{site}}?","stopped_download_title":"A letöltés leállítva","stopped_download_message":"A letöltés le lett állítva. Megpróbálja újra?","stopped_download_left_button":"Mégse","stopped_download_right_button":"Újra","failed_download_title":"Letöltés sikertelen","failed_download_message":"{{name}} letöltése nem sikerült. Megpróbálja újra?","failed_download_left_button":"Mégse","failed_download_right_button":"Újra","stop_download_title":"Letöltés leállítása","stop_download_message":"Biztos, hogy leállítja a letöltést?","stop_download_left_button":"Nem","stop_download_right_button":"Igen","delete_download_title":"Törlés","delete_download_message":"Törli ezt: {{name}}?","delete_download_left_button":"Mégse","delete_download_right_button":"Törlés","delete_all_download_title":"Törlés","delete_all_download_left_button":"Mégse","delete_all_download_right_button":"Törlés","delete_all_download_message":{"_index":["plural","number"],"_":{"zero":"Egy fájlt sem töröl?","one":"Töröl egy fájlt?","two":"Töröl {{number}} fájlt?","few":"Töröl {{number}} fájlt?","many":"Töröl {{number}} fájlt?","other":"Töröl {{number}} fájlt?"}},"unsupported_file_type_download_title":"Nem lehet megnyitni","unsupported_file_type_download_message":"Nincs a(z) {{name}} megnyitására képes app. Menteni vagy törölni szeretné a fájlt?","unsupported_file_type_download_left_button":"Megtartás","unsupported_file_type_download_right_button":"Törlés","file_not_found_download_title":"A fájl nem található","file_not_found_download_message":"A fájl nem található az eszközön","file_not_found_download_right_button":"OK","unmounted_sdcard_2_download_title":"A memóriakártya használatban van","unmounted_sdcard_2_download_message":"Húzza ki a telefont","unmounted_sdcard_2_download_right_button":"OK","no_provider_download_title":"Nem lehet megosztani","no_provider_download_message":"Nem található szolgáltató","no_provider_download_right_button":"OK","no_memory_download_title":"Az SD-kártya tele","no_memory_download_message":"Nincs több szabad tárhely az SD-kártyán a letöltés tárolásához. A letöltés újraindítása előtt távolítson el néhány fájlt az SD-kártyáról.","no_memory_download_right_button":"OK","no_sdcard_found_2_download_title":"Nem található memóriakártya","no_sdcard_found_2_download_message":"Helyezzen be memóriakártyát, vagy válasszon másik alapértelmezett médiahelyet a beállításokban.","no_sdcard_found_2_download_right_button":"OK","file_open_error_download_title":"Nem lehet megnyitni","file_open_error_download_message":"Hiba a(z) {{name}} megnyitásakor. Menteni vagy törölni szeretné a fájlt?","file_open_error_download_left_button":"Megtartás","file_open_error_download_right_button":"Törlés","restart_download_error":"Hiba történt a letöltés újraindításakor. Próbálja újra letölteni.","no-downloads":"Nincs letöltés","percentage":"{{percentage}} %","partialResult":"{{partial}}/{{total}}","summary":"{{date}} - {{status}}","download-stopped":"Leállítva","download-failed":"A letöltés meghiúsult","open_downloaded_file":"Megnyitás","share_downloaded_file":"Megosztás","wallpaper_downloaded_file":"Beállítás háttérképként","ringtone_downloaded_file":"Beállítás csengőhangként","cancel_downloaded_file":"Mégse","voicemailNoNumberTitle":"Voicemail number is unavailable","voicemailNoNumberText":"Unable to call the voicemail. Set up the voicemail number to place the call.","voicemailNoNumberSettings":"Settings","voicemailNoNumberCancel":"Cancel","firefox-accounts-title":"Firefox Accounts","fxa-next":"Next","fxa-back":"Back","fxa-done":"Done","fxa-ok":"OK","fxa-account-does-not-exist-title":"Account does not exist","fxa-account-does-not-exist-message":"Account does not exist","fxa-cannot-create-account":"Unable to create account","fxa-cannot-create-password":"Unable to reset your Firefox Accounts password right now.","fxa-already-signed-in-title":"User is already signed in","fxa-already-signed-in-message":"There is an user is already signed in Firefox.","fxa-invalid-password-title":"Invalid password","fxa-invalid-password-message":"You have used an invalid password. Please try again with a valid one.","fxa-invalid-email-title":"Invalid email address","fxa-invalid-email-message":"You have used an invalid email address. Please try again with a valid one.","fxa-connection-error-title":"Unable to connect","fxa-connection-error-message":"Unable to connect to Firefox right now. You can sign in or create an account from your phone's settings or try it again.","fxa-reset-password-error-title":"Unable to reset password","fxa-reset-password-error-message":"Your password was not reset. Please try again.","fxa-reset-password-in-settings-title":"Reset Password","fxa-reset-password-in-settings-message":"You can reset your password from your phone's settings.","fxa-generic-error-title":"Unable to connect to Firefox","fxa-generic-error-message":"Unable to connect to Firefox Accounts right now. Try your phone's settings or check your connection to Internet.","fxa-coppa-failure-error-title":"Cannot Create Account","fxa-coppa-failure-error-message":"You must meet certain age requirements to create a Firefox Accounts. <a href='http://www.ftc.gov/news-events/media-resources/protecting-consumer-privacy/kids-privacy-coppa'>Learn more</a>","fxa-coppa-ftu-error-message":"You must meet certain age requirements to create a Firefox Accounts. Try again later from Settings.","fxa-offline-error-title":"Unable to connect to Firefox","fxa-offline-error-message":"Unable to connect to Firefox Accounts right now. Check your phone' settings and your Internet connection.","fxa-unknown-error-title":"Unknown error","fxa-unknown-error-message":"Unknown error","fxa-connecting-to-firefox":"Connecting to Firefox Accounts","fxa-email-input":{"placeholder":"Email"},"fxa-use-email-to-sign-in":"Use your email address to create an account or sign in.","fxa-agree-to-tos-pp":"By proceeding, you agree to our <a href=\"#fxa-tos\">Terms of Service</a> and <a href=\"#fxa-pp\">Privacy Policy</a>","fxa-set-password-title":"Enter your new password","fxa-enter-password-title":"Enter your password","fxa-hello-user":"Hello, <a id=\"fxa-user-email\">hola@email.com</a>","fxa-password-refresh":"Please enter your Firefox Account password for <a id=\"fxa-user-email\">hola@email.com</a> to continue.","fxa-password":{"placeholder":"Password"},"fxa-forgot-password":"I forgot my password","fxa-show-password":"Show password","fxa-authenticating":"Authenticating","fxa-registering":"Registering","fxa-success":"Success!","fxa-ready-to-go":"Your Firefox Account is ready to go! ","fxa-use-services":"Now you can use <span id=\"fxa-summary-email\">email</span> to access services like Marketplace and Where’s My Fox.","fxa-manage-account-settings":"In the future, you can access and manage your account from your phone's settings.","fxa-confirm-account":"Confirm Your Account","fxa-sending-email-to":"We have sent you an email to: <strong id=\"fxa-summary-email\">email</strong>","fxa-tos-header":"Terms of Service","fxa-tos1":"Lorem ipsum dolor sit amet, consectetur adipisicing elit, sed do eiusmod tempor incididunt ut labore et dolore magna aliqua. Ut enim ad minim veniam, quis nostrud exercitation ullamco laboris nisi ut aliquip ex ea commodo consequat. Duis aute irure dolor in reprehenderit in voluptate velit esse cillum dolore eu fugiat nulla pariatur. ","fxa-tos2":"Excepteur sint occaecat qui of fi cia deserunt mollit anim id est laborum.  Lorem ipsum dolor sit amet, consectetur adipisicing elit, sed do eiusmod tempor incididunt ut labore et dolore magna aliqua. Ut enim ad minim veniam,quis nostrud exercitation ullamco laboris nisi ut aliquip ex ea commodo consequat. Duis aute irure dolor in.","fxa-pp-header":"Privacy Policy","fxa-pp1":"Lorem ipsum dolor sit amet, consectetur adipisicing elit, sed do eiusmod tempor incididunt ut labore et dolore magna aliqua. Ut enim ad minim veniam, quis nostrud exercitation ullamco laboris nisi ut aliquip ex ea commodo consequat. Duis aute irure dolor in reprehenderit in voluptate velit esse cillum dolore eu fugiat nulla pariatur. ","fxa-pp2":"Excepteur sint occaecat qui of fi cia deserunt mollit anim id est laborum.  Lorem ipsum dolor sit amet, consectetur adipisicing elit, sed do eiusmod tempor incididunt ut labore et dolore magna aliqua. Ut enim ad minim veniam,quis nostrud exercitation ullamco laboris nisi ut aliquip ex ea commodo consequat. Duis aute irure dolor in.","fxa-age-verification":"Age Verification","fxa-age-1990-earlier":"1990 or earlier","fxa-year-of-birth":"Year of Birth"}