{"ok":"OK","back":"Indietro","help":"Aiuto","cancel":"Annulla","close":"Chiudi","skip":"Ignora","airplaneMode":"Modalità aereo","searching":"Ricerca…","noNetwork":"Nessuna rete","roaming":"{{operator}} (roaming)","emergencyCallsOnly":"Solo chiamate d’emergenza","emergencyCallsOnly-unknownSIMState":"(stato SIM sconosciuto)","emergencyCallsOnly-noSIM":"(SIM non presente)","emergencyCallsOnly-pinRequired":"(richiesto PIN SIM)","emergencyCallsOnly-pukRequired":"(richiesto PUK SIM)","emergencyCallsOnly-networkLocked":"(blocco rete)","emergencyCallsOnly-serviceProviderLocked":"(blocco gestore)","emergencyCallsOnly-corporateLocked":"(blocco aziendale)","emergencyCallsOnly-network1Locked":"(blocco network1)","emergencyCallsOnly-network2Locked":"(blocco network2)","emergencyCallsOnly-hrpdNetworkLocked":"(blocco rete hrpd)","emergencyCallsOnly-ruimCorporateLocked":"(blocco ruim aziendale)","emergencyCallsOnly-ruimServiceProviderLocked":"(blocco ruim gestore)","enterPIN":"Inserire PIN","statusbarLabel":"{{date}} {{operator}}","statusbarDateFormat":"%e %b.","notifications":"Notifiche","clear-all":"Elimina tutto","newVoicemails":{"_index":["plural","n"],"_":{"zero":"Segreteria: nessun nuovo mess.","one":"Segreteria: un nuovo mess.","two":"Segreteria: {{n}} nuovi mess.","few":"Segreteria: {{n}} nuovi mess.","many":"Segreteria: {{n}} nuovi mess.","other":"Segreteria: {{n}} nuovi mess."}},"newVoicemailsUnknown":"Segreteria: nuovo messaggio.","dialNumber":"Componi {{number}}","voicemailNotificationMultiSim":"(SIM {{n}}) {{title}}","confirmNFCConnectMsg1":"Are you sure you want to connect to the device?","confirmNFCConnectMsg2":"Turn on Bluetooth and connect to the device?","confirmNFCConnectMsg3":"Are you sure you want to connect to {{n}}?","confirmNFCConnectMsg4":"Turn on Bluetooth and connect to {{n}}?","deviceMenu":"Telefono","airplane":"Attiva modalità aereo","airplaneOff":"Disattiva modalità aereo","silent":"Modalità silenziosa","normal":"Modalità normale","restart":"Riavvia","power":"Spegni","asyncpanzoom":"Disattiva APZ per app","asyncpanzoomOff":"Attiva APZ per app","enableScreenReaderSteps":"Per attivare il Lettore schermo premere volume su e volume giù per 3 volte","disableScreenReaderSteps":"Per disattivare il Lettore schermo premere volume su e volume giù per 3 volte","no-recent-apps":"Nessuna app recente","yes":"Installa","no":"No","dontallow":"Non permettere","allow":"Permetti","dontshare-geolocation":"Non condividere","share-geolocation":"Condividi","dontshare-audio-capture":"Non condividere","share-audio-capture":"Condividi","dontshare-video-capture":"Non condividere","share-video-capture":"Condividi","dontshare-media-capture":"Non condividere","share-media-capture":"Condividi","device-front":"Camera anteriore","device-back":"Camera posteriore","remember-my-choice":"Ricorda questa scelta","more-info":"Altre informazioni…","hide-info":"Nascondi","install-app":"Installare {{name}}?","size":"Dim.","author":"Autore","size-unknown":"Sconosciuto","author-unknown":"Sconosciuto","install":"Installa","bytes":"byte","kB":"kB","MB":"MB","GB":"GB","TB":"TB","PB":"PB","app-install-generic-error":"Download di {{ appName }} interrotto","app-install-download-failed":"Download di {{ appName }} non riuscito","app-install-install-failed":"Installazione di {{ appName }} non riuscita","cancelling-will-not-refund":"L’annullamento non comporta un rimborso. I rimborsi per i contenuti acquistati vengono gestiti direttamente dal venditore.","apps-can-be-installed-later":"È possibile installare successivamente le app dal percorso di installazione originale.","are-you-sure-you-want-to-cancel":"Annullare questa installazione?","cancel-install":"Annulla installazione","cancel-install-button":"Annulla","resume":"Riprendi","continue":"Continua","stopDownloading":"Bloccare il download di {{ app }}?","app-download-can-be-restarted":"Questo download può essere riavviato successivamente.","app-download-stop-button":"Blocca download","not-enough-space":"Spazio insufficiente","not-enough-space-message":"Lo spazio disponibile non è sufficiente per l’installazione di questa app. Liberare spazio eliminando vecchie app o file multimediali e riprovare l’installazione dalla fonte originale.","app-install-success":"{{ appName }} installata","setup":"Configura","ime-addkeyboards":"Aggiungi tastiere","later":"In seguito","download":"Download","wantToDownload":"Scaricarlo adesso?","wantToInstall":"Installare l’aggiornamento adesso?","installNow":"Installa adesso","notNow":"Non adesso","downloadingUpdateMessage":{"innerHTML":"Download degli aggiornamenti… <span>Scaricato {{ progress }}.</span>"},"downloadingAppMessage":"Download in corso di {{ appName }}","downloadingAppProgressNoMax":"{{ progress }} scaricato","downloadingAppProgressIndeterminate":"Download in corso","downloadingAppProgress":"{{ progress }} / {{ max }} scaricato","cancelAllDownloads":"Annulla tutti i download","wantToCancelAll":"Annullare tutti i download?","downloadError":"Si è verificato un errore durante il download degli aggiornamenti.","updateAvailableInfo":{"innerHTML":{"_index":["plural","n"],"_":{"one":"{{ n }} aggiornamento disponibile. <span>Tocca per ulteriori informazioni.</span>","two":"{{ n }} aggiornamenti disponibili. <span>Tocca per ulteriori informazioni.</span>","few":"{{ n }} aggiornamenti disponibili. <span>Tocca per ulteriori informazioni.</span>","many":"{{ n }} aggiornamenti disponibili. <span>Tocca per ulteriori informazioni.</span>","other":"{{ n }} aggiornamenti disponibili. <span>Tocca per ulteriori informazioni.</span>"}}},"numberOfUpdates":{"_index":["plural","n"],"_":{"one":"{{ n }} aggiornamento disponibile","two":"{{ n }} aggiornamenti disponibili","few":"{{ n }} aggiornamenti disponibili","many":"{{ n }} aggiornamenti disponibili","other":"{{ n }} aggiornamenti disponibili"}},"systemUpdate":"Aggiornamento di sistema","systemUpdateReady":"Disponibile aggiornamento di sistema","required":"Obbligatorio","uncompressingMessage":{"innerHTML":"Decompressione… <span>Potrebbe richiedere alcuni minuti.</span>"},"downloadNoWifiWarning":"Wi-Fi non disponibile. L’aggiornamento con la connessione corrente potrebbe comportare costi aggiuntivi.","downloadOfflineWarning":"Connessione non disponibile. Connettersi a una rete per scaricare gli aggiornamenti.","downloadDataConnectionWarning":"Gli aggiornamenti vengono scaricati tramite connessione dati quando il Wi-Fi non è disponibile. Questo potrebbe comportare addebiti aggiuntivi.","downloadUpdatesViaDataConnection":"Scaricare gli aggiornamenti utilizzando la connessione dati?","downloadUpdatesViaDataConnectionMessage":"Gli aggiornamenti vengono scaricati tramite connessione dati quando il Wi-Fi non è disponibile. Utilizzando la connessione dati potrebbero essere bloccate le telefonate e potrebbero risultare addebiti aggiuntivi.","screenshotSaved":"Schermata salvata in Galleria","screenshotFailed":"Impossibile salvare la schermata","screenshotNoSDCard":"Scheda di memoria non disponibile","screenshotSDCardInUse":"Scheda di memoria in uso","screenshotSDCardLow":"Spazio insufficiente sulla scheda di memoria","emergency-call-button":"Chiamata di emergenza","emergency-call":"Chiamata di emergenza","unlock-a11y-button":{"ariaLabel":"Sblocca"},"camera-a11y-button":{"ariaLabel":"Fotocamera"},"longDateFormat":"%A %e %B","softwareHomeButton":{"ariaLabel":"Schermata principale"},"login":"Accedi","username":"Nome utente","password":"Password","http-authentication-message":"Sono richiesti un nome utente e una password da {{host}}. Il messaggio è: “{{realm}}”","error-message":"Caricamento dell’applicazione {{name}} non corretto","error-title":"Si stanno verificando dei problemi con {{name}}","airplane-is-on":"Modalità aereo attiva","airplane-is-turned-on":"{{name}} richiede una connessione di rete. Disattivare la modalità aereo da Impostazioni e attivare una connessione dati o Wi-Fi.","server-not-found":"Impossibile contattare il server","server-not-found-error":"Impossibile contattare il server {{name}}.","file-not-found":"File non trovato","file-not-found-error":"Impossibile visualizzare questa pagina: file non trovato.","connection-failed":"Connessione non riuscita","connection-failed-error":"Si è verificato un errore di rete durante la connessione al sito.","invalid-connection":"Connessione non riuscita","invalid-connection-error":"Si è verificato un errore di rete durante la connessione al sito.","malformed-uri":"Indirizzo non valido","malformed-uri-error":"L’indirizzo (URL) inserito non è valido e non può essere caricato.","redirect-loop":"Pagina non disponibile","redirect-loop-error":"Impossibile visualizzare questa pagina a causa di un reindirizzamento errato. Riprovare più tardi.","not-cached":"Pagina scaduta","not-cached-error":"Per motivi di sicurezza questa pagina non può essere visualizzata in quanto scaduta.","is-printing-error":"Il documento non può essere modificato durante la stampa o l’anteprima.","denied-port-access":"Indirizzo bloccato","denied-port-access-error":"Questo indirizzo utilizza una porta di rete utilizzata normalmente per scopi differenti dalla navigazione web. La richiesta è stata annullata per proteggere l’utente.","proxy-resolve-failure":"Errore del server proxy","proxy-resolve-failure-error":"Il dispositivo è configurato per utilizzare un server proxy che non risulta raggiungibile.","proxy-connect-failure":"Errore del server proxy","proxy-connect-failure-error":"Il dispositivo è configurato per utilizzare un server proxy che sta rifiutando le connessioni.","content-encoding":"Pagina non visualizzabile","content-encoding-error":"Impossibile visualizzare questa pagina a causa di un errore con la codifica.","remote-xul":"Pagina non supportata","remote-xul-error":"Impossibile visualizzare la pagina in quanto utilizza una tecnologia non supportata dal dispositivo.","phishing-blocked":"Attenzione","phishing-blocked-error":"Questo sito è stato segnalato come sito contraffatto, realizzato per indurre gli utenti a rivelare informazioni personali o finanziarie.","malware-blocked":"Sito malevolo","malware-blocked-error":"Questo sito è stato segnalato come sito web malevolo ed è stato bloccato.","unsafe-content-type":"Contenuto non sicuro","unsafe-content-type-error":"Impossibile visualizzare la pagina in quanto non sicura.","corrupted-content":"Pagina non disponibile","corrupted-content-error":"Impossibile visualizzare la pagina a causa di un errore rilevato durante la trasmissione dei dati.","network-connection-unavailable":"Connessione di rete non disponibile","network-error":"{{name}} richiede una connessione di rete. Attivare una connessione dati o Wi-Fi.","network-error-launching":"{{name}} richiede una connessione a Internet.","network-error-in-app":"Accesso a Internet non disponibile.","unable-to-connect":"Impossibile connettersi","try-again":"Riprova","check-settings":"Verifica impostazioni","tap-to-check-settings":"Tocca per verificare le impostazioni","select-time":"Scegli data e ora","choose-option":"Scegli","choose-options":"Scegli","select-day":"Scegli il giorno","battery-almost-empty":"Batteria quasi esaurita","add-to-home-screen":"Aggiungi alla schermata principale","crash-dialog2-os":"{{brandShortName}} è stato ripristinato dopo un blocco","crash-dialog-app":"{{name}} si è bloccato","crash-dialog-message":"Inviare a Mozilla una segnalazione dell’arresto anomalo per aiutarci a trovare una soluzione? Le segnalazioni vengono inviate solo via Wi-Fi.","crash-info-link":"Che cosa c’è in questa segnalazione?","crash-always-report":"Invia sempre una segnalazione a Mozilla in caso di arresto anomalo","crash-dont-send":"Non inviare","crash-end":"Invia","crashReports":"Segnalazione errori","done":"Fatto","crash-reports-description-1":"Una segnalazione contiene alcuni dettagli sul blocco e sul dispositivo, così come una istantanea dello stato del dispositivo quando si è bloccato.","crash-reports-description-2":"Questo potrebbe includere informazioni quali pagine e applicazioni aperte, testo inserito in moduli e contenuto di messaggi aperti, cronologia di navigazione recente o informazioni sulla posizione utilizzate da un’applicazione aperta.","crash-reports-description-3-start":"Utilizziamo queste segnalazioni per risolvere i problemi e migliorare i nostri prodotti. Gestiamo queste informazioni come descritto nella nostra ","crash-reports-description-3-privacy":"informativa sulla privacy","crash-reports-description-3-end":".","crash-banner-os2":"{{brandShortName}} si è bloccato.","crash-banner-app":"{{name}} si è bloccato.","crash-banner-report":"Segnalazione","bluetooth-sending-progress":"Invio trasferimento bluetooth…","bluetooth-receiving-progress":"Ricezione trasferimento bluetooth…","acceptFileTransfer":"Accettare trasferimento file via bluetooth?","wantToReceiveFile":"Richiesta da {{deviceName}} per il trasferimento di {{fileName}} ({{fileSize}}).","transfer-confirmation-title":"{{deviceName}}","transfer-confirmation-description":"Esamina richiesta di trasferimento","byteUnit-B":"B","byteUnit-KB":"kB","byteUnit-MB":"MB","byteUnit-GB":"GB","byteUnit-TB":"TB","byteUnit-PB":"PB","byteUnit-EB":"EB","byteUnit-ZB":"ZB","byteUnit-YB":"YB","fileSize":"{{size}} {{unit}}","deny":"Nega","transfer":"Trasferisci","cancelFileTransfer":"Annullare il trasferimento file bluetooth?","continueFileTransfer":"Continua","transfer-has-started-title":"Trasferimento avviato","transfer-has-started-description":"Verificare lo stato nel centro notifiche","transferFinished-sentSuccessful-title":"File inviato","transferFinished-receivedSuccessful-title":"File ricevuto","transferFinished-sentFailed-title":"Impossibile inviare il file","transferFinished-receivedFailed-title":"Impossibile ricevere il file","transferReport-title":"Rapporto trasferimento","transferReport-description":"{{numSuccessful}} file completati, {{numUnsuccessful}} file non completati.","unknown-file":"File sconosciuto","unknown-device":"Dispositivo sconosciuto","cannotOpenFile":"Impossibile aprire il file ricevuto","unknownMediaTypeToOpen":"Impossibile aprire un tipo multimediale sconosciuto:","cannotReceiveFile":"Impossibile ricevere il file","cannotGetStorageState":"Impossibile ottenere stato archiviazione del dispositivo.","sdcard-not-exist2":"Nessuna scheda di memoria rilevata. Inserire una scheda.","sdcard-in-use":"Non è possibile utilizzare il bluetooth quando il telefono è collegato. Scollegare il telefono per ricevere file.","sdcard-no-space2":"Impossibile completare il trasferimento: spazio esaurito sulla scheda di memoria.","unknown-error":"Errore sconosciuto","confirm":"Conferma","microphone-is-on":"Microfono attivo","camera-is-on":"Fotocamera attiva","media-is-on":"Fotocamera e mic. attivi","noSimCard":"SIM non presente","simPin":"PIN della SIM","pukCode":"Codice PUK","nckCode":"Codice NCK","cckCode":"Codice CCK","spckCode":"Codice SPCK","nck1code":"Codice NCK1","nck2code":"Codice NCK2","hnckcode":"Codice HNCK","rcckcode":"Codice RCCK","rspckcode":"Codice RSPCK","whatIsSimPin":"Che cos’è il PIN della SIM?","simPinIntro1":"Il PIN della SIM impedisce l’accesso alla rete della scheda SIM. Una volta impostato, ogni dispositivo contenente la scheda SIM richiederà il PIN a ogni riavvio.","simPinIntro2":"Il PIN della SIM non è legato al codice utilizzato per sbloccare il dispositivo.","changeSimPin":"Modifica PIN","pinTitle":"Inserire PIN","multiSIMpinTitle":"Inserire PIN per SIM {{n}}","pukTitle":"Inserire PUK","nckTitle":"Inserire codice NCK","cckTitle":"Inserire codice CCK","spckTitle":"Inserire codice SPCK","nck1Title":"Inserire codice NCK1","nck2Title":"Inserire codice NCK2","hnckTitle":"Inserire codice HNCK","rcckTitle":"Inserire codice RCCK","rspckTitle":"Inserire codice RSPCK","newpinTitle":"Nuovo PIN","inputCodeRetriesLeft":{"_index":["plural","n"],"_":{"one":"Ultimo tentativo.","two":"{{n}} tentativi rimasti.","few":"{{n}} tentativi rimasti.","many":"{{n}} tentativi rimasti.","other":"{{n}} tentativi rimasti."}},"pinErrorMsg":"Il PIN è errato.","pinAttemptMsg2":{"_index":["plural","n"],"_":{"one":"È rimasto un solo tentativo per inserire il codice corretto prima del blocco della SIM.","two":"Rimangono {{n}} tentativi per inserire il codice corretto prima del blocco della SIM.","few":"Rimangono {{n}} tentativi per inserire il codice corretto prima del blocco della SIM.","many":"Rimangono {{n}} tentativi per inserire il codice corretto prima del blocco della SIM.","other":"Rimangono {{n}} tentativi per inserire il codice corretto prima del blocco della SIM."}},"pinLastChanceMsg":"Ultima possibilità per inserire il PIN corretto. In caso contrario sarà necessario inserire il codice PUK per utilizzare questa scheda SIM.","simCardLockedMsg":"La scheda SIM è bloccata.","enterPukMsg":"È necessario inserire il codice PUK della scheda SIM. Fare riferimento alla documentazione rilasciata con la SIM o contattare il proprio gestore per ulteriori informazioni.","pukErrorMsg":"Il codice PUK è errato.","pukAttemptMsg2":{"_index":["plural","n"],"_":{"one":"È rimasto un solo tentativo per inserire il codice corretto prima che la SIM diventi completamente inutilizzabile. Per ulteriori informazioni fare riferimento alla documentazione o contattare il gestore.","two":"Rimangono {{n}} tentativi per inserire il codice corretto prima che la SIM diventi completamente inutilizzabile. Per ulteriori informazioni fare riferimento alla documentazione o contattare il gestore.","few":"Rimangono {{n}} tentativi per inserire il codice corretto prima che la SIM diventi completamente inutilizzabile. Per ulteriori informazioni fare riferimento alla documentazione o contattare il gestore.","many":"Rimangono {{n}} tentativi per inserire il codice corretto prima che la SIM diventi completamente inutilizzabile. Per ulteriori informazioni fare riferimento alla documentazione o contattare il gestore.","other":"Rimangono {{n}} tentativi per inserire il codice corretto prima che la SIM diventi completamente inutilizzabile. Per ulteriori informazioni fare riferimento alla documentazione o contattare il gestore."}},"pukLastChanceMsg":"Ultimo tentativo per inserire il codice PUK corretto. Se si inserisce un codice errato la scheda diventerà completamente inutilizzabile. Fare riferimento alla documentazione rilasciata con la SIM o contattare il proprio gestore per ulteriori informazioni.","newSimPinMsg":"Crea PIN (da 4 a 8 cifre)","confirmNewSimPinMsg":"Conferma nuovo PIN","newPinErrorMsg":"I PIN non corrispondono.","nckErrorMsg":"Il codice NCK è errato.","nckAttemptMsg2":{"_index":["plural","n"],"_":{"one":"Richiesta di rimozione della personalizzazione di rete non riuscita. Rimane un tentativo per inserire il codice corretto. Fare riferimento alla documentazione del dispositivo o contattare il proprio gestore per ulteriori informazioni.","two":"Richiesta di rimozione della personalizzazione di rete non riuscita. Rimangono {{n}} tentativi per inserire il codice corretto. Fare riferimento alla documentazione del dispositivo o contattare il proprio gestore per ulteriori informazioni.","few":"Richiesta di rimozione della personalizzazione di rete non riuscita. Rimangono {{n}} tentativi per inserire il codice corretto. Fare riferimento alla documentazione del dispositivo o contattare il proprio gestore per ulteriori informazioni.","many":"Richiesta di rimozione della personalizzazione di rete non riuscita. Rimangono {{n}} tentativi per inserire il codice corretto. Fare riferimento alla documentazione del dispositivo o contattare il proprio gestore per ulteriori informazioni.","other":"Richiesta di rimozione della personalizzazione di rete non riuscita. Rimangono {{n}} tentativi per inserire il codice corretto. Fare riferimento alla documentazione del dispositivo o contattare il proprio gestore per ulteriori informazioni."}},"nckLastChanceMsg":"Richiesta di rimozione della personalizzazione di rete non riuscita. Rimane un solo tentativo per inserire il codice corretto. Fare riferimento alla documentazione del dispositivo o contattare il proprio gestore per ulteriori informazioni.","activity-pick":"Seleziona da:","activity-view":"Visualizza con:","activity-test":"Test con:","activity-share":"Condividi con:","activity-new":"Crea con:","activity-open":"Apri con:","activity-save-bookmark":"Segnalibro in:","activity-record":"Registra da:","activity-browse":"Apri con:","activity-configure":"Configura con:","activity-dial":"Chiama da:","persona-signin":"Accedi","payment-flow":"Acquista","remoteDebuggerMessage":"È stata rilevata una richiesta di connessione per il debug remoto. Consentire la connessione?","fullscreen-request":"{{origin}} è ora a schermo intero.","captive-wifi-available":"Rilevata una rete {{networkName}}. Connettersi a questa rete?","ceWarningtitle":"Avviso volume","ceWarningcontent":"Per prevenire danni all’udito, non ascoltare ad alto volume per periodi di tempo prolungati.","notification-powersaving-mode-on-title":"Modalità risparmio energia","notification-powersaving-mode-on-description":"Risparmio energia è attivo.","low-device-storage":"Spazio sul dispositivo scarso.\\n","free-space":{"_index":["plural","value"],"_":{"zero":"Spazio disponibile esaurito.","one":"Meno di {{value}} {{unit}} rimanente.","two":"Meno di {{value}} {{unit}} rimanenti.","few":"Meno di {{value}} {{unit}} rimanenti.","many":"Meno di {{value}} {{unit}} rimanenti.","other":"Meno di {{value}} {{unit}} rimanenti."}},"unknown-free-space":"Spazio rimanente sconosciuto.","system-alert":"Avviso di sistema","cb-channel":"Canale {{channel}}","icc-message-title":"Messaggio operatore da SIM {{id}}","icc-confirmCall-defaultmessage":"Chiamare {{number}}?","icc-alertMessage-defaultmessage":"Invio messaggio","icc-confirmMessage-defaultmessage":"Inviare il messaggio?","icc-inputbox-title":"Query STK da SIM {{id}}","emergency-callback-mode":"Modalità richiamata di emergenza","emergency-callback-message":"Impossibile effettuare chiamate, inviare messaggi o navigare in modalità richiamata di emergenza. Disattivarla?","cdma-record-info":"Record informazioni CDMA","ime-switching-title":"{{appName}}: {{name}}","ime-switching-tip":"Tocca per cambiare metodo di input","layout-selection":"Selezione layout","shrinking-tip":"Passa il dito per condividere","download_started":"Download avviato","download_stopped":"Download bloccato","download_downloading":"Download…","download_succeeded":"Download completato","download_failed":"Download non riuscito","download_text_by_default":"{{name}}","download_downloading_text_2":"{{percentage}}% - {{name}}","search-or-enter-address":{"_":"Cerca o scrivi indirizzo","placeholder":"Cerca o scrivi indirizzo"},"noSIMCardInHotspot":"Scheda SIM non presente o inserita in modo scorretto, disattivare la funzione Hotspot","brandShortName":"B2G OS","browserBrandShortName":"Browser web","browserBrandFullName":"Browser web Mozilla","weekday-0-long":"domenica","weekday-1-long":"lunedì","weekday-2-long":"martedì","weekday-3-long":"mercoledì","weekday-4-long":"giovedì","weekday-5-long":"venerdì","weekday-6-long":"sabato","weekday-0-short":"dom","weekday-1-short":"lun","weekday-2-short":"mar","weekday-3-short":"mer","weekday-4-short":"gio","weekday-5-short":"ven","weekday-6-short":"sab","month-0-long":"gennaio","month-1-long":"febbraio","month-2-long":"marzo","month-3-long":"aprile","month-4-long":"maggio","month-5-long":"giugno","month-6-long":"luglio","month-7-long":"agosto","month-8-long":"settembre","month-9-long":"ottobre","month-10-long":"novembre","month-11-long":"dicembre","month-0-genitive":"gennaio","month-1-genitive":"febbraio","month-2-genitive":"marzo","month-3-genitive":"aprile","month-4-genitive":"maggio","month-5-genitive":"giugno","month-6-genitive":"luglio","month-7-genitive":"agosto","month-8-genitive":"settembre","month-9-genitive":"ottobre","month-10-genitive":"novembre","month-11-genitive":"dicembre","month-0-short":"gen","month-1-short":"feb","month-2-short":"mar","month-3-short":"apr","month-4-short":"mag","month-5-short":"giu","month-6-short":"lug","month-7-short":"ago","month-8-short":"set","month-9-short":"ott","month-10-short":"nov","month-11-short":"dic","minutes-ago-long":{"_index":["plural","value"],"_":{"zero":"adesso","one":"un minuto fa","two":"{{value}} minuti fa","few":"{{value}} minuti fa","many":"{{value}} minuti fa","other":"{{value}} minuti fa"}},"hours-ago-long":{"_index":["plural","value"],"_":{"zero":"adesso","one":"un’ora fa","two":"{{value}} ore fa","few":"{{value}} ore fa","many":"{{value}} ore fa","other":"{{value}} ore fa"}},"days-ago-long":{"_index":["plural","value"],"_":{"zero":"oggi","one":"ieri","two":"{{value}} giorni fa","few":"{{value}} giorni fa","many":"{{value}} giorni fa","other":"{{value}} giorni fa"}},"weeks-ago-long":{"_index":["plural","value"],"_":{"zero":"questa settimana","one":"settimana scorsa","two":"{{value}} settimane fa","few":"{{value}} settimane fa","many":"{{value}} settimane fa","other":"{{value}} settimane fa"}},"months-ago-long":{"_index":["plural","value"],"_":{"zero":"questo mese","one":"mese scorso","two":"{{value}} mesi fa","few":"{{value}} mesi fa","many":"{{value}} mesi fa","other":"{{value}} mesi fa"}},"years-ago-long":{"_index":["plural","value"],"_":{"zero":"quest’anno","one":"anno scorso","two":"{{value}} anni fa","few":"{{value}} anni fa","many":"{{value}} anni fa","other":"{{value}} anni fa"}},"minutes-until-long":{"_index":["plural","value"],"_":{"zero":"adesso","one":"tra un minuto","two":"tra {{value}} minuti","few":"tra {{value}} minuti","many":"tra {{value}} minuti","other":"tra {{value}} minuti"}},"hours-until-long":{"_index":["plural","value"],"_":{"zero":"adesso","one":"tra un’ora","two":"tra {{value}} ore","few":"tra {{value}} ore","many":"tra {{value}} ore","other":"tra {{value}} ore"}},"days-until-long":{"_index":["plural","value"],"_":{"zero":"oggi","one":"domani","two":"tra {{value}} giorni","few":"tra {{value}} giorni","many":"tra {{value}} giorni","other":"tra {{value}} giorni"}},"weeks-until-long":{"_index":["plural","value"],"_":{"zero":"questa settimana","one":"prossima settimana","two":"tra {{value}} settimane","few":"tra {{value}} settimane","many":"tra {{value}} settimane","other":"tra {{value}} settimane"}},"months-until-long":{"_index":["plural","value"],"_":{"zero":"questo mese","one":"prossimo mese","two":"in {{value}} mesi","few":"tra {{value}} mesi","many":"tra {{value}} mesi","other":"in {{value}} mesi"}},"years-until-long":{"_index":["plural","value"],"_":{"zero":"quest’anno","one":"prossimo anno","two":"tra {{value}} anni","few":"tra {{value}} anni","many":"tra {{value}} anni","other":"tra {{value}} anni"}},"minutes-ago-short":{"_index":["plural","value"],"_":{"zero":"adesso","other":"{{value}}m fa"}},"hours-ago-short":{"_index":["plural","value"],"_":{"zero":"adesso","other":"{{value}}h fa"}},"days-ago-short":{"_index":["plural","value"],"_":{"zero":"oggi","other":"{{value}}g fa"}},"minutes-until-short":{"_index":["plural","value"],"_":{"zero":"adesso","other":"tra {{value}}m"}},"hours-until-short":{"_index":["plural","value"],"_":{"zero":"adesso","other":"tra {{value}}h"}},"days-until-short":{"_index":["plural","value"],"_":{"zero":"oggi","other":"tra {{value}}d"}},"incorrectDate":"(data errata)","dateTimeFormat_%c":"%a %e %b %Y %H:%M:%S","dateTimeFormat_%x":"%d/%m/%Y","dateTimeFormat_%X":"%H:%M:%S","shortTimeFormat":"%H:%M","shortDateTimeFormat":"%x %H:%M","weekStartsOnMonday":"1","time_am":"AM","time_pm":"PM","perm-contacts":"Contatti","perm-contacts-appRequest":"{{app}} richiede accesso ai contatti.","perm-contacts-webRequest":"{{site}} richiede accesso ai contatti.","perm-desktop-notification":"Notifiche","perm-desktop-notification-appRequest":"{{app}} richiede di visualizzare notifiche.","perm-desktop-notification-webRequest":"{{site}} richiede di visualizzare notifiche.","perm-device-storage-music":"Archiviazione musica","perm-device-storage-music-appRequest":"{{app}} richiede accesso alla musica.","perm-device-storage-music-webRequest":"{{site}} richiede accesso alla musica.","perm-device-storage-pictures":"Archiviazione foto","perm-device-storage-pictures-appRequest":"{{app}} richiede accesso alle foto.","perm-device-storage-pictures-webRequest":"{{site}} richiede accesso alle foto.","perm-device-storage-sdcard":"Archiviazione scheda SD","perm-device-storage-sdcard-appRequest":"{{app}} richiede accesso alla scheda di memoria.","perm-device-storage-sdcard-webRequest":"{{site}} richiede accesso alla scheda di memoria.","perm-device-storage-videos":"Archiviazione video","perm-device-storage-videos-appRequest":"{{app}} richiede accesso ai video.","perm-device-storage-videos-webRequest":"{{site}} richiede accesso ai video.","perm-fmradio":"Radio FM","perm-fmradio-appRequest":"{{app}} richiede accesso alla radio FM.","perm-fmradio-webRequest":"{{site}} richiede accesso alla radio FM.","perm-geolocation":"Georilevazione","perm-geolocation-appRequest":"{{app}} richiede accesso alla posizione attuale.","perm-geolocation-webRequest":"{{site}} richiede accesso alla posizione attuale.","perm-geolocation-more-info":"{{brandShortName}} utilizza dati quali GPS, Wi-Fi e reti di connessione dati per stabilire una posizione approssimativa del dispositivo. I dati raccolti vengono inviati a Mozilla e altri fornitori di servizi e vengono utilizzati in forma aggregata per migliorare la funzione di georilevazione. Alcune informazioni potrebbero essere memorizzate sul dispositivo o rilevate anche quando non ci sono applicazioni in esecuzione.","perm-video-capture":"Fotocamera","perm-video-capture-appRequest":"Condividere la fotocamera con {{app}}?","perm-video-capture-webRequest":"Condividere la fotocamera con {{site}}?","perm-audio-capture":"Microfono","perm-audio-capture-appRequest":"Condividere il microfono con {{app}}?","perm-audio-capture-webRequest":"Condividere il microfono con {{site}}?","perm-media-capture":"Fotocamera e microfono","perm-media-capture-appRequest":"Condividere la fotocamera e il microfono con {{app}}?","perm-media-capture-webRequest":"Condividere la fotocamera e il microfono con {{site}}?","stopped_download_title":"Download bloccato","stopped_download_message":"Download bloccato. Riprovare?","stopped_download_left_button":"Annulla","stopped_download_right_button":"Riprova","failed_download_title":"Download non riuscito","failed_download_message":"Impossibile scaricare {{name}}. Riprovare?","failed_download_left_button":"Annulla","failed_download_right_button":"Riprova","stop_download_title":"Blocca download","stop_download_message":"Bloccare il download?","stop_download_left_button":"No","stop_download_right_button":"Sì","delete_download_title":"Elimina","delete_download_message":"Eliminare {{name}}?","delete_download_left_button":"Annulla","delete_download_right_button":"Elimina","delete_all_download_title":"Elimina","delete_all_download_left_button":"Annulla","delete_all_download_right_button":"Elimina","delete_all_download_message":{"_index":["plural","number"],"_":{"zero":"Eliminare i file?","one":"Eliminare un file?","two":"Eliminare {{number}} file?","few":"Eliminare {{number}} file?","many":"Eliminare {{number}} file?","other":"Eliminare {{number}} file?"}},"unsupported_file_type_download_title":"Errore apertura","unsupported_file_type_download_message":"Non esiste un’app per aprire {{name}}. Salvare il file o eliminarlo?","unsupported_file_type_download_left_button":"Mantieni file","unsupported_file_type_download_right_button":"Elimina","file_not_found_download_title":"File non trovato","file_not_found_download_message":"File non trovato sul dispositivo","file_not_found_download_right_button":"OK","unmounted_sdcard_2_download_title":"Scheda di memoria in uso","unmounted_sdcard_2_download_message":"Disconnettere il telefono","unmounted_sdcard_2_download_right_button":"OK","no_provider_download_title":"Errore condivisione","no_provider_download_message":"Nessun fornitore disponibile","no_provider_download_right_button":"OK","no_memory_download_title":"Spazio insufficiente","no_memory_download_message":"Spazio disponibile sulla scheda di memoria insufficiente per salvare il download. Rimuovere dei file prima di riprovare l’operazione.","no_memory_download_right_button":"OK","no_sdcard_found_2_download_title":"Scheda di memoria non disponibile","no_sdcard_found_2_download_message":"Inserire una scheda di memoria o selezionare un diverso percorso predefinito di archiviazione nelle impostazioni.","no_sdcard_found_2_download_right_button":"OK","file_open_error_download_title":"Errore apertura","file_open_error_download_message":"Si è verificato un problema durante l’apertura di {{name}}. Salvare il file o eliminarlo?","file_open_error_download_left_button":"Mantieni file","file_open_error_download_right_button":"Elimina","restart_download_error":"Si è verificato un errore durante il riavvio del download. Riprovare nuovamente il download.","no-downloads":"Nessun download","percentage":"{{percentage}} %","partialResult":"{{partial}} di {{total}}","summary":"{{date}} - {{status}}","download-stopped":"Bloccato","download-failed":"Download non riuscito","open_downloaded_file":"Apri","share_downloaded_file":"Condividi","wallpaper_downloaded_file":"Imposta come sfondo","ringtone_downloaded_file":"Imposta come suoneria","cancel_downloaded_file":"Annulla","voicemailNoNumberTitle":"Numero della segreteria non disponibile","voicemailNoNumberText":"Impossibile chiamare la segreteria. Imposta il numero per effettuare la chiamata.","voicemailNoNumberSettings":"Impostazioni","voicemailNoNumberCancel":"Annulla","firefox-accounts-title":"Firefox Accounts","fxa-next":"Next","fxa-back":"Back","fxa-done":"Done","fxa-ok":"OK","fxa-account-does-not-exist-title":"Account does not exist","fxa-account-does-not-exist-message":"Account does not exist","fxa-cannot-create-account":"Unable to create account","fxa-cannot-create-password":"Unable to reset your Firefox Accounts password right now.","fxa-already-signed-in-title":"User is already signed in","fxa-already-signed-in-message":"There is an user is already signed in Firefox.","fxa-invalid-password-title":"Invalid password","fxa-invalid-password-message":"You have used an invalid password. Please try again with a valid one.","fxa-invalid-email-title":"Invalid email address","fxa-invalid-email-message":"You have used an invalid email address. Please try again with a valid one.","fxa-connection-error-title":"Unable to connect","fxa-connection-error-message":"Unable to connect to Firefox right now. You can sign in or create an account from your phone's settings or try it again.","fxa-reset-password-error-title":"Unable to reset password","fxa-reset-password-error-message":"Your password was not reset. Please try again.","fxa-reset-password-in-settings-title":"Reset Password","fxa-reset-password-in-settings-message":"You can reset your password from your phone's settings.","fxa-generic-error-title":"Unable to connect to Firefox","fxa-generic-error-message":"Unable to connect to Firefox Accounts right now. Try your phone's settings or check your connection to Internet.","fxa-coppa-failure-error-title":"Cannot Create Account","fxa-coppa-failure-error-message":"You must meet certain age requirements to create a Firefox Accounts. <a href='http://www.ftc.gov/news-events/media-resources/protecting-consumer-privacy/kids-privacy-coppa'>Learn more</a>","fxa-coppa-ftu-error-message":"You must meet certain age requirements to create a Firefox Accounts. Try again later from Settings.","fxa-offline-error-title":"Unable to connect to Firefox","fxa-offline-error-message":"Unable to connect to Firefox Accounts right now. Check your phone' settings and your Internet connection.","fxa-unknown-error-title":"Unknown error","fxa-unknown-error-message":"Unknown error","fxa-connecting-to-firefox":"Connecting to Firefox Accounts","fxa-email-input":{"placeholder":"Email"},"fxa-use-email-to-sign-in":"Use your email address to create an account or sign in.","fxa-agree-to-tos-pp":"By proceeding, you agree to our <a href=\"#fxa-tos\">Terms of Service</a> and <a href=\"#fxa-pp\">Privacy Policy</a>","fxa-set-password-title":"Enter your new password","fxa-enter-password-title":"Enter your password","fxa-hello-user":"Hello, <a id=\"fxa-user-email\">hola@email.com</a>","fxa-password-refresh":"Please enter your Firefox Account password for <a id=\"fxa-user-email\">hola@email.com</a> to continue.","fxa-password":{"placeholder":"Password"},"fxa-forgot-password":"I forgot my password","fxa-show-password":"Show password","fxa-authenticating":"Authenticating","fxa-registering":"Registering","fxa-success":"Success!","fxa-ready-to-go":"Your Firefox Account is ready to go! ","fxa-use-services":"Now you can use <span id=\"fxa-summary-email\">email</span> to access services like Marketplace and Where’s My Fox.","fxa-manage-account-settings":"In the future, you can access and manage your account from your phone's settings.","fxa-confirm-account":"Confirm Your Account","fxa-sending-email-to":"We have sent you an email to: <strong id=\"fxa-summary-email\">email</strong>","fxa-tos-header":"Terms of Service","fxa-tos1":"Lorem ipsum dolor sit amet, consectetur adipisicing elit, sed do eiusmod tempor incididunt ut labore et dolore magna aliqua. Ut enim ad minim veniam, quis nostrud exercitation ullamco laboris nisi ut aliquip ex ea commodo consequat. Duis aute irure dolor in reprehenderit in voluptate velit esse cillum dolore eu fugiat nulla pariatur. ","fxa-tos2":"Excepteur sint occaecat qui of fi cia deserunt mollit anim id est laborum.  Lorem ipsum dolor sit amet, consectetur adipisicing elit, sed do eiusmod tempor incididunt ut labore et dolore magna aliqua. Ut enim ad minim veniam,quis nostrud exercitation ullamco laboris nisi ut aliquip ex ea commodo consequat. Duis aute irure dolor in.","fxa-pp-header":"Privacy Policy","fxa-pp1":"Lorem ipsum dolor sit amet, consectetur adipisicing elit, sed do eiusmod tempor incididunt ut labore et dolore magna aliqua. Ut enim ad minim veniam, quis nostrud exercitation ullamco laboris nisi ut aliquip ex ea commodo consequat. Duis aute irure dolor in reprehenderit in voluptate velit esse cillum dolore eu fugiat nulla pariatur. ","fxa-pp2":"Excepteur sint occaecat qui of fi cia deserunt mollit anim id est laborum.  Lorem ipsum dolor sit amet, consectetur adipisicing elit, sed do eiusmod tempor incididunt ut labore et dolore magna aliqua. Ut enim ad minim veniam,quis nostrud exercitation ullamco laboris nisi ut aliquip ex ea commodo consequat. Duis aute irure dolor in.","fxa-age-verification":"Age Verification","fxa-age-1990-earlier":"1990 or earlier","fxa-year-of-birth":"Year of Birth"}