{"ok":"OK","back":"戻る","help":"ヘルプ","cancel":"キャンセル","close":"閉じる","skip":"スキップ","airplaneMode":"機内モード","searching":"検索しています…","noNetwork":"ネットワークが見つかりません","roaming":"{{operator}} (ローミング中)","emergencyCallsOnly":"緊急通報のみ","emergencyCallsOnly-unknownSIMState":"(未知の SIM 状態)","emergencyCallsOnly-noSIM":"(SIM カード未挿入)","emergencyCallsOnly-pinRequired":"(要 PIN コード)","emergencyCallsOnly-pukRequired":"(要 PIN ロック解除コード)","emergencyCallsOnly-networkLocked":"(ネットワーク固定)","emergencyCallsOnly-serviceProviderLocked":"(サービスプロバイダ固定)","emergencyCallsOnly-corporateLocked":"(法人固定)","emergencyCallsOnly-network1Locked":"(network1 locked)","emergencyCallsOnly-network2Locked":"(network2 locked)","emergencyCallsOnly-hrpdNetworkLocked":"(hrpd network locked)","emergencyCallsOnly-ruimCorporateLocked":"(ruim corporate locked)","emergencyCallsOnly-ruimServiceProviderLocked":"(ruim service provider locked)","enterPIN":"PIN コードを入力","statusbarLabel":"{{date}}, {{operator}}","statusbarDateFormat":"%b%e日","notifications":"通知","clear-all":"すべて消去","newVoicemails":{"_index":["plural","n"],"_":{"zero":"新着ボイスメールはありません","one":"新着ボイスメールが 1 件あります","two":"新着ボイスメールが {{n}} 件あります","few":"新着ボイスメールが {{n}} 件あります","many":"新着ボイスメールが {{n}} 件あります","other":"新着ボイスメールが {{n}} 件あります"}},"newVoicemailsUnknown":"新着ボイスメールがあります","dialNumber":"ダイヤル {{number}}","voicemailNotificationMultiSim":"(SIM {{n}}) {{title}}","confirmNFCConnectMsg1":"Are you sure you want to connect to the device?","confirmNFCConnectMsg2":"Turn on Bluetooth and connect to the device?","confirmNFCConnectMsg3":"Are you sure you want to connect to {{n}}?","confirmNFCConnectMsg4":"Turn on Bluetooth and connect to {{n}}?","deviceMenu":"端末モード変更","airplane":"機内モード ON","airplaneOff":"機内モード OFF","silent":"マナーモード ON","normal":"マナーモード OFF","restart":"再起動","power":"電源 OFF","asyncpanzoom":"アプリの APZ を無効化","asyncpanzoomOff":"アプリの APZ を有効化","enableScreenReaderSteps":"スクリーンリーダを有効にするには、音量上げボタンと音量下げボタンを交互に 3 回以上押してください。","disableScreenReaderSteps":"スクリーンリーダを無効にするには、音量上げボタンと音量下げボタンを交互に 3 回以上押してください。","no-recent-apps":"最近のアプリはありません","yes":"はい","no":"いいえ","dontallow":"Don’t allow","allow":"許可","dontshare-geolocation":"共有しない","share-geolocation":"共有する","dontshare-audio-capture":"共有しない","share-audio-capture":"共有する","dontshare-video-capture":"共有しない","share-video-capture":"共有する","dontshare-media-capture":"共有しない","share-media-capture":"共有する","device-front":"前面カメラ","device-back":"背面カメラ","remember-my-choice":"今後同様に処理する","more-info":"詳細情報…","hide-info":"Hide info","install-app":"{{name}} をインストールしますか？","size":"サイズ","author":"作者","size-unknown":"サイズ不明","author-unknown":"作者不明","install":"インストール","bytes":"バイト","kB":"KB","MB":"MB","GB":"GB","TB":"TB","PB":"PB","app-install-generic-error":"{{ appName }} のダウンロードを停止しました","app-install-download-failed":"{{ appName }} のダウンロードに失敗しました","app-install-install-failed":"{{ appName }} のインストールに失敗しました","cancelling-will-not-refund":"キャンセルしても払い戻しはありません。有料コンテンツの払い戻しはコンテンツの販売者により行われます。","apps-can-be-installed-later":"アプリは後でコンテンツの配布元からインストールすることができます。","are-you-sure-you-want-to-cancel":"このインストールをキャンセルしてもよろしいですか？","cancel-install":"インストール中止","cancel-install-button":"Cancel Install","resume":"再開","continue":"続行","stopDownloading":"{{ app }} のダウンロードを停止しますか？","app-download-can-be-restarted":"ダウンロードは後で再開できます。","app-download-stop-button":"ダウンロード停止","not-enough-space":"十分な空き領域がありません","not-enough-space-message":"このアプリのインストールに必要な空き領域がありません。古いアプリやメディアを削除するなどして空きを増やし、配布元からインストールしてください。","app-install-success":"{{ appName }} のインストールが完了しました","setup":"セットアップ","ime-addkeyboards":"キーボードを追加","later":"後にする","download":"ダウンロード","wantToDownload":"ダウンロードしますか？","wantToInstall":"インストールしますか？","installNow":"インストール","notNow":"後で","downloadingUpdateMessage":{"innerHTML":"更新をダウンロードしています… <span>{{ progress }} 完了。</span>"},"downloadingAppMessage":"{{ appName }} をダウンロードしています","downloadingAppProgressNoMax":"{{ progress }} 完了","downloadingAppProgressIndeterminate":"ダウンロード中","downloadingAppProgress":"{{ progress }} / {{ max }} 完了","cancelAllDownloads":"すべてのダウンロードをキャンセル","wantToCancelAll":"すべてのダウンロードをキャンセルしてもよろしいですか？","downloadError":"更新のダウンロード中にエラーが発生しました。","updateAvailableInfo":{"innerHTML":{"_index":["plural","n"],"_":{"one":"{{ n }} 個のソフトウェアが更新可能です。 <span>詳細はタップしてください。</span>","two":"{{ n }} 個のソフトウェアが更新可能です。 <span>詳細はタップしてください。</span>","few":"{{ n }} 個のソフトウェアが更新可能です。 <span>詳細はタップしてください。</span>","many":"{{ n }} 個のソフトウェアが更新可能です。 <span>詳細はタップしてください。</span>","other":"{{ n }} 個のソフトウェアが更新可能です。 <span>詳細はタップしてください。</span>"}}},"numberOfUpdates":{"_index":["plural","n"],"_":{"one":"{{ n }} 個のソフトウェアが更新可能です","two":"{{ n }} 個のソフトウェアが更新可能です","few":"{{ n }} 個のソフトウェアが更新可能です","many":"{{ n }} 個のソフトウェアが更新可能です","other":"{{ n }} 個のソフトウェアが更新可能です"}},"systemUpdate":"システムの更新","systemUpdateReady":"システムの更新が可能です","required":"必須","uncompressingMessage":{"innerHTML":"展開中です… <span>この処理は数分かかることがあります。</span>"},"downloadNoWifiWarning":"Wi-Fi が利用できません。現在の接続で更新を行うと追加の料金が発生する可能性があります。","downloadOfflineWarning":"ネットワークに接続されていません。ネットワークに接続して更新をダウンロードしてください。","downloadDataConnectionWarning":"Wi-Fi が利用できない場合、データ通信を通じて更新がダウンロードされるため、追加の料金が発生する可能性があります。","downloadUpdatesViaDataConnection":"データ通信を通じて更新をダウンロードしますか？","downloadUpdatesViaDataConnectionMessage":"Wi-Fi が利用できない場合、データ通信を通じて更新がダウンロードされます。データ通信を利用すると、着信がブロックされ、追加の料金が発生する可能性があります。","screenshotSaved":"スクリーンショットをギャラリーに保存しました","screenshotFailed":"スクリーンショットの保存に失敗しました","screenshotNoSDCard":"メモリーカードが見つかりません","screenshotSDCardInUse":"メモリーカードが使用中です","screenshotSDCardLow":"メモリーカードに十分な空き領域がありません","emergency-call-button":"緊急通報","emergency-call":"緊急通報","unlock-a11y-button":{"ariaLabel":"ロック解除"},"camera-a11y-button":{"ariaLabel":"カメラ"},"longDateFormat":"%B%e日(%a)","softwareHomeButton":{"ariaLabel":"ホーム"},"login":"ログイン","username":"ユーザ名","password":"パスワード","http-authentication-message":"{{host}} のユーザ名とパスワードを入力してください: “{{realm}}”","error-message":"{{name}} を正しく読み込めません","error-title":"{{name}} に問題があります","airplane-is-on":"機内モードが ON です","airplane-is-turned-on":"{{name}} はネットワーク接続が必要です。設定から機内モードを OFF にし、Wi-Fi またはデータ通信ネットワークに接続してください。","server-not-found":"サーバが見つかりませんでした","server-not-found-error":"{{name}} のサーバを見つけられません。","file-not-found":"File not found","file-not-found-error":"The device can’t display this page because the file cannot be found.","connection-failed":"Unable to connect","connection-failed-error":"A network error occurred while trying to reach the site.","invalid-connection":"Unable to connect","invalid-connection-error":"A network error occurred while trying to reach the site.","malformed-uri":"URL not valid","malformed-uri-error":"The URL entered is not valid and cannot be loaded.","redirect-loop":"Can’t display page","redirect-loop-error":"The device can’t display this page because the page is not redirecting properly. Try this page again at a later time.","not-cached":"Page expired","not-cached-error":"As a security precaution, this page cannot be displayed by the device because it has expired.","is-printing-error":"The document cannot change while Printing or in Print Preview.","denied-port-access":"This address is restricted","denied-port-access-error":"This address uses a network port which is normally used for purposes other than Web browsing. The device has cancelled the request for your protection.","proxy-resolve-failure":"Proxy Server Error","proxy-resolve-failure-error":"The device is configured to use a proxy server that can’t be found.","proxy-connect-failure":"Proxy Server Error","proxy-connect-failure-error":"The device is configured to use a proxy server that is refusing connections.","content-encoding":"Can’t display page","content-encoding-error":"The device can’t display this page because a content encoding error occurred.","remote-xul":"Page unsupported","remote-xul-error":"This page can’t be displayed because it uses a technology that is not supported on the device.","phishing-blocked":"Warning","phishing-blocked-error":"The website has been reported as a web forgery designed to trick users into sharing personal or financial information.","malware-blocked":"Malware attack blocked","malware-blocked-error":"The site at has been reported as an attack site and has been blocked.","unsafe-content-type":"Unsafe content","unsafe-content-type-error":"The page cannot be shown because it may not be safe to open.","corrupted-content":"Can’t display page","corrupted-content-error":"The page cannot be shown because an error in the data transmission was detected.","network-connection-unavailable":"ネットワーク接続が利用できません","network-error":"{{name}} はネットワーク接続が必要です。Wi-Fi またはデータ通信ネットワークに接続してください。","network-error-launching":"{{name}} requires an Internet connection.","network-error-in-app":"No access to the Internet right now.","unable-to-connect":"接続できません","try-again":"再試行","check-settings":"Check settings","tap-to-check-settings":"Tap to check settings","select-time":"時刻選択","choose-option":"オプション選択","choose-options":"オプション選択(複数可)","select-day":"日時選択","battery-almost-empty":"電池残量なし","add-to-home-screen":"ホーム画面に追加","crash-dialog2-os":"{{brandShortName}} がクラッシュから復旧しました","crash-dialog-app":"{{name}} がクラッシュしました","crash-dialog-message":"問題の修正を助けるクラッシュについての情報を Mozilla に送信しますか？ (レポートは Wi-Fi 経由でのみ送信されます)","crash-info-link":"クラッシュレポートに含まれる内容は？","crash-always-report":"クラッシュ発生時に常にレポートを Mozilla に送信する。","crash-dont-send":"送信しない","crash-end":"レポートを送信する","crashReports":"クラッシュレポート","done":"完了","crash-reports-description-1":"クラッシュレポートには、クラッシュについての詳細とクラッシュ時の端末の状態のスナップショット情報が含まれます。","crash-reports-description-2":"これには、開いていたページやアプリ、フォームに入力したテキスト、オープンメッセージのコンテンツ、最近表示したページの履歴、オープンアプリに使用される地理位置情報などが含まれます。","crash-reports-description-3-start":"クラッシュレポートは、問題の修正や製品の改善のために使用されます。上記のあなたについての情報は、","crash-reports-description-3-privacy":"プライバシーポリシー","crash-reports-description-3-end":"に従って扱われます。","crash-banner-os2":"{{brandShortName}} がクラッシュしました。","crash-banner-app":"{{name}} がクラッシュしました。","crash-banner-report":"報告","bluetooth-sending-progress":"Bluetooth 転送で送信中..","bluetooth-receiving-progress":"Bluetooth 転送で受信中..","acceptFileTransfer":"Bluetooth ファイル転送を許可しますか？","wantToReceiveFile":"{{deviceName}} が {{fileName}} ({{fileSize}}) の転送許可を求めています。","transfer-confirmation-title":"{{deviceName}}","transfer-confirmation-description":"転送要求を検討してください。","byteUnit-B":"B","byteUnit-KB":"KB","byteUnit-MB":"MB","byteUnit-GB":"GB","byteUnit-TB":"TB","byteUnit-PB":"PB","byteUnit-EB":"EB","byteUnit-ZB":"ZB","byteUnit-YB":"YB","fileSize":"{{size}}{{unit}}","deny":"拒否","transfer":"転送","cancelFileTransfer":"Bluetooth 転送をキャンセルしますか？","continueFileTransfer":"Continue","transfer-has-started-title":"転送を開始しました","transfer-has-started-description":"転送状況は通知センターで確認してください","transferFinished-sentSuccessful-title":"ファイルを送信しました","transferFinished-receivedSuccessful-title":"ファイルを受信しました","transferFinished-sentFailed-title":"ファイルを送信できませんでした","transferFinished-receivedFailed-title":"ファイルを受信できませんでした","transferReport-title":"転送レポート:","transferReport-description":"{{numSuccessful}} 個のファイルが転送成功、{{numUnsuccessful}} 個のファイルが転送失敗","unknown-file":"不明なファイル","unknown-device":"不明な端末","cannotOpenFile":"受信したファイルを開けません","unknownMediaTypeToOpen":"不明なメディアタイプは開けません:","cannotReceiveFile":"ファイルを受信できません","cannotGetStorageState":"端末のストレージの状態を取得できません。","sdcard-not-exist2":"メモリーカードが見つかりませんでした。メモリーカードを挿入してください。","sdcard-in-use":"ケーブル接続中は Bluetooth を使用できません。ファイルを受信するにはケーブルを外してください。","sdcard-no-space2":"転送を完了できません: メモリーカードが満杯です。","unknown-error":"不明なエラー","confirm":"確認","microphone-is-on":"マイクが ON です","camera-is-on":"カメラが ON です","media-is-on":"カメラとマイクが ON です","noSimCard":"SIM カードが挿入されていません","simPin":"SIM PIN コード","pukCode":"PIN ロック解除コード","nckCode":"NCK コード (ネットワークロックコントロールキー)","cckCode":"CCK コード","spckCode":"SPCK コード","nck1code":"NCK1 code","nck2code":"NCK2 code","hnckcode":"HNCK code","rcckcode":"RCCK code","rspckcode":"RSPCK code","whatIsSimPin":"SIM カードロックとは","simPinIntro1":"SIM カードロック設定を有効にした場合、携帯電話の再起動時に SIM カードロックの解除が求められます。解除されるまで携帯電話のネットワーク接続が行われません。","simPinIntro2":"SIM PIN コードは端末のロック解除に使用するパスコードとは異なります。","changeSimPin":"SIM PIN コードの変更","pinTitle":"SIM PIN コードを入力","multiSIMpinTitle":"SIM {{n}} の PIN コードを入力","pukTitle":"PIN ロック解除コードを入力","nckTitle":"NCK コードを入力","cckTitle":"CCK コードを入力","spckTitle":"SPCK コードを入力","nck1Title":"Enter NCK1 code","nck2Title":"Enter NCK2 code","hnckTitle":"Enter HNCK code","rcckTitle":"Enter RCCK code","rspckTitle":"Enter RSPCK code","newpinTitle":"新しい SIM PIN コード","inputCodeRetriesLeft":{"_index":["plural","n"],"_":{"one":"残り 1 回。","two":"残り {{n}} 回。","few":"残り {{n}} 回。","many":"残り {{n}} 回。","other":"残り {{n}} 回。"}},"pinErrorMsg":"PIN コードが正しくありません。","pinAttemptMsg2":{"_index":["plural","n"],"_":{"one":"残り 1 回です。SIM カードがロックされる前に正しいコードを入力してください。","two":"残り {{n}} 回です。SIM カードがロックされる前に正しいコードを入力してください。","few":"残り {{n}} 回です。SIM カードがロックされる前に正しいコードを入力してください。","many":"残り {{n}} 回です。SIM カードがロックされる前に正しいコードを入力してください。","other":"残り {{n}} 回です。SIM カードがロックされる前に正しいコードを入力してください。"}},"pinLastChanceMsg":"正しい PIN コードを入力できるのはこれが最後です。入力に失敗した場合、この SIM カードを使用するには PIN ロック解除コード (PUK コード) を入力しなければなりません。","simCardLockedMsg":"この SIM カードはロックされています。","enterPukMsg":"使用するには PIN ロック解除コード (PUK コード) が必要です。詳しい情報は、ご利用の携帯通信事業者にお問い合わせください。","pukErrorMsg":"PIN ロック解除コードが正しくありません。","pukAttemptMsg2":{"_index":["plural","n"],"_":{"one":"残り 1 回です。SIM カードが永久に使用不可になる前に正しいコードを入力してください。詳しい情報は、SIM カードの取扱説明書を参照するか、ご利用の携帯通信事業者にお問い合わせください。","two":"残り {{n}} 回です。SIM カードが永久に使用不可になる前に正しいコードを入力してください。詳しい情報は、SIM カードの取扱説明書を参照するか、ご利用の携帯通信事業者にお問い合わせください。","few":"残り {{n}} 回です。SIM カードが永久に使用不可になる前に正しいコードを入力してください。詳しい情報は、SIM カードの取扱説明書を参照するか、ご利用の携帯通信事業者にお問い合わせください。","many":"残り {{n}} 回です。SIM カードが永久に使用不可になる前に正しいコードを入力してください。詳しい情報は、SIM カードの取扱説明書を参照するか、ご利用の携帯通信事業者にお問い合わせください。","other":"残り {{n}} 回です。SIM カードが永久に使用不可になる前に正しいコードを入力してください。詳しい情報は、SIM カードの取扱説明書を参照するか、ご利用の携帯通信事業者にお問い合わせください。"}},"pukLastChanceMsg":"正しい PIN ロック解除コードを入力できるのはこれが最後です。入力に失敗した場合、この SIM カードは永久に使用できなくなります。詳しい情報は、SIM カードの取扱説明書を参照するか、ご利用の携帯通信事業者にお問い合わせください。","newSimPinMsg":"PIN コードを入力してください (4～8桁)","confirmNewSimPinMsg":"新しい PIN コードの確認","newPinErrorMsg":"PIN コードが一致しません","nckErrorMsg":"NCK コードが正しくありません。","nckAttemptMsg2":{"_index":["plural","n"],"_":{"one":"ネットワークロックの解除リクエストに失敗しました。あと 1 回まで入力できます。詳しい情報は、端末の取扱説明書を参照するか、ご利用の携帯通信事業者にお問い合わせください。","two":"ネットワークロックの解除リクエストに失敗しました。あと {{n}} 回まで入力できます。詳しい情報は、端末の取扱説明書を参照するか、ご利用の携帯通信事業者にお問い合わせください。","few":"ネットワークロックの解除リクエストに失敗しました。あと {{n}} 回まで入力できます。詳しい情報は、端末の取扱説明書を参照するか、ご利用の携帯通信事業者にお問い合わせください。","many":"ネットワークロックの解除リクエストに失敗しました。あと {{n}} 回まで入力できます。詳しい情報は、端末の取扱説明書を参照するか、ご利用の携帯通信事業者にお問い合わせください。","other":"ネットワークロックの解除リクエストに失敗しました。あと {{n}} 回まで入力できます。詳しい情報は、端末の取扱説明書を参照するか、ご利用の携帯通信事業者にお問い合わせください。"}},"nckLastChanceMsg":"ネットワークロックの解除リクエストに失敗しました。正しい NCK コードを入力できるのはこれが最後です。詳しい情報は、端末の取扱説明書を参照するか、ご利用の携帯通信事業者にお問い合わせください。","activity-pick":"選択:","activity-view":"表示:","activity-test":"テスト:","activity-share":"共有:","activity-new":"作成:","activity-open":"開く:","activity-save-bookmark":"ブックマーク保存:","activity-record":"記録:","activity-browse":"ブラウズ:","activity-configure":"設定:","activity-dial":"ダイヤル:","persona-signin":"サインイン","payment-flow":"支払い","remoteDebuggerMessage":"リモートデバッグの接続許可を求められています。接続を許可しますか？","fullscreen-request":"{{origin}} を全画面表示します。","captive-wifi-available":"{{networkName}} のネットワークが見つかりました。ネットワークに接続しますか？","ceWarningtitle":"音量警告","ceWarningcontent":"聴覚障害を予防するため、大音量で長時間聴き続けないでください。","notification-powersaving-mode-on-title":"節電モード","notification-powersaving-mode-on-description":"節電モードは ON です。","low-device-storage":"端末の空き領域が残り少なくなっています。\\n","free-space":{"_index":["plural","value"],"_":{"zero":"空き領域がありません。","one":"残り {{value}}{{unit}} 未満です。","two":"残り {{value}}{{unit}} 以下です。","few":"残り {{value}}{{unit}} 以下です。","many":"残り {{value}}{{unit}} 以下です。","other":"残り {{value}}{{unit}} 以下です。"}},"unknown-free-space":"空き領域の残りサイズは不明です。","system-alert":"システム警報","cb-channel":"チャンネル {{channel}}","icc-message-title":"SIM {{id}} からの通信事業者メッセージ","icc-confirmCall-defaultmessage":"{{number}} に発信しますか？","icc-alertMessage-defaultmessage":"メッセージ送信","icc-confirmMessage-defaultmessage":"メッセージを送信しますか？","icc-inputbox-title":"SIM {{id}} からの STK クエリ","emergency-callback-mode":"緊急コールバックモード","emergency-callback-message":"緊急コールバックモードが有効なため、通話およびメッセージ送信、オンライン接続はできません。このモードを OFF にしますか？","cdma-record-info":"CDMA 記録情報","ime-switching-title":"{{appName}}: {{name}}","ime-switching-tip":"タップして入力方式を切り替えます","layout-selection":"レイアウト選択","shrinking-tip":"奥へスワイプして共有します","download_started":"ダウンロード開始しました","download_stopped":"ダウンロード停止しました","download_downloading":"ダウンロード中…","download_succeeded":"ダウンロード完了","download_failed":"ダウンロード失敗","download_text_by_default":"{{name}}","download_downloading_text_2":"{{percentage}}% - {{name}}","search-or-enter-address":{"_":"Search or enter address","placeholder":"Search or enter address"},"noSIMCardInHotspot":"SIM カードが欠けているか正しく挿入されていないため、ホットスポットを OFF にします。","brandShortName":"B2G OS","browserBrandShortName":"Web ブラウザ","browserBrandFullName":"Mozilla Web ブラウザ","weekday-0-long":"日曜日","weekday-1-long":"月曜日","weekday-2-long":"火曜日","weekday-3-long":"水曜日","weekday-4-long":"木曜日","weekday-5-long":"金曜日","weekday-6-long":"土曜日","weekday-0-short":"日","weekday-1-short":"月","weekday-2-short":"火","weekday-3-short":"水","weekday-4-short":"木","weekday-5-short":"金","weekday-6-short":"土","month-0-long":"1月","month-1-long":"2月","month-2-long":"3月","month-3-long":"4月","month-4-long":"5月","month-5-long":"6月","month-6-long":"7月","month-7-long":"8月","month-8-long":"9月","month-9-long":"10月","month-10-long":"11月","month-11-long":"12月","month-0-genitive":"1月","month-1-genitive":"2月","month-2-genitive":"3月","month-3-genitive":"4月","month-4-genitive":"5月","month-5-genitive":"6月","month-6-genitive":"7月","month-7-genitive":"8月","month-8-genitive":"9月","month-9-genitive":"10月","month-10-genitive":"11月","month-11-genitive":"12月","month-0-short":"1月","month-1-short":"2月","month-2-short":"3月","month-3-short":"4月","month-4-short":"5月","month-5-short":"6月","month-6-short":"7月","month-7-short":"8月","month-8-short":"9月","month-9-short":"10月","month-10-short":"11月","month-11-short":"12月","minutes-ago-long":{"_index":["plural","value"],"_":{"zero":"現在","one":"1分前","two":"{{value}}分前","few":"{{value}}分前","many":"{{value}}分前","other":"{{value}}分前"}},"hours-ago-long":{"_index":["plural","value"],"_":{"zero":"現在","one":"1時間前","two":"{{value}}時間前","few":"{{value}}時間前","many":"{{value}}時間前","other":"{{value}}時間前"}},"days-ago-long":{"_index":["plural","value"],"_":{"zero":"今日","one":"昨日","two":"{{value}}日前","few":"{{value}}日前","many":"{{value}}日前","other":"{{value}}日前"}},"weeks-ago-long":{"_index":["plural","value"],"_":{"zero":"今週","one":"先週","two":"{{value}}週間前","few":"{{value}}週間前","many":"{{value}}週間前","other":"{{value}}週間前"}},"months-ago-long":{"_index":["plural","value"],"_":{"zero":"今月","one":"先月","two":"{{value}}か月前","few":"{{value}}か月前","many":"{{value}}か月前","other":"{{value}}か月前"}},"years-ago-long":{"_index":["plural","value"],"_":{"zero":"今年","one":"昨年","two":"{{value}}年前","few":"{{value}}年前","many":"{{value}}年前","other":"{{value}}年前"}},"minutes-until-long":{"_index":["plural","value"],"_":{"zero":"現在","one":"1分後","two":"{{value}}分後","few":"{{value}}分後","many":"{{value}}分後","other":"{{value}}分後"}},"hours-until-long":{"_index":["plural","value"],"_":{"zero":"現在","one":"1時間後","two":"{{value}}時間後","few":"{{value}}時間後","many":"{{value}}時間後","other":"{{value}}時間後"}},"days-until-long":{"_index":["plural","value"],"_":{"zero":"今日","one":"明日","two":"{{value}}日後","few":"{{value}}日後","many":"{{value}}日後","other":"{{value}}日後"}},"weeks-until-long":{"_index":["plural","value"],"_":{"zero":"今週","one":"来週","two":"{{value}}週間後","few":"{{value}}週間後","many":"{{value}}週間後","other":"{{value}}週間後"}},"months-until-long":{"_index":["plural","value"],"_":{"zero":"今月","one":"来月","two":"{{value}}か月後","few":"{{value}}か月後","many":"{{value}}か月後","other":"{{value}}か月後"}},"years-until-long":{"_index":["plural","value"],"_":{"zero":"今年","one":"来年","two":"{{value}}年後","few":"{{value}}年後","many":"{{value}}年後","other":"{{value}}年後"}},"minutes-ago-short":{"_index":["plural","value"],"_":{"zero":"今","other":"{{value}}分前"}},"hours-ago-short":{"_index":["plural","value"],"_":{"zero":"今","other":"{{value}}時間前"}},"days-ago-short":{"_index":["plural","value"],"_":{"zero":"今日","other":"{{value}}日前"}},"minutes-until-short":{"_index":["plural","value"],"_":{"zero":"今","other":"{{value}}分後"}},"hours-until-short":{"_index":["plural","value"],"_":{"zero":"今","other":"{{value}}時間後"}},"days-until-short":{"_index":["plural","value"],"_":{"zero":"今日","other":"{{value}}日後"}},"incorrectDate":"(日付が不正です)","dateTimeFormat_%c":"%Y年%b%e日(%a) %I:%M:%S %p","dateTimeFormat_%x":"%Y/%m/%d","dateTimeFormat_%X":"%I:%M:%S %p","shortTimeFormat":"%I:%M %p","shortDateTimeFormat":"%x %I:%M %p","weekStartsOnMonday":"0","time_am":"午前","time_pm":"午後","perm-contacts":"連絡先","perm-contacts-appRequest":"{{app}} が連絡先リストへのアクセス許可を求めています。","perm-contacts-webRequest":"{{site}} サイトが連絡先リストへのアクセス許可を求めています。","perm-desktop-notification":"通知","perm-desktop-notification-appRequest":"{{app}} が通知の表示を求めています。","perm-desktop-notification-webRequest":"{{site}} サイトが通知の表示を求めています。","perm-device-storage-music":"音楽のストレージ","perm-device-storage-music-appRequest":"{{app}} が音楽へのアクセス許可を求めています。","perm-device-storage-music-webRequest":"{{site}} サイトが音楽へのアクセス許可を求めています。","perm-device-storage-pictures":"写真のストレージ","perm-device-storage-pictures-appRequest":"{{app}} が写真へのアクセス許可を求めています。","perm-device-storage-pictures-webRequest":"{{site}} サイトが写真へのアクセス許可を求めています。","perm-device-storage-sdcard":"メモリーカードのストレージ","perm-device-storage-sdcard-appRequest":"{{app}} がメモリーカードへのアクセス許可を求めています。","perm-device-storage-sdcard-webRequest":"{{site}} サイトがメモリーカードへのアクセス許可を求めています。","perm-device-storage-videos":"動画のストレージ","perm-device-storage-videos-appRequest":"{{app}} が動画へのアクセス許可を求めています。","perm-device-storage-videos-webRequest":"{{site}} サイトが動画へのアクセス許可を求めています。","perm-fmradio":"FM ラジオ","perm-fmradio-appRequest":"{{app}} が FM ラジオの使用許可を求めています。","perm-fmradio-webRequest":"{{site}} サイトが FM ラジオの使用許可を求めています。","perm-geolocation":"位置情報の送信","perm-geolocation-appRequest":"{{app}} があなたの位置情報を求めています。","perm-geolocation-webRequest":"{{site}} サイトがあなたの位置情報を求めています。","perm-geolocation-more-info":"{{brandShortName}} は、GPS や Wi-Fi、近くのモバイルネットワークなどのデータを、ユーザのおおよその現在位置の決定に利用します。このデータは、 Mozilla と他のサービスプロバイダに送信され、位置情報データベースを改善するために集計されます。このデータは、ご使用の端末に保存され、アプリが実行中でない時にもデータが収集されることがあります。","perm-video-capture":"カメラ","perm-video-capture-appRequest":"カメラの共有を {{app}} に許可しますか？","perm-video-capture-webRequest":"カメラの共有を {{site}} に許可しますか？","perm-audio-capture":"マイク","perm-audio-capture-appRequest":"マイクの共有を {{app}} に許可しますか？","perm-audio-capture-webRequest":"マイクの共有を {{site}} に許可しますか？","perm-media-capture":"カメラとマイク","perm-media-capture-appRequest":"カメラとマイクの共有を {{app}} に許可しますか？","perm-media-capture-webRequest":"カメラとマイクの共有を {{site}} に許可しますか？","stopped_download_title":"ダウンロードを中止しました","stopped_download_message":"ダウンロードが中止されました。再度ダウンロードしますか？","stopped_download_left_button":"キャンセル","stopped_download_right_button":"再試行","failed_download_title":"ダウンロードに失敗しました","failed_download_message":"{{name}} のダウンロードに失敗しました。再度ダウンロードしますか？","failed_download_left_button":"キャンセル","failed_download_right_button":"再試行","stop_download_title":"ダウンロードを中止します","stop_download_message":"本当にダウンロードを中止してもよろしいですか？","stop_download_left_button":"いいえ","stop_download_right_button":"はい","delete_download_title":"削除","delete_download_message":"{{name}} を削除しますか？","delete_download_left_button":"キャンセル","delete_download_right_button":"削除","delete_all_download_title":"削除","delete_all_download_left_button":"キャンセル","delete_all_download_right_button":"削除","delete_all_download_message":{"_index":["plural","number"],"_":{"zero":"ファイルを削除しません","one":"1 個のファイルを削除しますか？","two":"{{number}} 個のファイルを削除しますか？","few":"{{number}} 個のファイルを削除しますか？","many":"{{number}} 個のファイルを削除しますか？","other":"{{number}} 個のファイルを削除しますか？"}},"unsupported_file_type_download_title":"データが開けません","unsupported_file_type_download_message":"{{name}} を扱えるアプリがありません。これをファイルに保存または削除してください。","unsupported_file_type_download_left_button":"ファイルに保存","unsupported_file_type_download_right_button":"削除","file_not_found_download_title":"ファイルが見つかりませんでした","file_not_found_download_message":"端末上にファイルが見つかりませんでした。","file_not_found_download_right_button":"OK","unmounted_sdcard_2_download_title":"メモリーカードが使用中です","unmounted_sdcard_2_download_message":"USB ケーブルを抜いてください","unmounted_sdcard_2_download_right_button":"OK","no_provider_download_title":"共有できません","no_provider_download_message":"プロバイダが見つかりませんでした。","no_provider_download_right_button":"OK","no_memory_download_title":"SD カードが満杯です","no_memory_download_message":"SD カードにダウンロードしたファイルを保存するための空き領域が足りません。ダウンロードを再開する前に不要なファイルを削除してください。","no_memory_download_right_button":"OK","no_sdcard_found_2_download_title":"メモリーカードが見つかりませんでした","no_sdcard_found_2_download_message":"メモリーカードを挿入するか、環境設定で既定のメディアの場所を選択してください。","no_sdcard_found_2_download_right_button":"OK","file_open_error_download_title":"データが開けません","file_open_error_download_message":"{{name}} を開く時に問題が発生しました。これをファイルに保存または削除してください。","file_open_error_download_left_button":"ファイルに保存","file_open_error_download_right_button":"削除","restart_download_error":"ダウンロードの再開中にエラーが発生しました。ダウンロードを再度試してください。","no-downloads":"ダウンロードなし","percentage":"{{percentage}} %","partialResult":"{{partial}} / {{total}}","summary":"{{date}} - {{status}}","download-stopped":"ダウンロード中止","download-failed":"ダウンロード失敗","open_downloaded_file":"開く","share_downloaded_file":"共有する","wallpaper_downloaded_file":"壁紙に設定する","ringtone_downloaded_file":"着信音に設定する","cancel_downloaded_file":"キャンセル","voicemailNoNumberTitle":"Voicemail number is unavailable","voicemailNoNumberText":"Unable to call the voicemail. Set up the voicemail number to place the call.","voicemailNoNumberSettings":"Settings","voicemailNoNumberCancel":"Cancel","firefox-accounts-title":"Firefox Accounts","fxa-next":"Next","fxa-back":"Back","fxa-done":"Done","fxa-ok":"OK","fxa-account-does-not-exist-title":"Account does not exist","fxa-account-does-not-exist-message":"Account does not exist","fxa-cannot-create-account":"Unable to create account","fxa-cannot-create-password":"Unable to reset your Firefox Accounts password right now.","fxa-already-signed-in-title":"User is already signed in","fxa-already-signed-in-message":"There is an user is already signed in Firefox.","fxa-invalid-password-title":"Invalid password","fxa-invalid-password-message":"You have used an invalid password. Please try again with a valid one.","fxa-invalid-email-title":"Invalid email address","fxa-invalid-email-message":"You have used an invalid email address. Please try again with a valid one.","fxa-connection-error-title":"Unable to connect","fxa-connection-error-message":"Unable to connect to Firefox right now. You can sign in or create an account from your phone's settings or try it again.","fxa-reset-password-error-title":"Unable to reset password","fxa-reset-password-error-message":"Your password was not reset. Please try again.","fxa-reset-password-in-settings-title":"Reset Password","fxa-reset-password-in-settings-message":"You can reset your password from your phone's settings.","fxa-generic-error-title":"Unable to connect to Firefox","fxa-generic-error-message":"Unable to connect to Firefox Accounts right now. Try your phone's settings or check your connection to Internet.","fxa-coppa-failure-error-title":"Cannot Create Account","fxa-coppa-failure-error-message":"You must meet certain age requirements to create a Firefox Accounts. <a href='http://www.ftc.gov/news-events/media-resources/protecting-consumer-privacy/kids-privacy-coppa'>Learn more</a>","fxa-coppa-ftu-error-message":"You must meet certain age requirements to create a Firefox Accounts. Try again later from Settings.","fxa-offline-error-title":"Unable to connect to Firefox","fxa-offline-error-message":"Unable to connect to Firefox Accounts right now. Check your phone' settings and your Internet connection.","fxa-unknown-error-title":"Unknown error","fxa-unknown-error-message":"Unknown error","fxa-connecting-to-firefox":"Connecting to Firefox Accounts","fxa-email-input":{"placeholder":"Email"},"fxa-use-email-to-sign-in":"Use your email address to create an account or sign in.","fxa-agree-to-tos-pp":"By proceeding, you agree to our <a href=\"#fxa-tos\">Terms of Service</a> and <a href=\"#fxa-pp\">Privacy Policy</a>","fxa-set-password-title":"Enter your new password","fxa-enter-password-title":"Enter your password","fxa-hello-user":"Hello, <a id=\"fxa-user-email\">hola@email.com</a>","fxa-password-refresh":"Please enter your Firefox Account password for <a id=\"fxa-user-email\">hola@email.com</a> to continue.","fxa-password":{"placeholder":"Password"},"fxa-forgot-password":"I forgot my password","fxa-show-password":"Show password","fxa-authenticating":"Authenticating","fxa-registering":"Registering","fxa-success":"Success!","fxa-ready-to-go":"Your Firefox Account is ready to go! ","fxa-use-services":"Now you can use <span id=\"fxa-summary-email\">email</span> to access services like Marketplace and Where’s My Fox.","fxa-manage-account-settings":"In the future, you can access and manage your account from your phone's settings.","fxa-confirm-account":"Confirm Your Account","fxa-sending-email-to":"We have sent you an email to: <strong id=\"fxa-summary-email\">email</strong>","fxa-tos-header":"Terms of Service","fxa-tos1":"Lorem ipsum dolor sit amet, consectetur adipisicing elit, sed do eiusmod tempor incididunt ut labore et dolore magna aliqua. Ut enim ad minim veniam, quis nostrud exercitation ullamco laboris nisi ut aliquip ex ea commodo consequat. Duis aute irure dolor in reprehenderit in voluptate velit esse cillum dolore eu fugiat nulla pariatur. ","fxa-tos2":"Excepteur sint occaecat qui of fi cia deserunt mollit anim id est laborum.  Lorem ipsum dolor sit amet, consectetur adipisicing elit, sed do eiusmod tempor incididunt ut labore et dolore magna aliqua. Ut enim ad minim veniam,quis nostrud exercitation ullamco laboris nisi ut aliquip ex ea commodo consequat. Duis aute irure dolor in.","fxa-pp-header":"Privacy Policy","fxa-pp1":"Lorem ipsum dolor sit amet, consectetur adipisicing elit, sed do eiusmod tempor incididunt ut labore et dolore magna aliqua. Ut enim ad minim veniam, quis nostrud exercitation ullamco laboris nisi ut aliquip ex ea commodo consequat. Duis aute irure dolor in reprehenderit in voluptate velit esse cillum dolore eu fugiat nulla pariatur. ","fxa-pp2":"Excepteur sint occaecat qui of fi cia deserunt mollit anim id est laborum.  Lorem ipsum dolor sit amet, consectetur adipisicing elit, sed do eiusmod tempor incididunt ut labore et dolore magna aliqua. Ut enim ad minim veniam,quis nostrud exercitation ullamco laboris nisi ut aliquip ex ea commodo consequat. Duis aute irure dolor in.","fxa-age-verification":"Age Verification","fxa-age-1990-earlier":"1990 or earlier","fxa-year-of-birth":"Year of Birth"}