{"ok":"យល់​ព្រម","back":"ថយក្រោយ","help":"ជំនួយ","cancel":"បោះបង់","close":"បិទ","skip":"រំលង","airplaneMode":"របៀប​លើ​យន្តហោះ","searching":"កំពុង​ស្វែងរក...","noNetwork":"គ្មាន​បណ្ដាញ","roaming":"{{operator}} (Roaming)","emergencyCallsOnly":"បាន​តែ​ការ​ហៅ​បន្ទាន់​ប៉ុណ្ណោះ","emergencyCallsOnly-unknownSIMState":"(មិន​ស្គាល់​ស្ថានភាព SIM)","emergencyCallsOnly-noSIM":"(គ្មាន​ SIM)","emergencyCallsOnly-pinRequired":"(ទាមទារ SIM PIN)","emergencyCallsOnly-pukRequired":"(ទាមទារ SIM PUK)","emergencyCallsOnly-networkLocked":"(បាន​ចាក់​បណ្ដាញ)","emergencyCallsOnly-serviceProviderLocked":"(ជាប់​សោ​អ្នក​ផ្ដល់​សេវា)","emergencyCallsOnly-corporateLocked":"(ជាប់​សោ​សហការ)","emergencyCallsOnly-network1Locked":"(network1 locked)","emergencyCallsOnly-network2Locked":"(network2 locked)","emergencyCallsOnly-hrpdNetworkLocked":"(hrpd network locked)","emergencyCallsOnly-ruimCorporateLocked":"(ruim corporate locked)","emergencyCallsOnly-ruimServiceProviderLocked":"(ruim service provider locked)","enterPIN":"បញ្ចូល PIN","statusbarLabel":"{{date}}, {{operator}}","statusbarDateFormat":"%b %e","notifications":"ការ​ជូនដំណឹង","clear-all":"សម្អាត​ទាំងអស់","newVoicemails":{"_index":["plural","n"],"_":{"zero":"គ្មាន​សារ​​ជា​សំឡេង​ថ្មី","one":"សារ​ជា​សំឡេង​​​ថ្មី​មួយ","two":"សារ​ជា​សំឡេង​ថ្មី {{n}}","few":"សារ​ជា​សំឡេង​ថ្មី {{n}}","many":"សារ​ជា​សំឡេង​ថ្មី {{n}}","other":"សារ​ជា​សំឡេង​ថ្មី {{n}}"}},"newVoicemailsUnknown":"សារ​ជា​សំឡេង​ថ្មី","dialNumber":"ហៅ​ទៅ {{number}}","voicemailNotificationMultiSim":"(SIM {{n}}) {{title}}","confirmNFCConnectMsg1":"Are you sure you want to connect to the device?","confirmNFCConnectMsg2":"Turn on Bluetooth and connect to the device?","confirmNFCConnectMsg3":"Are you sure you want to connect to {{n}}?","confirmNFCConnectMsg4":"Turn on Bluetooth and connect to {{n}}?","deviceMenu":"ទូរស័ព្ទ","airplane":"បើក​របៀប​លើ​យន្តហោះ","airplaneOff":"បិទ​របៀប​លើ​យន្ត​ហោះ","silent":"ការ​ហៅ​ចូល​ស្ងាត់","normal":"ការ​ហៅ​ចូល​​រោទ៍","restart":"ចាប់ផ្ដើម​ឡើងវិញ","power":"បិទ​ម៉ាស៊ីន","asyncpanzoom":"បិទ APZ សម្រាប់​កម្មវិធី","asyncpanzoomOff":"បើក APZ សម្រាប់​កម្មវិធី","enableScreenReaderSteps":"ដើម្បី​បើក screen reader, ចុច​ប៊ូតុង​​បង្កើន​កម្រិត​សំឡេង បន្ទាប់​មក​ចុច​ប៊ូតុង​បន្ថយ​កម្រិត​សំឡេង​បី​ដង","disableScreenReaderSteps":"ដើម្បី​បើក screen reader, ចុច​ប៊ូតុង​​​បង្កើន​កម្រិត​សំឡេង បន្ទាប់​មក​ចុច​​ប៊ូតុង​បន្ថយ​កម្រិត​សំឡេង​បី​ដង​","no-recent-apps":"គ្មាន​កម្មវិធី​ថ្មីៗ","yes":"បាទ/ចាស","no":"គ្មាន","dontallow":"Don’t allow","allow":"អនុញ្ញាត","dontshare-geolocation":"កុំ​ចែករំលែក","share-geolocation":"ចែក​រំលែក","dontshare-audio-capture":"កុំ​ចែករំលែក","share-audio-capture":"ចែក​រំលែក","dontshare-video-capture":"កុំ​ចែករំលែក","share-video-capture":"ចែក​រំលែក","dontshare-media-capture":"កុំ​ចែករំលែក","share-media-capture":"ចែក​រំលែក","device-front":"ម៉ាស៊ីន​ថត​ខាង​មុខ","device-back":"ម៉ាស៊ីន​ថត​ខាង​ក្រោយ","remember-my-choice":"ចងចាំ​ជម្រើស​ខ្ញុំ","more-info":"ព័ត៌មាន​បន្ថែម…","hide-info":"Hide info","install-app":"ដំឡើង {{name}}?","size":"ទំហំ","author":"អ្នក​និពន្ធ","size-unknown":"មិន​ស្គាល់","author-unknown":"មិន​ស្គាល់","install":"ដំឡើង","bytes":"បៃ","kB":"KB","MB":"MB","GB":"GB","TB":"TB","PB":"PB","app-install-generic-error":"ការ​ទាញយក {{ appName }} បាន​ឈប់","app-install-download-failed":"បាន​បរាជ័យ​​​ទាញ​យក {{ appName }}","app-install-install-failed":"បាន​បរាជ័យ​ដំឡើង {{ appName }}","cancelling-will-not-refund":"ការ​បោះបង់​នឹង​មិន​​ប្រគល់​ឲ្យ​វិញ​អ្វី​ដែល​ជាវ។ ការ​​ប្រគល់​ឲ្យ​វិញ​សម្រាប់​មាតិកា​ដែល​បាន​បង់ប្រាក់​​នឹង​​ត្រូវ​ផ្ដល់​ឲ្យ​ដោយ​អ្នក​លក់​ដើម។","apps-can-be-installed-later":"អាច​ដំឡើង​កម្មវិធី​ពេលក្រោយ​ពី​ប្រភព​ដំឡើង​ដើម។","are-you-sure-you-want-to-cancel":"តើ​អ្នក​ប្រាកដ​ជា​ចង់​បោះបង់​ការ​ដំឡើង​នេះ​ឬ?","cancel-install":"បោះបង់​ការ​ដំឡើង","cancel-install-button":"Cancel Install","resume":"បន្ត","continue":"បន្ត","stopDownloading":"ឈប់​ទាញ​យក {{ app }} ឬ?","app-download-can-be-restarted":"ការ​ទាញយក​អាច​ចាប់ផ្ដើម​ឡើងវិញ​ពេល​ក្រោយ​បាន។","app-download-stop-button":"ឈប់​ទាញយក","not-enough-space":"ទំហំ​មិន​គ្រប់គ្រាន់","not-enough-space-message":"មិន​មាន​ទំហំ​គ្រប់គ្រាន់​ដើម្បី​ដំឡើង​កម្មវិធី​នេះ។ បង្កើន​ទំហំ​ទំនេរ​ដោយ​លុប​កម្មវិធី ឬ​ព័ត៌មាន​ចាស់ៗ និង​ព្យាយាម​ដំឡើង​ម្ដង​ទៀត​ពី​ប្រភព​ដើម។","app-install-success":"បាន​ដំឡើង {{ appName }}","setup":"រៀបចំ","ime-addkeyboards":"បន្ថែម​ក្ដារ​ចុច","later":"ពេលក្រោយ","download":"ទាញយក","wantToDownload":"ទាញយក​បច្ចុប្បន្នភាព​ឥឡូវ?","wantToInstall":"ដំឡើង​បច្ចុប្បន្នភាព​ឥឡូវ?","installNow":"ដំឡើង​ឥឡូវ","notNow":"មិន​មែន​ឥឡូវ","downloadingUpdateMessage":{"innerHTML":"កំពុង​ទាញយក​បច្ចុប្បន្នភាព… <span>បាន​ទាញយក {{ progress }} ។</span>"},"downloadingAppMessage":"កំពុង​ទាញយក {{ appName }}","downloadingAppProgressNoMax":"បាន​ទាញយក {{ progress }}","downloadingAppProgressIndeterminate":"កំពុង​ទាញ​យក","downloadingAppProgress":"បាន​ទាញយក {{ progress }} / {{ max }}","cancelAllDownloads":"បោះបង់​ការ​ទាញយក​ទាំងអស់","wantToCancelAll":"តើ​អ្នក​ប្រាកដ​ជា​ចង់​បោះបង់​ការ​ទាញយក​ទាំងអស់​ឬ?","downloadError":"មាន​កំហុស​​ខណៈពេល​កំពុង​ទាញយក​បច្ចុប្បន្នភាព។","updateAvailableInfo":{"innerHTML":{"_index":["plural","n"],"_":{"one":"មាន​បច្ចុប្បន្នភាព {{ n }} ។ <span>ចុច​​សម្រាប់​ព័ត៌មាន​បន្ថែម</span>","two":"មាន​បច្ចុប្បន្នភាព {{ n }} ។ <span>សម្រាប់​ព័ត៌មាន​បន្ថែម សូម​ប៉ះ។</span>","few":"មាន​បច្ចុប្បន្នភាព {{ n }} ។ <span>​សម្រាប់​ព័ត៌មាន​បន្ថែម សូម​ចុច</span>","many":"មាន​បច្ចុប្បន្នភាព {{ n }} ។ <span>​សម្រាប់​ព័ត៌មាន​បន្ថែម សូម​ចុច</span>","other":"មាន​បច្ចុប្បន្នភាព {{ n }} ។ <span>សម្រាប់​ព័ត៌មាន​បន្ថែម សូម​ចុច</span>"}}},"numberOfUpdates":{"_index":["plural","n"],"_":{"one":"មាន​បច្ចុប្បន្នភាព {{ n }}","two":"មាន​បច្ចុប្បន្នភាព {{ n }}","few":"មាន​បច្ចុប្បន្នភាព {{ n }}","many":"មាន​បច្ចុប្បន្នភាព {{ n }}","other":"មាន​បច្ចុប្បន្នភាព {{ n }}"}},"systemUpdate":"បច្ចុប្បន្នភាព​ប្រព័ន្ធ","systemUpdateReady":"ធ្វើ​បច្ចុប្បន្នភាព​ប្រព័ន្ធ​រួចរាល់","required":"ទាមទារ","uncompressingMessage":{"innerHTML":"កំពុង​មិន​បង្ហាប់… <span>នេះ​​អាច​ចំណាយ​ពេល​ប៉ុន្មាន​នាទី។</span>"},"downloadNoWifiWarning":"មិន​​មាន​ Wi-Fi ​ទេ។ ការ​ធ្វើ​បច្ចុប្បន្នភាព​​​តាម​ការ​ភ្ជាប់​បច្ចប្បន្ន​​អាច​​នាំ​មក​នូវ​ការ​​ផ្ទុក​បន្ថែម។","downloadOfflineWarning":"មិន​មាន​ការ​តភ្ជាប់​ទេ។ ភ្ជាប់​ទៅ​បណ្ដាញ​ដើម្បី​ទាញ​យក​បច្ចុប្បន្នភាព។","downloadDataConnectionWarning":"ទាញ​យក​បច្ចុប្បន្នភាព​តាម​បណ្ដាញ​ទិន្នន័យ​នៅ​ពេល​មិន​មាន​ Wi-Fi ។ អាច​​​​គិត​ថ្លៃ​​​លើ​ទិន្នន័យ​បន្ថែម។","downloadUpdatesViaDataConnection":"ទាញយក​បច្ចុប្បន្នភាព​តាម​បណ្ដាញ​ទិន្នន័យឬ?","downloadUpdatesViaDataConnectionMessage":"ទាញ​យក​បច្ចុប្បន្នភាព​តាម​បណ្ដាញ​ទិន្នន័យ​នៅ​ពេល​មិន​មាន​ Wi-Fi ។ នៅ​ពេល​ប្រើ​​​ការ​ភ្ជាប់​បណ្ដាញ​ទិន្នន័យ ការ​ហៅ​តាម​ទូរស័ព្ទ​អាច​ត្រូវ​បាន​បិទ ហើយ​ក៏​អាច​​​គិត​ថ្លៃ​​​លើ​ទិន្នន័យ​បន្ថែម។","screenshotSaved":"បាន​រក្សាទុក​រូបភាព​ទៅ​​វិចិត្រសាល","screenshotFailed":"មិន​អាច​រក្សាទុក​រូបភាព","screenshotNoSDCard":"រក​មិន​ឃើញ​កាត​អង្គ​ចងចាំ","screenshotSDCardInUse":"កំពុង​ប្រើ​កាត​អង្គ​ចងចាំ","screenshotSDCardLow":"មាន​ទំហំ​មិន​គ្រប់គ្រាន់​លើ​កាត​អង្គ​ចងចាំ","emergency-call-button":"ការ​ហៅ​បន្ទាន់","emergency-call":"ការ​ហៅ​បន្ទាន់","unlock-a11y-button":{"ariaLabel":"ដោះ​សោ"},"camera-a11y-button":{"ariaLabel":"ម៉ាស៊ីន​ថត"},"longDateFormat":"%A, %B %e","softwareHomeButton":{"ariaLabel":"ដើម"},"login":"ចូល","username":"ឈ្មោះ​អ្នក​ប្រើ","password":"ពាក្យ​សម្ងាត់","http-authentication-message":"ឈ្មោះ​អ្នក​ប្រើ និង​ពាក្យ​សម្ងាត់​​កំពុង​ស្នើ​សុំ​ដោយ {{host}}។ បណ្ដាញ​ប្រាប់​ថា៖ “{{realm}}”","error-message":"{{name}} កំពុង​ផ្ទុក​មិន​សមរម្យ","error-title":"{{name}} កំពុង​មាន​បញ្ហា","airplane-is-on":"បាន​បើក​របៀប​លើ​យន្តហោះ","airplane-is-turned-on":"{{name}} ទាមទារ​ការ​ភ្ជាប់​បណ្ដាញ។ បិទ​របៀប​លើ​យន្តហោះ​ពី​ការ​កំណត់ និង​ភ្ជាប់​ទៅ​ Wi-Fi ឬ​បណ្ដាញ​ទិន្នន័យ​ទូរស័ព្ទ​ចល័ត។","server-not-found":"រក​មិន​ឃើញ​ម៉ាស៊ីន​មេ","server-not-found-error":"មិន​អាច​រក​ឃើញ​ម៉ាស៊ីន​មេ​នៅ {{name}} ។","file-not-found":"File not found","file-not-found-error":"The device can’t display this page because the file cannot be found.","connection-failed":"Unable to connect","connection-failed-error":"A network error occurred while trying to reach the site.","invalid-connection":"Unable to connect","invalid-connection-error":"A network error occurred while trying to reach the site.","malformed-uri":"URL not valid","malformed-uri-error":"The URL entered is not valid and cannot be loaded.","redirect-loop":"Can’t display page","redirect-loop-error":"The device can’t display this page because the page is not redirecting properly. Try this page again at a later time.","not-cached":"Page expired","not-cached-error":"As a security precaution, this page cannot be displayed by the device because it has expired.","is-printing-error":"The document cannot change while Printing or in Print Preview.","denied-port-access":"This address is restricted","denied-port-access-error":"This address uses a network port which is normally used for purposes other than Web browsing. The device has cancelled the request for your protection.","proxy-resolve-failure":"Proxy Server Error","proxy-resolve-failure-error":"The device is configured to use a proxy server that can’t be found.","proxy-connect-failure":"Proxy Server Error","proxy-connect-failure-error":"The device is configured to use a proxy server that is refusing connections.","content-encoding":"Can’t display page","content-encoding-error":"The device can’t display this page because a content encoding error occurred.","remote-xul":"Page unsupported","remote-xul-error":"This page can’t be displayed because it uses a technology that is not supported on the device.","phishing-blocked":"Warning","phishing-blocked-error":"The website has been reported as a web forgery designed to trick users into sharing personal or financial information.","malware-blocked":"Malware attack blocked","malware-blocked-error":"The site at has been reported as an attack site and has been blocked.","unsafe-content-type":"Unsafe content","unsafe-content-type-error":"The page cannot be shown because it may not be safe to open.","corrupted-content":"Can’t display page","corrupted-content-error":"The page cannot be shown because an error in the data transmission was detected.","network-connection-unavailable":"មិន​មាន​ការ​ភ្ជាប់​បណ្ដាញ​ទេ","network-error":"{{name}} ទាមទារ​ការ​ភ្ជាប់​បណ្ដាញ។ ព្យាយាម​តភ្ជាប់​ទៅ​បណ្ដាញ Wi-Fi ឬ​ទិន្នន័យ​ទូរស័ព្ទ។","network-error-launching":"{{name}} requires an Internet connection.","network-error-in-app":"No access to the Internet right now.","unable-to-connect":"មិន​អាច​តភ្ជាប់","try-again":"ព្យាយាម​ម្ដង​ទៀត","check-settings":"Check settings","tap-to-check-settings":"Tap to check settings","select-time":"ជ្រើស​ពេលវេលា","choose-option":"ជ្រើស","choose-options":"ជ្រើស","select-day":"ជ្រើស​ថ្ងៃ","battery-almost-empty":"ថ្ម​ជិត​អស់​ហើយ","add-to-home-screen":"បន្ថែមទៅអេក្រង់ដើម","crash-dialog2-os":"{{brandShortName}} ទើប​បាន​សង្គ្រោះ​ពី​ការ​ជាប់​គាំង","crash-dialog-app":"{{name}} ទើប​​ជាប់​គាំង","crash-dialog-message":"តើ​អ្នក​ចង់​ផ្ញើ​របាយការណ៍​អំពី​ភាព​ជាប់គាំង​ទៅ Mozilla ដើម្បី​ជួយ​យើង​​ដោះស្រាយ​បញ្ហា​​នេះ​ឬ​ទេ? (បាន​ផ្ញើ​របាយការណ៍​តាម Wi-Fi ប៉ុណ្ណោះ។)","crash-info-link":"អ្វី​នៅ​ក្នុង​របាយការណ៍​ភាព​ជាប់​គាំង?","crash-always-report":"តែងតែ​ផ្ញើ​របាយការណ៍​ទៅ Mozilla នៅ​ពេល​គាំង។","crash-dont-send":"កុំ​ផ្ញើ","crash-end":"ផ្ញើ​របាយការណ៍","crashReports":"របាយការណ៍​ភាព​ជាប់​គាំង","done":"ធ្វើ​រួច","crash-reports-description-1":"របាយការណ៍​ភាព​ជាប់គាំង​មាន​​សេចក្ដី​លម្អិត​ខ្លះ​អំពី​ភាព​ជាប់គាំង និង​ឧបករណ៍​របស់​អ្នក ក៏ដូចជា​រូបថត​អំពី​សភាព​ឧបករណ៍​របស់​អ្នក​នៅ​ពេល​វា​បាន​គាំង។","crash-reports-description-2":"នេះ​​អាច​មាន​​អ្វីៗ​ដូចជា​​​​ទំព័រ និង​កម្មវិធី​ដែល​បើក អត្ថបទ​ដែល​បាន​វាយ​បញ្ចូល​ក្នុង​ទម្រង់ និង​​មាតិកា​នៃ​សារ​​ដែល​បើក ប្រវត្តិ​រុករក​ថ្មីៗ ឬ​​ទីតាំង​ភូមិសាស្ត្រ​បាន​ប្រើ​ដោយ​កម្មវិធី​ដែល​បើក។","crash-reports-description-3-start":"យើង​ប្រើ​របាយការណ៍​គាំង​ដើម្បី​កែ​បញ្ហា​ និង​ធ្វើ​ឲ្យ​ផលិតផល​របស់​យើង​ប្រសើរ​ឡើង។ យើង​​ប្រើ​ព័ត៌មាន​របស់​អ្នក​​ដូច​យើង​ពណ៌នា​​នៅ​ក្នុង ourȀ","crash-reports-description-3-privacy":"គោលនយោបាយ​ភាព​ឯកជន","crash-reports-description-3-end":".","crash-banner-os2":"{{brandShortName}} ទើប​​បាន​គាំង។","crash-banner-app":"{{name}} ទើប​បាន​គាំង។","crash-banner-report":"របាយការណ៍","bluetooth-sending-progress":"កំពុង​បញ្ជូន​ការ​ផ្ទេរ​តាម​ប្ល៊ូធូស..","bluetooth-receiving-progress":"កំពុង​ទទួល​ការ​ផ្ទេរ​តាម​ប្ល៊ូធូស..","acceptFileTransfer":"យល់ព្រម​​ការ​ផ្ទេរ​ឯកសារ​តាម​ប្ល៊ូធូស​ឬ?","wantToReceiveFile":"{{deviceName}} ចង់​ផ្ទេរ {{fileName}} ({{fileSize}})។","transfer-confirmation-title":"{{deviceName}}","transfer-confirmation-description":"ពិនិត្យ​សំណើ​ផ្ទេរ។","byteUnit-B":"B","byteUnit-KB":"KB","byteUnit-MB":"MB","byteUnit-GB":"GB","byteUnit-TB":"TB","byteUnit-PB":"PB","byteUnit-EB":"EB","byteUnit-ZB":"ZB","byteUnit-YB":"YB","fileSize":"{{size}} {{unit}}","deny":"បដិសេធ","transfer":"ផ្ទេរ","cancelFileTransfer":"បោះបង់​ការ​ផ្ទេរ​ឯកសារ​តាម​ប៊ូធូស?","continueFileTransfer":"Continue","transfer-has-started-title":"ការ​ផ្ទេរ​បាន​ចាប់ផ្ដើម","transfer-has-started-description":"ពិនិត្យ​វឌ្ឍនភាព​ក្នុង​មជ្ឈមណ្ឌល​ជូន​ដំណឹង","transferFinished-sentSuccessful-title":"បាន​ផ្ញើ​ឯកសារ","transferFinished-receivedSuccessful-title":"បាន​ទទួល​ឯកសារ","transferFinished-sentFailed-title":"មិន​អាច​ផ្ញើ​ឯកសារ​បាន​ទេ","transferFinished-receivedFailed-title":"មិន​អាច​ទទួល​ឯកសារ​បាន​ទេ","transferReport-title":"របាយការណ៍​ផ្ទេរ៖","transferReport-description":"ឯកសារ {{numSuccessful}} ជោគជ័យ,  ឯកសារ {{numUnsuccessful}} មិន​ជោគជ័យ","unknown-file":"មិន​ស្គាល់​ឯកសារ","unknown-device":"មិន​ស្គាល់​ឧបករណ៍","cannotOpenFile":"មិន​អាច​បើក​​ឯកសារ​ដែល​បាន​ទទួល","unknownMediaTypeToOpen":"មិន​អាច​បើក​ប្រភេទ​មេឌៀ​ដែល​មិន​ស្គាល់៖","cannotReceiveFile":"មិន​អាច​ទទួល​ឯកសារ","cannotGetStorageState":"មិន​អាច​​​ទទួល​ស្ថានភាព​ការ​ផ្ទុក​របស់​ឧបករណ៍","sdcard-not-exist2":"រក​មិន​ឃើញ​កាត​អង្គ​ចងចាំ។ សូម​បញ្ចូល​កាត​អង្គ​​ចងចាំ។","sdcard-in-use":"មិន​អាច​ប្រើ​ប្ល៊ូធូស​អំឡុង​ពេល​ទូរស័ព្ទ​ដោត​ចូល។ សូម​​ដក​ទូរស័ព្ទ​ចេញ​ដើម្បី​ទទួល​ឯកសារ។","sdcard-no-space2":"មិន​អាច​បញ្ចប់​ការ​ផ្ទេរ៖ កាត​អង្គ​ចងចាំ​បាន​ពេញ។","unknown-error":"កំហុស​ដែល​មិន​ស្គាល់","confirm":"អះអាង","microphone-is-on":"ម៉ីក្រុហ្វូន​បើក​ហើយ","camera-is-on":"ម៉ាស៊ីនថត​បើក​ហើយ","media-is-on":"បើក​កាមេរ៉ា & មីក្រូហ្វូន","noSimCard":"គ្មាន​ SIM កាត","simPin":"SIM PIN","pukCode":"កូដ PUK","nckCode":"កូដ NCK","cckCode":"លេខ​កូដ CCK","spckCode":"លេខ​កូដ SPCK","nck1code":"NCK1 code","nck2code":"NCK2 code","hnckcode":"HNCK code","rcckcode":"RCCK code","rspckcode":"RSPCK code","whatIsSimPin":"តើ​អ្វី​ជា SIM PIN?","simPinIntro1":"SIM PIN ទប់​ស្កាត់​ការ​ចូល​ទៅ​បណ្ដាញ​ទិន្នន័យ​​ជា​ប្រព័ន្ធ​តាម​​​ SIM កាត។ នៅ​ពេល​​​​អនុញ្ញាត​​វា​ឲ្យ​ប្រើ​បាន ឧបករណ៍​នីមួយៗ​​ដែល​មាន​​ SIM កាត​នឹង​ស្នើ​​លេខ​កូដ PIN នៅ​ពេល​ចាប់​ផ្ដើម​ឡើងវិញ។","simPinIntro2":"SIM PIN គឺ​មិន​ដូច​គ្នា​នឹង​​លេខ​កូដ​ ដែល​បាន​ប្រើ​ដើម្បី​ដោះ​សោ​ឧបករណ៍​ទេ។","changeSimPin":"ផ្លាស់ប្ដូរ PIN","pinTitle":"បញ្ចូល SIM PIN","multiSIMpinTitle":"បញ្ចូល SIM {{n}} PIN","pukTitle":"បញ្ចូល​លេខ​កូដ PUK","nckTitle":"បញ្ចូល​លេខ​កូដ NCK","cckTitle":"បញ្ចូល​លេខ​កូដ CCK","spckTitle":"បញ្ចូល​លេខ​កូដ SPCK","nck1Title":"Enter NCK1 code","nck2Title":"Enter NCK2 code","hnckTitle":"Enter HNCK code","rcckTitle":"Enter RCCK code","rspckTitle":"Enter RSPCK code","newpinTitle":"PIN ថ្មី","inputCodeRetriesLeft":{"_index":["plural","n"],"_":{"one":"ការ​ព្យាយាម​ចុងក្រោយ។","two":"នៅ​សល់​ការ​ព្យាយាម {{n}} ដង​ទៀត។","few":"នៅ​សល់​ការ​ព្យាយាម {{n}} ដង​ទៀត។","many":"នៅ​សល់​ការ​ព្យាយាម {{n}} ដង​ទៀត។","other":"នៅ​សល់​ការ​ព្យាយាម {{n}} ដង​ទៀត។"}},"pinErrorMsg":"លេខ​កូដ PIN មិន​ត្រឹមត្រូវ។","pinAttemptMsg2":{"_index":["plural","n"],"_":{"one":"អ្នក​នៅសល់​ការ​ព្យាយាម​ម្ដងទៀត​ដើម្បី​បញ្ចូល​លេខ​កូដ​ត្រឹមត្រូវ មុន​ពេល​ចាក់សោ​ SIM កាត​នេះ។","two":"អ្នក​នៅសល់​ការ​ព្យាយាម {{n}} ដង​ទៀត​ក្នុង​ការ​បញ្ចូល​កូដ​ត្រឹមត្រូវ មុន​ពេល​ចាក់សោ​ SIM កាត​នេះ។","few":"អ្នក​នៅសល់​ការ​ព្យាយាម {{n}} ដង​ទៀត​ក្នុង​ការ​បញ្ចូល​កូដ​ត្រឹមត្រូវ មុន​ពេល​ចាក់សោ​ SIM កាត​នេះ។","many":"អ្នក​នៅសល់​ការ​ព្យាយាម {{n}} ដង​ទៀត​ក្នុង​ការ​បញ្ចូល​កូដ​ត្រឹមត្រូវ មុន​ពេល​ចាក់សោ​ SIM កាត។","other":"អ្នក​នៅសល់​ការ​ព្យាយាម {{n}} ដង​ទៀត​ក្នុង​ការ​បញ្ចូល​កូដ​ត្រឹមត្រូវ មុន​ពេល​ចាក់សោ​ SIM កាត។"}},"pinLastChanceMsg":"នេះ​ជា​លើក​​ចុងក្រោយ​របស់​អ្នក​​ដើម្បី​បញ្ចូល​កូដ PIN ​ដែល​​ត្រឹមត្រូវ។ បើ​មិន​ដូច្នេះ​ទេ អ្នក​ត្រូវតែ​បញ្ចូល​កូដ PUK ដើម្បី​​អាច​ប្រើ​​ SIM កាត​នេះ​បាន​។","simCardLockedMsg":"បាន​បិទ SIM កាត​នេះ។","enterPukMsg":"អ្នក​ត្រូវតែ​បញ្ចូល​កូដ​ពាក្យ​គន្លឹះ​ដោះ​សោ​ផ្ទាល់ខ្លួន (PUK) សម្រាប់​​ SIM ​កាត​នេះ។ យោង​តាម​​ឯកសារ​ SIM កាត​របស់​អ្នក ឬ​ទាក់ទង​​ក្រុមហ៊ុន​គមនាគមន៍​របស់​អ្នក​សម្រាប់​ព័ត៌មាន​បន្ថែម។","pukErrorMsg":"លេខ​កូដ PUK មិន​ត្រឹមត្រូវ។","pukAttemptMsg2":{"_index":["plural","n"],"_":{"one":"អ្នក​នៅ​សល់​ការ​ព្យាយាម​ម្ដង​ទៀត​ដើម្បី​បញ្ចូល​លេខ​កូដ​​ត្រឹមត្រូវ មុន​ពេល​ SIM កាត​នេះ​នឹង​មិន​អាច​ប្រើ​បាន​ជា​រៀង​រហូត។ យោង​តាម​ឯកសារ​ SIM កាត​របស់​អ្នក​ ឬ​ទាក់ទង​ក្រុមហ៊ុន​គមនាគមន៍​របស់​អ្នក​សម្រាប់​ព័ត៌មាន​បន្ថែម។","two":"អ្នក​​នៅ​សល់​ការ​ព្យាយាម {{n}} ដង​ទៀត​ក្នុង​ការ​បញ្ចូល​កូដ​ត្រឹមត្រូវ មុន​ពេល​ SIM កាត​នេះ​មិន​អាច​ប្រើ​បាន​ជា​រៀង​រហូត។ យោង​តាម​ឯកសារ​ SIM ​កាត​របស់​អ្នក ឬ​ទាក់ទង​ក្រុមហ៊ុន​គមនាគមន៍​​​សម្រាប់​ព័ត៌មាន​បន្ថែម។","few":"អ្នក​​នៅ​សល់​ការ​ព្យាយាម {{n}} ដង​ទៀត​ក្នុង​ការ​បញ្ចូល​កូដ​ត្រឹមត្រូវ មុន​ពេល​ SIM កាត​នេះ​មិន​អាច​ប្រើ​បាន​ជា​រៀង​រហូត។ យោង​តាម​ឯកសារ​ SIM ​កាត​របស់​អ្នក ឬ​ទាក់ទង​ក្រុមហ៊ុន​គមនាគមន៍​​​សម្រាប់​ព័ត៌មាន​បន្ថែម។","many":"អ្នក​​នៅ​សល់​ការ​ព្យាយាម {{n}} ដង​ទៀត​ក្នុង​ការ​បញ្ចូល​កូដ​ត្រឹមត្រូវ មុន​ពេល​ SIM កាត​នេះ​មិន​អាច​ប្រើ​បាន​ជា​រៀង​រហូត។ យោង​តាម​ឯកសារ​ SIM ​កាត​របស់​អ្នក ឬ​ទាក់ទង​ក្រុមហ៊ុន​គមនាគមន៍​​​សម្រាប់​ព័ត៌មាន​បន្ថែម។","other":"អ្នក​នៅ​សល់​ការ​ព្យាយាម {{n}} ដង​ទៀត​ដើម្បី​បញ្ចូល​​​លេខ​កូដ​ត្រឹមត្រូវ មុន​ពេល​​​ SIM ​កាត​នេះ​​​មិន​អាច​ប្រើ​បាន​ជា​រៀង​រហូត។ យោង​តាម​​​ឯកសារ​ SIM ​កាត​របស់​អ្នក ឬ​ទាក់ទង​ក្រុមហ៊ុន​​​សារ​គមនាគមន៍​សម្រាប់​ព័ត៌មាន​បន្ថែម។"}},"pukLastChanceMsg":"លើក​ចុង​ក្រោយ​ដើម្បី​បញ្ចូល​លេខ​កូដ PUK ដែល​ត្រឹមត្រូវ។ SIM កាត​របស់​អ្នក​នឹង​មិន​អាច​ប្រើ​បាន​ជា​រៀង​រហូត បើ​អ្នក​បញ្ចូល​លេខ​កូដ PUK ខុស។ យោង​តាម​​ឯកសារ​ SIM កាត​របស់​អ្នក ឬ​ទាក់ទង​ក្រុមហ៊ុន​គមនាគមន៍​របស់​អ្នក​សម្រាប់​ព័ត៌មាន​បន្ថែម។","newSimPinMsg":"បង្កើត​​លេខ​កូដ PIN (ត្រូវតែ​មាន 4 ទៅ 8 ខ្ទង់)","confirmNewSimPinMsg":"អះអាង​ PIN ថ្មី","newPinErrorMsg":"PIN មិន​ត្រូវ​គ្នា។","nckErrorMsg":"លេខ​កូដ NCK មិន​ត្រឹមត្រូវ។","nckAttemptMsg2":{"_index":["plural","n"],"_":{"one":"បរាជ័យ​ការ​ស្នើ​​​បណ្ដាញ​​មិន​​មាន​លក្ខណៈ​បុគ្គល។ អ្នក​នៅ​សល់​ការ​ព្យាយាម​ម្ដង​ទៀត​ដើម្បី​បញ្ចូល​លេខ​កូដ​ត្រឹមត្រូវ។ សូម​មើល​ឯកសារ​ឧបករណ៍​របស់​អ្នក ឬ​ទាក់ទង​ក្រុមហ៊ុន​បញ្ជូន​សម្រាប់​ព័ត៌មាន​បន្ថែម។","two":"បរាជ័យ​ការ​ស្នើ​​​បណ្ដាញ​​មិន​​មាន​លក្ខណៈ​បុគ្គល។ អ្នក​នៅ​សល់ {{n}} ដង​ទៀត​ដើម្បី​បញ្ចូល​លេខ​កូដ​ត្រឹមត្រូវ។ សូម​មើល​ឯកសារ​ឧបករណ៍​របស់​អ្នក ឬ​ទាក់ទង​ក្រុមហ៊ុន​បញ្ជូន​សម្រាប់​ព័ត៌មាន​បន្ថែម។","few":"បរាជ័យ​ការ​ស្នើ​​​បណ្ដាញ​​មិន​​មាន​លក្ខណៈ​បុគ្គល។ អ្នក​នៅ​សល់ {{n}} ដង​ទៀត​ដើម្បី​បញ្ចូល​លេខ​កូដ​ត្រឹមត្រូវ។ សូម​មើល​ឯកសារ​ឧបករណ៍​របស់​អ្នក ឬ​ទាក់ទង​ក្រុមហ៊ុន​បញ្ជូន​សម្រាប់​ព័ត៌មាន​បន្ថែម។","many":"បរាជ័យ​ការ​ស្នើ​​​បណ្ដាញ​​មិន​​មាន​លក្ខណៈ​បុគ្គល។ អ្នក​នៅ​សល់ {{n}} ដង​ទៀត​ដើម្បី​បញ្ចូល​លេខ​កូដ​ត្រឹមត្រូវ។ សូម​មើល​ឯកសារ​ឧបករណ៍​របស់​អ្នក ឬ​ទាក់ទង​ក្រុមហ៊ុន​បញ្ជូន​សម្រាប់​ព័ត៌មាន​បន្ថែម។","other":"បរាជ័យ​ការ​ស្នើ​​​បណ្ដាញ​​មិន​​មាន​លក្ខណៈ​បុគ្គល។ អ្នក​នៅ​សល់ {{n}} ដង​ទៀត​ដើម្បី​បញ្ចូល​លេខ​កូដ​ត្រឹមត្រូវ។ សូម​មើល​ឯកសារ​ឧបករណ៍​របស់​អ្នក ឬ​ទាក់ទង​ក្រុមហ៊ុន​បញ្ជូន​សម្រាប់​ព័ត៌មាន​បន្ថែម។"}},"nckLastChanceMsg":"បរាជ័យ​ការ​ស្នើ​​​បណ្ដាញ​​មិន​​មាន​លក្ខណៈ​បុគ្គល។ ឱកាស​ចុង​ក្រោយ​ដើម្បី​បញ្ចូល​លេខ​កូដ NCK ត្រឹមត្រូវ។ យោង​តាម​ឯកសារ​ឧបករណ៍​របស់​អ្នក ឬ​ទាក់ទង​ក្រុមហ៊ុន​គមនាគមន៍​របស់​អ្នក​សម្រាប់​ព័ត៌មាន​បន្ថែម។","activity-pick":"ជ្រើស​ពី៖","activity-view":"មើល​​ជាមួយ៖","activity-test":"សាកល្បង​ជាមួយ៖","activity-share":"ចែករំលែក​ជាមួយ៖","activity-new":"បង្កើត​ជាមួយ៖","activity-open":"បើក​ជាមួយ៖","activity-save-bookmark":"ចំណាំ​ទៅ៖","activity-record":"កត់ត្រា​ចេញ​ពី៖","activity-browse":"រក​មើល​ជាមួយ៖","activity-configure":"កំណត់​រចនាសម្ព័ន្ធ​ជាមួយ៖","activity-dial":"ហៅ​​លេខ​ចេញ​ពី៖","persona-signin":"ចូល","payment-flow":"ជាវ","remoteDebuggerMessage":"សំណើ​ចូល​មក​មួយ​ដើម្បី​​អនុញ្ញាត​ឲ្យ​​រក​ឃើញ​​ការ​ភ្ជាប់​​​កែ​កំហុស​ពី​ចម្ងាយ។ អនុញ្ញាត​ការ​ភ្ជាប់?","fullscreen-request":"{{origin}} ឥឡូវ​​ពេញ​អេក្រង់។","captive-wifi-available":"រក​ឃើញ​បណ្ដាញ {{networkName}} ។ ចូលរួម​បណ្ដាញ​ឬ?","ceWarningtitle":"ការ​ព្រមាន​​​​​កម្រិត​សំឡេង","ceWarningcontent":"ដើម្បី​កុំ​ឲ្យ​មាន​បញ្ហា​ត្រចៀក សូម​កុំ​ស្ដាប់​នៅ​កម្រិត​សំឡេង​ខ្ពស់​ក្នុង​រយៈពេល​យូរ។","notification-powersaving-mode-on-title":"របៀប​សន្សំ​ថាមពល","notification-powersaving-mode-on-description":"បាន​បើក​របៀប​សន្សំ​ថាមពល​។","low-device-storage":"ទំហំ​​ផ្ទុក​ឧបករណ៍​ទាប។\\n","free-space":{"_index":["plural","value"],"_":{"zero":"មិន​មាន​ទំហំ​ទំនេរ​នៅ​សល់​ទេ។","one":"នៅសល់​តិច​ជាង {{value}} {{unit}} ។","two":"នៅសល់​តិច​ជាង {{value}} {{unit}} ។","few":"នៅសល់​តិច​ជាង {{value}} {{unit}} ។","many":"នៅសល់​តិច​ជាង{{value}} {{unit}} ។","other":"នៅសល់​តិច​ជាង {{value}} {{unit}} ។"}},"unknown-free-space":"មិន​ស្គាល់​​ទំហំ​នៅសល់។","system-alert":"ការ​ជូនដំណឹង​ប្រព័ន្ធ","cb-channel":"ប៉ុស្តិ៍ {{channel}}","icc-message-title":"សារ​ប្រតិបត្តិ​ករ​ពី SIM {{id}}","icc-confirmCall-defaultmessage":"ហៅ {{number}}?","icc-alertMessage-defaultmessage":"ផ្ញើ​សារ","icc-confirmMessage-defaultmessage":"ផ្ញើ​សារ?","icc-inputbox-title":"សំណួរ STK ពី​ SIM {{id}}","emergency-callback-mode":"របៀប​ហៅ​ត្រឡប់​ពេល​អាសន្ន","emergency-callback-message":"អ្នក​មិន​អាច​ធ្វើ​ការ​ហៅ​បាន​ទេ, ផ្ញើ​សារ ឬ​​នៅ​លើ​បណ្ដាញ ពីព្រោះ​​​របៀប​ការ​ហៅ​ត្រឡប់​វិញ​នៅ​ពេល​មាន​អាសន្ន​ត្រូវ​បាន​បើក។ តើ​អ្នក​ចង់​បិទ​វា​ឬ?","cdma-record-info":"ព័ត៌មាន​កំណត់​ត្រា CDMA","ime-switching-title":"{{appName}}: {{name}}","ime-switching-tip":"ប៉ះ ដើម្បី​ប្ដូរ​​វិធីសាស្ត្រ​បញ្ចូល","layout-selection":"ការ​ជ្រើស​ប្លង់","shrinking-tip":"អូស​ដើម្បីចែករំលែក","download_started":"បាន​ចាប់ផ្ដើម​ទាញយក","download_stopped":"បាន​បញ្ឈប់ការ​ទាញ​យក","download_downloading":"កំពុង​ទាញ​យក...","download_succeeded":"ការ​ទាញ​យក​ចប់​ហើយ","download_failed":"ការ​ទាញយក​បាន​បរាជ័យ","download_text_by_default":"{{name}}","download_downloading_text_2":"{{percentage}}% - {{name}}","search-or-enter-address":{"_":"Search or enter address","placeholder":"Search or enter address"},"noSIMCardInHotspot":"មិន​មាន​ SIM កាត ឬ​បាន​បញ្ចូល​មិន​ត្រឹមត្រូវ, ដូច្នេះ​សូម​បិទ​ហត់ស្ប៉ត","brandShortName":"B2G OS","browserBrandShortName":"កម្មវិធី​អ៊ីនធឺណិត","browserBrandFullName":"កម្មវិធី​អ៊ីនធឺណិត​ Mozilla","weekday-0-long":"អាទិត្យ","weekday-1-long":"ច័ន្ទ","weekday-2-long":"អង្គារ","weekday-3-long":"ពុធ","weekday-4-long":"ព្រហស្បតិ៍","weekday-5-long":"សុក្រ","weekday-6-long":"សៅរ៍","weekday-0-short":"អាទិត្យ","weekday-1-short":"ច័ន្ទ","weekday-2-short":"អង្គារ","weekday-3-short":"ពុធ","weekday-4-short":"ព្រហស្បតិ៍","weekday-5-short":"សុក្រ","weekday-6-short":"សៅរ៍","month-0-long":"មករា","month-1-long":"កុម្ភៈ","month-2-long":"មីនា","month-3-long":"មេសា","month-4-long":"ឧសភា","month-5-long":"មិថុនា","month-6-long":"កក្កដា","month-7-long":"សីហា","month-8-long":"កញ្ញា","month-9-long":"តុលា","month-10-long":"វិច្ឆិកា","month-11-long":"ធ្នូ","month-0-genitive":"មករា","month-1-genitive":"កុម្ភៈ","month-2-genitive":"មីនា","month-3-genitive":"មេសា","month-4-genitive":"ឧសភា","month-5-genitive":"មិថុនា","month-6-genitive":"កក្កដា","month-7-genitive":"សីហា","month-8-genitive":"កញ្ញា","month-9-genitive":"តុលា","month-10-genitive":"វិច្ឆិកា","month-11-genitive":"ធ្នូ","month-0-short":"មករា","month-1-short":"កុម្ភៈ","month-2-short":"មីនា","month-3-short":"មេសា","month-4-short":"ឧសភា","month-5-short":"មិថុនា","month-6-short":"កក្កដា","month-7-short":"សីហា","month-8-short":"កញ្ញា","month-9-short":"តុលា","month-10-short":"វិច្ឆិកា","month-11-short":"ធ្នូ","minutes-ago-long":{"_index":["plural","value"],"_":{"zero":"អម្បាញ់មិញនេះ","one":"មួយ​នាទី​មុន","two":"{{value}} នាទី​មុន","few":"{{value}} នាទី​មុន","many":"{{value}} នាទី​មុន","other":"{{value}} នាទី​មុន"}},"hours-ago-long":{"_index":["plural","value"],"_":{"zero":"អម្បាញ់មិញនេះ","one":"មួយ​ម៉ោង​មុន","two":"{{value}} ម៉ោង​មុន","few":"{{value}} ម៉ោង​មុន","many":"{{value}} ម៉ោង​មុន","other":"{{value}} ម៉ោង​មុន"}},"days-ago-long":{"_index":["plural","value"],"_":{"zero":"ថ្ងៃ​នេះ","one":"ម្សិលមិញ","two":"{{value}} ថ្ងៃ​មុន","few":"{{value}} ថ្ងៃ​មុន","many":"{{value}} ថ្ងៃ​មុន","other":"{{value}} ថ្ងៃ​មុន"}},"weeks-ago-long":{"_index":["plural","value"],"_":{"zero":"សប្ដាហ៍​នេះ","one":"សប្ដាហ៍​មុន","two":"{{value}} សប្ដាហ៍​មុន","few":"{{value}} សប្ដាហ៍​មុន","many":"{{value}} សប្ដាហ៍​មុន","other":"{{value}} សប្ដាហ៍​មុន"}},"months-ago-long":{"_index":["plural","value"],"_":{"zero":"ខែ​នេះ","one":"ខែ​មុន","two":"{{value}} ខែ​មុន","few":"{{value}} ខែ​មុន","many":"{{value}} ខែ​មុន","other":"{{value}} ខែ​មុន"}},"years-ago-long":{"_index":["plural","value"],"_":{"zero":"ឆ្នាំនេះ","one":"ឆ្នាំ​មុន","two":"{{value}} ឆ្នាំ​មុន","few":"{{value}} ឆ្នាំ​មុន","many":"{{value}} ឆ្នាំ​មុន","other":"{{value}} ឆ្នាំ​មុន"}},"minutes-until-long":{"_index":["plural","value"],"_":{"zero":"ឥឡូវ","one":"ក្នុង​ពេល​មួយ​នាទី","two":"ក្នុង​ពេល {{value}} នាទី","few":"ក្នុង​ពេល {{value}} នាទី","many":"ក្នុង​ពេល​ {{value}} នាទី​","other":"ក្នុង​ពេល {{value}} នាទី"}},"hours-until-long":{"_index":["plural","value"],"_":{"zero":"ឥឡូវ","one":"ក្នុង​រយៈពេល​១​ម៉ោង","two":"ក្នុង​ពេល​​ {{value}} ម៉ោង","few":"ក្នុង​ពេល​​ {{value}} ម៉ោង","many":"ក្នុង​ពេល​​ {{value}} ម៉ោង","other":"ក្នុង​ពេល​​ {{value}} ម៉ោង"}},"days-until-long":{"_index":["plural","value"],"_":{"zero":"ថ្ងៃ​នេះ","one":"ថ្ងៃស្អែក","two":"ក្នុង​ពេល​​ {{value}} ថ្ងៃ","few":"ក្នុង​ពេល​​ {{value}} ថ្ងៃ","many":"ក្នុង​ពេល​​ {{value}} ថ្ងៃ","other":"ក្នុង​ពេល​​ {{value}} ថ្ងៃ"}},"weeks-until-long":{"_index":["plural","value"],"_":{"zero":"សប្ដាហ៍​នេះ","one":"សប្ដាហ៍​ក្រោយ","two":"ក្នុង​ពេល {{value}} សប្ដាហ៍","few":"ក្នុង​ពេល {{value}} សប្ដាហ៍","many":"ក្នុង​ពេល {{value}} សប្ដាហ៍","other":"ក្នុង​ពេល {{value}} សប្ដាហ៍"}},"months-until-long":{"_index":["plural","value"],"_":{"zero":"ខែ​នេះ","one":"ខែ​ក្រោយ","two":"ក្នុង​ពេល {{value}} ខែ","few":"ក្នុង​ពេល {{value}} ខែ","many":"ក្នុង​ពេល {{value}} ខែ","other":"ក្នុង​ពេល {{value}} ខែ"}},"years-until-long":{"_index":["plural","value"],"_":{"zero":"ឆ្នាំនេះ","one":"ឆ្នាំ​ក្រោយ","two":"ក្នុង​ពេល {{value}} ឆ្នាំ","few":"ក្នុង​ពេល {{value}} ឆ្នាំ","many":"ក្នុង​ពេល {{value}} ឆ្នាំ","other":"ក្នុង​ពេល {{value}} ឆ្នាំ"}},"minutes-ago-short":{"_index":["plural","value"],"_":{"zero":"អម្បាញ់មិញនេះ","other":"{{value}}នាទី​មុន"}},"hours-ago-short":{"_index":["plural","value"],"_":{"zero":"អម្បាញ់មិញនេះ","other":"{{value}}ម៉ោង​មុន"}},"days-ago-short":{"_index":["plural","value"],"_":{"zero":"ថ្ងៃ​នេះ","other":"{{value}}ថ្ងៃ​មុន"}},"minutes-until-short":{"_index":["plural","value"],"_":{"zero":"ឥឡូវ","other":"ក្នុង​ពេល {{value}}នាទី"}},"hours-until-short":{"_index":["plural","value"],"_":{"zero":"ឥឡូវ","other":"ក្នុង​ពេល {{value}}ម៉ោង"}},"days-until-short":{"_index":["plural","value"],"_":{"zero":"ថ្ងៃ​នេះ","other":"ក្នុង​ពេល {{value}}ថ្ងៃ"}},"incorrectDate":"(កាលបរិច្ឆេទ​មិន​ត្រឹមត្រូវ)","dateTimeFormat_%c":"%a %b %e %Y %I:%M:%S %p","dateTimeFormat_%x":"%m/%d/%Y","dateTimeFormat_%X":"%I:%M:%S %p","shortTimeFormat":"%I:%M %p","shortDateTimeFormat":"%x %I:%M %p","weekStartsOnMonday":"0","time_am":"ព្រឹក","time_pm":"PM","perm-contacts":"ទំនាក់ទំនង","perm-contacts-appRequest":"{{app}} ចង់​ចូល​​ដំណើរការ​​បញ្ជី​ទំនាក់ទំនង​របស់​អ្នក។","perm-contacts-webRequest":"{{site}} ចង់​ចូល​​ដំណើរការ​បញ្ជី​ទំនាក់ទំនង​របស់​អ្នក។","perm-desktop-notification":"ការ​ជូនដំណឹង","perm-desktop-notification-appRequest":"{{app}} ចង់​បង្ហាញ​ការ​ជូន​ដំណឹង។","perm-desktop-notification-webRequest":"{{site}} ចង់​បង្ហាញ​ការ​ជូន​ដំណឹង។","perm-device-storage-music":"កន្លែង​​​ផ្ទុក​តន្ត្រី","perm-device-storage-music-appRequest":"{{app}} ចង់​ចូល​ទៅ​កាន់​តន្ត្រី​របស់​អ្នក។","perm-device-storage-music-webRequest":"{{site}} ចង់​ចូល​ទៅ​កាន់​តន្ត្រី​របស់​អ្នក។","perm-device-storage-pictures":"កន្លែង​​​ផ្ទុក​រូបភាព","perm-device-storage-pictures-appRequest":"{{app}} ចង់​ចូល​​ទៅ​កាន់​​រូបភាព​របស់​អ្នក។","perm-device-storage-pictures-webRequest":"{{site}} ចង់​ចូល​ទៅ​កាន់​រូបភាព​របស់​អ្នក។","perm-device-storage-sdcard":"កន្លែង​ផ្ទុក​កាត​អង្គ​ចងចាំ","perm-device-storage-sdcard-appRequest":"{{app}} ចង់​ចូល​​ទៅ​កាន់​កាត​អង្គ​ចងចាំ​របស់​អ្នក។","perm-device-storage-sdcard-webRequest":"{{site}} ចង់​ចូល​​ទៅ​កាន់​កាត​អង្គ​ចងចាំ​របស់​អ្នក។","perm-device-storage-videos":"កន្លែង​ផ្ទុក​វីដេអូ","perm-device-storage-videos-appRequest":"{{app}} ចង់​ចូល​​ទៅ​កាន់​​វីដេអូ​របស់​អ្នក។","perm-device-storage-videos-webRequest":"{{site}} ចង់​ចូល​​ទៅ​កាន់​​វីដេអូ​របស់​អ្នក។","perm-fmradio":"វិទ្យុ FM","perm-fmradio-appRequest":"{{app}} ចង់​ប្រើ​វិទ្យុ FM ។","perm-fmradio-webRequest":"{{site}} ចង់​ប្រើ​វិទ្យុ FM ។","perm-geolocation":"ទីតាំង​ភូមិសាស្ដ្រ","perm-geolocation-appRequest":"{{app}} ចង់​ដឹង​ទីតាំង​របស់​អ្នក។","perm-geolocation-webRequest":"{{site}} ចង់​ដឹង​ទីតាំង​របស់​អ្នក។","perm-geolocation-more-info":"{{brandShortName}} ប្រើ​ទិន្នន័យ​ដូចជា GPS, Wi-Fi និង​បណ្ដាញ​ទិន្នន័យ​ចល័ត​ដែល​នៅ​ជិត​អ្នក ដើម្បី​ជួយ​កំណត់​ទីតាំង​ប្រហាក់ប្រហែល​របស់​អ្នក។ ទិន្នន័យ​ត្រូវ​បាន​ផ្ញើ​ទៅ Mozilla និង​អ្នក​ផ្ដល់​សេវាកម្ម​ផ្សេងៗ​ទៀត ហើយ​នឹង​ត្រូវ​បាន​ប្រើ​នៅ​ក្នុង​​កន្លែង​ផ្ទុក​​រួម​ដើម្បី​ធ្វើ​ឲ្យ​​​​មូលដ្ឋាន​ទិន្នន័យ​ទីតាំង​ទាំងនោះ​​ប្រសើរ​ឡើង។  ទិន្នន័យ​អាច​ត្រូវ​បាន​ផ្ទុក​នៅ​លើ​ឧបករណ៍​របស់​អ្នក និង​​ការ​ប្រមូល​ទិន្នន័យ​​អាច​កើត​មាន​ ទោះបី​នៅ​ពេល​​គ្មាន​កម្មវិធី​​កំពុង​ដំណើរការ​​ក៏​ដោយ។","perm-video-capture":"ម៉ាស៊ីន​ថត","perm-video-capture-appRequest":"តើ​អ្នក​ចង់​ចែករំលែក​ម៉ាស៊ីន​ថត​របស់​អ្នក​ជា​មួយ {{app}}?","perm-video-capture-webRequest":"តើ​អ្នក​ចង់​ចែករំលែក​ម៉ាស៊ីន​ថត​របស់​អ្នក​ជា​មួយ {{site}}?","perm-audio-capture":"មីក្រូហ្វូន","perm-audio-capture-appRequest":"តើ​អ្នក​ចង់​ចែករំលែក​មីក្រូហ្វូន​របស់​អ្នក​ជា​មួយ {{app}}?","perm-audio-capture-webRequest":"តើ​អ្នក​ចង់​ចែករំលែក​មីក្រូន​របស់​អ្នក​ជា​មួយ {{site}}?","perm-media-capture":"ម៉ាស៊ីន​ថត និង​មីក្រូហ្វូន","perm-media-capture-appRequest":"តើ​អ្នក​ចង់​ចែករំលែក​ម៉ាស៊ីន​ថត​ និងមីក្រូនហ្វូន​របស់​អ្នក​ជា​មួយ {{app}}?","perm-media-capture-webRequest":"តើ​អ្នកចង់​ចែករំលែក​ម៉ាស៊ីន​ថត និង​មីក្រូហ្វូន​របស់​អ្នក​ជា​មួយ {{site}}?","stopped_download_title":"បាន​បឈ្ឈប់​ការ​ទាញ​យក","stopped_download_message":"ការទាញ​យក​ត្រូវ​បាន​បញ្ឈប់។ ព្យាយាម​ទាញយក​ម្ដង​ទៀត?","stopped_download_left_button":"បោះបង់","stopped_download_right_button":"ព្យាយាម​ម្ដង​ទៀត","failed_download_title":"ការ​ទាញយក​បាន​បរាជ័យ","failed_download_message":"ការ​ទាញ​យក {{name}} បាន​បរាជ័យ។ ព្យាយាម​​ទាញ​យក​ម្ដង​ទៀត?","failed_download_left_button":"បោះបង់","failed_download_right_button":"ព្យាយាម​ម្ដង​ទៀត","stop_download_title":"បញ្ឈប់​ការ​ទាញ​យក","stop_download_message":"តើ​អ្នក​ប្រាកដ​ជា​ចង់​បញ្ឈប់​ការ​ទាញ​យ​ក?","stop_download_left_button":"ទេ","stop_download_right_button":"បាទ/ចាស","delete_download_title":"លុប","delete_download_message":"លុប {{name}}?","delete_download_left_button":"បោះបង់","delete_download_right_button":"​លុប​","delete_all_download_title":"លុប","delete_all_download_left_button":"បោះបង់","delete_all_download_right_button":"លុប","delete_all_download_message":{"_index":["plural","number"],"_":{"zero":"គ្មាន​ឯកសារ​លុប?","one":"គ្មាន​ឯកសារ​លុប?","two":"លុប​ឯកសារ {{number}} ?","few":"លុប​ឯកសារ {{number}} ?","many":"លុប​ឯកសារ {{number}} ?","other":"លុប​ឯកសារ {{number}} ?"}},"unsupported_file_type_download_title":"មិន​អាច​បើក","unsupported_file_type_download_message":"មិន​មាន​កម្មវិធី​ដែល​អាច​បើក {{name}} ។ តើ​អ្នក​​ចង់​រក្សាទុក​ឯកសារ ឬ​លុប​វា?","unsupported_file_type_download_left_button":"រក្សាទុក​ឯកសារ","unsupported_file_type_download_right_button":"​លុប​","file_not_found_download_title":"រក​មិន​ឃើញ​ឯកសារ","file_not_found_download_message":"រក​មិន​ឃើញ​ឯកសារ​លើ​ឧបករណ៍","file_not_found_download_right_button":"យល់ព្រម","unmounted_sdcard_2_download_title":"កាត​អង្គ​ចងចាំ​កំពុង​ប្រើ","unmounted_sdcard_2_download_message":"ដក​ទូរស័ព្ទ","unmounted_sdcard_2_download_right_button":"យល់ព្រម","no_provider_download_title":"មិន​អាច​ចែករំលែក","no_provider_download_message":"រកមិន​ឃើញ​ក្រុមហ៊ុន​ផ្ដល់","no_provider_download_right_button":"យល់ព្រម","no_memory_download_title":"SD កាត​​ពេញ","no_memory_download_message":"មិន​មាន​បន្ទប់​ច្រើន​នៅ​លើ​ SD កាត​​របស់​អ្នក​ដើម្បី​រក្សាទុក​ការ​ទាញ​យក​របស់​អ្នក​ឡើយ។ សូម​លុប​ឯកសារ​មួយ​ចំនួន​ចេញ​មុន​ពេល​ចាប់ផ្ដើម​ទាញ​យក។","no_memory_download_right_button":"យល់ព្រម","no_sdcard_found_2_download_title":"រក​មិន​ឃើញ​កាត​អង្គ​ចងចាំ","no_sdcard_found_2_download_message":"បញ្ចូល​កាត​ទូរស័ព្ទ ឬ​ជ្រើស​មេឌៀ​លំនាំដើម​ជំនួស​ទីតាំង​ក្នុង​ការ​កំណត់","no_sdcard_found_2_download_right_button":"យល់ព្រម","file_open_error_download_title":"មិនអាច​បើក","file_open_error_download_message":"មាន​បញ្ហា​ក្នុង​ការ​បើក {{name}} ។ តើ​អ្នក​ចង់​រក្សាទុក​ឯកសារ ឬ​លុប​វា?","file_open_error_download_left_button":"រក្សាទុក​ឯកសារ","file_open_error_download_right_button":"​លុប​","restart_download_error":"មាន​កំហុស​ខណៈ​ដែល​ចាប់ផ្ដើម​ការ​ទាញយក​ឡើងវិញ។ សូម​ព្យាយាម​ទាញយក​ម្ដង​ទៀត។","no-downloads":"គ្មាន​ការ​ទាញ​យក​","percentage":"{{percentage}} %","partialResult":"{{partial}} នៃ {{total}}","summary":"{{date}} - {{status}}","download-stopped":"បាន​បញ្ឈប់","download-failed":"ការ​ទាញ​យក​បាន​បរាជ័យ","open_downloaded_file":"បើក​","share_downloaded_file":"ចែក​រំលែក","wallpaper_downloaded_file":"កំណត់​ជា​ផ្ទាំង​រូបភាព","ringtone_downloaded_file":"កំណត់​ជា​សំឡេង​រោទ៍","cancel_downloaded_file":"បោះបង់","voicemailNoNumberTitle":"មិនមាន​លេខ​សារ​ជា​សំឡេង","voicemailNoNumberText":"មិន​អាច​ហៅ​សារ​ជា​សំឡេង។ រៀបចំ​លេខ​សារ​ជា​សំឡេង​ដើម្បី​ធ្វើការហៅ​ចេញ។","voicemailNoNumberSettings":"ការ​កំណត់","voicemailNoNumberCancel":"បោះ​បង់","firefox-accounts-title":"Firefox Accounts","fxa-next":"Next","fxa-back":"Back","fxa-done":"Done","fxa-ok":"OK","fxa-account-does-not-exist-title":"Account does not exist","fxa-account-does-not-exist-message":"Account does not exist","fxa-cannot-create-account":"Unable to create account","fxa-cannot-create-password":"Unable to reset your Firefox Accounts password right now.","fxa-already-signed-in-title":"User is already signed in","fxa-already-signed-in-message":"There is an user is already signed in Firefox.","fxa-invalid-password-title":"Invalid password","fxa-invalid-password-message":"You have used an invalid password. Please try again with a valid one.","fxa-invalid-email-title":"Invalid email address","fxa-invalid-email-message":"You have used an invalid email address. Please try again with a valid one.","fxa-connection-error-title":"Unable to connect","fxa-connection-error-message":"Unable to connect to Firefox right now. You can sign in or create an account from your phone's settings or try it again.","fxa-reset-password-error-title":"Unable to reset password","fxa-reset-password-error-message":"Your password was not reset. Please try again.","fxa-reset-password-in-settings-title":"Reset Password","fxa-reset-password-in-settings-message":"You can reset your password from your phone's settings.","fxa-generic-error-title":"Unable to connect to Firefox","fxa-generic-error-message":"Unable to connect to Firefox Accounts right now. Try your phone's settings or check your connection to Internet.","fxa-coppa-failure-error-title":"Cannot Create Account","fxa-coppa-failure-error-message":"You must meet certain age requirements to create a Firefox Accounts. <a href='http://www.ftc.gov/news-events/media-resources/protecting-consumer-privacy/kids-privacy-coppa'>Learn more</a>","fxa-coppa-ftu-error-message":"You must meet certain age requirements to create a Firefox Accounts. Try again later from Settings.","fxa-offline-error-title":"Unable to connect to Firefox","fxa-offline-error-message":"Unable to connect to Firefox Accounts right now. Check your phone' settings and your Internet connection.","fxa-unknown-error-title":"Unknown error","fxa-unknown-error-message":"Unknown error","fxa-connecting-to-firefox":"Connecting to Firefox Accounts","fxa-email-input":{"placeholder":"Email"},"fxa-use-email-to-sign-in":"Use your email address to create an account or sign in.","fxa-agree-to-tos-pp":"By proceeding, you agree to our <a href=\"#fxa-tos\">Terms of Service</a> and <a href=\"#fxa-pp\">Privacy Policy</a>","fxa-set-password-title":"Enter your new password","fxa-enter-password-title":"Enter your password","fxa-hello-user":"Hello, <a id=\"fxa-user-email\">hola@email.com</a>","fxa-password-refresh":"Please enter your Firefox Account password for <a id=\"fxa-user-email\">hola@email.com</a> to continue.","fxa-password":{"placeholder":"Password"},"fxa-forgot-password":"I forgot my password","fxa-show-password":"Show password","fxa-authenticating":"Authenticating","fxa-registering":"Registering","fxa-success":"Success!","fxa-ready-to-go":"Your Firefox Account is ready to go! ","fxa-use-services":"Now you can use <span id=\"fxa-summary-email\">email</span> to access services like Marketplace and Where’s My Fox.","fxa-manage-account-settings":"In the future, you can access and manage your account from your phone's settings.","fxa-confirm-account":"Confirm Your Account","fxa-sending-email-to":"We have sent you an email to: <strong id=\"fxa-summary-email\">email</strong>","fxa-tos-header":"Terms of Service","fxa-tos1":"Lorem ipsum dolor sit amet, consectetur adipisicing elit, sed do eiusmod tempor incididunt ut labore et dolore magna aliqua. Ut enim ad minim veniam, quis nostrud exercitation ullamco laboris nisi ut aliquip ex ea commodo consequat. Duis aute irure dolor in reprehenderit in voluptate velit esse cillum dolore eu fugiat nulla pariatur. ","fxa-tos2":"Excepteur sint occaecat qui of fi cia deserunt mollit anim id est laborum.  Lorem ipsum dolor sit amet, consectetur adipisicing elit, sed do eiusmod tempor incididunt ut labore et dolore magna aliqua. Ut enim ad minim veniam,quis nostrud exercitation ullamco laboris nisi ut aliquip ex ea commodo consequat. Duis aute irure dolor in.","fxa-pp-header":"Privacy Policy","fxa-pp1":"Lorem ipsum dolor sit amet, consectetur adipisicing elit, sed do eiusmod tempor incididunt ut labore et dolore magna aliqua. Ut enim ad minim veniam, quis nostrud exercitation ullamco laboris nisi ut aliquip ex ea commodo consequat. Duis aute irure dolor in reprehenderit in voluptate velit esse cillum dolore eu fugiat nulla pariatur. ","fxa-pp2":"Excepteur sint occaecat qui of fi cia deserunt mollit anim id est laborum.  Lorem ipsum dolor sit amet, consectetur adipisicing elit, sed do eiusmod tempor incididunt ut labore et dolore magna aliqua. Ut enim ad minim veniam,quis nostrud exercitation ullamco laboris nisi ut aliquip ex ea commodo consequat. Duis aute irure dolor in.","fxa-age-verification":"Age Verification","fxa-age-1990-earlier":"1990 or earlier","fxa-year-of-birth":"Year of Birth"}