{"ok":"확인","back":"뒤로","help":"도움말","cancel":"취소","close":"닫기","skip":"건너뛰기","airplaneMode":"비행기 모드","searching":"검색 중…","noNetwork":"네트워크 없음","roaming":"{{operator}} (로밍)","emergencyCallsOnly":"비상 전화만 가능","emergencyCallsOnly-unknownSIMState":"(알 수 없는 SIM 상태)","emergencyCallsOnly-noSIM":"(SIM 없음)","emergencyCallsOnly-pinRequired":"(SIM PIN 필요)","emergencyCallsOnly-pukRequired":"(SIM PUK 필요)","emergencyCallsOnly-networkLocked":"(네트워크 잠김)","emergencyCallsOnly-serviceProviderLocked":"(서비스 제공자 잠김)","emergencyCallsOnly-corporateLocked":"(회사 잠김)","emergencyCallsOnly-network1Locked":"(network1 locked)","emergencyCallsOnly-network2Locked":"(network2 locked)","emergencyCallsOnly-hrpdNetworkLocked":"(hrpd network locked)","emergencyCallsOnly-ruimCorporateLocked":"(ruim corporate locked)","emergencyCallsOnly-ruimServiceProviderLocked":"(ruim service provider locked)","enterPIN":"PIN 입력","statusbarLabel":"{{date}}, {{operator}}","statusbarDateFormat":"%b %e일","notifications":"알림","clear-all":"모두 삭제","newVoicemails":{"_index":["plural","n"],"_":{"zero":"새 보이스메일 없음","one":"새 보이스메일 한 통","two":"새 보이스메일 {{n}}통","few":"새 보이스메일 {{n}}통","many":"새 보이스메일 {{n}}통","other":"새 보이스메일 {{n}}통"}},"newVoicemailsUnknown":"새 보이스메일","dialNumber":"{{number}}로 걸기","voicemailNotificationMultiSim":"(SIM {{n}}) {{title}}","confirmNFCConnectMsg1":"Are you sure you want to connect to the device?","confirmNFCConnectMsg2":"Turn on Bluetooth and connect to the device?","confirmNFCConnectMsg3":"Are you sure you want to connect to {{n}}?","confirmNFCConnectMsg4":"Turn on Bluetooth and connect to {{n}}?","deviceMenu":"폰","airplane":"비행기 모드 켜기","airplaneOff":"비행기 모드 끄기","silent":"진동 켜기","normal":"진동 끄기","restart":"다시 시작","power":"전원 끄기","asyncpanzoom":"앱 APZ 사용 안함","asyncpanzoomOff":"앱 APZ 사용","enableScreenReaderSteps":"스크린 리더를 사용하려면, 볼륨 올리기 및 낮추기 버튼을 번갈아 3회 이상 누르세요.","disableScreenReaderSteps":"스크린 리더를 중지하려면, 볼륨 올리기 및 낮추기 버튼을 번갈아 3회 이상 누르세요.","no-recent-apps":"최근 앱이 없음","yes":"예","no":"아니오","dontallow":"Don’t allow","allow":"허용","dontshare-geolocation":"공유 안함","share-geolocation":"공유하기","dontshare-audio-capture":"공유 안함","share-audio-capture":"공유하기","dontshare-video-capture":"공유 안함","share-video-capture":"공유하기","dontshare-media-capture":"공유 안함","share-media-capture":"공유하기","device-front":"전면 카메라","device-back":"후면 카메라","remember-my-choice":"현재 설정 저장","more-info":"상세 정보","hide-info":"Hide info","install-app":"{{name}}을 설치하시겠습니까?","size":"크기","author":"제작자","size-unknown":"알 수 없음","author-unknown":"알 수 없음","install":"설치","bytes":"바이트","kB":"kB","MB":"MB","GB":"GB","TB":"TB","PB":"PB","app-install-generic-error":"{{ appName }} 다운로드가 정지됨","app-install-download-failed":"{{ appName }} 다운로드 실패","app-install-install-failed":"{{ appName }} 설치 실패","cancelling-will-not-refund":"취소해도 구입액 환불은 되지 않습니다. 유로 컨텐츠의 환불은 원 판매자에서 제공합니다.","apps-can-be-installed-later":"앱은 나중에 설치 원 출처에서도 설치할 수 있습니다.","are-you-sure-you-want-to-cancel":"정말로 설치를 취소하시겠습니까?","cancel-install":"설치 취소","cancel-install-button":"Cancel Install","resume":"재개","continue":"계속","stopDownloading":"{{ app }}을 그만 다운로드하시겠습니까?","app-download-can-be-restarted":"다운로드는 나중에 다시 할 수 있습니다.","app-download-stop-button":"그만 다운로드","not-enough-space":"공간이 얼마 없음","not-enough-space-message":"이 앱을 설치할 만큼 충분한 공간이 없습니다. 오래된 앱이나 미디어를 삭제해 남은 공간을 늘린 다음 원래 출처에서 다시 설치해 보십시오.","app-install-success":"{{ appName }}가 설치됨","setup":"설정","ime-addkeyboards":"키보드 추가","later":"나중에","download":"다운로드","wantToDownload":"지금 업데이트를 다운로드하시겠습니까?","wantToInstall":"지금 업데이트를 설치하시겠습니까?","installNow":"지금 설치","notNow":"나중에 설치","downloadingUpdateMessage":{"innerHTML":"업데이트 다운로드 중… <span>{{ progress }} 다운로드함.</span>"},"downloadingAppMessage":"{{ appName }} 다운로드 중","downloadingAppProgressNoMax":"{{ progress }} 다운로드","downloadingAppProgressIndeterminate":"다운로드 중","downloadingAppProgress":"{{ progress }} / {{ max }} 다운로드","cancelAllDownloads":"다운로드 모두 취소","wantToCancelAll":"정말 진행 중 다운로드를 모두 취소하시겠습니까?","downloadError":"업데이트를 다운로드하는 중 오류가 발생했습니다.","updateAvailableInfo":{"innerHTML":{"_index":["plural","n"],"_":{"one":"업데이트가 {{ n }}개 있습니다. <span>자세히 알아보시려면 탭하세요.</span>","two":"업데이트가 {{ n }}개 있습니다. <span>자세히 알아보시려면 탭하세요.</span>","few":"업데이트가 {{ n }}개 있습니다. <span>자세히 알아보시려면 탭하세요.</span>","many":"업데이트가 {{ n }}개 있습니다. <span>자세히 알아보시려면 탭하세요.</span>","other":"업데이트가 {{ n }}개 있습니다. <span>자세히 알아보시려면 탭하세요.</span>"}}},"numberOfUpdates":{"_index":["plural","n"],"_":{"one":"업데이트 {{ n }}개 있음","two":"업데이트 {{ n }}개 있음","few":"업데이트 {{ n }}개 있음","many":"업데이트 {{ n }}개 있음","other":"업데이트 {{ n }}개 있음"}},"systemUpdate":"시스템 업데이트","systemUpdateReady":"시스템 업데이트 완료","required":"필요함","uncompressingMessage":{"innerHTML":"압축을 푸는 중… <span>몇 분 정도 걸릴 수 있습니다.</span>"},"downloadNoWifiWarning":"Wi-Fi를 쓸 수 없습니다. 현재 연결로 업데이트를 하면 추가적인 비용이 들 수 있습니다.","downloadOfflineWarning":"활성화된 연결이 없습니다. 업데이트를 다운로드하기 위해서 네트워크에 연결해주십시오.","downloadDataConnectionWarning":"Wi-Fi를 사용할 수 없을 때 데이터 통신을 통해 업데이트를 다운로드 합니다. 추가적인 데이터 요금이 발생할 수 있습니다.","downloadUpdatesViaDataConnection":"데이터 통신을 통해서 다운로드 하시겠습니까?","downloadUpdatesViaDataConnectionMessage":"Wi-Fi를 사용할 수 없을 때 데이터 통신을 통해 업데이트를 다운로드 합니다. 데이터 통신을 사용하면 전화 사용이 일시 중단되거나 추가적인 데이터 요금이 발생할 수 있습니다.","screenshotSaved":"갤러리에 스크린샷이 저장됨","screenshotFailed":"스크린샷을 저장하지 못함","screenshotNoSDCard":"메모리 카드를 찾지 못함","screenshotSDCardInUse":"메모리 카드가 사용 중임","screenshotSDCardLow":"메모리 카드에 남은 용량이 없음","emergency-call-button":"비상 전화","emergency-call":"비상 전화","unlock-a11y-button":{"ariaLabel":"잠금 풀기"},"camera-a11y-button":{"ariaLabel":"카메라"},"longDateFormat":"%B %e일 %A","softwareHomeButton":{"ariaLabel":"홈"},"login":"로그인","username":"사용자명","password":"암호","http-authentication-message":"{{host}}에서 “{{realm}}”라며 사용자명과 암호를 요청합니다.","error-message":"앱을 제대로 읽어들이지 못함","error-title":"문제가 있는 앱","airplane-is-on":"비행기 모드가 켜져 있음","airplane-is-turned-on":"{{name}}은 네트워크 연결을 필요로 합니다. 설정의 비행기 모드를 끄고 Wi-Fi나 모바일 데이터 네트워크에 연결하십시오.","server-not-found":"서버 없음","server-not-found-error":"{{name}}에서 서버를 찾을 수 없습니다.","file-not-found":"File not found","file-not-found-error":"The device can’t display this page because the file cannot be found.","connection-failed":"Unable to connect","connection-failed-error":"A network error occurred while trying to reach the site.","invalid-connection":"Unable to connect","invalid-connection-error":"A network error occurred while trying to reach the site.","malformed-uri":"URL not valid","malformed-uri-error":"The URL entered is not valid and cannot be loaded.","redirect-loop":"Can’t display page","redirect-loop-error":"The device can’t display this page because the page is not redirecting properly. Try this page again at a later time.","not-cached":"Page expired","not-cached-error":"As a security precaution, this page cannot be displayed by the device because it has expired.","is-printing-error":"The document cannot change while Printing or in Print Preview.","denied-port-access":"This address is restricted","denied-port-access-error":"This address uses a network port which is normally used for purposes other than Web browsing. The device has cancelled the request for your protection.","proxy-resolve-failure":"Proxy Server Error","proxy-resolve-failure-error":"The device is configured to use a proxy server that can’t be found.","proxy-connect-failure":"Proxy Server Error","proxy-connect-failure-error":"The device is configured to use a proxy server that is refusing connections.","content-encoding":"Can’t display page","content-encoding-error":"The device can’t display this page because a content encoding error occurred.","remote-xul":"Page unsupported","remote-xul-error":"This page can’t be displayed because it uses a technology that is not supported on the device.","phishing-blocked":"Warning","phishing-blocked-error":"The website has been reported as a web forgery designed to trick users into sharing personal or financial information.","malware-blocked":"Malware attack blocked","malware-blocked-error":"The site at has been reported as an attack site and has been blocked.","unsafe-content-type":"Unsafe content","unsafe-content-type-error":"The page cannot be shown because it may not be safe to open.","corrupted-content":"Can’t display page","corrupted-content-error":"The page cannot be shown because an error in the data transmission was detected.","network-connection-unavailable":"네트워크 연결 없음","network-error":"{{name}}은 네트워크 연결을 필요로 합니다.  requires a network connection. Wi-Fi나 모바일 데이터 네트워크에 연결해 보십시오.","network-error-launching":"{{name}} requires an Internet connection.","network-error-in-app":"No access to the Internet right now.","unable-to-connect":"연결 중단","try-again":"다시 시도","check-settings":"Check settings","tap-to-check-settings":"Tap to check settings","select-time":"시간 선택","choose-option":"선택","choose-options":"선택","select-day":"날짜 선택","battery-almost-empty":"배터리가 거의 없음","add-to-home-screen":"홈 화면에 추가","crash-dialog2-os":"{{brandShortName}} 프로그램 중단에서 복구되었습니다.","crash-dialog-app":"{{name}} 프로그램 중단","crash-dialog-message":"Mozilla에 프로그램 중단 관련 보고서를 보내 문제 수정에 도움을 주시겠습니까? (Wi-Fi로만 전달)","crash-info-link":"항목 보기","crash-always-report":"보고서 항상 보내기","crash-dont-send":"보내지 않음","crash-end":"보내기","crashReports":"문제 보고서","done":"완료","crash-reports-description-1":"문제 보고서에는 프로그램 중단 문제가 일어났을 때 당시 정보를 담을 수 있도록 자세한 상태와 기기 정보가 들어갑니다.","crash-reports-description-2":"여기에는 열려있는 페이지와 앱, 양식이나 메시지에 입력한 텍스트, 최근 웹 방문 기록, 또는 실행한 앱에서 쓴 위치 정보가 들어있을 수 있습니다.","crash-reports-description-3-start":"우리는 문제 보고서로 제품을 개선하는 데 이용합니다. 우리는 여러분의 정보를 다음에 설명되어 있는 대로 관리합니다:","crash-reports-description-3-privacy":"개인정보 보호 정책","crash-reports-description-3-end":".","crash-banner-os2":"{{brandShortName}}가 프로그램 중단에서 복구되었습니다.","crash-banner-app":"{{name}} 프로그램 중단","crash-banner-report":"문제보고","bluetooth-sending-progress":"블루투스 전송으로 보내는 중..","bluetooth-receiving-progress":"블루투스 전송으로 받는 중..","acceptFileTransfer":"블루투스 파일 전송을 허락하시겠습니까?","wantToReceiveFile":"{{deviceName}}이 {{fileName}}({{fileSize}}byte)을 전송하려 합니다.","transfer-confirmation-title":"{{deviceName}}","transfer-confirmation-description":"전송 요구 사항을 검토해 주십시오.","byteUnit-B":"B","byteUnit-KB":"KB","byteUnit-MB":"MB","byteUnit-GB":"GB","byteUnit-TB":"TB","byteUnit-PB":"PB","byteUnit-EB":"EB","byteUnit-ZB":"ZB","byteUnit-YB":"YB","fileSize":"{{size}}{{unit}}","deny":"아니오","transfer":"전송","cancelFileTransfer":"블루투스 파일 전송을 취소하시겠습니까?","continueFileTransfer":"Continue","transfer-has-started-title":"전송이 시작됨","transfer-has-started-description":"알림 서버에서 진행 상태 체크하기","transferFinished-sentSuccessful-title":"파일 보냄","transferFinished-receivedSuccessful-title":"파일 받음","transferFinished-sentFailed-title":"파일을 보내지 못함","transferFinished-receivedFailed-title":"파일을 받지 못함","transferReport-title":"전송 보고서","transferReport-description":"{{numSuccessful}} 전송은 성공했으나,  {{numUnsuccessful}} 파일은 아직 완료되지 않음","unknown-file":"알 수 없는 파일","unknown-device":"알 수 없는 장비","cannotOpenFile":"받은 파일 열 수 없음","unknownMediaTypeToOpen":"열 수 없는 모르는 미디어 형식:","cannotReceiveFile":"파일을 받을 수 없음","cannotGetStorageState":"기기 저장소 상태를 알 수 없음","sdcard-not-exist2":"메모리 카드가 없습니다. 메모리 카드를 넣으십시오.","sdcard-in-use":"전화가 꽂혀있으면 블루투스를 쓸 수 없습니다. 파일을 받으려면 전화를 뽑으십시오.","sdcard-no-space2":"전송을 완료할 수 없음: 메모리 카드가 가득 차 있습니다.","unknown-error":"알 수 없는 오류","confirm":"확인","microphone-is-on":"마이크 켜짐","camera-is-on":"카메라 켜짐","media-is-on":"카메라와 마이크 켜짐","noSimCard":"SIM 카드 없음","simPin":"SIM PIN","pukCode":"PUK 코드","nckCode":"NCK 코드","cckCode":"CCK 코드","spckCode":"SPCK 코드","nck1code":"NCK1 code","nck2code":"NCK2 code","hnckcode":"HNCK code","rcckcode":"RCCK code","rspckcode":"RSPCK code","whatIsSimPin":"SIM PIN이 무엇입니까?","simPinIntro1":"SIM PIN은 SIM 카드가 통신망에 접속하는 것을 제한할 수 있습니다. 설정이 켜졌을 때, 재시작하면 SIM 카드가 포함된 장치에서 PIN 코드를 요청합니다.","simPinIntro2":"SIM PIN은 기기의 잠금을 해제하는 암호와는 다릅니다.","changeSimPin":"PIN 변경","pinTitle":"SIM PIN 입력","multiSIMpinTitle":"SIM {{n}} PIN 입력하기","pukTitle":"PUK 코드 입력","nckTitle":"NCK 코드 입력","cckTitle":"CCK 코드 입력","spckTitle":"SPCK 코드 입력","nck1Title":"Enter NCK1 code","nck2Title":"Enter NCK2 code","hnckTitle":"Enter HNCK code","rcckTitle":"Enter RCCK code","rspckTitle":"Enter RSPCK code","newpinTitle":"새 PIN","inputCodeRetriesLeft":{"_index":["plural","n"],"_":{"one":"한번 남았습니다.","two":"{{n}}번 남았습니다.","few":"{{n}}번 남았습니다.","many":"{{n}}번 남았습니다.","other":"{{n}}번 남았습니다."}},"pinErrorMsg":"PIN이 맞지 않습니다.","pinAttemptMsg2":{"_index":["plural","n"],"_":{"one":"SIM 카드가 잠기기 전까지 올바른 코드를 입력할 수 있는 마지막 기회입니다.","two":"SIM 카드가 잠기기 전까지 올바른 코드를 입력할 수 있는 기회가 {{n}}번 남았습니다.","few":"SIM 카드가 잠기기 전까지 올바른 코드를 입력할 수 있는 기회가 {{n}}번 남았습니다.","many":"SIM 카드가 잠기기 전까지 올바른 코드를 입력할 수 있는 기회가 {{n}}번 남았습니다.","other":"SIM 카드가 잠기기 전까지 올바른 코드를 입력할 수 있는 기회가 {{n}}번 남았습니다."}},"pinLastChanceMsg":"PIN 코드를 입력할 수 있는 마지막 기회입니다. 그렇지 않으면, 이 SIM 카드를 사용하기 위해선 PUK 코드를 입력해야 합니다.","simCardLockedMsg":"SIM 카드가 잠겼습니다.","enterPukMsg":"SIM 카드를 사용하기 위해서는 PUK (Personal Unlocking Key) 코드를 입력하십시오. 더 알아보시려면 SIM 카드의 문서를 찾아보시거나 통신사에 연락해 보십시오.","pukErrorMsg":"PUK 코드가 옳지 않습니다.","pukAttemptMsg2":{"_index":["plural","n"],"_":{"one":"SIM 카드를 완전히 사용할 수 없을 때까지 올바른 코드를 한번 입력하실 수 있습니다. 더 알아보시려면 SIM 카드의 문서를 찾아보시거나 통신사에 연락해 보십시오.","two":"SIM 카드를 완전히 사용할 수 없을 때까지 올바른 코드를 {{n}}번 입력하실 수 있습니다. 더 알아보시려면 SIM 카드의 문서를 찾아보시거나 통신사에 연락해 보십시오.","few":"SIM 카드를 완전히 사용할 수 없을 때까지 올바른 코드를 {{n}}번 입력하실 수 있습니다. 더 알아보시려면 SIM 카드의 문서를 찾아보시거나 통신사에 연락해 보십시오.","many":"SIM 카드를 완전히 사용할 수 없을 때까지 올바른 코드를 {{n}}번 입력하실 수 있습니다. 더 알아보시려면 SIM 카드의 문서를 찾아보시거나 통신사에 연락해 보십시오.","other":"SIM 카드를 완전히 사용할 수 없을 때까지 올바른 코드를 {{n}}번 입력하실 수 있습니다. 더 알아보시려면 SIM 카드의 문서를 찾아보시거나 통신사에 연락해 보십시오."}},"pukLastChanceMsg":"PUK 코드를 입력할 수 있는 마지막 기회입니다. 만약 PUK 코드를 틀리신다면 SIM 카드를 완전히 사용할 수 없게 됩니다. 더 알아보시려면 SIM 카드의 문서를 찾아보시거나 통신사에 연락해 보십시오.","newSimPinMsg":"PIN 만들기 (4~8자리 숫자)","confirmNewSimPinMsg":"새 PIN 확인","newPinErrorMsg":"PIN이 맞지 않습니다.","nckErrorMsg":"NCK code가 옳지 않습니다.","nckAttemptMsg2":{"_index":["plural","n"],"_":{"one":"네트워크 잠금 해제 요청이 실패되었습니다. 올바른 코드를 입력할 수 있는 마지막 기회입니다. 더 알아보시려면 기기 문서를 찾아보시거나 통신사에 연락해 보십시오.","two":"네트워크 잠금 해제 요청이 실패되었습니다. 올바른 코드를 입력할 수 있는 기회가 {{n}}번 남았습니다. 더 알아보시려면 기기 문서를 찾아보시거나 통신사에 연락해 보십시오.","few":"네트워크 잠금 해제 요청이 실패되었습니다. 올바른 코드를 입력할 수 있는 기회가 {{n}}번 남았습니다. 더 알아보시려면 기기 문서를 찾아보시거나 통신사에 연락해 보십시오.","many":"네트워크 잠금 해제 요청이 실패되었습니다. 올바른 코드를 입력할 수 있는 기회가 {{n}}번 남았습니다. 더 알아보시려면 기기 문서를 찾아보시거나 통신사에 연락해 보십시오.","other":"네트워크 잠금 해제 요청이 실패되었습니다. 올바른 코드를 입력할 수 있는 기회가 {{n}}번 남았습니다. 더 알아보시려면 기기 문서를 찾아보시거나 통신사에 연락해 보십시오."}},"nckLastChanceMsg":"네트워크 잠금 해제 요청이 실패되었습니다. 올바른 NCK 코드를 입력할 수 있는 마지막 기회입니다. 더 알아보시려면 기기 문서를 찾아보시거나 통신사에 연락해 보십시오.","activity-pick":"다음 중 선택:","activity-view":"보기:","activity-test":"테스트:","activity-share":"공유:","activity-new":"만들기:","activity-open":"열기:","activity-save-bookmark":"북마크:","activity-record":"기록:","activity-browse":"찾아보기:","activity-configure":"설정:","activity-dial":"전화걸기:","persona-signin":"로그인","payment-flow":"구매","remoteDebuggerMessage":"원격 디버깅 연결 요청이 들어오는 것을 감지했습니다. 연결을 허용하시겠습니까?","fullscreen-request":"{{origin}}는 현재 전체 화면 표시 모드입니다.","captive-wifi-available":"{{networkName}} 네트워크가 검색되었습니다. 연결하시겠습니까?","ceWarningtitle":"볼륨 경고","ceWarningcontent":"장시간 최고 볼륨으로 들을 경우 청각에 손상을 입을 수 있습니다.","notification-powersaving-mode-on-title":"배터리 절약 모드","notification-powersaving-mode-on-description":"배터리 절약 모드가 켜져있습니다.","low-device-storage":"여유 공간이 부족합니다.\\n","free-space":{"_index":["plural","value"],"_":{"zero":"남은 여유공간이 없습니다.","one":"{{value}} {{unit}} 이하가 남았습니다.","two":"{{value}} {{unit}} 이하가 남았습니다.","few":"{{value}} {{unit}} 이하가 남았습니다.","many":"{{value}} {{unit}} 이하가 남았습니다.","other":"{{value}} {{unit}} 이하가 남았습니다."}},"unknown-free-space":"남은 공간을 알 수 없습니다.","system-alert":"시스템 알림","cb-channel":"채널 {{channel}}","icc-message-title":"망 사업자 메시지(SIM {{id}})","icc-confirmCall-defaultmessage":"{{number}}에 거시겠습니까?","icc-alertMessage-defaultmessage":"메시지 전송","icc-confirmMessage-defaultmessage":"메시지를 전송할까요?","icc-inputbox-title":"STK 쿼리(SIM {{id}})","emergency-callback-mode":"비상 전화 모드","emergency-callback-message":"비상 전화 모드이기 때문에 전화 걸기, 메시지 보내기 및  인터넷이 비활성화 되었습니다. 현재 모드를 끄시겠습니까?","cdma-record-info":"CDMA 기록 정보","ime-switching-title":"{{appName}}: {{name}}","ime-switching-tip":"탭해서 입력 모드 전환","layout-selection":"레이아웃 선택","shrinking-tip":"안으로 스윕 하고 공유합니다","download_started":"다운로드 시작","download_stopped":"다운로드 중단","download_downloading":"다운로드 중...","download_succeeded":"다운로드 완료","download_failed":"다운로드 실패","download_text_by_default":"{{name}}","download_downloading_text_2":"{{percentage}}% - {{name}}","search-or-enter-address":{"_":"Search or enter address","placeholder":"Search or enter address"},"noSIMCardInHotspot":"SIM 카드가 빠졌거나 잘못 삽입되어 있어 핫스팟을 끕니다.","brandShortName":"B2G OS","browserBrandShortName":"웹 브라우저","browserBrandFullName":"Mozilla 웹 브라우저","weekday-0-long":"일요일","weekday-1-long":"월요일","weekday-2-long":"화요일","weekday-3-long":"수요일","weekday-4-long":"목요일","weekday-5-long":"금요일","weekday-6-long":"토요일","weekday-0-short":"일","weekday-1-short":"월","weekday-2-short":"화","weekday-3-short":"수","weekday-4-short":"목","weekday-5-short":"금","weekday-6-short":"토","month-0-long":"1월","month-1-long":"2월","month-2-long":"3월","month-3-long":"4월","month-4-long":"5월","month-5-long":"6월","month-6-long":"7월","month-7-long":"8월","month-8-long":"9월","month-9-long":"10월","month-10-long":"11월","month-11-long":"12월","month-0-genitive":"1월","month-1-genitive":"2월","month-2-genitive":"3월","month-3-genitive":"4월","month-4-genitive":"5월","month-5-genitive":"6월","month-6-genitive":"7월","month-7-genitive":"8월","month-8-genitive":"9월","month-9-genitive":"10월","month-10-genitive":"11월","month-11-genitive":"12월","month-0-short":"1월","month-1-short":"2월","month-2-short":"3월","month-3-short":"4월","month-4-short":"5월","month-5-short":"6월","month-6-short":"7월","month-7-short":"8월","month-8-short":"9월","month-9-short":"10월","month-10-short":"11월","month-11-short":"12월","minutes-ago-long":{"_index":["plural","value"],"_":{"zero":"지금","one":"1분 전","two":"{{value}}분 전","few":"{{value}}분 전","many":"{{value}}분 전","other":"{{value}}분 전"}},"hours-ago-long":{"_index":["plural","value"],"_":{"zero":"지금","one":"1시간 전","two":"{{value}}시간 전","few":"{{value}}시간 전","many":"{{value}}시간 전","other":"{{value}}시간 전"}},"days-ago-long":{"_index":["plural","value"],"_":{"zero":"오늘","one":"어제","two":"{{value}}일 전","few":"{{value}}일 전","many":"{{value}}일 전","other":"{{value}}일 전"}},"weeks-ago-long":{"_index":["plural","value"],"_":{"zero":"이번 주","one":"지난 주","two":"{{value}}주 전","few":"{{value}}주 전","many":"{{value}}주 전","other":"{{value}}주 전"}},"months-ago-long":{"_index":["plural","value"],"_":{"zero":"이번 달","one":"지난 달","two":"{{value}}개월 전","few":"{{value}}개월 전","many":"{{value}}개월 전","other":"{{value}}개월 전"}},"years-ago-long":{"_index":["plural","value"],"_":{"zero":"올해","one":"작년","two":"{{value}}년 전","few":"{{value}}년 전","many":"{{value}}년 전","other":"{{value}}년 전"}},"minutes-until-long":{"_index":["plural","value"],"_":{"zero":"지금","one":"1분 후","two":"{{value}}분 후","few":"{{value}}분 후","many":"{{value}}분 후","other":"{{value}}분 후"}},"hours-until-long":{"_index":["plural","value"],"_":{"zero":"지금","one":"한 시간 후","two":"{{value}}시간 후","few":"{{value}}시간 후","many":"{{value}}시간 후","other":"{{value}}시간 후"}},"days-until-long":{"_index":["plural","value"],"_":{"zero":"오늘","one":"내일","two":"{{value}}일 후","few":"{{value}}일 후","many":"{{value}}일 후","other":"{{value}}일 후"}},"weeks-until-long":{"_index":["plural","value"],"_":{"zero":"이번 주","one":"다음 주","two":"{{value}}주 후","few":"{{value}}주 후","many":"{{value}}주 후","other":"{{value}}주 후"}},"months-until-long":{"_index":["plural","value"],"_":{"zero":"이번 달","one":"다음 달","two":"{{value}}개월 후","few":"{{value}}개월 후","many":"{{value}}개월 후","other":"{{value}}개월 후"}},"years-until-long":{"_index":["plural","value"],"_":{"zero":"올해","one":"내년","two":"{{value}}년 후","few":"{{value}}년 후","many":"{{value}}년 후","other":"{{value}}년 후"}},"minutes-ago-short":{"_index":["plural","value"],"_":{"zero":"지금","other":"{{value}}분 전"}},"hours-ago-short":{"_index":["plural","value"],"_":{"zero":"지금","other":"{{value}}시간 전"}},"days-ago-short":{"_index":["plural","value"],"_":{"zero":"오늘","other":"{{value}}일 전"}},"minutes-until-short":{"_index":["plural","value"],"_":{"zero":"지금","other":"{{value}}분 후"}},"hours-until-short":{"_index":["plural","value"],"_":{"zero":"지금","other":"{{value}}시간 후"}},"days-until-short":{"_index":["plural","value"],"_":{"zero":"오늘","other":"{{value}}일 후"}},"incorrectDate":"(잘못된 날짜)","dateTimeFormat_%c":"%Y년 %B %e일 %a %I:%M:%S %p","dateTimeFormat_%x":"%Y/%m/%d","dateTimeFormat_%X":"%I:%M:%S %p","shortTimeFormat":"%I:%M %p","shortDateTimeFormat":"%x %I:%M %p","weekStartsOnMonday":"0","time_am":"오전","time_pm":"오후","perm-contacts":"연락처","perm-contacts-appRequest":"{{app}}에서 연락처 목록에 접근하려 합니다.","perm-contacts-webRequest":"{{site}}에서 연락처 목록에 접근하려 합니다.","perm-desktop-notification":"알림","perm-desktop-notification-appRequest":"{{app}}에서 알림을 띄우려 합니다.","perm-desktop-notification-webRequest":"{{site}}에서 알림을 띄우려 합니다.","perm-device-storage-music":"음악 저장소","perm-device-storage-music-appRequest":"{{app}}에서 음악에 접근하려 합니다.","perm-device-storage-music-webRequest":"{{site}}에서 음악에 접근하려 합니다.","perm-device-storage-pictures":"이미지 저장소","perm-device-storage-pictures-appRequest":"{{app}}에서 이미지에 접근하려 합니다.","perm-device-storage-pictures-webRequest":"{{site}}에서 이미지에 접근하려 합니다.","perm-device-storage-sdcard":"메모리 카드 저장소","perm-device-storage-sdcard-appRequest":"{{app}}에서 메모리 카드에 접근하려 합니다.","perm-device-storage-sdcard-webRequest":"{{site}}에서 메모리 카드에 접근하려 합니다.","perm-device-storage-videos":"동영상 저장소","perm-device-storage-videos-appRequest":"{{app}}에서 동영상에 접근하려 합니다.","perm-device-storage-videos-webRequest":"{{site}}에서 동영상에 접근하려 합니다.","perm-fmradio":"FM 라디오","perm-fmradio-appRequest":"{{app}}에서 FM 라디오를 사용하려 합니다.","perm-fmradio-webRequest":"{{site}}에서 FM 라디오를 사용하려 합니다.","perm-geolocation":"위치 정보","perm-geolocation-appRequest":"{{app}}에서 위치를 공유하려고 합니다.","perm-geolocation-webRequest":"{{site}}에서 위치를 공유하려고 합니다.","perm-geolocation-more-info":"{{brandShortName}}는 GPS나 Wi-Fi 및 모바일 네트워크 등을 사용자의 대체적인 현재 위치 결정에 이용합니다. 이 데이터는 Mozilla와 다른 서비스 공급자에게 전송되고, 위치 정보 데이터베이스를 개선하기 위해 집계됩니다. 현재 데이터는 사용의 단말기에 저장되고 앱이 실행 중이 아닌 때에도 데이터가 수집될 수 있습니다.","perm-video-capture":"카메라","perm-video-capture-appRequest":"{{app}}에서 카메라를 사용하시겠습니까?","perm-video-capture-webRequest":"{{site}}에서 카메라를 사용하시겠습니까?","perm-audio-capture":"마이크","perm-audio-capture-appRequest":"{{app}}에서 마이크를 사용하시겠습니까?","perm-audio-capture-webRequest":"{{site}}에서 마이크를 사용하시겠습니까?","perm-media-capture":"카메라와 마이크","perm-media-capture-appRequest":"{{app}}에서 카메라와 마이크를 사용하시겠습니까?","perm-media-capture-webRequest":"{{site}}에서 카메라와 마이크를 사용하시겠습니까?","stopped_download_title":"다운로드 중지","stopped_download_message":"다운로드가 중지되었습니다. 다시 시작하시겠습니까?","stopped_download_left_button":"취소","stopped_download_right_button":"다시 시도","failed_download_title":"다운로드 실패","failed_download_message":"{{name}} 다운로드에 실패했습니다. 다시 시작하시겠습니까?","failed_download_left_button":"취소","failed_download_right_button":"다시 시도","stop_download_title":"다운로드 중지","stop_download_message":"정말로 다운로드를 중단하시겠습니까?","stop_download_left_button":"아니요","stop_download_right_button":"예","delete_download_title":"삭제","delete_download_message":"{{name}}을 삭제하시겠습니까?","delete_download_left_button":"취소","delete_download_right_button":"삭제","delete_all_download_title":"삭제","delete_all_download_left_button":"취소","delete_all_download_right_button":"삭제","delete_all_download_message":{"_index":["plural","number"],"_":{"zero":"파일을 삭제하지 않습니다","one":"한 개의 파일을 삭제하시겠습니까?","two":"{{number}}개의 파일을 삭제하시겠습니까?","few":"{{number}}개의 파일을 삭제하시겠습니까?","many":"{{number}}개의 파일을 삭제하시겠습니까?","other":"{{number}}개의 파일을 삭제하시겠습니까?"}},"unsupported_file_type_download_title":"데이터가 열리지 않음","unsupported_file_type_download_message":"{{name}}를 취급하는 앱이 없습니다. 파일을 저장 또는 삭제해 주십시오.","unsupported_file_type_download_left_button":"파일 저장","unsupported_file_type_download_right_button":"삭제","file_not_found_download_title":"파일이 없음","file_not_found_download_message":"기기에 파일을 찾을 수 없습니다.","file_not_found_download_right_button":"확인","unmounted_sdcard_2_download_title":"메모리 카드 사용 중","unmounted_sdcard_2_download_message":"USB 케이블을 뽑아 주십시오.","unmounted_sdcard_2_download_right_button":"확인","no_provider_download_title":"공유 제공사 없음","no_provider_download_message":"공유 기능 제공사를 찾을 수 없습니다.","no_provider_download_right_button":"확인","no_memory_download_title":"SD카드 용량 부족","no_memory_download_message":"SD카드에 다운로드한 파일을 저장하기 위한 용량이 부족합니다. 다운로드를 재개하기 전에 불필요한 파일을 삭제해 주십시오.","no_memory_download_right_button":"확인","no_sdcard_found_2_download_title":"메모리 카드 없음","no_sdcard_found_2_download_message":"메모리 카드를 삽입하거나, 환경 설정에서 기존 미디어 위치를 선택하십시오.","no_sdcard_found_2_download_right_button":"확인","file_open_error_download_title":"데이터를 열 수 없음","file_open_error_download_message":"{{name}}를 열때에 문제가 발생했습니다. 이를 파일에 저장 또는 삭제해 주십시오.","file_open_error_download_left_button":"파일에 저장","file_open_error_download_right_button":"삭제","restart_download_error":"다운로드 재시작 중에 오류가 발생했습니다. 다운로드를 다시 시도해 주십시오.","no-downloads":"다운로드 안함","percentage":"{{percentage}}%","partialResult":"{{partial}}/{{total}}","summary":"{{date}}-{{status}}","download-stopped":"다운로드 중지","download-failed":"다운로드 실패","open_downloaded_file":"열기","share_downloaded_file":"공유하기","wallpaper_downloaded_file":"배경 화면 설정","ringtone_downloaded_file":"벨소리 설정","cancel_downloaded_file":"취소","voicemailNoNumberTitle":"Voicemail number is unavailable","voicemailNoNumberText":"Unable to call the voicemail. Set up the voicemail number to place the call.","voicemailNoNumberSettings":"Settings","voicemailNoNumberCancel":"Cancel","firefox-accounts-title":"Firefox Accounts","fxa-next":"Next","fxa-back":"Back","fxa-done":"Done","fxa-ok":"OK","fxa-account-does-not-exist-title":"Account does not exist","fxa-account-does-not-exist-message":"Account does not exist","fxa-cannot-create-account":"Unable to create account","fxa-cannot-create-password":"Unable to reset your Firefox Accounts password right now.","fxa-already-signed-in-title":"User is already signed in","fxa-already-signed-in-message":"There is an user is already signed in Firefox.","fxa-invalid-password-title":"Invalid password","fxa-invalid-password-message":"You have used an invalid password. Please try again with a valid one.","fxa-invalid-email-title":"Invalid email address","fxa-invalid-email-message":"You have used an invalid email address. Please try again with a valid one.","fxa-connection-error-title":"Unable to connect","fxa-connection-error-message":"Unable to connect to Firefox right now. You can sign in or create an account from your phone's settings or try it again.","fxa-reset-password-error-title":"Unable to reset password","fxa-reset-password-error-message":"Your password was not reset. Please try again.","fxa-reset-password-in-settings-title":"Reset Password","fxa-reset-password-in-settings-message":"You can reset your password from your phone's settings.","fxa-generic-error-title":"Unable to connect to Firefox","fxa-generic-error-message":"Unable to connect to Firefox Accounts right now. Try your phone's settings or check your connection to Internet.","fxa-coppa-failure-error-title":"Cannot Create Account","fxa-coppa-failure-error-message":"You must meet certain age requirements to create a Firefox Accounts. <a href='http://www.ftc.gov/news-events/media-resources/protecting-consumer-privacy/kids-privacy-coppa'>Learn more</a>","fxa-coppa-ftu-error-message":"You must meet certain age requirements to create a Firefox Accounts. Try again later from Settings.","fxa-offline-error-title":"Unable to connect to Firefox","fxa-offline-error-message":"Unable to connect to Firefox Accounts right now. Check your phone' settings and your Internet connection.","fxa-unknown-error-title":"Unknown error","fxa-unknown-error-message":"Unknown error","fxa-connecting-to-firefox":"Connecting to Firefox Accounts","fxa-email-input":{"placeholder":"Email"},"fxa-use-email-to-sign-in":"Use your email address to create an account or sign in.","fxa-agree-to-tos-pp":"By proceeding, you agree to our <a href=\"#fxa-tos\">Terms of Service</a> and <a href=\"#fxa-pp\">Privacy Policy</a>","fxa-set-password-title":"Enter your new password","fxa-enter-password-title":"Enter your password","fxa-hello-user":"Hello, <a id=\"fxa-user-email\">hola@email.com</a>","fxa-password-refresh":"Please enter your Firefox Account password for <a id=\"fxa-user-email\">hola@email.com</a> to continue.","fxa-password":{"placeholder":"Password"},"fxa-forgot-password":"I forgot my password","fxa-show-password":"Show password","fxa-authenticating":"Authenticating","fxa-registering":"Registering","fxa-success":"Success!","fxa-ready-to-go":"Your Firefox Account is ready to go! ","fxa-use-services":"Now you can use <span id=\"fxa-summary-email\">email</span> to access services like Marketplace and Where’s My Fox.","fxa-manage-account-settings":"In the future, you can access and manage your account from your phone's settings.","fxa-confirm-account":"Confirm Your Account","fxa-sending-email-to":"We have sent you an email to: <strong id=\"fxa-summary-email\">email</strong>","fxa-tos-header":"Terms of Service","fxa-tos1":"Lorem ipsum dolor sit amet, consectetur adipisicing elit, sed do eiusmod tempor incididunt ut labore et dolore magna aliqua. Ut enim ad minim veniam, quis nostrud exercitation ullamco laboris nisi ut aliquip ex ea commodo consequat. Duis aute irure dolor in reprehenderit in voluptate velit esse cillum dolore eu fugiat nulla pariatur. ","fxa-tos2":"Excepteur sint occaecat qui of fi cia deserunt mollit anim id est laborum.  Lorem ipsum dolor sit amet, consectetur adipisicing elit, sed do eiusmod tempor incididunt ut labore et dolore magna aliqua. Ut enim ad minim veniam,quis nostrud exercitation ullamco laboris nisi ut aliquip ex ea commodo consequat. Duis aute irure dolor in.","fxa-pp-header":"Privacy Policy","fxa-pp1":"Lorem ipsum dolor sit amet, consectetur adipisicing elit, sed do eiusmod tempor incididunt ut labore et dolore magna aliqua. Ut enim ad minim veniam, quis nostrud exercitation ullamco laboris nisi ut aliquip ex ea commodo consequat. Duis aute irure dolor in reprehenderit in voluptate velit esse cillum dolore eu fugiat nulla pariatur. ","fxa-pp2":"Excepteur sint occaecat qui of fi cia deserunt mollit anim id est laborum.  Lorem ipsum dolor sit amet, consectetur adipisicing elit, sed do eiusmod tempor incididunt ut labore et dolore magna aliqua. Ut enim ad minim veniam,quis nostrud exercitation ullamco laboris nisi ut aliquip ex ea commodo consequat. Duis aute irure dolor in.","fxa-age-verification":"Age Verification","fxa-age-1990-earlier":"1990 or earlier","fxa-year-of-birth":"Year of Birth"}