{"ok":"Gerai","back":"Atgal","help":"Žinynas","cancel":"Atsisakyti","close":"Užverti","skip":"Praleisti","airplaneMode":"Skrydžio veiksena","searching":"Ieškoma…","noNetwork":"Nerastas tinklas","roaming":"{{operator}} (tarptinklinis ryšys)","emergencyCallsOnly":"Tik pagalbos skambučiai","emergencyCallsOnly-unknownSIMState":"(nežinoma SIM būsena)","emergencyCallsOnly-noSIM":"(be SIM)","emergencyCallsOnly-pinRequired":"(reikalingas SIM PIN)","emergencyCallsOnly-pukRequired":"(reikalingas SIM PUK)","emergencyCallsOnly-networkLocked":"(„pririštas“ prie tinklo)","emergencyCallsOnly-serviceProviderLocked":"(„pririštas“ prie paslaugos teikėjo)","emergencyCallsOnly-corporateLocked":"(užrakintas įmonės)","emergencyCallsOnly-network1Locked":"(network1 locked)","emergencyCallsOnly-network2Locked":"(network2 locked)","emergencyCallsOnly-hrpdNetworkLocked":"(hrpd network locked)","emergencyCallsOnly-ruimCorporateLocked":"(ruim corporate locked)","emergencyCallsOnly-ruimServiceProviderLocked":"(ruim service provider locked)","enterPIN":"Įveskite PIN","statusbarLabel":"{{date}}, {{operator}}","statusbarDateFormat":"%b %e","notifications":"Pranešimai","clear-all":"Išvalyti","newVoicemails":{"_index":["plural","n"],"_":{"zero":"Balso pranešimų nėra","one":"{{n}} balso pranešimas","two":"{{n}} balso pranešimai","few":"{{n}} pašto pranešimai","many":"{{n}} balso pranešimų","other":"{{n}} balso pranešimų"}},"newVoicemailsUnknown":"Yra balso pranešimų","dialNumber":"Skambinti {{number}}","voicemailNotificationMultiSim":"(SIM {{n}}) {{title}}","confirmNFCConnectMsg1":"Are you sure you want to connect to the device?","confirmNFCConnectMsg2":"Turn on Bluetooth and connect to the device?","confirmNFCConnectMsg3":"Are you sure you want to connect to {{n}}?","confirmNFCConnectMsg4":"Turn on Bluetooth and connect to {{n}}?","deviceMenu":"Telefonas","airplane":"Įgalinti skrydžio veikseną","airplaneOff":"Išjungti skrydžio veikseną","silent":"Nutildyti skambučius","normal":"Grąžinti skambučių garsą","restart":"Perleisti","power":"Išjungti","asyncpanzoom":"Išjungti APZ programoms","asyncpanzoomOff":"Įjungti APZ programoms","enableScreenReaderSteps":"Jeigu norite įjungti ekrano skaitytuvą, spustelėkite pagarsinimo mygtuką, o tada tris kartus nutildymo mygtuką","disableScreenReaderSteps":"Jeigu norite išjungti ekrano skaityvuą, spustelėkite pagarsinimo mygtuką, o tada tris kartus nutildymo mygtuką","no-recent-apps":"Paskiausiai naudotų programų nėra","yes":"Taip","no":"Ne","dontallow":"Don’t allow","allow":"Leisti","dontshare-geolocation":"Neatskleisti","share-geolocation":"Atskleisti","dontshare-audio-capture":"Neleisti","share-audio-capture":"Leisti","dontshare-video-capture":"Neleisti","share-video-capture":"Leisti","dontshare-media-capture":"Neleisti","share-media-capture":"Leisti","device-front":"Kamera priekyje","device-back":"Kamera nugarėlėje","remember-my-choice":"Įsiminti pasirinkimą","more-info":"Išsamiau…","hide-info":"Hide info","install-app":"Įdiegti „{{name}}“?","size":"Dydis","author":"Autorius","size-unknown":"nežinomas","author-unknown":"nežinomas","install":"Įdiegti","bytes":"B","kB":"KB","MB":"MB","GB":"GB","TB":"TB","PB":"PB","app-install-generic-error":"„{{ appName }}“ siuntimas sustojo","app-install-download-failed":"Parsiųsti „{{ appName }}“ nepavyko","app-install-install-failed":"Įdiegti „{{ appName }}“ nepavyko","cancelling-will-not-refund":"Nutraukus diegimą, už programą sumokėta suma nebus grąžinta. Grąžinimus už mokamą turinį vykdo pirminiai pardavėjai.","apps-can-be-installed-later":"Programas iš pirminio šaltinio galima įdiegti ir vėliau.","are-you-sure-you-want-to-cancel":"Ar tikrai norite nutraukti šį diegimą?","cancel-install":"Nutraukti diegimą","cancel-install-button":"Cancel Install","resume":"Tęsti","continue":"Tęsti","stopDownloading":"Nutraukti „{{ app }}“ parsiuntimą?","app-download-can-be-restarted":"Parsiuntimą galima pradėti iš naujo vėliau.","app-download-stop-button":"Nutraukti parsiuntimą","not-enough-space":"Nepakanka vietos","not-enough-space-message":"Šiai programai įdiegti nepakanka vietos. Atlaisvinkite vietos, pašalindami nebenaudojamas programas, garso, ar vaizdo įrašus, ir iš naujo bandykite įdiegti programą iš pirminio šaltinio.","app-install-success":"Programa „{{ appName }}“ įdiegta","setup":"Diegimas","ime-addkeyboards":"Pridėti klaviatūrų","later":"Vėliau","download":"Parsiųsti","wantToDownload":"Parsiųsti atnaujinimą dabar?","wantToInstall":"Įdiegti atnaujinimą dabar?","installNow":"Įdiegti","notNow":"Ne dabar","downloadingUpdateMessage":{"innerHTML":"Parsiunčiami naujinimai… <span>Parsiųsta {{ progress }}.</span>"},"downloadingAppMessage":"Parsiunčiama „{{ appName }}“","downloadingAppProgressNoMax":"Parsiųsta {{ progress }}","downloadingAppProgressIndeterminate":"Parsiunčiama","downloadingAppProgress":"Parsiųsta {{ progress }} iš {{ max }}","cancelAllDownloads":"Nutraukti visus parsiuntimus","wantToCancelAll":"Ar tikrai norite nutraukti visus parsiuntimus?","downloadError":"Parsiunčiant naujinimus, įvyko klaida.","updateAvailableInfo":{"innerHTML":{"_index":["plural","n"],"_":{"one":"Yra {{ n }} naujinimas. <span>Bakstelėkite išsamesnei informacijai.</span>","two":"Yra {{ n }} naujinimai. <span>Bakstelėkite išsamesnei informacijai.</span>","few":"Yra {{ n }} naujinimai. <span>Bakstelėkite išsamesnei informacijai.</span>","many":"Yra {{ n }} naujinimų. <span>Bakstelėkite išsamesnei informacijai.</span>","other":"Yra {{ n }} naujinimų. <span>Bakstelėkite išsamesnei informacijai.</span>"}}},"numberOfUpdates":{"_index":["plural","n"],"_":{"one":"Yra {{ n }} naujinimas","two":"Yra {{ n }} naujinimai","few":"Yra {{ n }} naujinimai","many":"Yra {{ n }} naujinimų","other":"Yra {{ n }} naujinimų"}},"systemUpdate":"Sistemos naujinimas","systemUpdateReady":"Parengtas sistemos naujinimas","required":"Būtinas","uncompressingMessage":{"innerHTML":"Išskleidžiama… <span>Tai gali trukti keletą minučių.</span>"},"downloadNoWifiWarning":"Belaidis tinklas nepasiekiamas. Parsiunčiant naujinimus esamu ryšiu, gali būti taikomi papildomi mokesčiai.","downloadOfflineWarning":"Neprisijungta prie jokio ryšio. Norint siųsti naujinimus, būtina prisijungti.","downloadDataConnectionWarning":"Kai belaidis tinklas nepasiekiamas, naujinimai siunčiami mobiliuoju ryšiu. Tokiu atveju gali būti taikomi papildomi mokesčiai už duomenų perdavimą.","downloadUpdatesViaDataConnection":"Ar siųsti naujinimus mobiliuoju ryšiu?","downloadUpdatesViaDataConnectionMessage":"Kai belaidis tinklas nepasiekiamas, naujinimai siunčiami mobiliuoju ryšiu. Naudojant mobilųjį ryšį, gali būti blokuojami skambučiai ir taikomi papildomi mokesčiai.","screenshotSaved":"Ekrano nuotrauka įrašyta","screenshotFailed":"Ekr. nuotrauka neįrašyta","screenshotNoSDCard":"Atminties kortelė neaptikta","screenshotSDCardInUse":"Atminties kortelė naudojama","screenshotSDCardLow":"Atminties kortelėje nepakanka vietos","emergency-call-button":"Pagalbos skambutis","emergency-call":"Pagalbos skambutis","unlock-a11y-button":{"ariaLabel":"Atrakinti"},"camera-a11y-button":{"ariaLabel":"Kamera"},"longDateFormat":"%A, %Eb %e d.","softwareHomeButton":{"ariaLabel":"Pradžia"},"login":"Prisijungti","username":"Abonento vardas","password":"Slaptažodis","http-authentication-message":"Serveris {{host}} reikalauja abonento vardo ir slaptažodžio. Serverio pranešimas: „{{realm}}“","error-message":"Nepavyksta įkelti {{name}}","error-title":"Problema su {{name}}","airplane-is-on":"Įgalinta skrydžio veiksena","airplane-is-turned-on":"Prisijungimui prie {{name}} būtinas tinklo ryšys. Nuostatose išjunkite skrydžio veikseną ir prisijunkite prie belaidžio tinklo arba mobiliojo duomenų ryšio.","server-not-found":"Serveris nerastas","server-not-found-error":"Serverio {{name}} rasti nepavyko.","file-not-found":"File not found","file-not-found-error":"The device can’t display this page because the file cannot be found.","connection-failed":"Unable to connect","connection-failed-error":"A network error occurred while trying to reach the site.","invalid-connection":"Unable to connect","invalid-connection-error":"A network error occurred while trying to reach the site.","malformed-uri":"URL not valid","malformed-uri-error":"The URL entered is not valid and cannot be loaded.","redirect-loop":"Can’t display page","redirect-loop-error":"The device can’t display this page because the page is not redirecting properly. Try this page again at a later time.","not-cached":"Page expired","not-cached-error":"As a security precaution, this page cannot be displayed by the device because it has expired.","is-printing-error":"The document cannot change while Printing or in Print Preview.","denied-port-access":"This address is restricted","denied-port-access-error":"This address uses a network port which is normally used for purposes other than Web browsing. The device has cancelled the request for your protection.","proxy-resolve-failure":"Proxy Server Error","proxy-resolve-failure-error":"The device is configured to use a proxy server that can’t be found.","proxy-connect-failure":"Proxy Server Error","proxy-connect-failure-error":"The device is configured to use a proxy server that is refusing connections.","content-encoding":"Can’t display page","content-encoding-error":"The device can’t display this page because a content encoding error occurred.","remote-xul":"Page unsupported","remote-xul-error":"This page can’t be displayed because it uses a technology that is not supported on the device.","phishing-blocked":"Warning","phishing-blocked-error":"The website has been reported as a web forgery designed to trick users into sharing personal or financial information.","malware-blocked":"Malware attack blocked","malware-blocked-error":"The site at has been reported as an attack site and has been blocked.","unsafe-content-type":"Unsafe content","unsafe-content-type-error":"The page cannot be shown because it may not be safe to open.","corrupted-content":"Can’t display page","corrupted-content-error":"The page cannot be shown because an error in the data transmission was detected.","network-connection-unavailable":"Nėra tinklo ryšio","network-error":"{{name}} būtinas tinklo ryšys. Pabandykite prisijungti prie belaidžio tinklo arba mobiliojo duomenų ryšio.","network-error-launching":"{{name}} requires an Internet connection.","network-error-in-app":"No access to the Internet right now.","unable-to-connect":"Nepavyko prisijungti","try-again":"Bandyti vėl","check-settings":"Check settings","tap-to-check-settings":"Tap to check settings","select-time":"Pasirinkite laiką","choose-option":"Pasirinkite","choose-options":"Pasirinkite","select-day":"Pasirinkite dieną","battery-almost-empty":"Baterija beveik išsikrovė","add-to-home-screen":"Įtraukti į Pradžios ekraną","crash-dialog2-os":"„{{brandShortName}}“ ką tik buvo strigusi","crash-dialog-app":"Programa „{{name}}“ ką tik strigo","crash-dialog-message":"Ar norėtumėte išsiųsti „Mozillai“ pranešimą apie šią strigtį ir padėti pašalinti šią problemą? Strigčių pranešimai siunčiami tik belaidžiu ryšiu.","crash-info-link":"Kas patenka į strigties pranešimą?","crash-always-report":"Visada siųsti strigčių pranešimus „Mozillai“.","crash-dont-send":"Nesiųsti","crash-end":"Siųsti pranešimą","crashReports":"Strigčių pranešimai","done":"Baigta","crash-reports-description-1":"Strigties pranešimą sudaro tam tikri duomenys apie įvykusią strigtį ir jūsų įrenginį, o taip pat įrenginio būsenos strigties akimirką atvaizdis.","crash-reports-description-2":"Ši informacija gali aprėpti tokius dalykus kaip atverti tinklalapiai ir programos, į formų laukus įvestas tekstas, atvertų pranešimų turinys, paskiausia naršymo istorija ir atvertos programos naudoti duomenys apie gepgrafinę vietą.","crash-reports-description-3-start":"Strigčių pranešimais mes naudojamės aptikdami ir taisydami klaidas, pasitaikančias mūsų produktuose. Kaip mes elgiamės su jūsų pateikta informacija, aprašyta mūsų ","crash-reports-description-3-privacy":"privatumo nuostatuose","crash-reports-description-3-end":".","crash-banner-os2":"„{{brandShortName}}“ ką tik buvo strigusi.","crash-banner-app":"Programa „{{name}}“ ką tik strigo.","crash-banner-report":"Pranešti","bluetooth-sending-progress":"Per „Bluetooth“ siunčiamas failas…","bluetooth-receiving-progress":"Per „Bluetooth“ priimamas failas…","acceptFileTransfer":"Priimti failą per „Bluetooth“?","wantToReceiveFile":"Įrenginys „{{deviceName}}“ bando perduoti failą {{fileName}} ({{fileSize}}).","transfer-confirmation-title":"{{deviceName}}","transfer-confirmation-description":"Peržiūrėti siuntimo užklausą.","byteUnit-B":"B","byteUnit-KB":"KB","byteUnit-MB":"MB","byteUnit-GB":"GB","byteUnit-TB":"TB","byteUnit-PB":"PB","byteUnit-EB":"EB","byteUnit-ZB":"ZB","byteUnit-YB":"YB","fileSize":"{{size}} {{unit}}","deny":"Nepriimti","transfer":"Priimti","cancelFileTransfer":"Nutraukti failo siuntimą per „Bluetooth“?","continueFileTransfer":"Continue","transfer-has-started-title":"Siuntimas pradėtas","transfer-has-started-description":"Siuntimo eigą galite stebėti Pranešimų centre","transferFinished-sentSuccessful-title":"Failas išsiųstas","transferFinished-receivedSuccessful-title":"Failas priimtas","transferFinished-sentFailed-title":"Failo išsiųsti nepavyko","transferFinished-receivedFailed-title":"Failo priimti nepavyko","transferReport-title":"Siuntimų ataskaita:","transferReport-description":"{{numSuccessful}} f. pavyko, {{numUnsuccessful}} f. nepavyko","unknown-file":"Nežinomas failas","unknown-device":"Nežinomas įrenginys","cannotOpenFile":"Nepavyko atverti priimtojo failo","unknownMediaTypeToOpen":"Nepavyko atverti nežinomo medijos tipo:","cannotReceiveFile":"Nepavyksta priimti failo","cannotGetStorageState":"Nepavyksta sužinoti įrenginio atmintinės būklės.","sdcard-not-exist2":"Nerasta atminties kortelė. Įdėkite atminties kortelę.","sdcard-in-use":"Kol šis įrenginys prijungtas prie kito, „Bluetooth“ ryšiu priimti failų negalima. Jeigu norite priimti failą (-us), atjunkite šį įrenginį nuo kitų.","sdcard-no-space2":"Nepavyko priimti failo – atminties kortelė pilna.","unknown-error":"Nežinoma klaida","confirm":"Patvirtinkite","microphone-is-on":"Mikrofonas įjungtas","camera-is-on":"Kamera įjungta","media-is-on":"Kamera ir mikrofonas įjungti","noSimCard":"Nėra SIM kortelės","simPin":"SIM PIN kodas","pukCode":"PUK kodas","nckCode":"NCK kodas","cckCode":"CCK kodas","spckCode":"SPCK kodas","nck1code":"NCK1 code","nck2code":"NCK2 code","hnckcode":"HNCK code","rcckcode":"RCCK code","rspckcode":"RSPCK code","whatIsSimPin":"Kas yra SIM PIN kodas?","simPinIntro1":"SIM PIN kodas apsaugo SIM kortelę nuo nesankcionuoto panaudojimo. Kai šio kodo reikalavimas įjungtas, bet kuris įrenginys, į kurį įdėsite SIM kortelę, įjungimo metu reikalaus įvesti PIN kodą.","simPinIntro2":"SIM PIN kodas yra ne tas pats, kas įrenginio atrakinimo kodas.","changeSimPin":"Keisti PIN kodą","pinTitle":"Įveskite SIM PIN kodą","multiSIMpinTitle":"Įveskite SIM {{n}} PIN kodą","pukTitle":"Įveskite PUK kodą","nckTitle":"Įveskite NCK kodą","cckTitle":"Įveskite CCK kodą","spckTitle":"Įveskite SPCK kodą","nck1Title":"Enter NCK1 code","nck2Title":"Enter NCK2 code","hnckTitle":"Enter HNCK code","rcckTitle":"Enter RCCK code","rspckTitle":"Enter RSPCK code","newpinTitle":"Naujas PIN kodas","inputCodeRetriesLeft":{"_index":["plural","n"],"_":{"one":"Paskutinis bandymas.","two":"Liko {{n}} bandymai.","few":"Liko {{n}} bandymai.","many":"Liko {{n}} bandymų.","other":"Liko {{n}} bandymų."}},"pinErrorMsg":"Įvestas neteisingas PIN kodas.","pinAttemptMsg2":{"_index":["plural","n"],"_":{"one":"Jums liko {{n}} bandymas įvesti teisingą PIN kodą. Jeigu suklysite, SIM kortelė užsirakins.","two":"Jums liko {{n}} bandymai įvesti teisingą PIN kodą. Jeigu jie bus nesėkmingi, SIM kortelė užsirakins.","few":"Jums liko {{n}} bandymai įvesti teisingą PIN kodą. Jeigu jie bus nesėkmingi, SIM kortelė užsirakins.","many":"Jums liko {{n}} bandymų įvesti teisingą PIN kodą. Jeigu jie bus nesėkmingi, SIM kortelė užsirakins","other":"Jums liko {{n}} bandymų įvesti teisingą PIN kodą. Jeigu jie bus nesėkmingi, SIM kortelė užsirakins."}},"pinLastChanceMsg":"Tai – paskutinė galimybė įvesti teisingą PIN kodą. Jeigu dabar suklysite, norėdami toliau naudotis šia SIM kortele, turėsite įvesti jos PUK kodą.","simCardLockedMsg":"SIM kortelė užrakinta.","enterPukMsg":"Privalote įvesti šios SIM kortelės PUK kodą. Išsamesnės informacijos apie jį ieškokite kortelės dokumentacijoje arba susisiekę su savo mobiliojo ryšio operatoriumi.","pukErrorMsg":"PUK kodas neteisingas.","pukAttemptMsg2":{"_index":["plural","n"],"_":{"one":"Jums liko {{n}} bandymas įvesti teisingą PUK kodą. Jeigu suklysite, SIM kortelė užsiblokuos visam laikui. Daugiau informacijos apie PUK kodą ieškokite kortelės dokumentacijoje arba susisiekę su savo mobiliojo ryšio operatoriumi.","two":"Jums liko {{n}} bandymai įvesti teisingą PUK kodą. Jeigu jie bus nesėkmingi, SIM kortelė užsiblokuos visam laikui. Daugiau informacijos apie PUK kodą ieškokite kortelės dokumentacijoje arba susisiekę su savo mobiliojo ryšio operatoriumi.","few":"Jums liko {{n}} bandymai įvesti teisingą PUK kodą. Jeigu jie bus nesėkmingi, SIM kortelė užsiblokuos visam laikui. Daugiau informacijos apie PUK kodą ieškokite kortelės dokumentacijoje arba susisiekę su savo mobiliojo ryšio operatoriumi.","many":"Jums liko {{n}} bandymų įvesti teisingą PUK kodą. Jeigu jie bus nesėkmingi, SIM kortelė užsiblokuos visam laikui. Daugiau informacijos apie PUK kodą ieškokite kortelės dokumentacijoje arba susisiekę su savo mobiliojo ryšio operatoriumi.","other":"Jums liko {{n}} bandymų įvesti teisingą PUK kodą. Jeigu jie bus nesėkmingi, SIM kortelė užsiblokuos visam laikui. Daugiau informacijos apie PUK kodą ieškokite kortelės dokumentacijoje arba susisiekę su savo mobiliojo ryšio operatoriumi."}},"pukLastChanceMsg":"Tai – paskutinė galimybė įvesti teisingą PUK kodą. Jeigu dabar suklysite, jūsų SIM kortelė negrįžtamai užsiblokuos. Daugiau informacijos apie PUK kodą ieškokite kortelės dokumentacijoje arba susisiekę su savo mobiliojo ryšio operatoriumi.","newSimPinMsg":"Įveskite naująjį PIN kodą (4–8 skaitmenis)","confirmNewSimPinMsg":"Patvirtinkite naująjį PIN kodą","newPinErrorMsg":"Įvesti PIN kodai nesutampa","nckErrorMsg":"NCK kodas neteisingas.","nckAttemptMsg2":{"_index":["plural","n"],"_":{"one":"Įrenginio „atrišti“ nuo tinklo nepavyko. Jums liko {{n}} bandymas įvesti teisingą NCK kodą. Daugiau informacijos apie šį kodą ieškokite įrenginio dokumentacijoje arba susisiekę su savo mobiliojo ryšio operatoriumi.","two":"Įrenginio „atrišti“ nuo tinklo nepavyko. Jums liko {{n}} bandymai įvesti teisingą NCK kodą. Daugiau informacijos apie šį kodą ieškokite įrenginio dokumentacijoje arba susisiekę su savo mobiliojo ryšio operatoriumi.","few":"Įrenginio „atrišti“ nuo tinklo nepavyko. Jums liko {{n}} bandymai įvesti teisingą NCK kodą. Daugiau informacijos apie šį kodą ieškokite įrenginio dokumentacijoje arba susisiekę su savo mobiliojo ryšio operatoriumi.","many":"Įrenginio „atrišti“ nuo tinklo nepavyko. Jums liko {{n}} bandymų įvesti teisingą NCK kodą. Daugiau informacijos apie šį kodą ieškokite įrenginio dokumentacijoje arba susisiekę su savo mobiliojo ryšio operatoriumi.","other":"Įrenginio „atrišti“ nuo tinklo nepavyko. Jums liko {{n}} bandymų įvesti teisingą NCK kodą. Daugiau informacijos apie šį kodą ieškokite įrenginio dokumentacijoje arba susisiekę su savo mobiliojo ryšio operatoriumi."}},"nckLastChanceMsg":"Įrenginio „atrišti“ nuo tinklo nepavyko. Jums liko paskutinis bandymas įvesti teisingą NCK kodą. Daugiau informacijos apie šį kodą ieškokite įrenginio dokumentacijoje arba susisiekę su savo mobiliojo ryšio operatoriumi.","activity-pick":"Pasirinkite iš:","activity-view":"Peržiūrėti naudojant:","activity-test":"Išbandyti naudojant:","activity-share":"Dalintis naudojant:","activity-new":"Kurti naudojant:","activity-open":"Atverti naudojant:","activity-save-bookmark":"Pridėti žymę į:","activity-record":"Įrašyti iš:","activity-browse":"Naršyti naudojant:","activity-configure":"Konfigūruoti naudojant:","activity-dial":"Skambinti naudojant:","persona-signin":"Prisijungti","payment-flow":"Pirkti","remoteDebuggerMessage":"Gauta užklausa leisti nuotolinį derinimą. Ar leisti užmegzti šį ryšį?","fullscreen-request":"{{origin}} rodoma visame ekrane.","captive-wifi-available":"Aptiktas tinklas „{{networkName}}“. Ar jungtis prie jo?","ceWarningtitle":"Įspėjimas apie garsį","ceWarningcontent":"Kad išvengtumėte galimų klausos sutrikimų, neklausykite muzikos dideliu garsu ilgai.","notification-powersaving-mode-on-title":"Energijos taupymo veiksena","notification-powersaving-mode-on-description":"Energijos taupymo veiksena įgalinta.","low-device-storage":"Įrenginyje liko mažai laisvos vietos.\\n","free-space":{"_index":["plural","value"],"_":{"zero":"Neliko laisvos vietos.","one":"Liko mažiau nei {{value}} {{unit}} laisvos vietos.","two":"Liko mažiau nei {{value}} {{unit}} laisvos vietos.","few":"Liko mažiau nei {{value}} {{unit}} laisvos vietos.","many":"Liko mažiau nei {{value}} {{unit}} laisvos vietos.","other":"Liko mažiau nei {{value}} {{unit}} laisvos vietos."}},"unknown-free-space":"Likusios laisvos vietos kiekis nežinomas.","system-alert":"Tinklo pranešimas","cb-channel":"Kanalas Nr. {{channel}}","icc-message-title":"Operatoriaus pranešimas (SIM {{id}})","icc-confirmCall-defaultmessage":"Skambinti {{number}}?","icc-alertMessage-defaultmessage":"Siunčiamas pranešimas","icc-confirmMessage-defaultmessage":"Siųsti pranešimą?","icc-inputbox-title":"STK užklausa (SIM {{id}})","emergency-callback-mode":"Grįžtamojo pagalbos skambučio veiksena","emergency-callback-message":"Skambinti, siųsti žinučių ar jungtis prie interneto šiuo metu negalite, nes įgalinta grįžtamojo pagalbos skambučio veiksena. Ar norite šią veikseną išjungti?","cdma-record-info":"CDMA įrašų informacija","ime-switching-title":"{{appName}}: {{name}}","ime-switching-tip":"Bakstelėkite įvesties metodui pakeisti","layout-selection":"Išdėstymo pasirinkimas","shrinking-tip":"Perbraukite dalijimuisi","download_started":"Parsiuntimas pradėtas","download_stopped":"Parsiuntimas sustabdytas","download_downloading":"Parsiunčiama…","download_succeeded":"Parsiuntimas baigtas","download_failed":"Parsiuntimas nepavyko","download_text_by_default":"{{name}}","download_downloading_text_2":"{{percentage}}% – {{name}}","search-or-enter-address":{"_":"Search or enter address","placeholder":"Search or enter address"},"noSIMCardInHotspot":"SIM kortelė neįdėta arba įdėta neteisingai. Išjunkite belaidžio tinklo prieigos tašką","brandShortName":"B2G OS","browserBrandShortName":"Saityno naršyklė","browserBrandFullName":"„Mozillos“ saityno naršyklė","weekday-0-long":"Sekmadienis","weekday-1-long":"Pirmadienis","weekday-2-long":"Antradienis","weekday-3-long":"Trečiadienis","weekday-4-long":"Ketvirtadienis","weekday-5-long":"Penktadienis","weekday-6-long":"Šeštadienis","weekday-0-short":"Sk","weekday-1-short":"Pr","weekday-2-short":"An","weekday-3-short":"Tr","weekday-4-short":"Kt","weekday-5-short":"Pn","weekday-6-short":"Št","month-0-long":"sausis","month-1-long":"vasaris","month-2-long":"kovas","month-3-long":"balandis","month-4-long":"gegužė","month-5-long":"birželis","month-6-long":"liepa","month-7-long":"rugpjūtis","month-8-long":"rugsėjis","month-9-long":"spalis","month-10-long":"lapkritis","month-11-long":"gruodis","month-0-genitive":"sausio","month-1-genitive":"vasario","month-2-genitive":"kovo","month-3-genitive":"balandžio","month-4-genitive":"gegužės","month-5-genitive":"birželio","month-6-genitive":"liepos","month-7-genitive":"rugpjūčio","month-8-genitive":"rugsėjo","month-9-genitive":"spalio","month-10-genitive":"lapkričio","month-11-genitive":"gruodžio","month-0-short":"Sau","month-1-short":"Vas","month-2-short":"Kov","month-3-short":"Bal","month-4-short":"Geg","month-5-short":"Bir","month-6-short":"Lie","month-7-short":"Rgp","month-8-short":"Rgs","month-9-short":"Spa","month-10-short":"Lap","month-11-short":"Grd","minutes-ago-long":{"_index":["plural","value"],"_":{"zero":"ką tik","one":"prieš {{value}} minutę","two":"prieš {{value}} minutes","few":"prieš {{value}} minutes","many":"prieš {{value}} minučių","other":"prieš {{value}} minučių"}},"hours-ago-long":{"_index":["plural","value"],"_":{"zero":"ką tik","one":"prieš {{value}} valandą","two":"prieš {{value}} valandas","few":"prieš {{value}} valandas","many":"prieš {{value}} valandų","other":"prieš {{value}} valandų"}},"days-ago-long":{"_index":["plural","value"],"_":{"zero":"šiandien","one":"vakar","two":"prieš {{value}} dienas","few":"prieš {{value}} dienas","many":"prieš {{value}} dienų","other":"prieš {{value}} dienų"}},"weeks-ago-long":{"_index":["plural","value"],"_":{"zero":"šią savaitę","one":"praėjusią savaitę","two":"prieš {{value}} savaites","few":"prieš {{value}} savaites","many":"prieš {{value}} savaičių","other":"prieš {{value}} savaičių"}},"months-ago-long":{"_index":["plural","value"],"_":{"zero":"šį mėnesį","one":"praėjusį mėnesį","two":"prieš {{value}} mėnesius","few":"prieš {{value}} mėnesius","many":"prieš {{value}} mėnesių","other":"prieš {{value}} mėnesių"}},"years-ago-long":{"_index":["plural","value"],"_":{"zero":"šiemet","one":"prieš {{value}} metus","two":"prieš {{value}} metus","few":"prieš {{value}} metus","many":"prieš {{value}} metų","other":"prieš {{value}} metų"}},"minutes-until-long":{"_index":["plural","value"],"_":{"zero":"dabar","one":"už {{value}} minutės","two":"už {{value}} minučių","few":"už {{value}} minučių","many":"už {{value}} minučių","other":"už {{value}} minučių"}},"hours-until-long":{"_index":["plural","value"],"_":{"zero":"dabar","one":"už {{value}} valandos","two":"už {{value}} valandų","few":"už {{value}} valandų","many":"už {{value}} valandų","other":"už {{value}} valandų"}},"days-until-long":{"_index":["plural","value"],"_":{"zero":"šiandien","one":"rytoj","two":"už {{value}} dienų","few":"už {{value}} dienų","many":"už {{value}} dienų","other":"už {{value}} dienų"}},"weeks-until-long":{"_index":["plural","value"],"_":{"zero":"šią savaitę","one":"kitą savaitę","two":"už {{value}} savaičių","few":"už {{value}} savaičių","many":"už {{value}} savaičių","other":"už {{value}} savaičių"}},"months-until-long":{"_index":["plural","value"],"_":{"zero":"šį mėnesį","one":"kitą mėnesį","two":"už {{value}} mėnesių","few":"už {{value}} mėnesių","many":"už {{value}} mėnesių","other":"už {{value}} mėnesių"}},"years-until-long":{"_index":["plural","value"],"_":{"zero":"šiemet","one":"kitais metais","two":"už {{value}} metų","few":"už {{value}} metų","many":"už {{value}} metų","other":"už {{value}} metų"}},"minutes-ago-short":{"_index":["plural","value"],"_":{"zero":"ką tik","other":"prieš {{value}} min."}},"hours-ago-short":{"_index":["plural","value"],"_":{"zero":"ką tik","other":"prieš {{value}} val."}},"days-ago-short":{"_index":["plural","value"],"_":{"zero":"šiandien","other":"prieš {{value}} d."}},"minutes-until-short":{"_index":["plural","value"],"_":{"zero":"dabar","other":"už {{value}} min."}},"hours-until-short":{"_index":["plural","value"],"_":{"zero":"dabar","other":"už {{value}} val."}},"days-until-short":{"_index":["plural","value"],"_":{"zero":"šiandien","other":"už {{value}} d."}},"incorrectDate":"(negalima data)","dateTimeFormat_%c":"%Y m. %Eb %e d. %H:%M:%S","dateTimeFormat_%x":"%Y-%m-%d","dateTimeFormat_%X":"%H:%M:%S","shortTimeFormat":"%H:%M","shortDateTimeFormat":"%x %H:%M","weekStartsOnMonday":"1","time_am":"priešpiet","time_pm":"popiet","perm-contacts":"Adresatai","perm-contacts-appRequest":"Programa „{{app}}“ prašo prieigos prie jūsų adresatų sąrašo.","perm-contacts-webRequest":"Svetainė {{site}} prašo prieigos prie jūsų adresatų sąrašo.","perm-desktop-notification":"Pranešimai","perm-desktop-notification-appRequest":"Programa „{{app}}“ prašo leidimo rodyti pranešimus.","perm-desktop-notification-webRequest":"Svetainė {{site}} prašo leidimo rodyti pranešimus.","perm-device-storage-music":"Muzikos talpykla","perm-device-storage-music-appRequest":"Programa „{{app}}“ prašo prieigos prie jūsų muzikos.","perm-device-storage-music-webRequest":"Svetainė „{{site}}“ prašo prieigos prie jūsų muzikos.","perm-device-storage-pictures":"Paveikslų talpykla","perm-device-storage-pictures-appRequest":"Programa „{{app}}“ prašo prieigos prie jūsų paveikslų.","perm-device-storage-pictures-webRequest":"Svetainė {{site}} prašo prieigos prie jūsų paveikslų.","perm-device-storage-sdcard":"Atminties kortelė","perm-device-storage-sdcard-appRequest":"Programa „{{app}}“ prašo prieigos prie jūsų atminties kortelės.","perm-device-storage-sdcard-webRequest":"Svetainė {{site}} prašo prieigos prie jūsų atminties kortelės.","perm-device-storage-videos":"Vaizdo įrašų talpykla","perm-device-storage-videos-appRequest":"Programa „{{app}}“ prašo prieigos prie jūsų vaizdo įrašų.","perm-device-storage-videos-webRequest":"Svetainė {{site}} prašo prieigos prie jūsų vaizdo įrašų.","perm-fmradio":"FM radijas","perm-fmradio-appRequest":"Programa „{{app}}“ prašo leidimo naudotis FM radijo imtuvu.","perm-fmradio-webRequest":"Svetainė {{site}} prašo leidimo naudotis FM radijo imtuvu.","perm-geolocation":"Geografinė vieta","perm-geolocation-appRequest":"Programa „{{app}}“ prašo atskleisti jūsų geografinę vietą.","perm-geolocation-webRequest":"Svetainė {{site}} prašo atskleisti jūsų geografinę vietą.","perm-geolocation-more-info":"„{{brandShortName}}“ jūsų buvimo vietai nustatyti naudoja duomenis, tokius, kaip GPS signalas ir pasiekiamų belaidžių bei mobiliojo ryšio tinklų sąrašas. Šie duomenys siunčiami „Mozillai“ ir jos paslaugų teikėjams ir, agregavus, yra naudojami geografinių vietų duomenų bazėms tobulinti. Šie duomenys gali būti saugomi jūsų įrenginyje ir kaupiami net tada, kai nėra paleistos jokios juos naudojančios programos.","perm-video-capture":"Kamera","perm-video-capture-appRequest":"Ar suteiksite programai „{{app}}“ prieigą prie jūsų kameros?","perm-video-capture-webRequest":"Ar suteiksite svetainei {{site}} prieigą prie jūsų kameros?","perm-audio-capture":"Mikrofonas","perm-audio-capture-appRequest":"Ar suteiksite programai „{{app}}“ prieigą prie jūsų mikforono?","perm-audio-capture-webRequest":"Ar suteiksite svetainei {{site}} prieigą prie jūsų mikrofono?","perm-media-capture":"Kamera ir mikrofonas","perm-media-capture-appRequest":"Ar suteiksite programai „{{app}}“ prieigą prie jūsų kameros ir mikrofono?","perm-media-capture-webRequest":"Ar suteiksite svetainei {{site}} prieigą prie jūsų kameros ir mikrofono?","stopped_download_title":"Parsiuntimas sustabdytas","stopped_download_message":"Parsiuntimas sustabdytas. Ar bandyti siųsti iš naujo?","stopped_download_left_button":"Atsisakyti","stopped_download_right_button":"Bandyti iš naujo","failed_download_title":"Parsiuntimas nepavyko","failed_download_message":"Failo „{{name}}“ parsiųsti nepavyko. Ar bandyti siųsti iš naujo?","failed_download_left_button":"Atsisakyti","failed_download_right_button":"Bandyti iš naujo","stop_download_title":"Parsiuntimo stabdymas","stop_download_message":"Ar tikrai norite stabdyti šį parsiuntimą?","stop_download_left_button":"Ne","stop_download_right_button":"Taip","delete_download_title":"Šalinimas","delete_download_message":"Pašalinti „{{name}}“?","delete_download_left_button":"Atsisakyti","delete_download_right_button":"Šalinti","delete_all_download_title":"Šalinimas","delete_all_download_left_button":"Atsisakyti","delete_all_download_right_button":"Šalinti","delete_all_download_message":{"_index":["plural","number"],"_":{"zero":"Šalinti nulį failų?","one":"Pašalinti {{number}} failą?","two":"Pašalinti {{number}} failus?","few":"Pašalinti {{number}} failus?","many":"Pašalinti {{number}} failų?","other":"Pašalinti {{number}} failų?"}},"unsupported_file_type_download_title":"Failo nepavyko atverti","unsupported_file_type_download_message":"Nerasta programa, galinti atverti failą „{{name}}“. Ar norite įrašyti šį failą, ar pašalinti jį?","unsupported_file_type_download_left_button":"Įrašyti","unsupported_file_type_download_right_button":"Šalinti","file_not_found_download_title":"Failas nerastas","file_not_found_download_message":"Failas šiame įrenginyje nerastas","file_not_found_download_right_button":"Gerai","unmounted_sdcard_2_download_title":"Atminties kortelė naudojama","unmounted_sdcard_2_download_message":"Atjunkite telefoną nuo kito įrenginio","unmounted_sdcard_2_download_right_button":"Gerai","no_provider_download_title":"Pasidalinti nepavyko","no_provider_download_message":"Neaptikta dalijimosi būdų","no_provider_download_right_button":"Gerai","no_memory_download_title":"Atminties kortelė pilna","no_memory_download_message":"Įdėtoje atminties kortelėje nebėra laisvos vietos šiam siuntiniui įrašyti. Pašalinkite dalį failų iš kortelės, tada bandykite siųstis iš naujo.","no_memory_download_right_button":"Gerai","no_sdcard_found_2_download_title":"Neaptikta atminties kortelė","no_sdcard_found_2_download_message":"Įdėkite atminties kortelę arba nuostatose pasirinkite kitą atmintinę kaip pagrindinę medijai.","no_sdcard_found_2_download_right_button":"Gerai","file_open_error_download_title":"Nepavyko atverti","file_open_error_download_message":"Iškilo problema, bandant atverti failą „{{name}}“. Ar norite įrašyti šį failą, ar pašalinti jį?","file_open_error_download_left_button":"Įrašyti","file_open_error_download_right_button":"Šalinti","restart_download_error":"Bandant iš naujo pradėti parsiuntimą, įvyko klaida. Bandykite failą parsiųsti iš naujo.","no-downloads":"Parsiuntimų nėra","percentage":"{{percentage}} %","partialResult":"{{partial}} iš {{total}}","summary":"{{date}} – {{status}}","download-stopped":"Sustabdytas","download-failed":"Nepavyko parsiųsti","open_downloaded_file":"Atverti","share_downloaded_file":"Dalintis","wallpaper_downloaded_file":"Naudoti kaip ekrano foną","ringtone_downloaded_file":"Naudoti kaip skambučio garsą","cancel_downloaded_file":"Atsisakyti","voicemailNoNumberTitle":"Voicemail number is unavailable","voicemailNoNumberText":"Unable to call the voicemail. Set up the voicemail number to place the call.","voicemailNoNumberSettings":"Settings","voicemailNoNumberCancel":"Cancel","firefox-accounts-title":"Firefox Accounts","fxa-next":"Next","fxa-back":"Back","fxa-done":"Done","fxa-ok":"OK","fxa-account-does-not-exist-title":"Account does not exist","fxa-account-does-not-exist-message":"Account does not exist","fxa-cannot-create-account":"Unable to create account","fxa-cannot-create-password":"Unable to reset your Firefox Accounts password right now.","fxa-already-signed-in-title":"User is already signed in","fxa-already-signed-in-message":"There is an user is already signed in Firefox.","fxa-invalid-password-title":"Invalid password","fxa-invalid-password-message":"You have used an invalid password. Please try again with a valid one.","fxa-invalid-email-title":"Invalid email address","fxa-invalid-email-message":"You have used an invalid email address. Please try again with a valid one.","fxa-connection-error-title":"Unable to connect","fxa-connection-error-message":"Unable to connect to Firefox right now. You can sign in or create an account from your phone's settings or try it again.","fxa-reset-password-error-title":"Unable to reset password","fxa-reset-password-error-message":"Your password was not reset. Please try again.","fxa-reset-password-in-settings-title":"Reset Password","fxa-reset-password-in-settings-message":"You can reset your password from your phone's settings.","fxa-generic-error-title":"Unable to connect to Firefox","fxa-generic-error-message":"Unable to connect to Firefox Accounts right now. Try your phone's settings or check your connection to Internet.","fxa-coppa-failure-error-title":"Cannot Create Account","fxa-coppa-failure-error-message":"You must meet certain age requirements to create a Firefox Accounts. <a href='http://www.ftc.gov/news-events/media-resources/protecting-consumer-privacy/kids-privacy-coppa'>Learn more</a>","fxa-coppa-ftu-error-message":"You must meet certain age requirements to create a Firefox Accounts. Try again later from Settings.","fxa-offline-error-title":"Unable to connect to Firefox","fxa-offline-error-message":"Unable to connect to Firefox Accounts right now. Check your phone' settings and your Internet connection.","fxa-unknown-error-title":"Unknown error","fxa-unknown-error-message":"Unknown error","fxa-connecting-to-firefox":"Connecting to Firefox Accounts","fxa-email-input":{"placeholder":"Email"},"fxa-use-email-to-sign-in":"Use your email address to create an account or sign in.","fxa-agree-to-tos-pp":"By proceeding, you agree to our <a href=\"#fxa-tos\">Terms of Service</a> and <a href=\"#fxa-pp\">Privacy Policy</a>","fxa-set-password-title":"Enter your new password","fxa-enter-password-title":"Enter your password","fxa-hello-user":"Hello, <a id=\"fxa-user-email\">hola@email.com</a>","fxa-password-refresh":"Please enter your Firefox Account password for <a id=\"fxa-user-email\">hola@email.com</a> to continue.","fxa-password":{"placeholder":"Password"},"fxa-forgot-password":"I forgot my password","fxa-show-password":"Show password","fxa-authenticating":"Authenticating","fxa-registering":"Registering","fxa-success":"Success!","fxa-ready-to-go":"Your Firefox Account is ready to go! ","fxa-use-services":"Now you can use <span id=\"fxa-summary-email\">email</span> to access services like Marketplace and Where’s My Fox.","fxa-manage-account-settings":"In the future, you can access and manage your account from your phone's settings.","fxa-confirm-account":"Confirm Your Account","fxa-sending-email-to":"We have sent you an email to: <strong id=\"fxa-summary-email\">email</strong>","fxa-tos-header":"Terms of Service","fxa-tos1":"Lorem ipsum dolor sit amet, consectetur adipisicing elit, sed do eiusmod tempor incididunt ut labore et dolore magna aliqua. Ut enim ad minim veniam, quis nostrud exercitation ullamco laboris nisi ut aliquip ex ea commodo consequat. Duis aute irure dolor in reprehenderit in voluptate velit esse cillum dolore eu fugiat nulla pariatur. ","fxa-tos2":"Excepteur sint occaecat qui of fi cia deserunt mollit anim id est laborum.  Lorem ipsum dolor sit amet, consectetur adipisicing elit, sed do eiusmod tempor incididunt ut labore et dolore magna aliqua. Ut enim ad minim veniam,quis nostrud exercitation ullamco laboris nisi ut aliquip ex ea commodo consequat. Duis aute irure dolor in.","fxa-pp-header":"Privacy Policy","fxa-pp1":"Lorem ipsum dolor sit amet, consectetur adipisicing elit, sed do eiusmod tempor incididunt ut labore et dolore magna aliqua. Ut enim ad minim veniam, quis nostrud exercitation ullamco laboris nisi ut aliquip ex ea commodo consequat. Duis aute irure dolor in reprehenderit in voluptate velit esse cillum dolore eu fugiat nulla pariatur. ","fxa-pp2":"Excepteur sint occaecat qui of fi cia deserunt mollit anim id est laborum.  Lorem ipsum dolor sit amet, consectetur adipisicing elit, sed do eiusmod tempor incididunt ut labore et dolore magna aliqua. Ut enim ad minim veniam,quis nostrud exercitation ullamco laboris nisi ut aliquip ex ea commodo consequat. Duis aute irure dolor in.","fxa-age-verification":"Age Verification","fxa-age-1990-earlier":"1990 or earlier","fxa-year-of-birth":"Year of Birth"}