{"ok":"Во ред","back":"Назад","help":"Помош","cancel":"Откажи","close":"Затвори","skip":"Прескокни","airplaneMode":"Авионски режим","searching":"Барам…","noNetwork":"Нема мрежа","roaming":"{{operator}} (Роаминг)","emergencyCallsOnly":"Само итни повици","emergencyCallsOnly-unknownSIMState":"(непозната состојба на SIM)","emergencyCallsOnly-noSIM":"(нема SIM)","emergencyCallsOnly-pinRequired":"(потребен е SIM PIN)","emergencyCallsOnly-pukRequired":"(потребен е SIM PUK)","emergencyCallsOnly-networkLocked":"(мрежата е заклучена)","emergencyCallsOnly-serviceProviderLocked":"(провајдерот на услуга е заклучен)","emergencyCallsOnly-corporateLocked":"(корпоративно заклучен)","emergencyCallsOnly-network1Locked":"(network1 locked)","emergencyCallsOnly-network2Locked":"(network2 locked)","emergencyCallsOnly-hrpdNetworkLocked":"(hrpd network locked)","emergencyCallsOnly-ruimCorporateLocked":"(ruim corporate locked)","emergencyCallsOnly-ruimServiceProviderLocked":"(ruim service provider locked)","enterPIN":"Внесете PIN","statusbarLabel":"{{date}}, {{operator}}","statusbarDateFormat":"%e %b","notifications":"Известувања","clear-all":"Исчисти сѐ","newVoicemails":{"_index":["plural","n"],"_":{"zero":"Нема нови говорни пораки","one":"Една нова говорна порака","two":"{{n}} нови говорни пораки","few":"{{n}} нови говорни пораки","many":"{{n}} нови говорни пораки","other":"{{n}} нови говорни пораки"}},"newVoicemailsUnknown":"Нова говорна порака","dialNumber":"Сврти на {{number}}","voicemailNotificationMultiSim":"(SIM {{n}}) {{title}}","confirmNFCConnectMsg1":"Are you sure you want to connect to the device?","confirmNFCConnectMsg2":"Turn on Bluetooth and connect to the device?","confirmNFCConnectMsg3":"Are you sure you want to connect to {{n}}?","confirmNFCConnectMsg4":"Turn on Bluetooth and connect to {{n}}?","deviceMenu":"Телефон","airplane":"Вклучи авионски режим","airplaneOff":"Исклучи авионски режим","silent":"Вклучи тивок режим","normal":"Исклучи тивок режим","restart":"Рестартирај","power":"Исклучи","asyncpanzoom":"Disable APZ for Apps","asyncpanzoomOff":"Enable APZ for Apps","enableScreenReaderSteps":"Да го овозможите читачот на екран, притиснете ги копчињата Зголеми гласност па Намали гласност уште три пати","disableScreenReaderSteps":"Да го оневозможите читачот на екран, притиснете ги копчињата Зголеми гласност па Намали гласност уште три пати","no-recent-apps":"Нема скорешни апликации","yes":"Да","no":"Не","dontallow":"Don’t allow","allow":"Дозволи","dontshare-geolocation":"Не споделувај","share-geolocation":"Сподели","dontshare-audio-capture":"Не споделувај","share-audio-capture":"Сподели","dontshare-video-capture":"Не споделувај","share-video-capture":"Сподели","dontshare-media-capture":"Не споделувај","share-media-capture":"Сподели","device-front":"Предна камера","device-back":"Задна камера","remember-my-choice":"Памти го мојот избор","more-info":"Повеќе…","hide-info":"Hide info","install-app":"Инсталирај {{name}}?","size":"Име","author":"Автор","size-unknown":"Unknown","author-unknown":"Непознат","install":"Инсталирај","bytes":"бајти","kB":"kB","MB":"MB","GB":"GB","TB":"TB","PB":"PB","app-install-generic-error":"{{ appName }} преземањето сопре","app-install-download-failed":"{{ appName }} преземањето не успеа","app-install-install-failed":"{{ appName }} инсталирањето не успеа","cancelling-will-not-refund":"Откажувњето не ја рефундира продажбата. Рефундирањето за платена содржина се добиваат од оригиналниот продавач.","apps-can-be-installed-later":"Апликациите можат да се инсталираат подоцна од оригиналниот инсталациски извор.","are-you-sure-you-want-to-cancel":"Сигурно сакате да ја откажете оваа инсталација?","cancel-install":"Откажи инсталација","cancel-install-button":"Cancel Install","resume":"Продолжи","continue":"Продолжи","stopDownloading":"Сопри со преземањето на {{ app }}?","app-download-can-be-restarted":"Преземањето може подоцна да биде рестартирано.","app-download-stop-button":"Сопри преземање","not-enough-space":"Нема доволно место","not-enough-space-message":"Нема доволно место за да се инсталира оваа апликација. Ослободете место со бришење на некои податоци или апликации и инсталирајте повторно од оригиналниот извор.","app-install-success":"{{ appName }} е инталирана","setup":"Setup","ime-addkeyboards":"Додај тастатури","later":"Подоцна","download":"Преземи","wantToDownload":"Преземи ја наградбата сега?","wantToInstall":"Инсталирај ја наградбата сега?","installNow":"Инсталирај сега","notNow":"Не сега","downloadingUpdateMessage":{"innerHTML":"Преземам надградби… <span>{{ progress }} преземени.</span>"},"downloadingAppMessage":"Се презема {{ appName }}","downloadingAppProgressNoMax":"{{ progress }} преземено","downloadingAppProgressIndeterminate":"Се презема","downloadingAppProgress":"{{ progress }} / {{ max }} преземено","cancelAllDownloads":"Откажи ги сите преземања","wantToCancelAll":"Сигурно сакате да ги откажете сите преземања?","downloadError":"Имаше грешка при преземањето на надградбите.","updateAvailableInfo":{"innerHTML":{"_index":["plural","n"],"_":{"few":"{{ n }} надградби достапни. <span>Допрете за повеќе информации.</span>","many":"{{ n }} надградби достапни. <span>Допрете за повеќе информации.</span>","one":"{{ n }} надградба достапна. <span>Допрете за повеќе информации.</span>","other":"{{ n }} надградби достапни. <span>Допрете за повеќе информации.</span>","two":"{{ n }} надградби достапни. <span>Допрете за повеќе информации.</span>"}}},"numberOfUpdates":{"_index":["plural","n"],"_":{"one":"{{ n }} има достапна надградба","two":"{{ n }} има достапни надградби","few":"{{ n }} има достапни надградби","many":"{{ n }} има достапни надградби","other":"{{ n }} има достапни надградби"}},"systemUpdate":"Системска надградба","systemUpdateReady":"Системската надградба е спремна","required":"Потребно","uncompressingMessage":{"innerHTML":"Отпакувам… <span>Ова може да потрае неколку минути.</span>"},"downloadNoWifiWarning":"Нема достапна Wi-Fi мрежа. Надградбата преку тековната врска може да предизвика дополнителни трошоци.","downloadOfflineWarning":"Нема достапна интернет врска. Поврзете се на мрежа за да ги преземете надградбите.","downloadDataConnectionWarning":"Надградбите се преземаат преку мобилен интернет кога наме достапна Wi-Fi мрежа. При тоа може да настанат дополнителни трошоци.","downloadUpdatesViaDataConnection":"Преземи ги надградбите преку мобилен интернет?","downloadUpdatesViaDataConnectionMessage":"Надградбите се преземаат преку мобилен интернет кога наме достапна Wi-Fi мрежа. При тоа може да настанат дополнителни трошоци и да бидат блокирани повиците.","screenshotSaved":"Сликата од екранот е снимена во галеријата","screenshotFailed":"Сликата од екранот не може да се сними","screenshotNoSDCard":"Не е пронајдена мемориска картичка","screenshotSDCardInUse":"Мемориската картичка е во употреба","screenshotSDCardLow":"Нема доволно место на мемориската картичка","emergency-call-button":"Итен повик","emergency-call":"Итен повик","unlock-a11y-button":{"ariaLabel":"Отклучи"},"camera-a11y-button":{"ariaLabel":"Камера"},"longDateFormat":"%A, %e %B","softwareHomeButton":{"ariaLabel":"Дома"},"login":"Пријави се","username":"Корисничко име","password":"Лозинка","http-authentication-message":"{{host}} бара корисничко име и лозинка. Местото вели: “{{realm}}”","error-message":"{{name}} не се вчитува правилно","error-title":"{{name}} има проблеми","airplane-is-on":"Вклучен е авионски режим","airplane-is-turned-on":"{{name}} бара мрежна врска. Исклучете го авионскиот режим во поставките и поврзете се на Wi-Fi или мобилна интернет врска.","server-not-found":"Сервер не е пронајден","server-not-found-error":"Не може да се најде серверот на {{name}}.","file-not-found":"File not found","file-not-found-error":"The device can’t display this page because the file cannot be found.","connection-failed":"Unable to connect","connection-failed-error":"A network error occurred while trying to reach the site.","invalid-connection":"Unable to connect","invalid-connection-error":"A network error occurred while trying to reach the site.","malformed-uri":"URL not valid","malformed-uri-error":"The URL entered is not valid and cannot be loaded.","redirect-loop":"Can’t display page","redirect-loop-error":"The device can’t display this page because the page is not redirecting properly. Try this page again at a later time.","not-cached":"Page expired","not-cached-error":"As a security precaution, this page cannot be displayed by the device because it has expired.","is-printing-error":"The document cannot change while Printing or in Print Preview.","denied-port-access":"This address is restricted","denied-port-access-error":"This address uses a network port which is normally used for purposes other than Web browsing. The device has cancelled the request for your protection.","proxy-resolve-failure":"Proxy Server Error","proxy-resolve-failure-error":"The device is configured to use a proxy server that can’t be found.","proxy-connect-failure":"Proxy Server Error","proxy-connect-failure-error":"The device is configured to use a proxy server that is refusing connections.","content-encoding":"Can’t display page","content-encoding-error":"The device can’t display this page because a content encoding error occurred.","remote-xul":"Page unsupported","remote-xul-error":"This page can’t be displayed because it uses a technology that is not supported on the device.","phishing-blocked":"Warning","phishing-blocked-error":"The website has been reported as a web forgery designed to trick users into sharing personal or financial information.","malware-blocked":"Malware attack blocked","malware-blocked-error":"The site at has been reported as an attack site and has been blocked.","unsafe-content-type":"Unsafe content","unsafe-content-type-error":"The page cannot be shown because it may not be safe to open.","corrupted-content":"Can’t display page","corrupted-content-error":"The page cannot be shown because an error in the data transmission was detected.","network-connection-unavailable":"Нема достапна мрежна врска","network-error":"{{name}} бара мрежна врска. Поврзете се на Wi-Fi или мобилна интернет врска.","network-error-launching":"{{name}} requires an Internet connection.","network-error-in-app":"No access to the Internet right now.","unable-to-connect":"Не може да се поврзе","try-again":"Обидете се повторно","check-settings":"Check settings","tap-to-check-settings":"Tap to check settings","select-time":"Избери време","choose-option":"Избери","choose-options":"Избери","select-day":"Избери ден","battery-almost-empty":"Батеријата е речиси празна","add-to-home-screen":"Додај на домашноит екран","crash-dialog2-os":"{{brandShortName}} се врати од уривање","crash-dialog-app":"{{name}} се урна","crash-dialog-message":"Дали сакате да испратите извештај за уривањето до Mozilla и со тоа да помогнете да се поправи проблемот. (Извештаите секогаш се праќаат преку Wi-Fi.)","crash-info-link":"Што содржи извештајот за уривање?","crash-always-report":"Секогаш праќај извештај до Mozilla кога ќе се случи уривање.","crash-dont-send":"Не праќај","crash-end":"Прати извештај","crashReports":"Извештаи за уривање","done":"Заврши","crash-reports-description-1":"Извештајот за уривање содржи некои детали за уривањето и за Вашиот уред, како и слика на состојбата на Вашиот уред во моментот кога тој се урнал.","crash-reports-description-2":"Ова може да вклучи нешта како отворени страници и апликации, текст внесен во формулари и содржина н аотворени пораки, скорашна сурферска историја или местоположба од отворена апликација.","crash-reports-description-3-start":"Ги користиме извештаите од уривањата за да ги поправиме проблемите и да ги подобиме нашите производи. Со Вашите податоци работиме онака како што е опишано во нашата","crash-reports-description-3-privacy":"политика за приватност","crash-reports-description-3-end":".","crash-banner-os2":"{{brandShortName}} штотуку се урна.","crash-banner-app":"{{name}} штотуку се урна.","crash-banner-report":"Извести","bluetooth-sending-progress":"Испраќање на податоци преку блутут..","bluetooth-receiving-progress":"Примање на податоци преку блутут..","acceptFileTransfer":"Прифати пренос преку блутут?","wantToReceiveFile":"{{deviceName}} сака да го пренесе {{fileName}} ({{fileSize}}).","transfer-confirmation-title":"{{deviceName}}","transfer-confirmation-description":"Преглед на барањето за пренос.","byteUnit-B":"B","byteUnit-KB":"KB","byteUnit-MB":"MB","byteUnit-GB":"GB","byteUnit-TB":"TB","byteUnit-PB":"PB","byteUnit-EB":"EB","byteUnit-ZB":"ZB","byteUnit-YB":"YB","fileSize":"{{size}} {{unit}}","deny":"Одбиј","transfer":"Прифати","cancelFileTransfer":"Откажи го преносот преку блутут?","continueFileTransfer":"Continue","transfer-has-started-title":"Преносот започна","transfer-has-started-description":"Проверете го напредокот во Центарот за известувања","transferFinished-sentSuccessful-title":"Датотеката е испратена","transferFinished-receivedSuccessful-title":"Датотеката е примена","transferFinished-sentFailed-title":"Датотеката не може да биде испратена","transferFinished-receivedFailed-title":"Датотеката не може да биде примена","transferReport-title":"Извештај за пренос:","transferReport-description":"{{numSuccessful}} датотеки успешно, {{numUnsuccessful}} датотеки неуспешно","unknown-file":"Непозната датотека","unknown-device":"Непознат уред","cannotOpenFile":"Примената датотека не може да се отвори","unknownMediaTypeToOpen":"Не може да се отвори непознат тип на медиум:","cannotReceiveFile":"Датотеката не може да се прими","cannotGetStorageState":"Не може да се добие состојбата на уредот за складирање","sdcard-not-exist2":"Не е пронајдена мемориска картичка. Ве молам внесете мемориска картичка.","sdcard-in-use":"Блутутот не може да се користи додека телефонот е вклучен. Извадете го кабелот за да примате датотеки.","sdcard-no-space2":"Не може да се комплетира преносот: мемориската картичка е полна.","unknown-error":"Непозната грешка","confirm":"Потврди","microphone-is-on":"Микрофонот е вклучен","camera-is-on":"Камерата е вклучена","media-is-on":"Камерата и микрофонот се ВКЛУЧЕНИ","noSimCard":"Нема SIM картичка","simPin":"SIM PIN","pukCode":"PUK код","nckCode":"NCK код","cckCode":"CCK код","spckCode":"SPCK код","nck1code":"NCK1 code","nck2code":"NCK2 code","hnckcode":"HNCK code","rcckcode":"RCCK code","rspckcode":"RSPCK code","whatIsSimPin":"Што е SIM PIN?","simPinIntro1":"SIM PIN-от спречува пристап до SIM картичката за мобилни мрежи. Кога е овозможен, SIM картичката ќе побара PIN при секое рестартирање.","simPinIntro2":"SIM PIN-от не е исто со кодот што се користи за отклучување на овој уред.","changeSimPin":"Смени PIN","pinTitle":"Внеси SIM PIN","multiSIMpinTitle":"Внесете СИМ {{n}} ПИН","pukTitle":"Внеси PUK код","nckTitle":"Внеси NCK код","cckTitle":"Внеси CCK код","spckTitle":"Внеси SPCK код","nck1Title":"Enter NCK1 code","nck2Title":"Enter NCK2 code","hnckTitle":"Enter HNCK code","rcckTitle":"Enter RCCK code","rspckTitle":"Enter RSPCK code","newpinTitle":"Нов PIN","inputCodeRetriesLeft":{"_index":["plural","n"],"_":{"one":"последен обид.","two":"уште {{n}} обиди.","few":"уште {{n}} обиди.","many":"уште {{n}} обиди.","other":"уште {{n}} обиди."}},"pinErrorMsg":"Неточен PIN.","pinAttemptMsg2":{"_index":["plural","n"],"_":{"one":"Имате уште еден обид за да го внесете точниот код пред да се заклучи SIM картичката.","two":"Имате уште {{n}} обиди за да го внесете точниот код пред да се заклучи SIM картичката.","few":"Имате уште {{n}} обиди за да го внесете точниот код пред да се заклучи SIM картичката.","many":"Имате уште {{n}} обиди за да го внесете точниот код пред да се заклучи SIM картичката.","other":"Имате уште {{n}} обиди за да го внесете точниот код пред да се заклучи SIM картичката."}},"pinLastChanceMsg":"Ова е Вашата последна шанса да внесете точен PIN код. Понатаму, ќе треба да го венсете Вашиот PUK код за да ја користите оваа SIM картичка","simCardLockedMsg":"SIM картичката е заклучена.","enterPukMsg":"Мора да го внесете PUK кодот за SIM картичката. За повеќе информации погледајте ја документацијата за SIM картичката или контактирајте со Вашиот оператор.","pukErrorMsg":"PUK кодот е погрешен.","pukAttemptMsg2":{"_index":["plural","n"],"_":{"one":"Имате уште еден обид за да го внесете точниот код пред SIM картичката да стане целосно неупотреблива. За повеќе информации погледајте ја документацијата за SIM картичката или контактирајте со Вашиот оператор.","two":"Имате уште {{n}} обиди за да го внесете точниот код пред SIM картичката да стане целосно неупотреблива. За повеќе информации погледајте ја документацијата за SIM картичката или контактирајте со Вашиот оператор.","few":"Имате уште {{n}} обиди за да го внесете точниот код пред SIM картичката да стане целосно неупотреблива. За повеќе информации погледајте ја документацијата за SIM картичката или контактирајте со Вашиот оператор.","many":"Имате уште {{n}} обиди за да го внесете точниот код пред SIM картичката да стане целосно неупотреблива. За повеќе информации погледајте ја документацијата за SIM картичката или контактирајте со Вашиот оператор.","other":"Имате уште {{n}} обиди за да го внесете точниот код пред SIM картичката да стане целосно неупотреблива. За повеќе информации погледајте ја документацијата за SIM картичката или контактирајте со Вашиот оператор."}},"pukLastChanceMsg":"Полседна шанса да внесете точен PUK код. Вашата SIM картичка ќе тане целосно неупотреблива ако внесете погрешен код. За повеќе информации погледајте ја документацијата за SIM картичката или контактирајте со Вашиот оператор.","newSimPinMsg":"Креирај PIN (мора да содржи 4-8 бројки)","confirmNewSimPinMsg":"Потврди нов PIN","newPinErrorMsg":"PIN-овите не се совпаѓаат.","nckErrorMsg":"NCK кодот е неточен.","nckAttemptMsg2":{"_index":["plural","n"],"_":{"one":"Неуспешна мрежна деперсонализација. Имате уште еден обид за да го внесете точниот код. За повеќе информации погледајте ја документацијата за SIM картичката или контактирајте со Вашиот оператор.","two":"Неуспешна мрежна деперсонализација. Имате уште еден обид за да го внесете точниот код. За повеќе информации погледајте ја документацијата за SIM картичката или контактирајте со Вашиот оператор.","few":"Неуспешна мрежна деперсонализација. Имате уште {{n}} обиди за да го внесете точниот код. За повеќе информации погледајте ја документацијата за SIM картичката или контактирајте со Вашиот оператор.","many":"Неуспешна мрежна деперсонализација. Имате уште {{n}} обиди за да го внесете точниот код. За повеќе информации погледајте ја документацијата за SIM картичката или контактирајте со Вашиот оператор.","other":"Неуспешна мрежна деперсонализација. Имате уште {{n}} обиди за да го внесете точниот код. За повеќе информации погледајте ја документацијата за SIM картичката или контактирајте со Вашиот оператор."}},"nckLastChanceMsg":"Неуспешна мрежна деперсонализација. Последна шанса за да го внесете точниот NCK код. За повеќе информации погледајте ја документацијата за SIM картичката или контактирајте со Вашиот оператор.","activity-pick":"Избери од:","activity-view":"Види со:","activity-test":"Тестирај со:","activity-share":"Сподели со:","activity-new":"Создади со:","activity-open":"Отвори со:","activity-save-bookmark":"Обележи во:","activity-record":"Сними со:","activity-browse":"Разгледај со:","activity-configure":"Конфигурирај со:","activity-dial":"Сврти од:","persona-signin":"Пријави се","payment-flow":"Купи","remoteDebuggerMessage":"Пристигна барање за дозвола за дебагирање преку мрежа. Дозволи ја врската?","fullscreen-request":"{{origin}} сега е на цел екран.","captive-wifi-available":"Пронајдена е мрежата {{networkName}}. Приклучи се на мрежата?","ceWarningtitle":"Предупредување за гласност","ceWarningcontent":"За да се заштите од оштетување на слухот, не слушајте гласни звуци во подолги периоди.","notification-powersaving-mode-on-title":"Режим на штедење енергија","notification-powersaving-mode-on-description":"Вклучен е режим на штедење енергија.","low-device-storage":"Слободниот простор на уредот е при крај.\\n","free-space":{"_index":["plural","value"],"_":{"zero":"Нема повеќе слободно место","one":"Останува помалку од {{value}} {{unit}}.","two":"Остануваат помалку од {{value}} {{unit}}.","few":"Остануваат помалку од {{value}} {{unit}}.","many":"Остануваат помалку од {{value}} {{unit}}.","other":"Остануваат помалку од {{value}} {{unit}}."}},"unknown-free-space":"Непознато колку простор преостанува.","system-alert":"Системско предупредување","cb-channel":"Канал {{channel}}","icc-message-title":"Operator message from SIM {{id}}","icc-confirmCall-defaultmessage":"Јави се на {{number}}?","icc-alertMessage-defaultmessage":"Пораката се праќа","icc-confirmMessage-defaultmessage":"Прати порака?","icc-inputbox-title":"STK Query from SIM {{id}}","emergency-callback-mode":"Режим за итни повици","emergency-callback-message":"Не можете да правите повици, праќате пораки или да одите на интернет бидејќи е овозможен режимот за итни повратни повици е овозможен. Дали сакате да го исклучите?","cdma-record-info":"Информации за запис на CDMA","ime-switching-title":"{{appName}}: {{name}}","ime-switching-tip":"Допрете за промена на начинот на внесување","layout-selection":"Избор на распоред","shrinking-tip":"Повлечете за да споделите","download_started":"Започна преземање","download_stopped":"Прекина преземање","download_downloading":"Преземање…","download_succeeded":"Заврши преземање","download_failed":"Неуспеа преземање","download_text_by_default":"{{name}}","download_downloading_text_2":"{{percentage}}% - {{name}}","search-or-enter-address":{"_":"Search or enter address","placeholder":"Search or enter address"},"noSIMCardInHotspot":"СИМ картичката не е присутна или внесена неправилно, па исклучете го Хотспот","brandShortName":"B2G OS","browserBrandShortName":"Прелистувач","browserBrandFullName":"Прелистувач на Mozilla","weekday-0-long":"Недела","weekday-1-long":"Понеделник","weekday-2-long":"Вторник","weekday-3-long":"Среда","weekday-4-long":"Четврток","weekday-5-long":"Петок","weekday-6-long":"Сабота","weekday-0-short":"Нед","weekday-1-short":"Пон","weekday-2-short":"Вто","weekday-3-short":"Сре","weekday-4-short":"Чет","weekday-5-short":"Пет","weekday-6-short":"Саб","month-0-long":"јануари","month-1-long":"февруари","month-2-long":"март","month-3-long":"април","month-4-long":"мај","month-5-long":"јуни","month-6-long":"јули","month-7-long":"август","month-8-long":"септември","month-9-long":"октомври","month-10-long":"ноември","month-11-long":"декември","month-0-genitive":"јануари","month-1-genitive":"февруари","month-2-genitive":"март","month-3-genitive":"април","month-4-genitive":"мај","month-5-genitive":"јуни","month-6-genitive":"јули","month-7-genitive":"август","month-8-genitive":"септември","month-9-genitive":"октомври","month-10-genitive":"ноември","month-11-genitive":"декември","month-0-short":"јан","month-1-short":"фев","month-2-short":"мар","month-3-short":"апр","month-4-short":"мај","month-5-short":"јун","month-6-short":"јул","month-7-short":"авг","month-8-short":"сеп","month-9-short":"окт","month-10-short":"ное","month-11-short":"дек","minutes-ago-long":{"_index":["plural","value"],"_":{"zero":"сега","one":"пред една минута","two":"пред {{value}} минути","few":"пред {{value}} минути","many":"пред {{value}} минути","other":"пред {{value}} минути"}},"hours-ago-long":{"_index":["plural","value"],"_":{"zero":"сега","one":"пред еден час","two":"пред {{value}} часа","few":"пред {{value}} часа","many":"пред {{value}} часови","other":"пред {{value}} часови"}},"days-ago-long":{"_index":["plural","value"],"_":{"zero":"денес","one":"вчера","two":"пред {{value}} дена","few":"пред {{value}} дена","many":"пред {{value}} денови","other":"пред {{value}} денови"}},"weeks-ago-long":{"_index":["plural","value"],"_":{"zero":"оваа недела","one":"минатата недела","two":"пред {{value}} недели","few":"пред {{value}} недели","many":"пред {{value}} недели","other":"пред {{value}} недели"}},"months-ago-long":{"_index":["plural","value"],"_":{"zero":"овој месец","one":"минатиот месец","two":"пред {{value}} месеци","few":"пред {{value}} месеци","many":"пред {{value}} месеци","other":"пред {{value}} месеци"}},"years-ago-long":{"_index":["plural","value"],"_":{"zero":"оваа година","one":"минатата година","two":"пред {{value}} години","few":"пред {{value}} години","many":"пред {{value}} години","other":"пред {{value}} години"}},"minutes-until-long":{"_index":["plural","value"],"_":{"zero":"сега","one":"за една минута","two":"за {{value}} минути","few":"за {{value}} минути","many":"за {{value}} минути","other":"за {{value}} минути"}},"hours-until-long":{"_index":["plural","value"],"_":{"zero":"сега","one":"за еден час","two":"за {{value}} часа","few":"за {{value}} часа","many":"за {{value}} часови","other":"за {{value}} часови"}},"days-until-long":{"_index":["plural","value"],"_":{"zero":"денес","one":"утре","two":"за {{value}} дена","few":"за {{value}} дена","many":"за {{value}} денови","other":"за {{value}} денови"}},"weeks-until-long":{"_index":["plural","value"],"_":{"zero":"оваа седмица","one":"следната седмица","two":"за {{value}} седмици","few":"за {{value}} седмици","many":"за {{value}} седмици","other":"за {{value}} седмици"}},"months-until-long":{"_index":["plural","value"],"_":{"zero":"овој месец","one":"следниот месец","two":"за {{value}} месеци","few":"за {{value}} месеци","many":"за {{value}} месеци","other":"за {{value}} месеци"}},"years-until-long":{"_index":["plural","value"],"_":{"zero":"оваа година","one":"следната година","two":"за {{value}} години","few":"за {{value}} години","many":"за {{value}} години","other":"за {{value}} години"}},"minutes-ago-short":{"_index":["plural","value"],"_":{"zero":"сега","other":"пред {{value}}m"}},"hours-ago-short":{"_index":["plural","value"],"_":{"zero":"сега","other":"пред {{value}}h"}},"days-ago-short":{"_index":["plural","value"],"_":{"zero":"денес","other":"пред {{value}}d"}},"minutes-until-short":{"_index":["plural","value"],"_":{"zero":"сега","other":"за {{value}}m"}},"hours-until-short":{"_index":["plural","value"],"_":{"zero":"сега","other":"за {{value}}h"}},"days-until-short":{"_index":["plural","value"],"_":{"zero":"денес","other":"за {{value}}d"}},"incorrectDate":"(неточен датум)","dateTimeFormat_%c":"%a %b %e %Y %H:%M:%S","dateTimeFormat_%x":"%d/%m/%Y","dateTimeFormat_%X":"%H:%M:%S","shortTimeFormat":"%H:%M","shortDateTimeFormat":"%x %H:%M","weekStartsOnMonday":"1","time_am":"AM","time_pm":"PM","perm-contacts":"Контакти","perm-contacts-appRequest":"{{app}} сака да има пристап до Вашиот адресар.","perm-contacts-webRequest":"{{site}} сака да има пристап до Вашиот адресар.","perm-desktop-notification":"Известувања","perm-desktop-notification-appRequest":"{{app}} сака да прикажува известувања.","perm-desktop-notification-webRequest":"{{site}} сака да прикажува известувања.","perm-device-storage-music":"Музичка библиотека","perm-device-storage-music-appRequest":"{{app}} сака да пристапи до Вашата музика.","perm-device-storage-music-webRequest":"{{site}} сака да пристапи до Вашата музика.","perm-device-storage-pictures":"Фото библиотека","perm-device-storage-pictures-appRequest":"{{app}} сака да пристапи до Вашите фотографии.","perm-device-storage-pictures-webRequest":"{{site}} сака да пристапи до Вашите фотографии.","perm-device-storage-sdcard":"Мемориска картичка","perm-device-storage-sdcard-appRequest":"{{app}} сака да пристапи до Вашата мемориска картичка.","perm-device-storage-sdcard-webRequest":"{{site}} сака да пристапи до Вашата мемориска картичка.","perm-device-storage-videos":"Видео библиотека","perm-device-storage-videos-appRequest":"{{app}} сака да пристапи до Вашите видеа.","perm-device-storage-videos-webRequest":"{{site}} сака да пристапи до Вашите видеа.","perm-fmradio":"FM радио","perm-fmradio-appRequest":"{{app}} сака да го користи FM радиото.","perm-fmradio-webRequest":"{{site}} сака да го користи FM радиото.","perm-geolocation":"Геолокација","perm-geolocation-appRequest":"{{app}} сака да ја знае Вашата местоположба.","perm-geolocation-webRequest":"{{site}} сака да ја знае Вашата местоположба.","perm-geolocation-more-info":"{{brandShortName}} ги користи GPS, Wi-Fi, и мобилните мрежи во близина за да ја одреди Вашата приближна местоположба. Податоци се испраќаат до Mozilla и други сервисни провајдери и ќе бидат искористени за подобрување на тие дата-бази на местоположба. Податоци може да бидат снимени на Вашиот уред и збирки на податоци може да се појават дури и кога нема апликации што работат.","perm-video-capture":"Камера","perm-video-capture-appRequest":"Дали сакате да ја споделите Вашата камера со {{app}}?","perm-video-capture-webRequest":"Дали сакате да ја споделите Вашата камера со {{site}}?","perm-audio-capture":"Микрофон","perm-audio-capture-appRequest":"Дали сакате да го споделите Вашиот микрофон со {{app}}?","perm-audio-capture-webRequest":"Дали сакате да го споделите Вашиот микрофон со {{site}}?","perm-media-capture":"Камера и микрофон","perm-media-capture-appRequest":"Дали сакате да ги споделите Вашите камера и микрофон со {{app}}?","perm-media-capture-webRequest":"Дали сакате да ги споделите Вашите камера и микрофон со {{site}}?","stopped_download_title":"Преземањето се прекина","stopped_download_message":"Преземањето беше прекинато. Да се обидам повторно?","stopped_download_left_button":"Откажи","stopped_download_right_button":"Повторно","failed_download_title":"Преземањето не успеа","failed_download_message":"Преземањето на {{name}} не успеа. Да се обидам повторно?","failed_download_left_button":"Откажи","failed_download_right_button":"Повторно","stop_download_title":"Запри преземање","stop_download_message":"Сигурни сте дека сакате да го стопирам преземањето?","stop_download_left_button":"Не","stop_download_right_button":"Да","delete_download_title":"Избриши","delete_download_message":"Избриши {{name}}?","delete_download_left_button":"Откажи","delete_download_right_button":"Избриши","delete_all_download_title":"Избриши","delete_all_download_left_button":"Откажи","delete_all_download_right_button":"Избриши","delete_all_download_message":{"_index":["plural","number"],"_":{"zero":"Без бришење на датотеки?","one":"Избриши една датотека?","two":"Избриши {{number}} датотеки?","few":"Избриши {{number}} датотеки?","many":"Избриши {{number}} датотеки?","other":"Избриши {{number}} датотеки?"}},"unsupported_file_type_download_title":"Не е можно да се отвори","unsupported_file_type_download_message":"Не постои апликација за отворање на {{name}}. Сакате да ја зачувате датотеката или да ја избришете?","unsupported_file_type_download_left_button":"Зачувај","unsupported_file_type_download_right_button":"Избриши","file_not_found_download_title":"Датотеката не постои","file_not_found_download_message":"Датотеката не постои на овој уред","file_not_found_download_right_button":"Во ред","unmounted_sdcard_2_download_title":"Мемориската картичка е во употреба","unmounted_sdcard_2_download_message":"Исклучете го кабел од телефонот","unmounted_sdcard_2_download_right_button":"Во ред","no_provider_download_title":"Не може да се сподели","no_provider_download_message":"Нема опслужувач","no_provider_download_right_button":"Во ред","no_memory_download_title":"Картичката е полна","no_memory_download_message":"На вашата картичка нема повеќе простор за да се сними преземањето. Избришете некои датотеки пред да преземате повторно.","no_memory_download_right_button":"Во ред","no_sdcard_found_2_download_title":"Нема мемориска картичка","no_sdcard_found_2_download_message":"Внесете мемориска картичка или изберете алтернативно складиште за медии во Поставувања","no_sdcard_found_2_download_right_button":"Во ред","file_open_error_download_title":"Не може да се отвори","file_open_error_download_message":"Има проблем при отворањето на {{name}}. Сакате да ја зачувате или да ја избришете датотеката?","file_open_error_download_left_button":"Зачувај","file_open_error_download_right_button":"Избриши","restart_download_error":"Се случи грешка при рестартирањето на преземањето. Ве молам, обидете се повторно.","no-downloads":"Нема преземања","percentage":"{{percentage}} %","partialResult":"{{partial}} од {{total}}","summary":"{{date}} - {{status}}","download-stopped":"Стопирано","download-failed":"Преземањето не успеа","open_downloaded_file":"Отвори","share_downloaded_file":"Сподели","wallpaper_downloaded_file":"Постави како тапет","ringtone_downloaded_file":"Постави како мелодија","cancel_downloaded_file":"Откажи","voicemailNoNumberTitle":"Voicemail number is unavailable","voicemailNoNumberText":"Unable to call the voicemail. Set up the voicemail number to place the call.","voicemailNoNumberSettings":"Settings","voicemailNoNumberCancel":"Cancel","firefox-accounts-title":"Firefox Accounts","fxa-next":"Next","fxa-back":"Back","fxa-done":"Done","fxa-ok":"OK","fxa-account-does-not-exist-title":"Account does not exist","fxa-account-does-not-exist-message":"Account does not exist","fxa-cannot-create-account":"Unable to create account","fxa-cannot-create-password":"Unable to reset your Firefox Accounts password right now.","fxa-already-signed-in-title":"User is already signed in","fxa-already-signed-in-message":"There is an user is already signed in Firefox.","fxa-invalid-password-title":"Invalid password","fxa-invalid-password-message":"You have used an invalid password. Please try again with a valid one.","fxa-invalid-email-title":"Invalid email address","fxa-invalid-email-message":"You have used an invalid email address. Please try again with a valid one.","fxa-connection-error-title":"Unable to connect","fxa-connection-error-message":"Unable to connect to Firefox right now. You can sign in or create an account from your phone's settings or try it again.","fxa-reset-password-error-title":"Unable to reset password","fxa-reset-password-error-message":"Your password was not reset. Please try again.","fxa-reset-password-in-settings-title":"Reset Password","fxa-reset-password-in-settings-message":"You can reset your password from your phone's settings.","fxa-generic-error-title":"Unable to connect to Firefox","fxa-generic-error-message":"Unable to connect to Firefox Accounts right now. Try your phone's settings or check your connection to Internet.","fxa-coppa-failure-error-title":"Cannot Create Account","fxa-coppa-failure-error-message":"You must meet certain age requirements to create a Firefox Accounts. <a href='http://www.ftc.gov/news-events/media-resources/protecting-consumer-privacy/kids-privacy-coppa'>Learn more</a>","fxa-coppa-ftu-error-message":"You must meet certain age requirements to create a Firefox Accounts. Try again later from Settings.","fxa-offline-error-title":"Unable to connect to Firefox","fxa-offline-error-message":"Unable to connect to Firefox Accounts right now. Check your phone' settings and your Internet connection.","fxa-unknown-error-title":"Unknown error","fxa-unknown-error-message":"Unknown error","fxa-connecting-to-firefox":"Connecting to Firefox Accounts","fxa-email-input":{"placeholder":"Email"},"fxa-use-email-to-sign-in":"Use your email address to create an account or sign in.","fxa-agree-to-tos-pp":"By proceeding, you agree to our <a href=\"#fxa-tos\">Terms of Service</a> and <a href=\"#fxa-pp\">Privacy Policy</a>","fxa-set-password-title":"Enter your new password","fxa-enter-password-title":"Enter your password","fxa-hello-user":"Hello, <a id=\"fxa-user-email\">hola@email.com</a>","fxa-password-refresh":"Please enter your Firefox Account password for <a id=\"fxa-user-email\">hola@email.com</a> to continue.","fxa-password":{"placeholder":"Password"},"fxa-forgot-password":"I forgot my password","fxa-show-password":"Show password","fxa-authenticating":"Authenticating","fxa-registering":"Registering","fxa-success":"Success!","fxa-ready-to-go":"Your Firefox Account is ready to go! ","fxa-use-services":"Now you can use <span id=\"fxa-summary-email\">email</span> to access services like Marketplace and Where’s My Fox.","fxa-manage-account-settings":"In the future, you can access and manage your account from your phone's settings.","fxa-confirm-account":"Confirm Your Account","fxa-sending-email-to":"We have sent you an email to: <strong id=\"fxa-summary-email\">email</strong>","fxa-tos-header":"Terms of Service","fxa-tos1":"Lorem ipsum dolor sit amet, consectetur adipisicing elit, sed do eiusmod tempor incididunt ut labore et dolore magna aliqua. Ut enim ad minim veniam, quis nostrud exercitation ullamco laboris nisi ut aliquip ex ea commodo consequat. Duis aute irure dolor in reprehenderit in voluptate velit esse cillum dolore eu fugiat nulla pariatur. ","fxa-tos2":"Excepteur sint occaecat qui of fi cia deserunt mollit anim id est laborum.  Lorem ipsum dolor sit amet, consectetur adipisicing elit, sed do eiusmod tempor incididunt ut labore et dolore magna aliqua. Ut enim ad minim veniam,quis nostrud exercitation ullamco laboris nisi ut aliquip ex ea commodo consequat. Duis aute irure dolor in.","fxa-pp-header":"Privacy Policy","fxa-pp1":"Lorem ipsum dolor sit amet, consectetur adipisicing elit, sed do eiusmod tempor incididunt ut labore et dolore magna aliqua. Ut enim ad minim veniam, quis nostrud exercitation ullamco laboris nisi ut aliquip ex ea commodo consequat. Duis aute irure dolor in reprehenderit in voluptate velit esse cillum dolore eu fugiat nulla pariatur. ","fxa-pp2":"Excepteur sint occaecat qui of fi cia deserunt mollit anim id est laborum.  Lorem ipsum dolor sit amet, consectetur adipisicing elit, sed do eiusmod tempor incididunt ut labore et dolore magna aliqua. Ut enim ad minim veniam,quis nostrud exercitation ullamco laboris nisi ut aliquip ex ea commodo consequat. Duis aute irure dolor in.","fxa-age-verification":"Age Verification","fxa-age-1990-earlier":"1990 or earlier","fxa-year-of-birth":"Year of Birth"}