{"ok":"OK","back":"Terug","help":"Help","cancel":"Annuleren","close":"Sluiten","skip":"Overslaan","airplaneMode":"Vliegtuigmodus","searching":"Zoeken…","noNetwork":"Geen netwerk","roaming":"{{operator}} (Roaming)","emergencyCallsOnly":"Alleen noodoproepen","emergencyCallsOnly-unknownSIMState":"(onbekende simstatus)","emergencyCallsOnly-noSIM":"(geen simkaart)","emergencyCallsOnly-pinRequired":"(simpincode vereist)","emergencyCallsOnly-pukRequired":"(simpukcode vereist)","emergencyCallsOnly-networkLocked":"(netwerk vergrendeld)","emergencyCallsOnly-serviceProviderLocked":"(serviceprovider vergrendeld)","emergencyCallsOnly-corporateLocked":"(zakelijk vergrendeld)","emergencyCallsOnly-network1Locked":"(netwerk1 vergrendeld)","emergencyCallsOnly-network2Locked":"(netwerk2 vergrendeld)","emergencyCallsOnly-hrpdNetworkLocked":"(hrpd-netwerk vergrendeld)","emergencyCallsOnly-ruimCorporateLocked":"(ruim-zakelijk vergrendeld)","emergencyCallsOnly-ruimServiceProviderLocked":"(ruim-serviceprovider vergrendeld)","enterPIN":"Voer pincode in","statusbarLabel":"{{date}}, {{operator}}","statusbarDateFormat":"%e %b","notifications":"Meldingen","clear-all":"Alles wissen","newVoicemails":{"_index":["plural","n"],"_":{"zero":"Geen nieuwe voicemailberichten","one":"Eén nieuw voicemailbericht","two":"{{n}} nieuwe voicemailberichten","few":"{{n}} nieuwe voicemailberichten","many":"{{n}} nieuwe voicemailberichten","other":"{{n}} nieuwe voicemailberichten"}},"newVoicemailsUnknown":"Nieuw voicemailbericht","dialNumber":"{{number}} kiezen","voicemailNotificationMultiSim":"(Simkaart {{n}}) {{title}}","confirmNFCConnectMsg1":"Are you sure you want to connect to the device?","confirmNFCConnectMsg2":"Turn on Bluetooth and connect to the device?","confirmNFCConnectMsg3":"Are you sure you want to connect to {{n}}?","confirmNFCConnectMsg4":"Turn on Bluetooth and connect to {{n}}?","deviceMenu":"Telefoon","airplane":"Vliegtuigmodus aanzetten","airplaneOff":"Vliegtuigmodus uitzetten","silent":"Inkomende oproepen dempen","normal":"Inkomende oproepen laten overgaan","restart":"Herstarten","power":"Uitschakelen","asyncpanzoom":"APZ voor apps uitschakelen","asyncpanzoomOff":"APZ voor apps inschakelen","enableScreenReaderSteps":"Druk nog drie keer op de knoppen volume omhoog en volume omlaag om de schermlezer in te schakelen","disableScreenReaderSteps":"Druk nog drie keer op de knoppen volume omhoog en volume omlaag om de schermlezer uit te schakelen","no-recent-apps":"Geen recente apps","yes":"Ja","no":"Nee","dontallow":"Niet toestaan","allow":"Toestaan","dontshare-geolocation":"Niet delen","share-geolocation":"Delen","dontshare-audio-capture":"Niet delen","share-audio-capture":"Delen","dontshare-video-capture":"Niet delen","share-video-capture":"Delen","dontshare-media-capture":"Niet delen","share-media-capture":"Delen","device-front":"Camera voor","device-back":"Camera achter","remember-my-choice":"Mijn keuze onthouden","more-info":"Meer info…","hide-info":"Info verbergen","install-app":"{{name}} installeren?","size":"Grootte","author":"Auteur","size-unknown":"Onbekend","author-unknown":"Onbekend","install":"Installeren","bytes":"bytes","kB":"KB","MB":"MB","GB":"GB","TB":"TB","PB":"PB","app-install-generic-error":"Downloaden van {{ appName }} gestopt","app-install-download-failed":"Downloaden van {{ appName }} mislukt","app-install-install-failed":"Installatie van {{ appName }} mislukt","cancelling-will-not-refund":"Annuleren zal geen aankoop vergoeden. Vergoedingen voor betaalde inhoud worden door de oorspronkelijke verkoper aangeboden.","apps-can-be-installed-later":"Apps kunnen later worden geïnstalleerd vanaf de oorspronkelijke installatiebron.","are-you-sure-you-want-to-cancel":"Weet u zeker dat u deze installatie wilt annuleren?","cancel-install":"Installatie annuleren","cancel-install-button":"Installatie annuleren","resume":"Hervatten","continue":"Doorgaan","stopDownloading":"Downloaden van {{ app }} stoppen?","app-download-can-be-restarted":"De download kan later opnieuw worden gestart.","app-download-stop-button":"Downloaden stoppen","not-enough-space":"Niet genoeg ruimte","not-enough-space-message":"Er is niet genoeg ruimte om deze app te installeren. Maak ruimte vrij door oude apps of media te verwijderen en probeer opnieuw te installeren vanaf de oorspronkelijke bronlocatie.","app-install-success":"{{ appName }} geïnstalleerd","setup":"Configuratie","ime-addkeyboards":"Toetsenborden toevoegen","later":"Later","download":"Downloaden","wantToDownload":"Update nu downloaden?","wantToInstall":"Update nu installeren?","installNow":"Nu installeren","notNow":"Niet nu","downloadingUpdateMessage":{"innerHTML":"Updates downloaden… <span>{{ progress }} gedownload.</span>"},"downloadingAppMessage":"{{ appName }} downloaden","downloadingAppProgressNoMax":"{{ progress }} gedownload","downloadingAppProgressIndeterminate":"Downloaden","downloadingAppProgress":"{{ progress }} / {{ max }} gedownload","cancelAllDownloads":"Alle downloads annuleren","wantToCancelAll":"Weet u zeker dat u alle downloads wilt annuleren?","downloadError":"Er is een fout opgetreden tijdens het downloaden van de updates.","updateAvailableInfo":{"innerHTML":{"_index":["plural","n"],"_":{"one":"{{ n }} update beschikbaar. <span>Tik voor meer info.</span>","two":"{{ n }} updates beschikbaar. <span>Tik voor meer info.</span>","few":"{{ n }} updates beschikbaar. <span>Tik voor meer info.</span>","many":"{{ n }} updates beschikbaar. <span>Tik voor meer info.</span>","other":"{{ n }} updates beschikbaar. <span>Tik voor meer info.</span>"}}},"numberOfUpdates":{"_index":["plural","n"],"_":{"one":"{{ n }} update beschikbaar","two":"{{ n }} updates beschikbaar","few":"{{ n }} updates beschikbaar","many":"{{ n }} updates beschikbaar","other":"{{ n }} updates beschikbaar"}},"systemUpdate":"Systeemupdate","systemUpdateReady":"Systeemupdate gereed","required":"Vereist","uncompressingMessage":{"innerHTML":"Decomprimeren… <span>Dit kan enkele minuten duren.</span>"},"downloadNoWifiWarning":"Wifi niet beschikbaar. Bijwerken via huidige verbinding kan extra kosten met zich meebrengen.","downloadOfflineWarning":"Verbinding niet beschikbaar. Maak verbinding met een netwerk om updates te downloaden.","downloadDataConnectionWarning":"Updates worden via gegevensverbinding gedownload als wifi niet beschikbaar is. Er kunnen extra kosten in rekening worden gebracht.","downloadUpdatesViaDataConnection":"Updates via gegevensverbinding downloaden?","downloadUpdatesViaDataConnectionMessage":"Updates worden via gegevensverbinding gedownload als wifi niet beschikbaar is. Tijdens het gebruik van de gegevensverbinding kunnen telefoonoproepen worden geblokkeerd en tevens extra kosten in rekening worden gebracht.","screenshotSaved":"Afbeelding opgeslagen in Galerij","screenshotFailed":"De schermafbeelding kon niet worden opgeslagen","screenshotNoSDCard":"Geen geheugenkaart gevonden","screenshotSDCardInUse":"Geheugenkaart is in gebruik","screenshotSDCardLow":"Niet genoeg ruimte op geheugenkaart","emergency-call-button":"Noodoproep","emergency-call":"Noodoproep","unlock-a11y-button":{"ariaLabel":"Ontgrendelen"},"camera-a11y-button":{"ariaLabel":"Camera"},"longDateFormat":"%A %e %B","softwareHomeButton":{"ariaLabel":"Start"},"login":"Aanmelden","username":"Gebruikersnaam","password":"Wachtwoord","http-authentication-message":"{{host}} vraagt om een gebruikersnaam en wachtwoord. De website meldt: “{{realm}}”","error-message":"{{name}} wordt niet goed geladen","error-title":"{{name}} ondervindt problemen","airplane-is-on":"Vliegtuigmodus is ingeschakeld","airplane-is-turned-on":"{{name}} vereist een netwerkverbinding. Zet de vliegtuigmodus uit via Instellingen en maak verbinding met een wifi- of mobielegegevensnetwerk.","server-not-found":"Server niet gevonden","server-not-found-error":"Kan de server op {{name}} niet vinden.","file-not-found":"Bestand niet gevonden","file-not-found-error":"Het apparaat kan deze pagina niet weergeven, omdat het bestand niet kan worden gevonden.","connection-failed":"Kan geen verbinding maken","connection-failed-error":"Er is een netwerkfout opgetreden tijdens het benaderen van de website.","invalid-connection":"Kan geen verbinding maken","invalid-connection-error":"Er is een netwerkfout opgetreden tijdens het benaderen van de website.","malformed-uri":"URL niet geldig","malformed-uri-error":"De ingevoerde URL is niet geldig en kan niet worden geladen.","redirect-loop":"Kan pagina niet weergeven","redirect-loop-error":"Het apparaat kan deze pagina niet weergeven, omdat deze niet op een juiste manier doorverwijst. Probeer deze pagina later opnieuw te laden.","not-cached":"Pagina verlopen","not-cached-error":"Als veiligheidsvoorzorgsmaatregel kan deze pagina niet door het apparaat worden weergegeven, omdat deze is verlopen.","is-printing-error":"Het document kan niet worden gewijzigd tijdens het afdrukken of weergeven als afdrukvoorbeeld.","denied-port-access":"Dit adres heeft beperkte toegang","denied-port-access-error":"Dit adres gebruikt een netwerkpoort die normaal gesproken wordt gebruikt voor andere doeleinden dan webbrowsen. Het apparaat heeft het verzoek geannuleerd om u te beschermen.","proxy-resolve-failure":"Proxyserverfout","proxy-resolve-failure-error":"Het apparaat is ingesteld om een proxyserver te gebruiken die niet kan worden gevonden.","proxy-connect-failure":"Proxyserverfout","proxy-connect-failure-error":"Het apparaat is ingesteld om een proxyserver te gebruiken die verbindingen weigert.","content-encoding":"Kan pagina niet weergeven","content-encoding-error":"Het apparaat kan deze pagina niet weergeven, omdat een inhoudcoderingsfout is opgetreden.","remote-xul":"Pagina niet ondersteund","remote-xul-error":"Deze pagina kan niet worden weergegeven, omdat deze een technologie gebruikt die niet op het apparaat wordt ondersteund.","phishing-blocked":"Waarschuwing","phishing-blocked-error":"De website is gerapporteerd als een vervalsing, ontworpen om gebruikers persoonlijke of financiële gegevens te laten delen.","malware-blocked":"Malwareaanval geblokkeerd","malware-blocked-error":"De website is gerapporteerd als een aanvalsite en is geblokkeerd.","unsafe-content-type":"Onveilige inhoud","unsafe-content-type-error":"De pagina kan niet worden weergegeven, omdat deze mogelijk niet veilig is om te openen.","corrupted-content":"Kan pagina niet weergeven","corrupted-content-error":"De pagina kan niet worden weergegeven, omdat een fout in de gegevensoverdracht is gedetecteerd.","network-connection-unavailable":"Netwerkverbinding niet beschikbaar","network-error":"{{name}} vereist een netwerkverbinding. Probeer verbinding te maken met een wifi- of mobielegegevensnetwerk.","network-error-launching":"{{name}} vereist een internetverbinding.","network-error-in-app":"Er is momenteel geen internettoegang.","unable-to-connect":"Kan geen verbinding maken","try-again":"Opnieuw","check-settings":"Instellingen controleren","tap-to-check-settings":"Tik om instellingen te controleren","select-time":"Tijd selecteren","choose-option":"Selecteren","choose-options":"Selecteren","select-day":"Dag selecteren","battery-almost-empty":"Batterij bijna leeg","add-to-home-screen":"Toevoegen aan startscherm","crash-dialog2-os":"{{brandShortName}} is zojuist van een crash hersteld","crash-dialog-app":"{{name}} is zojuist gecrasht","crash-dialog-message":"Wilt u een rapport over de crash naar Mozilla verzenden om ons te helpen het probleem op te lossen? (Rapporten worden alleen via wifi verzonden.)","crash-info-link":"Wat staat er in een crashrapport?","crash-always-report":"Altijd een rapport naar Mozilla verzenden als een crash optreedt","crash-dont-send":"Niet verzenden","crash-end":"Verzenden","crashReports":"Crashrapporten","done":"Gereed","crash-reports-description-1":"Een crashrapport bevat enkele details over de crash en uw apparaat, evenals een momentopname van de status van uw apparaat tijdens de crash.","crash-reports-description-2":"Hieronder vallen mogelijk zaken als geopende pagina’s en apps, tekst die in formulieren is ingevuld en de inhoud van geopende berichten, recente navigatiegeschiedenis, of geolocatiegegevens die door een geopende app worden gebruikt.","crash-reports-description-3-start":"We gebruiken crashrapporten om problemen te kunnen verhelpen en onze producten te verbeteren. We gaan met uw gegevens om zoals beschreven in ons ","crash-reports-description-3-privacy":"privacybeleid","crash-reports-description-3-end":".","crash-banner-os2":"{{brandShortName}} is zojuist gecrasht.","crash-banner-app":"{{name}} is zojuist gecrasht.","crash-banner-report":"Rapport","bluetooth-sending-progress":"Bluetooth-overdracht verzenden…","bluetooth-receiving-progress":"Bluetooth-overdracht ontvangen…","acceptFileTransfer":"Bluetooth-bestandsoverdracht accepteren?","wantToReceiveFile":"{{deviceName}} wil {{fileName}} ({{fileSize}}) overbrengen.","transfer-confirmation-title":"{{deviceName}}","transfer-confirmation-description":"Beoordeel aanvraag voor overdracht.","byteUnit-B":"B","byteUnit-KB":"KB","byteUnit-MB":"MB","byteUnit-GB":"GB","byteUnit-TB":"TB","byteUnit-PB":"PB","byteUnit-EB":"EB","byteUnit-ZB":"ZB","byteUnit-YB":"YB","fileSize":"{{size}} {{unit}}","deny":"Weigeren","transfer":"Overbrengen","cancelFileTransfer":"Bluetooth-bestandsoverdracht annuleren?","continueFileTransfer":"Doorgaan","transfer-has-started-title":"De overdracht is gestart","transfer-has-started-description":"Controleer de voortgang in Meldingencentrum","transferFinished-sentSuccessful-title":"Bestand verzonden","transferFinished-receivedSuccessful-title":"Bestand ontvangen","transferFinished-sentFailed-title":"Bestand kon niet worden verzonden","transferFinished-receivedFailed-title":"Bestand kon niet worden ontvangen","transferReport-title":"Transferrapport:","transferReport-description":"{{numSuccessful}} bestanden gelukt, {{numUnsuccessful}} bestanden niet gelukt","unknown-file":"Onbekend bestand","unknown-device":"Onbekend apparaat","cannotOpenFile":"Kan ontvangen bestand niet openen","unknownMediaTypeToOpen":"Kan onbekend mediatype niet openen:","cannotReceiveFile":"Kan geen bestand ontvangen","cannotGetStorageState":"Kan status van apparaatopslag niet verkrijgen.","sdcard-not-exist2":"Geen geheugenkaart gevonden. Plaats een geheugenkaart.","sdcard-in-use":"Bluetooth kan niet worden gebruikt bij aangesloten telefoon. Ontkoppel de telefoon om bestanden te ontvangen.","sdcard-no-space2":"Kan overdracht niet voltooien: geheugenkaart is vol.","unknown-error":"Onbekende fout","confirm":"Bevestigen","microphone-is-on":"Mic is aan","camera-is-on":"Camera is aan","media-is-on":"Camera & mic zijn AAN","noSimCard":"Geen simkaart","simPin":"Simpincode","pukCode":"Pukcode","nckCode":"NCK-code","cckCode":"CCK-code","spckCode":"SPCK-code","nck1code":"NCK1-code","nck2code":"NCK2-code","hnckcode":"HNCK-code","rcckcode":"RCCK-code","rspckcode":"RSPCK-code","whatIsSimPin":"Wat is een simpincode?","simPinIntro1":"Een simpincode voorkomt toegang tot de simkaart van mobielegegevensnetwerken. Als deze is ingeschakeld, zullen apparaten die de simkaart bevatten bij het herstarten om de pincode vragen.","simPinIntro2":"Een simpincode is niet hetzelfde als de wachtwoordcode die voor het ontgrendelen van het apparaat wordt gebruikt.","changeSimPin":"Pincode wijzigen","pinTitle":"Voer pincode in","multiSIMpinTitle":"Voer pincode van simkaart {{n}} in","pukTitle":"Voer pukcode in","nckTitle":"Voer NCK-code in","cckTitle":"Voer CCK-code in","spckTitle":"Voer SPCK-code in","nck1Title":"Voer NCK1-code in","nck2Title":"Voer NCK2-code in","hnckTitle":"Voer HNCK-code in","rcckTitle":"Voer RCCK-code in","rspckTitle":"Voer RSPCK-code in","newpinTitle":"Nieuwe pincode","inputCodeRetriesLeft":{"_index":["plural","n"],"_":{"one":"Laatste poging.","two":"{{n}} pogingen over.","few":"{{n}} pogingen over.","many":"{{n}} pogingen over.","other":"{{n}} pogingen over."}},"pinErrorMsg":"De pincode was onjuist.","pinAttemptMsg2":{"_index":["plural","n"],"_":{"one":"U hebt één poging over om de juiste code in te voeren voordat de simkaart wordt vergrendeld.","two":"U hebt {{n}} pogingen over om de juiste code in te voeren voordat de simkaart wordt vergrendeld.","few":"U hebt {{n}} pogingen over om de juiste code in te voeren voordat de simkaart wordt vergrendeld.","many":"U hebt {{n}} pogingen over om de juiste code in te voeren voordat de simkaart wordt vergrendeld.","other":"U hebt {{n}} pogingen over om de juiste code in te voeren voordat de simkaart wordt vergrendeld."}},"pinLastChanceMsg":"Dit is uw laatste kans om de juiste pincode in te voeren. Anders moet u de pukcode invoeren om deze simkaart te gebruiken.","simCardLockedMsg":"De simkaart is vergrendeld.","enterPukMsg":"U moet de persoonlijke deblokkeringscode (pukcode) voor de simkaart invoeren. Kijk in de documentatie van uw simkaart of neem contact op met uw mobiele provider voor meer informatie.","pukErrorMsg":"De pukcode is onjuist.","pukAttemptMsg2":{"_index":["plural","n"],"_":{"one":"U hebt één poging over om de juiste code in te voeren voordat deze simkaart blijvend onbruikbaar wordt. Kijk in de documentatie van uw simkaart of neem contact op met uw mobiele provider voor meer informatie.","two":"U hebt {{n}} pogingen over om de juiste code in te voeren voordat deze simkaart blijvend onbruikbaar wordt. Kijk in de documentatie van uw simkaart of neem contact op met uw mobiele provider voor meer informatie.","few":"U hebt {{n}} pogingen over om de juiste code in te voeren voordat deze simkaart blijvend onbruikbaar wordt. Kijk in de documentatie van uw simkaart of neem contact op met uw mobiele provider voor meer informatie.","many":"U hebt {{n}} pogingen over om de juiste code in te voeren voordat deze simkaart blijvend onbruikbaar wordt. Kijk in de documentatie van uw simkaart of neem contact op met uw mobiele provider voor meer informatie.","other":"U hebt {{n}} pogingen over om de juiste code in te voeren voordat deze simkaart blijvend onbruikbaar wordt. Kijk in de documentatie van uw simkaart of neem contact op met uw mobiele provider voor meer informatie."}},"pukLastChanceMsg":"Laatste kans om de juiste pukcode in te voeren. Uw simkaart zal blijvend onbruikbaar worden als u de verkeerde pukcode invoert. Kijk in de documentatie van uw simkaart of neem contact op met uw mobiele provider voor meer informatie.","newSimPinMsg":"Creëer pincode (moet 4 tot 8 cijfers bevatten)","confirmNewSimPinMsg":"Bevestig nieuwe pincode","newPinErrorMsg":"Pincodes komen niet overeen.","nckErrorMsg":"De NCK-code is onjuist.","nckAttemptMsg2":{"_index":["plural","n"],"_":{"one":"Fout bij netwerkdepersonalisatieverzoek. U hebt één poging over om de juiste code in te voeren. Kijk in de documentatie van uw apparaat of neem contact op met uw mobiele provider voor meer informatie.","two":"Fout bij netwerkdepersonalisatieverzoek. U hebt {{n}} pogingen over om de juiste code in te voeren. Kijk in de documentatie van uw apparaat of neem contact op met uw mobiele provider voor meer informatie.","few":"Fout bij netwerkdepersonalisatieverzoek. U hebt {{n}} pogingen over om de juiste code in te voeren. Kijk in de documentatie van uw apparaat of neem contact op met uw mobiele provider voor meer informatie.","many":"Fout bij netwerkdepersonalisatieverzoek. U hebt {{n}} pogingen over om de juiste code in te voeren. Kijk in de documentatie van uw apparaat of neem contact op met uw mobiele provider voor meer informatie.","other":"Fout bij netwerkdepersonalisatieverzoek. U hebt {{n}} pogingen over om de juiste code in te voeren. Kijk in de documentatie van uw apparaat of neem contact op met uw mobiele provider voor meer informatie."}},"nckLastChanceMsg":"Fout bij netwerkdepersonalisatieverzoek. Laatste kans om de juiste NCK-code in te voeren. Kijk in de documentatie van uw apparaat of neem contact op met uw mobiele provider voor meer informatie.","activity-pick":"Kiezen uit:","activity-view":"Weergeven met:","activity-test":"Testen met:","activity-share":"Delen met:","activity-new":"Aanmaken met:","activity-open":"Openen met:","activity-save-bookmark":"Bladwijzer naar:","activity-record":"Opnemen vanaf:","activity-browse":"Bladeren met:","activity-configure":"Configureren met:","activity-dial":"Bellen vanaf:","persona-signin":"Aanmelden","payment-flow":"Aanschaffen","remoteDebuggerMessage":"Er is een inkomend verzoek voor een externe debugverbinding gedetecteerd. Verbinding toestaan?","fullscreen-request":"{{origin}} gebruikt nu het volledige scherm.","captive-wifi-available":"Het netwerk {{networkName}} is gevonden. Verbinden met netwerk?","ceWarningtitle":"Volumewaarschuwing","ceWarningcontent":"Luister niet langdurig naar hoge geluidsvolumes om mogelijke gehoorschade te voorkomen.","notification-powersaving-mode-on-title":"Energiebesparende modus","notification-powersaving-mode-on-description":"Energiebesparende modus is aan.","low-device-storage":"Weinig ruimte op apparaat.\\n","free-space":{"_index":["plural","value"],"_":{"zero":"Geen vrije ruimte meer.","one":"Minder dan {{value}} {{unit}} resterend.","two":"Minder dan {{value}} {{unit}} resterend.","few":"Minder dan {{value}} {{unit}} resterend.","many":"Minder dan {{value}} {{unit}} resterend.","other":"Minder dan {{value}} {{unit}} resterend."}},"unknown-free-space":"Onbekende resterende ruimte.","system-alert":"Systeemmelding","cb-channel":"Kanaal {{channel}}","icc-message-title":"Operatorbericht van simkaart {{id}}","icc-confirmCall-defaultmessage":"{{number}} bellen?","icc-alertMessage-defaultmessage":"Bericht verzenden","icc-confirmMessage-defaultmessage":"Bericht verzenden?","icc-inputbox-title":"STK-query van simkaart {{id}}","emergency-callback-mode":"Modus Terugbellen bij noodgevallen","emergency-callback-message":"U kunt niet bellen, geen berichten verzenden of online gaan, omdat de modus Terugbellen bij noodgevallen is ingeschakeld. Wilt u de modus uitzetten?","cdma-record-info":"Gegevens in record voor CDMA","ime-switching-title":"{{appName}}: {{name}}","ime-switching-tip":"Tik om invoermethode om te schakelen","layout-selection":"Indeling selecteren","shrinking-tip":"Veeg om te delen","download_started":"Downloaden gestart","download_stopped":"Downloaden gestopt","download_downloading":"Downloaden…","download_succeeded":"Downloaden voltooid","download_failed":"Downloaden mislukt","download_text_by_default":"{{name}}","download_downloading_text_2":"{{percentage}}% - {{name}}","search-or-enter-address":{"_":"Voer zoekterm of adres in","placeholder":"Voer zoekterm of adres in"},"noSIMCardInHotspot":"Simkaart ontbreekt of is verkeerd geplaatst, dus zet hotspot uit","brandShortName":"B2G OS","browserBrandShortName":"Webbrowser","browserBrandFullName":"Mozilla-webbrowser","weekday-0-long":"zondag","weekday-1-long":"maandag","weekday-2-long":"dinsdag","weekday-3-long":"woensdag","weekday-4-long":"donderdag","weekday-5-long":"vrijdag","weekday-6-long":"zaterdag","weekday-0-short":"zon","weekday-1-short":"maa","weekday-2-short":"din","weekday-3-short":"woe","weekday-4-short":"don","weekday-5-short":"vrij","weekday-6-short":"zat","month-0-long":"januari","month-1-long":"februari","month-2-long":"maart","month-3-long":"april","month-4-long":"mei","month-5-long":"juni","month-6-long":"juli","month-7-long":"augustus","month-8-long":"september","month-9-long":"oktober","month-10-long":"november","month-11-long":"december","month-0-genitive":"januari","month-1-genitive":"februari","month-2-genitive":"maart","month-3-genitive":"april","month-4-genitive":"mei","month-5-genitive":"juni","month-6-genitive":"juli","month-7-genitive":"augustus","month-8-genitive":"september","month-9-genitive":"oktober","month-10-genitive":"november","month-11-genitive":"december","month-0-short":"jan","month-1-short":"feb","month-2-short":"mrt","month-3-short":"apr","month-4-short":"mei","month-5-short":"jun","month-6-short":"jul","month-7-short":"aug","month-8-short":"sep","month-9-short":"okt","month-10-short":"nov","month-11-short":"dec","minutes-ago-long":{"_index":["plural","value"],"_":{"zero":"zojuist","one":"een minuut geleden","two":"{{value}} minuten geleden","few":"{{value}} minuten geleden","many":"{{value}} minuten geleden","other":"{{value}} minuten geleden"}},"hours-ago-long":{"_index":["plural","value"],"_":{"zero":"zojuist","one":"een uur geleden","two":"{{value}} uur geleden","few":"{{value}} uur geleden","many":"{{value}} uur geleden","other":"{{value}} uur geleden"}},"days-ago-long":{"_index":["plural","value"],"_":{"zero":"vandaag","one":"gisteren","two":"{{value}} dagen geleden","few":"{{value}} dagen geleden","many":"{{value}} dagen geleden","other":"{{value}} dagen geleden"}},"weeks-ago-long":{"_index":["plural","value"],"_":{"zero":"deze week","one":"vorige week","two":"{{value}} weken geleden","few":"{{value}} weken geleden","many":"{{value}} weken geleden","other":"{{value}} weken geleden"}},"months-ago-long":{"_index":["plural","value"],"_":{"zero":"deze maand","one":"vorige maand","two":"{{value}} maanden geleden","few":"{{value}} maanden geleden","many":"{{value}} maanden geleden","other":"{{value}} maanden geleden"}},"years-ago-long":{"_index":["plural","value"],"_":{"zero":"dit jaar","one":"vorig jaar","two":"{{value}} jaar geleden","few":"{{value}} jaar geleden","many":"{{value}} jaar geleden","other":"{{value}} jaar geleden"}},"minutes-until-long":{"_index":["plural","value"],"_":{"zero":"nu","one":"zo meteen","two":"over {{value}} minuten","few":"over {{value}} minuten","many":"over {{value}} minuten","other":"over {{value}} minuten"}},"hours-until-long":{"_index":["plural","value"],"_":{"zero":"nu","one":"over een uur","two":"over {{value}} uur","few":"over {{value}} uur","many":"over {{value}} uur","other":"over {{value}} uur"}},"days-until-long":{"_index":["plural","value"],"_":{"zero":"vandaag","one":"morgen","two":"over {{value}} dagen","few":"over {{value}} dagen","many":"over {{value}} dagen","other":"over {{value}} dagen"}},"weeks-until-long":{"_index":["plural","value"],"_":{"zero":"deze week","one":"volgende week","two":"over {{value}} weken","few":"over {{value}} weken","many":"over {{value}} weken","other":"over {{value}} weken"}},"months-until-long":{"_index":["plural","value"],"_":{"zero":"deze maand","one":"volgende maand","two":"over {{value}} maanden","few":"over {{value}} maanden","many":"over {{value}} maanden","other":"over {{value}} maanden"}},"years-until-long":{"_index":["plural","value"],"_":{"zero":"dit jaar","one":"volgend jaar","two":"over {{value}} jaar","few":"over {{value}} jaar","many":"over {{value}} jaar","other":"over {{value}} jaar"}},"minutes-ago-short":{"_index":["plural","value"],"_":{"zero":"zojuist","other":"{{value}}m geleden"}},"hours-ago-short":{"_index":["plural","value"],"_":{"zero":"zojuist","other":"{{value}}h geleden"}},"days-ago-short":{"_index":["plural","value"],"_":{"zero":"vandaag","other":"{{value}}d geleden"}},"minutes-until-short":{"_index":["plural","value"],"_":{"zero":"nu","other":"over {{value}}m"}},"hours-until-short":{"_index":["plural","value"],"_":{"zero":"nu","other":"over {{value}}h"}},"days-until-short":{"_index":["plural","value"],"_":{"zero":"vandaag","other":"over {{value}}d"}},"incorrectDate":"(onjuiste datum)","dateTimeFormat_%c":"%a %e %b %Y %H:%M:%S","dateTimeFormat_%x":"%d-%m-%Y","dateTimeFormat_%X":"%H:%M:%S","shortTimeFormat":"%H:%M","shortDateTimeFormat":"%x %H:%M","weekStartsOnMonday":"1","time_am":"AM","time_pm":"PM","perm-contacts":"Contacten","perm-contacts-appRequest":"{{app}} vraagt om toegang tot uw contactenlijst.","perm-contacts-webRequest":"{{site}} vraagt om toegang tot uw contactenlijst.","perm-desktop-notification":"Meldingen","perm-desktop-notification-appRequest":"{{app}} wil meldingen weergeven.","perm-desktop-notification-webRequest":"{{site}} wil meldingen weergeven.","perm-device-storage-music":"Muziekopslag","perm-device-storage-music-appRequest":"{{app}} vraagt om toegang tot uw muziek.","perm-device-storage-music-webRequest":"{{site}} vraagt om toegang tot uw muziek.","perm-device-storage-pictures":"Afbeeldingenopslag","perm-device-storage-pictures-appRequest":"{{app}} vraagt om toegang tot uw afbeeldingen.","perm-device-storage-pictures-webRequest":"{{site}} vraagt om toegang tot uw afbeeldingen.","perm-device-storage-sdcard":"Geheugenkaartopslag","perm-device-storage-sdcard-appRequest":"{{app}} vraagt om toegang tot uw geheugenkaart.","perm-device-storage-sdcard-webRequest":"{{site}} vraagt om toegang tot uw geheugenkaart.","perm-device-storage-videos":"Video-opslag","perm-device-storage-videos-appRequest":"{{app}} vraagt om toegang tot uw video’s.","perm-device-storage-videos-webRequest":"{{site}} vraagt om toegang tot uw video’s.","perm-fmradio":"FM-radio","perm-fmradio-appRequest":"{{app}} wil de FM-radio gebruiken.","perm-fmradio-webRequest":"{{site}} wil de FM-radio gebruiken.","perm-geolocation":"Geolocatie","perm-geolocation-appRequest":"{{app}} wil uw locatie weten.","perm-geolocation-webRequest":"{{site}} wil uw locatie weten.","perm-geolocation-more-info":"{{brandShortName}} gebruikt gegevens als gps, wifi en mobiele netwerken in uw omgeving om uw geschatte locatie te helpen bepalen. Deze gegevens worden naar Mozilla en andere serviceproviders verzonden en gezamenlijk gebruikt om de locatiedatabases te verbeteren. Mogelijk worden gegevens op uw apparaat bewaard, en gegevensverzameling kan ook plaatsvinden als er geen apps actief zijn.","perm-video-capture":"Camera","perm-video-capture-appRequest":"Wilt u uw camera delen met {{app}}?","perm-video-capture-webRequest":"Wilt u uw camera delen met {{site}}?","perm-audio-capture":"Microfoon","perm-audio-capture-appRequest":"Wilt u uw microfoon delen met {{app}}?","perm-audio-capture-webRequest":"Wilt u uw microfoon delen met {{site}}?","perm-media-capture":"Camera en microfoon","perm-media-capture-appRequest":"Wilt u uw camera en microfoon delen met {{app}}?","perm-media-capture-webRequest":"Wilt u uw camera en microfoon delen met {{site}}?","stopped_download_title":"Downloaden gestopt","stopped_download_message":"Downloaden is gestopt. Opnieuw proberen te downloaden?","stopped_download_left_button":"Annuleren","stopped_download_right_button":"Opnieuw proberen","failed_download_title":"Downloaden mislukt","failed_download_message":"Downloaden van {{name}} is mislukt. Opnieuw proberen te downloaden?","failed_download_left_button":"Annuleren","failed_download_right_button":"Opnieuw proberen","stop_download_title":"Downloaden stoppen","stop_download_message":"Weet u zeker dat u het downloaden wilt stoppen?","stop_download_left_button":"Nee","stop_download_right_button":"Ja","delete_download_title":"Verwijderen","delete_download_message":"{{name}} verwijderen?","delete_download_left_button":"Annuleren","delete_download_right_button":"Verwijderen","delete_all_download_title":"Verwijderen","delete_all_download_left_button":"Annuleren","delete_all_download_right_button":"Verwijderen","delete_all_download_message":{"_index":["plural","number"],"_":{"zero":"Geen bestanden verwijderen?","one":"Eén bestand verwijderen?","two":"{{number}} bestanden verwijderen?","few":"{{number}} bestanden verwijderen?","many":"{{number}} bestanden verwijderen?","other":"{{number}} bestanden verwijderen?"}},"unsupported_file_type_download_title":"Kan niet openen","unsupported_file_type_download_message":"Er is geen app die {{name}} kan openen. Wilt u het bestand opslaan of het verwijderen?","unsupported_file_type_download_left_button":"Bestand behouden","unsupported_file_type_download_right_button":"Verwijderen","file_not_found_download_title":"Bestand niet gevonden","file_not_found_download_message":"Het bestand is niet op het apparaat aangetroffen","file_not_found_download_right_button":"OK","unmounted_sdcard_2_download_title":"Geheugenkaart in gebruik","unmounted_sdcard_2_download_message":"Ontkoppel de telefoon","unmounted_sdcard_2_download_right_button":"OK","no_provider_download_title":"Kan niet delen","no_provider_download_message":"Geen provider gevonden","no_provider_download_right_button":"OK","no_memory_download_title":"SD-kaart is vol","no_memory_download_message":"Er is geen ruimte meer op uw SD-kaart om uw download op te slaan. Verwijder enkele bestanden voordat u het downloaden opnieuw start.","no_memory_download_right_button":"OK","no_sdcard_found_2_download_title":"Geen geheugenkaart gevonden","no_sdcard_found_2_download_message":"Plaats een geheugenkaart of selecteer een alternatieve standaard medialocatie in de instellingen","no_sdcard_found_2_download_right_button":"OK","file_open_error_download_title":"Kan niet openen","file_open_error_download_message":"Er is een probleem met het openen van {{name}}. Wilt u het bestand opslaan of het verwijderen?","file_open_error_download_left_button":"Bestand behouden","file_open_error_download_right_button":"Verwijderen","restart_download_error":"Er was een probleem bij het herstarten van de download. Probeer opnieuw te downloaden.","no-downloads":"Geen downloads","percentage":"{{percentage}} %","partialResult":"{{partial}} van {{total}}","summary":"{{date}} - {{status}}","download-stopped":"Gestopt","download-failed":"Downloaden mislukt","open_downloaded_file":"Openen","share_downloaded_file":"Delen","wallpaper_downloaded_file":"Instellen als achtergrond","ringtone_downloaded_file":"Instellen als beltoon","cancel_downloaded_file":"Annuleren","voicemailNoNumberTitle":"Voicemailnummer niet beschikbaar","voicemailNoNumberText":"Kan voicemail niet bellen. Stel het voicemailnummer in om de oproep te maken.","voicemailNoNumberSettings":"Instellingen","voicemailNoNumberCancel":"Annuleren","firefox-accounts-title":"Firefox Accounts","fxa-next":"Next","fxa-back":"Back","fxa-done":"Done","fxa-ok":"OK","fxa-account-does-not-exist-title":"Account does not exist","fxa-account-does-not-exist-message":"Account does not exist","fxa-cannot-create-account":"Unable to create account","fxa-cannot-create-password":"Unable to reset your Firefox Accounts password right now.","fxa-already-signed-in-title":"User is already signed in","fxa-already-signed-in-message":"There is an user is already signed in Firefox.","fxa-invalid-password-title":"Invalid password","fxa-invalid-password-message":"You have used an invalid password. Please try again with a valid one.","fxa-invalid-email-title":"Invalid email address","fxa-invalid-email-message":"You have used an invalid email address. Please try again with a valid one.","fxa-connection-error-title":"Unable to connect","fxa-connection-error-message":"Unable to connect to Firefox right now. You can sign in or create an account from your phone's settings or try it again.","fxa-reset-password-error-title":"Unable to reset password","fxa-reset-password-error-message":"Your password was not reset. Please try again.","fxa-reset-password-in-settings-title":"Reset Password","fxa-reset-password-in-settings-message":"You can reset your password from your phone's settings.","fxa-generic-error-title":"Unable to connect to Firefox","fxa-generic-error-message":"Unable to connect to Firefox Accounts right now. Try your phone's settings or check your connection to Internet.","fxa-coppa-failure-error-title":"Cannot Create Account","fxa-coppa-failure-error-message":"You must meet certain age requirements to create a Firefox Accounts. <a href='http://www.ftc.gov/news-events/media-resources/protecting-consumer-privacy/kids-privacy-coppa'>Learn more</a>","fxa-coppa-ftu-error-message":"You must meet certain age requirements to create a Firefox Accounts. Try again later from Settings.","fxa-offline-error-title":"Unable to connect to Firefox","fxa-offline-error-message":"Unable to connect to Firefox Accounts right now. Check your phone' settings and your Internet connection.","fxa-unknown-error-title":"Unknown error","fxa-unknown-error-message":"Unknown error","fxa-connecting-to-firefox":"Connecting to Firefox Accounts","fxa-email-input":{"placeholder":"Email"},"fxa-use-email-to-sign-in":"Use your email address to create an account or sign in.","fxa-agree-to-tos-pp":"By proceeding, you agree to our <a href=\"#fxa-tos\">Terms of Service</a> and <a href=\"#fxa-pp\">Privacy Policy</a>","fxa-set-password-title":"Enter your new password","fxa-enter-password-title":"Enter your password","fxa-hello-user":"Hello, <a id=\"fxa-user-email\">hola@email.com</a>","fxa-password-refresh":"Please enter your Firefox Account password for <a id=\"fxa-user-email\">hola@email.com</a> to continue.","fxa-password":{"placeholder":"Password"},"fxa-forgot-password":"I forgot my password","fxa-show-password":"Show password","fxa-authenticating":"Authenticating","fxa-registering":"Registering","fxa-success":"Success!","fxa-ready-to-go":"Your Firefox Account is ready to go! ","fxa-use-services":"Now you can use <span id=\"fxa-summary-email\">email</span> to access services like Marketplace and Where’s My Fox.","fxa-manage-account-settings":"In the future, you can access and manage your account from your phone's settings.","fxa-confirm-account":"Confirm Your Account","fxa-sending-email-to":"We have sent you an email to: <strong id=\"fxa-summary-email\">email</strong>","fxa-tos-header":"Terms of Service","fxa-tos1":"Lorem ipsum dolor sit amet, consectetur adipisicing elit, sed do eiusmod tempor incididunt ut labore et dolore magna aliqua. Ut enim ad minim veniam, quis nostrud exercitation ullamco laboris nisi ut aliquip ex ea commodo consequat. Duis aute irure dolor in reprehenderit in voluptate velit esse cillum dolore eu fugiat nulla pariatur. ","fxa-tos2":"Excepteur sint occaecat qui of fi cia deserunt mollit anim id est laborum.  Lorem ipsum dolor sit amet, consectetur adipisicing elit, sed do eiusmod tempor incididunt ut labore et dolore magna aliqua. Ut enim ad minim veniam,quis nostrud exercitation ullamco laboris nisi ut aliquip ex ea commodo consequat. Duis aute irure dolor in.","fxa-pp-header":"Privacy Policy","fxa-pp1":"Lorem ipsum dolor sit amet, consectetur adipisicing elit, sed do eiusmod tempor incididunt ut labore et dolore magna aliqua. Ut enim ad minim veniam, quis nostrud exercitation ullamco laboris nisi ut aliquip ex ea commodo consequat. Duis aute irure dolor in reprehenderit in voluptate velit esse cillum dolore eu fugiat nulla pariatur. ","fxa-pp2":"Excepteur sint occaecat qui of fi cia deserunt mollit anim id est laborum.  Lorem ipsum dolor sit amet, consectetur adipisicing elit, sed do eiusmod tempor incididunt ut labore et dolore magna aliqua. Ut enim ad minim veniam,quis nostrud exercitation ullamco laboris nisi ut aliquip ex ea commodo consequat. Duis aute irure dolor in.","fxa-age-verification":"Age Verification","fxa-age-1990-earlier":"1990 or earlier","fxa-year-of-birth":"Year of Birth"}