{"ok":"ਠੀਕ ਹੈ","back":"ਪਿੱਛੇ","help":"ਮੱਦਦ","cancel":"ਰੱਦ ਕਰੋ","close":"ਬੰਦ ਕਰੋ","skip":"ਛੱਡੋ","airplaneMode":"ਏਅਰਪਲੇਨ ਮੋਡ","searching":"…ਖੋਜ ਜਾਰੀ ਹੈ","noNetwork":"ਨੈੱਟਵਰਕ ਨਹੀਂ ਲੱਭਿਆ","roaming":"{{operator}} (ਰੋਮਿੰਗ)","emergencyCallsOnly":"ਐਮਰਜੈਂਸੀ ਕਾਲਾਂ ਹੀ","emergencyCallsOnly-unknownSIMState":"(ਅਣਜਾਣ SIM ਸਥਿਤੀ)","emergencyCallsOnly-noSIM":"(SIM ਨਹੀਂ)","emergencyCallsOnly-pinRequired":"(SIM PIN ਚਾਹੀਦਾ ਹੈ)","emergencyCallsOnly-pukRequired":"(SIM PUK ਚਾਹੀਦਾ ਹੈ)","emergencyCallsOnly-networkLocked":"(ਨੈੱਟਵਰਕ ਲਾਕ ਹੈ)","emergencyCallsOnly-serviceProviderLocked":"(ਸੇਵਾ ਦੇਣ ਵਾਲਾ ਲਾਕ ਹੈ)","emergencyCallsOnly-corporateLocked":"(ਕਾਰਪੋਰੇਟ ਲਾਕ ਹੈ)","emergencyCallsOnly-network1Locked":"(network1 locked)","emergencyCallsOnly-network2Locked":"(network2 locked)","emergencyCallsOnly-hrpdNetworkLocked":"(hrpd network locked)","emergencyCallsOnly-ruimCorporateLocked":"(ruim corporate locked)","emergencyCallsOnly-ruimServiceProviderLocked":"(ruim service provider locked)","enterPIN":"PIN ਦਿਓ","statusbarLabel":"{{date}}, {{operator}}","statusbarDateFormat":"%e %b","notifications":"ਸੂਚਨਾ","clear-all":"ਸਭ ਸਾਫ਼ ਕਰੋ","newVoicemails":{"_index":["plural","n"],"_":{"zero":"ਨਵੀਂ ਵਾਈਸ ਮੇਲ ਨਹੀਂ","one":"ਇੱਕ ਨਵੀਂ ਵਾਈਸ ਮੇਲ","two":"{{n}} ਨਵੀਆਂ ਵਾਈਸ ਮੇਲ","few":"{{n}} ਨਵੀਆਂ ਵਾਈਸ ਮੇਲ","many":"{{n}} ਨਵੀਆਂ ਵਾਈਸ ਮੇਲ","other":"{{n}} ਨਵੀਆਂ ਵਾਈਸ ਮੇਲ"}},"newVoicemailsUnknown":"ਨਵੀਂ ਵਾਈਸ ਮੇਲ","dialNumber":"{{number}} ਡਾਇਲ","voicemailNotificationMultiSim":"(SIM {{n}}) {{title}}","confirmNFCConnectMsg1":"Are you sure you want to connect to the device?","confirmNFCConnectMsg2":"Turn on Bluetooth and connect to the device?","confirmNFCConnectMsg3":"Are you sure you want to connect to {{n}}?","confirmNFCConnectMsg4":"Turn on Bluetooth and connect to {{n}}?","deviceMenu":"ਫੋਨ","airplane":"ਏਅਰਪਲੇਨ ਮੋਡ ਚਾਲੂ ਕਰੋ","airplaneOff":"ਏਅਰਪਲੇਨ ਮੋਡ ਬੰਦ ਕਰੋ","silent":"ਆਉਣ ਵਾਲੀਆਂ ਕਾਲਾਂ ਮੌਨ","normal":"ਆਉਣ ਵਾਲੀਆਂ ਕਾਲਾਂ ਲਈ ਰਿੰਗ ","restart":"ਮੁੜ-ਚਾਲੂ ਕਰੋ","power":"ਬੰਦ ਕਰੋ","asyncpanzoom":"ਐਪਸ ਲਈ APZ ਬੰਦ","asyncpanzoomOff":"ਐਪਸ ਲਈ APZ ਚਾਲੂ","enableScreenReaderSteps":"ਸਕਰੀਨ ਰੀਡਰ ਚਾਲੂ ਕਰਨ ਲਈ, ਵਾਲੀਅਮ ਵਧਾਉਣ ਵਾਲਾ ਬਟਨ ਦੱਬੋ, ਫੇਰ ਵਾਲੀਅਮ ਘਾਟਾਉਣ ਵਾਲਾ ਬਟਨ ਤਿੰਨ ਤੋਂ ਵੱਧ ਵਾਰ ਦੱਬੋ","disableScreenReaderSteps":"ਸਕਰੀਨ ਰੀਡਰ ਬੰਦ ਕਰਨ ਲਈ, ਵਾਲੀਅਮ ਵਧਾਉਣ ਵਾਲਾ ਬਟਨ ਦੱਬਣ ਦੇ ਬਾਅਦ ਵਾਲੀਅਮ ਘਟਾਉਣ ਵਾਲਾ ਬਟਨ ਤਿੰਨ ਤੋ ਵੱਧ ਵਾਰ ਦੱਬੋ","no-recent-apps":"ਕੋਈ ਤਾਜ਼ਾ ਐਪਸ ਨਹੀਂ ਹੈ","yes":"ਹਾਂ","no":"ਨਹੀਂ","dontallow":"Don’t allow","allow":"ਮਨਜ਼ੂਰ","dontshare-geolocation":"ਸਾਂਝਾ ਨਾ ਕਰੋ","share-geolocation":"ਸਾਂਝਾ ਕਰੋ","dontshare-audio-capture":"ਸਾਂਝਾ ਨਾ ਕਰੋ","share-audio-capture":"ਸਾਂਝਾ ਕਰੋ","dontshare-video-capture":"ਸਾਂਝਾ ਨਾ ਕਰੋ","share-video-capture":"ਸਾਂਝਾ ਕਰੋ","dontshare-media-capture":"ਸਾਂਝਾ ਨਾ ਕਰੋ","share-media-capture":"ਸਾਂਝਾ ਕਰੋ","device-front":"ਅੱਗੇ ਵਾਲਾ ਕੈਮਰਾ","device-back":"ਪਿਛਲਾ ਕੈਮਰਾ","remember-my-choice":"ਮੇਰੀ ਚੋਣ ਯਾਦ ਰੱਖੋ","more-info":"…ਹੋਰ ਜਾਣਕਾਰੀ","hide-info":"Hide info","install-app":"{{name}} ਇੰਸਟਾਲ ਕਰਨੀ ਹੈ?","size":"ਆਕਾਰ","author":"ਲੇਖਕ","size-unknown":"ਅਣਜਾਣ","author-unknown":"ਅਣਜਾਣ","install":"ਇੰਸਟਾਲ","bytes":"ਬਾਈਟ","kB":"KB","MB":"MB","GB":"GB","TB":"TB","PB":"PB","app-install-generic-error":"{{ appName }} ਡਾਊਨਲੋਡ ਰੁਕਿਆ","app-install-download-failed":"{{ appName }} ਡਾਊਨਲੋਡ ਫੇਲ੍ਹ ਹੈ","app-install-install-failed":"{{ appName }} ਇੰਸਟਾਲ ਫੇਲ੍ਹ ਹੈ","cancelling-will-not-refund":"ਰੱਦ ਕਰਨ ਨਾਲ ਖਰੀਦ ਲਈ ਰਕਮ ਵਾਪਿਸ ਨਹੀਂ ਹੋਵੇਗੀ। ਸਮੱਗਰੀ ਲਈ ਰਕਮ ਨੂੰ ਅਸਲੀ ਵਿਕਰੇਤਾ ਵਲੋਂ ਵਾਪਿਸ ਕੀਤਾ ਜਾਵੇਗਾ।","apps-can-be-installed-later":"ਐਪਸ ਨੂੰ ਇਸਲ ਇੰਸਟਾਲੇਸ਼ਨ ਸਰੋਤ ਤੋਂ ਬਾਅਦ ਵਿੱਚ ਇੰਸਟਾਲ ਕੀਤਾ ਜਾ ਸਕਦਾ ਹੈ।","are-you-sure-you-want-to-cancel":"ਕੀ ਤੁਸੀਂ ਇਹ ਇੰਸਟਾਲ ਕਰਨਾ ਚਾਹੁੰਦੇ ਹੋ?","cancel-install":"ਇੰਸਟਾਲ ਕਰਨਾ ਰੱਦ ਕਰੋ","cancel-install-button":"Cancel Install","resume":"ਮੁੜ-ਚਾਲੂ","continue":"ਜਾਰੀ ਰੱਖੋ","stopDownloading":"{{ app }} ਡਾਊਨਲੋਡ ਰੋਕਣਾ ਹੈ?","app-download-can-be-restarted":"ਡਾਊਨਲੋਡ ਨੂੰ ਬਾਅਦ ਵਿੱਚ ਮੁੜ-ਸ਼ੁਰੂ ਕੀਤਾ ਜਾ ਸਕਦਾ ਹੈ।","app-download-stop-button":"ਡਾਊਨਲੋਡ ਰੋਕੋ","not-enough-space":"ਲੋੜੀਂਦੀ ਖਾਲੀ ਥਾਂ ਨਹੀਂ ਹੈ","not-enough-space-message":"ਇਹ ਐਪ ਇੰਸਟਾਲ ਕਰਨ ਲਈ ਲੋੜੀਂਦੀ ਥਾਂ ਨਹੀਂ ਹੈ। ਪੁਰਾਣੀਆਂ ਐਪਸ ਜਾਂ ਮੀਡਿਆ ਹਟਾ ਕੇ ਥਾਂ ਖਾਲੀ ਕਰੋ ਅਤੇ ਅਸਲ ਸਰੋਤ ਤੋਂ ਐਪ ਮੁੜ-ਇੰਸਟਾਲ ਕਰਨ ਦੀ ਕੋਸ਼ਿਸ਼  ਕਰੋ।","app-install-success":"{{ appName }} ਇੰਸਟਾਲ ਹੈ","setup":"ਸੈਟਅੱਪ","ime-addkeyboards":"ਕੀਬੋਰਡ ਜੋੜੋ","later":"ਬਾਅਦ 'ਚ","download":"ਡਾਊਨਲੋਡ","wantToDownload":"ਅੱਪਡੇਟ ਹੁਣੇ ਡਾਊਨਲੋਡ ਕਰਨਾ ਹੈ?","wantToInstall":"ਅੱਪਡੇਟ ਹੁਣੇ ਇੰਸਟਾਲ ਕਰਨਾ ਹੈ?","installNow":"ਹੁਣੇ ਇੰਸਟਾਲ ਕਰੋ","notNow":"ਹੁਣੇ ਨਹੀਂ","downloadingUpdateMessage":{"innerHTML":"…ਅੱਪਡੇਟ ਡਾਊਨਲੋਡ ਕੀਤੇ ਜਾ ਰਹੇ ਹਨ<span>{{ progress }} ਡਾਊਨਲੋਡ ਕੀਤੇ।</span>"},"downloadingAppMessage":"{{ appName }} ਡਾਊਨਲੋਡ ਕੀਤੀ ਜਾ ਰਹੀ ਹੈ","downloadingAppProgressNoMax":"{{ progress }} ਡਾਊਨਲੋਡ ਹੈ","downloadingAppProgressIndeterminate":"ਡਾਊਨਲੋਡ ਜਾਰੀ","downloadingAppProgress":"{{ progress }} / {{ max }} ਡਾਊਨਲੋਡ ਕੀਤਾ","cancelAllDownloads":"ਸਭ ਡਾਊਨਲੋਡ ਰੱਦ ਕਰੋ","wantToCancelAll":"ਕੀ ਤੁਸੀਂ ਸਭ ਡਾਊਨਲੋਡ ਰੱਦ ਕਰਨਾ ਚਾਹੁੰਦੇ ਹੋ?","downloadError":"ਅੱਪਡੇਟ ਡਾਊਨਲੋਡ ਕਰਨ ਦੌਰਾਨ ਗਲਤੀ ਆਈ ਹੈ।","updateAvailableInfo":{"innerHTML":{"_index":["plural","n"],"_":{"one":"{{ n }} ਅੱਪਡੇਟ ਉਪਲੱਬਧ ਹੈ। <span>ਹੋਰ ਜਾਣਕਾਰੀ ਲਈ ਛੂਹੋ।</span>","two":"{{ n }} ਅੱਪਡੇਟ ਉਪਲੱਬਧ ਹਨ। <span>ਹੋਰ ਜਾਣਕਾਰੀ ਲਈ ਛੂਹੋ।</span>","few":"{{ n }} ਅੱਪਡੇਟ ਉਪਲੱਬਧ ਹਨ। <span>ਹੋਰ ਜਾਣਕਾਰੀ ਲਈ ਛੂਹੋ।</span>","many":"{{ n }} ਅੱਪਡੇਟ ਉਪਲੱਬਧ ਹਨ। <span>ਹੋਰ ਜਾਣਕਾਰੀ ਲਈ ਛੂਹੋ।</span>","other":"{{ n }} ਅੱਪਡੇਟ ਉਪਲੱਬਧ ਹਨ। <span>ਹੋਰ ਜਾਣਕਾਰੀ ਲਈ ਛੂਹੋ।</span>"}}},"numberOfUpdates":{"_index":["plural","n"],"_":{"one":"{{ n }} ਅੱਪਡੇਟ ਉਪਲੱਬਧ ਹੈ","two":"{{ n }} ਅੱਪਡੇਟ ਉਪਲੱਬਧ ਹਨ","few":"{{ n }} ਅੱਪਡੇਟ ਉਪਲੱਬਧ ਹਨ","many":"{{ n }} ਅੱਪਡੇਟ ਉਪਲੱਬਧ ਹਨ","other":"{{ n }} ਅੱਪਡੇਟ ਉਪਲੱਬਧ ਹਨ"}},"systemUpdate":"ਸਿਸਟਮ ਅੱਪਡੇਟ","systemUpdateReady":"ਸਿਸਟਮ ਅੱਪਡੇਟ ਤਿਆਰ ਹੈ","required":"ਚਾਹੀਦਾ ਹੈ","uncompressingMessage":{"innerHTML":"…ਖਿਲਾਰਿਆ ਜਾ ਰਿਹਾ ਹੈ<span>ਇਸ ਨੂੰ ਕੁਝ ਮਿੰਟ ਲੱਗ ਸਕਦੇ ਹਨ।</span>"},"downloadNoWifiWarning":"ਵਾਈ-ਫਾਈ ਉਪਲੱਬਧ ਨਹੀਂ ਹੈ। ਮੌਜੂਦਾ ਕੁਨੈਕਸ਼ਨ ਉੱਤੇ ਅੱਪਡੇਟ ਕਰਨ ਨਾਲ ਵਾਧੂ ਖਰਚੇ ਹੋ ਸਕਦੇ ਹਨ।","downloadOfflineWarning":"ਕੁਨੈਕਸ਼ਨ ਉਪਲੱਬਧ ਨਹੀਂ ਹੈ। ਅੱਪਡੇਟ ਡਾਊਨਲੋਡ ਕਰਨ ਲਈ ਨੈੱਟਵਰਕ ਨਾਲ ਕੁਨੈਕਟ ਕਰੋ","downloadDataConnectionWarning":"ਅੱਪਡੇਟ ਨੂੰ ਡਾਟਾ ਕੁਨੈਕਸ਼ਨ ਰਾਹੀਂ ਡਾਊਨਲੋਡ ਕੀਤਾ ਜਾਂਦਾ ਹੈ, ਜਦੋਂ ਵਾਈ-ਫਾਈ ਉਪਲੱਬਧ ਨਹੀਂ ਹੁੰਦਾ ਹੈ। ਵਾਧੂ ਡਾਟਾ ਖਰਚਾ ਲਾਗੂ ਹੋ ਸਕਦਾ ਹੈ।","downloadUpdatesViaDataConnection":"ਅੱਪਡੇਟ ਡਾਟਾ ਕੁਨੈਕਸ਼ਨ ਰਾਹੀਂ ਡਾਊਨਲੋਡ ਕਰਨੇ ਹਨ?","downloadUpdatesViaDataConnectionMessage":"ਅੱਪਡੇਟ ਨੂੰ ਡਾਟਾ ਕੁਨੈਕਸ਼ਨ ਰਾਹੀਂ ਡਾਊਨਲੋਡ ਕੀਤਾ ਜਾਂਦਾ ਹੈ, ਜਦੋਂ ਵਾਈ-ਫਾਈ ਉਪਲੱਬਧ ਨਹੀਂ ਹੁੰਦਾ ਹੈ। ਜਦੋਂ ਡਾਟਾ ਕੁਨੈਕਸ਼ਨ ਵਰਤਿਆ ਜਾਂਦਾ ਹੈ ਤਾਂ ਫੋਨ ਕਾਲਾਂ ਉੱਤੇ ਰੋਕ ਲੱਗ ਸਕਦੀ ਹੈ ਅਤੇ ਵਾਧੂ ਖਰਚਾ ਵੀ ਲਾਗੂ ਹੋ ਸਕਦਾ ਹੈ।","screenshotSaved":"ਸਕਰੀਨਸ਼ਾਟ ਗੈਲਰੀ 'ਚ ਸੰਭਾਲਿਆ","screenshotFailed":"ਸਕਰੀਨਸ਼ਾਟ  ਸੰਭਾਲਿਆ ਨਹੀਂ ਜਾ ਸਕਿਆ","screenshotNoSDCard":"ਕੋਈ ਮੈਮੋਰੀ ਕਾਰਡ ਨਹੀਂ ਲੱਭਿਆ","screenshotSDCardInUse":"ਮੈਮੋਰੀ ਕਾਰਡ ਵਰਤੋਂ ਵਿੱਚ ਹੈ","screenshotSDCardLow":"ਮੈਮੋਰੀ ਕਾਰਡ ਉੱਤੇ ਲੋੜੀਂਦੀ ਥਾਂ ਨਹੀਂ ਹੈ","emergency-call-button":"ਐਮਰਜੈਂਸੀ ਕਾਲ","emergency-call":"ਐਮਰਜੈਂਸੀ ਕਾਲ","unlock-a11y-button":{"ariaLabel":"ਲਾਕ ਖੋਲ੍ਹੋ"},"camera-a11y-button":{"ariaLabel":"ਕੈਮਰਾ"},"longDateFormat":"%A, %e %B ","softwareHomeButton":{"ariaLabel":"ਮੁੱਖ ਸਫ਼ਾ"},"login":"ਸਾਇਨ ਇਨ","username":"ਯੂਜ਼ਰ ਨਾਂ","password":"ਪਾਸਵਰਡ","http-authentication-message":"{{host}} ਵਲੋਂ ਯੂਜ਼ਰ-ਨਾਂ ਤੇ ਪਾਸਵਰਡ ਦੀ ਮੰਗ ਕੀਤੀ ਗਈ ਹੈ। ਸਾਈਟ ਸੁਨੇਹਾ ਹੈ: “{{realm}}”","error-message":"{{name}} ਠੀਕ ਤਰ੍ਹਾਂ ਲੋਡ ਨਹੀਂ ਹੋ ਰਿਹਾ ਹੈ","error-title":"{{name}} ਨੂੰ ਸਮੱਸਿਆਵਾਂ ਹਨ","airplane-is-on":"ਏਅਰਪਲੇਨ ਮੋਡ ਚਾਲੂ ਹੈ","airplane-is-turned-on":"{{name}} ਨੂੰ ਨੈੱਟਵਰਕ ਕੁਨਕੈਸ਼ਨ ਚਾਹੀਦਾ ਹੈ। ਸੈਟਿੰਗ ਤੋਂ ਏਅਰਪਲੇਨ ਮੋਡ ਬੰਦ ਕਰੋ ਅਤੇ ਵਾਈ-ਫਾਈ ਜਾਂ ਹੋਰ ਮੋਬਾਇਲ ਡਾਟਾ ਨੈੱਟਵਰਕ ਨਾਲ ਕੁਨੈਕਟ ਕਰੋ।","server-not-found":"ਸਰਵਰ ਨਹੀਂ ਲੱਭਿਆ","server-not-found-error":"{{name}} ਉੱਤੇ ਸਰਵਰ ਲੱਭਿਆ ਨਹੀਂ ਜਾ ਸਕਿਆ।","file-not-found":"File not found","file-not-found-error":"The device can’t display this page because the file cannot be found.","connection-failed":"Unable to connect","connection-failed-error":"A network error occurred while trying to reach the site.","invalid-connection":"Unable to connect","invalid-connection-error":"A network error occurred while trying to reach the site.","malformed-uri":"URL not valid","malformed-uri-error":"The URL entered is not valid and cannot be loaded.","redirect-loop":"Can’t display page","redirect-loop-error":"The device can’t display this page because the page is not redirecting properly. Try this page again at a later time.","not-cached":"Page expired","not-cached-error":"As a security precaution, this page cannot be displayed by the device because it has expired.","is-printing-error":"The document cannot change while Printing or in Print Preview.","denied-port-access":"This address is restricted","denied-port-access-error":"This address uses a network port which is normally used for purposes other than Web browsing. The device has cancelled the request for your protection.","proxy-resolve-failure":"Proxy Server Error","proxy-resolve-failure-error":"The device is configured to use a proxy server that can’t be found.","proxy-connect-failure":"Proxy Server Error","proxy-connect-failure-error":"The device is configured to use a proxy server that is refusing connections.","content-encoding":"Can’t display page","content-encoding-error":"The device can’t display this page because a content encoding error occurred.","remote-xul":"Page unsupported","remote-xul-error":"This page can’t be displayed because it uses a technology that is not supported on the device.","phishing-blocked":"Warning","phishing-blocked-error":"The website has been reported as a web forgery designed to trick users into sharing personal or financial information.","malware-blocked":"Malware attack blocked","malware-blocked-error":"The site at has been reported as an attack site and has been blocked.","unsafe-content-type":"Unsafe content","unsafe-content-type-error":"The page cannot be shown because it may not be safe to open.","corrupted-content":"Can’t display page","corrupted-content-error":"The page cannot be shown because an error in the data transmission was detected.","network-connection-unavailable":"ਨੈੱਟਵਰਕ ਕੁਨੈਕਸ਼ਨ ਉਪਲੱਬਧ ਨਹੀਂ ਹੈ","network-error":"{{name}} ਲਈ ਨੈੱਟਵਰਕ ਕੁਨੈਕਸ਼ਨ ਦੀ ਲੋੜ ਹੈ। ਵਾਈ-ਫਾਈ ਜਾਂ ਮੋਬਾਇਲ ਡਾਟਾ ਨੈੱਟਵਰਕ ਨਾਲ ਕੁਨੈਕਟ ਕਰਨ ਦੀ ਕੋਸ਼ਿਸ਼ ਕਰੋ।","network-error-launching":"{{name}} requires an Internet connection.","network-error-in-app":"No access to the Internet right now.","unable-to-connect":"ਕੁਨੈਕਟ ਕਰਨ ਲਈ ਅਸਮਰੱਥ","try-again":"ਮੁੜ-ਕੋਸ਼ਿਸ਼","check-settings":"Check settings","tap-to-check-settings":"Tap to check settings","select-time":"ਸਮਾਂ ਚੁਣੋ","choose-option":"ਚੁਣੋ","choose-options":"ਚੁਣੋ","select-day":"ਦਿਨ ਚੁਣੋ","battery-almost-empty":"ਬੈਟਰੀ ਲਗਭਗ ਖਤਮ ਹੋ ਗਈ","add-to-home-screen":"ਮੁੱਖ ਸਕਰੀਨ ਤੇ ਜੋੜੋ","crash-dialog2-os":"{{brandShortName}} ਨਸ਼ਟ ਹੋਣ ਦੇ ਬਾਅਦ ਮੁੜ-ਪ੍ਰਾਪਤ ਕੀਤਾ ਗਿਆ","crash-dialog-app":"{{name}} ਨਸ਼ਟ ਹੋਈ","crash-dialog-message":"ਕੀ ਤੁਸੀਂ ਸਮੱਸਿਆ ਨੂੰ ਹੱਲ਼ ਕਰਨ ਵਾਸਤੇ ਕਰੈਸ਼ ਦੇ ਬਾਰੇ ਜਾਣਕਾਰੀ ਮੋਜ਼ੀਲਾ ਨੂੰ ਭੇਜਣਾ ਚਾਹੁੰਦੇ ਹੋ? (ਰਿਪੋਰਟਾਂ ਕੇਵਲ ਵਾਈ-ਫਾਈ ਉੱਤੇ ਹੀ ਭੇਜੀਆਂ ਜਾਂਦੀਆਂ ਹਨ।)","crash-info-link":"ਨਸ਼ਟ ਰਿਪੋਰਟ ਵਿੱਚ ਕੀ ਹੈ?","crash-always-report":"ਜਦੋਂ ਵੀ ਨਸ਼ਟ ਹੋਵੇ ਤਾਂ ਹਮੇਸ਼ਾ ਮੋਜ਼ੀਲਾ ਨੂੰ ਰਿਪੋਰਟ ਭੇਜੋ।","crash-dont-send":"ਨਾ ਭੇਜੋ","crash-end":"ਰਿਪੋਰਟ ਭੇਜੋ","crashReports":"ਕਰੈਸ਼ ਰਿਪੋਰਟ","done":"ਮੁਕੰਮਲ","crash-reports-description-1":"ਕਰੈਸ਼ ਰਿਪੋਰਟ ਵਿੱਚ ਕਰੈਸ਼ ਤੇ ਤੁਹਾਡੇ ਜੰਤਰ ਦੇ ਬਾਰੇ ਕੁਝ ਵੇਰਵੇ ਦੇ ਨਾਲ ਨਾਲ ਤੁਹਾਡੇ ਜੰਤਰ ਦੀ ਉਹ ਹਾਲਤ, ਜਦੋਂ ਇਹ ਕਰੈਸ਼ ਹੋਇਆ ਸੀ ਦਾ ਸਨੈਪਸ਼ਾਟ ਹੁੰਦਾ ਹੈ।","crash-reports-description-2":"ਇਸ ਵਿੱਚ ਖੁੱਲ੍ਹੇ ਸਫ਼ੇ ਤੇ ਐਪਸ, ਫਾਰਮ ਵਿੱਚ ਲਿਖਿਆ ਪਾਠ ਅਤੇ ਖੁੱਲ੍ਹੇ ਸੁਨੇਹਿਆਂ ਦੀ ਸਮਗੱਰੀ, ਤਾਜ਼ਾ ਬਰਾਊਜ਼ਿੰਗ ਅਤੀਤ ਜਾਂ ਖੁੱਲ੍ਹੀ ਐਪ ਵਲੋਂ ਵਰਤਿਆ ਭੂਗੋਲਿਕ-ਟਿਕਾਣਾ ਹੁੰਦਾ ਹੈ।","crash-reports-description-3-start":"ਅਸੀਂ ਕਰੈਸ਼ ਰਿਪੋਰਟ ਨੂੰ ਸਾਡੇ ਉਤਪਾਦ ਵਿੱਚ ਸਮੱਸਿਆਵਾਂ ਠੀਕ ਕਰਨ ਤੇ ਸੁਧਾਰ ਕਰਨ ਲਈ ਵਰਤਦੇ ਹਾਂ। ਅਸੀਂ ਤੁਹਾਡੀ ਜਾਣਕਾਰੀ ਨੂੰ ਸਾਡੇ ਵਲੋਂ ","crash-reports-description-3-privacy":"ਪਰਦੇਦਾਰੀ ਨੀਤੀ","crash-reports-description-3-end":"ਦੇ ਤਹਿਤ ਵਰਤਦੇ ਹਾਂ।","crash-banner-os2":"{{brandShortName}} ਕਰੈਸ਼ ਹੋਇਆ ਹੈ।","crash-banner-app":"{{name}} ਹੁਣੇ ਕਰੈਸ਼ ਹੋਈ।","crash-banner-report":"ਰਿਪੋਰਟ","bluetooth-sending-progress":"..ਬਲਿਊਟੁੱਥ ਟਰਾਂਸਫਰ ਭੇਜਿਆ ਜਾ ਰਿਹਾ ਹੈ","bluetooth-receiving-progress":"..ਬਲਿਊਟੁੱਥ ਟਰਾਂਸਫਰ ਪ੍ਰਾਪਤ ਕੀਤਾ ਜਾ ਰਿਹਾ ਹੈ","acceptFileTransfer":"ਬਲਿਊਟੁੱਥ ਫਾਇਲ ਟਰਾਂਸਫਰ ਮਨਜ਼ੂਰ ਕਰਨਾ ਹੈ?","wantToReceiveFile":"{{deviceName}} {{fileName}} ({{fileSize}}) ਟਰਾਂਸਫਰ ਕਰਨਾ ਚਾਹੁੰਦਾ ਹੈ।","transfer-confirmation-title":"{{deviceName}}","transfer-confirmation-description":"ਟਰਾਂਸਫਰ ਬੇਨਤੀ ਦੀ ਪੜਤਾਲ।","byteUnit-B":"B","byteUnit-KB":"KB","byteUnit-MB":"MB","byteUnit-GB":"GB","byteUnit-TB":"TB","byteUnit-PB":"PB","byteUnit-EB":"EB","byteUnit-ZB":"ZB","byteUnit-YB":"YB","fileSize":"{{size}} {{unit}}","deny":"ਇਨਕਾਰ","transfer":"ਟਰਾਂਸਫਰ","cancelFileTransfer":"ਬਲਿਊਟੁੱਥ ਫਾਇਲ ਟਰਾਂਸਫਰ ਰੱਦ ਕਰਨਾ ਹੈ?","continueFileTransfer":"Continue","transfer-has-started-title":"ਟਰਾਂਸਫਰ ਸ਼ੁਰੂ ਕੀਤਾ ਜਾ ਚੁੱਕਾ ਹੈ","transfer-has-started-description":"ਤਰੱਕੀ ਸੂਚਨਾ ਕੇਂਦਰ ਵਿੱਚ ਵੇਖੋ","transferFinished-sentSuccessful-title":"ਫਾਇਲ ਭੇਜੀ","transferFinished-receivedSuccessful-title":"ਫਾਇਲ ਪ੍ਰਾਪਤ ਕੀਤੀ","transferFinished-sentFailed-title":"ਫਾਇਲ ਭੇਜੀ ਨਹੀਂ ਜਾ ਸਕੀ","transferFinished-receivedFailed-title":"ਫਾਇਲ ਪ੍ਰਾਪਤ ਨਹੀਂ ਕੀਤੀ ਜਾ ਸਕੀ","transferReport-title":"ਟਰਾਂਸਫਰ ਰਿਪਰੋਟ:","transferReport-description":"{{numSuccessful}} ਫਾਇਲਾਂ ਠੀਕ ਤਰ੍ਹਾਂ,, {{numUnsuccessful}} ਫਾਇਲਾਂ ਅਸਫ਼ਲ","unknown-file":"ਅਣਜਾਣ ਫਾਇਲ","unknown-device":"ਅਣਜਾਣ ਜੰਤਰ","cannotOpenFile":"ਪ੍ਰਾਪਤ ਹੋਈ ਫਾਇਲ ਖੋਲ੍ਹੀ ਨਹੀਂ ਜਾ ਸਕਦੀ","unknownMediaTypeToOpen":"ਅਣਝਾਣ ਮੀਡਿਆ ਕਿਸਮ ਖੋਲ੍ਹੀ ਨਹੀਂ ਜਾ ਸਕਦੀ:","cannotReceiveFile":"ਫਾਇਲ ਪ੍ਰਾਪਤ ਨਹੀਂ ਕੀਤੀ ਜਾ ਸਕਦੀ","cannotGetStorageState":"ਜੰਤਰ ਸਟੋਰੇਜ਼ ਸਥਿਤੀ ਪ੍ਰਾਪਤ ਨਹੀਂ ਕੀਤੀ ਜਾ ਸਕਦੀ","sdcard-not-exist2":"ਕੋਈ ਮੈਮੋਰੀ ਕਾਰਡ ਨਹੀਂ ਮਿਲਿਆ। ਮੈਮੋਰੀ ਕਾਰਡ ਪਾਉ ਜੀ।","sdcard-in-use":"ਫੋਨ ਦਾ ਪਲੱਗ ਲੱਗਾ ਹੋਣ ਦੇ ਦੌਰਾਨ ਬਲਿਊਟੁੱਥ ਦੀ ਵਰਤੋਂ ਨਹੀਂ ਕੀਤੀ ਜਾ ਸਕਦੀ। ਫਾਇਲਾਂ ਪ੍ਰਾਪਤ ਕਰਨ ਲਈ ਫੋਨ ਦਾ ਪਲੱਗ ਕੱਢੋ ਜੀ।","sdcard-no-space2":"ਟਰਾਂਸਫਰ ਪੂਰਾ ਨਹੀਂ ਹੋ ਸਕਿਆ: ਮੈਮੋਰੀ ਕਾਰਡ ਭਰ ਗਿਆ ਹੈ।","unknown-error":"ਅਣਜਾਣ ਗਲਤੀ","confirm":"ਪੁਸ਼ਟੀ","microphone-is-on":"ਮਾਈਕ ਚਾਲੂ ਹੈ","camera-is-on":"ਕੈਮਰਾ ਚਾਲੂ ਹੈ","media-is-on":"ਕੈਮਰਾ ਤੇ ਮਾਈਕ ਚਾਲੂ ਹੈ","noSimCard":"ਸਿਮ ਕਾਰਡ ਨਹੀਂ ਹੈ","simPin":"ਸਿਮ ਪਿੰਨ","pukCode":"PUK ਕੋਡ","nckCode":"NCK ਕੋਡ","cckCode":"CCK ਕੋਡ","spckCode":"SPCK ਕੋਡ","nck1code":"NCK1 code","nck2code":"NCK2 code","hnckcode":"HNCK code","rcckcode":"RCCK code","rspckcode":"RSPCK code","whatIsSimPin":"ਸਿਮ ਪਿੰਨ ਕੀ ਹੁੰਦਾ ਹੈ?","simPinIntro1":"SIM ਪਿੰਨ ਸਿਮ ਕਾਰਡ ਸੈਲੂਲਰ ਡਾਟਾ ਨੈੱਟਵਰਕ ਨੂੰ ਵਰਤਣ ਤੋਂ ਰੋਕਦਾ ਹੈ। ਜੇ ਇਹ ਚਾਲੂ ਹੈ ਤਾਂ ਸਿਮ ਕਾਰਡ ਰੱਖਣ ਵਾਲੇ ਕਿਸੇ ਵੀ ਜੰਤਰ ਤੋਂ ਮੁੜ-ਚਾਲੂ ਕਰਨ ਉੱਤੇ ਪਿੰਨ ਦੀ ਮੰਗ ਕੀਤੀ ਜਾਵੇਗੀ।","simPinIntro2":"SIM ਪਿੰਨ ਜੰਤਰ ਨੂੰ ਅਣ-ਲਾਕ ਕਰਨ ਲਈ ਵਰਤਿਆ ਜਾਂਦਾ ਪਾਸ-ਕੋਡ ਨਹੀਂ ਹੈ।","changeSimPin":"PIN ਬਦਲੋ","pinTitle":"Enter SIM PIN","multiSIMpinTitle":"SIM {{n}} PIN ਦਿਉ","pukTitle":"PUK ਕੋਡ ਦਿਓ","nckTitle":"NCK ਕੋਡ ਦਿਓ","cckTitle":"CCK ਕੋਡ ਦਿਓ","spckTitle":"SPCK ਕੋਡ ਦਿਓ","nck1Title":"Enter NCK1 code","nck2Title":"Enter NCK2 code","hnckTitle":"Enter HNCK code","rcckTitle":"Enter RCCK code","rspckTitle":"Enter RSPCK code","newpinTitle":"ਨਵਾਂ PIN","inputCodeRetriesLeft":{"_index":["plural","n"],"_":{"one":"ਆਖਰੀ ਕੋਸ਼ਿਸ਼","two":"{{n}} ਕੋਸ਼ਿਸ਼ਾਂ ਬਾਕੀ।","few":"{{n}} ਕੋਸ਼ਿਸ਼ਾਂ ਬਾਕੀ।","many":"{{n}} ਕੋਸ਼ਿਸ਼ਾਂ ਬਾਕੀ।","other":"{{n}} ਕੋਸ਼ਿਸ਼ਾਂ ਬਾਕੀ।"}},"pinErrorMsg":"ਪਿੰਨ ਗਲਤ ਹੈ।","pinAttemptMsg2":{"_index":["plural","n"],"_":{"one":"ਤੁਹਾਡੇ ਕੋਲ ਸਿਮ ਕਾਰਡ ਨੂੰ ਲਾਕ ਹੋਣ ਤੋਂ ਪਹਿਲਾਂ ਠੀਕ ਕੋਡ ਦੇਣ ਦੀ ਇੱਕ ਕੋਸ਼ਿਸ਼ ਬਾਕੀ ਬਚੀ ਹੈ।","two":"ਤੁਹਾਡੇ ਕੋਲ ਸਿਮ ਕਾਰਡ ਨੂੰ ਲਾਕ ਹੋਣ ਤੋਂ ਪਹਿਲਾਂ ਠੀਕ ਕੋਡ ਦੇਣ ਦੀਆਂ {{n}} ਕੋਸ਼ਿਸ਼ ਬਾਕੀ ਬਚੀਆਂ ਹਨ।","few":"ਤੁਹਾਡੇ ਕੋਲ ਸਿਮ ਕਾਰਡ ਨੂੰ ਲਾਕ ਹੋਣ ਤੋਂ ਪਹਿਲਾਂ ਠੀਕ ਕੋਡ ਦੇਣ ਦੀਆਂ {{n}} ਕੋਸ਼ਿਸ਼ ਬਾਕੀ ਬਚੀਆਂ ਹਨ।","many":"ਤੁਹਾਡੇ ਕੋਲ ਸਿਮ ਕਾਰਡ ਨੂੰ ਲਾਕ ਹੋਣ ਤੋਂ ਪਹਿਲਾਂ ਠੀਕ ਕੋਡ ਦੇਣ ਦੀਆਂ {{n}} ਕੋਸ਼ਿਸ਼ ਬਾਕੀ ਬਚੀਆਂ ਹਨ।","other":"ਤੁਹਾਡੇ ਕੋਲ ਸਿਮ ਕਾਰਡ ਨੂੰ ਲਾਕ ਹੋਣ ਤੋਂ ਪਹਿਲਾਂ ਠੀਕ ਕੋਡ ਦੇਣ ਦੀਆਂ {{n}} ਕੋਸ਼ਿਸ਼ ਬਾਕੀ ਬਚੀਆਂ ਹਨ।"}},"pinLastChanceMsg":"ਇਹ ਤੁਹਾਡੇ ਕੋਲ ਠੀਕ ਪਿੰਨ ਦਾ ਆਖਰੀ ਮੌਕਾ ਹੈ। ਨਹੀਂ ਤਾਂ ਤੁਹਾਨੂੰ ਇਹ ਸਿਮ ਕਾਰਡ ਨੂੰ ਵਰਤਣ ਲਈ PUK ਕੋਡ ਦੇਣਾ ਪਵੇਗਾ।","simCardLockedMsg":"SIM ਕਾਰਡ ਬਲਾਕ ਹੈ।","enterPukMsg":"ਤੁਹਾਨੂੰ ਸਿਮ ਕਾਰਡ ਲਈ ਪਰਸਨਲ ਅਣਲਾਕਿੰਗ ਕੀ (PUK) ਕੋਡ ਦੇਣਾ ਪਵੇਗਾ। ਆਪਣੇ ਸਿਮ ਦਸਤਾਵੇਜ਼ ਨੂੰ ਵੇਖੋ ਜਾਂ ਆਪਣੇ ਕੈਰੀਅਰ ਨਾਲ ਹੋਰ ਜਾਣਕਾਰੀ ਲਈ ਸੰਪਰਕ ਕਰੋ।","pukErrorMsg":"PUK ਕੋਡ ਗਲਤ ਹੈ","pukAttemptMsg2":{"_index":["plural","n"],"_":{"one":"ਤੁਹਾਡੇ ਕੋਲ ਠੀਕ ਕੋਡ ਦੇਣ ਦੀ ਕੇਵਲ ਇੱਕ ਹੀ ਕੋਸ਼ਿਸ਼ ਬਾਕੀ ਬਚੀ ਹੈ, ਜਿਸ ਤੋਂ ਬਾਅਦ ਸਿਮ ਕਾਰਡ ਪੱਕੇ ਤੌਰ ਉੱਤੇ ਬੇਕਾਰ ਹੋ ਜਾਵੇਗਾ। ਆਪਣੇ ਸਿਮ ਦਸਤਾਵੇਜ਼ ਨੂੰ ਵੇਖੋ ਜਾਂ ਆਪਣੇ ਕੈਰੀਅਰ ਨਾਲ ਹੋਰ ਜਾਣਕਾਰੀ ਲਈ ਸੰਪਰਕ ਕਰੋ।","two":"ਤੁਹਾਡੇ ਕੋਲ ਠੀਕ ਕੋਡ ਦੇਣ ਦੀ {{n}} ਕੋਸ਼ਿਸ਼ਾਂ ਬਾਕੀ ਬਚੀਆਂ ਹਨ, ਜਿਸ ਤੋਂ ਬਾਅਦ ਸਿਮ ਕਾਰਡ ਪੱਕੇ ਤੌਰ ਉੱਤੇ ਬੇਕਾਰ ਹੋ ਜਾਵੇਗਾ। ਆਪਣੇ ਸਿਮ ਦਸਤਾਵੇਜ਼ ਨੂੰ ਵੇਖੋ ਜਾਂ ਆਪਣੇ ਕੈਰੀਅਰ ਨਾਲ ਹੋਰ ਜਾਣਕਾਰੀ ਲਈ ਸੰਪਰਕ ਕਰੋ।","few":"ਤੁਹਾਡੇ ਕੋਲ ਠੀਕ ਕੋਡ ਦੇਣ ਦੀ {{n}} ਕੋਸ਼ਿਸ਼ਾਂ ਬਾਕੀ ਬਚੀਆਂ ਹਨ, ਜਿਸ ਤੋਂ ਬਾਅਦ ਸਿਮ ਕਾਰਡ ਪੱਕੇ ਤੌਰ ਉੱਤੇ ਬੇਕਾਰ ਹੋ ਜਾਵੇਗਾ। ਆਪਣੇ ਸਿਮ ਦਸਤਾਵੇਜ਼ ਨੂੰ ਵੇਖੋ ਜਾਂ ਆਪਣੇ ਕੈਰੀਅਰ ਨਾਲ ਹੋਰ ਜਾਣਕਾਰੀ ਲਈ ਸੰਪਰਕ ਕਰੋ।","many":"ਤੁਹਾਡੇ ਕੋਲ ਠੀਕ ਕੋਡ ਦੇਣ ਦੀ {{n}} ਕੋਸ਼ਿਸ਼ਾਂ ਬਾਕੀ ਬਚੀਆਂ ਹਨ, ਜਿਸ ਤੋਂ ਬਾਅਦ ਸਿਮ ਕਾਰਡ ਪੱਕੇ ਤੌਰ ਉੱਤੇ ਬੇਕਾਰ ਹੋ ਜਾਵੇਗਾ। ਆਪਣੇ ਸਿਮ ਦਸਤਾਵੇਜ਼ ਨੂੰ ਵੇਖੋ ਜਾਂ ਆਪਣੇ ਕੈਰੀਅਰ ਨਾਲ ਹੋਰ ਜਾਣਕਾਰੀ ਲਈ ਸੰਪਰਕ ਕਰੋ।","other":"ਤੁਹਾਡੇ ਕੋਲ ਠੀਕ ਕੋਡ ਦੇਣ ਦੀ {{n}} ਕੋਸ਼ਿਸ਼ਾਂ ਬਾਕੀ ਬਚੀਆਂ ਹਨ, ਜਿਸ ਤੋਂ ਬਾਅਦ ਸਿਮ ਕਾਰਡ ਪੱਕੇ ਤੌਰ ਉੱਤੇ ਬੇਕਾਰ ਹੋ ਜਾਵੇਗਾ। ਆਪਣੇ ਸਿਮ ਦਸਤਾਵੇਜ਼ ਨੂੰ ਵੇਖੋ ਜਾਂ ਆਪਣੇ ਕੈਰੀਅਰ ਨਾਲ ਹੋਰ ਜਾਣਕਾਰੀ ਲਈ ਸੰਪਰਕ ਕਰੋ।"}},"pukLastChanceMsg":"ਠੀਕ PUK ਕੋਡ ਦੇਣ ਦਾ ਆਖਰੀ ਮੌਕਾ ਹੈ। ਜੇ ਤੁਸੀਂ ਗਲਤ PUK ਦਿੱਤਾ ਤਾਂ ਤੁਹਾਡਾ ਸਿਮ ਪੱਕੇ ਤੌਰ ਉੱਤੇ ਖਰਾਬ ਹੋ ਜਾਵੇਗਾ। ਆਪਣੇ ਸਿਮ ਦਸਤਾਵੇਜ਼ ਨੂੰ ਵੇਖੋ ਜਾਂ ਆਪਣੇ ਕੈਰੀਅਰ ਨਾਲ ਹੋਰ ਜਾਣਕਾਰੀ ਲਈ ਸੰਪਰਕ ਕਰੋ।","newSimPinMsg":"ਪਿੰਨ ਬਣਾਓ (4 ਤੋਂ 8 ਅੰਕਾਂ ਦਾ ਹੋਣਾ ਚਾਹੀਦਾ ਹੈ)","confirmNewSimPinMsg":"ਨਵੇਂ ਪਿੰਨ ਦੀ ਪੁਸ਼ਟੀ","newPinErrorMsg":"ਪਿੰਨ ਮਿਲਦੇ ਨਹੀਂ ਹਨ","nckErrorMsg":"NCK ਕੋਡ ਗਲਤ ਹੈ।","nckAttemptMsg2":{"_index":["plural","n"],"_":{"one":"ਨੈੱਟਵਰਕ ਡੀ-ਪਰਨਸਲਾਈਜ਼ ਬੇਨਤੀ ਫੇਲ੍ਹ ਹੈ। ਤੁਹਾਡੇ ਕੋਲ ਕੋਡ ਦੇਣ ਲਈ ਇੱਕ ਮੌਕਾ ਬਚਿਆ ਹੈ। ਹੋਰ ਜਾਣਕਾਰੀ ਲਈ ਆਪਣੇ ਜੰਤਰ ਦੇ ਦਸਤਾਵੇਜ਼ ਵੇਖੋ ਜਾਂ ਆਪਣੇ ਕੈਰੀਅਰ ਨਾਲ ਸੰਪਰਕ ਕਰੋ।","two":"ਨੈੱਟਵਰਕ ਡੀ-ਪਰਨਸਲਾਈਜ਼ ਬੇਨਤੀ ਫੇਲ੍ਹ ਹੈ। ਤੁਹਾਡੇ ਕੋਲ ਕੋਡ ਦੇਣ ਲਈ {{n}} ਮੌਕੇ ਬਚੇ ਹਨ। ਹੋਰ ਜਾਣਕਾਰੀ ਲਈ ਆਪਣੇ ਜੰਤਰ ਦੇ ਦਸਤਾਵੇਜ਼ ਵੇਖੋ ਜਾਂ ਆਪਣੇ ਕੈਰੀਅਰ ਨਾਲ ਸੰਪਰਕ ਕਰੋ।","few":"ਨੈੱਟਵਰਕ ਡੀ-ਪਰਨਸਲਾਈਜ਼ ਬੇਨਤੀ ਫੇਲ੍ਹ ਹੈ। ਤੁਹਾਡੇ ਕੋਲ ਕੋਡ ਦੇਣ ਲਈ {{n}} ਮੌਕੇ ਬਚੇ ਹਨ। ਹੋਰ ਜਾਣਕਾਰੀ ਲਈ ਆਪਣੇ ਜੰਤਰ ਦੇ ਦਸਤਾਵੇਜ਼ ਵੇਖੋ ਜਾਂ ਆਪਣੇ ਕੈਰੀਅਰ ਨਾਲ ਸੰਪਰਕ ਕਰੋ।","many":"ਨੈੱਟਵਰਕ ਡੀ-ਪਰਨਸਲਾਈਜ਼ ਬੇਨਤੀ ਫੇਲ੍ਹ ਹੈ। ਤੁਹਾਡੇ ਕੋਲ ਕੋਡ ਦੇਣ ਲਈ {{n}} ਮੌਕੇ ਬਚੇ ਹਨ। ਹੋਰ ਜਾਣਕਾਰੀ ਲਈ ਆਪਣੇ ਜੰਤਰ ਦੇ ਦਸਤਾਵੇਜ਼ ਵੇਖੋ ਜਾਂ ਆਪਣੇ ਕੈਰੀਅਰ ਨਾਲ ਸੰਪਰਕ ਕਰੋ।","other":"ਨੈੱਟਵਰਕ ਡੀ-ਪਰਨਸਲਾਈਜ਼ ਬੇਨਤੀ ਫੇਲ੍ਹ ਹੈ। ਤੁਹਾਡੇ ਕੋਲ ਕੋਡ ਦੇਣ ਲਈ {{n}} ਮੌਕੇ ਬਚੇ ਹਨ। ਹੋਰ ਜਾਣਕਾਰੀ ਲਈ ਆਪਣੇ ਜੰਤਰ ਦੇ ਦਸਤਾਵੇਜ਼ ਵੇਖੋ ਜਾਂ ਆਪਣੇ ਕੈਰੀਅਰ ਨਾਲ ਸੰਪਰਕ ਕਰੋ।"}},"nckLastChanceMsg":"ਨੈੱਟਵਰਕ ਡੀ-ਪਰਨਸਲਾਈਜ਼ ਬੇਨਤੀ ਫੇਲ੍ਹ ਹੈ। ਤੁਹਾਡੇ ਕੋਲ ਕੋਡ ਦੇਣ ਲਈ ਆਖਰੀ ਮੌਕਾ ਹੈ। ਹੋਰ ਜਾਣਕਾਰੀ ਲਈ ਆਪਣੇ ਜੰਤਰ ਦੇ ਦਸਤਾਵੇਜ਼ ਵੇਖੋ ਜਾਂ ਆਪਣੇ ਕੈਰੀਅਰ ਨਾਲ ਸੰਪਰਕ ਕਰੋ।","activity-pick":"ਇਸ ਵਿੱਚੋਂ ਚੁਣੋ:","activity-view":"ਇਸ ਨਾਲ ਵੇਖੋ:","activity-test":"ਇਸ ਨਾਲ ਟੈਸਟ:","activity-share":"ਇਸ ਨਾਲ ਸਾਂਝਾ:","activity-new":"ਇਸ ਨਾਲ ਬਣਾਓ:","activity-open":"ਇਸ ਨਾਲ ਖੋਲ੍ਹੋ:","activity-save-bookmark":"ਬੁੱਕਮਾਰਕ:","activity-record":"ਇਸ ਤੋਂ ਰਿਕਾਰਡ:","activity-browse":"ਇਸ ਨਾਲ ਝਲਕ:","activity-configure":"ਇਸ ਨਾਲ ਸੰਰਚਨਾ:","activity-dial":"ਡਾਇਲ ਇਸ ਤੋਂ:","persona-signin":"ਸਾਇਨ ਇਨ","payment-flow":"ਖਰੀਦੋ","remoteDebuggerMessage":"ਰਿਮੋਟ ਡੀਬੱਗ ਕੁਨੈਕਸ਼ਨ ਲਈ ਆਉਣ ਵਾਲੀ ਬੇਨਤੀ ਖੋਜੀ ਗਈ ਹੈ। ਕੀ ਕੁਨੈਕਸ਼ਨ ਮਨਜ਼ੂਰ ਕਰਨਾ ਹੈ?","fullscreen-request":"{{origin}} ਹੁਣ ਪੂਰੀ ਸਕਰੀਨ ਉੱਤੇ ਹੈ।","captive-wifi-available":"ਨੈੱਟਵਰਕ {{networkName}} ਨਹੀਂ ਲੱਭਿਆ। ਨੈੱਟਵਰਕ ਨਾਲ ਜੁੜਨਾ ਹੈ?","ceWarningtitle":"ਵਾਲੀਅਮ ਚੇਤਾਵਨੀ","ceWarningcontent":"ਸੁਣਨ ਤੋਂ ਹੋਣ ਵਾਲੇ ਨੁਕਸਾਨ ਤੋਂ ਬਚਣ ਲਈ, ਉੱਚੀ ਆਵਾਜ਼ੀ ਵਿੱਚ ਜ਼ਿਆਦਾ ਦੇਰ ਨਾ ਸੁਣੋ।","notification-powersaving-mode-on-title":"ਊਰਜਾ ਬੱਚਤ ਮੋਡ","notification-powersaving-mode-on-description":"ਊਰਜਾ ਬੱਚਤ ਮੋਡ ਚਾਲੂ ਹੈ।","low-device-storage":"Device space low.\\n","free-space":{"_index":["plural","value"],"_":{"zero":"ਕੋਈ ਖਾਲੀ ਥਾਂ ਬਾਕੀ ਨਹੀਂ ਬਚੀ ਹੈ।","one":"{{value}} {{unit}} ਤੋਂ ਘੱਟ ਥਾਂ ਬਾਕੀ ਬਚੀ ਹੈ।","two":"{{value}} {{unit}} ਤੋਂ ਘੱਟ ਥਾਂ ਬਾਕੀ ਬਚੀ ਹੈ।","few":"{{value}} {{unit}} ਤੋਂ ਘੱਟ ਥਾਂ ਬਾਕੀ ਬਚੀ ਹੈ।","many":"{{value}} {{unit}} ਤੋਂ ਘੱਟ ਥਾਂ ਬਾਕੀ ਬਚੀ ਹੈ।","other":"{{value}} {{unit}} ਤੋਂ ਘੱਟ ਥਾਂ ਬਾਕੀ ਬਚੀ ਹੈ।"}},"unknown-free-space":"ਅਣਜਾਣ ਖਾਲੀ ਥਾਂ ਬਾਕੀ ਬਚੀ ਹੈ।","system-alert":"ਸਿਸਟਮ ਚੇਤਾਵਨੀ","cb-channel":"ਚੈਨਲ{{channel}}","icc-message-title":"ਸਿਮ {{id}} ਤੋਂ ਓਪਰੇਟਰ ਸੁਨੇਹਾ","icc-confirmCall-defaultmessage":"{{number}} ਨੂੰ ਕਾਲ ਕਰਨੀ ਹੈ?","icc-alertMessage-defaultmessage":"ਸੁਨੇਹਾ ਭੇਜਿਆ ਜਾ ਰਿਹਾ ਹੈ","icc-confirmMessage-defaultmessage":"ਸੁਨੇਹਾ ਭੇਜਣਾ ਹੈ?","icc-inputbox-title":"ਸਿਮ {{id}} ਤੋਂ STK ਕਿਊਰੀ","emergency-callback-mode":"ਐਮਰਜੈਂਸੀ ਕਾਲ ਬੈਕ ਮੋਡ","emergency-callback-message":"ਤੁਸੀਂ ਕਾਲ ਨਹੀਂ ਕਰ ਸਕਦੇ, ਸੁਨੇੇਹੇ ਨਹੀਂ ਭੇਜ ਸਕਦੇ ਜਾਂ ਆਨਲਾਈਨ ਹੋ ਸਕਦੇ, ਕਿਉਂਕਿ ਐਮਰਜੈਂਸੀ ਕਾਲਬੈਕ ਮੋਡ ਚਾਲੂ ਹੈ। ਕੀ ਤੁਸੀਂ ਇਸ ਨੂੰ ਬੰਦ ਕਰਨਾ ਚਾਹੁੰਦੇ ਹੋ?","cdma-record-info":"CDMA ਰਿਕਾਰਡ ਜਾਣਕਾਰੀ","ime-switching-title":"{{appName}}: {{name}}","ime-switching-tip":"ਇੰਪੁੱਟ ਢੰਗ ਬਦਲਣ ਲਈ ਛੂਹੋ","layout-selection":"ਲੇਆਉਟ ਚੁਣੋ","shrinking-tip":"ਸਾਂਝਾ ਕਰਨ ਲਈ ਘਸਾਓ","download_started":"ਡਾਊਨਲੋਡ ਸ਼ੁਰੂ ਹੋਇਆ","download_stopped":"ਡਾਊਨਲੋਡ ਰੋਕਿਆ","download_downloading":"…ਡਾਊਨਲੋਡ ਜਾਰੀ ਹੈ","download_succeeded":"ਡਾਊਨਲੋਡ ਪੂਰਾ ਹੋਇਆ","download_failed":"ਡਾਊਨਲੋਡ ਫੇਲ੍ਹ ਹੈ","download_text_by_default":"{{name}}","download_downloading_text_2":"{{percentage}}% - {{name}}","search-or-enter-address":{"_":"Search or enter address","placeholder":"Search or enter address"},"noSIMCardInHotspot":"SIM ਮੌਜੂਦ ਨਹੀਂ ਹੈ ਜਾਂ ਗਲਤ ਢੰਗ ਨਾਲ ਪਾਇਆ ਗਿਆ ਹੈ, ਇਸਕਰਕੇ ਹਾਟ-ਸਪਾਟ ਬੰਦ ਹੈ।","brandShortName":"B2G OS","browserBrandShortName":"ਵੈੱਬ ਬਰਾਊਜ਼ਰ","browserBrandFullName":"ਮੋਜ਼ੀਲਾ ਵੈੱਬ ਬਰਾਊਜ਼ਰ","weekday-0-long":"ਐਤਵਾਰ","weekday-1-long":"ਸੋਮਵਾਰ","weekday-2-long":"ਮੰਗਲਵਾਰ","weekday-3-long":"ਬੁੱਧਵਾਰ","weekday-4-long":"ਵੀਰਵਾਰ","weekday-5-long":"ਸ਼ੁੱਕਰਵਾਰ","weekday-6-long":"ਸ਼ਨਿੱਚਰਵਾਰ","weekday-0-short":"ਐਤ","weekday-1-short":"ਸੋਮ","weekday-2-short":"ਮੰਗਲ","weekday-3-short":"ਬੁੱਧ","weekday-4-short":"ਵੀਰ","weekday-5-short":"ਸ਼ੁੱਕਰ","weekday-6-short":"ਸ਼ਨਿੱ","month-0-long":"ਜਨਵਰੀ","month-1-long":"ਫਰਵਰੀ","month-2-long":"ਮਾਰਚ","month-3-long":"ਅਪਰੈਲ","month-4-long":"ਮਈ","month-5-long":"ਜੂਨ","month-6-long":"ਜੁਲਾਈ","month-7-long":"ਅਗਸਤ","month-8-long":"ਸਤੰਬਰ","month-9-long":"ਅਕਤੂਬਰ","month-10-long":"ਨਵੰਬਰ","month-11-long":"ਦਸੰਬਰ","month-0-genitive":"ਜਨਵਰੀ","month-1-genitive":"ਫਰਵਰੀ","month-2-genitive":"ਮਾਰਚ","month-3-genitive":"ਅਪਰੈਲ","month-4-genitive":"ਮਈ","month-5-genitive":"ਜੂਨ","month-6-genitive":"ਜੁਲਾਈ","month-7-genitive":"ਅਗਸਤ","month-8-genitive":"ਸਤੰਬਰ","month-9-genitive":"ਅਕਤੂਬਰ","month-10-genitive":"ਨਵੰਬਰ","month-11-genitive":"ਦਸੰਬਰ","month-0-short":"ਜਨ","month-1-short":"ਫਰ","month-2-short":"ਮਾਰ","month-3-short":"ਅਪ","month-4-short":"ਮਈ","month-5-short":"ਜੂਨ","month-6-short":"ਜੁਲਾ","month-7-short":"ਅਗ","month-8-short":"ਸਤੰ","month-9-short":"ਅਕਤੂ","month-10-short":"ਨਵੰ","month-11-short":"ਦਸੰ","minutes-ago-long":{"_index":["plural","value"],"_":{"zero":"ਹੁਣੇ ਹੀਂ","one":"ਮਿੰਟ ਕੁ ਪਹਿਲਾਂ","two":"{{value}} ਮਿੰਟ ਪਹਿਲਾਂ","few":"{{value}} ਮਿੰਟ ਪਹਿਲਾਂ","many":"{{value}} ਮਿੰਟ ਪਹਿਲਾਂ","other":"{{value}}  ਮਿੰਟ ਪਹਿਲਾਂ"}},"hours-ago-long":{"_index":["plural","value"],"_":{"zero":"ਹੁਣੇ ਹੀ","one":"ਘੰਟਾ ਪਹਿਲਾਂ","two":"{{value}} ਘੰਟੇ ਪਹਿਲਾਂ","few":"{{value}} ਘੰਟੇ ਪਹਿਲਾਂ","many":"{{value}} ਘੰਟੇ ਪਹਿਲਾਂ","other":"{{value}} ਘੰਟੇ ਪਹਿਲਾਂ"}},"days-ago-long":{"_index":["plural","value"],"_":{"zero":"ਅੱਜ","one":"ਕੱਲ੍ਹ","two":"{{value}} ਦਿਨ ਪਹਿਲਾਂ","few":"{{value}} ਦਿਨ ਪਹਿਲਾਂ","many":"{{value}} ਦਿਨ ਪਹਿਲਾਂ","other":"{{value}} ਦਿਨ ਪਹਿਲਾਂ"}},"weeks-ago-long":{"_index":["plural","value"],"_":{"zero":"ਇਹ ਹਫ਼ਤੇ","one":"ਪਿਛਲੇ ਹਫ਼ਤੇ","two":"{{value}} ਹਫ਼ਤੇ ਪਹਿਲਾਂ","few":"{{value}} ਹਫ਼ਤੇ ਪਹਿਲਾਂ","many":"{{value}} ਹਫ਼ਤੇ ਪਹਿਲਾਂ","other":"{{value}} ਹਫ਼ਤੇ ਪਹਿਲਾਂ"}},"months-ago-long":{"_index":["plural","value"],"_":{"zero":"ਇਹ ਮਹੀਨੇ","one":"ਪਿਛਲੇ ਮਹੀਨੇ","two":"{{value}} ਮਹੀਨੇ ਪਹਿਲਾਂ","few":"{{value}} ਮਹੀਨੇ ਪਹਿਲਾਂ","many":"{{value}} ਮਹੀਨੇ ਪਹਿਲਾਂ","other":"{{value}} ਮਹੀਨੇ ਪਹਿਲਾਂ"}},"years-ago-long":{"_index":["plural","value"],"_":{"zero":"ਇਹ ਸਾਲ","one":"ਪਿਛਲੇ ਸਾਲ","two":"{{value}} ਸਾਲ ਪਹਿਲਾਂ","few":"{{value}} ਸਾਲ ਪਹਿਲਾਂ","many":"{{value}} ਸਾਲ ਪਹਿਲਾਂ","other":"{{value}} ਸਾਲ ਪਹਿਲਾਂ"}},"minutes-until-long":{"_index":["plural","value"],"_":{"zero":"ਹੁਣ","one":"ਮਿੰਟ ਵਿੱਚ","two":"{{value}} ਮਿੰਟਾਂ ਵਿੱਚ","few":"{{value}} ਮਿੰਟਾਂ ਵਿੱਚ","many":"{{value}} ਮਿੰਟਾਂ ਵਿੱਚ","other":"{{value}} ਮਿੰਟਾਂ ਵਿੱਚ"}},"hours-until-long":{"_index":["plural","value"],"_":{"zero":"ਹੁਣ","one":"ਇੱਕ ਘੰਟੇ ਵਿੱਚ","two":"{{value}} ਘੰਟਿਆਂ ਵਿੱਚ","few":"{{value}} ਘੰਟਿਆਂ ਵਿੱਚ","many":"{{value}} ਘੰਟਿਆਂ ਵਿੱਚ","other":"{{value}} ਘੰਟਿਆਂ ਵਿੱਚ"}},"days-until-long":{"_index":["plural","value"],"_":{"zero":"ਅੱਜ","one":"ਭਲਕੇ","two":"{{value}} ਦਿਨਾਂ ਵਿੱਚ","few":"{{value}} ਦਿਨਾਂ ਵਿੱਚ","many":"{{value}} ਦਿਨਾਂ ਵਿੱਚ","other":"{{value}} ਦਿਨਾਂ ਵਿੱਚ"}},"weeks-until-long":{"_index":["plural","value"],"_":{"zero":"ਇਸ ਹਫ਼ਤੇ","one":"ਅਗਲੇ ਹਫ਼ਤੇ","two":"{{value}} ਹਫ਼ਤਿਆਂ ਵਿੱਚ","few":"{{value}} ਹਫ਼ਤਿਆਂ ਵਿੱਚ","many":"{{value}} ਹਫ਼ਤਿਆਂ ਵਿੱਚ","other":"{{value}} ਹਫ਼ਤਿਆਂ ਵਿੱਚ"}},"months-until-long":{"_index":["plural","value"],"_":{"zero":"ਇਸ ਮਹੀਨੇ","one":"ਅਗਲੇ ਮਹੀਨੇ","two":"{{value}} ਮਹੀਨਿਆਂ ਵਿੱਚ","few":"{{value}} ਮਹੀਨਿਆਂ ਵਿੱਚ","many":"{{value}} ਮਹੀਨਿਆਂ ਵਿੱਚ","other":"{{value}} ਮਹੀਨਿਆਂ ਵਿੱਚ"}},"years-until-long":{"_index":["plural","value"],"_":{"zero":"ਇਸ ਸਾਲ","one":"ਅਗਲੇ ਸਾਲ","two":"{{value}} ਸਾਲਾਂ ਵਿੱਚ","few":"{{value}} ਸਾਲਾਂ ਵਿੱਚ","many":"{{value}} ਸਾਲਾਂ ਵਿੱਚ","other":"{{value}} ਸਾਲਾਂ ਵਿੱਚ"}},"minutes-ago-short":{"_index":["plural","value"],"_":{"zero":"ਹੁਣੇ ਹੀ","other":"{{value}}ਮਿੰ ਪਹਿਲਾਂ"}},"hours-ago-short":{"_index":["plural","value"],"_":{"zero":"ਹੁਣੇ ਹੀਂ","other":"{{value}}ਘੰ ਪਹਿਲਾਂ"}},"days-ago-short":{"_index":["plural","value"],"_":{"zero":"ਅੱਜ","other":"{{value}}ਦਿ ਪਹਿਲਾਂ"}},"minutes-until-short":{"_index":["plural","value"],"_":{"zero":"ਹੁਣ","other":"{{value}}ਮਿੰ ਵਿੱਚ"}},"hours-until-short":{"_index":["plural","value"],"_":{"zero":"ਹੁਣ","other":"{{value}}ਘੰ ਵਿੱਚ"}},"days-until-short":{"_index":["plural","value"],"_":{"zero":"ਅੱਜ","other":"{{value}}ਦਿ ਵਿੱਚ"}},"incorrectDate":"(ਗਲਤ ਮਿਤੀ)","dateTimeFormat_%c":"%a %e %b  %Y %I:%M:%S %p","dateTimeFormat_%x":"%d/%m/%Y","dateTimeFormat_%X":"%I:%M:%S %p","shortTimeFormat":"%I:%M %p","shortDateTimeFormat":"%x %I:%M %p","weekStartsOnMonday":"1","time_am":"ਸਵੇਰੇ","time_pm":"ਸ਼ਾਮ","perm-contacts":"ਸੰਪਰਕ","perm-contacts-appRequest":"{{app}} ਤੁਹਾਡੀ ਸੰਪਰਕ ਸੂਚੀ ਨੂੰ ਵਰਤਣਾ ਚਾਹੁੰਦੀ ਹੈ।","perm-contacts-webRequest":"{{site}} ਤੁਹਾਡੀ ਸੰਪਰਕ ਸੂਚੀ ਨੂੰ ਵਰਤਣਾ ਚਾਹੁੰਦੀ ਹੈ।","perm-desktop-notification":"ਸੂਚਨਾਵਾਂ","perm-desktop-notification-appRequest":"{{app}} ਸੂਚਨਾ ਵਿਖਾਉਣਾ ਚਾਹੁੰਦੀ ਹੈ।","perm-desktop-notification-webRequest":"{{site}} ਸੂਚਨਾ ਵਿਖਾਉਣਾ ਚਾਹੁੰਦੀ ਹੈ।","perm-device-storage-music":"ਸੰਗੀਤ ਸਟੋਰੇਜ਼","perm-device-storage-music-appRequest":"{{app}} ਤੁਹਾਡੇ ਸੰਗੀਤ ਨੂੰ ਵਰਤਣਾ ਚਾਹੁੰਦੀ ਹੈ।","perm-device-storage-music-webRequest":"{{site}} ਤੁਹਾਡੇ ਚਿੱਤਰਾਂ ਨੂੰ ਵਰਤਣਾ ਚਾਹੁੰਦੀ ਹੈ।","perm-device-storage-pictures":"ਚਿੱਤਰ ਸਟੋਰੇਜ਼","perm-device-storage-pictures-appRequest":"{{app}}  ਤੁਹਾਡੇ ਚਿੱਤਰਾਂ ਨੂੰ ਵਰਤਣਾ ਚਾਹੁੰਦੀ ਹੈ।","perm-device-storage-pictures-webRequest":"{{site}} ਤੁਹਾਡੇ ਚਿੱਤਰਾਂ ਨੂੰ ਵਰਤਣਾ ਚਾਹੁੰਦੀ ਹੈ।","perm-device-storage-sdcard":"ਮੈਮੋਰੀ ਕਾਰਡ ਸਟੋਰੇਜ਼","perm-device-storage-sdcard-appRequest":"{{app}} ਤੁਹਾਡੇ ਮੈਮੋਰੀ ਕਾਰਡ ਨੂੰ ਵਰਤਣਾ ਚਾਹੁੰਦੀ ਹੈ।","perm-device-storage-sdcard-webRequest":"{{site}} ਤੁਹਾਡੇ ਮੈਮੋਰੀ ਕਾਰਡ ਨੂੰ ਵਰਤਣਾ ਚਾਹੁੰਦੀ ਹੈ।","perm-device-storage-videos":"ਵੀਡੀਓ ਸਟੋਰੇਜ਼","perm-device-storage-videos-appRequest":"{{app}} ਤੁਹਾਡੀਆਂ ਵੀਡੀਓ ਨੂੰ ਵਰਤਣਾ ਚਾਹੁੰਦੀ ਹੈ।","perm-device-storage-videos-webRequest":"{{site}} ਤੁਹਾਡੀਆਂ ਵੀਡੀਓ ਨੂੰ ਵਰਤਣਾ ਚਾਹੁੰਦੀ ਹੈ।","perm-fmradio":"FM ਰੇਡੀਓ","perm-fmradio-appRequest":"{{app}} FM ਰੇਡੀਓ ਵਰਤਣਾ ਚਾਹੁੰਦੀ ਹੈ।","perm-fmradio-webRequest":"{{site}} FM ਰੇਡੀਓ ਵਰਤਣਾ ਚਾਹੁੰਦੀ ਹੈ।","perm-geolocation":"Geolocation","perm-geolocation-appRequest":"{{app}} ਤੁਹਾਡਾ ਟਿਕਾਣਾ ਪਤਾ ਕਰਨਾ ਚਾਹੁੰਦੀ ਹੈ।","perm-geolocation-webRequest":"{{site}} ਤੁਹਾਡਾ ਟਿਕਾਣਾ ਪਤਾ ਕਰਨਾ ਚਾਹੁੰਦੀ ਹੈ।","perm-geolocation-more-info":"{{brandShortName}} ਡਾਟਾ ਜਿਵੇਂ ਕਿ GPS, ਵਾਈ-ਫਾਈ, ਅਤੇ ਤੁਹਾਡੇ ਨੇੜਲੇ ਮੋਬਾਇਲ ਨੈੱਟਵਰਕ ਨੂੰ ਤੁਹਾਡਾ ਲਗਭਗ ਟਿਕਾਣਾ ਪਤਾ ਕਰਨ ਲਈ ਮਦਦ ਵਾਸਤੇ ਵਰਤਦਾ ਹੈ। ਡਾਟਾ ਮੋਜ਼ੀਲਾ ਅਤੇ ਹੋਰ ਸੇਵਾ ਦੇਣ ਵਾਲਿਆਂ ਨੂੰ ਭੇਜਿਆ ਜਾਂਦਾ ਹੈ ਅਤੇ ਉਹ ਟਿਕਾਣਾ ਡਾਟਾਬੇਸ ਨੂੰ ਸੁਧਾਰਨ ਲਈ ਵਰਤਿਆ ਜਾਵੇਗਾ। ਡਾਟਾ ਤੁਹਾਡੇ ਜੰਤਰ ਉੱਤੇ ਸਟੋਰ ਕੀਤਾ ਜਾ ਸਕਦਾ ਹੈ ਅਤੇ ਤਾਂ ਵੀ ਇੱਕਠੀ ਕੀਤਾ ਜਾ ਸਕਦਾ ਹੈ, ਜਦੋਂ ਕੋਈ ਵੀ ਐਪਸ ਨਾਲ ਚੱਲ ਰਹੀ ਹੋਵੇ।","perm-video-capture":"ਕੈਮਰਾ","perm-video-capture-appRequest":"ਕੀ ਤੁਸੀਂ {{app}} ਨਾਲ ਕੈਮਰਾ ਸਾਂਝਾ ਕਰਨਾ ਚਾਹੁੰਦੇ ਹੋ?","perm-video-capture-webRequest":"ਕੀ ਤੁਸੀਂ {{site}} ਨਾਲ ਕੈਮਰਾ ਸਾਂਝਾ ਕਰਨਾ ਚਾਹੁੰਦੇ ਹੋ?","perm-audio-capture":"ਮਾਈਕਰੋਫੋਨ","perm-audio-capture-appRequest":"ਕੀ ਤੁਸੀਂ {{app}} ਨਾਲ ਮਾਈਕਰੋਫੋਨ ਸਾਂਝਾ ਕਰਨਾ ਚਾਹੁੰਦੇ ਹੋ?","perm-audio-capture-webRequest":"ਕੀ ਤੁਸੀਂ {{site}} ਨਾਲ ਮਾਈਕਰੋਫੋਨ ਸਾਂਝਾ ਕਰਨਾ ਚਾਹੁੰਦੇ ਹੋ?","perm-media-capture":"ਕੈਮਰਾ ਤੇ ਮਾਈਕਰੋਫੋਨ","perm-media-capture-appRequest":"ਕੀ ਤੁਸੀਂ {{app}} ਨਾਲ ਕੈਮਰਾ ਅਤੇ ਮਾਈਕਰੋਫੋਨ ਸਾਂਝਾ ਕਰਨਾ ਚਾਹੁੰਦੇ ਹੋ?","perm-media-capture-webRequest":"ਕੀ ਤੁਸੀਂ {{site}} ਨਾਲ ਕੈਮਰਾ ਅਤੇ ਮਾਈਕਰੋਫੋਨ ਸਾਂਝਾ ਕਰਨਾ ਚਾਹੁੰਦੇ ਹੋ?","stopped_download_title":"ਡਾਊਨਲੋਡ ਰੋਕਿਆ ਗਿਆ","stopped_download_message":"ਡਾਊਨਲੋਡ ਨੂੰ ਰੋਕਿਆ ਗਿਆ ਸੀ। ਫੇਰ ਡਾਊਨਲੋਡ ਕਰਨ ਦੀ ਕੋਸ਼ਿਸ਼ ਕਰਨੀ ਹੈ?","stopped_download_left_button":"ਰੱਦ ਕਰੋ","stopped_download_right_button":"ਫੇਰ ਕੋਸ਼ਿਸ਼ ਕਰੋ","failed_download_title":"ਡਾਊਨਲੋਡ ਫੇਲ੍ਹ ਹੈ","failed_download_message":"{{name}} ਡਾਊਨਲੋਡ ਕਰਨ ਲਈ ਫੇਲ੍ਹ ਹੈ। ਫੇਰ ਡਾਊਨਲੋਡ ਕਰਨ ਦੀ ਕੋਸ਼ਿਸ਼ ਕਰਨੀ ਹੈ?","failed_download_left_button":"ਰੱਦ ਕਰੋ","failed_download_right_button":"ਫੇਰ ਕੋਸ਼ਿਸ਼ ਕਰੋ","stop_download_title":"ਡਾਊਨਲੋਡ ਰੋਕੋ","stop_download_message":"ਕੀ ਤੁਸੀਂ ਡਾਊਨਲੋਡ ਨੂੰ ਰੋਕਣਾ ਚਾਹੁੰਦੇ ਹੋ?","stop_download_left_button":"ਨਹੀਂ","stop_download_right_button":"ਹਾਂ","delete_download_title":"ਹਟਾਓ","delete_download_message":"{{name}} ਹਟਾਉਣਾ ਹੈ?","delete_download_left_button":"ਰੱਦ ਕਰੋ","delete_download_right_button":"ਹਟਾਓ","delete_all_download_title":"ਹਟਾਓ","delete_all_download_left_button":"ਰੱਦ ਕਰੋ","delete_all_download_right_button":"ਹਟਾਓ","delete_all_download_message":{"_index":["plural","number"],"_":{"zero":"Delete no files?","one":"Delete one file?","two":"Delete {{number}} files?","few":"Delete {{number}} files?","many":"Delete {{number}} files?","other":"Delete {{number}} files?"}},"unsupported_file_type_download_title":"Unable to open","unsupported_file_type_download_message":"There isn’t an app that can open {{name}}. Would you like to save the file or delete it?","unsupported_file_type_download_left_button":"ਫਾਇਲ ਰੱਖੋ","unsupported_file_type_download_right_button":"ਹਟਾਓ","file_not_found_download_title":"File not found","file_not_found_download_message":"The file wasn’t found on the device","file_not_found_download_right_button":"OK","unmounted_sdcard_2_download_title":"Memory card in use","unmounted_sdcard_2_download_message":"Unplug the phone","unmounted_sdcard_2_download_right_button":"OK","no_provider_download_title":"ਸਾਂਝਾ ਕਰਨ ਲਈ ਅਸਮਰੱਥ","no_provider_download_message":"ਕੋਈ ਉਪਲੱਬਧ ਕਰਤਾ ਨਹੀਂ ਲੱਭਿਆ","no_provider_download_right_button":"ਠੀਕ ਹੈ","no_memory_download_title":"SD Card is full","no_memory_download_message":"There is no more room on your SD card to save your download. Please remove some files before restarting the download.","no_memory_download_right_button":"ਠੀਕ ਹੈ","no_sdcard_found_2_download_title":"No memory card found","no_sdcard_found_2_download_message":"Insert a memory card or select an alternate default media location in settings","no_sdcard_found_2_download_right_button":"ਠੀਕ ਹੈ","file_open_error_download_title":"ਖੋਲ੍ਹਣ ਲਈ ਅਸਮਰੱਥ","file_open_error_download_message":"{{name}} ਖੋਲ੍ਹਣ ਵਿੱਚ ਗਲਤੀ ਹੈ। ਕੀ ਤੁਸੀਂ ਫਾਇਲ ਸੰਭਾਲਣੀ ਚਾਹੁੰਦੇ ਹੋ ਜਾਂ ਹਟਾਉਣਾ ਚਾਹੁੰਦੇ ਹੋ?","file_open_error_download_left_button":"ਫਾਇਲ ਰੱਖੋ","file_open_error_download_right_button":"ਹਟਾਓ","restart_download_error":"ਡਾਊਨਲੋਡ ਮੁੜ-ਚਾਲੂ ਕਰਨ ਦੌਰਾਨ ਗਲਤੀ ਸੀ। ਡਾਊਨਲੋਡ ਕਰਨ ਦੀ ਫੇਰ ਕੋਸ਼ਿਸ਼ ਕਰੋ ਜੀ।","no-downloads":"ਕੋਈ ਡਾਊਨਲੋਡ ਨਹੀਂ ਹੈ","percentage":"{{percentage}} %","partialResult":"{{total}} ਵਿੱਚੋਂ {{partial}}","summary":"{{date}} - {{status}}","download-stopped":"ਰੁਕੇ","download-failed":"ਡਾਊਨਲੋਡ ਫੇਲ੍ਹ ਹੈ","open_downloaded_file":"ਖੋਲ੍ਹੋ","share_downloaded_file":"ਸਾਂਝਾ ਕਰੋ","wallpaper_downloaded_file":"ਵਾਲਪੇਪਰ ਲਗਾਓ","ringtone_downloaded_file":"ਰਿੰਗਟੋਨ ਲਗਾਓ","cancel_downloaded_file":"ਰੱਦ ਕਰੋ","voicemailNoNumberTitle":"Voicemail number is unavailable","voicemailNoNumberText":"Unable to call the voicemail. Set up the voicemail number to place the call.","voicemailNoNumberSettings":"Settings","voicemailNoNumberCancel":"Cancel","firefox-accounts-title":"Firefox Accounts","fxa-next":"Next","fxa-back":"Back","fxa-done":"Done","fxa-ok":"OK","fxa-account-does-not-exist-title":"Account does not exist","fxa-account-does-not-exist-message":"Account does not exist","fxa-cannot-create-account":"Unable to create account","fxa-cannot-create-password":"Unable to reset your Firefox Accounts password right now.","fxa-already-signed-in-title":"User is already signed in","fxa-already-signed-in-message":"There is an user is already signed in Firefox.","fxa-invalid-password-title":"Invalid password","fxa-invalid-password-message":"You have used an invalid password. Please try again with a valid one.","fxa-invalid-email-title":"Invalid email address","fxa-invalid-email-message":"You have used an invalid email address. Please try again with a valid one.","fxa-connection-error-title":"Unable to connect","fxa-connection-error-message":"Unable to connect to Firefox right now. You can sign in or create an account from your phone's settings or try it again.","fxa-reset-password-error-title":"Unable to reset password","fxa-reset-password-error-message":"Your password was not reset. Please try again.","fxa-reset-password-in-settings-title":"Reset Password","fxa-reset-password-in-settings-message":"You can reset your password from your phone's settings.","fxa-generic-error-title":"Unable to connect to Firefox","fxa-generic-error-message":"Unable to connect to Firefox Accounts right now. Try your phone's settings or check your connection to Internet.","fxa-coppa-failure-error-title":"Cannot Create Account","fxa-coppa-failure-error-message":"You must meet certain age requirements to create a Firefox Accounts. <a href='http://www.ftc.gov/news-events/media-resources/protecting-consumer-privacy/kids-privacy-coppa'>Learn more</a>","fxa-coppa-ftu-error-message":"You must meet certain age requirements to create a Firefox Accounts. Try again later from Settings.","fxa-offline-error-title":"Unable to connect to Firefox","fxa-offline-error-message":"Unable to connect to Firefox Accounts right now. Check your phone' settings and your Internet connection.","fxa-unknown-error-title":"Unknown error","fxa-unknown-error-message":"Unknown error","fxa-connecting-to-firefox":"Connecting to Firefox Accounts","fxa-email-input":{"placeholder":"Email"},"fxa-use-email-to-sign-in":"Use your email address to create an account or sign in.","fxa-agree-to-tos-pp":"By proceeding, you agree to our <a href=\"#fxa-tos\">Terms of Service</a> and <a href=\"#fxa-pp\">Privacy Policy</a>","fxa-set-password-title":"Enter your new password","fxa-enter-password-title":"Enter your password","fxa-hello-user":"Hello, <a id=\"fxa-user-email\">hola@email.com</a>","fxa-password-refresh":"Please enter your Firefox Account password for <a id=\"fxa-user-email\">hola@email.com</a> to continue.","fxa-password":{"placeholder":"Password"},"fxa-forgot-password":"I forgot my password","fxa-show-password":"Show password","fxa-authenticating":"Authenticating","fxa-registering":"Registering","fxa-success":"Success!","fxa-ready-to-go":"Your Firefox Account is ready to go! ","fxa-use-services":"Now you can use <span id=\"fxa-summary-email\">email</span> to access services like Marketplace and Where’s My Fox.","fxa-manage-account-settings":"In the future, you can access and manage your account from your phone's settings.","fxa-confirm-account":"Confirm Your Account","fxa-sending-email-to":"We have sent you an email to: <strong id=\"fxa-summary-email\">email</strong>","fxa-tos-header":"Terms of Service","fxa-tos1":"Lorem ipsum dolor sit amet, consectetur adipisicing elit, sed do eiusmod tempor incididunt ut labore et dolore magna aliqua. Ut enim ad minim veniam, quis nostrud exercitation ullamco laboris nisi ut aliquip ex ea commodo consequat. Duis aute irure dolor in reprehenderit in voluptate velit esse cillum dolore eu fugiat nulla pariatur. ","fxa-tos2":"Excepteur sint occaecat qui of fi cia deserunt mollit anim id est laborum.  Lorem ipsum dolor sit amet, consectetur adipisicing elit, sed do eiusmod tempor incididunt ut labore et dolore magna aliqua. Ut enim ad minim veniam,quis nostrud exercitation ullamco laboris nisi ut aliquip ex ea commodo consequat. Duis aute irure dolor in.","fxa-pp-header":"Privacy Policy","fxa-pp1":"Lorem ipsum dolor sit amet, consectetur adipisicing elit, sed do eiusmod tempor incididunt ut labore et dolore magna aliqua. Ut enim ad minim veniam, quis nostrud exercitation ullamco laboris nisi ut aliquip ex ea commodo consequat. Duis aute irure dolor in reprehenderit in voluptate velit esse cillum dolore eu fugiat nulla pariatur. ","fxa-pp2":"Excepteur sint occaecat qui of fi cia deserunt mollit anim id est laborum.  Lorem ipsum dolor sit amet, consectetur adipisicing elit, sed do eiusmod tempor incididunt ut labore et dolore magna aliqua. Ut enim ad minim veniam,quis nostrud exercitation ullamco laboris nisi ut aliquip ex ea commodo consequat. Duis aute irure dolor in.","fxa-age-verification":"Age Verification","fxa-age-1990-earlier":"1990 or earlier","fxa-year-of-birth":"Year of Birth"}