{"ok":"OK","back":"Wstecz","help":"Pomoc","cancel":"Anuluj","close":"Zamknij","skip":"Pomiń","airplaneMode":"Tryb lotu","searching":"Wyszukiwanie…","noNetwork":"Brak sieci","roaming":"{{operator}} (roaming)","emergencyCallsOnly":"Tylko połączenia alarmowe","emergencyCallsOnly-unknownSIMState":"(nieznany status karty SIM)","emergencyCallsOnly-noSIM":"(brak karty SIM)","emergencyCallsOnly-pinRequired":"(wymagany kod PIN karty SIM)","emergencyCallsOnly-pukRequired":"(wymagany kod PUK karty SIM)","emergencyCallsOnly-networkLocked":"(sieć zablokowana)","emergencyCallsOnly-serviceProviderLocked":"(blokada operatora)","emergencyCallsOnly-corporateLocked":"(blokada korporacyjna)","emergencyCallsOnly-network1Locked":"(network1 locked)","emergencyCallsOnly-network2Locked":"(network2 locked)","emergencyCallsOnly-hrpdNetworkLocked":"(hrpd network locked)","emergencyCallsOnly-ruimCorporateLocked":"(ruim corporate locked)","emergencyCallsOnly-ruimServiceProviderLocked":"(ruim service provider locked)","enterPIN":"Wprowadź PIN","statusbarLabel":"{{date}}, {{operator}}","statusbarDateFormat":"%e %b","notifications":"Powiadomienia","clear-all":"Wyczyść","newVoicemails":{"_index":["plural","n"],"_":{"zero":"Brak wiadomości na poczcie głosowej","one":"Nowa wiadomość na poczcie głosowej","two":"2 nowe wiadomości na poczcie głosowej","few":"{{n}} nowe wiadomości na poczcie głosowej","many":"{{n}} nowych wiadomości na poczcie głosowej"}},"newVoicemailsUnknown":"Nowe wiadomości na poczcie głosowej","dialNumber":"Połącz z {{number}}","voicemailNotificationMultiSim":"(SIM {{n}}) {{title}}","confirmNFCConnectMsg1":"Are you sure you want to connect to the device?","confirmNFCConnectMsg2":"Turn on Bluetooth and connect to the device?","confirmNFCConnectMsg3":"Are you sure you want to connect to {{n}}?","confirmNFCConnectMsg4":"Turn on Bluetooth and connect to {{n}}?","deviceMenu":"Telefon","airplane":"Włącz tryb lotu","airplaneOff":"Wyłącz tryb lotu","silent":"Wycisz połączenia","normal":"Włącz dzwonki połączeń","restart":"Uruchom ponownie","power":"Wyłącz","asyncpanzoom":"Wyłącz APZ dla aplikacji","asyncpanzoomOff":"Włącz APZ dla aplikacji","enableScreenReaderSteps":"Aby włączyć czytnik ekranowy, naciśnij przycisk podgłaśniania po czym ściszania jeszcze trzy razy","disableScreenReaderSteps":"Aby wyłączyć czytnik ekranowy, naciśnij przycisk podgłaśniania po czym ściszania jeszcze trzy razy","no-recent-apps":"Brak ostatnio otwieranych aplikacji","yes":"Tak","no":"Nie","dontallow":"Don’t allow","allow":"Zezwól","dontshare-geolocation":"Nie udostępniaj","share-geolocation":"Udostępnij","dontshare-audio-capture":"Nie udostępniaj","share-audio-capture":"Udostępnij","dontshare-video-capture":"Nie udostępniaj","share-video-capture":"Udostępnij","dontshare-media-capture":"Nie udostępniaj","share-media-capture":"Udostępnij","device-front":"Aparat z przodu","device-back":"Aparat z tyłu","remember-my-choice":"Zapamiętaj wybór","more-info":"Więcej informacji…","hide-info":"Hide info","install-app":"Zainstalować aplikację „{{name}}”?","size":"Rozmiar","author":"Autor","size-unknown":"Nieznany","author-unknown":"Nieznany","install":"Zainstaluj","bytes":"b","kB":"KB","MB":"MB","GB":"GB","TB":"TB","PB":"PB","app-install-generic-error":"Pobieranie aplikacji „{{appName}}” wstrzymane","app-install-download-failed":"Pobieranie aplikacji „{{appName}}” nie powiodło się","app-install-install-failed":"Instalowanie aplikacji „{{appName}}” nie powiodło się","cancelling-will-not-refund":"Anulowanie nie oznacza rezygnacji z zakupu. Zwroty za zakupione treści są rozpatrywane przez oryginalnego sprzedawcę.","apps-can-be-installed-later":"Aplikacje mogą być instalowane w późniejszym terminie z oryginalnej lokalizacji instalacji.","are-you-sure-you-want-to-cancel":"Czy na pewno anulować instalację?","cancel-install":"Anuluj","cancel-install-button":"Cancel Install","resume":"Wznów instalację","continue":"Kontynuuj","stopDownloading":"Wstrzymać pobieranie aplikacji „{{app}}”?","app-download-can-be-restarted":"Pobieranie będzie można później wznowić.","app-download-stop-button":"Wstrzymaj pobieranie","not-enough-space":"Zbyt mało miejsca","not-enough-space-message":"Nie ma wystarczająco dużo miejsca, aby zainstalować tę aplikację. Miejsce można zwolnić, usuwając stare aplikacje lub pliki, i następnie spróbować ponownie zainstalować aplikację z oryginalnego źródła.","app-install-success":"Aplikacja „{{appName}}” została zainstalowana","setup":"Ustaw","ime-addkeyboards":"Wybór klawiatur","later":"Później","download":"Pobierz","wantToDownload":"Pobrać aktualizację?","wantToInstall":"Zainstalować aktualizację?","installNow":"Zainstaluj teraz","notNow":"Nie teraz","downloadingUpdateMessage":{"innerHTML":"Pobieranie aktualizacji… <span>Pobrano {{progress}}</span>"},"downloadingAppMessage":"Pobieranie aplikacji „{{appName}}”","downloadingAppProgressNoMax":"Pobrano {{progress}}","downloadingAppProgressIndeterminate":"Pobieranie","downloadingAppProgress":"Pobrano {{progress}} z {{max}}","cancelAllDownloads":"Anuluj wszystkie pobierania","wantToCancelAll":"Czy na pewno anulować wszystkie pobierania?","downloadError":"Wystąpił błąd podczas pobierania aktualizacji.","updateAvailableInfo":{"innerHTML":{"_index":["plural","n"],"_":{"one":"Dostępna aktualizacja <span>Więcej informacji</span>","two":"Dostępne dwie aktualizacje <span>Więcej informacji</span>","few":"Dostępne {{n}} aktualizacje <span>Więcej informacji</span>","many":"{{n}} dostępnych aktualizacji <span>Więcej informacji</span>"}}},"numberOfUpdates":{"_index":["plural","n"],"_":{"one":"Dostępna aktualizacja","two":"Dwie dostępne aktualizacje","few":"{{n}} dostępne aktualizacje","many":"{{n}} dostępnych aktualizacji"}},"systemUpdate":"Aktualizacja systemu","systemUpdateReady":"Aktualizacja systemu gotowa do instalacji","required":"Wymagana","uncompressingMessage":{"innerHTML":"Rozpakowywanie… <span>(może potrwać kilka minut)</span>"},"downloadNoWifiWarning":"Sieć Wi-Fi niedostępna. Aktualizacja przy użyciu obecnego połączenia może skutkować dodatkowymi opłatami.","downloadOfflineWarning":"Połączenie niedostępne. Nawiąż połączenie z siecią, aby pobrać aktualizacje.","downloadDataConnectionWarning":"Aktualizacje pobierane są poprzez sieć komórkową, gdy sieć Wi-Fi jest niedostępna, co może skutkować dodatkowymi opłatami.","downloadUpdatesViaDataConnection":"Pobrać aktualizacje poprzez sieć komórkową?","downloadUpdatesViaDataConnectionMessage":"Aktualizacje pobierane są poprzez sieć komórkową, gdy sieć Wi-Fi jest niedostępna. Podczas przesyłania danych przez sieć komórkową mogą być blokowane rozmowy głosowe oraz naliczane dodatkowe opłaty.","screenshotSaved":"Zrzut dodany do Galerii","screenshotFailed":"Błąd zapisywania zrzutu","screenshotNoSDCard":"Brak karty pamięci","screenshotSDCardInUse":"Karta pamięci obecnie używana","screenshotSDCardLow":"Za mało miejsca na karcie pamięci","emergency-call-button":"Połączenie alarmowe","emergency-call":"Połączenie alarmowe","unlock-a11y-button":{"ariaLabel":"Odblokuj"},"camera-a11y-button":{"ariaLabel":"Kamera"},"longDateFormat":"%A, %e %Eb","softwareHomeButton":{"ariaLabel":"Przycisk początek"},"login":"Zaloguj się","username":"Nazwa użytkownika","password":"Hasło","http-authentication-message":"{{host}} prosi o podanie nazwy użytkownika i hasła. Komunikat strony: „{{realm}}”","error-message":"Aplikacja „{{name}}” nie wczytuje się poprawnie","error-title":"Problem z aplikacją „{{name}}”","airplane-is-on":"Tryb lotu jest włączony","airplane-is-turned-on":"Aplikacja „{{name}}” wymaga połączenia z siecią. Wyłącz w ustawieniach tryb lotu i połącz się z siecią Wi-Fi lub siecią komórkową w celu przesyłania danych.","server-not-found":"Nie odnaleziono serwera","server-not-found-error":"Nie udało się odnaleźć serwera „{{name}}”.","file-not-found":"File not found","file-not-found-error":"The device can’t display this page because the file cannot be found.","connection-failed":"Unable to connect","connection-failed-error":"A network error occurred while trying to reach the site.","invalid-connection":"Unable to connect","invalid-connection-error":"A network error occurred while trying to reach the site.","malformed-uri":"URL not valid","malformed-uri-error":"The URL entered is not valid and cannot be loaded.","redirect-loop":"Can’t display page","redirect-loop-error":"The device can’t display this page because the page is not redirecting properly. Try this page again at a later time.","not-cached":"Page expired","not-cached-error":"As a security precaution, this page cannot be displayed by the device because it has expired.","is-printing-error":"The document cannot change while Printing or in Print Preview.","denied-port-access":"This address is restricted","denied-port-access-error":"This address uses a network port which is normally used for purposes other than Web browsing. The device has cancelled the request for your protection.","proxy-resolve-failure":"Proxy Server Error","proxy-resolve-failure-error":"The device is configured to use a proxy server that can’t be found.","proxy-connect-failure":"Proxy Server Error","proxy-connect-failure-error":"The device is configured to use a proxy server that is refusing connections.","content-encoding":"Can’t display page","content-encoding-error":"The device can’t display this page because a content encoding error occurred.","remote-xul":"Page unsupported","remote-xul-error":"This page can’t be displayed because it uses a technology that is not supported on the device.","phishing-blocked":"Warning","phishing-blocked-error":"The website has been reported as a web forgery designed to trick users into sharing personal or financial information.","malware-blocked":"Malware attack blocked","malware-blocked-error":"The site at has been reported as an attack site and has been blocked.","unsafe-content-type":"Unsafe content","unsafe-content-type-error":"The page cannot be shown because it may not be safe to open.","corrupted-content":"Can’t display page","corrupted-content-error":"The page cannot be shown because an error in the data transmission was detected.","network-connection-unavailable":"Połączenie sieciowe niedostępne","network-error":"Aplikacja „{{name}}” wymaga połączenia z siecią. Spróbuj połączyć się z siecią Wi-Fi lub komórkową, aby umożliwić przesyłanie danych.","network-error-launching":"{{name}} requires an Internet connection.","network-error-in-app":"No access to the Internet right now.","unable-to-connect":"Nie udało się połączyć","try-again":"Spróbuj ponownie","check-settings":"Check settings","tap-to-check-settings":"Tap to check settings","select-time":"Ustaw czas","choose-option":"Ustaw","choose-options":"Ustaw","select-day":"Ustaw datę","battery-almost-empty":"Bateria prawie rozładowana","add-to-home-screen":"Dodaj do ekranu głównego","crash-dialog2-os":"{{brandShortName}} wznowił działanie po awarii","crash-dialog-app":"Aplikacja „{{name}}” uległa awarii","crash-dialog-message":"Wysłać Mozilli raport z awarii w celu ułatwienia jego naprawy? (Raporty są wysyłane wyłącznie przez sieć Wi-Fi)","crash-info-link":"Czym jest raport z awarii?","crash-always-report":"Zawsze wysyłaj Mozilli raporty z awarii.","crash-dont-send":"Nie wysyłaj","crash-end":"Wyślij","crashReports":"Raporty z awarii","done":"Gotowe","crash-reports-description-1":"Raport z awarii zawiera informacje na temat awarii, urządzenia oraz zapis stanu urządzenia z momentu awarii.","crash-reports-description-2":"W tym takie szczegóły, jak otwarte strony i aplikacje, dane wprowadzone w formularze i treść otwartych wiadomości, historia ostatnio odwiedzanych stron, czy dane o położeniu pochodzące z otwartych aplikacji.","crash-reports-description-3-start":"Raporty z awarii są używane do rozwiązywania problemów i doskonalenia naszych produktów. Dowiedz się, jak Mozilla obchodzi się z Twoimi danymi, czytając ","crash-reports-description-3-privacy":"o polityce prywatności","crash-reports-description-3-end":".","crash-banner-os2":"{{brandShortName}} uległ awarii.","crash-banner-app":"Aplikacja „{{name}}” uległa awarii.","crash-banner-report":"Raport","bluetooth-sending-progress":"Wysłanie danych przez Bluetooth…","bluetooth-receiving-progress":"Odbieranie danych przez Bluetooth…","acceptFileTransfer":"Zaakceptować przychodzący przez Bluetooth transfer pliku?","wantToReceiveFile":"Urządzenie „{{deviceName}}” prosi o możliwość przesłania pliku „{{fileName}}” ({{fileSize}}).","transfer-confirmation-title":"{{deviceName}}","transfer-confirmation-description":"Przychodzący transfer pliku","byteUnit-B":"B","byteUnit-KB":"KB","byteUnit-MB":"MB","byteUnit-GB":"GB","byteUnit-TB":"TB","byteUnit-PB":"PB","byteUnit-EB":"EB","byteUnit-ZB":"ZB","byteUnit-YB":"YB","fileSize":"{{size}} {{unit}}","deny":"Odmów","transfer":"Prześlij","cancelFileTransfer":"Anulować przesyłanie plików przez Bluetooth?","continueFileTransfer":"Continue","transfer-has-started-title":"Rozpoczęto przesyłanie","transfer-has-started-description":"Postęp można sprawdzić poniżej","transferFinished-sentSuccessful-title":"Wysłano plik","transferFinished-receivedSuccessful-title":"Odebrano plik","transferFinished-sentFailed-title":"Nie można wysłać pliku","transferFinished-receivedFailed-title":"Nie można odebrać pliku","transferReport-title":"Raport z przesyłania:","transferReport-description":"gotowe: {{numSuccessful}} plików, nieduane: {{numUnsuccessful}} plików","unknown-file":"Nieznany plik","unknown-device":"Nieznane urządzenie","cannotOpenFile":"Nie można otworzyć otrzymanego pliku","unknownMediaTypeToOpen":"Nie można otworzyć nieznanego typu pliku:","cannotReceiveFile":"Nie można pobrać pliku","cannotGetStorageState":"Nie można uzyskać informacji o pamięci urządzenia","sdcard-not-exist2":"Nie znaleziono karty pamięci. Proszę włożyć kartę pamięci.","sdcard-in-use":"Bluetooth nie może być używany podczas ładowania. Należy odłączyć telefon, aby przesyłać pliki.","sdcard-no-space2":"Nie można ukończyć przesyłania plików, ponieważ karta pamięci jest pełna.","unknown-error":"Nieznany błąd","confirm":"Potwierdź","microphone-is-on":"Mikrofon włączony","camera-is-on":"Kamera włączona","media-is-on":"Mikrofon i kamera włączone","noSimCard":"Brak karty SIM","simPin":"Kod PIN karty SIM:","pukCode":"Kod PUK","nckCode":"Kod NCK","cckCode":"Kod CCK","spckCode":"Kod SPCK","nck1code":"NCK1 code","nck2code":"NCK2 code","hnckcode":"HNCK code","rcckcode":"RCCK code","rspckcode":"RSPCK code","whatIsSimPin":"Czym jest kod PIN karty SIM?","simPinIntro1":"Kod PIN karty SIM kontroluje możliwość łączenia się z siecią komórkową. Jeśli aktywny, każde urządzenie zawierające tę kartę będzie wymagało jego wprowadzenia przed połączeniem z siecią komórkową (np. po ponownym uruchomieniu).","simPinIntro2":"Kod PIN karty SIM to inny kod niż ten do odblokowywania urządzenia.","changeSimPin":"Zmień PIN","pinTitle":"Wprowadź PIN","multiSIMpinTitle":"Wprowadź PIN karty SIM {{n}}","pukTitle":"Wprowadź PUK","nckTitle":"Wprowadź NCK","cckTitle":"Wprowadź CCK","spckTitle":"Wprowadź SPCK","nck1Title":"Enter NCK1 code","nck2Title":"Enter NCK2 code","hnckTitle":"Enter HNCK code","rcckTitle":"Enter RCCK code","rspckTitle":"Enter RSPCK code","newpinTitle":"Nowy PIN","inputCodeRetriesLeft":{"_index":["plural","n"],"_":{"one":"Ostatnia próba.","two":"Pozostały dwie próby.","few":"Pozostały {{n}} próby.","many":"Pozostało {{n}} prób."}},"pinErrorMsg":"Wprowadzono nieprawidłowy kod PIN.","pinAttemptMsg2":{"_index":["plural","n"],"_":{"one":"Pozostała jedna próba wprowadzenia poprawnego kodu przed zablokowaniem karty SIM.","two":"Pozostały dwie próby wprowadzenia poprawnego kodu przed zablokowaniem karty SIM.","few":"Pozostały {{n}} próby wprowadzenia poprawnego kodu przed zablokowaniem karty SIM.","many":"Pozostało {{n}} prób wprowadzenia poprawnego kodu przed zablokowaniem karty SIM."}},"pinLastChanceMsg":"Ostatnia szansa na wprowadzenie poprawnego kodu PIN. Jeśli kod będzie nieprawidłowy, konieczne będzie wprowadzenie kodu PUK, aby używać tej karty SIM.","simCardLockedMsg":"Karta SIM jest zablokowana.","enterPukMsg":"Konieczne jest wprowadzenie kodu PUK dla tej karty SIM. Aby uzyskać więcej informacji, należy sprawdzić dokumenty karty SIM lub skontaktować się z operatorem.","pukErrorMsg":"Nieprawidłowy kod PUK","pukAttemptMsg2":{"_index":["plural","n"],"_":{"one":"Pozostała ostatnia próba wprowadzenia prawidłowego kodu przed permanentną blokadą karty SIM powodującą jej bezużyteczność. Aby uzyskać więcej informacji, należy sprawdzić dokumenty karty SIM lub skontaktować się z operatorem.","two":"Pozostały dwie próby wprowadzenia prawidłowego kodu przed permanentną blokadą karty SIM powodującą jej bezużyteczność. Aby uzyskać więcej informacji, należy sprawdzić dokumenty karty SIM lub skontaktować się z operatorem.","few":"Pozostały {{n}} próby wprowadzenia prawidłowego kodu przed permanentną blokadą karty SIM powodującą jej bezużyteczność. Aby uzyskać więcej informacji, należy sprawdzić dokumenty karty SIM lub skontaktować się z operatorem.","many":"Pozostało {{n}} prób wprowadzenia prawidłowego kodu przed permanentną blokadą karty SIM powodującą jej bezużyteczność. Aby uzyskać więcej informacji, należy sprawdzić dokumenty karty SIM lub skontaktować się z operatorem."}},"pukLastChanceMsg":"Ostatnia szansa na wprowadzenie prawidłowego kodu PUK. Karta SIM zostanie permanentnie zablokowana i bezużyteczna, jeśli zostanie wprowadzony nieprawidłowy kod PUK. Aby uzyskać więcej informacji, należy sprawdzić dokumenty karty SIM lub skontaktować się z operatorem.","newSimPinMsg":"Utwórz PIN (musi składać się z 4 do 8 cyfr)","confirmNewSimPinMsg":"Potwierdź nowy PIN","newPinErrorMsg":"Wprowadzone kody nie zgadzają się.","nckErrorMsg":"Nieprawidłowy kod NCK.","nckAttemptMsg2":{"_index":["plural","n"],"_":{"one":"Błąd żądania depersonalizacji sieci. Pozostała ostatnia próba wprowadzenia poprawnego kodu. Aby uzyskać więcej informacji, należy sprawdzić instrukcję urządzenia lub skontaktować się z operatorem.","two":"Błąd żądania depersonalizacji sieci. Pozostały dwie próby wprowadzenia poprawnego kodu. Aby uzyskać więcej informacji, należy sprawdzić instrukcję urządzenia lub skontaktować się z operatorem.","few":"Błąd żądania depersonalizacji sieci. Pozostały {{n}} próby wprowadzenia poprawnego kodu. Aby uzyskać więcej informacji, należy sprawdzić instrukcję urządzenia lub skontaktować się z operatorem.","many":"Błąd żądania depersonalizacji sieci. Pozostało {{n}} prób wprowadzenia poprawnego kodu. Aby uzyskać więcej informacji, należy sprawdzić instrukcję urządzenia lub skontaktować się z operatorem."}},"nckLastChanceMsg":"Błąd żądania depersonalizacji sieci. Ostatnia szansa na wprowadzenie poprawnego kodu NCK. Aby uzyskać więcej informacji, należy sprawdzić instrukcję urządzenia lub skontaktować się z operatorem.","activity-pick":"Wybierz z:","activity-view":"Wyświetl w:","activity-test":"Przetestuj w:","activity-share":"Wyślij poprzez:","activity-new":"Utwórz w:","activity-open":"Otwórz w:","activity-save-bookmark":"Dodaj do:","activity-record":"Nagraj z:","activity-browse":"Przeglądaj z:","activity-configure":"Skonfiguruj z:","activity-dial":"Zadzwoń przez:","persona-signin":"Zaloguj się","payment-flow":"Zamówienie","remoteDebuggerMessage":"Przychodzące żądanie zezwolenia na połączenie zdalnego debugowania zostało wykryte. Zezwolić na połączenie?","fullscreen-request":"{{origin}} działa teraz w trybie pełnoekranowym.","captive-wifi-available":"Wykryto sieć „{{networkName}}” z ograniczonym dostępem do Internetu. Połączyć?","ceWarningtitle":"Ostrzeżenie o głośności","ceWarningcontent":"Aby zapobiec ewentualnym uszkodzeniom słuchu, należy unikać słuchania na wysokich poziomach głośności przez długie okresy.","notification-powersaving-mode-on-title":"Tryb oszczędzania energii","notification-powersaving-mode-on-description":"Uaktywniono tryb oszczędzania energii.","low-device-storage":"Mało wolnego miejsca.\\n","free-space":{"_index":["plural","value"],"_":{"zero":"Brak wolnej przestrzeni.","one":"Pozostało mniej niż {{value}} {{unit}}.","two":"Pozostało mniej niż {{value}} {{unit}}.","few":"Pozostało mniej niż {{value}} {{unit}}.","many":"Pozostało mniej niż {{value}} {{unit}}.","other":"Pozostało mniej niż {{value}} {{unit}}."}},"unknown-free-space":"Nieznany rozmiar pozostałej przestrzeni.","system-alert":"Komunikat sieciowy","cb-channel":"Kanał „{{channel}}”","icc-message-title":"Wiadomość operatora karty SIM {{id}}","icc-confirmCall-defaultmessage":"Połączyć z {{number}}?","icc-alertMessage-defaultmessage":"Wysyłanie wiadomości","icc-confirmMessage-defaultmessage":"Wysłać wiadomość?","icc-inputbox-title":"Wyszukiwanie STK dla karty SIM {{id}}","emergency-callback-mode":"Tryb zwrotnych połączeń alarmowych","emergency-callback-message":"Nie można wykonywać połączeń, wysyłać wiadomości i przesyłać danych w trybie zwrotnych połączeń alarmowych. Wyłączyć ten tryb?","cdma-record-info":"Informacje rekordu CDMA","ime-switching-title":"{{appName}}: {{name}}","ime-switching-tip":"Zmień klawiaturę","layout-selection":"Wybór układu klawiatury","shrinking-tip":"Przesuń, aby udostępnić","download_started":"Rozpoczęto pobieranie","download_stopped":"Zatrzymano pobieranie","download_downloading":"Pobieranie…","download_succeeded":"Zakończono pobieranie","download_failed":"Pobieranie nieudane","download_text_by_default":"{{name}}","download_downloading_text_2":"{{percentage}}% - {{name}}","search-or-enter-address":{"_":"Search or enter address","placeholder":"Search or enter address"},"noSIMCardInHotspot":"Hotspot Wi-Fi został wyłączony, ponieważ nie wykryto karty SIM","brandShortName":"B2G OS","browserBrandShortName":"Web Browser","browserBrandFullName":"Mozilla Web Browser","weekday-0-long":"Niedziela","weekday-1-long":"Poniedziałek","weekday-2-long":"Wtorek","weekday-3-long":"Środa","weekday-4-long":"Czwartek","weekday-5-long":"Piątek","weekday-6-long":"Sobota","weekday-0-short":"Nd","weekday-1-short":"Pn","weekday-2-short":"Wt","weekday-3-short":"Śr","weekday-4-short":"Cz","weekday-5-short":"Pt","weekday-6-short":"Sb","month-0-long":"Styczeń","month-1-long":"Luty","month-2-long":"Marzec","month-3-long":"Kwiecień","month-4-long":"Maj","month-5-long":"Czerwiec","month-6-long":"Lipiec","month-7-long":"Sierpień","month-8-long":"Wrzesień","month-9-long":"Październik","month-10-long":"Listopad","month-11-long":"Grudzień","month-0-genitive":"stycznia","month-1-genitive":"lutego","month-2-genitive":"marca","month-3-genitive":"kwietnia","month-4-genitive":"maja","month-5-genitive":"czerwca","month-6-genitive":"lipca","month-7-genitive":"sierpnia","month-8-genitive":"września","month-9-genitive":"października","month-10-genitive":"listopada","month-11-genitive":"grudnia","month-0-short":"sty","month-1-short":"lut","month-2-short":"mar","month-3-short":"kwi","month-4-short":"maj","month-5-short":"cze","month-6-short":"lip","month-7-short":"sie","month-8-short":"wrz","month-9-short":"paź","month-10-short":"lis","month-11-short":"gru","minutes-ago-long":{"_index":["plural","value"],"_":{"zero":"w tym momencie","one":"przed minutą","two":"dwie minuty temu","few":"{{value}} minuty temu","many":"{{value}} minut temu","other":"{{value}} minut temu"}},"hours-ago-long":{"_index":["plural","value"],"_":{"zero":"w tej godzinie","one":"godzinę temu","two":"dwie godziny temu","few":"{{value}} godziny temu","many":"{{value}} godzin temu","other":"{{value}} godzin temu"}},"days-ago-long":{"_index":["plural","value"],"_":{"zero":"dzisiaj","one":"wczoraj","two":"przedwczoraj","few":"{{value}} dni temu","many":"{{value}} dni temu","other":"{{value}} dni temu"}},"weeks-ago-long":{"_index":["plural","value"],"_":{"zero":"w tym tygodniu","one":"w zeszłym tygodniu","two":"dwa tygodnie temu","few":"{{value}} tygodnie temu","many":"{{value}} tygodni temu","other":"{{value}} tygodni temu"}},"months-ago-long":{"_index":["plural","value"],"_":{"zero":"w tym miesiącu","one":"w zeszłym miesiącu","two":"dwa miesiące temu","few":"{{value}} miesiące temu","many":"{{value}} miesięcy temu","other":"{{value}} miesięcy temu"}},"years-ago-long":{"_index":["plural","value"],"_":{"zero":"w tym roku","one":"w zeszłym roku","two":"dwa lata temu","few":"{{value}} lata temu","many":"{{value}} lat temu","other":"{{value}} lat temu"}},"minutes-until-long":{"_index":["plural","value"],"_":{"zero":"teraz","one":"za minutę","two":"za dwie minuty","few":"za {{value}} minuty","many":"za {{value}} minut","other":"za {{value}} minut"}},"hours-until-long":{"_index":["plural","value"],"_":{"zero":"teraz","one":"za godzinę","two":"za dwie godziny","few":"za {{value}} godziny","many":"za {{value}} godzin","other":"za {{value}} godzin"}},"days-until-long":{"_index":["plural","value"],"_":{"zero":"dzisiaj","one":"jutro","two":"za dwa dni","few":"za {{value}} dni","many":"za {{value}} dni","other":"za {{value}} dni"}},"weeks-until-long":{"_index":["plural","value"],"_":{"zero":"w tym tygodniu","one":"w przyszłym tygodniu","two":"za dwa tygodnie","few":"za {{value}} tygodnie","many":"za {{value}} tygodni","other":"za {{value}} tygodni"}},"months-until-long":{"_index":["plural","value"],"_":{"zero":"w tym miesiącu","one":"w przyszłym miesiącu","two":"za dwa miesiące","few":"za {{value}} miesiące","many":"za {{value}} miesięcy","other":"za {{value}} miesięcy"}},"years-until-long":{"_index":["plural","value"],"_":{"zero":"w tym roku","one":"w przyszłym roku","two":"za dwa lata","few":"za {{value}} lata","many":"za {{value}} lat","other":"za {{value}} lat"}},"minutes-ago-short":{"_index":["plural","value"],"_":{"zero":"teraz","other":"{{value}} min temu"}},"hours-ago-short":{"_index":["plural","value"],"_":{"zero":"teraz","other":"{{value}} godz. temu"}},"days-ago-short":{"_index":["plural","value"],"_":{"zero":"dzisiaj","other":"{{value}} dni temu"}},"minutes-until-short":{"_index":["plural","value"],"_":{"zero":"teraz","other":"za {{value}} min"}},"hours-until-short":{"_index":["plural","value"],"_":{"zero":"teraz","other":"za {{value}} godz."}},"days-until-short":{"_index":["plural","value"],"_":{"zero":"dzisiaj","other":"za {{value}} dni"}},"incorrectDate":"(nieprawidłowa data)","dateTimeFormat_%c":"%a, %e %b %Y, %H:%M:%S","dateTimeFormat_%x":"%e.%m.%Y","dateTimeFormat_%X":"%H:%M:%S","shortTimeFormat":"%H:%M","shortDateTimeFormat":"%x %H:%M","weekStartsOnMonday":"1","time_am":"AM","time_pm":"PM","perm-contacts":"Książka adresowa","perm-contacts-appRequest":"Aplikacja „{{app}}” chciałaby uzyskać dostęp do książki adresowej telefonu.","perm-contacts-webRequest":"Strona „{{site}}” chciałaby uzyskać dostęp do książki adresowej telefonu.","perm-desktop-notification":"Powiadomienia","perm-desktop-notification-appRequest":"Aplikacja „{{app}}” chciałaby wyświetlać powiadomienia na telefonie.","perm-desktop-notification-webRequest":"Strona „{{site}}” chciałaby wyświetlać powiadomienia na telefonie.","perm-device-storage-music":"Muzyka","perm-device-storage-music-appRequest":"Aplikacja „{{app}}” chciałaby uzyskać dostęp do zgromadzonej muzyki.","perm-device-storage-music-webRequest":"Strona „{{site}}” chciałaby uzyskać dostęp do zgromadzonej muzyki.","perm-device-storage-pictures":"Zdjęcia","perm-device-storage-pictures-appRequest":"Aplikacja „{{app}}” chciałaby uzyskać dostęp do zgromadzonych zdjęć.","perm-device-storage-pictures-webRequest":"Strona „{{site}}” chciałaby uzyskać dostęp do zgromadzonych zdjęć.","perm-device-storage-sdcard":"Karta pamięci","perm-device-storage-sdcard-appRequest":"Aplikacja „{{app}}” chciałaby uzyskać dostęp do karty pamięci.","perm-device-storage-sdcard-webRequest":"Strona „{{site}}” chciałaby uzyskać dostęp do karty pamięci.","perm-device-storage-videos":"Filmy","perm-device-storage-videos-appRequest":"Aplikacja „{{app}}” chciałaby uzyskać dostęp do zgromadzonych filmów.","perm-device-storage-videos-webRequest":"Strona „{{site}}” chciałaby uzyskać dostęp do zgromadzonych filmów.","perm-fmradio":"Radio","perm-fmradio-appRequest":"Aplikacja „{{app}}” chciałaby uzyskać dostęp do radia telefonu.","perm-fmradio-webRequest":"Strona „{{site}}” chciałaby uzyskać dostęp do radia telefonu.","perm-geolocation":"Usługi lokalizacji położenia","perm-geolocation-appRequest":"Aplikacja „{{app}}” chciałaby uzyskać dostęp do informacji o położeniu urządzenia.","perm-geolocation-webRequest":"Strona „{{site}}” chciałaby uzyskać dostęp dostęp do informacji o położeniu urządzenia.","perm-geolocation-more-info":"{{brandShortName}} wykorzystuje dane pochodzące z GPS, z sieci komórkowych oraz Wi-Fi, aby ustalić przybliżone położenie. Dane są wysyłane do Mozilli oraz innych usługodawców i zagregowane będą wykorzystywane do doskonalenia ich baz danych położenia. Dane mogą być przechowywane na urządzeniu, a ich zbieranie może następować, nawet jeśli nie uruchomiono żadnych aplikacji.","perm-video-capture":"Aparat","perm-video-capture-appRequest":"Aplikacja „{{app}}” chciałaby uzyskać dostęp do aparatu.","perm-video-capture-webRequest":"Strona „{{site}}” chciałaby uzyskać dostęp do aparatu.","perm-audio-capture":"Mikrofon","perm-audio-capture-appRequest":"Aplikacja „{{app}}” chciałaby uzyskać dostęp do mikrofonu.","perm-audio-capture-webRequest":"Strona „{{site}}” chciałaby uzyskać dostęp do mikrofonu.","perm-media-capture":"Aparat i mikrofon","perm-media-capture-appRequest":"Aplikacja „{{app}}” chciałaby uzyskać dostęp do aparatu i mikrofonu.","perm-media-capture-webRequest":"Strona „{{site}}” chciałaby uzyskać dostęp do aparatu i mikrofonu.","stopped_download_title":"Przerwane pobieranie","stopped_download_message":"Pobieranie zostało przerwane, spróbować ponownie?","stopped_download_left_button":"Anuluj","stopped_download_right_button":"Spróbuj ponownie","failed_download_title":"Nieudane pobieranie","failed_download_message":"Pobieranie „{{name}}” nie powiodło się, spróbować ponownie?","failed_download_left_button":"Anuluj","failed_download_right_button":"Spróbuj ponownie","stop_download_title":"Zatrzymywanie pobierania","stop_download_message":"Na pewno przerwać pobieranie?","stop_download_left_button":"Nie","stop_download_right_button":"Tak","delete_download_title":"Usuwanie pliku","delete_download_message":"Usunąć „{{name}}”?","delete_download_left_button":"Anuluj","delete_download_right_button":"Usuń","delete_all_download_title":"Usuwanie plików","delete_all_download_left_button":"Anuluj","delete_all_download_right_button":"Usuń","delete_all_download_message":{"_index":["plural","number"],"_":{"zero":"Nic nie usuwać?","one":"Usunąć plik?","two":"Usunąć dwa pliki?","few":"Usunąć {{number}} pliki?","many":"Usunąć {{number}} plików?"}},"unsupported_file_type_download_title":"Błąd otwierania","unsupported_file_type_download_message":"Brakuje aplikacji, która może otworzyć plik „{{name}}”. Mimo tego zatrzymać plik czy go usunąć?","unsupported_file_type_download_left_button":"Zatrzymaj plik","unsupported_file_type_download_right_button":"Usuń","file_not_found_download_title":"Nie odnaleziono pliku","file_not_found_download_message":"Nie udało się odnaleźć pliku na urządzeniu.","file_not_found_download_right_button":"OK","unmounted_sdcard_2_download_title":"Karta pamięci obecnie używana","unmounted_sdcard_2_download_message":"Odłącz telefon","unmounted_sdcard_2_download_right_button":"OK","no_provider_download_title":"Błąd udostępniania","no_provider_download_message":"Brak konfiguracji dostawcy usługi","no_provider_download_right_button":"OK","no_memory_download_title":"Pełna karta pamięci","no_memory_download_message":"Na karcie pamięci nie ma wystarczającej ilości wolnego miejsca, aby zapisać ten plik. Proszę usunąć jakieś pliki przed wznowieniem pobierania.","no_memory_download_right_button":"OK","no_sdcard_found_2_download_title":"Brak karty pamięci","no_sdcard_found_2_download_message":"Należy włożyć kartę pamięci lub wybrać inną domyślną lokalizację plików w ustawieniach","no_sdcard_found_2_download_right_button":"OK","file_open_error_download_title":"Błąd otwierania","file_open_error_download_message":"Wystąpił błąd podczas otwierania pliku „{{name}}”. Mimo tego zatrzymać plik czy go usunąć?","file_open_error_download_left_button":"Zatrzymaj plik","file_open_error_download_right_button":"Usuń","restart_download_error":"Wystąpił błąd podczas wznawiania pobierania. Proszę spróbować pobrać ponownie.","no-downloads":"Brak pobranych plików","percentage":"{{percentage}}%","partialResult":"{{partial}} z {{total}}","summary":"{{date}} - {{status}}","download-stopped":"Zatrzymano","download-failed":"Niepowodzenie","open_downloaded_file":"Otwórz","share_downloaded_file":"Udostępnij","wallpaper_downloaded_file":"Ustaw jako tło ekranu","ringtone_downloaded_file":"Ustaw jako dzwonek","cancel_downloaded_file":"Anuluj","voicemailNoNumberTitle":"Voicemail number is unavailable","voicemailNoNumberText":"Unable to call the voicemail. Set up the voicemail number to place the call.","voicemailNoNumberSettings":"Settings","voicemailNoNumberCancel":"Cancel","firefox-accounts-title":"Firefox Accounts","fxa-next":"Next","fxa-back":"Back","fxa-done":"Done","fxa-ok":"OK","fxa-account-does-not-exist-title":"Account does not exist","fxa-account-does-not-exist-message":"Account does not exist","fxa-cannot-create-account":"Unable to create account","fxa-cannot-create-password":"Unable to reset your Firefox Accounts password right now.","fxa-already-signed-in-title":"User is already signed in","fxa-already-signed-in-message":"There is an user is already signed in Firefox.","fxa-invalid-password-title":"Invalid password","fxa-invalid-password-message":"You have used an invalid password. Please try again with a valid one.","fxa-invalid-email-title":"Invalid email address","fxa-invalid-email-message":"You have used an invalid email address. Please try again with a valid one.","fxa-connection-error-title":"Unable to connect","fxa-connection-error-message":"Unable to connect to Firefox right now. You can sign in or create an account from your phone's settings or try it again.","fxa-reset-password-error-title":"Unable to reset password","fxa-reset-password-error-message":"Your password was not reset. Please try again.","fxa-reset-password-in-settings-title":"Reset Password","fxa-reset-password-in-settings-message":"You can reset your password from your phone's settings.","fxa-generic-error-title":"Unable to connect to Firefox","fxa-generic-error-message":"Unable to connect to Firefox Accounts right now. Try your phone's settings or check your connection to Internet.","fxa-coppa-failure-error-title":"Cannot Create Account","fxa-coppa-failure-error-message":"You must meet certain age requirements to create a Firefox Accounts. <a href='http://www.ftc.gov/news-events/media-resources/protecting-consumer-privacy/kids-privacy-coppa'>Learn more</a>","fxa-coppa-ftu-error-message":"You must meet certain age requirements to create a Firefox Accounts. Try again later from Settings.","fxa-offline-error-title":"Unable to connect to Firefox","fxa-offline-error-message":"Unable to connect to Firefox Accounts right now. Check your phone' settings and your Internet connection.","fxa-unknown-error-title":"Unknown error","fxa-unknown-error-message":"Unknown error","fxa-connecting-to-firefox":"Connecting to Firefox Accounts","fxa-email-input":{"placeholder":"Email"},"fxa-use-email-to-sign-in":"Use your email address to create an account or sign in.","fxa-agree-to-tos-pp":"By proceeding, you agree to our <a href=\"#fxa-tos\">Terms of Service</a> and <a href=\"#fxa-pp\">Privacy Policy</a>","fxa-set-password-title":"Enter your new password","fxa-enter-password-title":"Enter your password","fxa-hello-user":"Hello, <a id=\"fxa-user-email\">hola@email.com</a>","fxa-password-refresh":"Please enter your Firefox Account password for <a id=\"fxa-user-email\">hola@email.com</a> to continue.","fxa-password":{"placeholder":"Password"},"fxa-forgot-password":"I forgot my password","fxa-show-password":"Show password","fxa-authenticating":"Authenticating","fxa-registering":"Registering","fxa-success":"Success!","fxa-ready-to-go":"Your Firefox Account is ready to go! ","fxa-use-services":"Now you can use <span id=\"fxa-summary-email\">email</span> to access services like Marketplace and Where’s My Fox.","fxa-manage-account-settings":"In the future, you can access and manage your account from your phone's settings.","fxa-confirm-account":"Confirm Your Account","fxa-sending-email-to":"We have sent you an email to: <strong id=\"fxa-summary-email\">email</strong>","fxa-tos-header":"Terms of Service","fxa-tos1":"Lorem ipsum dolor sit amet, consectetur adipisicing elit, sed do eiusmod tempor incididunt ut labore et dolore magna aliqua. Ut enim ad minim veniam, quis nostrud exercitation ullamco laboris nisi ut aliquip ex ea commodo consequat. Duis aute irure dolor in reprehenderit in voluptate velit esse cillum dolore eu fugiat nulla pariatur. ","fxa-tos2":"Excepteur sint occaecat qui of fi cia deserunt mollit anim id est laborum.  Lorem ipsum dolor sit amet, consectetur adipisicing elit, sed do eiusmod tempor incididunt ut labore et dolore magna aliqua. Ut enim ad minim veniam,quis nostrud exercitation ullamco laboris nisi ut aliquip ex ea commodo consequat. Duis aute irure dolor in.","fxa-pp-header":"Privacy Policy","fxa-pp1":"Lorem ipsum dolor sit amet, consectetur adipisicing elit, sed do eiusmod tempor incididunt ut labore et dolore magna aliqua. Ut enim ad minim veniam, quis nostrud exercitation ullamco laboris nisi ut aliquip ex ea commodo consequat. Duis aute irure dolor in reprehenderit in voluptate velit esse cillum dolore eu fugiat nulla pariatur. ","fxa-pp2":"Excepteur sint occaecat qui of fi cia deserunt mollit anim id est laborum.  Lorem ipsum dolor sit amet, consectetur adipisicing elit, sed do eiusmod tempor incididunt ut labore et dolore magna aliqua. Ut enim ad minim veniam,quis nostrud exercitation ullamco laboris nisi ut aliquip ex ea commodo consequat. Duis aute irure dolor in.","fxa-age-verification":"Age Verification","fxa-age-1990-earlier":"1990 or earlier","fxa-year-of-birth":"Year of Birth"}