{"ok":"OK","back":"Voltar","help":"Ajuda","cancel":"Cancelar","close":"Fechar","skip":"Pular","airplaneMode":"Modo avião","searching":"Procurando…","noNetwork":"Sem rede","roaming":"{{operator}} (roaming)","emergencyCallsOnly":"Apenas Chamadas de Emergência","emergencyCallsOnly-unknownSIMState":"(estado do cartão SIM desconhecido)","emergencyCallsOnly-noSIM":"(sem cartão SIM)","emergencyCallsOnly-pinRequired":"(PIN solicitado)","emergencyCallsOnly-pukRequired":"(PUK solicitado)","emergencyCallsOnly-networkLocked":"(rede bloqueada)","emergencyCallsOnly-serviceProviderLocked":"(bloqueio da operadora)","emergencyCallsOnly-corporateLocked":"(bloqueio coorporativo)","emergencyCallsOnly-network1Locked":"(network1 locked)","emergencyCallsOnly-network2Locked":"(network2 locked)","emergencyCallsOnly-hrpdNetworkLocked":"(hrpd network locked)","emergencyCallsOnly-ruimCorporateLocked":"(ruim corporate locked)","emergencyCallsOnly-ruimServiceProviderLocked":"(ruim service provider locked)","enterPIN":"Digite o PIN","statusbarLabel":"{{date}}, {{operator}}","statusbarDateFormat":"%e de %b","notifications":"Notificações","clear-all":"Limpar tudo","newVoicemails":{"_index":["plural","n"],"_":{"zero":"Nenhuma mensagem de voz","one":"Uma mensagem de voz nova","two":"{{n}} novas mensagens de voz","few":"{{n}} novas mensagens de voz","many":"{{n}} novas mensagens de voz","other":"{{n}} novas mensagens de voz"}},"newVoicemailsUnknown":"Novas mensagens de voz","dialNumber":"Chamar {{number}}","voicemailNotificationMultiSim":"(SIM {{n}}) {{title}}","confirmNFCConnectMsg1":"Are you sure you want to connect to the device?","confirmNFCConnectMsg2":"Turn on Bluetooth and connect to the device?","confirmNFCConnectMsg3":"Are you sure you want to connect to {{n}}?","confirmNFCConnectMsg4":"Turn on Bluetooth and connect to {{n}}?","deviceMenu":"Telefone","airplane":"Ativar modo avião","airplaneOff":"Desativar modo avião","silent":"Silenciar chamadas","normal":"Tocar chamadas","restart":"Reiniciar","power":"Desligar","asyncpanzoom":"Desativar APZ em aplicativos","asyncpanzoomOff":"Ativar APZ em aplicativos","enableScreenReaderSteps":"To enable screen reader, press volume up then volume down buttons three more times","disableScreenReaderSteps":"To disable screen reader, press volume up then volume down buttons three more times","no-recent-apps":"Nenhum aplicativo recente","yes":"Sim","no":"Não","dontallow":"Don’t allow","allow":"Permitir","dontshare-geolocation":"Não compartilhar","share-geolocation":"Compartilhar","dontshare-audio-capture":"Não compartilhar","share-audio-capture":"Compartilhar","dontshare-video-capture":"Não compartilhar","share-video-capture":"Compartilhar","dontshare-media-capture":"Não compartilhar","share-media-capture":"Compartilhar","device-front":"Câmera frontal","device-back":"Câmera traseira","remember-my-choice":"Memorizar minha decisão","more-info":"Mais informações…","hide-info":"Hide info","install-app":"Instalar {{name}}?","size":"Tamanho","author":"Autor","size-unknown":"Desconhecido","author-unknown":"Desconhecido","install":"Instalar","bytes":"bytes","kB":"KB","MB":"MB","GB":"GB","TB":"TB","PB":"PB","app-install-generic-error":"O download de {{ appName }} parou","app-install-download-failed":"O download de {{ appName }} falhou","app-install-install-failed":"A instalação de {{ appName }} falhou","cancelling-will-not-refund":"Cancelar o download não reembolsará sua compra. Reembolsos de conteúdos pagos são realizados pelo vendedor.","apps-can-be-installed-later":"Os aplicativos podem ser instalados mais tarde na fonte de instalação original.","are-you-sure-you-want-to-cancel":"Tem certeza de que deseja cancelar esta instalação?","cancel-install":"Cancelar instalação","cancel-install-button":"Cancel Install","resume":"Continuar","continue":"Continuar","stopDownloading":"Parar o download de {{ app }}?","app-download-can-be-restarted":"O download poderá ser reiniciado mais tarde.","app-download-stop-button":"Parar download","not-enough-space":"Não há espaço suficiente","not-enough-space-message":"Não há espaço suficiente para instalar esse aplicativo. Libere espaço apagando aplicativos antigos ou mídias e tente instalá-lo novamente.","app-install-success":"{{ appName }} instalado","setup":"Configurar","ime-addkeyboards":"Adicionar teclados","later":"Mais tarde","download":"Baixar","wantToDownload":"Baixar atualização agora?","wantToInstall":"Instalar atualização agora?","installNow":"Instalar agora","notNow":"Agora não","downloadingUpdateMessage":{"innerHTML":"Baixando atualizações… <span>{{ progress }} baixados.</span>"},"downloadingAppMessage":"Baixando {{ appName }}","downloadingAppProgressNoMax":"{{ progress }} baixados","downloadingAppProgressIndeterminate":"Baixando","downloadingAppProgress":"{{ progress }} baixados de {{ max }}","cancelAllDownloads":"Cancelar todos os downloads","wantToCancelAll":"Tem certeza de que quer cancelar todos os downloads?","downloadError":"Ocorreu um erro ao baixar as atualizações.","updateAvailableInfo":{"innerHTML":{"_index":["plural","n"],"_":{"one":"{{ n }} atualização disponível. <span>Toque para mais informações.</span>","two":"{{ n }} atualizações disponíveis. <span>Toque para mais informações.</span>","few":"{{ n }} atualizações disponíveis. <span>Toque para mais informações.</span>","many":"{{ n }} atualizações disponíveis. <span>Toque para mais informações.</span>","other":"{{ n }} atualizações disponíveis. <span>Toque para mais informações.</span>"}}},"numberOfUpdates":{"_index":["plural","n"],"_":{"one":"{{ n }} atualização disponível","two":"{{ n }} atualizações disponíveis","few":"{{ n }} atualizações disponíveis","many":"{{ n }} atualizações disponíveis","other":"{{ n }} atualizações disponíveis"}},"systemUpdate":"Atualização do sistema","systemUpdateReady":"Atualização do sistema pronta","required":"Obrigatória","uncompressingMessage":{"innerHTML":"Descompactando… <span>Isso pode levar alguns minutos.</span>"},"downloadNoWifiWarning":"Wi-Fi indisponível. Atualizar com a conexão atual pode gerar custos adicionais.","downloadOfflineWarning":"Conexão indisponível. Conecte-se a uma rede para baixar atualizações.","downloadDataConnectionWarning":"Atualizações são baixadas via conexão de dados quando Wi-Fi não está disponível. Taxas adicionais podem ser cobradas.","downloadUpdatesViaDataConnection":"Baixar atualizações via conexão de dados?","downloadUpdatesViaDataConnectionMessage":"Atualizações são baixadas via conexão de dados quando Wi-Fi não está disponível. Ao usar a conexão de dados, chamadas podem ser bloqueadas e taxas adicionais podem ser cobradas.","screenshotSaved":"Captura de tela salva","screenshotFailed":"A captura de tela não pôde ser salva","screenshotNoSDCard":"Nenhum cartão de memória encontrado","screenshotSDCardInUse":"O cartão de memória está em uso","screenshotSDCardLow":"Não há espaço suficiente no cartão de memória","emergency-call-button":"Chamada de Emergência","emergency-call":"Chamada de Emergência","unlock-a11y-button":{"ariaLabel":"Desbloquear"},"camera-a11y-button":{"ariaLabel":"Câmera"},"longDateFormat":"%A, %e de %B","softwareHomeButton":{"ariaLabel":"Início"},"login":"Entrar","username":"Nome de usuário","password":"Senha","http-authentication-message":"Um nome de usuário e senha estão sendo solicitados por {{host}}. O site diz: “{{realm}}”","error-message":"O aplicativo não está carregando adequadamente","error-title":"O aplicativo está tendo problemas","airplane-is-on":"O modo avião está ativado","airplane-is-turned-on":"{{name}} requer uma conexão de rede. Desative o modo avião nas Configurações e conecte-se a uma rede móvel ou Wi-Fi.","server-not-found":"Servidor não encontrado","server-not-found-error":"Não foi possível encontrar o servidor em {{name}}.","file-not-found":"File not found","file-not-found-error":"The device can’t display this page because the file cannot be found.","connection-failed":"Unable to connect","connection-failed-error":"A network error occurred while trying to reach the site.","invalid-connection":"Unable to connect","invalid-connection-error":"A network error occurred while trying to reach the site.","malformed-uri":"URL not valid","malformed-uri-error":"The URL entered is not valid and cannot be loaded.","redirect-loop":"Can’t display page","redirect-loop-error":"The device can’t display this page because the page is not redirecting properly. Try this page again at a later time.","not-cached":"Page expired","not-cached-error":"As a security precaution, this page cannot be displayed by the device because it has expired.","is-printing-error":"The document cannot change while Printing or in Print Preview.","denied-port-access":"This address is restricted","denied-port-access-error":"This address uses a network port which is normally used for purposes other than Web browsing. The device has cancelled the request for your protection.","proxy-resolve-failure":"Proxy Server Error","proxy-resolve-failure-error":"The device is configured to use a proxy server that can’t be found.","proxy-connect-failure":"Proxy Server Error","proxy-connect-failure-error":"The device is configured to use a proxy server that is refusing connections.","content-encoding":"Can’t display page","content-encoding-error":"The device can’t display this page because a content encoding error occurred.","remote-xul":"Page unsupported","remote-xul-error":"This page can’t be displayed because it uses a technology that is not supported on the device.","phishing-blocked":"Warning","phishing-blocked-error":"The website has been reported as a web forgery designed to trick users into sharing personal or financial information.","malware-blocked":"Malware attack blocked","malware-blocked-error":"The site at has been reported as an attack site and has been blocked.","unsafe-content-type":"Unsafe content","unsafe-content-type-error":"The page cannot be shown because it may not be safe to open.","corrupted-content":"Can’t display page","corrupted-content-error":"The page cannot be shown because an error in the data transmission was detected.","network-connection-unavailable":"Conexão de rede indisponível","network-error":"{{name}} requer uma conexão de rede. Tente conectar-se a uma rede móvel ou Wi-Fi.","network-error-launching":"{{name}} requires an Internet connection.","network-error-in-app":"No access to the Internet right now.","unable-to-connect":"Não foi possível conectar","try-again":"Tentar novamente","check-settings":"Check settings","tap-to-check-settings":"Tap to check settings","select-time":"Selecionar hora","choose-option":"Selecionar","choose-options":"Selecionar","select-day":"Selecionar dia","battery-almost-empty":"Bateria quase vazia","add-to-home-screen":"Adicionar à tela inicial","crash-dialog2-os":"O {{brandShortName}} recuperou-se de um travamento","crash-dialog-app":"{{name}} travou","crash-dialog-message":"Você gostaria de enviar um relatório de travamento à Mozilla para nos ajudar a corrigir o problema? (Relatórios são enviados somente via Wi-Fi)","crash-info-link":"O que está incluso em um relatório de travamento?","crash-always-report":"Sempre enviar um relatório à Mozilla quando um travamento ocorrer.","crash-dont-send":"Não enviar","crash-end":"Enviar relatório","crashReports":"Relatórios de travamento","done":"Concluído","crash-reports-description-1":"Um relatório de travamento contém alguns detalhes do travamento e do seu aparelho, além de uma cópia do estado do seu aparelho quando ele travou.","crash-reports-description-2":"Isso pode incluir coisas como páginas e aplicativos abertos, texto digitado em formulários e o conteúdo de mensagens abertas, histórico de navegação ou geolocalização usada por algum aplicativo aberto.","crash-reports-description-3-start":"Nós usamos os relatórios de travamentos para tentar corrigir problemas e melhorar nossos produtos. Nós lidamos com suas informações conforme detalhado em nossa","crash-reports-description-3-privacy":"política de privacidade","crash-reports-description-3-end":".","crash-banner-os2":"O {{brandShortName}} travou.","crash-banner-app":"{{name}} travou.","crash-banner-report":"Enviar relatório","bluetooth-sending-progress":"Enviando tranferência Bluetooth…","bluetooth-receiving-progress":"Recebendo tranferência Bluetooth…","acceptFileTransfer":"Aceitar transferência de arquivo via Bluetooth?","wantToReceiveFile":"{{deviceName}} gostaria de enviar {{fileName}} ({{fileSize}}).","transfer-confirmation-title":"{{deviceName}}","transfer-confirmation-description":"Aceitar o pedido de transferência.","byteUnit-B":"Bytes","byteUnit-KB":"kB","byteUnit-MB":"MB","byteUnit-GB":"GB","byteUnit-TB":"TB","byteUnit-PB":"PB","byteUnit-EB":"EB","byteUnit-ZB":"ZB","byteUnit-YB":"YB","fileSize":"{{size}} {{unit}}","deny":"Negar","transfer":"Receber","cancelFileTransfer":"Cancelar transferência de arquivo via Bluetooth?","continueFileTransfer":"Continue","transfer-has-started-title":"A transferência começou","transfer-has-started-description":"Confira o progresso no centro de notificações","transferFinished-sentSuccessful-title":"Arquivo enviado","transferFinished-receivedSuccessful-title":"Arquivo recebido","transferFinished-sentFailed-title":"O arquivo não pôde ser enviado","transferFinished-receivedFailed-title":"O arquivo não pôde ser recebido","transferReport-title":"Relatório da transferência:","transferReport-description":"{{numSuccessful}} arquivos transferidos, {{numUnsuccessful}} arquivos falharam","unknown-file":"Arquivo desconhecido","unknown-device":"Dispositivo desconhecido","cannotOpenFile":"Não foi possível abrir o arquivo recebido","unknownMediaTypeToOpen":"Não é possível abrir tipo de mídia desconhecido:","cannotReceiveFile":"Não foi possível receber o arquivo","cannotGetStorageState":"Não foi possível obter o estado da memória do aparelho","sdcard-not-exist2":"Nenhum cartão de memória foi encontrado. Por favor, insira um cartão de memória.","sdcard-in-use":"Não é possível transferir arquivos enquanto o cartão de memória estiver em uso. Por favor, desplugue seu aparelho para receber arquivos.","sdcard-no-space2":"Não foi possível completar a transferência: o cartão de memória está cheio.","unknown-error":"Erro desconhecido","confirm":"Confirmar","microphone-is-on":"Microfone ligado","camera-is-on":"Câmera ligada","media-is-on":"Câmera e microfone ligados","noSimCard":"Nenhum cartão SIM inserido","simPin":"PIN do cartão SIM","pukCode":"Código PUK","nckCode":"Código NCK","cckCode":"Código CCK","spckCode":"Código SPCK","nck1code":"NCK1 code","nck2code":"NCK2 code","hnckcode":"HNCK code","rcckcode":"RCCK code","rspckcode":"RSPCK code","whatIsSimPin":"O que é o PIN do cartão SIM?","simPinIntro1":"Um código PIN impede o acesso às redes de dados do seu cartão SIM. Quando ativado, qualquer aparelho com um cartão SIM solicitará o código PIN ao ser ligado.","simPinIntro2":"O código PIN do cartão SIM não é o mesmo que o código usado para desbloquear seu aparelho.","changeSimPin":"Alterar PIN","pinTitle":"Inserir PIN do cartão SIM","multiSIMpinTitle":"Inserir PIN do cartão SIM {{n}}","pukTitle":"Inserir código PUK","nckTitle":"Inserir código NCK","cckTitle":"Inserir código CCK","spckTitle":"Inserir código SPCK","nck1Title":"Enter NCK1 code","nck2Title":"Enter NCK2 code","hnckTitle":"Enter HNCK code","rcckTitle":"Enter RCCK code","rspckTitle":"Enter RSPCK code","newpinTitle":"Novo PIN","inputCodeRetriesLeft":{"_index":["plural","n"],"_":{"one":"última tentativa.","two":"restam {{n}} tentativas.","few":"restam {{n}} tentativas.","many":"restam {{n}} tentativas.","other":"restam {{n}} tentativas."}},"pinErrorMsg":"O PIN está incorreto.","pinAttemptMsg2":{"_index":["plural","n"],"_":{"one":"Você tem mais uma tentativa para inserir o código correto antes de bloquear o cartão SIM.","two":"Você tem {{n}} tentativas para inserir o código correto antes de bloquear o cartão SIM.","few":"Você tem {{n}} tentativas para inserir o código correto antes de bloquear o cartão SIM.","many":"Você tem {{n}} tentativas para inserir o código correto antes de bloquear o cartão SIM.","other":"Você tem {{n}} tentativas para inserir o código correto antes de bloquear o cartão SIM."}},"pinLastChanceMsg":"Esta é a sua última chance de inserir o PIN correto. Caso contrário, você deverá inserir o código PUK para usar esse cartão SIM.","simCardLockedMsg":"O cartão SIM está bloqueado.","enterPukMsg":"Você deve inserir o código PUK do cartão SIM. Consulte a documentação do cartão SIM ou entre em contato com sua operadora para mais informações.","pukErrorMsg":"O código PUK está incorreto.","pukAttemptMsg2":{"_index":["plural","n"],"_":{"one":"Você tem mais uma tentativa para inserir o código correto antes de tornar este cartão SIM permanentemente inutilizável. Consulte a documentação do cartão SIM ou entre em contato com sua operadora para mais informações.","two":"Você tem {{n}} tentativas para inserir o código correto antes de tornar este cartão SIM permanentemente inutilizável. Consulte a documentação do cartão SIM ou entre em contato com sua operadora para mais informações.","few":"Você tem {{n}} tentativas para inserir o código correto antes de tornar este cartão SIM permanentemente inutilizável. Consulte a documentação do cartão SIM ou entre em contato com sua operadora para mais informações.","many":"Você tem {{n}} tentativas para inserir o código correto antes de tornar este cartão SIM permanentemente inutilizável. Consulte a documentação do cartão SIM ou entre em contato com sua operadora para mais informações.","other":"Você tem {{n}} tentativas para inserir o código correto antes de tornar este cartão SIM permanentemente inutilizável. Consulte a documentação do cartão SIM ou entre em contato com sua operadora para mais informações."}},"pukLastChanceMsg":"Esta é a sua última chance de inserir o código PUK correto. Seu cartão SIM se tornará permanentemte inutilizável se você inserir o código PUK errado.","newSimPinMsg":"Criar PIN (deve conter entre 4 e 8 dígitos)","confirmNewSimPinMsg":"Confirmar novo PIN","newPinErrorMsg":"Os PINs não correspondem.","nckErrorMsg":"O código NCK está incorreto.","nckAttemptMsg2":{"_index":["plural","n"],"_":{"one":"A solicitação de desbloqueio falhou. Você tem mais uma tentativa para inserir o código correto. Consulte a documentação do seu aparelho ou entre em contato com sua operadora para mais informações.","two":"A solicitação de desbloqueio falhou. Você tem {{n}} tentativas para inserir o código correto. Consulte a documentação do seu aparelho ou entre em contato com sua operadora para mais informações.","few":"A solicitação de desbloqueio falhou. Você tem {{n}} tentativas para inserir o código correto. Consulte a documentação do seu aparelho ou entre em contato com sua operadora para mais informações.","many":"A solicitação de desbloqueio falhou. Você tem {{n}} tentativas para inserir o código correto. Consulte a documentação do seu aparelho ou entre em contato com sua operadora para mais informações.","other":"A solicitação de desbloqueio falhou. Você tem {{n}} tentativas para inserir o código correto. Consulte a documentação do seu aparelho ou entre em contato com sua operadora para mais informações."}},"nckLastChanceMsg":"A solicitação de desbloqueio falhou. Esta é a sua última chance de inserir o código correto. Consulte a documentação do seu aparelho ou entre em contato com sua operadora para mais informações.","activity-pick":"Selecionar de:","activity-view":"Visualizar com:","activity-test":"Testar com:","activity-share":"Compartilhar usando:","activity-new":"Criar com:","activity-open":"Abrir com:","activity-save-bookmark":"Marcar em:","activity-record":"Gravar de:","activity-browse":"Navegar com:","activity-configure":"Configurar com:","activity-dial":"Ligar de:","persona-signin":"Entrar","payment-flow":"Adquirir","remoteDebuggerMessage":"Um pedido para estabelecer uma conexão remota de debugging foi detectado. Permitir conexão?","fullscreen-request":"{{origin}} agora está em tela cheia.","captive-wifi-available":"A rede {{networkName}} foi encontrada. Conectar-se?","ceWarningtitle":"Alerta de volume","ceWarningcontent":"Para proteger sua audição, evite ouvir som alto por longos períodos de tempo.","notification-powersaving-mode-on-title":"Economia de energia","notification-powersaving-mode-on-description":"O modo de economia de energia está ativado.","low-device-storage":"Pouco espaço disponível.\\n","free-space":{"_index":["plural","value"],"_":{"zero":"Não há espaço livre.","one":"Restam menos de {{value}} {{unit}}.","two":"Restam menos de {{value}} {{unit}}.","few":"Restam menos de {{value}} {{unit}}.","many":"Restam menos de {{value}} {{unit}}.","other":"Restam menos de {{value}} {{unit}}."}},"unknown-free-space":"Espaço livre desconhecido.","system-alert":"Alerta do sistema","cb-channel":"Canal {{channel}}","icc-message-title":"Operator message from SIM {{id}}","icc-confirmCall-defaultmessage":"Chamar {{number}}?","icc-alertMessage-defaultmessage":"Enviando mensagem","icc-confirmMessage-defaultmessage":"Enviar mensagem?","icc-inputbox-title":"STK Query from SIM {{id}}","emergency-callback-mode":"Modo de retorno de chamada de emergência","emergency-callback-message":"You can not make calls, send messages or go online because emergency callback mode is enabled. Would you like to turn it off?","cdma-record-info":"Informações do registro CDMA","ime-switching-title":"{{appName}}: {{name}}","ime-switching-tip":"Toque para trocar o método de entrada","layout-selection":"Selecionar layout","shrinking-tip":"Toque e arraste para compartilhar","download_started":"Download started","download_stopped":"Download stopped","download_downloading":"Downloading…","download_succeeded":"Download complete","download_failed":"Download failed","download_text_by_default":"{{name}}","download_downloading_text_2":"{{percentage}}% - {{name}}","search-or-enter-address":{"_":"Search or enter address","placeholder":"Search or enter address"},"noSIMCardInHotspot":"SIM card is absent or inserted incorrectly, so turn off hotspot","brandShortName":"B2G OS","browserBrandShortName":"Navegador da Web","browserBrandFullName":"Navegador da Web Mozilla","weekday-0-long":"Domingo","weekday-1-long":"Segunda-feira","weekday-2-long":"Terça-feira","weekday-3-long":"Quarta-feira","weekday-4-long":"Quinta-feira","weekday-5-long":"Sexta-feira","weekday-6-long":"Sábado","weekday-0-short":"Dom","weekday-1-short":"Seg","weekday-2-short":"Ter","weekday-3-short":"Qua","weekday-4-short":"Qui","weekday-5-short":"Sex","weekday-6-short":"Sáb","month-0-long":"Janeiro","month-1-long":"Fevereiro","month-2-long":"Março","month-3-long":"Abril","month-4-long":"Maio","month-5-long":"Junho","month-6-long":"Julho","month-7-long":"Agosto","month-8-long":"Setembro","month-9-long":"Outubro","month-10-long":"Novembro","month-11-long":"Dezembro","month-0-genitive":"Janeiro","month-1-genitive":"Fevereiro","month-2-genitive":"Março","month-3-genitive":"Abril","month-4-genitive":"Maio","month-5-genitive":"Junho","month-6-genitive":"Julho","month-7-genitive":"Agosto","month-8-genitive":"Setembro","month-9-genitive":"Outubro","month-10-genitive":"Novembro","month-11-genitive":"Dezembro","month-0-short":"Jan","month-1-short":"Fev","month-2-short":"Mar","month-3-short":"Abr","month-4-short":"Mai","month-5-short":"Jun","month-6-short":"Jul","month-7-short":"Ago","month-8-short":"Set","month-9-short":"Out","month-10-short":"Nov","month-11-short":"Dez","minutes-ago-long":{"_index":["plural","value"],"_":{"zero":"há pouco","one":"um minuto atrás","two":"{{value}} minutos atrás","few":"{{value}} minutos atrás","many":"{{value}} minutos atrás","other":"{{value}} minutos atrás"}},"hours-ago-long":{"_index":["plural","value"],"_":{"zero":"há pouco","one":"uma hora atrás","two":"{{value}} horas atrás","few":"{{value}} horas atrás","many":"{{value}} horas atrás","other":"{{value}} horas atrás"}},"days-ago-long":{"_index":["plural","value"],"_":{"zero":"hoje","one":"ontem","two":"{{value}} dias atrás","few":"{{value}} dias atrás","many":"{{value}} dias atrás","other":"{{value}} dias atrás"}},"weeks-ago-long":{"_index":["plural","value"],"_":{"zero":"esta semana","one":"semana passada","two":"{{value}} semanas atrás","few":"{{value}} semanas atrás","many":"{{value}} semanas atrás","other":"{{value}} semanas atrás"}},"months-ago-long":{"_index":["plural","value"],"_":{"zero":"este mês","one":"mês passado","two":"{{value}} meses atrás","few":"{{value}} meses atrás","many":"{{value}} meses atrás","other":"{{value}} meses atrás"}},"years-ago-long":{"_index":["plural","value"],"_":{"zero":"este ano","one":"ano passado","two":"{{value}} anos atrás","few":"{{value}} anos atrás","many":"{{value}} anos atrás","other":"{{value}} anos atrás"}},"minutes-until-long":{"_index":["plural","value"],"_":{"zero":"agora","one":"em um minuto","two":"em {{value}} minutos","few":"em {{value}} minutos","many":"em {{value}} minutos","other":"em {{value}} minutos"}},"hours-until-long":{"_index":["plural","value"],"_":{"zero":"agora","one":"em uma hora","two":"em {{value}} horas","few":"em {{value}} horas","many":"em {{value}} horas","other":"em {{value}} horas"}},"days-until-long":{"_index":["plural","value"],"_":{"zero":"hoje","one":"amanhã","two":"em {{value}} dias","few":"em {{value}} dias","many":"em {{value}} dias","other":"em {{value}} dias"}},"weeks-until-long":{"_index":["plural","value"],"_":{"zero":"esta semana","one":"semana que vem","two":"em {{value}} semanas","few":"em {{value}} semanas","many":"em {{value}} semanas","other":"em {{value}} semanas"}},"months-until-long":{"_index":["plural","value"],"_":{"zero":"este mês","one":"mês que vem","two":"em {{value}} meses","few":"em {{value}} meses","many":"em {{value}} meses","other":"em {{value}} meses"}},"years-until-long":{"_index":["plural","value"],"_":{"zero":"este ano","one":"ano que vem","two":"em {{value}} anos","few":"em {{value}} anos","many":"em {{value}} anos","other":"em {{value}} anos"}},"minutes-ago-short":{"_index":["plural","value"],"_":{"zero":"há pouco","other":"{{value}}min atrás"}},"hours-ago-short":{"_index":["plural","value"],"_":{"zero":"há pouco","other":"{{value}}h atrás"}},"days-ago-short":{"_index":["plural","value"],"_":{"zero":"hoje","other":"{{value}}d atrás"}},"minutes-until-short":{"_index":["plural","value"],"_":{"zero":"agora","other":"em {{value}}min"}},"hours-until-short":{"_index":["plural","value"],"_":{"zero":"agora","other":"em {{value}}h"}},"days-until-short":{"_index":["plural","value"],"_":{"zero":"hoje","other":"em {{value}}d"}},"incorrectDate":"(data incorreta)","dateTimeFormat_%c":"%A, %e de %B de %Y %Hh %Mmin %Ss","dateTimeFormat_%x":"%d/%m/%Y","dateTimeFormat_%X":"%Hh %Mmin %Ss","shortTimeFormat":"%Hh%M","shortDateTimeFormat":"%x %Hh%M","weekStartsOnMonday":"0","time_am":"AM","time_pm":"PM","perm-contacts":"Contatos","perm-contacts-appRequest":"{{app}} gostaria de acessar sua lista de contatos.","perm-contacts-webRequest":"{{site}} gostaria de acessar sua lista de contatos.","perm-desktop-notification":"Notificações","perm-desktop-notification-appRequest":"{{app}} gostaria de exibir notificações.","perm-desktop-notification-webRequest":"{{site}} gostaria de exibir notificações.","perm-device-storage-music":"Acessar músicas","perm-device-storage-music-appRequest":"{{app}} gostaria de acessar suas músicas.","perm-device-storage-music-webRequest":"{{site}} gostaria de acessar suas músicas.","perm-device-storage-pictures":"Acessar imagens","perm-device-storage-pictures-appRequest":"{{app}} gostaria de acessar suas imagens.","perm-device-storage-pictures-webRequest":"{{site}} gostaria de acessar suas imagens.","perm-device-storage-sdcard":"Acessar cartão de memória","perm-device-storage-sdcard-appRequest":"{{app}} gostaria de acessar seu cartão de memória.","perm-device-storage-sdcard-webRequest":"{{site}} gostaria de acessar seu cartão de memória.","perm-device-storage-videos":"Acessar vídeos","perm-device-storage-videos-appRequest":"{{app}} gostaria de acessar seus vídeos.","perm-device-storage-videos-webRequest":"{{site}} gostaria de acessar seus vídeos.","perm-fmradio":"Rádio FM","perm-fmradio-appRequest":"{{app}} gostaria de usar o rádio FM.","perm-fmradio-webRequest":"{{site}} gostaria de usar o rádio FM.","perm-geolocation":"Geolocalização","perm-geolocation-appRequest":"{{app}} gostaria de saber sua localização.","perm-geolocation-webRequest":"{{site}} gostaria de saber sua localização.","perm-geolocation-more-info":"O {{brandShortName}} usa dados como GPS, Wi-Fi e redes móveis ao seu redor para ajudar a determinar sua localização aproximada. Os dados são enviados à Mozilla e outros provedores de serviços e serão usados para melhorar essas bases de dados de localização. Os dados podem ser armazenados no seu aparelho e a coleta de dados pode ocorrer até mesmo quando nenhum aplicativo estiver sendo executado.","perm-video-capture":"Câmera","perm-video-capture-appRequest":"Você gostaria de compartilhar sua câmera com {{app}}?","perm-video-capture-webRequest":"Você gostaria de compartilhar sua câmera com {{site}}?","perm-audio-capture":"Microfone","perm-audio-capture-appRequest":"Você gostaria de compartilhar seu microfone com {{app}}?","perm-audio-capture-webRequest":"Você gostaria de compartilhar seu microfone com {{site}}?","perm-media-capture":"Camera and Microfone","perm-media-capture-appRequest":"Você gostaria de compartilhar sua câmera e seu microfone com {{app}}?","perm-media-capture-webRequest":"Você gostaria de compartilhar sua câmera e seu microfone com {{site}}?","stopped_download_title":"Download stopped","stopped_download_message":"Download was stopped. Try downloading again?","stopped_download_left_button":"Cancel","stopped_download_right_button":"Try again","failed_download_title":"Download failed","failed_download_message":"{{name}} failed to download. Try downloading again?","failed_download_left_button":"Cancel","failed_download_right_button":"Try again","stop_download_title":"Stop download","stop_download_message":"Are you sure you want to stop the download?","stop_download_left_button":"No","stop_download_right_button":"Yes","delete_download_title":"Delete","delete_download_message":"Delete {{name}}?","delete_download_left_button":"Cancel","delete_download_right_button":"Delete","delete_all_download_title":"Delete","delete_all_download_left_button":"Cancel","delete_all_download_right_button":"Delete","delete_all_download_message":{"_index":["plural","number"],"_":{"zero":"Delete no files?","one":"Delete one file?","two":"Delete {{number}} files?","few":"Delete {{number}} files?","many":"Delete {{number}} files?","other":"Delete {{number}} files?"}},"unsupported_file_type_download_title":"Unable to open","unsupported_file_type_download_message":"There isn’t an app that can open {{name}}. Would you like to save the file or delete it?","unsupported_file_type_download_left_button":"Keep File","unsupported_file_type_download_right_button":"Delete","file_not_found_download_title":"File not found","file_not_found_download_message":"The file wasn’t found on the device","file_not_found_download_right_button":"OK","unmounted_sdcard_2_download_title":"Memory card in use","unmounted_sdcard_2_download_message":"Unplug the phone","unmounted_sdcard_2_download_right_button":"OK","no_provider_download_title":"Unable to share","no_provider_download_message":"No provider found","no_provider_download_right_button":"OK","no_memory_download_title":"SD Card is full","no_memory_download_message":"There is no more room on your SD card to save your download. Please remove some files before restarting the download.","no_memory_download_right_button":"OK","no_sdcard_found_2_download_title":"No memory card found","no_sdcard_found_2_download_message":"Insert a memory card or select an alternate default media location in settings","no_sdcard_found_2_download_right_button":"OK","file_open_error_download_title":"Unable to open","file_open_error_download_message":"There is a problem opening {{name}}. Would you like to save the file or delete it?","file_open_error_download_left_button":"Keep File","file_open_error_download_right_button":"Delete","restart_download_error":"There was an error while restarting the download. Please try to download again.","no-downloads":"No downloads","percentage":"{{percentage}} %","partialResult":"{{partial}} of {{total}}","summary":"{{date}} - {{status}}","download-stopped":"Stopped","download-failed":"Download failed","open_downloaded_file":"Open","share_downloaded_file":"Share","wallpaper_downloaded_file":"Set as wallpaper","ringtone_downloaded_file":"Set as ringtone","cancel_downloaded_file":"Cancel","voicemailNoNumberTitle":"Voicemail number is unavailable","voicemailNoNumberText":"Unable to call the voicemail. Set up the voicemail number to place the call.","voicemailNoNumberSettings":"Settings","voicemailNoNumberCancel":"Cancel","firefox-accounts-title":"Firefox Accounts","fxa-next":"Next","fxa-back":"Back","fxa-done":"Done","fxa-ok":"OK","fxa-account-does-not-exist-title":"Account does not exist","fxa-account-does-not-exist-message":"Account does not exist","fxa-cannot-create-account":"Unable to create account","fxa-cannot-create-password":"Unable to reset your Firefox Accounts password right now.","fxa-already-signed-in-title":"User is already signed in","fxa-already-signed-in-message":"There is an user is already signed in Firefox.","fxa-invalid-password-title":"Invalid password","fxa-invalid-password-message":"You have used an invalid password. Please try again with a valid one.","fxa-invalid-email-title":"Invalid email address","fxa-invalid-email-message":"You have used an invalid email address. Please try again with a valid one.","fxa-connection-error-title":"Unable to connect","fxa-connection-error-message":"Unable to connect to Firefox right now. You can sign in or create an account from your phone's settings or try it again.","fxa-reset-password-error-title":"Unable to reset password","fxa-reset-password-error-message":"Your password was not reset. Please try again.","fxa-reset-password-in-settings-title":"Reset Password","fxa-reset-password-in-settings-message":"You can reset your password from your phone's settings.","fxa-generic-error-title":"Unable to connect to Firefox","fxa-generic-error-message":"Unable to connect to Firefox Accounts right now. Try your phone's settings or check your connection to Internet.","fxa-coppa-failure-error-title":"Cannot Create Account","fxa-coppa-failure-error-message":"You must meet certain age requirements to create a Firefox Accounts. <a href='http://www.ftc.gov/news-events/media-resources/protecting-consumer-privacy/kids-privacy-coppa'>Learn more</a>","fxa-coppa-ftu-error-message":"You must meet certain age requirements to create a Firefox Accounts. Try again later from Settings.","fxa-offline-error-title":"Unable to connect to Firefox","fxa-offline-error-message":"Unable to connect to Firefox Accounts right now. Check your phone' settings and your Internet connection.","fxa-unknown-error-title":"Unknown error","fxa-unknown-error-message":"Unknown error","fxa-connecting-to-firefox":"Connecting to Firefox Accounts","fxa-email-input":{"placeholder":"Email"},"fxa-use-email-to-sign-in":"Use your email address to create an account or sign in.","fxa-agree-to-tos-pp":"By proceeding, you agree to our <a href=\"#fxa-tos\">Terms of Service</a> and <a href=\"#fxa-pp\">Privacy Policy</a>","fxa-set-password-title":"Enter your new password","fxa-enter-password-title":"Enter your password","fxa-hello-user":"Hello, <a id=\"fxa-user-email\">hola@email.com</a>","fxa-password-refresh":"Please enter your Firefox Account password for <a id=\"fxa-user-email\">hola@email.com</a> to continue.","fxa-password":{"placeholder":"Password"},"fxa-forgot-password":"I forgot my password","fxa-show-password":"Show password","fxa-authenticating":"Authenticating","fxa-registering":"Registering","fxa-success":"Success!","fxa-ready-to-go":"Your Firefox Account is ready to go! ","fxa-use-services":"Now you can use <span id=\"fxa-summary-email\">email</span> to access services like Marketplace and Where’s My Fox.","fxa-manage-account-settings":"In the future, you can access and manage your account from your phone's settings.","fxa-confirm-account":"Confirm Your Account","fxa-sending-email-to":"We have sent you an email to: <strong id=\"fxa-summary-email\">email</strong>","fxa-tos-header":"Terms of Service","fxa-tos1":"Lorem ipsum dolor sit amet, consectetur adipisicing elit, sed do eiusmod tempor incididunt ut labore et dolore magna aliqua. Ut enim ad minim veniam, quis nostrud exercitation ullamco laboris nisi ut aliquip ex ea commodo consequat. Duis aute irure dolor in reprehenderit in voluptate velit esse cillum dolore eu fugiat nulla pariatur. ","fxa-tos2":"Excepteur sint occaecat qui of fi cia deserunt mollit anim id est laborum.  Lorem ipsum dolor sit amet, consectetur adipisicing elit, sed do eiusmod tempor incididunt ut labore et dolore magna aliqua. Ut enim ad minim veniam,quis nostrud exercitation ullamco laboris nisi ut aliquip ex ea commodo consequat. Duis aute irure dolor in.","fxa-pp-header":"Privacy Policy","fxa-pp1":"Lorem ipsum dolor sit amet, consectetur adipisicing elit, sed do eiusmod tempor incididunt ut labore et dolore magna aliqua. Ut enim ad minim veniam, quis nostrud exercitation ullamco laboris nisi ut aliquip ex ea commodo consequat. Duis aute irure dolor in reprehenderit in voluptate velit esse cillum dolore eu fugiat nulla pariatur. ","fxa-pp2":"Excepteur sint occaecat qui of fi cia deserunt mollit anim id est laborum.  Lorem ipsum dolor sit amet, consectetur adipisicing elit, sed do eiusmod tempor incididunt ut labore et dolore magna aliqua. Ut enim ad minim veniam,quis nostrud exercitation ullamco laboris nisi ut aliquip ex ea commodo consequat. Duis aute irure dolor in.","fxa-age-verification":"Age Verification","fxa-age-1990-earlier":"1990 or earlier","fxa-year-of-birth":"Year of Birth"}