{"ok":"Ok","back":"Înapoi","help":"Ajutor","cancel":"Renunță","close":"Închide","skip":"Omite","airplaneMode":"Mod avion","searching":"Căutare…","noNetwork":"Fără rețea","roaming":"{{operator}} (Roaming)","emergencyCallsOnly":"Doar apeluri de urgență","emergencyCallsOnly-unknownSIMState":"(stare necunoscută a cartelei SIM)","emergencyCallsOnly-noSIM":"(fără cartelă SIM)","emergencyCallsOnly-pinRequired":"(Codul PIN necesar)","emergencyCallsOnly-pukRequired":"(Codul PUK necesar)","emergencyCallsOnly-networkLocked":"(rețea blocată)","emergencyCallsOnly-serviceProviderLocked":"(furnizor de servicii blocat)","emergencyCallsOnly-corporateLocked":"(corporație blocată)","emergencyCallsOnly-network1Locked":"(network1 locked)","emergencyCallsOnly-network2Locked":"(network2 locked)","emergencyCallsOnly-hrpdNetworkLocked":"(hrpd network locked)","emergencyCallsOnly-ruimCorporateLocked":"(ruim corporate locked)","emergencyCallsOnly-ruimServiceProviderLocked":"(ruim service provider locked)","enterPIN":"Introdu codul PIN","statusbarLabel":"{{date}}, {{operator}}","statusbarDateFormat":"%e %b.","notifications":"Notificări","clear-all":"Curăță toate","newVoicemails":{"_index":["plural","n"],"_":{"zero":"Niciun mesaj vocal nou","one":"Un mesaj vocal nou","two":"{{n}} mesaje vocale noi","few":"{{n}} mesaje vocale noi","many":"{{n}} mesaje vocale noi","other":"{{n}} mesaje vocale noi"}},"newVoicemailsUnknown":"Mesaj vocal nou","dialNumber":"Apelează {{number}}","voicemailNotificationMultiSim":"(SIM {{n}}) {{title}}","confirmNFCConnectMsg1":"Are you sure you want to connect to the device?","confirmNFCConnectMsg2":"Turn on Bluetooth and connect to the device?","confirmNFCConnectMsg3":"Are you sure you want to connect to {{n}}?","confirmNFCConnectMsg4":"Turn on Bluetooth and connect to {{n}}?","deviceMenu":"Telefon","airplane":"Pornește modul avion","airplaneOff":"Oprește modul avion","silent":"Silențios pentru apeluri","normal":"Sonerie pentru apeluri","restart":"Repornește","power":"Oprește alimentarea","asyncpanzoom":"Dezactivează APZ pentru aplicații","asyncpanzoomOff":"Activează APZ pentru aplicații","enableScreenReaderSteps":"Pentru a activa cititorul de ecran, apasă volumul în sus, pe urmă butoanele de volum în jos de încă trei ori","disableScreenReaderSteps":"Pentru a dezactiva cititorul de ecran, apasă volum în sus apoi butonul de volum în jos de încă trei ori","no-recent-apps":"Nicio aplicație recentă","yes":"Da","no":"Nu","dontallow":"Don’t allow","allow":"Permite","dontshare-geolocation":"Nu împărtăși","share-geolocation":"Împărtășește","dontshare-audio-capture":"Nu împărtăși","share-audio-capture":"Împărtășește","dontshare-video-capture":"Nu împărtăși","share-video-capture":"Împărtășește","dontshare-media-capture":"Nu împărtăși","share-media-capture":"Împărtășește","device-front":"Cameră frontală","device-back":"Camera din spate","remember-my-choice":"Ține minte alegerea mea","more-info":"Mai multe informații…","hide-info":"Hide info","install-app":"Instalezi {{name}}?","size":"Mărime","author":"Autor","size-unknown":"Necunoscută","author-unknown":"Necunoscută","install":"Instalează","bytes":"bytes","kB":"KB","MB":"MB","GB":"GB","TB":"TB","PB":"PB","app-install-generic-error":"Descărcarea {{ appName }} a fost oprită","app-install-download-failed":"Descărcarea {{ appName }} a eșuat","app-install-install-failed":"Instalarea {{ appName }} a eșuat","cancelling-will-not-refund":"Anularea nu va rambursa o achiziție. Rambursările pentru conținutul plătit sunt furnizate de către vânzătorul original.","apps-can-be-installed-later":"Aplicațiile nu pot fi instalate mai târziu din sursa de instalare originală.","are-you-sure-you-want-to-cancel":"Sigur dorești să anulezi această instalare?","cancel-install":"Anulează instalarea","cancel-install-button":"Cancel Install","resume":"Reia","continue":"Continuă","stopDownloading":"Oprești descărcarea {{ app }}?","app-download-can-be-restarted":"Descărcarea poate fi repornită mai târziu.","app-download-stop-button":"Oprește descărcarea","not-enough-space":"Spațiu insuficient","not-enough-space-message":"Nu există spațiu suficient pentru a instala această aplicație. Eliberează spațiu ștergând aplicații sau conținut media vechi și încearcă să instalezi din nou de la sursa originală.","app-install-success":"{{ appName }} s-a instalat","setup":"Configurare","ime-addkeyboards":"Adaugă tastaturi","later":"Mai târziu","download":"Descarcă","wantToDownload":"Descarci actualizarea acum?","wantToInstall":"Instalezi actualizarea acum?","installNow":"Instalează acum","notNow":"Nu acum","downloadingUpdateMessage":{"innerHTML":"Se descarcă actualizările… <span>{{ progress }} descărcat.</span>"},"downloadingAppMessage":"Se descarcă {{ appName }}","downloadingAppProgressNoMax":"{{ progress }} descărcat","downloadingAppProgressIndeterminate":"Se descarcă","downloadingAppProgress":"{{ progress }} / {{ max }} descărcați","cancelAllDownloads":"Anulează toate descărcările","wantToCancelAll":"Sigur dorești să anulezi toate descărcările?","downloadError":"A apărut o eroare la descărcarea actualizărilor.","updateAvailableInfo":{"innerHTML":{"_index":["plural","n"],"_":{"one":"{{ n }} actualizări disponibile. <span>Apasă pentru mai multe informații.</span>","two":"{{ n }} actualizări disponibile. <span>Apasă pentru mai multe informații.</span>","few":"{{ n }} actualizări disponibile. <span>Apasă pentru mai multe informații.</span>","many":"{{ n }} actualizări disponibile. <span>Apasă pentru mai multe informații.</span>","other":"{{ n }} actualizări disponibile. <span>Apasă pentru mai multe informații.</span>"}}},"numberOfUpdates":{"_index":["plural","n"],"_":{"one":"{{ n }} actualizare disponibilă","two":"{{ n }} actualizări disponibile","few":"{{ n }} actualizări disponibile","many":"{{ n }} actualizări disponibile","other":"{{ n }} actualizări disponibile"}},"systemUpdate":"Actualizare de sistem","systemUpdateReady":"Actualizare de sistem pregătită","required":"Necesară","uncompressingMessage":{"innerHTML":"Dezarhivare… <span>Aceasta poate dura câteva minute.</span>"},"downloadNoWifiWarning":"Wi-Fi indisponibil. Actualizarea de pe conexiunea actuală poate atrage costuri în plus.","downloadOfflineWarning":"Conexiune indisponibilă. Conectează-te la o rețea pentru a descărca actualizările.","downloadDataConnectionWarning":"Actualizările sunt descărcate via conexiunea de date când Wi-Fi nu este disponibil. Se pot aplica costuri în plus pentru traficul de date.","downloadUpdatesViaDataConnection":"Descarci actualizările via conexiunea de date?","downloadUpdatesViaDataConnectionMessage":"Actualizările sunt descărcate via conexiunea de date când Wi-Fi nu este disponibil. Când folosești conexiunea de date, apelurile telefonice pot fi blocate și se pot aplica și costuri în plus.","screenshotSaved":"Captură salvată în Galerie","screenshotFailed":"Captura n-a putut fi salvată","screenshotNoSDCard":"Niciun card de memorie găsit","screenshotSDCardInUse":"Cardul de memorie e în uz","screenshotSDCardLow":"Spațiu insuficient pe cardul de memorie","emergency-call-button":"Apel de urgență","emergency-call":"Apel de urgență","unlock-a11y-button":{"ariaLabel":"Deblochează"},"camera-a11y-button":{"ariaLabel":"Cameră"},"longDateFormat":"%A, %e %B","softwareHomeButton":{"ariaLabel":"Acasă"},"login":"Autentificare","username":"Utilizator","password":"Parolă","http-authentication-message":"Un nume de utilizator și o parolă sunt solicitate de către {{host}}. Saitul spune: „{{realm}}”","error-message":"{{name}} nu se încarcă corespunzător","error-title":"{{name}} are probleme","airplane-is-on":"Modul avion este activat","airplane-is-turned-on":"{{name}} solicită o conexiune la internet. Oprește modul avion din Setări și conectează-te la o rețea Wi-Fi sau la o rețea de date mobile.","server-not-found":"Server negăsit","server-not-found-error":"Nu se poate găsi serverul la {{name}}.","file-not-found":"File not found","file-not-found-error":"The device can’t display this page because the file cannot be found.","connection-failed":"Unable to connect","connection-failed-error":"A network error occurred while trying to reach the site.","invalid-connection":"Unable to connect","invalid-connection-error":"A network error occurred while trying to reach the site.","malformed-uri":"URL not valid","malformed-uri-error":"The URL entered is not valid and cannot be loaded.","redirect-loop":"Can’t display page","redirect-loop-error":"The device can’t display this page because the page is not redirecting properly. Try this page again at a later time.","not-cached":"Page expired","not-cached-error":"As a security precaution, this page cannot be displayed by the device because it has expired.","is-printing-error":"The document cannot change while Printing or in Print Preview.","denied-port-access":"This address is restricted","denied-port-access-error":"This address uses a network port which is normally used for purposes other than Web browsing. The device has cancelled the request for your protection.","proxy-resolve-failure":"Proxy Server Error","proxy-resolve-failure-error":"The device is configured to use a proxy server that can’t be found.","proxy-connect-failure":"Proxy Server Error","proxy-connect-failure-error":"The device is configured to use a proxy server that is refusing connections.","content-encoding":"Can’t display page","content-encoding-error":"The device can’t display this page because a content encoding error occurred.","remote-xul":"Page unsupported","remote-xul-error":"This page can’t be displayed because it uses a technology that is not supported on the device.","phishing-blocked":"Warning","phishing-blocked-error":"The website has been reported as a web forgery designed to trick users into sharing personal or financial information.","malware-blocked":"Malware attack blocked","malware-blocked-error":"The site at has been reported as an attack site and has been blocked.","unsafe-content-type":"Unsafe content","unsafe-content-type-error":"The page cannot be shown because it may not be safe to open.","corrupted-content":"Can’t display page","corrupted-content-error":"The page cannot be shown because an error in the data transmission was detected.","network-connection-unavailable":"Conexiune la internet indisponibilă","network-error":"{{name}} solicită o conexiune la internet. Încearcă conectarea la o rețea Wi-Fi sau la o rețea de date mobile.","network-error-launching":"{{name}} requires an Internet connection.","network-error-in-app":"No access to the Internet right now.","unable-to-connect":"Nu se poate conecta","try-again":"Reîncearcă","check-settings":"Check settings","tap-to-check-settings":"Tap to check settings","select-time":"Selectează ora","choose-option":"Selectează","choose-options":"Selectează","select-day":"Selectează ziua","battery-almost-empty":"Baterie aproape goală","add-to-home-screen":"Adaugă la ecran","crash-dialog2-os":"{{brandShortName}} tocmai s-a recuperat după o defecțiune","crash-dialog-app":"{{name}} tocmai s-a închis neașteptat","crash-dialog-message":"Dorești să trimiți Mozillei un raport cu privire la defecțiune pentru a ne ajuta să reparăm problema? (Rapoartele sunt trimise numai prin Wi-Fi)","crash-info-link":"Ce este într-un raport de eroare?","crash-always-report":"Trimite mereu Mozillei un raport când apare o defecțiune.","crash-dont-send":"Nu trimite","crash-end":"Trimite raportul","crashReports":"Raport de eroare","done":"Gata","crash-reports-description-1":"Un raport de eroare conține niște detalii despre defecțiune și despre dispozitiv, precum și un instantaneu al stării telefonului în momentul în care s-a închis neașteptat.","crash-reports-description-2":"Aceasta se poate să includă lucruri precum paginile și aplicațiile deschise, textele tastate în formulare și conținutul din mesajele deschise, istoricul recent a navigării sau geolocația folosită de către o altă aplicație deschisă.","crash-reports-description-3-start":"Folosim rapoartele de eroare pentru a încerca și a repara problemele și a îmbunătăți produsele noastre. Gestionăm informațiile tale așa cum descriem în","crash-reports-description-3-privacy":"politica de confidențialitate","crash-reports-description-3-end":".","crash-banner-os2":"{{brandShortName}} tocmai s-a închis neașteptat.","crash-banner-app":"{{name}} tocmai s-a închis neașteptat.","crash-banner-report":"Raportează","bluetooth-sending-progress":"Se trimite transferul prin Bluetooth..","bluetooth-receiving-progress":"Se primește transferul prin Bluetooth..","acceptFileTransfer":"Accepți transferul de fișiere prin Bluetooth?","wantToReceiveFile":"{{deviceName}} dorește să transfere {{fileName}} ({{fileSize}}).","transfer-confirmation-title":"{{deviceName}}","transfer-confirmation-description":"Verifică cererea de transfer.","byteUnit-B":"B","byteUnit-KB":"KB","byteUnit-MB":"MB","byteUnit-GB":"GB","byteUnit-TB":"TB","byteUnit-PB":"PB","byteUnit-EB":"EB","byteUnit-ZB":"ZB","byteUnit-YB":"YB","fileSize":"{{size}} {{unit}}","deny":"Nu permite","transfer":"Transferă","cancelFileTransfer":"Anulezi transferul de fișiere prin Bluetooth?","continueFileTransfer":"Continue","transfer-has-started-title":"Transferul a început","transfer-has-started-description":"Verifică progresul în centrul de notificare","transferFinished-sentSuccessful-title":"Fișier trimis","transferFinished-receivedSuccessful-title":"Fișier primit","transferFinished-sentFailed-title":"Fișierul nu a putut fi trimis","transferFinished-receivedFailed-title":"Fișierul nu a putut fi primit","transferReport-title":"Raport de transfer:","transferReport-description":"{{numSuccessful}} fișiere cu succes, {{numUnsuccessful}} fișiere fără succes","unknown-file":"Fișier necunoscut","unknown-device":"Dispozitiv necunoscut","cannotOpenFile":"Nu se poate deschide fișierul primit","unknownMediaTypeToOpen":"Nu se poate deschide tipul de media necunoscut:","cannotReceiveFile":"Nu se poate primi fișierul","cannotGetStorageState":"Nu se poate obține situația de stocare a dispozitivului","sdcard-not-exist2":"Niciun card de memorie găsit. Te rugăm să inserezi un card de memorie.","sdcard-in-use":"Bluetooth nu poate fi folosit cât timp telefonul este conectat. Te rugăm deconectează telefonul pentru a primi fișierul/fișierele.","sdcard-no-space2":"Nu se poate încheia transferul: cardul de memorie este plin.","unknown-error":"Eroare necunoscută","confirm":"Confirmă","microphone-is-on":"Microfonul e pornit","camera-is-on":"Camera e pornită","media-is-on":"Camera și microfonul sunt pornite","noSimCard":"Nicio cartelă SIM","simPin":"Cod PIN","pukCode":"Cod PUK","nckCode":"Cod NCK","cckCode":"Cod CCK","spckCode":"Cod SPCK","nck1code":"NCK1 code","nck2code":"NCK2 code","hnckcode":"HNCK code","rcckcode":"RCCK code","rspckcode":"RSPCK code","whatIsSimPin":"Ce este un cod PIN pentru cartela SIM?","simPinIntro1":"Un cod PIN împiedică accesul la rețelele telefonice de date ale cartelei SIM. Când codul este activ, orice telefon care conține o cartelă SIM va solicita codul PIN la repornire.","simPinIntro2":"Un cod PIN nu este același lucru cu codul de acces folosit pentru a debloca dispozitivul.","changeSimPin":"Schimbă codul PIN","pinTitle":"Introdu codul PIN","multiSIMpinTitle":"Introdu codul PIN al cartelei SIM {{n}}","pukTitle":"Introdu codul PUK","nckTitle":"Introdu codul NCK","cckTitle":"Introdu codul CCK","spckTitle":"Introdu codul SPCK","nck1Title":"Enter NCK1 code","nck2Title":"Enter NCK2 code","hnckTitle":"Enter HNCK code","rcckTitle":"Enter RCCK code","rspckTitle":"Enter RSPCK code","newpinTitle":"Cod PIN nou","inputCodeRetriesLeft":{"_index":["plural","n"],"_":{"one":"ultima încercare.","two":"{{n}} încercări rămase.","few":"{{n}} încercări rămase.","many":"{{n}} încercări rămase.","other":"{{n}} încercări rămase."}},"pinErrorMsg":"Codul PIN a fost incorect.","pinAttemptMsg2":{"_index":["plural","n"],"_":{"one":"Ai o încercare rămasă pentru a introduce codul corect înainte de a bloca cartela SIM.","two":"Ai {{n}} încercări rămase pentru a introduce codul corect înainte de a bloca cartela SIM.","few":"Ai {{n}} încercări rămase pentru a introduce codul corect înainte de a bloca cartela SIM.","many":"Ai {{n}} încercări rămase pentru a introduce codul corect înainte de a bloca cartela SIM.","other":"Ai {{n}} încercări rămase pentru a introduce codul corect înainte de a bloca cartela SIM."}},"pinLastChanceMsg":"Aceasta este ultima ta șansă pentru a introduce codul PIN corect. În caz contrar, trebuie să introduci codul PUK pentru a folosi această cartelă SIM.","simCardLockedMsg":"Cartela SIM este blocată.","enterPukMsg":"Trebuie să introduci codul cheii personale de deblocare (PUK) pentru cartela SIM. Consultă documentația cartelei SIM sau contactează operatorul pentru mai multe informații.","pukErrorMsg":"Codul PUK este incorect.","pukAttemptMsg2":{"_index":["plural","n"],"_":{"one":"Ai o încercare rămasă pentru a introduce codul corect înainte ca această cartelă SIM să devină inutilizabilă permanent. Consultă documentația cartelei SIM sau contactează operatorul pentru mai multe informații.","two":"Ai {{n}} încercări rămase pentru a introduce codul corect înainte ca această cartelă SIM să devină inutilizabilă permanent. Consultă documentația cartelei SIM sau contactează operatorul pentru mai multe informații.","few":"Ai {{n}} încercări rămase pentru a introduce codul corect înainte ca această cartelă SIM să devină inutilizabilă permanent. Consultă documentația cartelei SIM sau contactează operatorul pentru mai multe informații.","many":"Ai {{n}} încercări rămase pentru a introduce codul corect înainte ca această cartelă SIM să devină inutilizabilă permanent. Consultă documentația cartelei SIM sau contactează operatorul pentru mai multe informații.","other":"Ai {{n}} încercări rămase pentru a introduce codul corect înainte ca această cartelă SIM să devină inutilizabilă permanent. Consultă documentația cartelei SIM sau contactează operatorul pentru mai multe informații."}},"pukLastChanceMsg":"Ultima șansă pentru a introduce codul PUK corect. Cartela ta SIM va deveni inutilizabilă permanent dacă introduci codul PUK greșit. Consultă documentația cartelei SIM sau contactează operatorul pentru mai multe informații.","newSimPinMsg":"Crează un cod PIN (trebuie să conțină între 4 și 8 cifre)","confirmNewSimPinMsg":"Confirmă codul PIN nou","newPinErrorMsg":"Codurile PIN nu se potrivesc.","nckErrorMsg":"Codul NCK este incorect.","nckAttemptMsg2":{"_index":["plural","n"],"_":{"one":"Cererea de depersonalizare a rețelei a eșuat. Ai o încercare rămasă pentru a introduce codul corect. Consultă documentația dispozitivului sau contactează operatorul pentru mai multe informații.","two":"Cererea de depersonalizare a rețelei a eșuat. Ai {{n}} încercări rămase pentru a introduce codul corect. Consultă documentația dispozitivului sau contactează operatorul pentru mai multe informații.","few":"Cererea de depersonalizare a rețelei a eșuat. Ai {{n}} încercări rămase pentru a introduce codul corect. Consultă documentația dispozitivului sau contactează operatorul pentru mai multe informații.","many":"Cererea de depersonalizare a rețelei a eșuat. Ai {{n}} încercări rămase pentru a introduce codul corect. Consultă documentația dispozitivului sau contactează operatorul pentru mai multe informații.","other":"Cererea de depersonalizare a rețelei a eșuat. Ai {{n}} încercări rămase pentru a introduce codul corect. Consultă documentația dispozitivului sau contactează operatorul pentru mai multe informații."}},"nckLastChanceMsg":"Cererea de depersonalizare a rețelei a eșuat. Ultima șansă pentru a introduce codul NCK corect. Consultă documentația dispozitivului sau contactează operatorul pentru mai multe informații.","activity-pick":"Selectează de la:","activity-view":"Vezi cu:","activity-test":"Testează cu:","activity-share":"Împărtășește cu:","activity-new":"Creează cu:","activity-open":"Deschide cu:","activity-save-bookmark":"Semn de carte la:","activity-record":"Înregistrare de la:","activity-browse":"Navighează cu:","activity-configure":"Configurează cu:","activity-dial":"Apel de la:","persona-signin":"Autentificare","payment-flow":"Achiziționează","remoteDebuggerMessage":"O cerere de intrare pentru a permite depanarea la distanță a fost detectată. Permiți conexiunea?","fullscreen-request":"{{origin}} este acum pe tot ecranul.","captive-wifi-available":"A fost găsită rețeaua {{networkName}}. Te conectezi la rețea?","ceWarningtitle":"Avertizare pentru volum","ceWarningcontent":"Pentru a preveni posibila deteriorare a auzului, nu asculta sunete la volum ridicat pentru perioade lungi de timp.","notification-powersaving-mode-on-title":"Mod de economisire a energiei","notification-powersaving-mode-on-description":"Modul de economisire al energiei este activat.","low-device-storage":"Spațiu redus pe dispozitiv.\\n","free-space":{"_index":["plural","value"],"_":{"zero":"Fără spațiu liber rămas.","one":"Mai puțin de {{value}} {{unit}} rămas.","two":"Mai puțin de {{value}} {{unit}} rămas.","few":"Mai puțin de {{value}} {{unit}} rămas.","many":"Mai puțin de {{value}} {{unit}} rămas.","other":"Mai puțin de {{value}} {{unit}} rămas."}},"unknown-free-space":"Spațiu rămas necunoscut.","system-alert":"Alertă de sistem","cb-channel":"Sursa {{channel}}","icc-message-title":"Mesaj de la operatorul SIM {{id}}","icc-confirmCall-defaultmessage":"Apelezi {{number}}?","icc-alertMessage-defaultmessage":"Se trimite mesajul","icc-confirmMessage-defaultmessage":"Trimiți mesajul?","icc-inputbox-title":"Interograre STK de la SIM {{id}}","emergency-callback-mode":"Regim de apelare inversă de urgență","emergency-callback-message":"Nu poți realiza apeluri, trimite mesaje sau să fii online deoarece regimul de apelare inversă de urgență este activat. Dorești să-l oprești?","cdma-record-info":"Informații de înregistrare CDMA","ime-switching-title":"{{appName}}: {{name}}","ime-switching-tip":"Apasă pentru a comuta metoda de introducere","layout-selection":"Selectarea aspectului","shrinking-tip":"Glisează pentru a partaja","download_started":"Descărcarea a început","download_stopped":"Descărcare oprită","download_downloading":"Se descarcă…","download_succeeded":"Descărcare încheiată","download_failed":"Descărcare eșuată","download_text_by_default":"{{name}}","download_downloading_text_2":"{{percentage}}% - {{name}}","search-or-enter-address":{"_":"Search or enter address","placeholder":"Search or enter address"},"noSIMCardInHotspot":"Cartela SIM este absentă sau inserată incorect, așadar oprește hotspotul.","brandShortName":"SO B2G","browserBrandShortName":"Navigator web","browserBrandFullName":"Navigator web Mozilla","weekday-0-long":"duminică","weekday-1-long":"luni","weekday-2-long":"marți","weekday-3-long":"miercuri","weekday-4-long":"joi","weekday-5-long":"vineri","weekday-6-long":"sâmbătă","weekday-0-short":"dum","weekday-1-short":"lun","weekday-2-short":"mar","weekday-3-short":"mie","weekday-4-short":"joi","weekday-5-short":"vin","weekday-6-short":"sâm","month-0-long":"ianuarie","month-1-long":"februarie","month-2-long":"martie","month-3-long":"aprilie","month-4-long":"mai","month-5-long":"iunie","month-6-long":"iulie","month-7-long":"august","month-8-long":"septembrie","month-9-long":"octombrie","month-10-long":"noiembrie","month-11-long":"decembrie","month-0-genitive":"ianuarie","month-1-genitive":"februarie","month-2-genitive":"martie","month-3-genitive":"aprilie","month-4-genitive":"mai","month-5-genitive":"iunie","month-6-genitive":"iulie","month-7-genitive":"august","month-8-genitive":"septembrie","month-9-genitive":"octombrie","month-10-genitive":"noiembrie","month-11-genitive":"decembrie","month-0-short":"ian","month-1-short":"feb","month-2-short":"mar","month-3-short":"apr","month-4-short":"mai","month-5-short":"iun","month-6-short":"iul","month-7-short":"aug","month-8-short":"sep","month-9-short":"oct","month-10-short":"noi","month-11-short":"dec","minutes-ago-long":{"_index":["plural","value"],"_":{"zero":"chiar acum","one":"acum un minut","two":"acum {{value}} minute","few":"acum {{value}} minute","many":"acum {{value}} minute","other":"acum {{value}} minute"}},"hours-ago-long":{"_index":["plural","value"],"_":{"zero":"chiar acum","one":"acum cu o oră","two":"acum {{value}} ore","few":"acum {{value}} ore","many":"acum {{value}} ore","other":"acum {{value}} ore"}},"days-ago-long":{"_index":["plural","value"],"_":{"zero":"astăzi","one":"ieri","two":"acum {{value}} zile","few":"acum {{value}} zile","many":"acum {{value}} zile","other":"acum {{value}} zile"}},"weeks-ago-long":{"_index":["plural","value"],"_":{"zero":"săptămâna aceasta","one":"săptămâna trecută","two":"acum {{value}} săptămâni","few":"acum {{value}} săptămâni","many":"acum {{value}} săptămâni","other":"acum {{value}} săptămâni"}},"months-ago-long":{"_index":["plural","value"],"_":{"zero":"luna aceasta","one":"luna trecută","two":"acum {{value}} luni","few":"acum {{value}} luni","many":"acum {{value}} luni","other":"acum {{value}} luni"}},"years-ago-long":{"_index":["plural","value"],"_":{"zero":"anul acesta","one":"anul trecut","two":"acum {{value}} ani","few":"acum {{value}} ani","many":"acum {{value}} ani","other":"acum {{value}} ani"}},"minutes-until-long":{"_index":["plural","value"],"_":{"zero":"acum","one":"într-un minut","two":"în {{value}} minute","few":"în {{value}} minute","many":"în {{value}} minute","other":"în {{value}} minute"}},"hours-until-long":{"_index":["plural","value"],"_":{"zero":"acum","one":"într-o oră","two":"în {{value}} ore","few":"în {{value}} ore","many":"în {{value}} ore","other":"în {{value}} ore"}},"days-until-long":{"_index":["plural","value"],"_":{"zero":"astăzi","one":"mâine","two":"în {{value}} zile","few":"în {{value}} zile","many":"în {{value}} zile","other":"în {{value}} zile"}},"weeks-until-long":{"_index":["plural","value"],"_":{"zero":"săptămâna aceasta","one":"săptămâna următoare","two":"în {{value}} săptămâni","few":"în {{value}} săptămâni","many":"în {{value}} săptămâni","other":"în {{value}} săptămâni"}},"months-until-long":{"_index":["plural","value"],"_":{"zero":"luna aceasta","one":"luna următoare","two":"în {{value}} luni","few":"în {{value}} luni","many":"în {{value}} luni","other":"în {{value}} luni"}},"years-until-long":{"_index":["plural","value"],"_":{"zero":"anul acesta","one":"anul următor","two":"în {{value}} ani","few":"în {{value}} ani","many":"în {{value}} ani","other":"în {{value}} ani"}},"minutes-ago-short":{"_index":["plural","value"],"_":{"zero":"chiar acum","other":"acum {{value}} min."}},"hours-ago-short":{"_index":["plural","value"],"_":{"zero":"chiar acum","other":"acum {{value}}h"}},"days-ago-short":{"_index":["plural","value"],"_":{"zero":"astăzi","other":"acum {{value}}z"}},"minutes-until-short":{"_index":["plural","value"],"_":{"zero":"acum","other":"în {{value}}m"}},"hours-until-short":{"_index":["plural","value"],"_":{"zero":"acum","other":"în {{value}}h"}},"days-until-short":{"_index":["plural","value"],"_":{"zero":"astăzi","other":"în {{value}}z"}},"incorrectDate":"(dată incorectă)","dateTimeFormat_%c":"%a, %e %b %Y %H:%M:%S","dateTimeFormat_%x":"%d/%m/%Y","dateTimeFormat_%X":"%H:%M:%S","shortTimeFormat":"%H:%M","shortDateTimeFormat":"%x %H:%M","weekStartsOnMonday":"0","time_am":"AM","time_pm":"PM","perm-contacts":"Contacte","perm-contacts-appRequest":"Aplicația {{app}} dorește să-ți acceseze lista de contacte.","perm-contacts-webRequest":"{{site}} dorește să-ți acceseze lista de contacte.","perm-desktop-notification":"Notificări","perm-desktop-notification-appRequest":"Aplicația {{app}} dorește să afișeze notificări.","perm-desktop-notification-webRequest":"{{site}} dorește să afișeze notificări.","perm-device-storage-music":"Stocare de muzică","perm-device-storage-music-appRequest":"Aplicația {{app}} dorește să-ți acceseze muzica.","perm-device-storage-music-webRequest":"{{site}} dorește să-ți acceseze muzica.","perm-device-storage-pictures":"Stocare de imagini","perm-device-storage-pictures-appRequest":"Aplicația {{app}} dorește să-ți acceseze imaginile.","perm-device-storage-pictures-webRequest":"{{site}} dorește să-ți acceseze imaginile.","perm-device-storage-sdcard":"Stocare pe cardul de memorie","perm-device-storage-sdcard-appRequest":"Aplicația {{app}} dorește să acceseze cardul de memorie.","perm-device-storage-sdcard-webRequest":"{{site}} dorește să acceseze cardul de memorie.","perm-device-storage-videos":"Stocare de videoclipuri","perm-device-storage-videos-appRequest":"Aplicația {{app}} dorește să-ți acceseze videoclipurile.","perm-device-storage-videos-webRequest":"{{site}} dorește să-ți acceseze videoclipurile.","perm-fmradio":"Radio FM","perm-fmradio-appRequest":"Aplicația {{app}} dorește să-ți folosească radioul FM.","perm-fmradio-webRequest":"{{site}} dorește să-ți folosească radioul FM.","perm-geolocation":"Geolocație","perm-geolocation-appRequest":"Aplicația {{app}} dorește să-ți cunoască locația.","perm-geolocation-webRequest":"{{site}} dorește să-ți cunoască locația.","perm-geolocation-more-info":"{{brandShortName}} folosește date precum GPS, Wi-Fi și rețele mobile din apropierea ta pentru a ajuta la determinarea locației tale actuale. Datele sunt trimise Mozillei și altor furnizori de servicii și vor fi folosite per ansamblu pentru a îmbunătăți aceste baze de date privind locațiile.  Datele pot fi stocate pe dispozitivul tău și colectarea de date poate avea loc când nicio aplicație nu rulează.","perm-video-capture":"Cameră","perm-video-capture-appRequest":"Dorești să împărtășești camera cu {{app}}?","perm-video-capture-webRequest":"Dorești să împărtășești camera cu {{site}}?","perm-audio-capture":"Microfon","perm-audio-capture-appRequest":"Dorești să împărtășești microfonul cu {{app}}?","perm-audio-capture-webRequest":"Dorești să împărtășești camera cu {{site}}?","perm-media-capture":"Cameră și microfon","perm-media-capture-appRequest":"Dorești să împărtășești camera și microfonul cu {{app}}?","perm-media-capture-webRequest":"Dorești să împărtășești camera și microfonul cu {{site}}?","stopped_download_title":"Descărcare oprită","stopped_download_message":"Descărcarea a fost oprită. Încerci descărcarea din nou?","stopped_download_left_button":"Renunță","stopped_download_right_button":"Încearcă din nou","failed_download_title":"Descărcare eșuată","failed_download_message":"A eșuat descărcarea lui {{name}}. Încerci să descarci din nou?","failed_download_left_button":"Renunță","failed_download_right_button":"Încearcă din nou","stop_download_title":"Oprește descărcarea","stop_download_message":"Sigur dorești să oprești descărcarea?","stop_download_left_button":"Nu","stop_download_right_button":"Da","delete_download_title":"Șterge","delete_download_message":"Ștergi {{name}}?","delete_download_left_button":"Renunță","delete_download_right_button":"Șterge","delete_all_download_title":"Șterge","delete_all_download_left_button":"Renunță","delete_all_download_right_button":"Șterge","delete_all_download_message":{"_index":["plural","number"],"_":{"zero":"Nu ștergi niciun fișier?","one":"Ștergi un fișier?","two":"Ștergi  {{number}} fișiere?","few":"Ștergi  {{number}} fișiere?","many":"Ștergi  {{number}} fișiere?","other":"Ștergi  {{number}} fișiere?"}},"unsupported_file_type_download_title":"Nu se poate deschide","unsupported_file_type_download_message":"Nu există o aplicație care poate deschide {{name}}. Dorești să salvezi fișierul sau să-l ștergi?","unsupported_file_type_download_left_button":"Păstrează fișierul","unsupported_file_type_download_right_button":"Șterge","file_not_found_download_title":"Fișier negăsit","file_not_found_download_message":"Fișierul nu a fost găsit pe dispozitiv","file_not_found_download_right_button":"Ok","unmounted_sdcard_2_download_title":"Card de memorie în uz","unmounted_sdcard_2_download_message":"Deconectează telefonul","unmounted_sdcard_2_download_right_button":"Ok","no_provider_download_title":"Nu se poate partaja","no_provider_download_message":"Niciun furnizor găsit","no_provider_download_right_button":"Ok","no_memory_download_title":"Cardul SD este plin","no_memory_download_message":"Nu mai ai loc pe cardul SD pentru a salva descărcarea. Te rugăm să ștergi niște fișiere înainte de a reporni descărcarea.","no_memory_download_right_button":"Ok","no_sdcard_found_2_download_title":"Niciun card de memorie găsit","no_sdcard_found_2_download_message":"Inserează un card de memorie sau selectează o locație media implicită alternativă în Setări.","no_sdcard_found_2_download_right_button":"Ok","file_open_error_download_title":"Nu se poate deschide","file_open_error_download_message":"A apărut o eroare la deschiderea {{name}}. Dorești să salvezi fișierul sau să-l ștergi?","file_open_error_download_left_button":"Păstrează fișierul","file_open_error_download_right_button":"Șterge","restart_download_error":"A apărut o eroare la repornirea descărcării. Te rugăm să reîncerci descărcarea.","no-downloads":"Nicio descărcare","percentage":"{{percentage}} %","partialResult":"{{partial}} din {{total}}","summary":"{{date}} - {{status}}","download-stopped":"Oprită","download-failed":"Descărcare eșuată","open_downloaded_file":"Deschide","share_downloaded_file":"Partajează","wallpaper_downloaded_file":"Setează ca fundal","ringtone_downloaded_file":"Setează ca ton de apel","cancel_downloaded_file":"Renunță","voicemailNoNumberTitle":"Voicemail number is unavailable","voicemailNoNumberText":"Unable to call the voicemail. Set up the voicemail number to place the call.","voicemailNoNumberSettings":"Settings","voicemailNoNumberCancel":"Cancel","firefox-accounts-title":"Firefox Accounts","fxa-next":"Next","fxa-back":"Back","fxa-done":"Done","fxa-ok":"OK","fxa-account-does-not-exist-title":"Account does not exist","fxa-account-does-not-exist-message":"Account does not exist","fxa-cannot-create-account":"Unable to create account","fxa-cannot-create-password":"Unable to reset your Firefox Accounts password right now.","fxa-already-signed-in-title":"User is already signed in","fxa-already-signed-in-message":"There is an user is already signed in Firefox.","fxa-invalid-password-title":"Invalid password","fxa-invalid-password-message":"You have used an invalid password. Please try again with a valid one.","fxa-invalid-email-title":"Invalid email address","fxa-invalid-email-message":"You have used an invalid email address. Please try again with a valid one.","fxa-connection-error-title":"Unable to connect","fxa-connection-error-message":"Unable to connect to Firefox right now. You can sign in or create an account from your phone's settings or try it again.","fxa-reset-password-error-title":"Unable to reset password","fxa-reset-password-error-message":"Your password was not reset. Please try again.","fxa-reset-password-in-settings-title":"Reset Password","fxa-reset-password-in-settings-message":"You can reset your password from your phone's settings.","fxa-generic-error-title":"Unable to connect to Firefox","fxa-generic-error-message":"Unable to connect to Firefox Accounts right now. Try your phone's settings or check your connection to Internet.","fxa-coppa-failure-error-title":"Cannot Create Account","fxa-coppa-failure-error-message":"You must meet certain age requirements to create a Firefox Accounts. <a href='http://www.ftc.gov/news-events/media-resources/protecting-consumer-privacy/kids-privacy-coppa'>Learn more</a>","fxa-coppa-ftu-error-message":"You must meet certain age requirements to create a Firefox Accounts. Try again later from Settings.","fxa-offline-error-title":"Unable to connect to Firefox","fxa-offline-error-message":"Unable to connect to Firefox Accounts right now. Check your phone' settings and your Internet connection.","fxa-unknown-error-title":"Unknown error","fxa-unknown-error-message":"Unknown error","fxa-connecting-to-firefox":"Connecting to Firefox Accounts","fxa-email-input":{"placeholder":"Email"},"fxa-use-email-to-sign-in":"Use your email address to create an account or sign in.","fxa-agree-to-tos-pp":"By proceeding, you agree to our <a href=\"#fxa-tos\">Terms of Service</a> and <a href=\"#fxa-pp\">Privacy Policy</a>","fxa-set-password-title":"Enter your new password","fxa-enter-password-title":"Enter your password","fxa-hello-user":"Hello, <a id=\"fxa-user-email\">hola@email.com</a>","fxa-password-refresh":"Please enter your Firefox Account password for <a id=\"fxa-user-email\">hola@email.com</a> to continue.","fxa-password":{"placeholder":"Password"},"fxa-forgot-password":"I forgot my password","fxa-show-password":"Show password","fxa-authenticating":"Authenticating","fxa-registering":"Registering","fxa-success":"Success!","fxa-ready-to-go":"Your Firefox Account is ready to go! ","fxa-use-services":"Now you can use <span id=\"fxa-summary-email\">email</span> to access services like Marketplace and Where’s My Fox.","fxa-manage-account-settings":"In the future, you can access and manage your account from your phone's settings.","fxa-confirm-account":"Confirm Your Account","fxa-sending-email-to":"We have sent you an email to: <strong id=\"fxa-summary-email\">email</strong>","fxa-tos-header":"Terms of Service","fxa-tos1":"Lorem ipsum dolor sit amet, consectetur adipisicing elit, sed do eiusmod tempor incididunt ut labore et dolore magna aliqua. Ut enim ad minim veniam, quis nostrud exercitation ullamco laboris nisi ut aliquip ex ea commodo consequat. Duis aute irure dolor in reprehenderit in voluptate velit esse cillum dolore eu fugiat nulla pariatur. ","fxa-tos2":"Excepteur sint occaecat qui of fi cia deserunt mollit anim id est laborum.  Lorem ipsum dolor sit amet, consectetur adipisicing elit, sed do eiusmod tempor incididunt ut labore et dolore magna aliqua. Ut enim ad minim veniam,quis nostrud exercitation ullamco laboris nisi ut aliquip ex ea commodo consequat. Duis aute irure dolor in.","fxa-pp-header":"Privacy Policy","fxa-pp1":"Lorem ipsum dolor sit amet, consectetur adipisicing elit, sed do eiusmod tempor incididunt ut labore et dolore magna aliqua. Ut enim ad minim veniam, quis nostrud exercitation ullamco laboris nisi ut aliquip ex ea commodo consequat. Duis aute irure dolor in reprehenderit in voluptate velit esse cillum dolore eu fugiat nulla pariatur. ","fxa-pp2":"Excepteur sint occaecat qui of fi cia deserunt mollit anim id est laborum.  Lorem ipsum dolor sit amet, consectetur adipisicing elit, sed do eiusmod tempor incididunt ut labore et dolore magna aliqua. Ut enim ad minim veniam,quis nostrud exercitation ullamco laboris nisi ut aliquip ex ea commodo consequat. Duis aute irure dolor in.","fxa-age-verification":"Age Verification","fxa-age-1990-earlier":"1990 or earlier","fxa-year-of-birth":"Year of Birth"}