{"ok":"OK","back":"Назад","help":"Справка","cancel":"Отмена","close":"Закрыть","skip":"Пропустить","airplaneMode":"Режим Полёта","searching":"Поиск…","noNetwork":"Нет сети","roaming":"{{operator}} (роуминг)","emergencyCallsOnly":"Только экстренные вызовы","emergencyCallsOnly-unknownSIMState":"(неизвестное состояние SIM)","emergencyCallsOnly-noSIM":"(без SIM)","emergencyCallsOnly-pinRequired":"(нужен PIN для SIM)","emergencyCallsOnly-pukRequired":"(нужен PUK для SIM)","emergencyCallsOnly-networkLocked":"(сеть заблокирована)","emergencyCallsOnly-serviceProviderLocked":"(заблокировано оператором связи)","emergencyCallsOnly-corporateLocked":"(заблокировано корпоративно)","emergencyCallsOnly-network1Locked":"(network1 locked)","emergencyCallsOnly-network2Locked":"(network2 locked)","emergencyCallsOnly-hrpdNetworkLocked":"(hrpd network locked)","emergencyCallsOnly-ruimCorporateLocked":"(ruim corporate locked)","emergencyCallsOnly-ruimServiceProviderLocked":"(ruim service provider locked)","enterPIN":"Введите PIN","statusbarLabel":"{{date}}, {{operator}}","statusbarDateFormat":"%e %Eb","notifications":"Уведомления","clear-all":"Очистить всё","newVoicemails":{"_index":["plural","n"],"_":{"zero":"Нет новых голосовых сообщ.","one":"{{n}} новое голосовое сообщ.","two":"{{n}} новых голосовых сообщ.","few":"{{n}} новых голосовых сообщ.","many":"{{n}} новых голосовых сообщ.","other":"{{n}} новых голосовых сообщ."}},"newVoicemailsUnknown":"Новое голосовое сообщ.","dialNumber":"Набрать {{number}}","voicemailNotificationMultiSim":"(SIM {{n}}) {{title}}","confirmNFCConnectMsg1":"Are you sure you want to connect to the device?","confirmNFCConnectMsg2":"Turn on Bluetooth and connect to the device?","confirmNFCConnectMsg3":"Are you sure you want to connect to {{n}}?","confirmNFCConnectMsg4":"Turn on Bluetooth and connect to {{n}}?","deviceMenu":"Телефон","airplane":"Включить Режим Полёта","airplaneOff":"Отключить Режим Полёта","silent":"Отключить звонок","normal":"Включить звонок","restart":"Перезагрузить","power":"Отключить питание","asyncpanzoom":"Отключить APZ для Приложений","asyncpanzoomOff":"Включить APZ для Приложений","enableScreenReaderSteps":"Чтобы включить чтение с экрана, нажмите кнопки повышения громкости затем понижения громкости ещё три раза","disableScreenReaderSteps":"Чтобы отключить чтение с экрана, нажмите кнопки повышения громкости затем понижения громкости ещё три раза","no-recent-apps":"Нет недавних приложений","yes":"Да","no":"Нет","dontallow":"Don’t allow","allow":"Разрешить","dontshare-geolocation":"Не давать доступ","share-geolocation":"Дать доступ","dontshare-audio-capture":"Не давать доступ","share-audio-capture":"Дать доступ","dontshare-video-capture":"Не давать доступ","share-video-capture":"Дать доступ","dontshare-media-capture":"Не давать доступ","share-media-capture":"Дать доступ","device-front":"Передняя камера","device-back":"Задняя камера","remember-my-choice":"Запомнить мой выбор","more-info":"Подробнее…","hide-info":"Hide info","install-app":"Установить {{name}}?","size":"Размер","author":"Автор","size-unknown":"Неизвестен","author-unknown":"Неизвестен","install":"Установить","bytes":"байт","kB":"КБ","MB":"МБ","GB":"ГБ","TB":"ТБ","PB":"PB","app-install-generic-error":"загрузка {{ appName }} остановлена","app-install-download-failed":"загрузка {{ appName }} не удалась","app-install-install-failed":"установка {{ appName }} не удалась","cancelling-will-not-refund":"Отмена не вернет деньги за покупку. Возврат денег за платный контент производится первоначальным продавцом.","apps-can-be-installed-later":"Приложения могут быть установлены позже из оригинального источника установки.","are-you-sure-you-want-to-cancel":"Вы действительно хотите отменить эту установку?","cancel-install":"Отменить установку","cancel-install-button":"Cancel Install","resume":"Возобновить","continue":"Продолжить","stopDownloading":"Остановить загрузку {{ app }}?","app-download-can-be-restarted":"Загрузка может быть возобновлена позже.","app-download-stop-button":"Остановить загрузку","not-enough-space":"Недостаточно места","not-enough-space-message":"Недостаточно места для установки этого приложения. Освободите место, удалив старые приложения или медиа, и попробуйте установить снова из оригинального источника.","app-install-success":"{{ appName }} установлено","setup":"Настройка","ime-addkeyboards":"Добавить раскладки","later":"Позже","download":"Загрузить","wantToDownload":"Загрузить обновление сейчас?","wantToInstall":"Установить обновление сейчас?","installNow":"Установить","notNow":"Не сейчас","downloadingUpdateMessage":{"innerHTML":"Загрузка обновлений… <span>{{ progress }} загружено.</span>"},"downloadingAppMessage":"Загрузка {{ appName }}","downloadingAppProgressNoMax":"{{ progress }} загружено","downloadingAppProgressIndeterminate":"Загрузка","downloadingAppProgress":"{{ progress }} / {{ max }} загружено","cancelAllDownloads":"Отменить все загрузки","wantToCancelAll":"Вы уверены, что хотите отменить все загрузки?","downloadError":"При загрузке обновлений произошла ошибка.","updateAvailableInfo":{"innerHTML":{"_index":["plural","n"],"_":{"one":"доступно {{ n }} обновление. <span>Нажмите для подробностей.</span>","two":"доступно {{ n }} обновления. <span>Нажмите для подробностей.</span>","few":"доступно {{ n }} обновления. <span>Нажмите для подробностей.</span>","many":"доступно {{ n }} обновлений. <span>Нажмите для подробностей.</span>","other":"доступно {{ n }} обновлений. <span>Нажмите для подробностей.</span>"}}},"numberOfUpdates":{"_index":["plural","n"],"_":{"one":"доступно {{ n }} обновление","two":"доступно {{ n }} обновления","few":"доступно {{ n }} обновления","many":"доступно {{ n }} обновлений","other":"доступно {{ n }} обновлений"}},"systemUpdate":"Обновление системы","systemUpdateReady":"Готово обновление системы","required":"Необходимо","uncompressingMessage":{"innerHTML":"Распаковка… <span>Это может занять несколько минут.</span>"},"downloadNoWifiWarning":"Wi-Fi недоступен. Обновление по текущему соединению может привести к дополнительным финансовым расходам.","downloadOfflineWarning":"Соединение недоступно. Для загрузки обновлений соединитесь с сетью.","downloadDataConnectionWarning":"Когда Wi-Fi недоступен, обновления загружаются через соединение для передачи данных. Это может привести к дополнительным финансовым расходам.","downloadUpdatesViaDataConnection":"Загружать обновления через соединение для передачи данных?","downloadUpdatesViaDataConnectionMessage":"Когда Wi-Fi недоступен, обновления загружаются через соединение для передачи данных. При использовании соединения для передачи данных телефонные звонки могут быть заблокированы. Также это может привести к дополнительным финансовым расходам.","screenshotSaved":"Снимок послан в Галерею","screenshotFailed":"Ошибка сохранения скриншота","screenshotNoSDCard":"Не найдена карта памяти","screenshotSDCardInUse":"Карта памяти сейчас используется","screenshotSDCardLow":"Недостаточно места на карте памяти","emergency-call-button":"Экстренный вызов","emergency-call":"Экстренный вызов","unlock-a11y-button":{"ariaLabel":"Разблокирован"},"camera-a11y-button":{"ariaLabel":"Камера"},"longDateFormat":"%A, %e %Eb","softwareHomeButton":{"ariaLabel":"Дом"},"login":"Авторизация","username":"Имя пользователя","password":"Пароль","http-authentication-message":"{{host}} запросил имя пользователя и пароль. Сайт сообщает: “{{realm}}”","error-message":"{{name}} загружается некорректно","error-title":"У {{name}} возникли проблемы","airplane-is-on":"Включён Режим Полёта","airplane-is-turned-on":"{{name}} требует соединения с сетью. Отключите Режим Полёта в Настройках и соединитесь с Wi-Fi или мобильной сетью.","server-not-found":"Сервер не найден","server-not-found-error":"Не удалось найти сервер {{name}}.","file-not-found":"File not found","file-not-found-error":"The device can’t display this page because the file cannot be found.","connection-failed":"Unable to connect","connection-failed-error":"A network error occurred while trying to reach the site.","invalid-connection":"Unable to connect","invalid-connection-error":"A network error occurred while trying to reach the site.","malformed-uri":"URL not valid","malformed-uri-error":"The URL entered is not valid and cannot be loaded.","redirect-loop":"Can’t display page","redirect-loop-error":"The device can’t display this page because the page is not redirecting properly. Try this page again at a later time.","not-cached":"Page expired","not-cached-error":"As a security precaution, this page cannot be displayed by the device because it has expired.","is-printing-error":"The document cannot change while Printing or in Print Preview.","denied-port-access":"This address is restricted","denied-port-access-error":"This address uses a network port which is normally used for purposes other than Web browsing. The device has cancelled the request for your protection.","proxy-resolve-failure":"Proxy Server Error","proxy-resolve-failure-error":"The device is configured to use a proxy server that can’t be found.","proxy-connect-failure":"Proxy Server Error","proxy-connect-failure-error":"The device is configured to use a proxy server that is refusing connections.","content-encoding":"Can’t display page","content-encoding-error":"The device can’t display this page because a content encoding error occurred.","remote-xul":"Page unsupported","remote-xul-error":"This page can’t be displayed because it uses a technology that is not supported on the device.","phishing-blocked":"Warning","phishing-blocked-error":"The website has been reported as a web forgery designed to trick users into sharing personal or financial information.","malware-blocked":"Malware attack blocked","malware-blocked-error":"The site at has been reported as an attack site and has been blocked.","unsafe-content-type":"Unsafe content","unsafe-content-type-error":"The page cannot be shown because it may not be safe to open.","corrupted-content":"Can’t display page","corrupted-content-error":"The page cannot be shown because an error in the data transmission was detected.","network-connection-unavailable":"Соединение с сетью недоступно","network-error":"{{name}} требует соединения с сетью. Попробуйте соединиться с Wi-Fi или мобильной сетью.","network-error-launching":"{{name}} requires an Internet connection.","network-error-in-app":"No access to the Internet right now.","unable-to-connect":"Попытка соединения не удалась","try-again":"Повторить","check-settings":"Check settings","tap-to-check-settings":"Tap to check settings","select-time":"Выберите время","choose-option":"Выбрать","choose-options":"Выбрать","select-day":"Выберите день","battery-almost-empty":"Батарея почти разряжена","add-to-home-screen":"На домашний экран","crash-dialog2-os":"{{brandShortName}} только что восстановилась после падения","crash-dialog-app":"{{name}} только что упал","crash-dialog-message":"Вы хотите послать в Mozilla сообщение о падении, чтобы помочь нам решить эту проблему? (Сообщения передаются только через Wi-Fi).","crash-info-link":"Что находится в сообщении о падении?","crash-always-report":"Всегда отправлять в Mozilla сообщение, когда происходит падение.","crash-dont-send":"Не отправлять","crash-end":"Послать","crashReports":"О падениях","done":"Готово","crash-reports-description-1":"Сообщение о падении содержит некоторые детали о падении и вашем устройстве, а также снимок состояния вашего устройства в момент его падения.","crash-reports-description-2":"Это может включать в себя такие вещи, как открытые страницы и приложения, введенный в формы текст, содержание открытых сообщений, недавнюю историю веб-сёрфинга или данные геолокации использованные открытым приложением.","crash-reports-description-3-start":"Мы используем сообщения о падениях, чтобы попытаться исправить проблемы и улучшить наши продукты. Мы обрабатываем вашу информацию так, как описано в нашей ","crash-reports-description-3-privacy":"политика приватности","crash-reports-description-3-end":".","crash-banner-os2":"{{brandShortName}} только что упала.","crash-banner-app":"{{name}} только что упало.","crash-banner-report":"Сообщение","bluetooth-sending-progress":"Отправка данных через Bluetooth…","bluetooth-receiving-progress":"Приём данных через Bluetooth…","acceptFileTransfer":"Принять файл, передаваемый через Bluetooth?","wantToReceiveFile":"{{deviceName}} хочет передать {{fileName}} ({{fileSize}}).","transfer-confirmation-title":"{{deviceName}}","transfer-confirmation-description":"Рассмотреть запрос на передачу.","byteUnit-B":"байт","byteUnit-KB":"КБ","byteUnit-MB":"МБ","byteUnit-GB":"ГБ","byteUnit-TB":"ТБ","byteUnit-PB":"PB","byteUnit-EB":"ЭБ","byteUnit-ZB":"ЗБ","byteUnit-YB":"ЙБ","fileSize":"{{size}} {{unit}}","deny":"Не разрешать","transfer":"Передача","cancelFileTransfer":"Отменить передачу файла через Bluetooth?","continueFileTransfer":"Continue","transfer-has-started-title":"Передача запущена","transfer-has-started-description":"Следите за её ходом в Центре уведомлений","transferFinished-sentSuccessful-title":"Файл отправлен","transferFinished-receivedSuccessful-title":"Файл получен","transferFinished-sentFailed-title":"Файл не мог быть отправлен","transferFinished-receivedFailed-title":"Файл не мог быть получен","transferReport-title":"Отчёт о передаче:","transferReport-description":"{{numSuccessful}} файлов успешно, {{numUnsuccessful}} файлов успешно","unknown-file":"Неизвестный файл","unknown-device":"Неизвестное устройство","cannotOpenFile":"Не удалось открыть полученный файл","unknownMediaTypeToOpen":"Не удалось открыть неизвестный тип медиа:","cannotReceiveFile":"Не удалось получить файл","cannotGetStorageState":"Не удалось получить состояние устройства для хранения.","sdcard-not-exist2":"Не найдена карта памяти. Пожалуйста, вставьте карту памяти.","sdcard-in-use":"Bluetooth не может быть использован пока телефон подключён с помощью кабеля. Для получения файла(ов), пожалуйста, отсоедините телефон.","sdcard-no-space2":"Не удалось завершить передачу: нет места на карте памяти.","unknown-error":"Неизвестная ошибка","confirm":"Подтверждение","microphone-is-on":"Микрофон включён","camera-is-on":"Камера включена","media-is-on":"Камера и микрофон включены","noSimCard":"Нет SIM-карты","simPin":"SIM PIN","pukCode":"PUK-код","nckCode":"NCK-код","cckCode":"CCK-код","spckCode":"SPCK-код","nck1code":"NCK1 code","nck2code":"NCK2 code","hnckcode":"HNCK code","rcckcode":"RCCK code","rspckcode":"RSPCK code","whatIsSimPin":"Что такое SIM PIN?","simPinIntro1":"PIN-код SIM предотвращает доступ к SIM-карте для работы в сотовой сети. Когда он включён, любое устройство, содержащее SIM-карту, при перезагрузке будет запрашивать PIN-код.","simPinIntro2":"PIN-код SIM не имеет никакого отношения к коду для разблокировки устройства.","changeSimPin":"Сменить PIN","pinTitle":"Ввод SIM PIN","multiSIMpinTitle":"Ввод SIM {{n}} PIN","pukTitle":"Введите PUK-код","nckTitle":"Введите NCK-код","cckTitle":"Введите CCK-код","spckTitle":"Введите SPCK-код","nck1Title":"Enter NCK1 code","nck2Title":"Enter NCK2 code","hnckTitle":"Enter HNCK code","rcckTitle":"Enter RCCK code","rspckTitle":"Enter RSPCK code","newpinTitle":"Новый PIN","inputCodeRetriesLeft":{"_index":["plural","n"],"_":{"one":"осталась {{n}} попытка.","two":"осталось {{n}} попытки.","few":"осталось {{n}} попытки.","many":"осталось {{n}} попыток.","other":"осталось {{n}} попыток."}},"pinErrorMsg":"Неверный PIN.","pinAttemptMsg2":{"_index":["plural","n"],"_":{"one":"У вас осталась {{n}} попытка для ввода правильного кода перед тем, как ваша SIM-карта будет заблокирована.","two":"У вас осталось {{n}} попытки для ввода правильного кода перед тем, как ваша SIM-карта будет заблокирована.","few":"У вас осталось {{n}} попытки для ввода правильного кода перед тем, как ваша SIM-карта будет заблокирована.","many":"У вас осталось {{n}} попыток для ввода правильного кода перед тем, как ваша SIM-карта будет заблокирована.","other":"У вас осталось {{n}} попыток для ввода правильного кода перед тем, как ваша SIM-карта будет заблокирована."}},"pinLastChanceMsg":"Это ваша последняя попытка ввода правильного PIN-кода. В случае неудачи для дальнейшего использования этой SIM-карты надо будет ввести PUK-код.","simCardLockedMsg":"SIM-карта заблокирована.","enterPukMsg":"Вы должны ввести персональный код разблокировки (PUK-код) этой SIM-карты. Для получения дополнительной информации обратитесь к документации на SIM-карту или свяжитесь с вашим оператором.","pukErrorMsg":"Неверный PUK-код.","pukAttemptMsg2":{"_index":["plural","n"],"_":{"one":"У вас осталась {{n}} попытка для ввода правильного кода перед тем, как эта SIM-карта будет навсегда заблокирована. Для получения дополнительной информации обратитесь к документации на SIM-карту или свяжитесь с вашим оператором.","two":"У вас осталось {{n}} попытки для ввода правильного кода перед тем, как эта SIM-карта будет навсегда заблокирована. Для получения дополнительной информации обратитесь к документации на SIM-карту или свяжитесь с вашим оператором.","few":"У вас осталось {{n}} попытки для ввода правильного кода перед тем, как эта SIM-карта будет навсегда заблокирована. Для получения дополнительной информации обратитесь к документации на SIM-карту или свяжитесь с вашим оператором.","many":"У вас осталось {{n}} попыток для ввода правильного кода перед тем, как эта SIM-карта будет навсегда заблокирована. Для получения дополнительной информации обратитесь к документации на SIM-карту или свяжитесь с вашим оператором.","other":"У вас осталось {{n}} попыток для ввода правильного кода перед тем, как эта SIM-карта будет навсегда заблокирована. Для получения дополнительной информации обратитесь к документации на SIM-карту или свяжитесь с вашим оператором."}},"pukLastChanceMsg":"Это последняя попытка ввода правильного PUK-кода. Если вы не введёте сейчас правильный PUK-код, ваша SIM-карта будет навсегда заблокирована. Для получения дополнительной информации обратитесь к документации на SIM-карту или свяжитесь с вашим оператором.","newSimPinMsg":"Создать PIN (должен содержать от 4 до 8 цифр)","confirmNewSimPinMsg":"Подтвердите новый PIN","newPinErrorMsg":"PINы не совпадают.","nckErrorMsg":"Неверный NCK-код.","nckAttemptMsg2":{"_index":["plural","n"],"_":{"one":"Запрос на снятие кодировки под оператора не удался. У вас осталась {{n}} попытка для ввода правильного кода. Для получения дополнительной информации обратитесь к документации на ваше устройство или свяжитесь с вашим оператором.","two":"Запрос на снятие кодировки под оператора не удался. У вас осталось {{n}} попытки для ввода правильного кода. Для получения дополнительной информации обратитесь к документации на ваше устройство или свяжитесь с вашим оператором.","few":"Запрос на снятие кодировки под оператора не удался. У вас осталось {{n}} попытки для ввода правильного кода. Для получения дополнительной информации обратитесь к документации на ваше устройство или свяжитесь с вашим оператором.","many":"Запрос на снятие кодировки под оператора не удался. У вас осталось {{n}} попыток для ввода правильного кода. Для получения дополнительной информации обратитесь к документации на ваше устройство или свяжитесь с вашим оператором.","other":"Запрос на снятие кодировки под оператора не удался. У вас осталось {{n}} попыток для ввода правильного кода. Для получения дополнительной информации обратитесь к документации на ваше устройство или свяжитесь с вашим оператором."}},"nckLastChanceMsg":"Запрос на снятие кодировки под оператора не удался. Это последняя попытка ввода правильного NCK-кода. Для получения дополнительной информации обратитесь к документации на ваше устройство или свяжитесь с вашим оператором.","activity-pick":"Выбрать из:","activity-view":"Просмотреть через:","activity-test":"Протестировать в:","activity-share":"Поделиться через:","activity-new":"Создать в:","activity-open":"Открыть в:","activity-save-bookmark":"Заложить в:","activity-record":"Записать с:","activity-browse":"Обзор через:","activity-configure":"Настроить через:","activity-dial":"Набрать из:","persona-signin":"Войти","payment-flow":"Купить","remoteDebuggerMessage":"Был обнаружен входящий запрос на установку соединения для удалённой отладки. Разрешить соединение?","fullscreen-request":"{{origin}} теперь развернут на полный экран.","captive-wifi-available":"Была найдена сеть {{networkName}}. Присоединиться к сети?","ceWarningtitle":"Предупреждение о громкости","ceWarningcontent":"Чтобы предотвратить возможное повреждение слуха, не используйте высокий уровень громкости в течение длительного времени.","notification-powersaving-mode-on-title":"Режим экономии","notification-powersaving-mode-on-description":"Режим экономии включён.","low-device-storage":"На устройстве мало места.\\n","free-space":{"_index":["plural","value"],"_":{"zero":"Свободного места не осталось.","one":"Осталось менее {{value}} {{unit}}.","two":"Осталось менее {{value}} {{unit}}.","few":"Осталось менее {{value}} {{unit}}.","many":"Осталось менее {{value}} {{unit}}.","other":"Осталось менее {{value}} {{unit}}."}},"unknown-free-space":"Оставшееся место неизвестно.","system-alert":"Системное уведомление","cb-channel":"Канал {{channel}}","icc-message-title":"Сообщение оператора с SIM {{id}}","icc-confirmCall-defaultmessage":"Вызвать {{number}}?","icc-alertMessage-defaultmessage":"Отправка сообщения","icc-confirmMessage-defaultmessage":"Послать сообщение?","icc-inputbox-title":"Запрос STK с SIM {{id}}","emergency-callback-mode":"Режим экстренного обратного вызова","emergency-callback-message":"Вы не можете совершать звонки, отправлять сообщения или выходить в Интернет, так как включён режим экстренного обратного вызова. Вы хотите его выключить?","cdma-record-info":"Информация CDMA записи","ime-switching-title":"{{appName}}: {{name}}","ime-switching-tip":"Нажмите для переключения метода ввода","layout-selection":"Выбор раскладки","shrinking-tip":"Проведите, чтобы поделиться","download_started":"Загрузка началась","download_stopped":"Загрузка остановлена","download_downloading":"Загрузка…","download_succeeded":"Загрузка завершена","download_failed":"Загрузка не удалась","download_text_by_default":"{{name}}","download_downloading_text_2":"{{percentage}}% - {{name}}","search-or-enter-address":{"_":"Search or enter address","placeholder":"Search or enter address"},"noSIMCardInHotspot":"SIM-карта отсутствует или вставлена неправильно, поэтому отключите точку доступа","brandShortName":"B2G OS","browserBrandShortName":"Веб-браузер","browserBrandFullName":"Веб-браузер Mozilla","weekday-0-long":"Воскресенье","weekday-1-long":"Понедельник","weekday-2-long":"Вторник","weekday-3-long":"Среда","weekday-4-long":"Четверг","weekday-5-long":"Пятница","weekday-6-long":"Суббота","weekday-0-short":"Вс","weekday-1-short":"Пн","weekday-2-short":"Вт","weekday-3-short":"Ср","weekday-4-short":"Чт","weekday-5-short":"Пт","weekday-6-short":"Сб","month-0-long":"Январь","month-1-long":"Февраль","month-2-long":"Март","month-3-long":"Апрель","month-4-long":"Май","month-5-long":"Июнь","month-6-long":"Июль","month-7-long":"Август","month-8-long":"Сентябрь","month-9-long":"Октябрь","month-10-long":"Ноябрь","month-11-long":"Декабрь","month-0-genitive":"января","month-1-genitive":"февраля","month-2-genitive":"марта","month-3-genitive":"апреля","month-4-genitive":"мая","month-5-genitive":"июня","month-6-genitive":"июля","month-7-genitive":"августа","month-8-genitive":"сентября","month-9-genitive":"октября","month-10-genitive":"ноября","month-11-genitive":"декабря","month-0-short":"Январь","month-1-short":"Февраль","month-2-short":"Март","month-3-short":"Апрель","month-4-short":"Май","month-5-short":"Июнь","month-6-short":"Июль","month-7-short":"Август","month-8-short":"Сентябрь","month-9-short":"Октябрь","month-10-short":"Ноябрь","month-11-short":"Декабрь","minutes-ago-long":{"_index":["plural","value"],"_":{"zero":"прямо сейчас","one":"{{value}} минуту назад","two":"{{value}} минуты назад","few":"{{value}} минуты назад","many":"{{value}} минут назад","other":"{{value}} минут назад"}},"hours-ago-long":{"_index":["plural","value"],"_":{"zero":"прямо сейчас","one":"{{value}} час назад","two":"{{value}} часа назад","few":"{{value}} часа назад","many":"{{value}} часов назад","other":"{{value}} часов назад"}},"days-ago-long":{"_index":["plural","value"],"_":{"zero":"сегодня","one":"{{value}} день назад","two":"{{value}} дня назад","few":"{{value}} дня назад","many":"{{value}} дней назад","other":"{{value}} дней назад"}},"weeks-ago-long":{"_index":["plural","value"],"_":{"zero":"эта неделя","one":"{{value}} неделя назад","two":"{{value}} недели назад","few":"{{value}} недели назад","many":"{{value}} недель назад","other":"{{value}} недель назад"}},"months-ago-long":{"_index":["plural","value"],"_":{"zero":"этот месяц","one":"{{value}} месяц назад","two":"{{value}} месяца назад","few":"{{value}} месяца назад","many":"{{value}} месяцев назад","other":"{{value}} месяцев назад"}},"years-ago-long":{"_index":["plural","value"],"_":{"zero":"этот год","one":"{{value}} год назад","two":"{{value}} года назад","few":"{{value}} года назад","many":"{{value}} лет назад","other":"{{value}} лет назад"}},"minutes-until-long":{"_index":["plural","value"],"_":{"zero":"сейчас","one":"через {{value}} минуту","two":"через {{value}} минуты","few":"через {{value}} минуты","many":"через {{value}} минут","other":"через {{value}} минут"}},"hours-until-long":{"_index":["plural","value"],"_":{"zero":"сейчас","one":"через {{value}} час","two":"через {{value}} часа","few":"через {{value}} часа","many":"через {{value}} часов","other":"через {{value}} часов"}},"days-until-long":{"_index":["plural","value"],"_":{"zero":"сегодня","one":"через {{value}} день","two":"через {{value}} дня","few":"через {{value}} дня","many":"через {{value}} дней","other":"через {{value}} дней"}},"weeks-until-long":{"_index":["plural","value"],"_":{"zero":"эта неделя","one":"через {{value}} неделю","two":"через {{value}} недели","few":"через {{value}} недели","many":"через {{value}} недель","other":"через {{value}} недель"}},"months-until-long":{"_index":["plural","value"],"_":{"zero":"этот месяц","one":"через {{value}} месяц","two":"через {{value}} месяца","few":"через {{value}} месяца","many":"через {{value}} месяцев","other":"через {{value}} месяцев"}},"years-until-long":{"_index":["plural","value"],"_":{"zero":"этот год","one":"через {{value}} год","two":"через {{value}} года","few":"через {{value}} года","many":"через {{value}} лет","other":"через {{value}} лет"}},"minutes-ago-short":{"_index":["plural","value"],"_":{"zero":"сейчас","other":"{{value}}м назад"}},"hours-ago-short":{"_index":["plural","value"],"_":{"zero":"сейчас","other":"{{value}}ч назад"}},"days-ago-short":{"_index":["plural","value"],"_":{"zero":"сегодня","other":"{{value}}д назад"}},"minutes-until-short":{"_index":["plural","value"],"_":{"zero":"сейчас","other":"через {{value}}м"}},"hours-until-short":{"_index":["plural","value"],"_":{"zero":"сейчас","other":"через {{value}}ч"}},"days-until-short":{"_index":["plural","value"],"_":{"zero":"сегодня","other":"через {{value}}д"}},"incorrectDate":"(некорректная дата)","dateTimeFormat_%c":"%a, %e %Eb %Y, %H:%M:%S","dateTimeFormat_%x":"%d.%m.%Y","dateTimeFormat_%X":"%H:%M:%S","shortTimeFormat":"%H:%M","shortDateTimeFormat":"%x %H:%M","weekStartsOnMonday":"1","time_am":"AM","time_pm":"PM","perm-contacts":"Контакты","perm-contacts-appRequest":"{{app}} хотело бы получить доступ к списку ваших контактов.","perm-contacts-webRequest":"{{site}} хотел бы получить доступ к списку ваших контактов.","perm-desktop-notification":"Уведомления","perm-desktop-notification-appRequest":"{{app}} хотело бы отображать уведомления.","perm-desktop-notification-webRequest":"{{site}} хотел бы отображать уведомления.","perm-device-storage-music":"Память для музыки","perm-device-storage-music-appRequest":"{{app}} хотело бы получить доступ к вашей музыке.","perm-device-storage-music-webRequest":"{{site}} хотел бы получить доступ к вашей музыке.","perm-device-storage-pictures":"Память для изображений","perm-device-storage-pictures-appRequest":"{{app}} хотело бы получить доступ к вашим изображениям.","perm-device-storage-pictures-webRequest":"{{site}} хотел бы получить доступ к вашим изображениям.","perm-device-storage-sdcard":"Память на карте памяти","perm-device-storage-sdcard-appRequest":"{{app}} хотело бы получить доступ к вашей карте памяти.","perm-device-storage-sdcard-webRequest":"{{site}} хотел бы получить доступ к вашей карте памяти.","perm-device-storage-videos":"Память для видео","perm-device-storage-videos-appRequest":"{{app}} хотело бы получить доступ к вашим видео.","perm-device-storage-videos-webRequest":"{{site}} хотел бы получить доступ к вашим видео.","perm-fmradio":"FM-радио","perm-fmradio-appRequest":"{{app}} хотело бы использовать FM-радио.","perm-fmradio-webRequest":"{{site}} хотел бы использовать FM-радио.","perm-geolocation":"Местоположение","perm-geolocation-appRequest":"{{app}} хотело бы знать ваше местоположение.","perm-geolocation-webRequest":"{{site}} хотел бы знать ваше местоположение.","perm-geolocation-more-info":"{{brandShortName}} использует данные, полученные от GPS, Wi-Fi и работающих поблизости мобильных сетей, чтобы помочь определить ваше приблизительное местоположение. Данные передаются Mozilla и другим поставщикам услуг и будут использоваться в совокупности для улучшения баз данных этих местоположений. Данные могут храниться на вашем устройстве и сбор данных может происходить даже тогда, когда не запущено никаких приложений.","perm-video-capture":"Камера","perm-video-capture-appRequest":"Вы хотите разрешить доступ к своей камере {{app}}?","perm-video-capture-webRequest":"Вы хотите разрешить доступ к своей камере {{site}}?","perm-audio-capture":"Микрофон","perm-audio-capture-appRequest":"Вы хотите разрешить доступ к своему микрофону {{app}}?","perm-audio-capture-webRequest":"Вы хотите разрешить доступ к своему микрофону {{site}}?","perm-media-capture":"Камера и микрофон","perm-media-capture-appRequest":"Вы хотите разрешить доступ к своим камере и микрофону {{app}}?","perm-media-capture-webRequest":"Вы хотите разрешить доступ к своим камере и микрофону {{site}}?","stopped_download_title":"Загрузка остановлена","stopped_download_message":"Загрузка остановлена. Повторить попытку загрузки?","stopped_download_left_button":"Отмена","stopped_download_right_button":"Повторить","failed_download_title":"Загрузка не удалась","failed_download_message":"Не удалось загрузить {{name}}. Повторить попытку загрузки?","failed_download_left_button":"Отмена","failed_download_right_button":"Повторить","stop_download_title":"Остановить загрузку","stop_download_message":"Вы уверены, что хотите остановить загрузку?","stop_download_left_button":"Нет","stop_download_right_button":"Да","delete_download_title":"Удалить","delete_download_message":"Удалить {{name}}?","delete_download_left_button":"Отмена","delete_download_right_button":"Удалить","delete_all_download_title":"Удалить","delete_all_download_left_button":"Отмена","delete_all_download_right_button":"Удалить","delete_all_download_message":{"_index":["plural","number"],"_":{"zero":"Не удалять файлы?","one":"Удалить один файл?","two":"Удалить {{number}} файла?","few":"Удалить {{number}} файла?","many":"Удалить {{number}} файлов?","other":"Удалить {{number}} файлов?"}},"unsupported_file_type_download_title":"Невозможно открыть","unsupported_file_type_download_message":"Нет приложения, которое могло бы открыть {{name}}. Вы хотите сохранить файл или удалить его?","unsupported_file_type_download_left_button":"Сохранить файл","unsupported_file_type_download_right_button":"Удалить","file_not_found_download_title":"Файл не найден","file_not_found_download_message":"Файл не найден на устройстве","file_not_found_download_right_button":"OK","unmounted_sdcard_2_download_title":"Карта памяти сейчас используется","unmounted_sdcard_2_download_message":"Отсоединить телефон","unmounted_sdcard_2_download_right_button":"OK","no_provider_download_title":"Не удалось поделиться","no_provider_download_message":"Не найден провайдер","no_provider_download_right_button":"OK","no_memory_download_title":"На SD-карте больше нет места","no_memory_download_message":"На вашей SD-карте больше нет места для сохранения загрузки. Пожалуйста, удалите несколько файлов перед перезапуском загрузки.","no_memory_download_right_button":"OK","no_sdcard_found_2_download_title":"Не найдена карта памяти","no_sdcard_found_2_download_message":"Вставьте карту памяти или выберите в параметрах другое расположение медиа по умолчанию","no_sdcard_found_2_download_right_button":"OK","file_open_error_download_title":"Не удалось открыть","file_open_error_download_message":"При открытии {{name}} возникла проблема. Вы хотите сохранить файл или удалить его?","file_open_error_download_left_button":"Сохранить файл","file_open_error_download_right_button":"Удалить","restart_download_error":"При перезапуске загрузки произошла ошибка. Пожалуйста, попробуйте загрузить снова.","no-downloads":"Нет загрузок","percentage":"{{percentage}} %","partialResult":"{{partial}} из {{total}}","summary":"{{date}} - {{status}}","download-stopped":"Остановлена","download-failed":"Загрузка не удалась","open_downloaded_file":"Открыть","share_downloaded_file":"Поделиться","wallpaper_downloaded_file":"Установить как обои","ringtone_downloaded_file":"Установить как мелодию","cancel_downloaded_file":"Отмена","voicemailNoNumberTitle":"Voicemail number is unavailable","voicemailNoNumberText":"Unable to call the voicemail. Set up the voicemail number to place the call.","voicemailNoNumberSettings":"Settings","voicemailNoNumberCancel":"Cancel","firefox-accounts-title":"Firefox Accounts","fxa-next":"Next","fxa-back":"Back","fxa-done":"Done","fxa-ok":"OK","fxa-account-does-not-exist-title":"Account does not exist","fxa-account-does-not-exist-message":"Account does not exist","fxa-cannot-create-account":"Unable to create account","fxa-cannot-create-password":"Unable to reset your Firefox Accounts password right now.","fxa-already-signed-in-title":"User is already signed in","fxa-already-signed-in-message":"There is an user is already signed in Firefox.","fxa-invalid-password-title":"Invalid password","fxa-invalid-password-message":"You have used an invalid password. Please try again with a valid one.","fxa-invalid-email-title":"Invalid email address","fxa-invalid-email-message":"You have used an invalid email address. Please try again with a valid one.","fxa-connection-error-title":"Unable to connect","fxa-connection-error-message":"Unable to connect to Firefox right now. You can sign in or create an account from your phone's settings or try it again.","fxa-reset-password-error-title":"Unable to reset password","fxa-reset-password-error-message":"Your password was not reset. Please try again.","fxa-reset-password-in-settings-title":"Reset Password","fxa-reset-password-in-settings-message":"You can reset your password from your phone's settings.","fxa-generic-error-title":"Unable to connect to Firefox","fxa-generic-error-message":"Unable to connect to Firefox Accounts right now. Try your phone's settings or check your connection to Internet.","fxa-coppa-failure-error-title":"Cannot Create Account","fxa-coppa-failure-error-message":"You must meet certain age requirements to create a Firefox Accounts. <a href='http://www.ftc.gov/news-events/media-resources/protecting-consumer-privacy/kids-privacy-coppa'>Learn more</a>","fxa-coppa-ftu-error-message":"You must meet certain age requirements to create a Firefox Accounts. Try again later from Settings.","fxa-offline-error-title":"Unable to connect to Firefox","fxa-offline-error-message":"Unable to connect to Firefox Accounts right now. Check your phone' settings and your Internet connection.","fxa-unknown-error-title":"Unknown error","fxa-unknown-error-message":"Unknown error","fxa-connecting-to-firefox":"Connecting to Firefox Accounts","fxa-email-input":{"placeholder":"Email"},"fxa-use-email-to-sign-in":"Use your email address to create an account or sign in.","fxa-agree-to-tos-pp":"By proceeding, you agree to our <a href=\"#fxa-tos\">Terms of Service</a> and <a href=\"#fxa-pp\">Privacy Policy</a>","fxa-set-password-title":"Enter your new password","fxa-enter-password-title":"Enter your password","fxa-hello-user":"Hello, <a id=\"fxa-user-email\">hola@email.com</a>","fxa-password-refresh":"Please enter your Firefox Account password for <a id=\"fxa-user-email\">hola@email.com</a> to continue.","fxa-password":{"placeholder":"Password"},"fxa-forgot-password":"I forgot my password","fxa-show-password":"Show password","fxa-authenticating":"Authenticating","fxa-registering":"Registering","fxa-success":"Success!","fxa-ready-to-go":"Your Firefox Account is ready to go! ","fxa-use-services":"Now you can use <span id=\"fxa-summary-email\">email</span> to access services like Marketplace and Where’s My Fox.","fxa-manage-account-settings":"In the future, you can access and manage your account from your phone's settings.","fxa-confirm-account":"Confirm Your Account","fxa-sending-email-to":"We have sent you an email to: <strong id=\"fxa-summary-email\">email</strong>","fxa-tos-header":"Terms of Service","fxa-tos1":"Lorem ipsum dolor sit amet, consectetur adipisicing elit, sed do eiusmod tempor incididunt ut labore et dolore magna aliqua. Ut enim ad minim veniam, quis nostrud exercitation ullamco laboris nisi ut aliquip ex ea commodo consequat. Duis aute irure dolor in reprehenderit in voluptate velit esse cillum dolore eu fugiat nulla pariatur. ","fxa-tos2":"Excepteur sint occaecat qui of fi cia deserunt mollit anim id est laborum.  Lorem ipsum dolor sit amet, consectetur adipisicing elit, sed do eiusmod tempor incididunt ut labore et dolore magna aliqua. Ut enim ad minim veniam,quis nostrud exercitation ullamco laboris nisi ut aliquip ex ea commodo consequat. Duis aute irure dolor in.","fxa-pp-header":"Privacy Policy","fxa-pp1":"Lorem ipsum dolor sit amet, consectetur adipisicing elit, sed do eiusmod tempor incididunt ut labore et dolore magna aliqua. Ut enim ad minim veniam, quis nostrud exercitation ullamco laboris nisi ut aliquip ex ea commodo consequat. Duis aute irure dolor in reprehenderit in voluptate velit esse cillum dolore eu fugiat nulla pariatur. ","fxa-pp2":"Excepteur sint occaecat qui of fi cia deserunt mollit anim id est laborum.  Lorem ipsum dolor sit amet, consectetur adipisicing elit, sed do eiusmod tempor incididunt ut labore et dolore magna aliqua. Ut enim ad minim veniam,quis nostrud exercitation ullamco laboris nisi ut aliquip ex ea commodo consequat. Duis aute irure dolor in.","fxa-age-verification":"Age Verification","fxa-age-1990-earlier":"1990 or earlier","fxa-year-of-birth":"Year of Birth"}