{"ok":"OK","back":"Naspäť","help":"Pomocník","cancel":"Zrušiť","close":"Zavrieť","skip":"Preskočiť","airplaneMode":"Režim V lietadle","searching":"Vyhľadáva sa…","noNetwork":"Žiadna sieť","roaming":"{{operator}} (roaming)","emergencyCallsOnly":"Len tiesňové volania","emergencyCallsOnly-unknownSIMState":"(neznámy stav karty SIM)","emergencyCallsOnly-noSIM":"(žiadna karta SIM)","emergencyCallsOnly-pinRequired":"(vyžaduje sa zadanie kódu PIN)","emergencyCallsOnly-pukRequired":"(vyžaduje sa zadanie kódu PUK)","emergencyCallsOnly-networkLocked":"(sieť uzamknutá)","emergencyCallsOnly-serviceProviderLocked":"(blokovaný na operátora)","emergencyCallsOnly-corporateLocked":"(blokovaný na firmu)","emergencyCallsOnly-network1Locked":"(network1 locked)","emergencyCallsOnly-network2Locked":"(network2 locked)","emergencyCallsOnly-hrpdNetworkLocked":"(hrpd network locked)","emergencyCallsOnly-ruimCorporateLocked":"(ruim corporate locked)","emergencyCallsOnly-ruimServiceProviderLocked":"(ruim service provider locked)","enterPIN":"Zadajte PIN","statusbarLabel":"{{date}}, {{operator}}","statusbarDateFormat":"%e. %b","notifications":"Upozornenia","clear-all":"Vymazať","newVoicemails":{"_index":["plural","n"],"_":{"zero":"Žiadna hlasová správa","one":"Jedna hlasová správa","two":"Dve hlasové správy","few":"{{n}} hlasové správy","many":"{{n}} hlasových správ","other":"{{n}} hlasových správ"}},"newVoicemailsUnknown":"Nová hlasová správa","dialNumber":"Volať {{number}}","voicemailNotificationMultiSim":"(SIM {{n}}) {{title}}","confirmNFCConnectMsg1":"Are you sure you want to connect to the device?","confirmNFCConnectMsg2":"Turn on Bluetooth and connect to the device?","confirmNFCConnectMsg3":"Are you sure you want to connect to {{n}}?","confirmNFCConnectMsg4":"Turn on Bluetooth and connect to {{n}}?","deviceMenu":"Telefón","airplane":"Zapnúť režim V lietadle","airplaneOff":"Vypnúť režim V lietadle","silent":"Tichý režim","normal":"Normálny režim","restart":"Reštartovať","power":"Vypnúť","asyncpanzoom":"Vypnúť APZ pre aplikácie","asyncpanzoomOff":"Zapnúť APZ pre aplikácie","enableScreenReaderSteps":"Ak chcete zapnúť čítačku obrazovky, stlačte tlačidlo uspatia telefónu trikrát za sebou","disableScreenReaderSteps":"Ak chcete vypnúť čítačku obrazovky, stlačte tlačidlo uspatia telefónu trikrát za sebou","no-recent-apps":"Žiadne nedávne aplikácie","yes":"Áno","no":"Nie","dontallow":"Don’t allow","allow":"Povoliť","dontshare-geolocation":"Nezdieľať","share-geolocation":"Zdieľať","dontshare-audio-capture":"Nezdieľať","share-audio-capture":"Zdieľať","dontshare-video-capture":"Nezdieľať","share-video-capture":"Zdieľať","dontshare-media-capture":"Nezdieľať","share-media-capture":"Zdieľať","device-front":"Predná kamera","device-back":"Zadná kamera","remember-my-choice":"Zapamätať si túto voľbu","more-info":"Ďalšie informácie…","hide-info":"Hide info","install-app":"Nainštalovať {{name}}?","size":"Veľkosť","author":"Autor","size-unknown":"neznáma","author-unknown":"neznámy","install":"Nainštalovať","bytes":"bajtov","kB":"kB","MB":"MB","GB":"GB","TB":"TB","PB":"PB","app-install-generic-error":"Preberanie {{ appName }} zastavené","app-install-download-failed":"Preberanie {{ appName }} skončilo s chybou","app-install-install-failed":"Inštalácia {{ appName }} skončila s chybou","cancelling-will-not-refund":"Zrušením inštalácie sa nevrátia peniaze za nákup. Vrátenie peňazí za platený obsah je možné len u pôvodného predajcu.","apps-can-be-installed-later":"Aplikáciu je možné nainštalovať neskôr z pôvodného inštalačného zdroja.","are-you-sure-you-want-to-cancel":"Naozaj chcete zrušiť inštaláciu?","cancel-install":"Zrušiť","cancel-install-button":"Cancel Install","resume":"Začať znovu","continue":"Pokračovať","stopDownloading":"Zastaviť preberanie {{ app }}?","app-download-can-be-restarted":"Preberanie môže byť obnovené neskôr.","app-download-stop-button":"Zastaviť preberanie","not-enough-space":"Nedostatok miesta","not-enough-space-message":"Pre nainštalovanie tejto aplikácie nie je dostatok miesta. Uvoľnite miesto odstránením nepoužívaných aplikácií alebo médií a inštaláciu zopakujte z pôvodného zdroja.","app-install-success":"Aplikácia {{ appName }} bola nainštalovaná","setup":"Nastavenie","ime-addkeyboards":"Pridať klávesnicu","later":"Neskôr","download":"Prevziať","wantToDownload":"Prevziať aktualizáciu?","wantToInstall":"Nainštalovať aktualizáciu?","installNow":"Nainštalovať","notNow":"Teraz nie","downloadingUpdateMessage":{"innerHTML":"Preberajú sa aktualizácie… <span>Prevzaté: {{ progress }}</span>"},"downloadingAppMessage":"Preberá sa {{ appName }}","downloadingAppProgressNoMax":"Prevzaté: {{ progress }}","downloadingAppProgressIndeterminate":"Preberá sa","downloadingAppProgress":"Prevzaté: {{ progress }} / {{ max }}","cancelAllDownloads":"Zrušiť všetky preberania","wantToCancelAll":"Naozaj chcete zrušiť všetky preberania?","downloadError":"Počas preberania aktualizácií sa vyskytla chyba.","updateAvailableInfo":{"innerHTML":{"_index":["plural","n"],"_":{"one":"Dostupná {{ n }} aktualizácia <span>Ťuknutím zobrazíte ďalšie informácie</span>","two":"Dostupné {{ n }} aktualizácie <span>Ťuknutím zobrazíte ďalšie informácie</span>","few":"Dostupné {{ n }} aktualizácie <span>Ťuknutím zobrazíte ďalšie informácie</span>","many":"Dostupných {{ n }} aktualizácií <span>Ťuknutím zobrazíte ďalšie informácie</span>","other":"Dostupných {{ n }} aktualizácií <span>Ťuknutím zobrazíte ďalšie informácie</span>"}}},"numberOfUpdates":{"_index":["plural","n"],"_":{"one":"Dostupná {{ n }} aktualizácia","two":"Dostupné {{ n }} aktualizácie","few":"Dostupné {{ n }} aktualizácie","many":"Dostupných {{ n }} aktualizácií","other":"Dostupných {{ n }} aktualizácií"}},"systemUpdate":"Aktualizácia systému","systemUpdateReady":"Aktualizácia systému je pripravená","required":"Požadované","uncompressingMessage":{"innerHTML":"Extrahuje sa… <span>Môže to trvať niekoľko minút</span>"},"downloadNoWifiWarning":"Sieť Wi-Fi nie je dostupná. Pri aktualizácií pomocou súčasného pripojenia môžu byť účtované ďalšie poplatky.","downloadOfflineWarning":"Pripojenie nedostupné. Ak chcete prevziať aktualizácie, musíte sa pripojiť k sieti.","downloadDataConnectionWarning":"Aktualizácie sú preberané prostredníctvom dátového pripojenia, pretože sieť Wi-Fi nie je dostupná. Prenesené dáta môžu byť spoplatnené.","downloadUpdatesViaDataConnection":"Prevziať aktualizácie cez dátové pripojenie?","downloadUpdatesViaDataConnectionMessage":"Aktualizácie sú preberané prostredníctvom dátového pripojenia, pretože sieť Wi-Fi nie je dostupná. Použitím tohto pripojenia môžu byť blokované prichádzajúce hovory a prenesené dáta môžu byť spoplatnené.","screenshotSaved":"Snímka uložená do Galérie","screenshotFailed":"Snímku sa nepodarilo uložiť","screenshotNoSDCard":"Pamäťová karta nebola nájdená","screenshotSDCardInUse":"Pamäťová karta sa práve používa","screenshotSDCardLow":"Na pamäťovej karte nie je dostatok miesta","emergency-call-button":"Tiesňové volanie","emergency-call":"Tiesňové volanie","unlock-a11y-button":{"ariaLabel":"Odomknúť"},"camera-a11y-button":{"ariaLabel":"Fotoaparát"},"longDateFormat":"%A, %e. %Eb","softwareHomeButton":{"ariaLabel":"Domov"},"login":"Prihlásiť","username":"Používateľ","password":"Heslo","http-authentication-message":"{{host}} požaduje meno používateľa a heslo s oznámením: „{{realm}}“","error-message":"Pri načítaní {{name}} sa vyskytla chyba","error-title":"Chyba v {{name}}","airplane-is-on":"Režim V lietadle je zapnutý","airplane-is-turned-on":"{{name}} požaduje pripojenie k sieti. Vypnite v nastaveniach režim V lietadle a pripojte sa k sieti Wi-Fi alebo mobilnému internetu.","server-not-found":"Server nebol nájdený","server-not-found-error":"Nebolo možné nájsť server {{name}}.","file-not-found":"File not found","file-not-found-error":"The device can’t display this page because the file cannot be found.","connection-failed":"Unable to connect","connection-failed-error":"A network error occurred while trying to reach the site.","invalid-connection":"Unable to connect","invalid-connection-error":"A network error occurred while trying to reach the site.","malformed-uri":"URL not valid","malformed-uri-error":"The URL entered is not valid and cannot be loaded.","redirect-loop":"Can’t display page","redirect-loop-error":"The device can’t display this page because the page is not redirecting properly. Try this page again at a later time.","not-cached":"Page expired","not-cached-error":"As a security precaution, this page cannot be displayed by the device because it has expired.","is-printing-error":"The document cannot change while Printing or in Print Preview.","denied-port-access":"This address is restricted","denied-port-access-error":"This address uses a network port which is normally used for purposes other than Web browsing. The device has cancelled the request for your protection.","proxy-resolve-failure":"Proxy Server Error","proxy-resolve-failure-error":"The device is configured to use a proxy server that can’t be found.","proxy-connect-failure":"Proxy Server Error","proxy-connect-failure-error":"The device is configured to use a proxy server that is refusing connections.","content-encoding":"Can’t display page","content-encoding-error":"The device can’t display this page because a content encoding error occurred.","remote-xul":"Page unsupported","remote-xul-error":"This page can’t be displayed because it uses a technology that is not supported on the device.","phishing-blocked":"Warning","phishing-blocked-error":"The website has been reported as a web forgery designed to trick users into sharing personal or financial information.","malware-blocked":"Malware attack blocked","malware-blocked-error":"The site at has been reported as an attack site and has been blocked.","unsafe-content-type":"Unsafe content","unsafe-content-type-error":"The page cannot be shown because it may not be safe to open.","corrupted-content":"Can’t display page","corrupted-content-error":"The page cannot be shown because an error in the data transmission was detected.","network-connection-unavailable":"Pripojenie k sieti je nedostupné","network-error":"{{name}} požaduje pripojenie k sieti. Skúste sa pripojiť k sieti Wi-Fi alebo k mobilnému internetu.","network-error-launching":"{{name}} requires an Internet connection.","network-error-in-app":"No access to the Internet right now.","unable-to-connect":"Nepodarilo sa pripojiť","try-again":"Skúsiť znova","check-settings":"Check settings","tap-to-check-settings":"Tap to check settings","select-time":"Zadajte čas","choose-option":"Zvoľte","choose-options":"Zvoľte","select-day":"Zvoľte deň","battery-almost-empty":"Batéria je takmer vybitá","add-to-home-screen":"Pridať na úvodnú obrazovku","crash-dialog2-os":"Systém {{brandShortName}} bol obnovený po zlyhaní","crash-dialog-app":"Aplikácia {{name}} zlyhala","crash-dialog-message":"Chcete odoslať Mozille hlásenie o zlyhaní a pomôcť tak opraviť problém? Hlásenia sú odosielané iba cez sieť Wi-Fi.","crash-info-link":"Čo obsahuje hlásenie o zlyhaní?","crash-always-report":"Ak dôjde k zlyhaniu, vždy odoslať Mozille hlásenie","crash-dont-send":"Neodosielať","crash-end":"Odoslať hlásenie","crashReports":"Hlásenie o zlyhaní","done":"Hotovo","crash-reports-description-1":"Hlásenie o zlyhaní obsahuje niektoré informácie o zlyhaní a vašom zariadení. Rovnako tak obsahuje obrázok stavu vášho zariadenia v čase jeho zlyhania.","crash-reports-description-2":"Môže ísť o otvorené stránky, aplikácie, text zadaný do formulárov, obsah otvorených správ, nedávnu históriu prehliadania alebo informácie o polohe používané otvorenou aplikáciou.","crash-reports-description-3-start":"Hlásenia o zlyhaniach používame pri opravách problémov a vylepšovaní našich produktov. S vašimi informáciami pracujeme tak, ako je popísané v našich ","crash-reports-description-3-privacy":"zásadách ochrany súkromia","crash-reports-description-3-end":".","crash-banner-os2":"{{brandShortName}} zlyhal.","crash-banner-app":"Aplikácia {{name}} zlyhala.","crash-banner-report":"Správa","bluetooth-sending-progress":"Odchádzajúci prenos Bluetooth","bluetooth-receiving-progress":"Prichádzajúci prenos Bluetooth","acceptFileTransfer":"Prijať prenos súboru cez Bluetooth?","wantToReceiveFile":"Zariadenie {{deviceName}} sa pokúša o prenos súboru {{fileName}} ({{fileSize}}).","transfer-confirmation-title":"{{deviceName}}","transfer-confirmation-description":"Požiadavka na prijatie súboru","byteUnit-B":"b","byteUnit-KB":"kB","byteUnit-MB":"MB","byteUnit-GB":"GB","byteUnit-TB":"TB","byteUnit-PB":"PB","byteUnit-EB":"EB","byteUnit-ZB":"ZB","byteUnit-YB":"YB","fileSize":"{{size}} {{unit}}","deny":"Odmietnuť","transfer":"Preniesť","cancelFileTransfer":"Zrušiť prenos súboru cez Bluetooth?","continueFileTransfer":"Continue","transfer-has-started-title":"Prenos spustený","transfer-has-started-description":"Stav zistíte na paneli upozornení","transferFinished-sentSuccessful-title":"Súbor odoslaný","transferFinished-receivedSuccessful-title":"Súbor prijatý","transferFinished-sentFailed-title":"Súbor nemohol byť odoslaný","transferFinished-receivedFailed-title":"Súbor nemohol byť prijatý","transferReport-title":"Správa o prenose:","transferReport-description":"Úspešne prenesené: {{numSuccessful}}, neúspešné: {{numUnsuccessful}}","unknown-file":"Neznámy súbor","unknown-device":"Neznáme zariadenie","cannotOpenFile":"Prenesený súbor nie je možné otvoriť","unknownMediaTypeToOpen":"Nie je možné otvoriť neznámy typ média:","cannotReceiveFile":"Súbor nie je možné prijať","cannotGetStorageState":"Nie je možné zistiť stav úložného priestoru","sdcard-not-exist2":"Nebola nájdená žiadna pamäťová karta. Prosím, vložte pamäťovú kartu.","sdcard-in-use":"Bluetooth nie je možné použiť pri pripojenom telefóne. Pre prijatie súboru odpojte telefón.","sdcard-no-space2":"Prenos sa nepodarilo dokončiť: pamäťová karta je plná.","unknown-error":"Neznáma chyba","confirm":"Potvrdiť","microphone-is-on":"Mikrofón je zapnutý","camera-is-on":"Kamera je zapnutá","media-is-on":"Kamera a mikrofón sú zapnuté","noSimCard":"Žiadna karta SIM","simPin":"Kód PIN karty SIM","pukCode":"Kód PUK","nckCode":"Kód NCK","cckCode":"Kód CCK","spckCode":"Kód SPCK","nck1code":"NCK1 code","nck2code":"NCK2 code","hnckcode":"HNCK code","rcckcode":"RCCK code","rspckcode":"RSPCK code","whatIsSimPin":"Čo je SIM PIN?","simPinIntro1":"Kód PIN chráni prístup karty SIM k mobilným sieťam. Keď je povolený, akékoľvek zariadenie s touto kartou SIM bude po reštarte vyžadovať zadanie kódu PIN.","simPinIntro2":"Kód PIN nie je to isté ako heslo používané na odblokovanie zariadenia.","changeSimPin":"Zmeniť PIN","pinTitle":"Zadajte kód PIN","multiSIMpinTitle":"Zadajte kód SIM{{n}} PIN","pukTitle":"Zadajte kód PUK","nckTitle":"Zadajte kód NCK","cckTitle":"Zadajte kód CCK","spckTitle":"Zadajte kód SPCK","nck1Title":"Enter NCK1 code","nck2Title":"Enter NCK2 code","hnckTitle":"Enter HNCK code","rcckTitle":"Enter RCCK code","rspckTitle":"Enter RSPCK code","newpinTitle":"Nový PIN","inputCodeRetriesLeft":{"_index":["plural","n"],"_":{"one":"Posledný pokus.","two":"Ostávajú {{n}} pokusy.","few":"Ostávajú {{n}} pokusy.","many":"Ostáva {{n}} pokusov.","other":"Ostáva {{n}} pokusov."}},"pinErrorMsg":"Kód PIN nie je správny.","pinAttemptMsg2":{"_index":["plural","n"],"_":{"one":"Máte posledný pokus na zadanie správneho kódu pred uzamknutím karty SIM.","two":"Ostávajú {{n}} pokusy na zadanie správneho kódu pred uzamknutím karty SIM.","few":"Ostávajú {{n}} pokusy na zadanie správneho kódu pred uzamknutím karty SIM.","many":"Ostáva {{n}} pokusov na zadanie správneho kódu pred uzamknutím karty SIM.","other":"Ostáva {{n}} pokusov na zadanie správneho kódu pred uzamknutím karty SIM."}},"pinLastChanceMsg":"Toto je posledná šanca na zadanie správneho kódu PIN. V opačnom prípade bude nutné zadať kód PUK tejto karty SIM.","simCardLockedMsg":"Karta SIM je uzamknutá.","enterPukMsg":"Musíte zadať kód PUK (Personal Unlocking Key) pridelený vašej karte SIM. Ďalšie informácie nájdete v dokumentácii k vašej karte SIM alebo kontaktujte svojho operátora.","pukErrorMsg":"Kód PUK je nesprávny.","pukAttemptMsg2":{"_index":["plural","n"],"_":{"one":"Máte posledný pokus na zadanie správneho kódu pred úplným zablokovaním karty SIM. Ďalšie informácie nájdete v dokumentácii k vašej karte SIM alebo kontaktujte svojho operátora.","two":"Ostávajú {{n}} pokusy na zadanie správneho kódu pred úplným zablokovaním karty SIM. Ďalšie informácie nájdete v dokumentácii k vašej karte SIM alebo kontaktujte svojho operátora.","few":"Ostávajú {{n}} pokusy na zadanie správneho kódu pred úplným zablokovaním karty SIM. Ďalšie informácie nájdete v dokumentácii k vašej karte SIM alebo kontaktujte svojho operátora.","many":"Ostáva {{n}} pokusov na zadanie správneho kódu pred úplným zablokovaním karty SIM. Ďalšie informácie nájdete v dokumentácii k vašej karte SIM alebo kontaktujte svojho operátora.","other":"Ostáva {{n}} pokusov na zadanie správneho kódu pred úplným zablokovaním karty SIM. Ďalšie informácie nájdete v dokumentácii k vašej karte SIM alebo kontaktujte svojho operátora."}},"pukLastChanceMsg":"Ostáva {{n}} pokusov na zadanie správneho kódu pred úplným zablokovaním karty SIM. Ďalšie informácie nájdete v dokumentácii k vašej karte SIM alebo kontaktujte svojho operátora.","newSimPinMsg":"Vytvoriť kód PIN (musí obsahovať 4 až 8 číslic)","confirmNewSimPinMsg":"Potvrdiť nový PIN","newPinErrorMsg":"Zadané kódy PIN sa nezhodujú.","nckErrorMsg":"Kód NCK je nesprávny.","nckAttemptMsg2":{"_index":["plural","n"],"_":{"one":"Požiadavka 'Network depersonalization' zlyhala. Máte posledný pokus na zadanie správneho kódu. Ďalšie informácie nájdete v dokumentácii k vášmu zariadeniu alebo kontaktujte svojho operátora.","two":"Požiadavka 'Network depersonalization' zlyhala. Ostávajú {{n}} pokusy na zadanie správneho kódu. Ďalšie informácie nájdete v dokumentácii k vášmu zariadeniu alebo kontaktujte svojho operátora.","few":"Požiadavka 'Network depersonalization' zlyhala. Ostávajú {{n}} pokusy na zadanie správneho kódu. Ďalšie informácie nájdete v dokumentácii k vášmu zariadeniu alebo kontaktujte svojho operátora.","many":"Požiadavka 'Network depersonalization' zlyhala. Ostáva {{n}} pokusov na zadanie správneho kódu. Ďalšie informácie nájdete v dokumentácii k vášmu zariadeniu alebo kontaktujte svojho operátora.","other":"Požiadavka 'Network depersonalization' zlyhala. Ostáva {{n}} pokusov na zadanie správneho kódu. Ďalšie informácie nájdete v dokumentácii k vášmu zariadeniu alebo kontaktujte svojho operátora."}},"nckLastChanceMsg":"Požiadavka 'Network depersonalization' zlyhala. Toto je posledná šanca na zadanie správneho kódu NCK. Ďalšie informácie nájdete v dokumentácii k vášmu zariadeniu alebo kontaktujte svojho operátora.","activity-pick":"Vybrať z:","activity-view":"Zobraziť pomocou:","activity-test":"Otestovať pomocou:","activity-share":"Zdieľať pomocou:","activity-new":"Vytvoriť pomocou:","activity-open":"Otvoriť pomocou:","activity-save-bookmark":"Pridať medzi záložky:","activity-record":"Nahrať z:","activity-browse":"Prehliadať pomocou:","activity-configure":"Nastaviť pomocou:","activity-dial":"Zavolať z:","persona-signin":"Prihlásiť","payment-flow":"Kúpiť","remoteDebuggerMessage":"Bola zaznamenaná požiadavka na vzdialené pripojenie pre účely ladenia. Povoliť pripojenie?","fullscreen-request":"{{origin}} je teraz v režime celej obrazovky.","captive-wifi-available":"Zistená sieť {{networkName}}. Pripojiť k sieti?","ceWarningtitle":"Zvukové upozornenie","ceWarningcontent":"Aby sa zabránilo poškodeniu sluchu, prosím, nepočúvajte hudbu pri vysokej hlasitosti v dlhších časových úsekoch.","notification-powersaving-mode-on-title":"Režim úspory energie","notification-powersaving-mode-on-description":"Režim úspory energie je zapnutý.","low-device-storage":"Málo voľného miesta.\\n","free-space":{"_index":["plural","value"],"_":{"zero":"Nezostáva žiadne voľné miesto.","one":"Zostáva menej ako {{value}} {{unit}}.","two":"Zostáva menej ako {{value}} {{unit}}.","few":"Zostáva menej ako {{value}} {{unit}}.","many":"Zostáva menej ako {{value}} {{unit}}.","other":"Zostáva menej ako {{value}} {{unit}}."}},"unknown-free-space":"Neznáme množstvo zostávajúceho miesta.","system-alert":"Systémové upozornenie","cb-channel":"Kanál {{channel}}","icc-message-title":"Správa operátora z karty SIM{{id}}","icc-confirmCall-defaultmessage":"Volať {{number}}?","icc-alertMessage-defaultmessage":"Odosiela sa správa","icc-confirmMessage-defaultmessage":"Odoslať správu?","icc-inputbox-title":"Dotaz STK z karty SIM{{id}}","emergency-callback-mode":"Režim tiesňového spätného volania","emergency-callback-message":"Kvôli režimu tiesňového spätného volania sú volania, posielanie správ a internet vypnuté. Chcete vypnúť tento režim?","cdma-record-info":"Informácie o zázname CDMA","ime-switching-title":"{{appName}}: {{name}}","ime-switching-tip":"Ťuknutím prepnete metódu vstupu","layout-selection":"Voľba rozloženia","shrinking-tip":"Potiahnutím zdieľať","download_started":"Preberanie spustené","download_stopped":"Preberanie zastavené","download_downloading":"Preberá sa…","download_succeeded":"Preberanie dokončené","download_failed":"Preberanie zlyhalo","download_text_by_default":"{{name}}","download_downloading_text_2":"{{percentage}}% - {{name}}","search-or-enter-address":{"_":"Search or enter address","placeholder":"Search or enter address"},"noSIMCardInHotspot":"Karta SIM chýba alebo nie je vložená správne, takže hotspot bude vypnutý","brandShortName":"B2G OS","browserBrandShortName":"Webový prehliadač","browserBrandFullName":"Webový prehliadač Mozilla","weekday-0-long":"Nedeľa","weekday-1-long":"Pondelok","weekday-2-long":"Utorok","weekday-3-long":"Streda","weekday-4-long":"Štvrtok","weekday-5-long":"Piatok","weekday-6-long":"Sobota","weekday-0-short":"Ne","weekday-1-short":"Po","weekday-2-short":"Ut","weekday-3-short":"St","weekday-4-short":"Št","weekday-5-short":"Pi","weekday-6-short":"So","month-0-long":"Január","month-1-long":"Február","month-2-long":"Marec","month-3-long":"Apríl","month-4-long":"Máj","month-5-long":"Jún","month-6-long":"Júl","month-7-long":"August","month-8-long":"September","month-9-long":"Október","month-10-long":"November","month-11-long":"December","month-0-genitive":"januára","month-1-genitive":"februára","month-2-genitive":"marca","month-3-genitive":"apríla","month-4-genitive":"mája","month-5-genitive":"júna","month-6-genitive":"júla","month-7-genitive":"augusta","month-8-genitive":"septembra","month-9-genitive":"októbra","month-10-genitive":"novembra","month-11-genitive":"decembra","month-0-short":"jan","month-1-short":"feb","month-2-short":"mar","month-3-short":"apr","month-4-short":"máj","month-5-short":"jún","month-6-short":"júl","month-7-short":"aug","month-8-short":"sep","month-9-short":"okt","month-10-short":"nov","month-11-short":"dec","minutes-ago-long":{"_index":["plural","value"],"_":{"zero":"teraz","one":"pred minútou","two":"pred {{value}} minútami","few":"pred {{value}} minútami","many":"pred {{value}} minútami","other":"pred {{value}} minútami"}},"hours-ago-long":{"_index":["plural","value"],"_":{"zero":"teraz","one":"pred hodinou","two":"pred {{value}} hodinami","few":"pred {{value}} hodinami","many":"pred {{value}} hodinami","other":"pred {{value}} hodinami"}},"days-ago-long":{"_index":["plural","value"],"_":{"zero":"dnes","one":"včera","two":"pred {{value}} dňami","few":"pred {{value}} dňami","many":"pred {{value}} dňami","other":"pred {{value}} dňami"}},"weeks-ago-long":{"_index":["plural","value"],"_":{"zero":"tento týždeň","one":"minulý týždeň","two":"pred {{value}} týždňami","few":"pred {{value}} týždňami","many":"pred {{value}} týždňami","other":"pred {{value}} týždňami"}},"months-ago-long":{"_index":["plural","value"],"_":{"zero":"tento mesiac","one":"minulý mesiac","two":"pred {{value}} mesiacmi","few":"pred {{value}} mesiacmi","many":"pred {{value}} mesiacmi","other":"pred {{value}} mesiacmi"}},"years-ago-long":{"_index":["plural","value"],"_":{"zero":"tento rok","one":"minulý rok","two":"pred {{value}} rokmi","few":"pred {{value}} rokmi","many":"pred {{value}} rokmi","other":"pred {{value}} rokmi"}},"minutes-until-long":{"_index":["plural","value"],"_":{"zero":"teraz","one":"o minútu","two":"o {{value}} minúty","few":"o {{value}} minúty","many":"o {{value}} minút","other":"o {{value}} minút"}},"hours-until-long":{"_index":["plural","value"],"_":{"zero":"teraz","one":"o hodinu","two":"o {{value}} hodiny","few":"o {{value}} hodiny","many":"o {{value}} hodín","other":"o {{value}} hodín"}},"days-until-long":{"_index":["plural","value"],"_":{"zero":"dnes","one":"zajtra","two":"o {{value}} dni","few":"o {{value}} dni","many":"o {{value}} dní","other":"o {{value}} dní"}},"weeks-until-long":{"_index":["plural","value"],"_":{"zero":"tento týždeň","one":"budúci týždeň","two":"o {{value}} týždne","few":"o {{value}} týždne","many":"o {{value}} týždňov","other":"o {{value}} týždňov"}},"months-until-long":{"_index":["plural","value"],"_":{"zero":"tento mesiac","one":"budúci mesiac","two":"o {{value}} mesiace","few":"o {{value}} mesiace","many":"o {{value}} mesiacov","other":"o {{value}} mesiacov"}},"years-until-long":{"_index":["plural","value"],"_":{"zero":"tento rok","one":"budúci rok","two":"o {{value}} roky","few":"o {{value}} roky","many":"o {{value}} rokov","other":"o {{value}} rokov"}},"minutes-ago-short":{"_index":["plural","value"],"_":{"zero":"teraz","other":"pred {{value}}m"}},"hours-ago-short":{"_index":["plural","value"],"_":{"zero":"teraz","other":"pred {{value}}h"}},"days-ago-short":{"_index":["plural","value"],"_":{"zero":"dnes","other":"pred {{value}}d"}},"minutes-until-short":{"_index":["plural","value"],"_":{"zero":"teraz","other":"o {{value}}m"}},"hours-until-short":{"_index":["plural","value"],"_":{"zero":"teraz","other":"o {{value}}h"}},"days-until-short":{"_index":["plural","value"],"_":{"zero":"dnes","other":"o {{value}}d"}},"incorrectDate":"(neplatný dátum)","dateTimeFormat_%c":"%a, %e. %b %Y %H:%M:%S","dateTimeFormat_%x":"%d.%m.%Y","dateTimeFormat_%X":"%H:%M:%S","shortTimeFormat":"%H:%M","shortDateTimeFormat":"%x %H:%M","weekStartsOnMonday":"1","time_am":"AM","time_pm":"PM","perm-contacts":"Kontakty","perm-contacts-appRequest":"{{app}} chce získať prístup k vašim kontaktom.","perm-contacts-webRequest":"{{site}} chce získať prístup k vašim kontaktom.","perm-desktop-notification":"Notifikácie","perm-desktop-notification-appRequest":"{{app}} chce zobrazovať notifikácie.","perm-desktop-notification-webRequest":"{{site}} chce zobrazovať notifikácie.","perm-device-storage-music":"Úložisko pre hudbu","perm-device-storage-music-appRequest":"{{app}} chce získať prístup k vašej hudbe.","perm-device-storage-music-webRequest":"{{site}} chce získať prístup k vašej hudbe.","perm-device-storage-pictures":"Úložisko pre obrázky","perm-device-storage-pictures-appRequest":"{{app}} chce získať prístup k vašim obrázkom.","perm-device-storage-pictures-webRequest":"{{site}} chce získať prístup k vašim obrázkom.","perm-device-storage-sdcard":"SD karta","perm-device-storage-sdcard-appRequest":"{{app}} chce získať prístup k vašej pamäťovej karte.","perm-device-storage-sdcard-webRequest":"{{site}} chce získať prístup k vašej pamäťovej karte.","perm-device-storage-videos":"Úložisko pre videá","perm-device-storage-videos-appRequest":"{{app}} chce získať prístup k vašim videám.","perm-device-storage-videos-webRequest":"{{site}} chce získať prístup k vašim videám.","perm-fmradio":"FM Rádio","perm-fmradio-appRequest":"{{app}} chce používať vaše FM Rádio.","perm-fmradio-webRequest":"{{site}} chce používať vaše FM Rádio.","perm-geolocation":"Zisťovanie polohy","perm-geolocation-appRequest":"{{app}} chce vedieť, kde sa nachádzate.","perm-geolocation-webRequest":"{{site}} chce vedieť, kde sa nachádzate.","perm-geolocation-more-info":"{{brandShortName}} používa údaje ako GPS, Wi-Fi a mobilné siete vo vašom okolí na zistenie vašej približnej polohy. Údaje sú odosielané spoločnosti Mozilla a poskytovateľom služby a budú použité na zlepšenie presnosti služby. Údaje môžu byť uložené vo vašom zariadení a ich zbieranie môže prebiehať aj v prípade, že nie sú spustené žiadne aplikácie.","perm-video-capture":"Kamera","perm-video-capture-appRequest":"Chcete zdieľať vašu kameru s aplikáciou {{app}}?","perm-video-capture-webRequest":"Chcete zdieľať vašu kameru so stránkou {{site}}?","perm-audio-capture":"Mikrofón","perm-audio-capture-appRequest":"Chcete zdieľať váš mikrofón s aplikáciou {{app}}?","perm-audio-capture-webRequest":"Chcete zdieľať váš mikrofón so stránkou {{site}}?","perm-media-capture":"Kamera a mikrofón","perm-media-capture-appRequest":"Chcete zdieľať vašu kameru a mikrofón s aplikáciou {{app}}?","perm-media-capture-webRequest":"Chcete zdieľať vašu kameru a mikrofón so stránkou {{site}}?","stopped_download_title":"Preberanie zastavené","stopped_download_message":"Preberanie bolo zastavené. Skúsiť znova?","stopped_download_left_button":"Zrušiť","stopped_download_right_button":"Skúsiť znova","failed_download_title":"Preberanie zlyhalo","failed_download_message":"Nepodarilo sa prevziať {{name}}. Skúsiť znova?","failed_download_left_button":"Zrušiť","failed_download_right_button":"Skúsiť znova","stop_download_title":"Zastavenie preberania","stop_download_message":"Naozaj chcete zastaviť preberenie?","stop_download_left_button":"Nie","stop_download_right_button":"Áno","delete_download_title":"Odstránenie","delete_download_message":"Odstrániť {{name}}?","delete_download_left_button":"Zrušiť","delete_download_right_button":"Odstrániť","delete_all_download_title":"Odstránenie","delete_all_download_left_button":"Zrušiť","delete_all_download_right_button":"Odstrániť","delete_all_download_message":{"_index":["plural","number"],"_":{"zero":"Odstrániť žiadny súbor","one":"Odstrániť jeden súbor?","two":"Odstrániť {{number}} súbory?","few":"Odstrániť {{number}} súbory?","many":"Odstrániť {{number}} súborov?","other":"Odstrániť {{number}} súborov?"}},"unsupported_file_type_download_title":"Nepodarilo sa otvoriť","unsupported_file_type_download_message":"Nie je dostupná aplikácia schopná otvoriť {{name}}. Chcete súbor uložiť alebo odstrániť?","unsupported_file_type_download_left_button":"Ponechať súbor","unsupported_file_type_download_right_button":"Odstrániť","file_not_found_download_title":"Súbor nebol nájdený","file_not_found_download_message":"Súbor nebol v zariadení nájdený","file_not_found_download_right_button":"OK","unmounted_sdcard_2_download_title":"Pamäťová karta sa práve používa","unmounted_sdcard_2_download_message":"Odpojte telefón","unmounted_sdcard_2_download_right_button":"OK","no_provider_download_title":"Zdieľanie nie je možné","no_provider_download_message":"Nebol nájdený žiadny poskytovateľ","no_provider_download_right_button":"OK","no_memory_download_title":"Pamäťová karta je plná","no_memory_download_message":"Na vašej pamäťovej karte nie je dostatok voľného miesta na uloženie preberaného súboru. Uvoľnite miesto a skúste to znova.","no_memory_download_right_button":"OK","no_sdcard_found_2_download_title":"Nebola nájdená žiadna pamäťová karta","no_sdcard_found_2_download_message":"Vložte pamäťovú kartu alebo v nastaveniach zvoľte alternatívne úložisko pre médiá","no_sdcard_found_2_download_right_button":"OK","file_open_error_download_title":"Nepodarilo sa otvoriť","file_open_error_download_message":"Pri otváraní súboru {{name}} sa vyskytla chyba. Chcete súbor uložiť alebo odstrániť?","file_open_error_download_left_button":"Ponechať súbor","file_open_error_download_right_button":"Odstrániť","restart_download_error":"Pri opätovnom spustení preberania sa vyskytla chyba. Skúste to znova.","no-downloads":"Žiadne prevzaté súbory","percentage":"{{percentage}} %","partialResult":"{{partial}} z {{total}}","summary":"{{date}} - {{status}}","download-stopped":"Zrušené","download-failed":"Prevzatie zlyhalo","open_downloaded_file":"Otvoriť","share_downloaded_file":"Zdieľať","wallpaper_downloaded_file":"Nastaviť ako tapetu","ringtone_downloaded_file":"Nastaviť ako tón vyzváňania","cancel_downloaded_file":"Zrušiť","voicemailNoNumberTitle":"Voicemail number is unavailable","voicemailNoNumberText":"Unable to call the voicemail. Set up the voicemail number to place the call.","voicemailNoNumberSettings":"Settings","voicemailNoNumberCancel":"Cancel","firefox-accounts-title":"Firefox Accounts","fxa-next":"Next","fxa-back":"Back","fxa-done":"Done","fxa-ok":"OK","fxa-account-does-not-exist-title":"Account does not exist","fxa-account-does-not-exist-message":"Account does not exist","fxa-cannot-create-account":"Unable to create account","fxa-cannot-create-password":"Unable to reset your Firefox Accounts password right now.","fxa-already-signed-in-title":"User is already signed in","fxa-already-signed-in-message":"There is an user is already signed in Firefox.","fxa-invalid-password-title":"Invalid password","fxa-invalid-password-message":"You have used an invalid password. Please try again with a valid one.","fxa-invalid-email-title":"Invalid email address","fxa-invalid-email-message":"You have used an invalid email address. Please try again with a valid one.","fxa-connection-error-title":"Unable to connect","fxa-connection-error-message":"Unable to connect to Firefox right now. You can sign in or create an account from your phone's settings or try it again.","fxa-reset-password-error-title":"Unable to reset password","fxa-reset-password-error-message":"Your password was not reset. Please try again.","fxa-reset-password-in-settings-title":"Reset Password","fxa-reset-password-in-settings-message":"You can reset your password from your phone's settings.","fxa-generic-error-title":"Unable to connect to Firefox","fxa-generic-error-message":"Unable to connect to Firefox Accounts right now. Try your phone's settings or check your connection to Internet.","fxa-coppa-failure-error-title":"Cannot Create Account","fxa-coppa-failure-error-message":"You must meet certain age requirements to create a Firefox Accounts. <a href='http://www.ftc.gov/news-events/media-resources/protecting-consumer-privacy/kids-privacy-coppa'>Learn more</a>","fxa-coppa-ftu-error-message":"You must meet certain age requirements to create a Firefox Accounts. Try again later from Settings.","fxa-offline-error-title":"Unable to connect to Firefox","fxa-offline-error-message":"Unable to connect to Firefox Accounts right now. Check your phone' settings and your Internet connection.","fxa-unknown-error-title":"Unknown error","fxa-unknown-error-message":"Unknown error","fxa-connecting-to-firefox":"Connecting to Firefox Accounts","fxa-email-input":{"placeholder":"Email"},"fxa-use-email-to-sign-in":"Use your email address to create an account or sign in.","fxa-agree-to-tos-pp":"By proceeding, you agree to our <a href=\"#fxa-tos\">Terms of Service</a> and <a href=\"#fxa-pp\">Privacy Policy</a>","fxa-set-password-title":"Enter your new password","fxa-enter-password-title":"Enter your password","fxa-hello-user":"Hello, <a id=\"fxa-user-email\">hola@email.com</a>","fxa-password-refresh":"Please enter your Firefox Account password for <a id=\"fxa-user-email\">hola@email.com</a> to continue.","fxa-password":{"placeholder":"Password"},"fxa-forgot-password":"I forgot my password","fxa-show-password":"Show password","fxa-authenticating":"Authenticating","fxa-registering":"Registering","fxa-success":"Success!","fxa-ready-to-go":"Your Firefox Account is ready to go! ","fxa-use-services":"Now you can use <span id=\"fxa-summary-email\">email</span> to access services like Marketplace and Where’s My Fox.","fxa-manage-account-settings":"In the future, you can access and manage your account from your phone's settings.","fxa-confirm-account":"Confirm Your Account","fxa-sending-email-to":"We have sent you an email to: <strong id=\"fxa-summary-email\">email</strong>","fxa-tos-header":"Terms of Service","fxa-tos1":"Lorem ipsum dolor sit amet, consectetur adipisicing elit, sed do eiusmod tempor incididunt ut labore et dolore magna aliqua. Ut enim ad minim veniam, quis nostrud exercitation ullamco laboris nisi ut aliquip ex ea commodo consequat. Duis aute irure dolor in reprehenderit in voluptate velit esse cillum dolore eu fugiat nulla pariatur. ","fxa-tos2":"Excepteur sint occaecat qui of fi cia deserunt mollit anim id est laborum.  Lorem ipsum dolor sit amet, consectetur adipisicing elit, sed do eiusmod tempor incididunt ut labore et dolore magna aliqua. Ut enim ad minim veniam,quis nostrud exercitation ullamco laboris nisi ut aliquip ex ea commodo consequat. Duis aute irure dolor in.","fxa-pp-header":"Privacy Policy","fxa-pp1":"Lorem ipsum dolor sit amet, consectetur adipisicing elit, sed do eiusmod tempor incididunt ut labore et dolore magna aliqua. Ut enim ad minim veniam, quis nostrud exercitation ullamco laboris nisi ut aliquip ex ea commodo consequat. Duis aute irure dolor in reprehenderit in voluptate velit esse cillum dolore eu fugiat nulla pariatur. ","fxa-pp2":"Excepteur sint occaecat qui of fi cia deserunt mollit anim id est laborum.  Lorem ipsum dolor sit amet, consectetur adipisicing elit, sed do eiusmod tempor incididunt ut labore et dolore magna aliqua. Ut enim ad minim veniam,quis nostrud exercitation ullamco laboris nisi ut aliquip ex ea commodo consequat. Duis aute irure dolor in.","fxa-age-verification":"Age Verification","fxa-age-1990-earlier":"1990 or earlier","fxa-year-of-birth":"Year of Birth"}