{"ok":"OK","back":"Mbrapsht","help":"Ndihmë","cancel":"Anuloje","close":"Mbylle","skip":"Anashkaloje","airplaneMode":"Mënyra Aeroplan","searching":"Po kërkohet…","noNetwork":"Pa rrjet","roaming":"{{operator}} (Roaming)","emergencyCallsOnly":"Vetëm thirrje urgjencash","emergencyCallsOnly-unknownSIMState":"(gjendje e panjohur SIM-i)","emergencyCallsOnly-noSIM":"(pa SIM)","emergencyCallsOnly-pinRequired":"(PIN SIM-i i domosdoshëm)","emergencyCallsOnly-pukRequired":"(PUK SIM-i i domosdoshëm)","emergencyCallsOnly-networkLocked":"(kyçur nga rrjeti)","emergencyCallsOnly-serviceProviderLocked":"(kyçur nga mundësuesi i shërbimit)","emergencyCallsOnly-corporateLocked":"(kyçur nga korporata)","emergencyCallsOnly-network1Locked":"(network1 locked)","emergencyCallsOnly-network2Locked":"(network2 locked)","emergencyCallsOnly-hrpdNetworkLocked":"(hrpd network locked)","emergencyCallsOnly-ruimCorporateLocked":"(ruim corporate locked)","emergencyCallsOnly-ruimServiceProviderLocked":"(ruim service provider locked)","enterPIN":"Jepni PIN-in","statusbarLabel":"{{date}}, {{operator}}","statusbarDateFormat":"%e. %b","notifications":"Njoftime","clear-all":"Fshiji krejt","newVoicemails":{"_index":["plural","n"],"_":{"zero":"Pa mesazh zanor të ri","one":"Një mesazh zanor i ri","two":"{{n}} mesazhe zanorë të rinj","few":"{{n}} mesazhe zanorë të rinj","many":"{{n}} mesazhe zanorë të rinj","other":"{{n}} mesazhe zanorë të rinj"}},"newVoicemailsUnknown":"Mesazh i ri zanor","dialNumber":"Bjeri {{number}}","voicemailNotificationMultiSim":"(SIM {{n}}) {{title}}","confirmNFCConnectMsg1":"Are you sure you want to connect to the device?","confirmNFCConnectMsg2":"Turn on Bluetooth and connect to the device?","confirmNFCConnectMsg3":"Are you sure you want to connect to {{n}}?","confirmNFCConnectMsg4":"Turn on Bluetooth and connect to {{n}}?","deviceMenu":"Telefon","airplane":"Aktivizoni Mënyrën Aeroplan","airplaneOff":"Dil nga Mënyra Aeroplan","silent":"Heshturazi për thirrjet ardhëse","normal":"Thirrjet ardhëse të dëgjohen","restart":"Rinise","power":"Fike","asyncpanzoom":"Çaktivizoni APZ-n për Zbatimet","asyncpanzoomOff":"Aktivizoni APZ-n për Zbatimet","enableScreenReaderSteps":"Që të aktivizoni lexuesin e ekranit, shtypni butonin e rritjes së volumit, mandej të fikjes. Përsëriteni tre herë","disableScreenReaderSteps":"Që të çaktivizoni lexuesin e ekranit, shtypni butonin e rritjes së volumit, mandej të fikjes. Përsëriteni tre herë","no-recent-apps":"Pa zbatime së fundi","yes":"Po","no":"Jo","dontallow":"Don’t allow","allow":"Lejoje","dontshare-geolocation":"Jepe","share-geolocation":"Mos e Jep","dontshare-audio-capture":"Mos e Ndaj","share-audio-capture":"Ndaje Me të Tjerët","dontshare-video-capture":"Mos e Ndaj","share-video-capture":"Ndaje Me të Tjerët","dontshare-media-capture":"Mos e Ndaj","share-media-capture":"Ndaje Me të Tjerët","device-front":"Kamera Ballore","device-back":"Kamera e Pasme","remember-my-choice":"Mbaje mend zgjedhjen time","more-info":"Më tepër të dhëna…","hide-info":"Hide info","install-app":"Të instalohet {{name}}?","size":"Madhësi","author":"Autor","size-unknown":"E panjohur","author-unknown":"I panjohur","install":"Instaloje","bytes":"bajte","kB":"kB","MB":"MB","GB":"GB","TB":"TB","PB":"PB","app-install-generic-error":"Shkarkimi i {{ appName }} u ndal","app-install-download-failed":"Shkarkimi i {{ appName }} dështoi","app-install-install-failed":"Instalimi i {{ appName }} dështoi","cancelling-will-not-refund":"Anulimi nuk do të sjellë rimbursim blerjeje. Rimbursimi për lëndë të paguar bëhet nga shitësi origjinal.","apps-can-be-installed-later":"Zbatimet mund të instalohen më vonë nga burimi origjinal i instalimit.","are-you-sure-you-want-to-cancel":"Jeni i sigurt se doni të anulohet ky instalim?","cancel-install":"Anuloje Instalimin","cancel-install-button":"Cancel Install","resume":"Rimerre","continue":"Vazhdo","stopDownloading":"Të ndalet shkarkimi i {{ app }}?","app-download-can-be-restarted":"Shkarkimi mund të riniset më vonë.","app-download-stop-button":"Ndale Shkarkimin","not-enough-space":"Hapësirë e pamjaftueshme","not-enough-space-message":"Nuk ka hapësirë të mjaftueshme për instalimin e këtij zbatimi. Lironi ca vend, duke fshirë zbatime ose media të vjetër, dhe riprovoni instalimin prej burimit origjinal.","app-install-success":"{{ appName }} u instalua","setup":"Rregullim","ime-addkeyboards":"Shtoni fjalëkyçe","later":"Më vonë","download":"Shkarkoje","wantToDownload":"Të shkarkohet përditësimi tani?","wantToInstall":"Të instalohet përditësimi tani?","installNow":"Instaloje Tani","notNow":"Jo Tani","downloadingUpdateMessage":{"innerHTML":"Po shkarkohen përditësime… <span>është shkarkuar {{ progress }}.</span>"},"downloadingAppMessage":"Po shkarkohet {{ appName }}","downloadingAppProgressNoMax":"{{ progress }} e shkarkimit","downloadingAppProgressIndeterminate":"Po shkarkohet","downloadingAppProgress":"{{ progress }} / {{ max }} e shkarkuar","cancelAllDownloads":"Anuloji krejt shkarkimet","wantToCancelAll":"Jeni i sigurt se doni të anuloni krejt shkarkimet?","downloadError":"Pati një gabim gjatë shkarkimit të përditësimeve.","updateAvailableInfo":{"innerHTML":{"_index":["plural","n"],"_":{"one":"{{ n }} përditësim gati. <span>Për më tepër info, prekeni.</span>","two":"{{ n }} përditësime gati. <span>Për më tepër info, prekeni.</span>","few":"{{ n }} përditësime gati. <span>Për më tepër info, prekeni.</span>","many":"{{ n }} përditësime gati. <span>Për më tepër info, prekeni.</span>","other":"{{ n }} përditësime gati. <span>Për më tepër info, prekeni.</span>"}}},"numberOfUpdates":{"_index":["plural","n"],"_":{"one":"{{ n }} përditësim gati","two":"{{ n }} përditësime gati","few":"{{ n }} përditësime gati","many":"{{ n }} përditësime gati","other":"{{ n }} përditësime gati"}},"systemUpdate":"Përditësim sistemi","systemUpdateReady":"Gati Përditësimi i Sistemit","required":"I domosdoshëm","uncompressingMessage":{"innerHTML":"Po çngjeshet… <span>Kjo mund të hajë ca minuta.</span>"},"downloadNoWifiWarning":"Nuk gjendet Wi-Fi. Përditësimi përmes lidhjes së tanishme mund të sjellë pagesa shtesë.","downloadOfflineWarning":"Nuk gjendet lidhje. Lidhuni me një rrjet që të shkarkohen përditësimet.","downloadDataConnectionWarning":"Kur nuk gjendet rrjet Wi-Fi, përditësimet shkarkohen përmes një rrjeti të dhënash. Për këtë mundet të aplikohen pagesa shtesë.","downloadUpdatesViaDataConnection":"Të shkarkohen përditësimet përmes lidhjesh për të dhëna?","downloadUpdatesViaDataConnectionMessage":"Kur nuk gjendet rrjet Wi-Fi, përditësimet shkarkohen përmes një rrjeti të dhënash. Kur përdoret lidhje të dhënash,mund të bllokohen thirrjet telefonike dhe mundet gjithashtu t'ju aplikohen pagesa shtesë.","screenshotSaved":"Fotoja u ruajt te Galeria","screenshotFailed":"Fotoja nuk u ruajt dot","screenshotNoSDCard":"Nuk u gjet kartë kujtese","screenshotSDCardInUse":"Karta e kujtesës e zënë në tjetër akt","screenshotSDCardLow":"Pa vend të mjaftë te karta e kujtesës","emergency-call-button":"Thirrje Urgjence","emergency-call":"Thirrje Urgjence","unlock-a11y-button":{"ariaLabel":"Çkyçe"},"camera-a11y-button":{"ariaLabel":"Kamera"},"longDateFormat":"%A, %e %B","softwareHomeButton":{"ariaLabel":"Kreu"},"login":"Hyni","username":"Emër përdorimi","password":"Fjalëkalim","http-authentication-message":"Nga {{host}} po kërkohet të jepen emër përdoruesi dhe fjalëkalim. Sajti thotë: “{{realm}}”","error-message":"{{name}} nuk po ngarkohet siç duhet","error-title":"{{name}} po ka probleme","airplane-is-on":"Mënyra Aeroplan është aktive","airplane-is-turned-on":"{{name}} lyp lidhje me një rrjet. Çaktivizojeni Mënyrën Aeroplan prej Rregullimeve dhe lidhuni me një rrjet Wi-Fi ose të dhënash për celular.","server-not-found":"S'u gjet shërbyes","server-not-found-error":"S'gjendet shërbyesi për {{name}}.","file-not-found":"File not found","file-not-found-error":"The device can’t display this page because the file cannot be found.","connection-failed":"Unable to connect","connection-failed-error":"A network error occurred while trying to reach the site.","invalid-connection":"Unable to connect","invalid-connection-error":"A network error occurred while trying to reach the site.","malformed-uri":"URL not valid","malformed-uri-error":"The URL entered is not valid and cannot be loaded.","redirect-loop":"Can’t display page","redirect-loop-error":"The device can’t display this page because the page is not redirecting properly. Try this page again at a later time.","not-cached":"Page expired","not-cached-error":"As a security precaution, this page cannot be displayed by the device because it has expired.","is-printing-error":"The document cannot change while Printing or in Print Preview.","denied-port-access":"This address is restricted","denied-port-access-error":"This address uses a network port which is normally used for purposes other than Web browsing. The device has cancelled the request for your protection.","proxy-resolve-failure":"Proxy Server Error","proxy-resolve-failure-error":"The device is configured to use a proxy server that can’t be found.","proxy-connect-failure":"Proxy Server Error","proxy-connect-failure-error":"The device is configured to use a proxy server that is refusing connections.","content-encoding":"Can’t display page","content-encoding-error":"The device can’t display this page because a content encoding error occurred.","remote-xul":"Page unsupported","remote-xul-error":"This page can’t be displayed because it uses a technology that is not supported on the device.","phishing-blocked":"Warning","phishing-blocked-error":"The website has been reported as a web forgery designed to trick users into sharing personal or financial information.","malware-blocked":"Malware attack blocked","malware-blocked-error":"The site at has been reported as an attack site and has been blocked.","unsafe-content-type":"Unsafe content","unsafe-content-type-error":"The page cannot be shown because it may not be safe to open.","corrupted-content":"Can’t display page","corrupted-content-error":"The page cannot be shown because an error in the data transmission was detected.","network-connection-unavailable":"Nuk ka gati lidhje rrjeti","network-error":"{{name}} lyp lidhje me një rrjet. Provoni të lidheni me një rrjet Wi-Fi ose të dhënash për celular.","network-error-launching":"{{name}} requires an Internet connection.","network-error-in-app":"No access to the Internet right now.","unable-to-connect":"Nuk arrin të lidhet","try-again":"Riprovoni","check-settings":"Check settings","tap-to-check-settings":"Tap to check settings","select-time":"Përzgjidhni kohën","choose-option":"Përzgjidheni","choose-options":"Përzgjidhini","select-day":"Përzgjidhni ditën","battery-almost-empty":"Bateri thuajse e zbrazët","add-to-home-screen":"Shtojeni te Skena e Hyrjes","crash-dialog2-os":"{{brandShortName}} sapo u rikthye pas një vithisjeje","crash-dialog-app":"{{name}} sapo u vithis","crash-dialog-message":"Do të donit t'i dërgonit Mozilla-s një njoftim rreth vithisjes që të na ndihmonte ta zgjidhim problemin? (Njoftimet dërgohen vetëm përmes Wi-Fi-së.)","crash-info-link":"Ç'përmban njoftimi i vithisjes?","crash-always-report":"Dërgoji përherë Mozilla-s një njoftim, kur ndodh një vithisje.","crash-dont-send":"Mos Dërgo","crash-end":"Dërgoje Njoftimin","crashReports":"Njoftime Vithisjesh","done":"U bë","crash-reports-description-1":"Një njoftim vithisjeje përmban disa hollësi rreth vithisjes dhe pajisjes suaj, si dhe një përshkrim të gjendjes së pajisjes suaj në kohën kur u vithis.","crash-reports-description-2":"Këtu mund të përfshihen gjëra të tilla si faqet dhe zbatimet e hapura, tekst i shtypur në formularë, lëndë në mesazhe të hapur, historiku i shfletimeve së fundi, ose të dhëna gjeovendëzimi të përdorura nga një zbatim i hapur.","crash-reports-description-3-start":"Njoftimet e vithisjeve përpiqemi t'i përdorim për zgjidhjen e problemeve dhe për përmirësimin e produkteve tona. Të dhënat tuaja i përdorim siç e përshkruajmë te","crash-reports-description-3-privacy":"rregullat tona mbi privatësinë","crash-reports-description-3-end":".","crash-banner-os2":"{{brandShortName}} sapo u vithis.","crash-banner-app":"{{name}} sapo u vithis.","crash-banner-report":"Njoftojeni","bluetooth-sending-progress":"Po dërgohet transfertë Bluetooth…","bluetooth-receiving-progress":"Po merret transfertë Bluetooth…","acceptFileTransfer":"Të pranohet kartelë transferte Bluetooth?","wantToReceiveFile":"{{deviceName}} do të donte të transferonte {{fileName}} ({{fileSize}}).","transfer-confirmation-title":"{{deviceName}}","transfer-confirmation-description":"Shqyrtoni kërkesën për transfertë.","byteUnit-B":"B","byteUnit-KB":"KB","byteUnit-MB":"MB","byteUnit-GB":"GB","byteUnit-TB":"TB","byteUnit-PB":"PB","byteUnit-EB":"EB","byteUnit-ZB":"ZB","byteUnit-YB":"YB","fileSize":"{{size}} {{unit}}","deny":"Mos e Prano","transfer":"Transferoje","cancelFileTransfer":"Të anulohet transferta e kartelës Bluetooth?","continueFileTransfer":"Continue","transfer-has-started-title":"Transferta filloi","transfer-has-started-description":"Ndiqini përmbushjen te qendra e Njoftimeve","transferFinished-sentSuccessful-title":"Kartela u dërgua","transferFinished-receivedSuccessful-title":"Kartela u mor","transferFinished-sentFailed-title":"Kartela nuk u dërgua dot","transferFinished-receivedFailed-title":"Kartela nuk u mor dot","transferReport-title":"Njoftim transferte:","transferReport-description":"Sukses për {{numSuccessful}} kartela, dështim për {{numUnsuccessful}} kartela","unknown-file":"Kartelë e panjohur","unknown-device":"Pajisje e panjohur","cannotOpenFile":"Nuk hapet dot kartela e marrë","unknownMediaTypeToOpen":"Nuk hapet dot lloji i panjohur i medias:","cannotReceiveFile":"Kartela nuk merret dot","cannotGetStorageState":"Nuk analizohet dot gjendje depozitimi e pajisjes","sdcard-not-exist2":"Nuk u gjet kartë kujtese. Ju lutemi, futni një kartë kujtese.","sdcard-in-use":"Bluetooth-i nuk mund të përdoret sa kohë që telefoni është në prizë. Ju lutemi, hiqeni telefonin nga priza që të merrni kartela.","sdcard-no-space2":"Nuk plotësohet dot transferta: karta e kujtesës është plot.","unknown-error":"Gabim i panjohur","confirm":"Ripohojeni","microphone-is-on":"Mikrofoni është i hapur","camera-is-on":"Kamera është e hapur","media-is-on":"Kamera & Mikrofoni janë HAPUR","noSimCard":"Pa kartë SIM","simPin":"PIN SIM-i","pukCode":"Kod PUK-u","nckCode":"Kod NCK-je","cckCode":"Kod CCK-je","spckCode":"Kod SPCK-je","nck1code":"NCK1 code","nck2code":"NCK2 code","hnckcode":"HNCK code","rcckcode":"RCCK code","rspckcode":"RSPCK code","whatIsSimPin":"Çfarë është një PIN SIM-i?","simPinIntro1":"PIN-i i SIM-it pengon hyrjen te rrjete të dhënash celulari me kartë SIM. Kur është i aktivizuar, cilado pajisje që përmban kartën SIM do të kërkojë PIN-in gjatë rinisjes.","simPinIntro2":"PIN-i i SIM-it nuk është i njëjtë me kodkalimin e përdorur për çkyçjen e pajisjes.","changeSimPin":"Ndryshoni PIN-in","pinTitle":"Jepni PIN SIM-i","multiSIMpinTitle":"Jepni PIN SIM-i {{n}}","pukTitle":"Jepni kodin PUK","nckTitle":"Jepni kodin NCK","cckTitle":"Jepni kodin CCK","spckTitle":"Jepni kodin SPCK","nck1Title":"Enter NCK1 code","nck2Title":"Enter NCK2 code","hnckTitle":"Enter HNCK code","rcckTitle":"Enter RCCK code","rspckTitle":"Enter RSPCK code","newpinTitle":"PIN i ri","inputCodeRetriesLeft":{"_index":["plural","n"],"_":{"one":"Prova e fundit.","two":"Edhe {{n}} prova.","few":"Edhe {{n}} prova.","many":"Edhe {{n}} prova.","other":"Edhe {{n}} prova."}},"pinErrorMsg":"PIN-i nu qe i saktë.","pinAttemptMsg2":{"_index":["plural","n"],"_":{"one":"Ju mbetet ende një provë për të dhënë kodin e saktë, përpara se të kyçet karta SIM.","two":"Ju mbeten ende {{n}} prova për të dhënë kodin e saktë, përpara se të kyçet karta SIM.","few":"Ju mbeten ende {{n}} prova për të dhënë kodin e saktë, përpara se të kyçet karta SIM.","many":"Ju mbeten ende {{n}} prova për të dhënë kodin e saktë, përpara se të kyçet karta SIM.","other":"Ju mbeten ende {{n}} prova për të dhënë kodin e saktë, përpara se të kyçet karta SIM."}},"pinLastChanceMsg":"Ky është shansi juaj i fundit për të dhënë PIN-in e saktë. Përndryshe, që të përdorni këtë kartë SIM duhet të jepni kodin PUK.","simCardLockedMsg":"Karta SIM është kyçur.","enterPukMsg":"Duhet të jepni kodin e Kyçit Personal të Çkyçjes (PUK) për kartën SIM. Për më tepër të dhëna, shihni dokumentimin e kartës suaj SIM ose lidhuni me operatorin tuaj.","pukErrorMsg":"Kodi PUK është i pasaktë.","pukAttemptMsg2":{"_index":["plural","n"],"_":{"one":"Ju mbetet edhe një provë që të jepni kodin e saktë, përpara se kjo kartë SIM të bëhet përgjithmonë e papërdorshme. Për më tepër të dhëna, shihni dokumentimin e kartës suaj SIM ose lidhuni me operatorin tuaj.","two":"Ju mbeten ende {{n}} prova që të jepni kodin e saktë, përpara se kjo kartë SIM të bëhet përgjithmonë e papërdorshme. Për më tepër të dhëna, shihni dokumentimin e kartës suaj SIM ose lidhuni me operatorin tuaj.","few":"Ju mbeten ende {{n}} prova që të jepni kodin e saktë, përpara se kjo kartë SIM të bëhet përgjithmonë e papërdorshme. Për më tepër të dhëna, shihni dokumentimin e kartës suaj SIM ose lidhuni me operatorin tuaj.","many":"Ju mbeten ende {{n}} prova që të jepni e saktë, përpara se kjo kartë SIM të bëhet përgjithmonë e papërdorshme. Për më tepër të dhëna, shihni dokumentimin e kartës suaj SIM ose lidhuni me operatorin tuaj.","other":"Ju mbeten ende {{n}} prova që të jepni kodin e saktë, përpara se kjo kartë SIM të bëhet përgjithmonë e papërdorshme. Për më tepër të dhëna, shihni dokumentimin e kartës suaj SIM ose lidhuni me operatorin tuaj."}},"pukLastChanceMsg":"Shansi i fundit që të jepni kodin e saktë PUK. Karta juaj SIM do të bëhet përgjithmonë e papërdorshme, në rast se jepni gabim kodin PUK. Për më tepër të dhëna, shihni dokumentimin e kartës suaj SIM ose lidhuni me operatorin tuaj.","newSimPinMsg":"Krijoni PIN-in (duhet të përmbajë 4 deri në 8 shifra)","confirmNewSimPinMsg":"Ripohoni PIN-in e ri","newPinErrorMsg":"PIN-et nuk përputhen.","nckErrorMsg":"Kodi NCK është i pasaktë.","nckAttemptMsg2":{"_index":["plural","n"],"_":{"one":"Dështim kërkese heqjeje personalizimi të rrjetit. Ju mbetet edhe një provë që të jepni kodin e saktë. Për më tepër të dhëna, shihni dokumentimin e kartës suaj SIM ose lidhuni me operatorin tuaj.","two":"Dështim kërkese heqjeje personalizimi të rrjetit. Ju mbeten ende {{n}} prova që të jepni kodin e saktë. Për më tepër të dhëna, shihni dokumentimin e kartës suaj SIM ose lidhuni me operatorin tuaj.","few":"Dështim kërkese heqjeje personalizimi të rrjetit. Ju mbeten ende {{n}} prova që të jepni kodin e saktë. Për më tepër të dhëna, shihni dokumentimin e kartës suaj SIM ose lidhuni me operatorin tuaj.","many":"Dështim kërkese heqjeje personalizimi të rrjetit. Ju mbeten ende {{n}} prova që të jepni kodin e saktë. Për më tepër të dhëna, shihni dokumentimin e kartës suaj SIM ose lidhuni me operatorin tuaj.","other":"Dështim kërkese heqjeje personalizimi të rrjetit. Ju mbeten ende {{n}} prova që të jepni kodin e saktë. Për më tepër të dhëna, shihni dokumentimin e kartës suaj SIM ose lidhuni me operatorin tuaj."}},"nckLastChanceMsg":"Dështim kërkese heqjeje personalizimi të rrjetit. Shansi i fundit që të jepni kodin e saktë NCK. Për më tepër të dhëna, shihni dokumentimin e kartës suaj SIM ose lidhuni me operatorin tuaj.","activity-pick":"Përzgjidhni një prej:","activity-view":"Shiheni me:","activity-test":"Testojeni me:","activity-share":"Ndajeni me të tjerët përmes:","activity-new":"Krijoni me:","activity-open":"Hapeni me:","activity-save-bookmark":"Faqeruajeni te:","activity-record":"Regjistroni nga:","activity-browse":"Shfletoni me:","activity-configure":"Formësojeni me:","activity-dial":"Formoni numrin prej:","persona-signin":"Hyni","payment-flow":"Blini","remoteDebuggerMessage":"U kap një kërkesë për lejim lidhjeje diagnostikimi të largët. Të lejohet lidhja?","fullscreen-request":"{{origin}} shfaqet tani sa krejt ekrani.","captive-wifi-available":"U gjet rrjeti {{networkName}}. Të hyhet në rrjet?","ceWarningtitle":"Sinjalizim volumi","ceWarningcontent":"Për të parandaluar dëmtim të mundshëm të dëgjimit, mos dëgjoni për kohë të gjatë me volum të lartë.","notification-powersaving-mode-on-title":"Mënyrë Ruajtje Energjie","notification-powersaving-mode-on-description":"Mënyra e ruajtjes së energjisë është aktive.","low-device-storage":"Hapësirë e pakët në pajisje.\\n","free-space":{"_index":["plural","value"],"_":{"zero":"Nuk ka më hapësirë të lirë.","one":"Mbetet më pak se {{value}} {{unit}}.","two":"Mbetet më pak se {{value}} {{unit}}.","few":"Mbetet më pak se {{value}} {{unit}}.","many":"Mbetet më pak se {{value}} {{unit}}.","other":"Mbetet më pak se {{value}} {{unit}}."}},"unknown-free-space":"Nuk dihet sa hapësirë ka mbetur.","system-alert":"Sinjalizim Sistemi","cb-channel":"Kanali {{channel}}","icc-message-title":"Mesazh operatori nga SIM-i {{id}}","icc-confirmCall-defaultmessage":"Të thirret {{number}}?","icc-alertMessage-defaultmessage":"Dërgim mesazhi","icc-confirmMessage-defaultmessage":"Të dërgohet mesazhi?","icc-inputbox-title":"Kërkesë STK prej SIM-i {{id}}","emergency-callback-mode":"Mënyra rithirrje urgjence","emergency-callback-message":"Nuk mund të bëni thirrje, të dërgoni mesazhe, ose të jeni në linjë, ngaqë është e aktivizuar mënyra emergency callback. Do të donit të çaktivizohet?","cdma-record-info":"Të dhëna regjistrimi CDMA","ime-switching-title":"{{appName}}: {{name}}","ime-switching-tip":"Prekeni që të ndryshoni metodë futjesh","layout-selection":"Përzgjedhje skeme","shrinking-tip":"Rrëshqisni gishtin që të ndahet","download_started":"Shkarkimi filloi","download_stopped":"Shkarkimi u ndal","download_downloading":"Po shkarkohet…","download_succeeded":"Shkarkim i plotë","download_failed":"Shkarkimi dështoi","download_text_by_default":"{{name}}","download_downloading_text_2":"{{percentage}}% - {{name}}","search-or-enter-address":{"_":"Search or enter address","placeholder":"Search or enter address"},"noSIMCardInHotspot":"Karta SIM mungon ose është futur keq, ndaj fikeni pikën e aksesit","brandShortName":"B2G OS","browserBrandShortName":"Shfletues Web","browserBrandFullName":"Shfletuesi Web i Mozilla-s","weekday-0-long":"E diel","weekday-1-long":"E hënë","weekday-2-long":"E martë","weekday-3-long":"E mërkurë","weekday-4-long":"E enjte","weekday-5-long":"E premte","weekday-6-long":"E shtunë","weekday-0-short":"Die","weekday-1-short":"Hën","weekday-2-short":"Mar","weekday-3-short":"Mër","weekday-4-short":"Enj","weekday-5-short":"Pre","weekday-6-short":"Sht","month-0-long":"Janar","month-1-long":"Shkurt","month-2-long":"Mars","month-3-long":"Prill","month-4-long":"Maj","month-5-long":"Qershor","month-6-long":"Korrik","month-7-long":"Gusht","month-8-long":"Shtator","month-9-long":"Tetor","month-10-long":"Nëntor","month-11-long":"Dhjetor","month-0-genitive":"të Janarit","month-1-genitive":"të Shkurtit","month-2-genitive":"të Marsit","month-3-genitive":"të Prillit","month-4-genitive":"të Majit","month-5-genitive":"të Qershorit","month-6-genitive":"të Korrikut","month-7-genitive":"të Gushtit","month-8-genitive":"të Shtatorit","month-9-genitive":"të Tetorit","month-10-genitive":"të Nëntorit","month-11-genitive":"të Dhjetorit","month-0-short":"Jan","month-1-short":"Shk","month-2-short":"Mar","month-3-short":"Pri","month-4-short":"Maj","month-5-short":"Qer","month-6-short":"Kor","month-7-short":"Gus","month-8-short":"Sht","month-9-short":"Tet","month-10-short":"Nën","month-11-short":"Dhj","minutes-ago-long":{"_index":["plural","value"],"_":{"zero":"mu tani","one":"një minutë më parë","two":"{{value}} minuta më parë","few":"{{value}} minuta më parë","many":"{{value}} minuta më parë","other":"{{value}} minuta më parë"}},"hours-ago-long":{"_index":["plural","value"],"_":{"zero":"mu tani","one":"një orë më parë","two":"{{value}} orë më parë","few":"{{value}} orë më parë","many":"{{value}} orë më parë","other":"{{value}} orë më parë"}},"days-ago-long":{"_index":["plural","value"],"_":{"zero":"sot","one":"dje","two":"{{value}} ditë më parë","few":"{{value}} ditë më parë","many":"{{value}} ditë më parë","other":"{{value}} ditë më parë"}},"weeks-ago-long":{"_index":["plural","value"],"_":{"zero":"këtë javë","one":"javën e kaluar","two":"{{value}} javë më parë","few":"{{value}} javë më parë","many":"{{value}} javë më parë","other":"{{value}} javë më parë"}},"months-ago-long":{"_index":["plural","value"],"_":{"zero":"këtë muaj","one":"muajin e kaluar","two":"{{value}} muaj më parë","few":"{{value}} muaj më parë","many":"{{value}} muaj më parë","other":"{{value}} muaj më parë"}},"years-ago-long":{"_index":["plural","value"],"_":{"zero":"këtë vit","one":"vitin e kaluar","two":"{{value}} vite më parë","few":"{{value}} vite më parë","many":"{{value}} vite më parë","other":"{{value}} vite më parë"}},"minutes-until-long":{"_index":["plural","value"],"_":{"zero":"tani","one":"për një minutë","two":"për {{value}} minuta","few":"për {{value}} minuta","many":"për {{value}} minuta","other":"për {{value}} minuta"}},"hours-until-long":{"_index":["plural","value"],"_":{"zero":"tani","one":"për një orë","two":"për {{value}} orë","few":"për {{value}} orë","many":"për {{value}} orë","other":"për {{value}} orë"}},"days-until-long":{"_index":["plural","value"],"_":{"zero":"sot","one":"nesër","two":"për {{value}} ditë","few":"për {{value}} ditë","many":"për {{value}} ditë","other":"për {{value}} ditë"}},"weeks-until-long":{"_index":["plural","value"],"_":{"zero":"këtë javë","one":"javën pasuese","two":"për {{value}} javë","few":"për {{value}} javë","many":"për {{value}} javë","other":"për {{value}} javë"}},"months-until-long":{"_index":["plural","value"],"_":{"zero":"këtë muaj","one":"muajin pasues","two":"për {{value}} muaj","few":"për {{value}} muaj","many":"për {{value}} muaj","other":"për {{value}} muaj"}},"years-until-long":{"_index":["plural","value"],"_":{"zero":"këtë vit","one":"vitin pasues","two":"për {{value}} vjet","few":"për {{value}} vjet","many":"për {{value}} vjet","other":"për {{value}} vjet"}},"minutes-ago-short":{"_index":["plural","value"],"_":{"zero":"mu tani","other":"{{value}}m më parë"}},"hours-ago-short":{"_index":["plural","value"],"_":{"zero":"mu tani","other":"{{value}}h më parë"}},"days-ago-short":{"_index":["plural","value"],"_":{"zero":"sot","other":"{{value}}d më parë"}},"minutes-until-short":{"_index":["plural","value"],"_":{"zero":"tani","other":"për {{value}}m"}},"hours-until-short":{"_index":["plural","value"],"_":{"zero":"tani","other":"për {{value}}h"}},"days-until-short":{"_index":["plural","value"],"_":{"zero":"sot","other":"për {{value}}d"}},"incorrectDate":"(datë e pasaktë)","dateTimeFormat_%c":"%a %e %b %Y %I:%M:%S %p","dateTimeFormat_%x":"%m/%d/%Y","dateTimeFormat_%X":"%I:%M:%S %p","shortTimeFormat":"%I:%M %p","shortDateTimeFormat":"%x %I:%M %p","weekStartsOnMonday":"0","time_am":"AM","time_pm":"PM","perm-contacts":"Kontakte","perm-contacts-appRequest":"{{app}} dëshiron të përdorë listën e kontakteve tuaja.","perm-contacts-webRequest":"{{site}} dëshiron të përdorë listën e kontakteve tuaja.","perm-desktop-notification":"Njoftime","perm-desktop-notification-appRequest":"{{app}} dëshiron të shfaqë njoftime.","perm-desktop-notification-webRequest":"{{site}} dëshiron të shfaqë njoftime.","perm-device-storage-music":"Depozitim Muzike","perm-device-storage-music-appRequest":"{{app}} dëshiron të përdorë muzikë nga e juaja.","perm-device-storage-music-webRequest":"{{site}} dëshiron të përdorë muzikë nga e juaja.","perm-device-storage-pictures":"Depozitim Figurash","perm-device-storage-pictures-appRequest":"{{app}} dëshiron të përdorë figura nga të tuajat.","perm-device-storage-pictures-webRequest":"{{site}} dëshiron të përdorë figura nga të tuajat.","perm-device-storage-sdcard":"Depozitim Në Kartë Kujtese","perm-device-storage-sdcard-appRequest":"{{app}} dëshiron të përdorë kartën tuaj të kujtesës.","perm-device-storage-sdcard-webRequest":"{{site}} dëshiron të përdorë kartën tuaj të kujtesës.","perm-device-storage-videos":"Depozitim Videosh","perm-device-storage-videos-appRequest":"{{app}} dëshiron të përdorë video nga të tuajat.","perm-device-storage-videos-webRequest":"{{site}} dëshiron të përdorë video nga të tuajat.","perm-fmradio":"Radio FM","perm-fmradio-appRequest":"{{app}} dëshiron të përdorë Radion FM.","perm-fmradio-webRequest":"{{site}} dëshiron të përdorë Radion FM.","perm-geolocation":"Gjeovendëzim","perm-geolocation-appRequest":"{{app}} dëshiron të dijë vendndodhjen tuaj.","perm-geolocation-webRequest":"{{site}} dëshiron të dijë vendndodhjen tuaj.","perm-geolocation-more-info":"Në ndihmë të përcaktimit përafërsisht të vendndodhjes suaj, {{brandShortName}}-i përdor të dhëna të tilla si GPS, Wi-Fi, dhe rrjete celularësh pranë jush. Të dhënat dërgohen te Mozilla dhe të tjerë mundësues shërbimesh dhe do të përdoren si pjesë e të dhënave për përmirësimin e këtyre bazave të të dhënave.  Të dhënat mund të depozitohen në pajisjen tuaj dhe grumbullimi i të dhënave mund të ngjasë edhe kur nuk ka zbatime në punë e sipër.","perm-video-capture":"Kamerë","perm-video-capture-appRequest":"Do të donit ta ndanit kamerën tuaj me {{app}}?","perm-video-capture-webRequest":"Do të donit ta ndanit kamerën tuaj me {{site}}?","perm-audio-capture":"Mikrofon","perm-audio-capture-appRequest":"Do të donit ta ndanit mikrofonin tuaj me {{app}}?","perm-audio-capture-webRequest":"Do të donit ta ndanit mikrofonin tuaj me {{site}}?","perm-media-capture":"Kamerë dhe Mikrofon","perm-media-capture-appRequest":"Do të donit ta ndanit kamerën dhe mikrofonin tuaj me {{app}}?","perm-media-capture-webRequest":"Do të donit ta ndanit kamerën dhe mikrofonin tuaj me {{site}}?","stopped_download_title":"Shkarkimi u ndal","stopped_download_message":"Shkarkimi u ndal. Të provohet të shkarkohet sërish?","stopped_download_left_button":"Anuloje","stopped_download_right_button":"Riprovo","failed_download_title":"Shkarkimi dështoi","failed_download_message":"Shkarkimi i {{name}} dështoi. Të provohet të shkarkohet sërish?","failed_download_left_button":"Anuloje","failed_download_right_button":"Riprovo","stop_download_title":"Ndalni shkarkimin","stop_download_message":"Jeni i sigurt se doni të ndalet shkarkimi?","stop_download_left_button":"Po","stop_download_right_button":"Jo","delete_download_title":"Fshijeni","delete_download_message":"Të fshihet {{name}}?","delete_download_left_button":"Anuloje","delete_download_right_button":"Fshije","delete_all_download_title":"Fshini","delete_all_download_left_button":"Anuloje","delete_all_download_right_button":"Fshije","delete_all_download_message":{"_index":["plural","number"],"_":{"zero":"Të fshihen 0 kartela?","one":"Të fshihet një kartelë?","two":"Të fshihen {{number}} kartela?","few":"Të fshihen {{number}} kartela?","many":"Të fshihen {{number}} kartela?","other":"Të fshihen {{number}} kartela?"}},"unsupported_file_type_download_title":"Nuk arrin ta hapë","unsupported_file_type_download_message":"Nuk ka zbatim që mund të hapë {{name}}. Doni ta ruani kartelën apo të fshihet?","unsupported_file_type_download_left_button":"Mbaje Kartelën","unsupported_file_type_download_right_button":"Fshije","file_not_found_download_title":"Nuk u gjetë kartelë","file_not_found_download_message":"Nuk u gjet kartela te pajisja","file_not_found_download_right_button":"OK","unmounted_sdcard_2_download_title":"Karta e kujtesës po përdoret","unmounted_sdcard_2_download_message":"Hiqeni telefonin nga priza","unmounted_sdcard_2_download_right_button":"OK","no_provider_download_title":"Nuk arrin ta ndajë me të tjerët","no_provider_download_message":"Nuk u gjet mundësues shërbimi","no_provider_download_right_button":"OK","no_memory_download_title":"Karta SD është plot","no_memory_download_message":"Në kartën tuaj SD nuk ka më vend ku të ruhet shkarkimi juaj. Ju lutemi, hiqni ca kartela, përpara se të rifilloni shkarkimin.","no_memory_download_right_button":"OK","no_sdcard_found_2_download_title":"Nuk u gjet kartë kujtese","no_sdcard_found_2_download_message":"Futni një kartë kujtese ose përzgjidhni te rregullimet një vend alternativ si parazgjedhje për media","no_sdcard_found_2_download_right_button":"OK","file_open_error_download_title":"Nuk arrin ta hapë","file_open_error_download_message":"Ka një problem me hapjen e {{name}}. Doni ta ruani kartelën apo të fshihet?","file_open_error_download_left_button":"Mbaje Kartelën","file_open_error_download_right_button":"Fshije","restart_download_error":"Pati një gabim teksa rinisej shkarkimi. Ju lutemi, riprovoni ta shkarkoni.","no-downloads":"Pa shkarkime","percentage":"{{percentage}} %","partialResult":"{{partial}} nga {{total}}","summary":"{{date}} - {{status}}","download-stopped":"I ndalur","download-failed":"Shkarkimi dështoi","open_downloaded_file":"Hape","share_downloaded_file":"Ndaje me të tjerët","wallpaper_downloaded_file":"Vëre si sfond","ringtone_downloaded_file":"Vëre si zile","cancel_downloaded_file":"Anuloje","voicemailNoNumberTitle":"Voicemail number is unavailable","voicemailNoNumberText":"Unable to call the voicemail. Set up the voicemail number to place the call.","voicemailNoNumberSettings":"Settings","voicemailNoNumberCancel":"Cancel","firefox-accounts-title":"Firefox Accounts","fxa-next":"Next","fxa-back":"Back","fxa-done":"Done","fxa-ok":"OK","fxa-account-does-not-exist-title":"Account does not exist","fxa-account-does-not-exist-message":"Account does not exist","fxa-cannot-create-account":"Unable to create account","fxa-cannot-create-password":"Unable to reset your Firefox Accounts password right now.","fxa-already-signed-in-title":"User is already signed in","fxa-already-signed-in-message":"There is an user is already signed in Firefox.","fxa-invalid-password-title":"Invalid password","fxa-invalid-password-message":"You have used an invalid password. Please try again with a valid one.","fxa-invalid-email-title":"Invalid email address","fxa-invalid-email-message":"You have used an invalid email address. Please try again with a valid one.","fxa-connection-error-title":"Unable to connect","fxa-connection-error-message":"Unable to connect to Firefox right now. You can sign in or create an account from your phone's settings or try it again.","fxa-reset-password-error-title":"Unable to reset password","fxa-reset-password-error-message":"Your password was not reset. Please try again.","fxa-reset-password-in-settings-title":"Reset Password","fxa-reset-password-in-settings-message":"You can reset your password from your phone's settings.","fxa-generic-error-title":"Unable to connect to Firefox","fxa-generic-error-message":"Unable to connect to Firefox Accounts right now. Try your phone's settings or check your connection to Internet.","fxa-coppa-failure-error-title":"Cannot Create Account","fxa-coppa-failure-error-message":"You must meet certain age requirements to create a Firefox Accounts. <a href='http://www.ftc.gov/news-events/media-resources/protecting-consumer-privacy/kids-privacy-coppa'>Learn more</a>","fxa-coppa-ftu-error-message":"You must meet certain age requirements to create a Firefox Accounts. Try again later from Settings.","fxa-offline-error-title":"Unable to connect to Firefox","fxa-offline-error-message":"Unable to connect to Firefox Accounts right now. Check your phone' settings and your Internet connection.","fxa-unknown-error-title":"Unknown error","fxa-unknown-error-message":"Unknown error","fxa-connecting-to-firefox":"Connecting to Firefox Accounts","fxa-email-input":{"placeholder":"Email"},"fxa-use-email-to-sign-in":"Use your email address to create an account or sign in.","fxa-agree-to-tos-pp":"By proceeding, you agree to our <a href=\"#fxa-tos\">Terms of Service</a> and <a href=\"#fxa-pp\">Privacy Policy</a>","fxa-set-password-title":"Enter your new password","fxa-enter-password-title":"Enter your password","fxa-hello-user":"Hello, <a id=\"fxa-user-email\">hola@email.com</a>","fxa-password-refresh":"Please enter your Firefox Account password for <a id=\"fxa-user-email\">hola@email.com</a> to continue.","fxa-password":{"placeholder":"Password"},"fxa-forgot-password":"I forgot my password","fxa-show-password":"Show password","fxa-authenticating":"Authenticating","fxa-registering":"Registering","fxa-success":"Success!","fxa-ready-to-go":"Your Firefox Account is ready to go! ","fxa-use-services":"Now you can use <span id=\"fxa-summary-email\">email</span> to access services like Marketplace and Where’s My Fox.","fxa-manage-account-settings":"In the future, you can access and manage your account from your phone's settings.","fxa-confirm-account":"Confirm Your Account","fxa-sending-email-to":"We have sent you an email to: <strong id=\"fxa-summary-email\">email</strong>","fxa-tos-header":"Terms of Service","fxa-tos1":"Lorem ipsum dolor sit amet, consectetur adipisicing elit, sed do eiusmod tempor incididunt ut labore et dolore magna aliqua. Ut enim ad minim veniam, quis nostrud exercitation ullamco laboris nisi ut aliquip ex ea commodo consequat. Duis aute irure dolor in reprehenderit in voluptate velit esse cillum dolore eu fugiat nulla pariatur. ","fxa-tos2":"Excepteur sint occaecat qui of fi cia deserunt mollit anim id est laborum.  Lorem ipsum dolor sit amet, consectetur adipisicing elit, sed do eiusmod tempor incididunt ut labore et dolore magna aliqua. Ut enim ad minim veniam,quis nostrud exercitation ullamco laboris nisi ut aliquip ex ea commodo consequat. Duis aute irure dolor in.","fxa-pp-header":"Privacy Policy","fxa-pp1":"Lorem ipsum dolor sit amet, consectetur adipisicing elit, sed do eiusmod tempor incididunt ut labore et dolore magna aliqua. Ut enim ad minim veniam, quis nostrud exercitation ullamco laboris nisi ut aliquip ex ea commodo consequat. Duis aute irure dolor in reprehenderit in voluptate velit esse cillum dolore eu fugiat nulla pariatur. ","fxa-pp2":"Excepteur sint occaecat qui of fi cia deserunt mollit anim id est laborum.  Lorem ipsum dolor sit amet, consectetur adipisicing elit, sed do eiusmod tempor incididunt ut labore et dolore magna aliqua. Ut enim ad minim veniam,quis nostrud exercitation ullamco laboris nisi ut aliquip ex ea commodo consequat. Duis aute irure dolor in.","fxa-age-verification":"Age Verification","fxa-age-1990-earlier":"1990 or earlier","fxa-year-of-birth":"Year of Birth"}