{"ok":"У реду","back":"Назад","help":"Помоћ","cancel":"Откажи","close":"Затвори","skip":"Прескочи","airplaneMode":"Режим рада у авиону","searching":"Претрага…","noNetwork":"Нема мреже","roaming":"{{operator}} (Роминг)","emergencyCallsOnly":"Само хитни позиви","emergencyCallsOnly-unknownSIMState":"(непознат SIM статус)","emergencyCallsOnly-noSIM":"(Нема SIM картице)","emergencyCallsOnly-pinRequired":"(SIM PIN је неопходан)","emergencyCallsOnly-pukRequired":"(SIM PUK је неопходан)","emergencyCallsOnly-networkLocked":"(мрежа је закључана)","emergencyCallsOnly-serviceProviderLocked":"(закључан од стране провајдера)","emergencyCallsOnly-corporateLocked":"(закључан од стране компаније)","emergencyCallsOnly-network1Locked":"(network1 locked)","emergencyCallsOnly-network2Locked":"(network2 locked)","emergencyCallsOnly-hrpdNetworkLocked":"(hrpd network locked)","emergencyCallsOnly-ruimCorporateLocked":"(ruim corporate locked)","emergencyCallsOnly-ruimServiceProviderLocked":"(ruim service provider locked)","enterPIN":"Унесите PIN","statusbarLabel":"{{date}}, {{operator}}","statusbarDateFormat":"%e %b","notifications":"Обавештења","clear-all":"Очисти све","newVoicemails":{"_index":["plural","n"],"_":{"zero":"Нема нове говорне поруке","one":"Једна нова говорна порука","two":"{{n}} нове говорне поруке","few":"{{n}} нове говорних порука","many":"{{n}} нових говорних порука","other":"{{n}} нових говорних порука"}},"newVoicemailsUnknown":"Нова говорна порука","dialNumber":"Позови {{number}}","voicemailNotificationMultiSim":"(SIM {{n}}) {{title}}","confirmNFCConnectMsg1":"Are you sure you want to connect to the device?","confirmNFCConnectMsg2":"Turn on Bluetooth and connect to the device?","confirmNFCConnectMsg3":"Are you sure you want to connect to {{n}}?","confirmNFCConnectMsg4":"Turn on Bluetooth and connect to {{n}}?","deviceMenu":"Телефон","airplane":"Укључи режим рада у авиону","airplaneOff":"Искључи режим рада у авиону","silent":"Утишај долазне позиве","normal":"Укључи звоно долазним позивима","restart":"Поново покрени систем","power":"Искључи","asyncpanzoom":"Онемогући APZ за апликације","asyncpanzoomOff":"Oмогући APZ за апликације","enableScreenReaderSteps":"Да омогућите читач екрана, притисните дугме за појачање јачине звука и затим дугме за смањење јачине звука још три пута","disableScreenReaderSteps":"Да онемогућите читач екрана, притисните дугме за појачање јачине звука и затим дугме за смањење јачине звука још три пута","no-recent-apps":"Нема активних апликација","yes":"Да","no":"Не","dontallow":"Don’t allow","allow":"Дозволи","dontshare-geolocation":"Немој","share-geolocation":"Дозволи","dontshare-audio-capture":"Немој\t","share-audio-capture":"Дозволи","dontshare-video-capture":"Немој","share-video-capture":"Дозволи","dontshare-media-capture":"Немој","share-media-capture":"Дозволи","device-front":"Предња камера","device-back":"Камера на полеђини","remember-my-choice":"Запамти мој избор","more-info":"Више информација…","hide-info":"Hide info","install-app":"Инсталирати {{name}}?","size":"Величина","author":"Аутор","size-unknown":"Непозната","author-unknown":"Непознат","install":"Инсталирај","bytes":"бајта","kB":"kB","MB":"MB","GB":"GB","TB":"TB","PB":"PB","app-install-generic-error":"Преузимање {{ appName }} заустављено","app-install-download-failed":"{{ appName }} неуспешно преузет","app-install-install-failed":"{{ appName }} неуспешно инсталиран","cancelling-will-not-refund":"Одустанак неће поништити извршено плаћање. Повраћај плаћеног садржаја пружа изворни продавац.","apps-can-be-installed-later":"Апликације могу бити инсталиране касније из изворног порекла инсталације.","are-you-sure-you-want-to-cancel":"Да ли сте сигурни да желите отказати инсталацију?","cancel-install":"Откажи","cancel-install-button":"Cancel Install","resume":"Настави","continue":"Настави","stopDownloading":"Зауставити преузимање {{ app }}?","app-download-can-be-restarted":"Преузимање може бити настављено касније.","app-download-stop-button":"Заустави преузимање","not-enough-space":"Нема довољно простора","not-enough-space-message":"Нема довољно простора за инсталацију ове апликације. Ослободите простор брисањем старих апликација или садржаја, затим поновите инсталацију из првобитног извора.","app-install-success":"{{ appName }} инсталиран","setup":"Конфигурација","ime-addkeyboards":"Додај тастатуре","later":"Касније","download":"Преузимање","wantToDownload":"Преузети надоградњу сада?","wantToInstall":"Надоградити сада?","installNow":"Инсталирај сада","notNow":"Не сада","downloadingUpdateMessage":{"innerHTML":"Преузимање надоградњи… <span>{{ progress }} преузето.</span>"},"downloadingAppMessage":"Преузимање {{ appName }}","downloadingAppProgressNoMax":"{{ progress }} је преузето","downloadingAppProgressIndeterminate":"Преузимање","downloadingAppProgress":"{{ progress }} / {{ max }} је преузето","cancelAllDownloads":"Откажи сва преузимања","wantToCancelAll":"Да ли сте сигурни да желите отказати сва преузимања?","downloadError":"Десила се грешка приликом преузимања надоградњи.","updateAvailableInfo":{"innerHTML":{"_index":["plural","n"],"_":{"one":"{{ n }} надоградња је доступна. <span>Притисните за више информација.</span>","two":"{{ n }} надоградње су доступне. <span>Притисните за више информација.</span>","few":"{{ n }} надоградњи је доступно. <span>Притисните за више информација.</span>","many":"{{ n }} надоградњи је доступно. <span>Притисните за више информација.</span>","other":"{{ n }} надоградњи је доступно. <span>Притисните за више информација.</span>"}}},"numberOfUpdates":{"_index":["plural","n"],"_":{"one":"{{ n }} надоградња је доступна","two":"{{ n }} надоградње су доступне","few":"{{ n }} надоградњи је доступно","many":"{{ n }} надорадњи је доступно","other":"{{ n }} надорадњи је доступно"}},"systemUpdate":"Надоградња система","systemUpdateReady":"Надоградња система је спремна","required":"Неопходна","uncompressingMessage":{"innerHTML":"Распакивање… <span>Ово може потрајати неколико минута.</span>"},"downloadNoWifiWarning":"Wi-Fi мрежа није доступна. Надоградња преко тренутне везе може узроковати додатне трошкове.","downloadOfflineWarning":"Веза није доступна. Повежите се на мрежу да бисте преузели надоградње.","downloadDataConnectionWarning":"Надоградње се преузимају путем мобилне мреже када Wi-Fi мрежа није доступна. Ова услуга може бити додатно наплаћена.","downloadUpdatesViaDataConnection":"Преузми надоградње преко мобилне мреже?","downloadUpdatesViaDataConnectionMessage":"Надоградње се преузимају путем мобилне мреже када Wi-Fi мрежа није доступна. Када користите мобилну мрежу за интернет, позиви могу бити блокирани и ова услуга може бити додатно наплаћена.","screenshotSaved":"Снимак екрана сачуван","screenshotFailed":"Снимак није сачуван","screenshotNoSDCard":"Није пронађена меморијска картица","screenshotSDCardInUse":"Меморијска картица је у употреби","screenshotSDCardLow":"Нема довољно простора на меморијској картици","emergency-call-button":"Хитан позив","emergency-call":"Хитaн позив","unlock-a11y-button":{"ariaLabel":"Откључај"},"camera-a11y-button":{"ariaLabel":"Камера"},"longDateFormat":"%A, %e %B","softwareHomeButton":{"ariaLabel":"Почетна"},"login":"Пријави се","username":"Корисничко име","password":"Лозинка","http-authentication-message":"{{host}} захтева корисничко име и лозинку. Веб сајт поручује: “{{realm}}”","error-message":"{{name}} се не учитава ваљано","error-title":"{{name}} има потешкоћа","airplane-is-on":"Режим рада у авиону је укључен","airplane-is-turned-on":"{{name}} захтева мрежну везу. Искључите режим рада у авиону из поставки и повежите се на Wi-Fi мрежу или укључите пренос података.","server-not-found":"Сервер није пронађен","server-not-found-error":"Не могу пронаћи сервер на {{name}}.","file-not-found":"File not found","file-not-found-error":"The device can’t display this page because the file cannot be found.","connection-failed":"Unable to connect","connection-failed-error":"A network error occurred while trying to reach the site.","invalid-connection":"Unable to connect","invalid-connection-error":"A network error occurred while trying to reach the site.","malformed-uri":"URL not valid","malformed-uri-error":"The URL entered is not valid and cannot be loaded.","redirect-loop":"Can’t display page","redirect-loop-error":"The device can’t display this page because the page is not redirecting properly. Try this page again at a later time.","not-cached":"Page expired","not-cached-error":"As a security precaution, this page cannot be displayed by the device because it has expired.","is-printing-error":"The document cannot change while Printing or in Print Preview.","denied-port-access":"This address is restricted","denied-port-access-error":"This address uses a network port which is normally used for purposes other than Web browsing. The device has cancelled the request for your protection.","proxy-resolve-failure":"Proxy Server Error","proxy-resolve-failure-error":"The device is configured to use a proxy server that can’t be found.","proxy-connect-failure":"Proxy Server Error","proxy-connect-failure-error":"The device is configured to use a proxy server that is refusing connections.","content-encoding":"Can’t display page","content-encoding-error":"The device can’t display this page because a content encoding error occurred.","remote-xul":"Page unsupported","remote-xul-error":"This page can’t be displayed because it uses a technology that is not supported on the device.","phishing-blocked":"Warning","phishing-blocked-error":"The website has been reported as a web forgery designed to trick users into sharing personal or financial information.","malware-blocked":"Malware attack blocked","malware-blocked-error":"The site at has been reported as an attack site and has been blocked.","unsafe-content-type":"Unsafe content","unsafe-content-type-error":"The page cannot be shown because it may not be safe to open.","corrupted-content":"Can’t display page","corrupted-content-error":"The page cannot be shown because an error in the data transmission was detected.","network-connection-unavailable":"Мрежна веза није доступна","network-error":"{{name}} захтева мрежну везу. Покушајте да се повежете на бежичну мрежу или укључите пренос података.","network-error-launching":"{{name}} requires an Internet connection.","network-error-in-app":"No access to the Internet right now.","unable-to-connect":"Није се могуће повезати","try-again":"Покушај поново","check-settings":"Check settings","tap-to-check-settings":"Tap to check settings","select-time":"Одаберите време","choose-option":"Одабери","choose-options":"Одабери","select-day":"Одаберите дан","battery-almost-empty":"Батерија је скоро празна","add-to-home-screen":"Додај на почетни екран","crash-dialog2-os":"{{brandShortName}} се управо опоравио од рушења","crash-dialog-app":"{{name}} се управо срушио","crash-dialog-message":"Да ли бисте желели да пошаљете Mozilla фондацији извештај о рушењу како бисте нам помогли да решимо потешкоће? (Извештаји се шаљу само преко Wi-Fi мреже)","crash-info-link":"Шта садржи извештај о рушењу?","crash-always-report":"Увек пошаљи извештај Mozilla фондацији када дође до рушења.","crash-dont-send":"Не шаљи","crash-end":"Пошаљи","crashReports":"Извештај","done":"Готово","crash-reports-description-1":"Извештај о рушењу садржи неке појединости о рушењу и Вашем уређају, као и слику стања уређаја у тренутку рушења","crash-reports-description-2":"У њему могу бити обухваћене ставке попут отворених страница и апликација, текста уношеног у образце, садржаја отворених порука или геолокацијске информације коришћеног у отвореној апликацији.","crash-reports-description-3-start":"Извештаје о рушењу користимо да бисмо покушали исправити потешкоће и побољшали наше производе. Вашим подацима управљамо на начин описан у нашој","crash-reports-description-3-privacy":"полиси приватности","crash-reports-description-3-end":".","crash-banner-os2":"{{brandShortName}} се управо срушио.","crash-banner-app":"{{name}} се управо срушио.","crash-banner-report":"Извештај","bluetooth-sending-progress":"Шаљем датотеку..","bluetooth-receiving-progress":"Примам датотеку..","acceptFileTransfer":"Прихвати датотеку?","wantToReceiveFile":"{{deviceName}} би желео да пренесе {{fileName}} ({{fileSize}}).","transfer-confirmation-title":"{{deviceName}}","transfer-confirmation-description":"Прегледајте захтев за пренос.","byteUnit-B":"B","byteUnit-KB":"KB","byteUnit-MB":"MB","byteUnit-GB":"GB","byteUnit-TB":"TB","byteUnit-PB":"PB","byteUnit-EB":"EB","byteUnit-ZB":"ZB","byteUnit-YB":"YB","fileSize":"{{size}} {{unit}}","deny":"Одбиј","transfer":"Пренеси","cancelFileTransfer":"Откажи пренос датотека преко Bluetooth-a?","continueFileTransfer":"Continue","transfer-has-started-title":"Пренос је почео","transfer-has-started-description":"Проверите ток преноса","transferFinished-sentSuccessful-title":"Датотека послата","transferFinished-receivedSuccessful-title":"Датотека примљена","transferFinished-sentFailed-title":"Датотека није послата","transferFinished-receivedFailed-title":"Примање нeуспело","transferReport-title":"Извештај преноса:","transferReport-description":"{{numSuccessful}} успешно, {{numUnsuccessful}} неуспешно","unknown-file":"Непозната датотека","unknown-device":"Непознати уређај","cannotOpenFile":"Примљена датотека се не може отворити","unknownMediaTypeToOpen":"Не може се отворити непозната врста медија:","cannotReceiveFile":"Не може се примити датотека","cannotGetStorageState":"Није могуће добавити стање складишта уређаја","sdcard-not-exist2":"Није пронађена меморијска картица. Молим Вас, уметните меморијску картицу.","sdcard-in-use":"Bluetooth се не може користити док је телефон прикачен на кабел. Молим Вас, откачите кабел за примање датотеке(а).","sdcard-no-space2":"Није могуће завршити пренос: меморијска картица је пуна.","unknown-error":"Непозната грешка","confirm":"Потврди","microphone-is-on":"Микрофон је укључен","camera-is-on":"Камера је укључена","media-is-on":"Камера и микрофон су укључени","noSimCard":"Нема SIM картице","simPin":"SIM PIN","pukCode":"PUK код","nckCode":"NCK код","cckCode":"CCK код","spckCode":"SPCK код","nck1code":"NCK1 code","nck2code":"NCK2 code","hnckcode":"HNCK code","rcckcode":"RCCK code","rspckcode":"RSPCK code","whatIsSimPin":"Шта је SIM PIN?","simPinIntro1":"SIM PIN спречава приступ мрежним подацима мобилне телефоније SIM картице. Када је омогућен, било који уређај који садржи SIM картицу ће тражити унос PIN-а после поновног покретања","simPinIntro2":"SIM PIN није исто што и лозинка која се користи за откључавање уређаја.","changeSimPin":"Промени PIN","pinTitle":"Унесите SIM PIN","multiSIMpinTitle":"Унесите SIM {{n}} PIN","pukTitle":"Унесите PUK код","nckTitle":"Унесите NCK код","cckTitle":"Унесите CCK код","spckTitle":"Унесите SPCK код","nck1Title":"Enter NCK1 code","nck2Title":"Enter NCK2 code","hnckTitle":"Enter HNCK code","rcckTitle":"Enter RCCK code","rspckTitle":"Enter RSPCK code","newpinTitle":"Нови PIN","inputCodeRetriesLeft":{"_index":["plural","n"],"_":{"one":"последњи покушај.","two":"преостала {{n}} покушаја.","few":"преостало {{n}} покушаја.","many":"преостало {{n}} покушаја.","other":"преостало {{n}} покушаја."}},"pinErrorMsg":"PIN није исправан.","pinAttemptMsg2":{"_index":["plural","n"],"_":{"one":"Имате још један покушај да унесете исправан код пре него што SIM картица буде закључана.","few":"Имате још {{n}} покушаја да унесете исправан код пре него што SIM картица буде закључана.","two":"Имате још {{n}} покушаја да унесете исправан код пре него што SIM картица буде закључана.","many":"Имате још {{n}} покушаја да унесете исправан код пре него што SIM картица буде закључана.","other":"Имате још {{n}} покушаја да унесете исправан код пре него што SIM картица буде закључана."}},"pinLastChanceMsg":"Ово је последња прилика да унесете исправан PIN. У супротном, морате унети PUK код да би користили ову SIM картицу.","simCardLockedMsg":"SIM картица је закључана.","enterPukMsg":"Морате унети Лични кључ за откључавање (PUK) SIM картице. Погледајте упутство SIM картице или се обратите оператеру за више информација.","pukErrorMsg":"PUK код је нетачан.","pukAttemptMsg2":{"_index":["plural","n"],"_":{"one":"Имате још један покушај да унесете исправан код пре него што Вам се трајно закључа SIM картица. Погледајте документацију коју сте добили уз SIM картицу или контактирајте мрежног оператера за више информација.","two":"Имате још {{n}} покушаја да унесете исправан код пре него што Вам се трајно закључа SIM картица. Погледајте документацију коју сте добили уз SIM картицу или контактирајте мрежног оператера за више информација.","few":"Имате још {{n}} покушаја да унесете исправан код пре него што Вам се трајно закључа SIM картица. Погледајте документацију коју сте добили уз SIM картицу или контактирајте мрежног оператера за више информација.","many":"Имате још {{n}} покушаја да унесете исправан код пре него што Вам се трајно закључа SIM картица. Погледајте документацију коју сте добили уз SIM картицу или контактирајте мрежног оператера за више информација.","other":"Имате још {{n}} покушаја да унесете исправан код пре него што Вам се трајно закључа SIM картица. Погледајте документацију коју сте добили уз SIM картицу или контактирајте мрежног оператера за више информација."}},"pukLastChanceMsg":"Ово је последња прилика да унесете исправну PUK шифру. Ваша SIM картица ће бити трајно неупотребљива уколико унесете погрешну PUK шифру. Погледајте упутство SIM картице или се обратите оператеру за више информација.","newSimPinMsg":"Направите PIN (мора садржати 4 до 8 цифара)","confirmNewSimPinMsg":"Потврдите нови PIN","newPinErrorMsg":"PIN шифре се не слажу.","nckErrorMsg":"NCK је нетачан.","nckAttemptMsg2":{"_index":["plural","n"],"_":{"one":"Грешка при захтеву за откључавање телефона (Network depersonalization request). Имате још један покушај да унесете исправан код. Погледајте документацију коју сте добили уз уређај који користите или контактирајте свог мрежног оператера за више информација.","two":"Грешка при захтеву за откључавање телефона (Network depersonalization request). Имате још {{n}} покушаја да унесете исправан код. Погледајте документацију коју сте добили уз уређај који користите или контактирајте свог мрежног оператера за више информација.","few":"Грешка при захтеву за откључавање телефона (Network depersonalization request). Имате још {{n}} покушаја да унесете исправан код. Погледајте документацију коју сте добили уз уређај који користите или контактирајте свог мрежног оператера за више информација.","many":"Грешка при захтеву за откључавање телефона (Network depersonalization request). Имате још {{n}} покушаја да унесете исправан код. Погледајте документацију коју сте добили уз уређај који користите или контактирајте свог мрежног оператера за више информација.","other":"Грешка при захтеву за откључавање телефона (Network depersonalization request). Имате још {{n}} покушаја да унесете исправан код. Погледајте документацију коју сте добили уз уређај који користите или контактирајте свог мрежног оператера за више информација."}},"nckLastChanceMsg":"Неуспешан захтев деперсонализације мреже. Ово је последња прилика за унос исправне NCK шифре. Погледајте упутство за уређај или се обратите оператеру за више информација.","activity-pick":"Изабери у:","activity-view":"Прегледај помоћу:","activity-test":"Испробај помоћу:","activity-share":"Подели са:","activity-new":"Направи помоћу:","activity-open":"Отвори помоћу:","activity-save-bookmark":"Забележи у:","activity-record":"Сними из:","activity-browse":"Прегледај помоћу:","activity-configure":"Подеси помоћу:","activity-dial":"Позови из:","persona-signin":"Пријава","payment-flow":"Купи","remoteDebuggerMessage":"Примљен је долазни захтев за дозволу удаљене исправке грешака. Дозволити везу?","fullscreen-request":"{{origin}} је сада преко целог екрана.","captive-wifi-available":"Нађена је мрежа {{networkName}}. Повежи се?","ceWarningtitle":"Упозорење о јачини","ceWarningcontent":"Да бисте избегли могуће оштећење слуха, немојте дуго користити максималну јачину звука.","notification-powersaving-mode-on-title":"Режим штедње батерије","notification-powersaving-mode-on-description":"Режим штедње батерије је укључен.","low-device-storage":"Понестаје Вам простора на уређају.\\n","free-space":{"_index":["plural","value"],"_":{"zero":"Нема слободног простора.","one":"Остало је мање од {{value}} {{unit}}.","two":"Остало је мање од {{value}} {{unit}}.","few":"Остало је мање од {{value}} {{unit}}.","many":"Остало је мање од {{value}} {{unit}}.","other":"Остало је мање од {{value}} {{unit}}."}},"unknown-free-space":"Непозната величина слободног простора.","system-alert":"Системска узбуна","cb-channel":"Канал {{channel}}","icc-message-title":"Порука оператера од SIM {{id}}","icc-confirmCall-defaultmessage":"Позвати {{number}}?","icc-alertMessage-defaultmessage":"Слање поруке","icc-confirmMessage-defaultmessage":"Послати поруку?","icc-inputbox-title":"STK упит од SIM {{id}}","emergency-callback-mode":"Режим хитног позива","emergency-callback-message":"Позиви, поруке и интернет су онемогућени због режима хитног позива. Да ли желите да искључите овај режим?","cdma-record-info":"Информације CDMA записа","ime-switching-title":"{{appName}}: {{name}}","ime-switching-tip":"Притисните за промену методе уноса","layout-selection":"Одабир распореда","shrinking-tip":"Превуците да бисте поделили","download_started":"Преузимање је започело","download_stopped":"Преузимање је заустављено","download_downloading":"Преузимам…","download_succeeded":"Преузимање успешно","download_failed":"Преузимање неуспешно","download_text_by_default":"{{name}}","download_downloading_text_2":"{{percentage}}% - {{name}}","search-or-enter-address":{"_":"Search or enter address","placeholder":"Search or enter address"},"noSIMCardInHotspot":"SIM картица није пронађена или је неправилно убачена, искључите hotspot","brandShortName":"B2G OS","browserBrandShortName":"Веб прегледач","browserBrandFullName":"Mozilla веб прегледач","weekday-0-long":"Недеља","weekday-1-long":"Понедељак","weekday-2-long":"Уторак","weekday-3-long":"Среда","weekday-4-long":"Четвртак","weekday-5-long":"Петак","weekday-6-long":"Субота","weekday-0-short":"Нед","weekday-1-short":"Пон","weekday-2-short":"Уто","weekday-3-short":"Сре","weekday-4-short":"Чет","weekday-5-short":"Пет","weekday-6-short":"Суб","month-0-long":"јануар","month-1-long":"фебруар","month-2-long":"март","month-3-long":"април","month-4-long":"мај","month-5-long":"јун","month-6-long":"јул","month-7-long":"август","month-8-long":"септембар","month-9-long":"октобар","month-10-long":"новембар","month-11-long":"децембар","month-0-genitive":"јануара","month-1-genitive":"фебруара","month-2-genitive":"марта","month-3-genitive":"априла","month-4-genitive":"маја","month-5-genitive":"јуна","month-6-genitive":"јула","month-7-genitive":"августа","month-8-genitive":"септембра","month-9-genitive":"октобра","month-10-genitive":"новембра","month-11-genitive":"децембра","month-0-short":"јан","month-1-short":"феб","month-2-short":"мар","month-3-short":"апр","month-4-short":"мај","month-5-short":"јун","month-6-short":"јул","month-7-short":"авг","month-8-short":"сеп","month-9-short":"окт","month-10-short":"нов","month-11-short":"дец","minutes-ago-long":{"_index":["plural","value"],"_":{"zero":"управо","one":"пре минут","two":"пре {{value}} минута","few":"пре {{value}} минута","many":"пре {{value}} минута","other":"пре {{value}} минута"}},"hours-ago-long":{"_index":["plural","value"],"_":{"zero":"управо","one":"пре сат времена","two":"пре {{value}} сата","few":"пре {{value}} сати","many":"пре {{value}} сати","other":"пре {{value}} сати"}},"days-ago-long":{"_index":["plural","value"],"_":{"zero":"данас","one":"јуче","two":"пре {{value}} дана","few":"пре {{value}} дана","many":"пре {{value}} дана","other":"пре {{value}} дана"}},"weeks-ago-long":{"_index":["plural","value"],"_":{"zero":"ове недеље","one":"прошле недеље","two":"пре {{value}} недеље","few":"пре {{value}} недеља","many":"пре {{value}} недеља","other":"пре {{value}} недеља"}},"months-ago-long":{"_index":["plural","value"],"_":{"zero":"овог месеца","one":"прошлог месеца","two":"пре {{value}} месеца","few":"пре {{value}} месеци","many":"пре {{value}} месеци","other":"пре {{value}} месеци"}},"years-ago-long":{"_index":["plural","value"],"_":{"zero":"ове године","one":"прошле године","two":"пре {{value}} године","few":"пре {{value}} година","many":"пре {{value}} година","other":"пре {{value}} година"}},"minutes-until-long":{"_index":["plural","value"],"_":{"zero":"управо","one":"за један минут","two":"за {{value}} минута","few":"за {{value}} минута","many":"за {{value}} минута","other":"за {{value}} минута"}},"hours-until-long":{"_index":["plural","value"],"_":{"zero":"управо","one":"за сат времена","two":"за {{value}} сата","few":"за {{value}} сати","many":"за {{value}} сати","other":"за {{value}} сати"}},"days-until-long":{"_index":["plural","value"],"_":{"zero":"данас","one":"сутра","two":"за {{value}} дана","few":"за {{value}} дана","many":"за {{value}} дана","other":"за {{value}} дана"}},"weeks-until-long":{"_index":["plural","value"],"_":{"zero":"ове недеље","one":"следеће недеље","two":"за {{value}} недеље","few":"за {{value}} недеља","many":"за {{value}} недеља","other":"за {{value}} недеља"}},"months-until-long":{"_index":["plural","value"],"_":{"zero":"овог месеца","one":"следећег месеца","two":"за {{value}} месеца","few":"за {{value}} месеци","many":"за {{value}} месеци","other":"за {{value}} месеци"}},"years-until-long":{"_index":["plural","value"],"_":{"zero":"ове године","one":"следеће године","two":"за {{value}} године","few":"за {{value}} година","many":"за {{value}} година","other":"за {{value}} година"}},"minutes-ago-short":{"_index":["plural","value"],"_":{"zero":"управо","other":"пре {{value}}м"}},"hours-ago-short":{"_index":["plural","value"],"_":{"zero":"управо","other":"пре {{value}}с"}},"days-ago-short":{"_index":["plural","value"],"_":{"zero":"данас","other":"пре {{value}}д"}},"minutes-until-short":{"_index":["plural","value"],"_":{"zero":"управо","other":"за {{value}}м"}},"hours-until-short":{"_index":["plural","value"],"_":{"zero":"управо","other":"за {{value}}с"}},"days-until-short":{"_index":["plural","value"],"_":{"zero":"данас","other":"за {{value}}д"}},"incorrectDate":"(нетачан датум)","dateTimeFormat_%c":"%a %e %b %Y %H:%M:%S","dateTimeFormat_%x":"%d.%m.%Y","dateTimeFormat_%X":"%H:%M:%S","shortTimeFormat":"%H:%M","shortDateTimeFormat":"%x %H:%M","weekStartsOnMonday":"1","time_am":"AM","time_pm":"PM","perm-contacts":"Контакти","perm-contacts-appRequest":"{{app}} жели да приступи Вашим контактима.","perm-contacts-webRequest":"{{site}} жели да приступи Вашим контактима.","perm-desktop-notification":"Обавештења","perm-desktop-notification-appRequest":"{{app}} жели да приказује обавештења.","perm-desktop-notification-webRequest":"{{site}} жели да приказује обавештења.","perm-device-storage-music":"Складиште музике","perm-device-storage-music-appRequest":"{{app}} жели да приступи Вашој музици.","perm-device-storage-music-webRequest":"{{site}} жели да приступи Вашој музици.","perm-device-storage-pictures":"Складиште слика","perm-device-storage-pictures-appRequest":"{{app}} жели да приступи Вашим сликама.","perm-device-storage-pictures-webRequest":"{{site}} жели да приступи Вашим сликама.","perm-device-storage-sdcard":"Складиште меморијске картице","perm-device-storage-sdcard-appRequest":"{{app}} жели да приступи Вашој меморијској картици.","perm-device-storage-sdcard-webRequest":"{{site}} жели да приступи Вашој меморијској картици.","perm-device-storage-videos":"Складиште видео снимака","perm-device-storage-videos-appRequest":"{{app}} жели да приступи Вашим видео снимцима.","perm-device-storage-videos-webRequest":"{{site}} жели да приступи Вашим видео снимцима.","perm-fmradio":"FМ Радио","perm-fmradio-appRequest":"{{app}} жели да користи FM радио.","perm-fmradio-webRequest":"{{site}} жели да користи FM радио.","perm-geolocation":"Геолокација","perm-geolocation-appRequest":"{{app}} жели да зна Вашу локацију.","perm-geolocation-webRequest":"{{site}} жели да зна Вашу локацију.","perm-geolocation-more-info":"{{brandShortName}} користи GPS податке, Wi-Fi податке и податке мобилних мрежа у Вашој близини ради утврђивања Ваше приближне локације. Подаци се шаљу Mozilla фондацији и осталим пружаоцима услуга и биће коришћени за унапређивање базе података са локацијама. Подаци могу бити смештени на Вашем уређају а прикупљање података може почети у било ком тренутку, чак и када ни једна апликација није покренута.","perm-video-capture":"Камера","perm-video-capture-appRequest":"Да ли бисте желели да поделите Вашу камеру са {{app}}?","perm-video-capture-webRequest":"Да ли бисте желели да поделите Вашу камеру са {{site}}?","perm-audio-capture":"Микрофон","perm-audio-capture-appRequest":"Да ли бисте желели да поделите Ваш микрофон са {{app}}?","perm-audio-capture-webRequest":"Да ли бисте желели да поделите Ваш микрофон са {{site}}?","perm-media-capture":"Камера и микрофон","perm-media-capture-appRequest":"Да ли бисте желели да поделите Вашу камеру и микрофон са {{app}}?","perm-media-capture-webRequest":"Да ли бисте желели да поделите Вашу камеру и микрофон са {{site}}?","stopped_download_title":"Преузимање заустављено","stopped_download_message":"Прузимање је заустављено. Покушати поново преузети?","stopped_download_left_button":"Откажи","stopped_download_right_button":"Покушај","failed_download_title":"Преузимање неуспешно","failed_download_message":"{{name}} није преузет. Покушати поново преузети?","failed_download_left_button":"Откажи","failed_download_right_button":"Покушај","stop_download_title":"Заустави преузимање","stop_download_message":"Да ли сте сигурни да желите зауставити преузимање?","stop_download_left_button":"Не","stop_download_right_button":"Да","delete_download_title":"Избриши","delete_download_message":"Избриши {{name}}?","delete_download_left_button":"Откажи","delete_download_right_button":"Избриши","delete_all_download_title":"Избриши","delete_all_download_left_button":"Откажи","delete_all_download_right_button":"Избриши","delete_all_download_message":{"_index":["plural","number"],"_":{"zero":"Немој избрисати датотеке?","one":"Избрисати једну датотеку?","two":"Избрисати {{number}} датотеке?","few":"Избрисати {{number}} датотека?","many":"Избрисати {{number}} датотека?","other":"Избрисати {{number}} датотека?"}},"unsupported_file_type_download_title":"Не могу отворити","unsupported_file_type_download_message":"Не постоји апликација са којом можете отворити {{name}}. Да ли желите да сачувате датотеку или да је избришете?","unsupported_file_type_download_left_button":"Сачувај","unsupported_file_type_download_right_button":"Избриши","file_not_found_download_title":"Датотека није пронађена","file_not_found_download_message":"Датотека није пронађена на уређају","file_not_found_download_right_button":"У реду","unmounted_sdcard_2_download_title":"Меморијска картица је у употреби","unmounted_sdcard_2_download_message":"Искључите кабел из телефона","unmounted_sdcard_2_download_right_button":"У реду","no_provider_download_title":"Не могу делити","no_provider_download_message":"Није пронађен провајдер","no_provider_download_right_button":"У реду","no_memory_download_title":"SD картица је пуна","no_memory_download_message":"Нема више места на Вашој SD картици за чувавање преузимања. Молимо Вас избришите неке датотеке пре него што поново покушате преузети датотеке.","no_memory_download_right_button":"У реду","no_sdcard_found_2_download_title":"Није пронађена меморијска картица","no_sdcard_found_2_download_message":"Убаците меморијску картицу или одаберите друго подразумевано место за чување медија у поставкама","no_sdcard_found_2_download_right_button":"У реду","file_open_error_download_title":"Не могу отворити","file_open_error_download_message":"Не могу отворити датотеку {{name}}. Да ли желите да је сачувате или избришете?","file_open_error_download_left_button":"Сачувај","file_open_error_download_right_button":"Избриши","restart_download_error":"Дошло је до грешке приликом поновног покушаја преузимања. Молимо Вас покушајте да поново преузмете.","no-downloads":"Нема преузимања","percentage":"{{percentage}} %","partialResult":"{{partial}} од {{total}}","summary":"{{date}} - {{status}}","download-stopped":"Заустављено","download-failed":"Преузимање неуспешно","open_downloaded_file":"Отвори","share_downloaded_file":"Подели","wallpaper_downloaded_file":"Постави као позадину","ringtone_downloaded_file":"Постави као мелодију","cancel_downloaded_file":"Откажи","voicemailNoNumberTitle":"Voicemail number is unavailable","voicemailNoNumberText":"Unable to call the voicemail. Set up the voicemail number to place the call.","voicemailNoNumberSettings":"Settings","voicemailNoNumberCancel":"Cancel","firefox-accounts-title":"Firefox Accounts","fxa-next":"Next","fxa-back":"Back","fxa-done":"Done","fxa-ok":"OK","fxa-account-does-not-exist-title":"Account does not exist","fxa-account-does-not-exist-message":"Account does not exist","fxa-cannot-create-account":"Unable to create account","fxa-cannot-create-password":"Unable to reset your Firefox Accounts password right now.","fxa-already-signed-in-title":"User is already signed in","fxa-already-signed-in-message":"There is an user is already signed in Firefox.","fxa-invalid-password-title":"Invalid password","fxa-invalid-password-message":"You have used an invalid password. Please try again with a valid one.","fxa-invalid-email-title":"Invalid email address","fxa-invalid-email-message":"You have used an invalid email address. Please try again with a valid one.","fxa-connection-error-title":"Unable to connect","fxa-connection-error-message":"Unable to connect to Firefox right now. You can sign in or create an account from your phone's settings or try it again.","fxa-reset-password-error-title":"Unable to reset password","fxa-reset-password-error-message":"Your password was not reset. Please try again.","fxa-reset-password-in-settings-title":"Reset Password","fxa-reset-password-in-settings-message":"You can reset your password from your phone's settings.","fxa-generic-error-title":"Unable to connect to Firefox","fxa-generic-error-message":"Unable to connect to Firefox Accounts right now. Try your phone's settings or check your connection to Internet.","fxa-coppa-failure-error-title":"Cannot Create Account","fxa-coppa-failure-error-message":"You must meet certain age requirements to create a Firefox Accounts. <a href='http://www.ftc.gov/news-events/media-resources/protecting-consumer-privacy/kids-privacy-coppa'>Learn more</a>","fxa-coppa-ftu-error-message":"You must meet certain age requirements to create a Firefox Accounts. Try again later from Settings.","fxa-offline-error-title":"Unable to connect to Firefox","fxa-offline-error-message":"Unable to connect to Firefox Accounts right now. Check your phone' settings and your Internet connection.","fxa-unknown-error-title":"Unknown error","fxa-unknown-error-message":"Unknown error","fxa-connecting-to-firefox":"Connecting to Firefox Accounts","fxa-email-input":{"placeholder":"Email"},"fxa-use-email-to-sign-in":"Use your email address to create an account or sign in.","fxa-agree-to-tos-pp":"By proceeding, you agree to our <a href=\"#fxa-tos\">Terms of Service</a> and <a href=\"#fxa-pp\">Privacy Policy</a>","fxa-set-password-title":"Enter your new password","fxa-enter-password-title":"Enter your password","fxa-hello-user":"Hello, <a id=\"fxa-user-email\">hola@email.com</a>","fxa-password-refresh":"Please enter your Firefox Account password for <a id=\"fxa-user-email\">hola@email.com</a> to continue.","fxa-password":{"placeholder":"Password"},"fxa-forgot-password":"I forgot my password","fxa-show-password":"Show password","fxa-authenticating":"Authenticating","fxa-registering":"Registering","fxa-success":"Success!","fxa-ready-to-go":"Your Firefox Account is ready to go! ","fxa-use-services":"Now you can use <span id=\"fxa-summary-email\">email</span> to access services like Marketplace and Where’s My Fox.","fxa-manage-account-settings":"In the future, you can access and manage your account from your phone's settings.","fxa-confirm-account":"Confirm Your Account","fxa-sending-email-to":"We have sent you an email to: <strong id=\"fxa-summary-email\">email</strong>","fxa-tos-header":"Terms of Service","fxa-tos1":"Lorem ipsum dolor sit amet, consectetur adipisicing elit, sed do eiusmod tempor incididunt ut labore et dolore magna aliqua. Ut enim ad minim veniam, quis nostrud exercitation ullamco laboris nisi ut aliquip ex ea commodo consequat. Duis aute irure dolor in reprehenderit in voluptate velit esse cillum dolore eu fugiat nulla pariatur. ","fxa-tos2":"Excepteur sint occaecat qui of fi cia deserunt mollit anim id est laborum.  Lorem ipsum dolor sit amet, consectetur adipisicing elit, sed do eiusmod tempor incididunt ut labore et dolore magna aliqua. Ut enim ad minim veniam,quis nostrud exercitation ullamco laboris nisi ut aliquip ex ea commodo consequat. Duis aute irure dolor in.","fxa-pp-header":"Privacy Policy","fxa-pp1":"Lorem ipsum dolor sit amet, consectetur adipisicing elit, sed do eiusmod tempor incididunt ut labore et dolore magna aliqua. Ut enim ad minim veniam, quis nostrud exercitation ullamco laboris nisi ut aliquip ex ea commodo consequat. Duis aute irure dolor in reprehenderit in voluptate velit esse cillum dolore eu fugiat nulla pariatur. ","fxa-pp2":"Excepteur sint occaecat qui of fi cia deserunt mollit anim id est laborum.  Lorem ipsum dolor sit amet, consectetur adipisicing elit, sed do eiusmod tempor incididunt ut labore et dolore magna aliqua. Ut enim ad minim veniam,quis nostrud exercitation ullamco laboris nisi ut aliquip ex ea commodo consequat. Duis aute irure dolor in.","fxa-age-verification":"Age Verification","fxa-age-1990-earlier":"1990 or earlier","fxa-year-of-birth":"Year of Birth"}