{"ok":"U redu","back":"Nazad","help":"Pomoć","cancel":"Otkaži","close":"Zatvori","skip":"Preskoči","airplaneMode":"Režim rada u avionu","searching":"Pretraga…","noNetwork":"Nema mreže","roaming":"{{operator}} (Roming)","emergencyCallsOnly":"Samo hitni pozivi","emergencyCallsOnly-unknownSIMState":"(nepoznat SIM status)","emergencyCallsOnly-noSIM":"(Nema SIM kartice)","emergencyCallsOnly-pinRequired":"(SIM PIN je neophodan)","emergencyCallsOnly-pukRequired":"(SIM PUK je neophodan)","emergencyCallsOnly-networkLocked":"(mreža je zaključana)","emergencyCallsOnly-serviceProviderLocked":"(zaključan od strane provajdera)","emergencyCallsOnly-corporateLocked":"(zaključan od strane kompanije)","emergencyCallsOnly-network1Locked":"(network1 locked)","emergencyCallsOnly-network2Locked":"(network2 locked)","emergencyCallsOnly-hrpdNetworkLocked":"(hrpd network locked)","emergencyCallsOnly-ruimCorporateLocked":"(ruim corporate locked)","emergencyCallsOnly-ruimServiceProviderLocked":"(ruim service provider locked)","enterPIN":"Unesite PIN","statusbarLabel":"{{date}}, {{operator}}","statusbarDateFormat":"%e %b","notifications":"Obaveštenja","clear-all":"Očisti sve","newVoicemails":{"_index":["plural","n"],"_":{"zero":"Nema nove govorne poruke","one":"Jedna nova govorna poruka","two":"{{n}} nove govorne poruke","few":"{{n}} nove govornih poruka","many":"{{n}} novih govornih poruka","other":"{{n}} novih govornih poruka"}},"newVoicemailsUnknown":"Nova govorna poruka","dialNumber":"Pozovi {{number}}","voicemailNotificationMultiSim":"(SIM {{n}}) {{title}}","confirmNFCConnectMsg1":"Are you sure you want to connect to the device?","confirmNFCConnectMsg2":"Turn on Bluetooth and connect to the device?","confirmNFCConnectMsg3":"Are you sure you want to connect to {{n}}?","confirmNFCConnectMsg4":"Turn on Bluetooth and connect to {{n}}?","deviceMenu":"Telefon","airplane":"Uključi režim rada u avionu","airplaneOff":"Isključi režim rada u avionu","silent":"Utišaj dolazne pozive","normal":"Uključi zvono dolaznim pozivima","restart":"Ponovo pokreni sistem","power":"Isključi","asyncpanzoom":"Onemogući APZ za aplikacije","asyncpanzoomOff":"Omogući APZ za aplikacije","enableScreenReaderSteps":"Da omogućite čitač ekrana, pritisnite dugme za pojačanje jačine zvuka i zatim dugme za smanjenje jačine zvuka još tri puta","disableScreenReaderSteps":"Da onemogućite čitač ekrana, pritisnite dugme za pojačanje jačine zvuka i zatim dugme za smanjenje jačine zvuka još tri puta","no-recent-apps":"Nema aktivnih aplikacija","yes":"Da","no":"Ne","dontallow":"Don’t allow","allow":"Dozvoli","dontshare-geolocation":"Nemoj","share-geolocation":"Dozvoli","dontshare-audio-capture":"Nemoj\t","share-audio-capture":"Dozvoli","dontshare-video-capture":"Nemoj","share-video-capture":"Dozvoli","dontshare-media-capture":"Nemoj","share-media-capture":"Dozvoli","device-front":"Prednja kamera","device-back":"Kamera na poleđini","remember-my-choice":"Zapamti moj izbor","more-info":"Više informacija…","hide-info":"Hide info","install-app":"Instalirati {{name}}?","size":"Veličina","author":"Autor","size-unknown":"Nepoznata","author-unknown":"Nepoznat","install":"Instaliraj","bytes":"bajta","kB":"kB","MB":"MB","GB":"GB","TB":"TB","PB":"PB","app-install-generic-error":"Preuzimanje {{ appName }} zaustavljeno","app-install-download-failed":"{{ appName }} neuspešno preuzet","app-install-install-failed":"{{ appName }} neuspešno instaliran","cancelling-will-not-refund":"Odustanak neće poništiti izvršeno plaćanje. Povraćaj plaćenog sadržaja pruža izvorni prodavac.","apps-can-be-installed-later":"Aplikacije mogu biti instalirane kasnije iz izvornog porekla instalacije.","are-you-sure-you-want-to-cancel":"Da li ste sigurni da želite otkazati instalaciju?","cancel-install":"Otkaži","cancel-install-button":"Cancel Install","resume":"Nastavi","continue":"Nastavi","stopDownloading":"Zaustaviti preuzimanje {{ app }}?","app-download-can-be-restarted":"Preuzimanje može biti nastavljeno kasnije.","app-download-stop-button":"Zaustavi preuzimanje","not-enough-space":"Nema dovoljno prostora","not-enough-space-message":"Nema dovoljno prostora za instalaciju ove aplikacije. Oslobodite prostor brisanjem starih aplikacija ili sadržaja, zatim ponovite instalaciju iz prvobitnog izvora.","app-install-success":"{{ appName }} instaliran","setup":"Konfiguracija","ime-addkeyboards":"Dodaj tastature","later":"Kasnije","download":"Preuzimanje","wantToDownload":"Preuzeti nadogradnju sada?","wantToInstall":"Nadograditi sada?","installNow":"Instaliraj sada","notNow":"Ne sada","downloadingUpdateMessage":{"innerHTML":"Preuzimanje nadogradnji… <span>{{ progress }} preuzeto.</span>"},"downloadingAppMessage":"Preuzimanje {{ appName }}","downloadingAppProgressNoMax":"{{ progress }} je preuzeto","downloadingAppProgressIndeterminate":"Preuzimanje","downloadingAppProgress":"{{ progress }} / {{ max }} je preuzeto","cancelAllDownloads":"Otkaži sva preuzimanja","wantToCancelAll":"Da li ste sigurni da želite otkazati sva preuzimanja?","downloadError":"Desila se greška prilikom preuzimanja nadogradnji.","updateAvailableInfo":{"innerHTML":{"_index":["plural","n"],"_":{"one":"{{ n }} nadogradnja je dostupna. <span>Pritisnite za više informacija.</span>","two":"{{ n }} nadogradnje su dostupne. <span>Pritisnite za više informacija.</span>","few":"{{ n }} nadogradnji je dostupno. <span>Pritisnite za više informacija.</span>","many":"{{ n }} nadogradnji je dostupno. <span>Pritisnite za više informacija.</span>","other":"{{ n }} nadogradnji je dostupno. <span>Pritisnite za više informacija.</span>"}}},"numberOfUpdates":{"_index":["plural","n"],"_":{"one":"{{ n }} nadogradnja je dostupna","two":"{{ n }} nadogradnje su dostupne","few":"{{ n }} nadogradnji je dostupno","many":"{{ n }} nadoradnji je dostupno","other":"{{ n }} nadoradnji je dostupno"}},"systemUpdate":"Nadogradnja sistema","systemUpdateReady":"Nadogradnja sistema je spremna","required":"Neophodna","uncompressingMessage":{"innerHTML":"Raspakivanje… <span>Ovo može potrajati nekoliko minuta.</span>"},"downloadNoWifiWarning":"Wi-Fi mreža nije dostupna. Nadogradnja preko trenutne veze može uzrokovati dodatne troškove.","downloadOfflineWarning":"Veza nije dostupna. Povežite se na mrežu da biste preuzeli nadogradnje.","downloadDataConnectionWarning":"Nadogradnje se preuzimaju putem mobilne mreže kada Wi-Fi mreža nije dostupna. Ova usluga može biti dodatno naplaćena.","downloadUpdatesViaDataConnection":"Preuzmi nadogradnje preko mobilne mreže?","downloadUpdatesViaDataConnectionMessage":"Nadogradnje se preuzimaju putem mobilne mreže kada Wi-Fi mreža nije dostupna. Kada koristite mobilnu mrežu za internet, pozivi mogu biti blokirani i ova usluga može biti dodatno naplaćena.","screenshotSaved":"Snimak ekrana sačuvan","screenshotFailed":"Snimak nije sačuvan","screenshotNoSDCard":"Nije pronađena memorijska kartica","screenshotSDCardInUse":"Memorijska kartica je u upotrebi","screenshotSDCardLow":"Nema dovoljno prostora na memorijskoj kartici","emergency-call-button":"Hitan poziv","emergency-call":"Hitan poziv","unlock-a11y-button":{"ariaLabel":"Otključaj"},"camera-a11y-button":{"ariaLabel":"Kamera"},"longDateFormat":"%A, %e %B","softwareHomeButton":{"ariaLabel":"Početna"},"login":"Prijavi se","username":"Korisničko ime","password":"Lozinka","http-authentication-message":"{{host}} zahteva korisničko ime i lozinku. Veb sajt poručuje: “{{realm}}”","error-message":"{{name}} se ne učitava valjano","error-title":"{{name}} ima poteškoća","airplane-is-on":"Režim rada u avionu je uključen","airplane-is-turned-on":"{{name}} zahteva mrežnu vezu. Isključite režim rada u avionu iz postavki i povežite se na Wi-Fi mrežu ili uključite prenos podataka.","server-not-found":"Server nije pronađen","server-not-found-error":"Ne mogu pronaći server na {{name}}.","file-not-found":"File not found","file-not-found-error":"The device can’t display this page because the file cannot be found.","connection-failed":"Unable to connect","connection-failed-error":"A network error occurred while trying to reach the site.","invalid-connection":"Unable to connect","invalid-connection-error":"A network error occurred while trying to reach the site.","malformed-uri":"URL not valid","malformed-uri-error":"The URL entered is not valid and cannot be loaded.","redirect-loop":"Can’t display page","redirect-loop-error":"The device can’t display this page because the page is not redirecting properly. Try this page again at a later time.","not-cached":"Page expired","not-cached-error":"As a security precaution, this page cannot be displayed by the device because it has expired.","is-printing-error":"The document cannot change while Printing or in Print Preview.","denied-port-access":"This address is restricted","denied-port-access-error":"This address uses a network port which is normally used for purposes other than Web browsing. The device has cancelled the request for your protection.","proxy-resolve-failure":"Proxy Server Error","proxy-resolve-failure-error":"The device is configured to use a proxy server that can’t be found.","proxy-connect-failure":"Proxy Server Error","proxy-connect-failure-error":"The device is configured to use a proxy server that is refusing connections.","content-encoding":"Can’t display page","content-encoding-error":"The device can’t display this page because a content encoding error occurred.","remote-xul":"Page unsupported","remote-xul-error":"This page can’t be displayed because it uses a technology that is not supported on the device.","phishing-blocked":"Warning","phishing-blocked-error":"The website has been reported as a web forgery designed to trick users into sharing personal or financial information.","malware-blocked":"Malware attack blocked","malware-blocked-error":"The site at has been reported as an attack site and has been blocked.","unsafe-content-type":"Unsafe content","unsafe-content-type-error":"The page cannot be shown because it may not be safe to open.","corrupted-content":"Can’t display page","corrupted-content-error":"The page cannot be shown because an error in the data transmission was detected.","network-connection-unavailable":"Mrežna veza nije dostupna","network-error":"{{name}} zahteva mrežnu vezu. Pokušajte da se povežete na bežičnu mrežu ili uključite prenos podataka.","network-error-launching":"{{name}} requires an Internet connection.","network-error-in-app":"No access to the Internet right now.","unable-to-connect":"Nije se moguće povezati","try-again":"Pokušaj ponovo","check-settings":"Check settings","tap-to-check-settings":"Tap to check settings","select-time":"Odaberite vreme","choose-option":"Odaberi","choose-options":"Odaberi","select-day":"Odaberite dan","battery-almost-empty":"Baterija je skoro prazna","add-to-home-screen":"Dodaj na početni ekran","crash-dialog2-os":"{{brandShortName}} se upravo oporavio od rušenja","crash-dialog-app":"{{name}} se upravo srušio","crash-dialog-message":"Da li biste želeli da pošaljete Mozilla fondaciji izveštaj o rušenju kako biste nam pomogli da rešimo poteškoće? (Izveštaji se šalju samo preko Wi-Fi mreže)","crash-info-link":"Šta sadrži izveštaj o rušenju?","crash-always-report":"Uvek pošalji izveštaj Mozilla fondaciji kada dođe do rušenja.","crash-dont-send":"Ne šalji","crash-end":"Pošalji","crashReports":"Izveštaj","done":"Gotovo","crash-reports-description-1":"Izveštaj o rušenju sadrži neke pojedinosti o rušenju i Vašem uređaju, kao i sliku stanja uređaja u trenutku rušenja","crash-reports-description-2":"U njemu mogu biti obuhvaćene stavke poput otvorenih stranica i aplikacija, teksta unošenog u obrazce, sadržaja otvorenih poruka ili geolokacijske informacije korišćenog u otvorenoj aplikaciji.","crash-reports-description-3-start":"Izveštaje o rušenju koristimo da bismo pokušali ispraviti poteškoće i poboljšali naše proizvode. Vašim podacima upravljamo na način opisan u našoj","crash-reports-description-3-privacy":"polisi privatnosti","crash-reports-description-3-end":".","crash-banner-os2":"{{brandShortName}} se upravo srušio.","crash-banner-app":"{{name}} se upravo srušio.","crash-banner-report":"Izveštaj","bluetooth-sending-progress":"Šaljem datoteku..","bluetooth-receiving-progress":"Primam datoteku..","acceptFileTransfer":"Prihvati datoteku?","wantToReceiveFile":"{{deviceName}} bi želeo da prenese {{fileName}} ({{fileSize}}).","transfer-confirmation-title":"{{deviceName}}","transfer-confirmation-description":"Pregledajte zahtev za prenos.","byteUnit-B":"B","byteUnit-KB":"KB","byteUnit-MB":"MB","byteUnit-GB":"GB","byteUnit-TB":"TB","byteUnit-PB":"PB","byteUnit-EB":"EB","byteUnit-ZB":"ZB","byteUnit-YB":"YB","fileSize":"{{size}} {{unit}}","deny":"Odbij","transfer":"Prenesi","cancelFileTransfer":"Otkaži prenos datoteka preko Bluetooth-a?","continueFileTransfer":"Continue","transfer-has-started-title":"Prenos je počeo","transfer-has-started-description":"Proverite tok prenosa","transferFinished-sentSuccessful-title":"Datoteka poslata","transferFinished-receivedSuccessful-title":"Datoteka primljena","transferFinished-sentFailed-title":"Datoteka nije poslata","transferFinished-receivedFailed-title":"Primanje neuspelo","transferReport-title":"Izveštaj prenosa:","transferReport-description":"{{numSuccessful}} uspešno, {{numUnsuccessful}} neuspešno","unknown-file":"Nepoznata datoteka","unknown-device":"Nepoznati uređaj","cannotOpenFile":"Primljena datoteka se ne može otvoriti","unknownMediaTypeToOpen":"Ne može se otvoriti nepoznata vrsta medija:","cannotReceiveFile":"Ne može se primiti datoteka","cannotGetStorageState":"Nije moguće dobaviti stanje skladišta uređaja","sdcard-not-exist2":"Nije pronađena memorijska kartica. Molim Vas, umetnite memorijsku karticu.","sdcard-in-use":"Bluetooth se ne može koristiti dok je telefon prikačen na kabel. Molim Vas, otkačite kabel za primanje datoteke(a).","sdcard-no-space2":"Nije moguće završiti prenos: memorijska kartica je puna.","unknown-error":"Nepoznata greška","confirm":"Potvrdi","microphone-is-on":"Mikrofon je uključen","camera-is-on":"Kamera je uključena","media-is-on":"Kamera i mikrofon su uključeni","noSimCard":"Nema SIM kartice","simPin":"SIM PIN","pukCode":"PUK kod","nckCode":"NCK kod","cckCode":"CCK kod","spckCode":"SPCK kod","nck1code":"NCK1 code","nck2code":"NCK2 code","hnckcode":"HNCK code","rcckcode":"RCCK code","rspckcode":"RSPCK code","whatIsSimPin":"Šta je SIM PIN?","simPinIntro1":"SIM PIN sprečava pristup mrežnim podacima mobilne telefonije SIM kartice. Kada je omogućen, bilo koji uređaj koji sadrži SIM karticu će tražiti unos PIN-a posle ponovnog pokretanja","simPinIntro2":"SIM PIN nije isto što i lozinka koja se koristi za otključavanje uređaja.","changeSimPin":"Promeni PIN","pinTitle":"Unesite SIM PIN","multiSIMpinTitle":"Unesite SIM {{n}} PIN","pukTitle":"Unesite PUK kod","nckTitle":"Unesite NCK kod","cckTitle":"Unesite CCK kod","spckTitle":"Unesite SPCK kod","nck1Title":"Enter NCK1 code","nck2Title":"Enter NCK2 code","hnckTitle":"Enter HNCK code","rcckTitle":"Enter RCCK code","rspckTitle":"Enter RSPCK code","newpinTitle":"Novi PIN","inputCodeRetriesLeft":{"_index":["plural","n"],"_":{"one":"poslednji pokušaj.","two":"preostala {{n}} pokušaja.","few":"preostalo {{n}} pokušaja.","many":"preostalo {{n}} pokušaja.","other":"preostalo {{n}} pokušaja."}},"pinErrorMsg":"PIN nije ispravan.","pinAttemptMsg2":{"_index":["plural","n"],"_":{"one":"Imate još jedan pokušaj da unesete ispravan kod pre nego što SIM kartica bude zaključana.","few":"Imate još {{n}} pokušaja da unesete ispravan kod pre nego što SIM kartica bude zaključana.","two":"Imate još {{n}} pokušaja da unesete ispravan kod pre nego što SIM kartica bude zaključana.","many":"Imate još {{n}} pokušaja da unesete ispravan kod pre nego što SIM kartica bude zaključana.","other":"Imate još {{n}} pokušaja da unesete ispravan kod pre nego što SIM kartica bude zaključana."}},"pinLastChanceMsg":"Ovo je poslednja prilika da unesete ispravan PIN. U suprotnom, morate uneti PUK kod da bi koristili ovu SIM karticu.","simCardLockedMsg":"SIM kartica je zaključana.","enterPukMsg":"Morate uneti Lični ključ za otključavanje (PUK) SIM kartice. Pogledajte uputstvo SIM kartice ili se obratite operateru za više informacija.","pukErrorMsg":"PUK kod je netačan.","pukAttemptMsg2":{"_index":["plural","n"],"_":{"one":"Imate još jedan pokušaj da unesete ispravan kod pre nego što Vam se trajno zaključa SIM kartica. Pogledajte dokumentaciju koju ste dobili uz SIM karticu ili kontaktirajte mrežnog operatera za više informacija.","two":"Imate još {{n}} pokušaja da unesete ispravan kod pre nego što Vam se trajno zaključa SIM kartica. Pogledajte dokumentaciju koju ste dobili uz SIM karticu ili kontaktirajte mrežnog operatera za više informacija.","few":"Imate još {{n}} pokušaja da unesete ispravan kod pre nego što Vam se trajno zaključa SIM kartica. Pogledajte dokumentaciju koju ste dobili uz SIM karticu ili kontaktirajte mrežnog operatera za više informacija.","many":"Imate još {{n}} pokušaja da unesete ispravan kod pre nego što Vam se trajno zaključa SIM kartica. Pogledajte dokumentaciju koju ste dobili uz SIM karticu ili kontaktirajte mrežnog operatera za više informacija.","other":"Imate još {{n}} pokušaja da unesete ispravan kod pre nego što Vam se trajno zaključa SIM kartica. Pogledajte dokumentaciju koju ste dobili uz SIM karticu ili kontaktirajte mrežnog operatera za više informacija."}},"pukLastChanceMsg":"Ovo je poslednja prilika da unesete ispravnu PUK šifru. Vaša SIM kartica će biti trajno neupotrebljiva ukoliko unesete pogrešnu PUK šifru. Pogledajte uputstvo SIM kartice ili se obratite operateru za više informacija.","newSimPinMsg":"Napravite PIN (mora sadržati 4 do 8 cifara)","confirmNewSimPinMsg":"Potvrdite novi PIN","newPinErrorMsg":"PIN šifre se ne slažu.","nckErrorMsg":"NCK je netačan.","nckAttemptMsg2":{"_index":["plural","n"],"_":{"one":"Greška pri zahtevu za otključavanje telefona (Network depersonalization request). Imate još jedan pokušaj da unesete ispravan kod. Pogledajte dokumentaciju koju ste dobili uz uređaj koji koristite ili kontaktirajte svog mrežnog operatera za više informacija.","two":"Greška pri zahtevu za otključavanje telefona (Network depersonalization request). Imate još {{n}} pokušaja da unesete ispravan kod. Pogledajte dokumentaciju koju ste dobili uz uređaj koji koristite ili kontaktirajte svog mrežnog operatera za više informacija.","few":"Greška pri zahtevu za otključavanje telefona (Network depersonalization request). Imate još {{n}} pokušaja da unesete ispravan kod. Pogledajte dokumentaciju koju ste dobili uz uređaj koji koristite ili kontaktirajte svog mrežnog operatera za više informacija.","many":"Greška pri zahtevu za otključavanje telefona (Network depersonalization request). Imate još {{n}} pokušaja da unesete ispravan kod. Pogledajte dokumentaciju koju ste dobili uz uređaj koji koristite ili kontaktirajte svog mrežnog operatera za više informacija.","other":"Greška pri zahtevu za otključavanje telefona (Network depersonalization request). Imate još {{n}} pokušaja da unesete ispravan kod. Pogledajte dokumentaciju koju ste dobili uz uređaj koji koristite ili kontaktirajte svog mrežnog operatera za više informacija."}},"nckLastChanceMsg":"Neuspešan zahtev depersonalizacije mreže. Ovo je poslednja prilika za unos ispravne NCK šifre. Pogledajte uputstvo za uređaj ili se obratite operateru za više informacija.","activity-pick":"Izaberi u:","activity-view":"Pregledaj pomoću:","activity-test":"Isprobaj pomoću:","activity-share":"Podeli sa:","activity-new":"Napravi pomoću:","activity-open":"Otvori pomoću:","activity-save-bookmark":"Zabeleži u:","activity-record":"Snimi iz:","activity-browse":"Pregledaj pomoću:","activity-configure":"Podesi pomoću:","activity-dial":"Pozovi iz:","persona-signin":"Prijava","payment-flow":"Kupi","remoteDebuggerMessage":"Primljen je dolazni zahtev za dozvolu udaljene ispravke grešaka. Dozvoliti vezu?","fullscreen-request":"{{origin}} je sada preko celog ekrana.","captive-wifi-available":"Nađena je mreža {{networkName}}. Poveži se?","ceWarningtitle":"Upozorenje o jačini","ceWarningcontent":"Da biste izbegli moguće oštećenje sluha, nemojte dugo koristiti maksimalnu jačinu zvuka.","notification-powersaving-mode-on-title":"Režim štednje baterije","notification-powersaving-mode-on-description":"Režim štednje baterije je uključen.","low-device-storage":"Ponestaje Vam prostora na uređaju.\\n","free-space":{"_index":["plural","value"],"_":{"zero":"Nema slobodnog prostora.","one":"Ostalo je manje od {{value}} {{unit}}.","two":"Ostalo je manje od {{value}} {{unit}}.","few":"Ostalo je manje od {{value}} {{unit}}.","many":"Ostalo je manje od {{value}} {{unit}}.","other":"Ostalo je manje od {{value}} {{unit}}."}},"unknown-free-space":"Nepoznata veličina slobodnog prostora.","system-alert":"Sistemska uzbuna","cb-channel":"Kanal {{channel}}","icc-message-title":"Poruka operatera od SIM {{id}}","icc-confirmCall-defaultmessage":"Pozvati {{number}}?","icc-alertMessage-defaultmessage":"Slanje poruke","icc-confirmMessage-defaultmessage":"Poslati poruku?","icc-inputbox-title":"STK upit od SIM {{id}}","emergency-callback-mode":"Režim hitnog poziva","emergency-callback-message":"Pozivi, poruke i internet su onemogućeni zbog režima hitnog poziva. Da li želite da isključite ovaj režim?","cdma-record-info":"Informacije CDMA zapisa","ime-switching-title":"{{appName}}: {{name}}","ime-switching-tip":"Pritisnite za promenu metode unosa","layout-selection":"Odabir rasporeda","shrinking-tip":"Prevucite da biste podelili","download_started":"Preuzimanje je započelo","download_stopped":"Preuzimanje je zaustavljeno","download_downloading":"Preuzimam…","download_succeeded":"Preuzimanje uspešno","download_failed":"Preuzimanje neuspešno","download_text_by_default":"{{name}}","download_downloading_text_2":"{{percentage}}% - {{name}}","search-or-enter-address":{"_":"Search or enter address","placeholder":"Search or enter address"},"noSIMCardInHotspot":"SIM kartica nije pronađena ili je nepravilno ubačena, isključite hotspot","brandShortName":"B2G OS","browserBrandShortName":"Veb pregledač","browserBrandFullName":"Mozilla veb pregledač","weekday-0-long":"Nedelja","weekday-1-long":"Ponedeljak","weekday-2-long":"Utorak","weekday-3-long":"Sreda","weekday-4-long":"Četvrtak","weekday-5-long":"Petak","weekday-6-long":"Subota","weekday-0-short":"Ned","weekday-1-short":"Pon","weekday-2-short":"Uto","weekday-3-short":"Sre","weekday-4-short":"Čet","weekday-5-short":"Pet","weekday-6-short":"Sub","month-0-long":"januar","month-1-long":"februar","month-2-long":"mart","month-3-long":"april","month-4-long":"maj","month-5-long":"jun","month-6-long":"jul","month-7-long":"avgust","month-8-long":"septembar","month-9-long":"oktobar","month-10-long":"novembar","month-11-long":"decembar","month-0-genitive":"januara","month-1-genitive":"februara","month-2-genitive":"marta","month-3-genitive":"aprila","month-4-genitive":"maja","month-5-genitive":"juna","month-6-genitive":"jula","month-7-genitive":"avgusta","month-8-genitive":"septembra","month-9-genitive":"oktobra","month-10-genitive":"novembra","month-11-genitive":"decembra","month-0-short":"jan","month-1-short":"feb","month-2-short":"mar","month-3-short":"apr","month-4-short":"maj","month-5-short":"jun","month-6-short":"jul","month-7-short":"avg","month-8-short":"sep","month-9-short":"okt","month-10-short":"nov","month-11-short":"dec","minutes-ago-long":{"_index":["plural","value"],"_":{"zero":"upravo","one":"pre minut","two":"pre {{value}} minuta","few":"pre {{value}} minuta","many":"pre {{value}} minuta","other":"pre {{value}} minuta"}},"hours-ago-long":{"_index":["plural","value"],"_":{"zero":"upravo","one":"pre sat vremena","two":"pre {{value}} sata","few":"pre {{value}} sati","many":"pre {{value}} sati","other":"pre {{value}} sati"}},"days-ago-long":{"_index":["plural","value"],"_":{"zero":"danas","one":"juče","two":"pre {{value}} dana","few":"pre {{value}} dana","many":"pre {{value}} dana","other":"pre {{value}} dana"}},"weeks-ago-long":{"_index":["plural","value"],"_":{"zero":"ove nedelje","one":"prošle nedelje","two":"pre {{value}} nedelje","few":"pre {{value}} nedelja","many":"pre {{value}} nedelja","other":"pre {{value}} nedelja"}},"months-ago-long":{"_index":["plural","value"],"_":{"zero":"ovog meseca","one":"prošlog meseca","two":"pre {{value}} meseca","few":"pre {{value}} meseci","many":"pre {{value}} meseci","other":"pre {{value}} meseci"}},"years-ago-long":{"_index":["plural","value"],"_":{"zero":"ove godine","one":"prošle godine","two":"pre {{value}} godine","few":"pre {{value}} godina","many":"pre {{value}} godina","other":"pre {{value}} godina"}},"minutes-until-long":{"_index":["plural","value"],"_":{"zero":"upravo","one":"za jedan minut","two":"za {{value}} minuta","few":"za {{value}} minuta","many":"za {{value}} minuta","other":"za {{value}} minuta"}},"hours-until-long":{"_index":["plural","value"],"_":{"zero":"upravo","one":"za sat vremena","two":"za {{value}} sata","few":"za {{value}} sati","many":"za {{value}} sati","other":"za {{value}} sati"}},"days-until-long":{"_index":["plural","value"],"_":{"zero":"danas","one":"sutra","two":"za {{value}} dana","few":"za {{value}} dana","many":"za {{value}} dana","other":"za {{value}} dana"}},"weeks-until-long":{"_index":["plural","value"],"_":{"zero":"ove nedelje","one":"sledeće nedelje","two":"za {{value}} nedelje","few":"za {{value}} nedelja","many":"za {{value}} nedelja","other":"za {{value}} nedelja"}},"months-until-long":{"_index":["plural","value"],"_":{"zero":"ovog meseca","one":"sledećeg meseca","two":"za {{value}} meseca","few":"za {{value}} meseci","many":"za {{value}} meseci","other":"za {{value}} meseci"}},"years-until-long":{"_index":["plural","value"],"_":{"zero":"ove godine","one":"sledeće godine","two":"za {{value}} godine","few":"za {{value}} godina","many":"za {{value}} godina","other":"za {{value}} godina"}},"minutes-ago-short":{"_index":["plural","value"],"_":{"zero":"upravo","other":"pre {{value}}m"}},"hours-ago-short":{"_index":["plural","value"],"_":{"zero":"upravo","other":"pre {{value}}s"}},"days-ago-short":{"_index":["plural","value"],"_":{"zero":"danas","other":"pre {{value}}d"}},"minutes-until-short":{"_index":["plural","value"],"_":{"zero":"upravo","other":"za {{value}}m"}},"hours-until-short":{"_index":["plural","value"],"_":{"zero":"upravo","other":"za {{value}}s"}},"days-until-short":{"_index":["plural","value"],"_":{"zero":"danas","other":"za {{value}}d"}},"incorrectDate":"(netačan datum)","dateTimeFormat_%c":"%a %e %b %Y %H:%M:%S","dateTimeFormat_%x":"%d.%m.%Y","dateTimeFormat_%X":"%H:%M:%S","shortTimeFormat":"%H:%M","shortDateTimeFormat":"%x %H:%M","weekStartsOnMonday":"1","time_am":"AM","time_pm":"PM","perm-contacts":"Kontakti","perm-contacts-appRequest":"{{app}} želi da pristupi Vašim kontaktima.","perm-contacts-webRequest":"{{site}} želi da pristupi Vašim kontaktima.","perm-desktop-notification":"Obaveštenja","perm-desktop-notification-appRequest":"{{app}} želi da prikazuje obaveštenja.","perm-desktop-notification-webRequest":"{{site}} želi da prikazuje obaveštenja.","perm-device-storage-music":"Skladište muzike","perm-device-storage-music-appRequest":"{{app}} želi da pristupi Vašoj muzici.","perm-device-storage-music-webRequest":"{{site}} želi da pristupi Vašoj muzici.","perm-device-storage-pictures":"Skladište slika","perm-device-storage-pictures-appRequest":"{{app}} želi da pristupi Vašim slikama.","perm-device-storage-pictures-webRequest":"{{site}} želi da pristupi Vašim slikama.","perm-device-storage-sdcard":"Skladište memorijske kartice","perm-device-storage-sdcard-appRequest":"{{app}} želi da pristupi Vašoj memorijskoj kartici.","perm-device-storage-sdcard-webRequest":"{{site}} želi da pristupi Vašoj memorijskoj kartici.","perm-device-storage-videos":"Skladište video snimaka","perm-device-storage-videos-appRequest":"{{app}} želi da pristupi Vašim video snimcima.","perm-device-storage-videos-webRequest":"{{site}} želi da pristupi Vašim video snimcima.","perm-fmradio":"FM Radio","perm-fmradio-appRequest":"{{app}} želi da koristi FM radio.","perm-fmradio-webRequest":"{{site}} želi da koristi FM radio.","perm-geolocation":"Geolokacija","perm-geolocation-appRequest":"{{app}} želi da zna Vašu lokaciju.","perm-geolocation-webRequest":"{{site}} želi da zna Vašu lokaciju.","perm-geolocation-more-info":"{{brandShortName}} koristi GPS podatke, Wi-Fi podatke i podatke mobilnih mreža u Vašoj blizini radi utvrđivanja Vaše približne lokacije. Podaci se šalju Mozilla fondaciji i ostalim pružaocima usluga i biće korišćeni za unapređivanje baze podataka sa lokacijama. Podaci mogu biti smešteni na Vašem uređaju a prikupljanje podataka može početi u bilo kom trenutku, čak i kada ni jedna aplikacija nije pokrenuta.","perm-video-capture":"Kamera","perm-video-capture-appRequest":"Da li biste želeli da podelite Vašu kameru sa {{app}}?","perm-video-capture-webRequest":"Da li biste želeli da podelite Vašu kameru sa {{site}}?","perm-audio-capture":"Mikrofon","perm-audio-capture-appRequest":"Da li biste želeli da podelite Vaš mikrofon sa {{app}}?","perm-audio-capture-webRequest":"Da li biste želeli da podelite Vaš mikrofon sa {{site}}?","perm-media-capture":"Kamera i mikrofon","perm-media-capture-appRequest":"Da li biste želeli da podelite Vašu kameru i mikrofon sa {{app}}?","perm-media-capture-webRequest":"Da li biste želeli da podelite Vašu kameru i mikrofon sa {{site}}?","stopped_download_title":"Preuzimanje zaustavljeno","stopped_download_message":"Pruzimanje je zaustavljeno. Pokušati ponovo preuzeti?","stopped_download_left_button":"Otkaži","stopped_download_right_button":"Pokušaj","failed_download_title":"Preuzimanje neuspešno","failed_download_message":"{{name}} nije preuzet. Pokušati ponovo preuzeti?","failed_download_left_button":"Otkaži","failed_download_right_button":"Pokušaj","stop_download_title":"Zaustavi preuzimanje","stop_download_message":"Da li ste sigurni da želite zaustaviti preuzimanje?","stop_download_left_button":"Ne","stop_download_right_button":"Da","delete_download_title":"Izbriši","delete_download_message":"Izbriši {{name}}?","delete_download_left_button":"Otkaži","delete_download_right_button":"Izbriši","delete_all_download_title":"Izbriši","delete_all_download_left_button":"Otkaži","delete_all_download_right_button":"Izbriši","delete_all_download_message":{"_index":["plural","number"],"_":{"zero":"Nemoj izbrisati datoteke?","one":"Izbrisati jednu datoteku?","two":"Izbrisati {{number}} datoteke?","few":"Izbrisati {{number}} datoteka?","many":"Izbrisati {{number}} datoteka?","other":"Izbrisati {{number}} datoteka?"}},"unsupported_file_type_download_title":"Ne mogu otvoriti","unsupported_file_type_download_message":"Ne postoji aplikacija sa kojom možete otvoriti {{name}}. Da li želite da sačuvate datoteku ili da je izbrišete?","unsupported_file_type_download_left_button":"Sačuvaj","unsupported_file_type_download_right_button":"Izbriši","file_not_found_download_title":"Datoteka nije pronađena","file_not_found_download_message":"Datoteka nije pronađena na uređaju","file_not_found_download_right_button":"U redu","unmounted_sdcard_2_download_title":"Memorijska kartica je u upotrebi","unmounted_sdcard_2_download_message":"Isključite kabel iz telefona","unmounted_sdcard_2_download_right_button":"U redu","no_provider_download_title":"Ne mogu deliti","no_provider_download_message":"Nije pronađen provajder","no_provider_download_right_button":"U redu","no_memory_download_title":"SD kartica je puna","no_memory_download_message":"Nema više mesta na Vašoj SD kartici za čuvavanje preuzimanja. Molimo Vas izbrišite neke datoteke pre nego što ponovo pokušate preuzeti datoteke.","no_memory_download_right_button":"U redu","no_sdcard_found_2_download_title":"Nije pronađena memorijska kartica","no_sdcard_found_2_download_message":"Ubacite memorijsku karticu ili odaberite drugo podrazumevano mesto za čuvanje medija u postavkama","no_sdcard_found_2_download_right_button":"U redu","file_open_error_download_title":"Ne mogu otvoriti","file_open_error_download_message":"Ne mogu otvoriti datoteku {{name}}. Da li želite da je sačuvate ili izbrišete?","file_open_error_download_left_button":"Sačuvaj","file_open_error_download_right_button":"Izbriši","restart_download_error":"Došlo je do greške prilikom ponovnog pokušaja preuzimanja. Molimo Vas pokušajte da ponovo preuzmete.","no-downloads":"Nema preuzimanja","percentage":"{{percentage}} %","partialResult":"{{partial}} od {{total}}","summary":"{{date}} - {{status}}","download-stopped":"Zaustavljeno","download-failed":"Preuzimanje neuspešno","open_downloaded_file":"Otvori","share_downloaded_file":"Podeli","wallpaper_downloaded_file":"Postavi kao pozadinu","ringtone_downloaded_file":"Postavi kao melodiju","cancel_downloaded_file":"Otkaži","voicemailNoNumberTitle":"Voicemail number is unavailable","voicemailNoNumberText":"Unable to call the voicemail. Set up the voicemail number to place the call.","voicemailNoNumberSettings":"Settings","voicemailNoNumberCancel":"Cancel","firefox-accounts-title":"Firefox Accounts","fxa-next":"Next","fxa-back":"Back","fxa-done":"Done","fxa-ok":"OK","fxa-account-does-not-exist-title":"Account does not exist","fxa-account-does-not-exist-message":"Account does not exist","fxa-cannot-create-account":"Unable to create account","fxa-cannot-create-password":"Unable to reset your Firefox Accounts password right now.","fxa-already-signed-in-title":"User is already signed in","fxa-already-signed-in-message":"There is an user is already signed in Firefox.","fxa-invalid-password-title":"Invalid password","fxa-invalid-password-message":"You have used an invalid password. Please try again with a valid one.","fxa-invalid-email-title":"Invalid email address","fxa-invalid-email-message":"You have used an invalid email address. Please try again with a valid one.","fxa-connection-error-title":"Unable to connect","fxa-connection-error-message":"Unable to connect to Firefox right now. You can sign in or create an account from your phone's settings or try it again.","fxa-reset-password-error-title":"Unable to reset password","fxa-reset-password-error-message":"Your password was not reset. Please try again.","fxa-reset-password-in-settings-title":"Reset Password","fxa-reset-password-in-settings-message":"You can reset your password from your phone's settings.","fxa-generic-error-title":"Unable to connect to Firefox","fxa-generic-error-message":"Unable to connect to Firefox Accounts right now. Try your phone's settings or check your connection to Internet.","fxa-coppa-failure-error-title":"Cannot Create Account","fxa-coppa-failure-error-message":"You must meet certain age requirements to create a Firefox Accounts. <a href='http://www.ftc.gov/news-events/media-resources/protecting-consumer-privacy/kids-privacy-coppa'>Learn more</a>","fxa-coppa-ftu-error-message":"You must meet certain age requirements to create a Firefox Accounts. Try again later from Settings.","fxa-offline-error-title":"Unable to connect to Firefox","fxa-offline-error-message":"Unable to connect to Firefox Accounts right now. Check your phone' settings and your Internet connection.","fxa-unknown-error-title":"Unknown error","fxa-unknown-error-message":"Unknown error","fxa-connecting-to-firefox":"Connecting to Firefox Accounts","fxa-email-input":{"placeholder":"Email"},"fxa-use-email-to-sign-in":"Use your email address to create an account or sign in.","fxa-agree-to-tos-pp":"By proceeding, you agree to our <a href=\"#fxa-tos\">Terms of Service</a> and <a href=\"#fxa-pp\">Privacy Policy</a>","fxa-set-password-title":"Enter your new password","fxa-enter-password-title":"Enter your password","fxa-hello-user":"Hello, <a id=\"fxa-user-email\">hola@email.com</a>","fxa-password-refresh":"Please enter your Firefox Account password for <a id=\"fxa-user-email\">hola@email.com</a> to continue.","fxa-password":{"placeholder":"Password"},"fxa-forgot-password":"I forgot my password","fxa-show-password":"Show password","fxa-authenticating":"Authenticating","fxa-registering":"Registering","fxa-success":"Success!","fxa-ready-to-go":"Your Firefox Account is ready to go! ","fxa-use-services":"Now you can use <span id=\"fxa-summary-email\">email</span> to access services like Marketplace and Where’s My Fox.","fxa-manage-account-settings":"In the future, you can access and manage your account from your phone's settings.","fxa-confirm-account":"Confirm Your Account","fxa-sending-email-to":"We have sent you an email to: <strong id=\"fxa-summary-email\">email</strong>","fxa-tos-header":"Terms of Service","fxa-tos1":"Lorem ipsum dolor sit amet, consectetur adipisicing elit, sed do eiusmod tempor incididunt ut labore et dolore magna aliqua. Ut enim ad minim veniam, quis nostrud exercitation ullamco laboris nisi ut aliquip ex ea commodo consequat. Duis aute irure dolor in reprehenderit in voluptate velit esse cillum dolore eu fugiat nulla pariatur. ","fxa-tos2":"Excepteur sint occaecat qui of fi cia deserunt mollit anim id est laborum.  Lorem ipsum dolor sit amet, consectetur adipisicing elit, sed do eiusmod tempor incididunt ut labore et dolore magna aliqua. Ut enim ad minim veniam,quis nostrud exercitation ullamco laboris nisi ut aliquip ex ea commodo consequat. Duis aute irure dolor in.","fxa-pp-header":"Privacy Policy","fxa-pp1":"Lorem ipsum dolor sit amet, consectetur adipisicing elit, sed do eiusmod tempor incididunt ut labore et dolore magna aliqua. Ut enim ad minim veniam, quis nostrud exercitation ullamco laboris nisi ut aliquip ex ea commodo consequat. Duis aute irure dolor in reprehenderit in voluptate velit esse cillum dolore eu fugiat nulla pariatur. ","fxa-pp2":"Excepteur sint occaecat qui of fi cia deserunt mollit anim id est laborum.  Lorem ipsum dolor sit amet, consectetur adipisicing elit, sed do eiusmod tempor incididunt ut labore et dolore magna aliqua. Ut enim ad minim veniam,quis nostrud exercitation ullamco laboris nisi ut aliquip ex ea commodo consequat. Duis aute irure dolor in.","fxa-age-verification":"Age Verification","fxa-age-1990-earlier":"1990 or earlier","fxa-year-of-birth":"Year of Birth"}