{"ok":"OK","back":"Tillbaka","help":"Hjälp","cancel":"Avbryt","close":"Stäng","skip":"Hoppa över","airplaneMode":"Flygplansläge","searching":"Söker…","noNetwork":"Inget nät","roaming":"{{operator}} (roaming)","emergencyCallsOnly":"Endast nödsamtal","emergencyCallsOnly-unknownSIMState":"(okänt SIM-kortstillstånd)","emergencyCallsOnly-noSIM":"(inget SIM-kort)","emergencyCallsOnly-pinRequired":"(SIM-kortets PIN-kod krävs)","emergencyCallsOnly-pukRequired":"(SIM-kortets PUK-kod krävs)","emergencyCallsOnly-networkLocked":"(nätverkslåst)","emergencyCallsOnly-serviceProviderLocked":"(operatörslåst)","emergencyCallsOnly-corporateLocked":"(företagslåst)","emergencyCallsOnly-network1Locked":"(network1 locked)","emergencyCallsOnly-network2Locked":"(network2 locked)","emergencyCallsOnly-hrpdNetworkLocked":"(hrpd network locked)","emergencyCallsOnly-ruimCorporateLocked":"(ruim corporate locked)","emergencyCallsOnly-ruimServiceProviderLocked":"(ruim service provider locked)","enterPIN":"Ange PIN","statusbarLabel":"{{date}}, {{operator}}","statusbarDateFormat":"%e %B","notifications":"Aviseringar","clear-all":"Rensa alla","newVoicemails":{"_index":["plural","n"],"_":{"zero":"Inga nya röstmeddelanden","one":"Ett nytt röstmeddelande","two":"{{n}} nya röstmeddelanden","few":"{{n}} nya röstmeddelanden","many":"{{n}} nya röstmeddelanden","other":"{{n}} nya röstmeddelanden"}},"newVoicemailsUnknown":"Nytt röstmeddelande","dialNumber":"Ring {{number}}","voicemailNotificationMultiSim":"(SIM {{n}}) {{title}}","confirmNFCConnectMsg1":"Are you sure you want to connect to the device?","confirmNFCConnectMsg2":"Turn on Bluetooth and connect to the device?","confirmNFCConnectMsg3":"Are you sure you want to connect to {{n}}?","confirmNFCConnectMsg4":"Turn on Bluetooth and connect to {{n}}?","deviceMenu":"Telefon","airplane":"Flygplansläge","airplaneOff":"Flygplansläge av","silent":"Tyst läge","normal":"Ringsignal på","restart":"Starta om","power":"Stäng av","asyncpanzoom":"Inaktivera APZ för appar","asyncpanzoomOff":"Aktivera APZ för appar","enableScreenReaderSteps":"För att aktivera skärmläsare, tryck volym upp sedan volym ner tre gånger","disableScreenReaderSteps":"Om du vill avaktivera skärmläsare, tryck på volym upp sedan volym ner tre gånger","no-recent-apps":"Inga senare appar","yes":"Ja","no":"Nej","dontallow":"Don’t allow","allow":"Tillåt","dontshare-geolocation":"Dela inte","share-geolocation":"Dela","dontshare-audio-capture":"Dela inte","share-audio-capture":"Dela","dontshare-video-capture":"Dela inte","share-video-capture":"Dela","dontshare-media-capture":"Dela inte","share-media-capture":"Dela","device-front":"Främre kamera","device-back":"Bakre kamera","remember-my-choice":"Kom ihåg mitt val","more-info":"Mer info…","hide-info":"Hide info","install-app":"Installera {{name}}?","size":"Storlek","author":"Utvecklare","size-unknown":"Okänd","author-unknown":"Okänd","install":"Installera","bytes":"byte","kB":"kB","MB":"MB","GB":"GB","TB":"TB","PB":"PB","app-install-generic-error":"{{ appName }} nedladdning stoppad","app-install-download-failed":"{{ appName }} nedladdning misslyckades","app-install-install-failed":"{{ appName }} installation misslyckades","cancelling-will-not-refund":"Avbryta kommer inte att återbetala köpet. Återbetalning för betalt innehåll ges av den ursprungliga säljaren.","apps-can-be-installed-later":"Appar kan installeras senare från den ursprungliga installationskällan.","are-you-sure-you-want-to-cancel":"Är du säker du vill avbryta installationen?","cancel-install":"Avbryt installation","cancel-install-button":"Cancel Install","resume":"Återuppta","continue":"Fortsätt","stopDownloading":"Avbryt hämtning av {{ app }}?","app-download-can-be-restarted":"Hämtningen kan startas senare.","app-download-stop-button":"Avbryt hämtning","not-enough-space":"Inte tillräckligt med utrymme","not-enough-space-message":"Det finns inte tillräckligt med utrymme för att installera appen. Frigör utrymme genom att radera gamla appar eller media, och försök installera igen från den ursprungliga källan.","app-install-success":"{{ appName }} installerad","setup":"Inställningar","ime-addkeyboards":"Lägg till tangentbord","later":"Senare","download":"Ladda ner","wantToDownload":"Hämta uppdatering nu?","wantToInstall":"Installera uppdatering nu?","installNow":"Installera nu","notNow":"Inte nu","downloadingUpdateMessage":{"innerHTML":"Laddar ner uppdateringar… <span>{{ progress }} hämtat.</span>"},"downloadingAppMessage":"Laddar ner {{ appName }}","downloadingAppProgressNoMax":"{{ progress }} hämtat","downloadingAppProgressIndeterminate":"Nedladdning","downloadingAppProgress":"{{ progress }} / {{ max }} hämtat","cancelAllDownloads":"Avbryt alla hämtningar","wantToCancelAll":"Är du säker på att du vill avbryta alla hämtningar?","downloadError":"Det uppstod ett fel när du hämtade uppdateringarna. ","updateAvailableInfo":{"innerHTML":{"_index":["plural","n"],"_":{"one":"{{ n }} uppdatering tillgänglig. <span>Tryck för mer info.</span>","two":"{{ n }} uppdateringar tillgängliga. <span>Tryck för mer info.</span>","few":"{{ n }} uppdateringar tillgängliga. <span>Tryck för mer info.</span>","many":"{{ n }} uppdateringar tillgängliga. <span>Tryck för mer info.</span>","other":"{{ n }} uppdateringar tillgängliga. <span>Tryck för mer info.</span>"}}},"numberOfUpdates":{"_index":["plural","n"],"_":{"one":"{{ n }} uppdatering tillgänglig","two":"{{ n }} uppdateringar tillgängliga","few":"{{ n }} uppdateringar tillgängliga","many":"{{ n }} uppdateringar tillgängliga","other":"{{ n }} uppdateringar tillgängliga"}},"systemUpdate":"Systemuppdatering","systemUpdateReady":"Systemuppdatering redo","required":"Krävs","uncompressingMessage":{"innerHTML":"Packar upp… <span>Det kan ta några minuter.</span>"},"downloadNoWifiWarning":"Wi-Fi inte tillgänglig. Uppdatering via aktuell anslutning kan medföra extra kostnader.","downloadOfflineWarning":"Anslutning inte tillgänglig. Anslut till ett nätverk för att ladda ner uppdateringar.","downloadDataConnectionWarning":"Uppdateringar hämtas via dataanslutning när Wi-Fi inte är tillgänglig. Ytterligare avgifter kan tillkomma.","downloadUpdatesViaDataConnection":"Hämta uppdateringar via dataanslutning?","downloadUpdatesViaDataConnectionMessage":"Uppdateringar hämtas via dataanslutningen när Wi-Fi inte är tillgänglig. När du använder dataanslutning kan telefonsamtal blockeras och ytterligare avgifter kan tillkomma.","screenshotSaved":"Skärmdump sparad till Galleri","screenshotFailed":"Skärmdumpen kunde inte sparas","screenshotNoSDCard":"Inget minneskort hittades","screenshotSDCardInUse":"Minneskortet används","screenshotSDCardLow":"Inte tillräckligt med utrymme på minneskortet","emergency-call-button":"Nödsamtal","emergency-call":"Nödsamtal","unlock-a11y-button":{"ariaLabel":"Lås upp"},"camera-a11y-button":{"ariaLabel":"Kamera"},"longDateFormat":"%A, %e %B","softwareHomeButton":{"ariaLabel":"Hem"},"login":"Logga in","username":"Användarnamn","password":"Lösenord","http-authentication-message":"Ett användarnamn och lösenord begärs av {{host}}. Webbplatsen säger: “{{realm}}”","error-message":"{{name}} laddas inte korrekt","error-title":"{{name}} har problem","airplane-is-on":"Flygplansläge är på","airplane-is-turned-on":"{{name}} kräver en nätverksanslutning. Stäng av flygplansläge från inställningar och anslut till Wi-Fi eller mobilt datanätverk.","server-not-found":"Servern hittades inte","server-not-found-error":"Kan inte hitta servern på {{name}}.","file-not-found":"File not found","file-not-found-error":"The device can’t display this page because the file cannot be found.","connection-failed":"Unable to connect","connection-failed-error":"A network error occurred while trying to reach the site.","invalid-connection":"Unable to connect","invalid-connection-error":"A network error occurred while trying to reach the site.","malformed-uri":"URL not valid","malformed-uri-error":"The URL entered is not valid and cannot be loaded.","redirect-loop":"Can’t display page","redirect-loop-error":"The device can’t display this page because the page is not redirecting properly. Try this page again at a later time.","not-cached":"Page expired","not-cached-error":"As a security precaution, this page cannot be displayed by the device because it has expired.","is-printing-error":"The document cannot change while Printing or in Print Preview.","denied-port-access":"This address is restricted","denied-port-access-error":"This address uses a network port which is normally used for purposes other than Web browsing. The device has cancelled the request for your protection.","proxy-resolve-failure":"Proxy Server Error","proxy-resolve-failure-error":"The device is configured to use a proxy server that can’t be found.","proxy-connect-failure":"Proxy Server Error","proxy-connect-failure-error":"The device is configured to use a proxy server that is refusing connections.","content-encoding":"Can’t display page","content-encoding-error":"The device can’t display this page because a content encoding error occurred.","remote-xul":"Page unsupported","remote-xul-error":"This page can’t be displayed because it uses a technology that is not supported on the device.","phishing-blocked":"Warning","phishing-blocked-error":"The website has been reported as a web forgery designed to trick users into sharing personal or financial information.","malware-blocked":"Malware attack blocked","malware-blocked-error":"The site at has been reported as an attack site and has been blocked.","unsafe-content-type":"Unsafe content","unsafe-content-type-error":"The page cannot be shown because it may not be safe to open.","corrupted-content":"Can’t display page","corrupted-content-error":"The page cannot be shown because an error in the data transmission was detected.","network-connection-unavailable":"Nätverksanslutning inte tillgänglig","network-error":"{{name}} kräver en nätverksanslutning. Försökt ansluta till Wi-Fi eller mobilt datanätverk.","network-error-launching":"{{name}} requires an Internet connection.","network-error-in-app":"No access to the Internet right now.","unable-to-connect":"Kan inte ansluta","try-again":"Försök igen","check-settings":"Check settings","tap-to-check-settings":"Tap to check settings","select-time":"Välj tid","choose-option":"Välj","choose-options":"Välj","select-day":"Välj dag","battery-almost-empty":"Batteriet är nästan urladdat","add-to-home-screen":"Lägg till på startskärmen","crash-dialog2-os":"{{brandShortName}} har precis återhämtat sig från en krasch.","crash-dialog-app":"{{name}} kraschade precis","crash-dialog-message":"Vill du skicka Mozilla en rapport om kraschen för att hjälpa oss lösa problemet? (Rapporter skickas endast över Wi-Fi.)","crash-info-link":"Vad finns i en kraschrapport?","crash-always-report":"Skicka alltid rapporter till Mozilla vid en krasch.","crash-dont-send":"Skicka inte","crash-end":"Skicka rapport","crashReports":"Kraschrapporter","done":"Klar","crash-reports-description-1":"En kraschrapport innehåller några detaljer om kraschen och enheten samt en ögonblicksbild av läget i enheten när den kraschade.","crash-reports-description-2":"Det kan omfatta saker som öppna sidor och appar, text i formulär och innehållet i öppna meddelanden, webbhistorik, eller geolokalisering som används av en öppen app.","crash-reports-description-3-start":"Vi använder kraschrapporter för att försöka lösa problem och förbättra våra produkter. Vi hanterar din information enligt","crash-reports-description-3-privacy":"sekretesspolicyn","crash-reports-description-3-end":".","crash-banner-os2":"{{brandShortName}} kraschade precis.","crash-banner-app":"{{name}} kraschade precis.","crash-banner-report":"Rapportera","bluetooth-sending-progress":"Skickar överföring via Bluetooth..","bluetooth-receiving-progress":"Tar emot överföring via Bluetooth..","acceptFileTransfer":"Acceptera filöverföring via Bluetooth?","wantToReceiveFile":"{{deviceName}} vill överföra {{fileName}} ({{fileSize}}).","transfer-confirmation-title":"{{deviceName}}","transfer-confirmation-description":"Granska överföringsbegäran.","byteUnit-B":"B","byteUnit-KB":"kB","byteUnit-MB":"MB","byteUnit-GB":"GB","byteUnit-TB":"TB","byteUnit-PB":"PB","byteUnit-EB":"EB","byteUnit-ZB":"ZB","byteUnit-YB":"YB","fileSize":"{{size}} {{unit}}","deny":"Neka","transfer":"Överför","cancelFileTransfer":"Avbryt överföring via Bluetooth?","continueFileTransfer":"Continue","transfer-has-started-title":"Överföringen har startat","transfer-has-started-description":"Kontrollera framsteg i aviseringsfönstret","transferFinished-sentSuccessful-title":"Fil skickad","transferFinished-receivedSuccessful-title":"Fil mottagen","transferFinished-sentFailed-title":"Filen kunde inte skickas","transferFinished-receivedFailed-title":"Filen kunde inte tas emot","transferReport-title":"Överföringsrapport:","transferReport-description":"{{numSuccessful}} filer lyckades, {{numUnsuccessful}} filer misslyckades","unknown-file":"Okänd fil","unknown-device":"Okänd enhet","cannotOpenFile":"Kan inte öppna mottagen fil","unknownMediaTypeToOpen":"Kan inte öppna okänd mediatyp:","cannotReceiveFile":"Kan inte ta emot fil","cannotGetStorageState":"Kan inte läsa lagringsenhetens tillstånd ","sdcard-not-exist2":"Inget minneskort hittades. Sätt i ett minneskort.","sdcard-in-use":"Bluetooth kan inte användas medan telefonen är inkopplad. Vänligen koppla ur telefonen för att ta emot fil(er).","sdcard-no-space2":"Kan inte slutföra överföring: minneskortet är fullt.","unknown-error":"Okänt fel","confirm":"Bekräfta","microphone-is-on":"Mikrofon är på","camera-is-on":"Kamera är på","media-is-on":"Kamera & mikrofon ä på","noSimCard":"Inget SIM-kort","simPin":"PIN-kod","pukCode":"PUK-kod","nckCode":"NCK-kod","cckCode":"CCK-kod","spckCode":"SPCK-kod","nck1code":"NCK1 code","nck2code":"NCK2 code","hnckcode":"HNCK code","rcckcode":"RCCK code","rspckcode":"RSPCK code","whatIsSimPin":"Vad är en PIN-kod?","simPinIntro1":"En PIN-kod förhindrar åtkomst till SIM-kortets mobila datanät. När den är aktiverad, kommer alla enheter som innehåller SIM-kortet begära PIN-kod vid omstart.","simPinIntro2":"En PIN-kod är inte samma sak som koden som används för att låsa upp enheten.","changeSimPin":"Ändra PIN-kod","pinTitle":"Ange PIN-kod","multiSIMpinTitle":"Ange SIM {{n}} PIN-kod","pukTitle":"Ange PUK-kod","nckTitle":"Ange NCK-kod","cckTitle":"Ange CCK-kod","spckTitle":"Ange SPCK-kod","nck1Title":"Enter NCK1 code","nck2Title":"Enter NCK2 code","hnckTitle":"Enter HNCK code","rcckTitle":"Enter RCCK code","rspckTitle":"Enter RSPCK code","newpinTitle":"Ny PIN-kod","inputCodeRetriesLeft":{"_index":["plural","n"],"_":{"one":"sista försöket.","two":"{{n}} försök kvar.","few":"{{n}} försök kvar.","many":"{{n}} försök kvar.","other":"{{n}} försök kvar."}},"pinErrorMsg":"Felaktig PIN-kod.","pinAttemptMsg2":{"_index":["plural","n"],"_":{"one":"Du har ett försök kvar att ange rätt kod innan SIM-kortet låser sig.","two":"Du har {{n}} försök kvar att ange rätt kod innan SIM-kortet låser sig.","few":"Du har {{n}} försök kvar att ange rätt kod innan SIM-kortet låser sig.","many":"Du har {{n}} försök kvar att ange rätt kod innan SIM-kortet låser sig.","other":"Du har {{n}} försök kvar att ange rätt kod innan SIM-kortet låser sig."}},"pinLastChanceMsg":"Detta är sista chansen att ange rätt PIN-kod. Annars måste du ange PUK-koden för att låsa upp SIM-kortet.","simCardLockedMsg":"SIM-kortet är låst.","enterPukMsg":"Du måste ange din personliga upplåsningskod (PUK) för SIM-kortet. Se SIM-kortets dokumentation eller kontakta din operatör för mer information. ","pukErrorMsg":"Felaktig PUK-kod.","pukAttemptMsg2":{"_index":["plural","n"],"_":{"one":"Du har ett försök kvar att ange rätt kod innan SIM-kortet kommer att vara permanent oanvändbart. Se SIM-kortets dokumentation eller kontakta din operatör för mer information.","two":"Du har {{n}} försök kvar att ange rätt kod innan SIM-kortet kommer att vara permanent oanvändbart. Se SIM-kortets dokumentation eller kontakta din operatör för mer information.","few":"Du har {{n}} försök kvar att ange rätt kod innan SIM-kortet kommer att vara permanent oanvändbart. Se SIM-kortets dokumentation eller kontakta din operatör för mer information.","many":"Du har {{n}} försök kvar att ange rätt kod innan SIM-kortet kommer att vara permanent oanvändbart. Se SIM-kortets dokumentation eller kontakta din operatör för mer information.","other":"Du har {{n}} försök kvar att ange rätt kod innan SIM-kortet kommer att vara permanent oanvändbart. Se SIM-kortets dokumentation eller kontakta din operatör för mer information."}},"pukLastChanceMsg":"Detta är sista chansen att ange rätt PUK-kod. Ditt SIM-kort kommer att vara permanent oanvändbart om du anger fel PUK-kod.","newSimPinMsg":"Skapa ny PIN-kod (måste innehålla 4 till 8 siffror)","confirmNewSimPinMsg":"Bekräfta ny PIN-kod","newPinErrorMsg":"PIN-koderna matchar inte.","nckErrorMsg":"Felaktig NCK-kod.","nckAttemptMsg2":{"_index":["plural","n"],"_":{"one":"Operatörsupplåsning misslyckades. Du har ett försök kvar att ange rätt kod. Se enhetens dokumentation eller kontakta din operatör för mer information.","two":"Operatörsupplåsning misslyckades. Du har {{n}} försök kvar att ange rätt kod. Se enhetens dokumentation eller kontakta din operatör för mer information.","few":"Operatörsupplåsning misslyckades. Du har {{n}} försök kvar att ange rätt kod. Se enhetens dokumentation eller kontakta din operatör för mer information.","many":"Operatörsupplåsning misslyckades. Du har {{n}} försök kvar att ange rätt kod. Se enhetens dokumentation eller kontakta din operatör för mer information.","other":"Operatörsupplåsning misslyckades. Du har {{n}} försök kvar att ange rätt kod. Se enhetens dokumentation eller kontakta din operatör för mer information."}},"nckLastChanceMsg":"Operatörsupplåsning misslyckades. Sista chansen att ange rätt NCK-kod. Se enhetens dokumentation eller kontakta din operatör för mer information.","activity-pick":"Välj från:","activity-view":"Visa med:","activity-test":"Testa med:","activity-share":"Dela med:","activity-new":"Skapa med:","activity-open":"Öppna med:","activity-save-bookmark":"Bokmärke till:","activity-record":"Spela in från:","activity-browse":"Surfa med:","activity-configure":"Konfigurera med:","activity-dial":"Ringa från:","persona-signin":"Logga in","payment-flow":"Köp","remoteDebuggerMessage":"En inkommande begäran om att tillåta fjärrfelsökning upptäcktes. Tillåt anslutning?","fullscreen-request":"{{origin}} är nu helskärm.","captive-wifi-available":"Nätverket {{networkName}} hittades. Anslut?","ceWarningtitle":"Varning hög volym","ceWarningcontent":"För att förhindra hörselskada, lyssna inte på hög volym under långa perioder.","notification-powersaving-mode-on-title":"Energisparläge","notification-powersaving-mode-on-description":"Energisparläge är på.","low-device-storage":"Lågt lagringsutrymme.\\n","free-space":{"_index":["plural","value"],"_":{"zero":"Inget ledigt utrymme.","one":"Mindre än {{value}} {{unit}} återstår.","two":"Mindre än {{value}} {{unit}} återstår.","few":"Mindre än {{value}} {{unit}} återstår.","many":"Mindre än {{value}} {{unit}} återstår.","other":"Mindre än {{value}} {{unit}} återstår."}},"unknown-free-space":"Okänt återstående utrymme.","system-alert":"Systemmeddelande","cb-channel":"Kanal {{channel}}","icc-message-title":"Operatörsmeddelande från SIM {{id}}","icc-confirmCall-defaultmessage":"Ring {{number}}?","icc-alertMessage-defaultmessage":"Skickar meddelande","icc-confirmMessage-defaultmessage":"Skicka meddelande?","icc-inputbox-title":"STK-fråga fån SIM {{id}}","emergency-callback-mode":"Nödsituationsläge","emergency-callback-message":"Du kan inte ringa samtal, skicka meddelanden eller surfa eftersom nödsituationsläget är aktivt. Vill du stänga av det?","cdma-record-info":"CDMA registerinformation","ime-switching-title":"{{appName}}: {{name}}","ime-switching-tip":"Tryck för att växla inmatningsmetod","layout-selection":"Layout val","shrinking-tip":"Dra för att dela","download_started":"Nedladdning startad","download_stopped":"Nedladdning stoppad","download_downloading":"Laddar ner…","download_succeeded":"Nedladdning färdig","download_failed":"Nedladdning misslyckades","download_text_by_default":"{{name}}","download_downloading_text_2":"{{percentage}}% - {{name}}","search-or-enter-address":{"_":"Search or enter address","placeholder":"Search or enter address"},"noSIMCardInHotspot":"SIM-kortet saknas eller är felaktigt isatt, så stäng av hotspot","brandShortName":"B2G OS","browserBrandShortName":"Webbläsare","browserBrandFullName":"Webbläsare Mozilla","weekday-0-long":"Söndag","weekday-1-long":"Måndag","weekday-2-long":"Tisdag","weekday-3-long":"Onsdag","weekday-4-long":"Torsdag","weekday-5-long":"Fredag","weekday-6-long":"Lördag","weekday-0-short":"Sön","weekday-1-short":"Mån","weekday-2-short":"Tis","weekday-3-short":"Ons","weekday-4-short":"Tor","weekday-5-short":"Fre","weekday-6-short":"Lör","month-0-long":"Januari","month-1-long":"Februari","month-2-long":"Mars","month-3-long":"April","month-4-long":"Maj","month-5-long":"Juni","month-6-long":"Juli","month-7-long":"Augusti","month-8-long":"September","month-9-long":"Oktober","month-10-long":"November","month-11-long":"December","month-0-genitive":"Januari","month-1-genitive":"Februari","month-2-genitive":"Mars","month-3-genitive":"April","month-4-genitive":"Maj","month-5-genitive":"Juni","month-6-genitive":"Juli","month-7-genitive":"Augusti","month-8-genitive":"September","month-9-genitive":"Oktober","month-10-genitive":"November","month-11-genitive":"December","month-0-short":"Jan","month-1-short":"Feb","month-2-short":"Mar","month-3-short":"Apr","month-4-short":"Maj","month-5-short":"Jun","month-6-short":"Jul","month-7-short":"Aug","month-8-short":"Sep","month-9-short":"Okt","month-10-short":"Nov","month-11-short":"Dec","minutes-ago-long":{"_index":["plural","value"],"_":{"zero":"nyss","one":"en minut sen","two":"{{value}} minuter sen","few":"{{value}} minuter sen","many":"{{value}} minuter sen","other":"{{value}} minuter sen"}},"hours-ago-long":{"_index":["plural","value"],"_":{"zero":"nyss","one":"en timme sen","two":"{{value}} timmar sen","few":"{{value}} timmar sen","many":"{{value}} timmar sen","other":"{{value}} timmar sen"}},"days-ago-long":{"_index":["plural","value"],"_":{"zero":"idag","one":"igår","two":"{{value}} dagar sen","few":"{{value}} dagar sen","many":"{{value}} dagar sen","other":"{{value}} dagar sen"}},"weeks-ago-long":{"_index":["plural","value"],"_":{"zero":"denna vecka","one":"förra veckan","two":"{{value}} veckor sen","few":"{{value}} veckor sen","many":"{{value}} veckor sen","other":"{{value}} veckor sen"}},"months-ago-long":{"_index":["plural","value"],"_":{"zero":"denna månad","one":"förra månaden","two":"{{value}} månader sen","few":"{{value}} månader sen","many":"{{value}} månader sen","other":"{{value}} månader sen"}},"years-ago-long":{"_index":["plural","value"],"_":{"zero":"detta år","one":"förra året","two":"{{value}} år sen","few":"{{value}} år sen","many":"{{value}} år sen","other":"{{value}} år sen"}},"minutes-until-long":{"_index":["plural","value"],"_":{"zero":"nu","one":"om en minut","two":"om {{value}} minuter","few":"om {{value}} minuter","many":"om {{value}} minuter","other":"om {{value}} minuter"}},"hours-until-long":{"_index":["plural","value"],"_":{"zero":"nu","one":"om en timme","two":"om {{value}} timmar","few":"om {{value}} timmar","many":"om {{value}} timmar","other":"om {{value}} timmar"}},"days-until-long":{"_index":["plural","value"],"_":{"zero":"idag","one":"imorgon","two":"om {{value}} dagar","few":"om {{value}} dagar","many":"om {{value}} dagar","other":"om {{value}} dagar"}},"weeks-until-long":{"_index":["plural","value"],"_":{"zero":"denna vecka","one":"nästa vecka","two":"om {{value}} veckor","few":"om {{value}} veckor","many":"om {{value}} veckor","other":"om {{value}} veckor"}},"months-until-long":{"_index":["plural","value"],"_":{"zero":"denna månad","one":"nästa månad","two":"om {{value}} månader","few":"om {{value}} månader","many":"om {{value}} månader","other":"om {{value}} månader"}},"years-until-long":{"_index":["plural","value"],"_":{"zero":"detta år","one":"nästa år","two":"om {{value}} år","few":"om {{value}} år","many":"om {{value}} år","other":"om {{value}} år"}},"minutes-ago-short":{"_index":["plural","value"],"_":{"zero":"nyss","other":"{{value}}min sen"}},"hours-ago-short":{"_index":["plural","value"],"_":{"zero":"nyss","other":"{{value}}tim. sen"}},"days-ago-short":{"_index":["plural","value"],"_":{"zero":"idag","other":"{{value}}dygn sen"}},"minutes-until-short":{"_index":["plural","value"],"_":{"zero":"nu","other":"om {{value}}min"}},"hours-until-short":{"_index":["plural","value"],"_":{"zero":"nu","other":"om {{value}}tim."}},"days-until-short":{"_index":["plural","value"],"_":{"zero":"idag","other":"om {{value}}dygn"}},"incorrectDate":"(felaktigt datum)","dateTimeFormat_%c":"%a %e %b %Y %H:%M:%S","dateTimeFormat_%x":"%d/%m/%Y","dateTimeFormat_%X":"%H:%M:%S","shortTimeFormat":"%H:%M","shortDateTimeFormat":"%x %H:%M","weekStartsOnMonday":"1","time_am":"AM","time_pm":"PM","perm-contacts":"Kontakter","perm-contacts-appRequest":"{{app}} vill komma åt din kontaktlista.","perm-contacts-webRequest":"{{site}} vill komma åt din kontaktlista.","perm-desktop-notification":"Aviseringar","perm-desktop-notification-appRequest":"{{app}} vill visa aviseringar.","perm-desktop-notification-webRequest":"{{site}} vill visa aviseringar.","perm-device-storage-music":"Musik","perm-device-storage-music-appRequest":"{{app}} vill komma åt din musik.","perm-device-storage-music-webRequest":"{{site}} vill komma åt din musik.","perm-device-storage-pictures":"Bilder","perm-device-storage-pictures-appRequest":"{{app}} vill komma åt dina bilder.","perm-device-storage-pictures-webRequest":"{{site}} vill komma åt dina bilder.","perm-device-storage-sdcard":"Minneskort","perm-device-storage-sdcard-appRequest":"{{app}} vill komma åt minneskortet.","perm-device-storage-sdcard-webRequest":"{{site}} vill komma åt minneskortet.","perm-device-storage-videos":"Videor","perm-device-storage-videos-appRequest":"{{app}} vill komma åt dina videor.","perm-device-storage-videos-webRequest":"{{site}} vill komma åt dina videor.","perm-fmradio":"FM-radio","perm-fmradio-appRequest":"{{app}} vill använda FM-radio.","perm-fmradio-webRequest":"{{site}} vill använda FM-radio.","perm-geolocation":"Geolokalisering","perm-geolocation-appRequest":"{{app}} vill veta din position.","perm-geolocation-webRequest":"{{site}} vill veta din position.","perm-geolocation-more-info":"{{brandShortName}} använder data såsom GPS, Wi-Fi och mobila nätverk för att avgöra din ungefärliga position. Data skickas till Mozilla och andra tjänsteleverantörer och kommer att användas för att förbättra dessa databaser. Data kan lagras på enheten och datainsamling kan förekomma även om inga appar körs.","perm-video-capture":"Kamera","perm-video-capture-appRequest":"Vill du dela din kamera med {{app}}?","perm-video-capture-webRequest":"Vill du dela din kamera med {{site}}?","perm-audio-capture":"Mikrofon","perm-audio-capture-appRequest":"Vill du dela din mikrofon med {{app}}?","perm-audio-capture-webRequest":"Vill du dela din mikrofon med {{site}}?","perm-media-capture":"Kamera och mikrofon","perm-media-capture-appRequest":"Vill du dela din kamera och mikrofon med {{app}}?","perm-media-capture-webRequest":"Vill du dela din kamera och mikrofon med {{site}}?","stopped_download_title":"Nedladdning stoppad","stopped_download_message":"Nedladdning stoppades. Försök att ladda ner igen?","stopped_download_left_button":"Avbryt","stopped_download_right_button":"Försök igen","failed_download_title":"Nerladdning misslyckades","failed_download_message":"{{name}} misslyckades att laddas ner. Försök att ladda ner igen?","failed_download_left_button":"Avbryt","failed_download_right_button":"Försök igen","stop_download_title":"Avbryt nedladdning","stop_download_message":"Är du säker på att du vill avbryta nedladdning?","stop_download_left_button":"Nej","stop_download_right_button":"Ja","delete_download_title":"Ta bort","delete_download_message":"Ta bort {{name}}?","delete_download_left_button":"Avbryt","delete_download_right_button":"Ta bort","delete_all_download_title":"Ta bort","delete_all_download_left_button":"Avbryt","delete_all_download_right_button":"Ta bort","delete_all_download_message":{"_index":["plural","number"],"_":{"zero":"Ta bort inga filer?","one":"Ta bort en fil?","two":"Ta bort {{number}} filer?","few":"Ta bort {{number}} filer?","many":"Ta bort {{number}} filer?","other":"Ta bort {{number}} filer?"}},"unsupported_file_type_download_title":"Kan inte öppna","unsupported_file_type_download_message":"Det finns ingen app som kan öppna {{name}}. Vill du spara eller ta bort den?","unsupported_file_type_download_left_button":"Behåll fil","unsupported_file_type_download_right_button":"Ta bort","file_not_found_download_title":"Filen hittades inte","file_not_found_download_message":"Filen hittades inte på enheten","file_not_found_download_right_button":"OK","unmounted_sdcard_2_download_title":"Minneskortet används","unmounted_sdcard_2_download_message":"Koppla ur telefonen","unmounted_sdcard_2_download_right_button":"OK","no_provider_download_title":"Kan inte dela","no_provider_download_message":"Ingen leverantör hittades","no_provider_download_right_button":"OK","no_memory_download_title":"Minneskortet är fullt","no_memory_download_message":"Det finns ingen mer plats på minneskortet för att spara din nedladdning. Ta bort några filer innan du startar om nedladdningen.","no_memory_download_right_button":"OK","no_sdcard_found_2_download_title":"Inget minneskort hittades","no_sdcard_found_2_download_message":"Sätt i ett minneskort eller välj en annan standardplats för media i inställningar","no_sdcard_found_2_download_right_button":"OK","file_open_error_download_title":"Kan inte öppna","file_open_error_download_message":"Det uppstod ett problem med att öppna {{name}}. Vill du spara filen eller ta bort den?","file_open_error_download_left_button":"Behåll fil","file_open_error_download_right_button":"Ta bort","restart_download_error":"Det uppstod ett fel när du startade om nedladdningen. Försök att ladda ner igen.","no-downloads":"Inga nedladdningar","percentage":"{{percentage}} %","partialResult":"{{partial}} av {{total}}","summary":"{{date}} - {{status}}","download-stopped":"Stoppad","download-failed":"Nedladdning misslyckades","open_downloaded_file":"Öppna","share_downloaded_file":"Dela","wallpaper_downloaded_file":"Sätt som bakgrundsbild","ringtone_downloaded_file":"Sätt som ringsignal","cancel_downloaded_file":"Avbryt","voicemailNoNumberTitle":"Röstbrevlådan är inte tillgänglig","voicemailNoNumberText":"Kan inte ringa till röstbrevlådan. Konfigurera röstbrevlådan för att ringa samtalet.","voicemailNoNumberSettings":"Inställningar","voicemailNoNumberCancel":"Avbryt","firefox-accounts-title":"Firefox Accounts","fxa-next":"Next","fxa-back":"Back","fxa-done":"Done","fxa-ok":"OK","fxa-account-does-not-exist-title":"Account does not exist","fxa-account-does-not-exist-message":"Account does not exist","fxa-cannot-create-account":"Unable to create account","fxa-cannot-create-password":"Unable to reset your Firefox Accounts password right now.","fxa-already-signed-in-title":"User is already signed in","fxa-already-signed-in-message":"There is an user is already signed in Firefox.","fxa-invalid-password-title":"Invalid password","fxa-invalid-password-message":"You have used an invalid password. Please try again with a valid one.","fxa-invalid-email-title":"Invalid email address","fxa-invalid-email-message":"You have used an invalid email address. Please try again with a valid one.","fxa-connection-error-title":"Unable to connect","fxa-connection-error-message":"Unable to connect to Firefox right now. You can sign in or create an account from your phone's settings or try it again.","fxa-reset-password-error-title":"Unable to reset password","fxa-reset-password-error-message":"Your password was not reset. Please try again.","fxa-reset-password-in-settings-title":"Reset Password","fxa-reset-password-in-settings-message":"You can reset your password from your phone's settings.","fxa-generic-error-title":"Unable to connect to Firefox","fxa-generic-error-message":"Unable to connect to Firefox Accounts right now. Try your phone's settings or check your connection to Internet.","fxa-coppa-failure-error-title":"Cannot Create Account","fxa-coppa-failure-error-message":"You must meet certain age requirements to create a Firefox Accounts. <a href='http://www.ftc.gov/news-events/media-resources/protecting-consumer-privacy/kids-privacy-coppa'>Learn more</a>","fxa-coppa-ftu-error-message":"You must meet certain age requirements to create a Firefox Accounts. Try again later from Settings.","fxa-offline-error-title":"Unable to connect to Firefox","fxa-offline-error-message":"Unable to connect to Firefox Accounts right now. Check your phone' settings and your Internet connection.","fxa-unknown-error-title":"Unknown error","fxa-unknown-error-message":"Unknown error","fxa-connecting-to-firefox":"Connecting to Firefox Accounts","fxa-email-input":{"placeholder":"Email"},"fxa-use-email-to-sign-in":"Use your email address to create an account or sign in.","fxa-agree-to-tos-pp":"By proceeding, you agree to our <a href=\"#fxa-tos\">Terms of Service</a> and <a href=\"#fxa-pp\">Privacy Policy</a>","fxa-set-password-title":"Enter your new password","fxa-enter-password-title":"Enter your password","fxa-hello-user":"Hello, <a id=\"fxa-user-email\">hola@email.com</a>","fxa-password-refresh":"Please enter your Firefox Account password for <a id=\"fxa-user-email\">hola@email.com</a> to continue.","fxa-password":{"placeholder":"Password"},"fxa-forgot-password":"I forgot my password","fxa-show-password":"Show password","fxa-authenticating":"Authenticating","fxa-registering":"Registering","fxa-success":"Success!","fxa-ready-to-go":"Your Firefox Account is ready to go! ","fxa-use-services":"Now you can use <span id=\"fxa-summary-email\">email</span> to access services like Marketplace and Where’s My Fox.","fxa-manage-account-settings":"In the future, you can access and manage your account from your phone's settings.","fxa-confirm-account":"Confirm Your Account","fxa-sending-email-to":"We have sent you an email to: <strong id=\"fxa-summary-email\">email</strong>","fxa-tos-header":"Terms of Service","fxa-tos1":"Lorem ipsum dolor sit amet, consectetur adipisicing elit, sed do eiusmod tempor incididunt ut labore et dolore magna aliqua. Ut enim ad minim veniam, quis nostrud exercitation ullamco laboris nisi ut aliquip ex ea commodo consequat. Duis aute irure dolor in reprehenderit in voluptate velit esse cillum dolore eu fugiat nulla pariatur. ","fxa-tos2":"Excepteur sint occaecat qui of fi cia deserunt mollit anim id est laborum.  Lorem ipsum dolor sit amet, consectetur adipisicing elit, sed do eiusmod tempor incididunt ut labore et dolore magna aliqua. Ut enim ad minim veniam,quis nostrud exercitation ullamco laboris nisi ut aliquip ex ea commodo consequat. Duis aute irure dolor in.","fxa-pp-header":"Privacy Policy","fxa-pp1":"Lorem ipsum dolor sit amet, consectetur adipisicing elit, sed do eiusmod tempor incididunt ut labore et dolore magna aliqua. Ut enim ad minim veniam, quis nostrud exercitation ullamco laboris nisi ut aliquip ex ea commodo consequat. Duis aute irure dolor in reprehenderit in voluptate velit esse cillum dolore eu fugiat nulla pariatur. ","fxa-pp2":"Excepteur sint occaecat qui of fi cia deserunt mollit anim id est laborum.  Lorem ipsum dolor sit amet, consectetur adipisicing elit, sed do eiusmod tempor incididunt ut labore et dolore magna aliqua. Ut enim ad minim veniam,quis nostrud exercitation ullamco laboris nisi ut aliquip ex ea commodo consequat. Duis aute irure dolor in.","fxa-age-verification":"Age Verification","fxa-age-1990-earlier":"1990 or earlier","fxa-year-of-birth":"Year of Birth"}