{"ok":"Tamam","back":"Geri","help":"Yardım","cancel":"İptal","close":"Kapat","skip":"Atla","airplaneMode":"Uçak modu","searching":"Aranıyor…","noNetwork":"Şebeke yok","roaming":"{{operator}} (Dolaşımda)","emergencyCallsOnly":"Yalnızca acil aramalar","emergencyCallsOnly-unknownSIMState":"(bilinmeyen SIM durumu)","emergencyCallsOnly-noSIM":"(SIM yok)","emergencyCallsOnly-pinRequired":"(SIM PIN'i gerekli)","emergencyCallsOnly-pukRequired":"(SIM PUK'u gerekli)","emergencyCallsOnly-networkLocked":"(şebeke kilitli)","emergencyCallsOnly-serviceProviderLocked":"(servis sağlayıcı kilidi)","emergencyCallsOnly-corporateLocked":"(şirket kilidi)","emergencyCallsOnly-network1Locked":"(network1 locked)","emergencyCallsOnly-network2Locked":"(network2 locked)","emergencyCallsOnly-hrpdNetworkLocked":"(hrpd network locked)","emergencyCallsOnly-ruimCorporateLocked":"(ruim corporate locked)","emergencyCallsOnly-ruimServiceProviderLocked":"(ruim service provider locked)","enterPIN":"PIN'i girin","statusbarLabel":"{{date}}, {{operator}}","statusbarDateFormat":"%e %B","notifications":"Bildirimler","clear-all":"Temizle","newVoicemails":{"_index":["plural","n"],"_":{"zero":"Yeni sesli mesaj yok","one":"Bir yeni sesli mesaj","two":"{{n}} yeni sesli mesaj","few":"{{n}} yeni sesli mesaj","many":"{{n}} yeni sesli mesaj","other":"{{n}} yeni sesli mesaj"}},"newVoicemailsUnknown":"Yeni sesli mesaj","dialNumber":"Ara: {{number}}","voicemailNotificationMultiSim":"(SIM {{n}}) {{title}}","confirmNFCConnectMsg1":"Are you sure you want to connect to the device?","confirmNFCConnectMsg2":"Turn on Bluetooth and connect to the device?","confirmNFCConnectMsg3":"Are you sure you want to connect to {{n}}?","confirmNFCConnectMsg4":"Turn on Bluetooth and connect to {{n}}?","deviceMenu":"Telefon","airplane":"Uçak modunu aç","airplaneOff":"Uçak modunu kapat","silent":"Gelen aramaları sessizleştir","normal":"Gelen aramalarda sesli çal","restart":"Yeniden başlat","power":"Kapat","asyncpanzoom":"Uygulamalar için APZ'yi kapat","asyncpanzoomOff":"Uygulamalar için APZ'yi aç","enableScreenReaderSteps":"Ekran okuyucuyu açmak için önce ses artırma düğmesine, sonra üç kez ses azaltma düğmesine basın","disableScreenReaderSteps":"Ekran okuyucuyu kapatmak için önce ses artırma düğmesine, sonra üç kez ses azaltma düğmesine basın","no-recent-apps":"Güncel uygulama yok","yes":"Evet","no":"Hayır","dontallow":"Don’t allow","allow":"İzin ver","dontshare-geolocation":"Paylaşma","share-geolocation":"Paylaş","dontshare-audio-capture":"Paylaşma","share-audio-capture":"Paylaş","dontshare-video-capture":"Paylaşma","share-video-capture":"Paylaş","dontshare-media-capture":"Paylaşma","share-media-capture":"Paylaş","device-front":"Ön kamera","device-back":"Arka kamera","remember-my-choice":"Tercihimi hatırla","more-info":"Daha fazla bilgi…","hide-info":"Hide info","install-app":"{{name}} yüklensin mi?","size":"Boyut","author":"Yazan","size-unknown":"Bilinmiyor","author-unknown":"Bilinmiyor","install":"Yükle","bytes":"bayt","kB":"KB","MB":"MB","GB":"GB","TB":"TB","PB":"PB","app-install-generic-error":"{{ appName }} indirmesi durduruldu","app-install-download-failed":"{{ appName }} indirmesi başarısız oldu","app-install-install-failed":"{{ appName }} yüklenmesi başarısız oldu","cancelling-will-not-refund":"Siparişi iptal etmek para iadesi yapmaz. Satın alınmış içerikler için iadeler satıcı tarafından yapılır.","apps-can-be-installed-later":"Uygulamalar daha sonra orijinal yükleme kaynağından yüklenebilir.","are-you-sure-you-want-to-cancel":"Bu yüklemeyi iptal etmek istediğinizden emin misiniz?","cancel-install":"Yüklemeyi iptal et","cancel-install-button":"Cancel Install","resume":"Devam et","continue":"Devam et","stopDownloading":"{{ app }} indirmesi durdurulsun mu?","app-download-can-be-restarted":"İndirme daha sonra yeniden başlatılabilir.","app-download-stop-button":"İndirmeyi durdur","not-enough-space":"Yeterli alan yok","not-enough-space-message":"Bu uygulamayı yüklemek için yeterli alan yok. Eski uygulamaları ve medyaları silerek yer açın ve orijinal kaynağından tekrar yüklemeyi deneyin.","app-install-success":"{{ appName }} yüklendi","setup":"Kur","ime-addkeyboards":"Klavye ekle","later":"Daha sonra","download":"İndir","wantToDownload":"Güncelleme şimdi indirilsin mi?","wantToInstall":"Güncelleme şimdi yüklensin mi?","installNow":"Şimdi yükle","notNow":"Daha sonra","downloadingUpdateMessage":{"innerHTML":"Güncellemeler indiriliyor… <span>{{ progress }} indirildi.</span>"},"downloadingAppMessage":"{{ appName }} indiriliyor","downloadingAppProgressNoMax":"{{ progress }} indirildi","downloadingAppProgressIndeterminate":"İndiriliyor","downloadingAppProgress":"{{ progress }} / {{ max }} indirildi","cancelAllDownloads":"Tüm indirmeleri iptal et","wantToCancelAll":"Tüm indirmeleri iptal etmek istediğinizden emin misiniz?","downloadError":"Güncellemeler indirilirken bir hata oluştu.","updateAvailableInfo":{"innerHTML":{"_index":["plural","n"],"_":{"one":"{{ n }} güncelleme var. <span>Daha fazla bilgi için dokunun.</span>","two":"{{ n }} güncelleme var. <span>Daha fazla bilgi için dokunun.</span>","few":"{{ n }} güncelleme var. <span>Daha fazla bilgi için dokunun.</span>","many":"{{ n }} güncelleme var. <span>Daha fazla bilgi için dokunun.</span>","other":"{{ n }} güncelleme var. <span>Daha fazla bilgi için dokunun.</span>"}}},"numberOfUpdates":{"_index":["plural","n"],"_":{"one":"{{ n }} güncelleme var","two":"{{ n }} güncelleme var","few":"{{ n }} güncelleme var","many":"{{ n }} güncelleme var","other":"{{ n }} güncelleme var"}},"systemUpdate":"Sistem güncellemesi","systemUpdateReady":"Sistem Güncellemesi Hazır","required":"Gerekli","uncompressingMessage":{"innerHTML":"Genişletiliyor… <span>Bu işlem birkaç dakika sürebilir.</span>"},"downloadNoWifiWarning":"Wi-Fi kullanılamıyor. Mevcut bağlantı üzerinden güncelleme ek ücretlendirmeye neden olabilir.","downloadOfflineWarning":"Bağlantı kullanılamıyor. Güncellemeleri indirmek için bir şebekeye bağlanın.","downloadDataConnectionWarning":"Wi-Fi kullanılamadığında güncellemeler veri şebekesi üzerinden indirilir. Ek veri ücretlendirmesi uygulanabilir.","downloadUpdatesViaDataConnection":"Güncellemeler veri şebekesi üzerinden indirilsin mi?","downloadUpdatesViaDataConnectionMessage":"Wi-Fi kullanılamadığında güncellemeler veri şebekesi üzerinden indirilir. Veri şebekesi kullanılırken telefon görüşmeleri engellenebilir ve ek ücretlendirmeler de uygulanabilir.","screenshotSaved":"Görüntü Galeri'ye kaydedildi","screenshotFailed":"Görüntü kaydedilemedi","screenshotNoSDCard":"Bellek kartı bulunamadı","screenshotSDCardInUse":"Bellek kartı kullanımda","screenshotSDCardLow":"Bellek kartında yeterli alan yok","emergency-call-button":"Acil Arama","emergency-call":"Acil Arama","unlock-a11y-button":{"ariaLabel":"Kilidi Aç"},"camera-a11y-button":{"ariaLabel":"Kamera"},"longDateFormat":"%e %B %A","softwareHomeButton":{"ariaLabel":"Başlangıç"},"login":"Giriş yap","username":"Kullanıcı adı","password":"Parola","http-authentication-message":"{{host}} bir kullanıcı adı ve parola istiyor. Site diyor ki: “{{realm}}”","error-message":"{{name}} doğru şekilde yüklenemiyor","error-title":"{{name}} sorun yaşıyor","airplane-is-on":"Uçak modu açık","airplane-is-turned-on":"{{name}} bir şebeke bağlantısı gerektirir. Ayarlar'dan uçak modunu kapatın ve bir Wi-Fi veya mobil veri şebekesine bağlanın.","server-not-found":"Sunucu bulunamadı","server-not-found-error":"{{name}} sunucusu bulunamadı.","file-not-found":"File not found","file-not-found-error":"The device can’t display this page because the file cannot be found.","connection-failed":"Unable to connect","connection-failed-error":"A network error occurred while trying to reach the site.","invalid-connection":"Unable to connect","invalid-connection-error":"A network error occurred while trying to reach the site.","malformed-uri":"URL not valid","malformed-uri-error":"The URL entered is not valid and cannot be loaded.","redirect-loop":"Can’t display page","redirect-loop-error":"The device can’t display this page because the page is not redirecting properly. Try this page again at a later time.","not-cached":"Page expired","not-cached-error":"As a security precaution, this page cannot be displayed by the device because it has expired.","is-printing-error":"The document cannot change while Printing or in Print Preview.","denied-port-access":"This address is restricted","denied-port-access-error":"This address uses a network port which is normally used for purposes other than Web browsing. The device has cancelled the request for your protection.","proxy-resolve-failure":"Proxy Server Error","proxy-resolve-failure-error":"The device is configured to use a proxy server that can’t be found.","proxy-connect-failure":"Proxy Server Error","proxy-connect-failure-error":"The device is configured to use a proxy server that is refusing connections.","content-encoding":"Can’t display page","content-encoding-error":"The device can’t display this page because a content encoding error occurred.","remote-xul":"Page unsupported","remote-xul-error":"This page can’t be displayed because it uses a technology that is not supported on the device.","phishing-blocked":"Warning","phishing-blocked-error":"The website has been reported as a web forgery designed to trick users into sharing personal or financial information.","malware-blocked":"Malware attack blocked","malware-blocked-error":"The site at has been reported as an attack site and has been blocked.","unsafe-content-type":"Unsafe content","unsafe-content-type-error":"The page cannot be shown because it may not be safe to open.","corrupted-content":"Can’t display page","corrupted-content-error":"The page cannot be shown because an error in the data transmission was detected.","network-connection-unavailable":"Şebeke bağlantısı yok","network-error":"{{name}} bir şebeke bağlantısı gerektirir. Bir Wi-Fi veya mobil veri şebekesine bağlanmayı deneyin.","network-error-launching":"{{name}} requires an Internet connection.","network-error-in-app":"No access to the Internet right now.","unable-to-connect":"Bağlanılamadı","try-again":"Tekrar dene","check-settings":"Check settings","tap-to-check-settings":"Tap to check settings","select-time":"Saati seçin","choose-option":"Seç","choose-options":"Seç","select-day":"Günü seçin","battery-almost-empty":"Pil boşalmak üzere","add-to-home-screen":"Ana Ekran'a ekle","crash-dialog2-os":"{{brandShortName}} az önce bir çökmeden kurtarıldı","crash-dialog-app":"{{name}} biraz önce çöktü","crash-dialog-message":"Bu sorunu düzeltmemize yardım etmek için Mozilla'ya bu çökme hakkındaki raporu göndermek ister misiniz? (Raporlar yalnızca Wi-Fi üzerinden gönderilir.)","crash-info-link":"Çökme raporunda neler var?","crash-always-report":"Çökme olduğunda her zaman Mozilla'ya rapor gönder.","crash-dont-send":"Gönderme","crash-end":"Raporu Gönder","crashReports":"Çökme Raporları","done":"Bitti","crash-reports-description-1":"Bir çökme raporu, çökme ve aygıtınız hakkında bazı ayrıntıların yanı sıra aygıtınızın çökme zamandaki durumunu gösteren bir anlık görüntüsünü içerir.","crash-reports-description-2":"Bu rapor; açık sayfalar ve uygulamalar, formlara yazılmış metinler ve açık mesajların içeriği, yakın tarama geçmişi veya açık bir uygulamanın kullandığı coğrafi konum gibi şeyleri içerebilir.","crash-reports-description-3-start":"Çökme raporlarını sorunları düzeltmek ve ürünlerimizi geliştirmek için kullanıyoruz. Bilgilerinizi ","crash-reports-description-3-privacy":"gizlilik ilkelerimizde","crash-reports-description-3-end":"açıklandığı şekilde kullanıyoruz.","crash-banner-os2":"{{brandShortName}} az önce çöktü.","crash-banner-app":"{{name}} biraz önce çöktü.","crash-banner-report":"Rapor gönder","bluetooth-sending-progress":"Bluetooth aktarımı gönderiliyor..","bluetooth-receiving-progress":"Bluetooth aktarımı alınıyor..","acceptFileTransfer":"Bluetooth dosya aktarımı kabul edilsin mi?","wantToReceiveFile":"{{deviceName}}, {{fileName}} ({{fileSize}}) dosyasını aktarmak istiyor.","transfer-confirmation-title":"{{deviceName}}","transfer-confirmation-description":"Aktarım isteğini gözden geçirin.","byteUnit-B":"B","byteUnit-KB":"KB","byteUnit-MB":"MB","byteUnit-GB":"GB","byteUnit-TB":"TB","byteUnit-PB":"PB","byteUnit-EB":"EB","byteUnit-ZB":"ZB","byteUnit-YB":"YB","fileSize":"{{size}} {{unit}}","deny":"Reddet","transfer":"Aktar","cancelFileTransfer":"Bluetooth dosya aktarımı iptal edilsin mi?","continueFileTransfer":"Continue","transfer-has-started-title":"Aktarım başladı","transfer-has-started-description":"Bildirim merkezinden kontrol edin","transferFinished-sentSuccessful-title":"Dosya gönderildi","transferFinished-receivedSuccessful-title":"Dosya alındı","transferFinished-sentFailed-title":"Dosya gönderilemedi","transferFinished-receivedFailed-title":"Dosya alınamadı","transferReport-title":"Aktarım raporu:","transferReport-description":"{{numSuccessful}} dosya başarılı, {{numUnsuccessful}} dosya başarısız","unknown-file":"Bilinmeyen dosya","unknown-device":"Bilinmeyen aygıt","cannotOpenFile":"Alınan dosya açılamıyor","unknownMediaTypeToOpen":"Bilinmeyen ortam türü açılamıyor:","cannotReceiveFile":"Dosya alınamıyor","cannotGetStorageState":"Aygıt depolama durumu alınamadı.","sdcard-not-exist2":"Bellek kartı bulunamadı. Lütfen bir bellek kartı takın.","sdcard-in-use":"Bluetooth, telefon fişe takılıyken kullanılamaz. Dosya almak için telefonun fişini çekin.","sdcard-no-space2":"Aktarım tamamlanamadı: Bellek kartı dolu.","unknown-error":"Bilinmeyen hata","confirm":"Onayla","microphone-is-on":"Mikrofon açık","camera-is-on":"Kamera açık","media-is-on":"Kamera ve mikrofon AÇIK","noSimCard":"SIM kartı yok","simPin":"SIM PIN'i","pukCode":"PUK kodu","nckCode":"NCK kodu","cckCode":"CCK kodu","spckCode":"SPCK kodu","nck1code":"NCK1 code","nck2code":"NCK2 code","hnckcode":"HNCK code","rcckcode":"RCCK code","rspckcode":"RSPCK code","whatIsSimPin":"SIM PIN'i nedir?","simPinIntro1":"SIM PIN'i, SIM kartın hücresel veri şebekelerine erişmesini önler. Etkinleştirildiğinde, SIM kartın bulunduğu herhangi bir aygıt başlatılırken PIN'i soracaktır.","simPinIntro2":"SIM PIN'i cihazın kilidini açmak için kullanılan şifre ile aynı değildir.","changeSimPin":"PIN'i değiştir","pinTitle":"SIM PIN'ini girin","multiSIMpinTitle":"SIM {{n}} PIN'ini girin","pukTitle":"PUK kodunu girin","nckTitle":"NCK kodunu girin","cckTitle":"CCK kodunu girin","spckTitle":"SPCK kodunu girin","nck1Title":"Enter NCK1 code","nck2Title":"Enter NCK2 code","hnckTitle":"Enter HNCK code","rcckTitle":"Enter RCCK code","rspckTitle":"Enter RSPCK code","newpinTitle":"Yeni PIN","inputCodeRetriesLeft":{"_index":["plural","n"],"_":{"one":"son hakkınız.","two":"{{n}} deneme kaldı.","few":"{{n}} deneme kaldı.","many":"{{n}} deneme kaldı.","other":"{{n}} deneme kaldı."}},"pinErrorMsg":"PIN yanlış.","pinAttemptMsg2":{"_index":["plural","n"],"_":{"one":"SIM kart kilitlenmeden önce doğru kodu girmek için sadece bir hakkınız kaldı.","two":"SIM kart kilitlenmeden önce doğru kodu girmek için {{n}} deneme hakkınız kaldı.","few":"SIM kart kilitlenmeden önce doğru kodu girmek için {{n}} deneme hakkınız kaldı.","many":"SIM kart kilitlenmeden önce doğru kodu girmek için {{n}} deneme hakkınız kaldı.","other":"SIM kart kilitlenmeden önce doğru kodu girmek için {{n}} deneme hakkınız kaldı."}},"pinLastChanceMsg":"Bu sizin doğru PIN'i girmek için son şansınız. Aksi halde, bu SIM kartını kullanmak için PUK kodunu girmeniz gerekecek.","simCardLockedMsg":"SIM kart kilitli.","enterPukMsg":"SIM kartınızın Kişisel Kilit Açma Anahtarı'nı (PUK) girmelisiniz. Daha fazla bilgi için SIM kartınızın belgelerine bakın veya operatörünüzle irtibata geçin.","pukErrorMsg":"PUK kodu yanlış.","pukAttemptMsg2":{"_index":["plural","n"],"_":{"one":"Bu SIM kart kalıcı olarak kullanılamaz halde gelmeden önce doğru kodu girmeniz için sadece bir hakkınız kaldı. Daha fazla bilgi için SIM kartınızın belgelerine başvurun veya operatörünüzle iletişime geçin.","two":"Bu SIM kart kalıcı olarak kullanılamaz halde gelmeden önce doğru kodu girmeniz için {{n}} hakkınız kaldı. Daha fazla bilgi için SIM kartınızın belgelerine başvurun veya operatörünüzle iletişime geçin.","few":"Bu SIM kart kalıcı olarak kullanılamaz halde gelmeden önce doğru kodu girmeniz için {{n}} hakkınız kaldı. Daha fazla bilgi için SIM kartınızın belgelerine başvurun veya operatörünüzle iletişime geçin.","many":"Bu SIM kart kalıcı olarak kullanılamaz halde gelmeden önce doğru kodu girmeniz için {{n}} hakkınız kaldı. Daha fazla bilgi için SIM kartınızın belgelerine başvurun veya operatörünüzle iletişime geçin.","other":"Bu SIM kart kalıcı olarak kullanılamaz halde gelmeden önce doğru kodu girmeniz için {{n}} hakkınız kaldı. Daha fazla bilgi için SIM kartınızın belgelerine başvurun veya operatörünüzle iletişime geçin."}},"pukLastChanceMsg":"Doğru PUK'u girmek için son şansınız. Yanlış PUK girerseniz SIM kartınız kalıcı olarak kullanılamaz halde gelecektir. Daha fazla bilgi için SIM kartınızın belgelerine bakın veya operatörünüzle iletişime geçin.","newSimPinMsg":"PIN oluştur (4-8 haneli olmalı)","confirmNewSimPinMsg":"Yeni PIN'i onaylayın","newPinErrorMsg":"PIN'ler uyuşmuyor.","nckErrorMsg":"NCK kodu yanlış.","nckAttemptMsg2":{"_index":["plural","n"],"_":{"one":"Şebeke kişiselleştirmesini kaldırma isteği başarısız oldu. Doğru kodu girmek için bir hakkınız kaldı. Daha fazla bilgi için aygıt belgelerinize bakın veya operatörünüzle iletişime geçin.","two":"Şebeke kişiselleştirmesini kaldırma isteği başarısız oldu. Doğru kodu girmek için {{n}} hakkınız kaldı. Daha fazla bilgi için aygıt belgelerinize bakın veya operatörünüzle iletişime geçin.","few":"Şebeke kişiselleştirmesini kaldırma isteği başarısız oldu. Doğru kodu girmek için {{n}} hakkınız kaldı. Daha fazla bilgi için aygıt belgelerinize bakın veya operatörünüzle iletişime geçin.","many":"Şebeke kişiselleştirmesini kaldırma isteği başarısız oldu. Doğru kodu girmek için {{n}} hakkınız kaldı. Daha fazla bilgi için aygıt belgelerinize bakın veya operatörünüzle iletişime geçin.","other":"Şebeke kişiselleştirmesini kaldırma isteği başarısız oldu. Doğru kodu girmek için {{n}} hakkınız kaldı. Daha fazla bilgi için aygıt belgelerinize bakın veya operatörünüzle iletişime geçin."}},"nckLastChanceMsg":"Şebeke kişiselleştirmesini kaldırma isteği başarısız oldu. Doğru NCK kodunu girmek için son şansınız. Daha fazla bilgi için aygıt belgelerinize bakın veya operatörünüzle iletişime geçin.","activity-pick":"Şuradan seç:","activity-view":"Bununla görüntüle:","activity-test":"Bununla test et:","activity-share":"Bununla paylaş:","activity-new":"Bununla oluştur:","activity-open":"Bununla aç:","activity-save-bookmark":"Yer imi ekle:","activity-record":"Buradan kaydet:","activity-browse":"Bununla göz at:","activity-configure":"Bununla yapılandır:","activity-dial":"Buradan ara:","persona-signin":"Giriş yap","payment-flow":"Satın al","remoteDebuggerMessage":"Gelen bir uzaktan hata ayıklama bağlantısı talebi algılandı. Bağlantıya izin verilsin mi?","fullscreen-request":"{{origin}} şimdi tam ekran.","captive-wifi-available":"{{networkName}} ağı bulundu. Ağa katılınsın mı?","ceWarningtitle":"Ses düzeyi uyarısı","ceWarningcontent":"Olası işitme hasarını önlemek için yüksek ses düzeyinde uzun süre dinlemeyin.                ","notification-powersaving-mode-on-title":"Güç Tasarrufu Modu","notification-powersaving-mode-on-description":"Güç tasarrufu modu açık.","low-device-storage":"Aygıtta boş alan az.\\n","free-space":{"_index":["plural","value"],"_":{"zero":"Boş alan kalmadı.","one":"{{value}} {{unit}} kaldı.","two":"{{value}} {{unit}} kaldı.","few":"{{value}} {{unit}} kaldı.","many":"{{value}} {{unit}} kaldı.","other":"{{value}} {{unit}} kaldı."}},"unknown-free-space":"Kalan alan bilinmiyor.","system-alert":"Sistem Uyarısı","cb-channel":"Kanal {{channel}}","icc-message-title":"SIM {{id}} operatör mesajı","icc-confirmCall-defaultmessage":"Ara: {{number}}","icc-alertMessage-defaultmessage":"Mesaj gönderiliyor","icc-confirmMessage-defaultmessage":"Mesaj gönderilsin mi?","icc-inputbox-title":"SIM {{id}} STK sorgusu","emergency-callback-mode":"Acil durum geri arama modu","emergency-callback-message":"Acil geri arama modu etkin olduğu için arama yapamaz, mesaj gönderemez ve internete giremezsiniz. Bu modu kapatmak ister misiniz?","cdma-record-info":"CDMA kayıt bilgileri","ime-switching-title":"{{appName}}: {{name}}","ime-switching-tip":"Giriş yöntemini değiştirmek için dokunun","layout-selection":"Yerleşim seçimi","shrinking-tip":"Paylaşmak için kaydır","download_started":"İndirme başlatıldı","download_stopped":"İndirme durduruldu","download_downloading":"İndiriliyor…","download_succeeded":"İndirme tamamlandı","download_failed":"İndirme başarısız","download_text_by_default":"{{name}}","download_downloading_text_2":"%{{percentage}} - {{name}}","search-or-enter-address":{"_":"Search or enter address","placeholder":"Search or enter address"},"noSIMCardInHotspot":"SIM kart takılı olmadığı için erişim noktası kapatıldı","brandShortName":"B2G OS","browserBrandShortName":"Web Tarayıcısı","browserBrandFullName":"Mozilla Web Tarayıcısı","weekday-0-long":"Pazar","weekday-1-long":"Pazartesi","weekday-2-long":"Salı","weekday-3-long":"Çarşamba","weekday-4-long":"Perşembe","weekday-5-long":"Cuma","weekday-6-long":"Cumartesi","weekday-0-short":"Pzr","weekday-1-short":"Pzt","weekday-2-short":"Sal","weekday-3-short":"Çar","weekday-4-short":"Per","weekday-5-short":"Cum","weekday-6-short":"Cmt","month-0-long":"Ocak","month-1-long":"Şubat","month-2-long":"Mart","month-3-long":"Nisan","month-4-long":"Mayıs","month-5-long":"Haziran","month-6-long":"Temmuz","month-7-long":"Ağustos","month-8-long":"Eylül","month-9-long":"Ekim","month-10-long":"Kasım","month-11-long":"Aralık","month-0-genitive":"Ocak","month-1-genitive":"Şubat","month-2-genitive":"Mart","month-3-genitive":"Nisan","month-4-genitive":"Mayıs","month-5-genitive":"Haziran","month-6-genitive":"Temmuz","month-7-genitive":"Ağustos","month-8-genitive":"Eylül","month-9-genitive":"Ekim","month-10-genitive":"Kasım","month-11-genitive":"Aralık","month-0-short":"Oca","month-1-short":"Şub","month-2-short":"Mar","month-3-short":"Nis","month-4-short":"May","month-5-short":"Haz","month-6-short":"Tem","month-7-short":"Ağu","month-8-short":"Eyl","month-9-short":"Eki","month-10-short":"Kas","month-11-short":"Ara","minutes-ago-long":{"_index":["plural","value"],"_":{"zero":"biraz önce","one":"bir dakika önce","two":"{{value}} dakika önce","few":"{{value}} dakika önce","many":"{{value}} dakika önce","other":"{{value}} dakika önce"}},"hours-ago-long":{"_index":["plural","value"],"_":{"zero":"biraz önce","one":"bir saat önce","two":"{{value}} saat önce","few":"{{value}} saat önce","many":"{{value}} saat önce","other":"{{value}} saat önce"}},"days-ago-long":{"_index":["plural","value"],"_":{"zero":"bugün","one":"dün","two":"{{value}} gün önce","few":"{{value}} gün önce","many":"{{value}} gün önce","other":"{{value}} gün önce"}},"weeks-ago-long":{"_index":["plural","value"],"_":{"zero":"bu hafta","one":"geçen hafta","two":"{{value}} hafta önce","few":"{{value}} hafta önce","many":"{{value}} hafta önce","other":"{{value}} hafta önce"}},"months-ago-long":{"_index":["plural","value"],"_":{"zero":"bu ay","one":"geçen ay","two":"{{value}} ay önce","few":"{{value}} ay önce","many":"{{value}} ay önce","other":"{{value}} ay önce"}},"years-ago-long":{"_index":["plural","value"],"_":{"zero":"bu yıl","one":"geçen yıl","two":"{{value}} yıl önce","few":"{{value}} yıl önce","many":"{{value}} yıl önce","other":"{{value}} yıl önce"}},"minutes-until-long":{"_index":["plural","value"],"_":{"zero":"şimdi","one":"bir dakika önce","two":"{{value}} dakika içinde","few":"{{value}} dakika içinde","many":"{{value}} dakika içinde","other":"{{value}} dakika içinde"}},"hours-until-long":{"_index":["plural","value"],"_":{"zero":"şimdi","one":"bir saat içinde","two":"{{value}} saat içinde","few":"{{value}} saat içinde","many":"{{value}} saat içinde","other":"{{value}} saat içinde"}},"days-until-long":{"_index":["plural","value"],"_":{"zero":"bugün","one":"dün","two":"{{value}} gün içinde","few":"{{value}} gün içinde","many":"{{value}} gün içinde","other":"{{value}} gün içinde"}},"weeks-until-long":{"_index":["plural","value"],"_":{"zero":"bu hafta","one":"gelecek hafta","two":"{{value}} hafta içinde","few":"{{value}} hafta içinde","many":"{{value}} hafta içinde","other":"{{value}} hafta içinde"}},"months-until-long":{"_index":["plural","value"],"_":{"zero":"bu ay","one":"gelecek ay","two":"{{value}} ay içinde","few":"{{value}} ay içinde","many":"{{value}} ay içinde","other":"{{value}} ay içinde"}},"years-until-long":{"_index":["plural","value"],"_":{"zero":"bu yıl","one":"gelecek yıl","two":"{{value}} yıl içinde","few":"{{value}} yıl içinde","many":"{{value}} yıl içinde","other":"{{value}} yıl içinde"}},"minutes-ago-short":{"_index":["plural","value"],"_":{"zero":"biraz önce","other":"{{value}} dk önce"}},"hours-ago-short":{"_index":["plural","value"],"_":{"zero":"biraz önce","other":"{{value}} saat önce"}},"days-ago-short":{"_index":["plural","value"],"_":{"zero":"bugün","other":"{{value}} gün önce"}},"minutes-until-short":{"_index":["plural","value"],"_":{"zero":"şimdi","other":"{{value}} dk içinde"}},"hours-until-short":{"_index":["plural","value"],"_":{"zero":"şimdi","other":"{{value}} saat içinde"}},"days-until-short":{"_index":["plural","value"],"_":{"zero":"bugün","other":"{{value}} gün içinde"}},"incorrectDate":"(geçersiz tarih)","dateTimeFormat_%c":"%e %b %Y %a %H:%M:%S","dateTimeFormat_%x":"%d/%m/%Y","dateTimeFormat_%X":"%H:%M:%S","shortTimeFormat":"%H:%M","shortDateTimeFormat":"%x %H:%M","weekStartsOnMonday":"1","time_am":"ÖÖ","time_pm":"ÖS","perm-contacts":"Kişiler","perm-contacts-appRequest":"{{app}} kişi listenize erişmek istiyor.","perm-contacts-webRequest":"{{site}} kişi listenize erişmek istiyor.","perm-desktop-notification":"Bildirimler","perm-desktop-notification-appRequest":"{{app}} bildirimler göstermek istiyor.","perm-desktop-notification-webRequest":"{{site}} bildirimler göstermek istiyor.","perm-device-storage-music":"Müzik Depolama","perm-device-storage-music-appRequest":"{{app}} müziklerinize erişmek istiyor.","perm-device-storage-music-webRequest":"{{site}} müziklerinize erişmek istiyor.","perm-device-storage-pictures":"Resim Depolama","perm-device-storage-pictures-appRequest":"{{app}} resimlerinize erişmek istiyor.","perm-device-storage-pictures-webRequest":"{{site}} resimlerinize erişmek istiyor.","perm-device-storage-sdcard":"Bellek Kartı Depolama","perm-device-storage-sdcard-appRequest":"{{app}} bellek kartınıza erişmek istiyor.","perm-device-storage-sdcard-webRequest":"{{site}} bellek kartınıza erişmek istiyor.","perm-device-storage-videos":"Video Depolama","perm-device-storage-videos-appRequest":"{{app}} videolarınıza erişmek istiyor.","perm-device-storage-videos-webRequest":"{{site}} videolarınıza erişmek istiyor.","perm-fmradio":"FM Radyo","perm-fmradio-appRequest":"{{app}} FM Radyo'yu kullanmak istiyor.","perm-fmradio-webRequest":"{{site}} FM Radyo'yu kullanmak istiyor.","perm-geolocation":"Coğrafi Konum","perm-geolocation-appRequest":"{{app}} konumunuzu bilmek istiyor.","perm-geolocation-webRequest":"{{site}} konumunuzu bilmek istiyor.","perm-geolocation-more-info":"{{brandShortName}} yaklaşık konumunuzu belirlemek için GPS, Wi-Fi ve yakınınızdaki baz istasyonları gibi verileri kullanır. Bu veriler Mozilla'ya ve diğer hizmet sağlayıcılara gönderilir, ilgili konum veritabanlarını geliştirmek için toplanarak kullanılır. Veriler cihazınızda depolanabilir ve hiçbir uygulama çalışmadığı sırada dahi veri toplanabilir.","perm-video-capture":"Kamera","perm-video-capture-appRequest":"Kameranızı {{app}} ile paylaşmak istiyor musunuz?","perm-video-capture-webRequest":"Kameranızı {{site}} ile paylaşmak istiyor musunuz?","perm-audio-capture":"Mikrofon","perm-audio-capture-appRequest":"Mikrofonunuzu {{app}} ile paylaşmak istiyor musunuz?","perm-audio-capture-webRequest":"Mikrofonunuzu {{site}} ile paylaşmak istiyor musunuz?","perm-media-capture":"Kamera ve Mikrofon","perm-media-capture-appRequest":"Kamera ve mikrofonunuzu {{app}} ile paylaşmak istiyor musunuz?","perm-media-capture-webRequest":"Kamera ve mikrofonunuzu {{site}} ile paylaşmak istiyor musunuz?","stopped_download_title":"İndirme durduruldu","stopped_download_message":"İndirme durduruldu. Tekrar denensin mi?","stopped_download_left_button":"İptal","stopped_download_right_button":"Tekrar dene","failed_download_title":"İndirme başarısız","failed_download_message":"{{name}} indirmesi başarısız oldu. Tekrar denensin mi?","failed_download_left_button":"İptal","failed_download_right_button":"Tekrar dene","stop_download_title":"İndirmeyi durdur","stop_download_message":"İndirmeyi durdurmak istediğinizden emin misiniz?","stop_download_left_button":"Hayır","stop_download_right_button":"Evet","delete_download_title":"Sil","delete_download_message":"{{name}} silinsin mi?","delete_download_left_button":"İptal","delete_download_right_button":"Sil","delete_all_download_title":"Sil","delete_all_download_left_button":"İptal","delete_all_download_right_button":"Sil","delete_all_download_message":{"_index":["plural","number"],"_":{"zero":"Hiçbir dosya silinmesin mi?","one":"Bir dosya silinsin mi?","two":"{{number}} dosya silinsin mi?","few":"{{number}} dosya silinsin mi?","many":"{{number}} dosya silinsin mi?","other":"{{number}} dosya silinsin mi?"}},"unsupported_file_type_download_title":"Açılamadı","unsupported_file_type_download_message":"{{name}} dosyasını açabilen bir uygulama yok. Dosyayı kaydetmek mi yoksa silmek mi istersiniz?","unsupported_file_type_download_left_button":"Dosyayı tut","unsupported_file_type_download_right_button":"Sil","file_not_found_download_title":"Dosya bulunamadı","file_not_found_download_message":"Dosya cihazda bulunamadı","file_not_found_download_right_button":"Tamam","unmounted_sdcard_2_download_title":"Bellek kartı kullanımda","unmounted_sdcard_2_download_message":"Telefonun bağlantısını kesin","unmounted_sdcard_2_download_right_button":"Tamam","no_provider_download_title":"Paylaşılamadı","no_provider_download_message":"Sağlayıcı bulunamadı","no_provider_download_right_button":"Tamam","no_memory_download_title":"SD kart dolu","no_memory_download_message":"İndirdiğiniz dosyayı kaydetmek için SD kartınızda yer kalmadı. İndirmeyi yeniden başlatmadan önce lütfen bazı dosyaları silin.","no_memory_download_right_button":"Tamam","no_sdcard_found_2_download_title":"Bellek kartı bulunamadı","no_sdcard_found_2_download_message":"Bellek kartı takın veya ayarlardan alternatif bir varsayılan medya konumu seçin","no_sdcard_found_2_download_right_button":"Tamam","file_open_error_download_title":"Açılamıyor","file_open_error_download_message":"{{name}} açılırken bir sorun oluştu. Dosyayı kaydetmek mi yoksa silmek mi istersiniz?","file_open_error_download_left_button":"Dosyayı tut","file_open_error_download_right_button":"Sil","restart_download_error":"İndirme yeniden başlatılırken bir hata oluştu. Lütfen tekrar indirmeyi deneyin.","no-downloads":"İndirme yok","percentage":"% {{percentage}}","partialResult":"{{partial}} / {{total}}","summary":"{{date}} - {{status}}","download-stopped":"Durduruldu","download-failed":"İndirme başarısız","open_downloaded_file":"Aç","share_downloaded_file":"Paylaş","wallpaper_downloaded_file":"Duvar kâğıdı yap","ringtone_downloaded_file":"Zil sesi yap","cancel_downloaded_file":"İptal","voicemailNoNumberTitle":"Voicemail number is unavailable","voicemailNoNumberText":"Unable to call the voicemail. Set up the voicemail number to place the call.","voicemailNoNumberSettings":"Settings","voicemailNoNumberCancel":"Cancel","firefox-accounts-title":"Firefox Accounts","fxa-next":"Next","fxa-back":"Back","fxa-done":"Done","fxa-ok":"OK","fxa-account-does-not-exist-title":"Account does not exist","fxa-account-does-not-exist-message":"Account does not exist","fxa-cannot-create-account":"Unable to create account","fxa-cannot-create-password":"Unable to reset your Firefox Accounts password right now.","fxa-already-signed-in-title":"User is already signed in","fxa-already-signed-in-message":"There is an user is already signed in Firefox.","fxa-invalid-password-title":"Invalid password","fxa-invalid-password-message":"You have used an invalid password. Please try again with a valid one.","fxa-invalid-email-title":"Invalid email address","fxa-invalid-email-message":"You have used an invalid email address. Please try again with a valid one.","fxa-connection-error-title":"Unable to connect","fxa-connection-error-message":"Unable to connect to Firefox right now. You can sign in or create an account from your phone's settings or try it again.","fxa-reset-password-error-title":"Unable to reset password","fxa-reset-password-error-message":"Your password was not reset. Please try again.","fxa-reset-password-in-settings-title":"Reset Password","fxa-reset-password-in-settings-message":"You can reset your password from your phone's settings.","fxa-generic-error-title":"Unable to connect to Firefox","fxa-generic-error-message":"Unable to connect to Firefox Accounts right now. Try your phone's settings or check your connection to Internet.","fxa-coppa-failure-error-title":"Cannot Create Account","fxa-coppa-failure-error-message":"You must meet certain age requirements to create a Firefox Accounts. <a href='http://www.ftc.gov/news-events/media-resources/protecting-consumer-privacy/kids-privacy-coppa'>Learn more</a>","fxa-coppa-ftu-error-message":"You must meet certain age requirements to create a Firefox Accounts. Try again later from Settings.","fxa-offline-error-title":"Unable to connect to Firefox","fxa-offline-error-message":"Unable to connect to Firefox Accounts right now. Check your phone' settings and your Internet connection.","fxa-unknown-error-title":"Unknown error","fxa-unknown-error-message":"Unknown error","fxa-connecting-to-firefox":"Connecting to Firefox Accounts","fxa-email-input":{"placeholder":"Email"},"fxa-use-email-to-sign-in":"Use your email address to create an account or sign in.","fxa-agree-to-tos-pp":"By proceeding, you agree to our <a href=\"#fxa-tos\">Terms of Service</a> and <a href=\"#fxa-pp\">Privacy Policy</a>","fxa-set-password-title":"Enter your new password","fxa-enter-password-title":"Enter your password","fxa-hello-user":"Hello, <a id=\"fxa-user-email\">hola@email.com</a>","fxa-password-refresh":"Please enter your Firefox Account password for <a id=\"fxa-user-email\">hola@email.com</a> to continue.","fxa-password":{"placeholder":"Password"},"fxa-forgot-password":"I forgot my password","fxa-show-password":"Show password","fxa-authenticating":"Authenticating","fxa-registering":"Registering","fxa-success":"Success!","fxa-ready-to-go":"Your Firefox Account is ready to go! ","fxa-use-services":"Now you can use <span id=\"fxa-summary-email\">email</span> to access services like Marketplace and Where’s My Fox.","fxa-manage-account-settings":"In the future, you can access and manage your account from your phone's settings.","fxa-confirm-account":"Confirm Your Account","fxa-sending-email-to":"We have sent you an email to: <strong id=\"fxa-summary-email\">email</strong>","fxa-tos-header":"Terms of Service","fxa-tos1":"Lorem ipsum dolor sit amet, consectetur adipisicing elit, sed do eiusmod tempor incididunt ut labore et dolore magna aliqua. Ut enim ad minim veniam, quis nostrud exercitation ullamco laboris nisi ut aliquip ex ea commodo consequat. Duis aute irure dolor in reprehenderit in voluptate velit esse cillum dolore eu fugiat nulla pariatur. ","fxa-tos2":"Excepteur sint occaecat qui of fi cia deserunt mollit anim id est laborum.  Lorem ipsum dolor sit amet, consectetur adipisicing elit, sed do eiusmod tempor incididunt ut labore et dolore magna aliqua. Ut enim ad minim veniam,quis nostrud exercitation ullamco laboris nisi ut aliquip ex ea commodo consequat. Duis aute irure dolor in.","fxa-pp-header":"Privacy Policy","fxa-pp1":"Lorem ipsum dolor sit amet, consectetur adipisicing elit, sed do eiusmod tempor incididunt ut labore et dolore magna aliqua. Ut enim ad minim veniam, quis nostrud exercitation ullamco laboris nisi ut aliquip ex ea commodo consequat. Duis aute irure dolor in reprehenderit in voluptate velit esse cillum dolore eu fugiat nulla pariatur. ","fxa-pp2":"Excepteur sint occaecat qui of fi cia deserunt mollit anim id est laborum.  Lorem ipsum dolor sit amet, consectetur adipisicing elit, sed do eiusmod tempor incididunt ut labore et dolore magna aliqua. Ut enim ad minim veniam,quis nostrud exercitation ullamco laboris nisi ut aliquip ex ea commodo consequat. Duis aute irure dolor in.","fxa-age-verification":"Age Verification","fxa-age-1990-earlier":"1990 or earlier","fxa-year-of-birth":"Year of Birth"}