{"setup-app-name-header":"মেইল","setup-empty-account-prompt":"আপনি পাঠানো বা গ্রহনের জন্য ইমেইল সেটআপ করেননি। আপনি কি এখন তা করতে চান?","setup-pick-service":"মেইল পাঠাতে এবং গ্রহন করতে, আপনাকে একটি আ্যাকাউন্ট তৈরী করতে হবে।","setup-account-header3":"নতুন অ্যাকাউন্ট","setup-info-name":{"placeholder":"আপনার নাম"},"setup-info-email":{"placeholder":"someone@example.com"},"setup-info-password":{"placeholder":"পাসওয়ার্ড"},"setup-info-next":"পরবর্তী","setup-progress-wait-msg":"অ্যাকাউন্ট সেটিং করুন","setup-completed-header":"মেইল অ্যাকাউন্ট সেটআপ","setup-completed-label":"সব সম্পন্ন!","setup-add-another-account":"আরেকটি অ্যাকাউন্ট যোগ করুন","setup-show-mail":"মেইল পড়ুন","setup-error-offline":"ডিভাইসটি বর্তমানে অফলাইনে আছে। নেটওয়ার্কে সংযুক্ত হোন এবং পুনরায় চেষ্টা করুন।","setup-error-bad-user-or-pass2":"ব্যবহারকারীর নাম বা পাসওয়ার্ড কার্যকর নয়। বানান পরীক্ষা করুন।","setup-error-bad-address":"Invalid e-mail address. Check for typos.","setup-error-not-authorized":"The server said you’re not authorized to create an account","setup-error-pop-server-not-great":"সার্ভার অসমর্থিত। POP3 সার্ভার অপরিহার্য বৈশিষ্ট্য গুলো সম্পাদন করে না।","setup-error-unknown2":"একটি অজ্ঞাত ভুল হয়েছে। আপনার নেটওয়ার্ক সংযোগ পরীক্ষা করুন বা ম্যানুয়াল কনফিগারেশন অপশনে চেষ্টা করুন।","setup-error-needs-app-pass":"২ ফ্যাক্টর জিমেইল অ্যাকাউন্টের জন্য আপনাকে অবশ্যই একটা এপ্লিকেশন এর জন্য নির্দিষ্ট পাসওয়ার্ড ব্যাবহার করতে হবে","setup-error-imap-disabled":"জিমেইল একাউন্টের জন্য আপনাকে অবশ্যই IMAP চালু করতে হবে","setup-error-pop3-disabled":"জিমেইল একাউন্টের জন্য আপনাকে অবশ্যই POP3 চালু করতে হবে","setup-error-bad-security":"\"{{server}}\"এর সাথে নিরাপদ সংযোগ স্থাপন করা যাচ্ছে না। এটি আপনার নেটওয়ার্ক বা সার্ভারের সমস্যা হতে পারে।","setup-error-unresponsive-server":"\"{{server}}\"এর সাথে নিরাপদ সংযোগ স্থাপন করা যাচ্ছে না। এটি আপনার নেটওয়ার্কের সমস্যা হতে পারে।","setup-error-server-problem":"\"{{server}}\" সার্ভারে কিছু একটা সমস্যা হয়েছে। পরে আবার চেষ্টা করুন।","setup-error-no-config-info":"স্বয়ংক্রিয়ভাবে আপনার একাউন্টটি কনফিগার করা সম্ভব হচ্ছে না। আপনার ইমেইল ঠিকানাটি ঠিক করুন অথবা ম্যানুয়াল কনফিগারেশন অপশনটি চেষ্টা করে দেখুন।","setup-error-server-maintenance":"সার্ভারটি \"{{server}}\" মেরামত কাজের জন্য অফলাইন আছে। কিছুক্ষণ পর আবার চেষ্টা করুন।","setup-error-account-already-exists":"একাউন্টটি ইতোমধ্যে সংগঠিত","setup-manual-config2":"ম্যানুয়াল সেটআপ","setup-manual-config-header":"ম্যানুয়াল সেটআপ","setup-manual-account-type":"অ্যাকাউন্টের ধরন","setup-manual-imap-header":"IMAP সেটিংসমূহ","setup-manual-pop3-header":"POP3 সেটিংস","setup-manual-smtp-header":"SMTP সেটিংস","setup-manual-activesync-header":"একটিভসিঙ্ক সেটিংস","setup-manual-next":"পরবর্তী","setup-manual-socket":"সকেটের ধরণ","setup-manual-socket-ssl":"SSL","setup-manual-socket-starttls":"STARTTLS","setup-manual-hostname":{"placeholder":"হোস্ট নাম"},"setup-manual-port":{"placeholder":"পোর্ট নম্বর"},"setup-manual-username":{"placeholder":"ব্যবহারকারীর নাম"},"setup-manual-activesync-username":{"placeholder":"Domain\\Username"},"setup-bad-password-header":"ত্রুটিযুক্ত পাসওয়ার্ড!","setup-bad-password":"আমরা সার্ভারে সাইন-ইন করতে পারছি না। আপনার পাসওয়ার্ডটি কি ভুল?","setup-new-password":{"placeholder":"নতুন গোপনশব্দ"},"setup-fix-password":"নতুন পাসওয়ার্ড দিয়ে আবার চেষ্টা করুন","setup-gmail-twofactor-header":"টু-ফেক্টর সক্রিয়","setup-gmail-twofactor-message":"আপনাকে এপ্লিকেশন-সংশ্লিষ্ট একটি পাসওয়ার্ড দিতে হবে।","setup-gmail-twofactor-fix":"এপ্লিকেশন পাসওয়ার্ড ব্যবহার করুন","setup-gmail-imap-header":"IMAP বন্ধ","setup-gmail-imap-message":"জিমেইল একাউন্টের জন্য আপনাকে অবশ্যই IMAP চালু করতে হবে","setup-gmail-imap-retry":"পুনরায় চেষ্টা করুন","setup-gmail-pop3-header":"POP3 নিষ্ক্রিয়","setup-gmail-pop3-message":"জিমেইল একাউন্টের জন্য আপনাকে অবশ্যই POP3 চালু করতে হবে","setup-gmail-pop3-retry":"পুনরায় চেষ্টা","settings-main-header":"মেইল সেটিং","settings-sub-header-account":"একাউন্ট","settings-account-name":"আপনার নাম","settings-account-display-notifications":"নতুন বার্তার জন্যে বিজ্ঞপ্তি প্রদর্শন কর","settings-sub-header-data":"ডাটা","settings-account-check-mail":"নতুন বার্তার খোজ কর","settings-sub-header-server":"সার্ভার সেটিংস","settings-account-userpass":"ইউজারনেম ও পাসওয়ার্ড","fld-account-picker-last-sync":"সর্বশেষ সিঙ্ক:","settings-done":"সম্পন্ন","settings-account-section":"অ্যাকাউন্ট","settings-account-add":"অ্যাকাউন্ট যোগ করুন","settings-account-delete":"অ্যাকাউন্ট অপসারণ","settings-account-delete-prompt":"আপনি কি নিশ্চিত যে আপনি আপনার {{account}} মেইল একাউন্টটি ডিলিট করতে চান? আপনি যদি পুনরায় একাউন্টটি যোগ করেন তাহলে আপনার মেইলগুলো আবারও ডাউনলোড করতে হবে।","settings-account-delete-cancel":"বাতিল","settings-account-delete-confirm":"অপসারণ","settings-account-clarify-imap":"{{account-name}} (IMAP)","settings-account-clarify-pop3":"{{account-name}} (POP3)","settings-account-clarify-smtp":"{{account-name}} (SMTP)","settings-general-section":"সাধারণ সেটিংসমূহ","settings-show-images":"সর্বদা ছবিগুলি প্রদর্শন করা হবে","settings-download-attachments":"এটাচমেন্টগুলি ডাউনলোড করুন","settings-check-every-5min":"প্রতি ৫ মিনিট","settings-check-every-10min":"প্রতি ১০ মিনিটে","settings-check-every-15min":"প্রতি ১৫ মিনিটে","settings-check-every-30min":"প্রতি ৩০ মিনিটে","settings-check-every-60min":"প্রতি ঘন্টায়","settings-check-every-manual":"নিজ হাতে","settings-check-dynamic":{"_index":["plural","n"],"_":{"zero":"সেকেন্ড","one":"{{ n }} সেকেন্ড","two":"{{ n }} সেকেন্ড","few":"{{ n }} সেকেন্ড","many":"{{ n }} সেকেন্ড","other":"{{ n }} সেকেন্ড"}},"settings-default-account":"পূর্বনির্ধারিত ইমেইল হিসাবে নির্ধারণ করুন","settings-account-type":"অ্যাকাউন্টের ধরন","settings-account-credentials":"প্রমান পত্র","settings-activesync-label":"ActiveSync সেটিংস","settings-imap-label":"IMAP সেটিং","settings-pop3-label":"POP3 সেটিংস","settings-smtp-label":"SMTP সেটিংসমূহ","settings-hostname":"হোস্টনেম","settings-port":"পোর্ট","settings-username":"ব্যবহারকারীর নাম","settings-password":"পাসওয়ার্ড","settings-save":"সংরক্ষণ","settings-password-empty":"পাসওয়ার্ড ঘর খালি রাখা যাবে না","settings-account-synchronize-window":"সিংক্রোনাইজ করার দিন","settings-synchronize-auto":"স্বয়ংক্রিয়","settings-synchronize-one-day":"১ দিন","settings-synchronize-three-days":"৩ দিন","settings-synchronize-one-week":"১ সপ্তাহ","settings-synchronize-two-weeks":"২ সপ্তাহ","settings-synchronize-one-month":"১ মাস","settings-synchronize-all":"সব বার্তা","envelope-from":"প্রেরক","envelope-to":"প্রাপক","envelope-cc":"Cc","envelope-bcc":"Bcc","reader-header":"পড়ুন","compose-header":"বার্তা লিখন","compose-header-short":"কম্পোজ","compose-send":"প্রেরণ করুন","compose-to":"প্রাপক","compose-cc":"cc","compose-bcc":"bcc","compose-attachments":{"_index":["plural","n"],"_":{"zero":"সংযুক্তিসমূহ","one":"{{ n }} সংযুক্তি","two":"{{ n }} সংযুক্তিসমূহ","few":"{{ n }} সংযুক্তিসমূহ","many":"{{ n }} সংযুক্তিসমূহ","other":"{{ n }} সংযুক্তিসমূহ"}},"compose-subject":"বিষয়","compose-draft-save":"স্থানীয় খসড়াতে সংরক্ষণ করুন","compose-discard-message":"ইমেইলটি বাতিল করবেন?","compose-discard-confirm":"বাতিল","compose-sending-message":"ই-মেইল প্রেরণ করা হচ্ছে","compose-send-message-failed":"ইমেইল পাঠাতে ব্যার্থ","composer-attachment-large":"সংযুক্তির আকার অনেক বড়","composer-attachments-large":"সংযুক্তিসমূহের আকার অনেক বড়","compose-attchment-size-exceeded":"বার্তার সাথে পাঠানোর জন্য নির্বাচিত সংযুক্তির আকার অনেক বড়।","compose-attchments-size-exceeded":"বার্তার সাথে পাঠানোর জন্য নির্বাচিত সংযুক্তিসমূহের আকার অনেক বড়। কম ফাইল নির্বাচন করে চেষ্টা করুন।","dialog-button-ok":"ঠিক আছে","default-attachment-filename":"attachment{{ n }}","attachment-size-kib":"{{kilobytes}}কিলো","message-attachment-view":{"textContent":"প্রদর্শন"},"message-attachment-too-large":"This file is too large to download.","message-no-subject":"(কোনো বিষয় নেই)","message-edit-menu-delete":"অপসারণ","message-edit-delete-confirm":"মেইল বার্তাগুলি অপসারণ করবেন?","message-send-attachment-disabled-confirm":"সংযুক্তিসমূহ ফরওয়ার্ড করা যাবে না।","message-multiedit-header":{"_index":["plural","n"],"_":{"zero":"সম্পাদনা","one":"{{ n }} নির্বাচিত","two":"{{ n }} নির্বাচিত","few":"{{ n }} নির্বাচিত","many":"{{ n }} নির্বাচিত","other":"{{ n }} নির্বাচিত"}},"browse-to-url-prompt":"এই ইউআরএল এ ব্রাউজ করা হবে?: {{ url }}","message-download-images":{"_index":["plural","n"],"_":{"one":"এই ইমেইলটিতে একটি ছবি আছে। ডাউনলোড করার জন্য ক্লিক করুন।","two":"এই ইমেইলটিতে {{ n }} টি ছবি আছে। ডাউনলোড করার জন্য ক্লিক করুন।","few":"এই ইমেইলটিতে {{ n }} টি ছবি আছে। ডাউনলোড করার জন্য ক্লিক করুন।","many":"এই ইমেইলটিতে {{ n }} টি ছবি আছে। ডাউনলোড করার জন্য ক্লিক করুন।","other":"এই ইমেইলটিতে {{ n }} টি ছবি আছে। ডাউনলোড করার জন্য ক্লিক করুন।"}},"message-show-external-images":"বাইরের ছবি প্রদর্শন","message-multiedit-cancel":"বাতিল","message-multiedit-delete-confirm":{"_index":["plural","n"],"_":{"one":"এই মেইলের বার্তা অপসারণ করবেন?","two":"{{ n }} ইমেইল বার্তা অপসারণ করবেন?","few":"{{ n }} ইমেইল বার্তাসমূহ অপসারণ করবেন?","many":"{{ n }} ইমেইল বার্তাসমূহ অপসারণ করবেন?","other":"{{ n }} ইমেইল বার্তাসমূহ অপসারণ করবেন?"}},"message-large-message-cancel":"বাতিল","message-large-message-ok":"চালিয়ে যান","message-large-message-confirm":"এই বার্তাটি বিশাল তাই এটি ডাউনলোড হতে কিছু সময় লাগবে।","message-search-from":"প্রেরক","message-search-to":"প্রাপক","message-search-subject":"বিষয়","message-search-body":"বার্তা","message-search-all":"সব","message-search-input":{"placeholder":"মেইল অনুসন্ধান করুন"},"message-search-cancel-accessible":"অনুসন্ধান বাতিল করুন","messages-syncing":"বার্তাসমূহ লোড করা হচ্ছে","messages-sync-more":"সার্ভার থেকে আরও বার্তা লোড কর","messages-folder-empty":"এই ফোল্ডারে কোন বার্তা নেই","messages-search-empty":"স্থানীয়ভাবে ক্যাশকৃত বার্তার সাথে মিল পাওয়া যায়নি","messages-folder-select":"ফোল্ডার নির্বাচন করুন","message-contact-menu-create":"নতুন পরিচিতি সংরক্ষণ করুন","message-contact-menu-add-existing":"বিদ্যমান পরিচিতিতে যুক্ত করুন","message-contact-menu-view":"পরিচিতি দেখুন","message-contact-menu-reply":"জবাব","message-contact-menu-new":"নতুন ইমেইল প্রেরণ","message-reply-menu-reply":"জবাব","message-reply-menu-reply-all":"সকলের প্রতি উত্তর","message-reply-menu-forward":"ফরওয়ার্ড","message-reply-menu-cancel":"বাতিল","folder-list-header":"ফোল্ডার","account-last-synced-label":"সর্বশেষ সিঙ্ক:","account-never-synced":"কখনো নয়","reply-quoting-wrote":"{name} লিখেছেন","forward-original-message":"আসল বার্তা","forward-header-subject":"বিষয়","forward-header-date":"তারিখ","forward-header-from":"প্রেরক","forward-header-reply-to":"উত্তর - প্রাপক","forward-header-to":"প্রাপক","forward-header-cc":"Cc","folder-inbox":"ইনবক্স","folder-sent":"প্রেরিত","folder-drafts":"খসড়াসমূহ","folder-trash":"আবর্জনা","folder-queue":"অপ্রেরিত","folder-junk":"অপ্রয়োজনীয়","folder-archives":"আর্কাইভ","folder-localdrafts":"স্থানীয় খসড়া","toaster-undo":"পূর্বাবস্থায় ফিরে যান","toaster-retry":"পুনরায় চেষ্টা করুন","toaster-message-star":{"_index":["plural","n"],"_":{"one":"১টি বার্তা ফ্লাগ সেট করা হয়েছে","two":"{{ n }} টি বার্তা ফ্লাগ করা হয়েছে","few":"{{ n }} টি বার্তা ফ্লাগ করা হয়েছে","many":"{{ n }} টি বার্তা ফ্লাগ করা হয়েছে","other":"{{ n }} টি বার্তা ফ্লাগ করা হয়েছে"}},"toaster-message-unstar":{"_index":["plural","n"],"_":{"one":"১ র্বার্তা পতাকা অপসারিত","two":"{{ n }} টি বার্তা ফ্লাগ অপসারিত হয়েছে","few":"{{ n }} টি বার্তা ফ্লাগ অপসারিত হয়েছে","many":"{{ n }} টি বার্তা ফ্লাগ অপসারিত হয়েছে","other":"{{ n }} টি বার্তা ফ্লাগ অপসারিত হয়েছে"}},"toaster-message-read":{"_index":["plural","n"],"_":{"one":"১টি বার্তা পঠিত হিসাবে চিহ্নিত হয়েছে","two":"{{ n }} টি বার্তা পঠিত হিসাবে চিহ্নিত হয়েছে","few":"{{ n }} টি বার্তা পঠিত হিসাবে চিহ্নিত হয়েছে","many":"{{ n }} টি বার্তা পঠিত হিসাবে চিহ্নিত হয়েছে","other":"{{ n }} টি বার্তা পঠিত হিসাবে চিহ্নিত হয়েছে"}},"toaster-message-unread":{"_index":["plural","n"],"_":{"one":"১টি বার্তা অপঠিত হিসাবে চিহ্নিত হয়েছে","two":"অপঠিত হিসেবে {{ n }} টি বার্তা চিহ্নিত করা হয়েছে","few":"অপঠিত হিসেবে {{ n }} টি বার্তা চিহ্নিত করা হয়েছে","many":"অপঠিত হিসেবে {{ n }} টি বার্তা চিহ্নিত করা হয়েছে","other":"অপঠিত হিসেবে {{ n }} টি বার্তা চিহ্নিত করা হয়েছে"}},"toaster-message-move":{"_index":["plural","n"],"_":{"one":"১টি বার্তা সরানো হয়েছে","two":"{{ n }} টি বার্তা সরানো হয়েছে","few":"{{ n }} টি বার্তা সরানো হয়েছে","many":"{{ n }} টি বার্তা সরানো হয়েছে","other":"{{ n }} টি বার্তা সরানো হয়েছে"}},"toaster-message-delete":{"_index":["plural","n"],"_":{"one":"১ টি বার্তা অপসারিত হয়েছে","two":"{{ n }} টি বার্তা অপসারিত হয়েছে","few":"{{ n }} টি বার্তা অপসারিত হয়েছে","many":"{{ n }} টি বার্তা অপসারিত হয়েছে","other":"{{ n }} টি বার্তা অপসারিত হয়েছে"}},"toaster-retryable-syncfailed":"সার্ভারের সাথে সংযোগ স্থাপন করা যায়নি","form-clear-input":"লেখা অপসারণ করুন","confirm-dialog-title":"নিশ্চিতকরণ","senders-separation-sign":", ","new-emails":{"_index":["plural","n"],"_":{"one":"১ টি নতুন ইমেইল","two":"{{ n }} টি নতুন ইমেইল","few":"{{ n }} টি নতুন ইমেইল","many":"{{ n }} টি নতুন ইমেইল","other":"{{ n }} টি নতুন ইমেইল"}},"new-emails-notify-one-account":{"_index":["plural","n"],"_":{"one":"১ টি নতুন ইমেইল","two":"{{ n }} টি নতুন ইমেইল","few":"{{ n }} টি নতুন ইমেইল","many":"{{ n }} টি নতুন ইমেইল","other":"{{ n }} টি নতুন ইমেইল"}},"new-emails-notify-multiple-accounts":{"_index":["plural","n"],"_":{"one":"১টি নতুন ই-মেইল ({{ accountName }})","two":"{{ n }} টি নতুন ই-মেইল ({{ accountName }})","few":"{{ n }} টি নতুন ইমেইল ({{ accountName }})","many":"{{ n }} টি নতুন ই-মেইল ({{ accountName }})","other":"{{ n }} টি নতুন ই-মেইল ({{ accountName }})"}},"new-emails-notify-multiple-accounts-body":"{{ from }} “{{ subject }}”","weekday-0-long":"রবিবার","weekday-1-long":"সোমবার","weekday-2-long":"মঙ্গলবার","weekday-3-long":"বুধবার","weekday-4-long":"বৃহস্পতিবার","weekday-5-long":"শুক্রবার","weekday-6-long":"শনিবার","weekday-0-short":"রবি","weekday-1-short":"সোম","weekday-2-short":"মঙ্গল","weekday-3-short":"বুধ","weekday-4-short":"বৃহঃ","weekday-5-short":"শুক্র","weekday-6-short":"শনি","month-0-long":"জানুয়ারি","month-1-long":"ফেব্রুয়ারি","month-2-long":"মার্চ","month-3-long":"এপ্রিল","month-4-long":"মে","month-5-long":"জুন","month-6-long":"জুলাই","month-7-long":"আগস্ট","month-8-long":"সেপ্টেম্বর","month-9-long":"অক্টোবর","month-10-long":"নভেম্বর","month-11-long":"ডিসেম্বর","month-0-genitive":"জানুয়ারি","month-1-genitive":"ফেব্রুয়ারি","month-2-genitive":"মার্চ","month-3-genitive":"এপ্রিল","month-4-genitive":"মে","month-5-genitive":"জুন","month-6-genitive":"জুলাই","month-7-genitive":"আগস্ট","month-8-genitive":"সেপ্টেম্বর","month-9-genitive":"অক্টোবর","month-10-genitive":"নভেম্বর","month-11-genitive":"ডিসেম্বর","month-0-short":"জানু","month-1-short":"ফেব্রু","month-2-short":"মার্চ","month-3-short":"এপ্রিল","month-4-short":"মে","month-5-short":"জুন","month-6-short":"জুলাই","month-7-short":"আগস্ট","month-8-short":"সেপ্ট","month-9-short":"অক্টো","month-10-short":"নভে","month-11-short":"ডিসে","minutes-ago-long":{"_index":["plural","value"],"_":{"zero":"এইমাত্র","one":"১ মিনিট পূর্বে","two":"{{value}} মিনিট পূর্বে","few":"{{value}} মিনিট পূর্বে","many":"{{value}} মিনিট পূর্বে","other":"{{value}} মিনিট পূর্বে"}},"hours-ago-long":{"_index":["plural","value"],"_":{"zero":"এইমাত্র","one":"১ ঘন্টা পূর্বে","two":"{{value}} ঘন্টা পূর্বে","few":"{{value}} ঘন্টা পূর্বে","many":"{{value}} ঘন্টা পূর্বে","other":"{{value}} ঘন্টা পূর্বে"}},"days-ago-long":{"_index":["plural","value"],"_":{"zero":"আজ","one":"গতকাল","two":"{{value}} দিন পূর্বে","few":"{{value}} দিন পূর্বে","many":"{{value}} দিন পূর্বে","other":"{{value}} দিন পূর্বে"}},"weeks-ago-long":{"_index":["plural","value"],"_":{"zero":"এই সপ্তাহে","one":"গত সপ্তাহ","two":"{{value}} সপ্তাহ পূর্বে","few":"{{value}} সপ্তাহ পূর্বে","many":"{{value}} সপ্তাহ পূর্বে","other":"{{value}} সপ্তাহ পূর্বে"}},"months-ago-long":{"_index":["plural","value"],"_":{"zero":"চলতি মাস","one":"গত মাস","two":"{{value}} মাস পূর্বে","few":"{{value}} মাস পূর্বে","many":"{{value}} মাস পূর্বে","other":"{{value}} মাস পূর্বে"}},"years-ago-long":{"_index":["plural","value"],"_":{"zero":"এই বছর","one":"গত বছর","two":"{{value}} বছর আগে","few":"{{value}} বছর পূর্বে","many":"{{value}} বছর পূর্বে","other":"{{value}} বছর পূর্বে"}},"minutes-until-long":{"_index":["plural","value"],"_":{"zero":"এখন","one":"এক মিনিটের মধ্যে","two":"{{value}} মিনিটের মধ্যে","few":"{{value}} মিনিটের মধ্যে","many":"{{value}} মিনিটের মধ্যে","other":"{{value}} মিনিটের মধ্যে"}},"hours-until-long":{"_index":["plural","value"],"_":{"zero":"এখন","one":"এক ঘন্টার মধ্যে","two":"{{value}} ঘন্টার মধ্যে","few":"{{value}} ঘন্টার মধ্যে","many":"{{value}} ঘন্টার মধ্যে","other":"{{value}} ঘন্টার মধ্যে"}},"days-until-long":{"_index":["plural","value"],"_":{"zero":"আজ","one":"আগামীকাল","two":"{{value}} দিনের মধ্যে","few":"{{value}} দিনের মধ্যে","many":"{{value}} দিনের মধ্যে","other":"{{value}} দিনের মধ্যে"}},"weeks-until-long":{"_index":["plural","value"],"_":{"zero":"চলতি সপ্তাহ","one":"পরবর্তী সপ্তাহ","two":"{{value}} সপ্তাহের মধ্যে","few":"{{value}} সপ্তাহের মধ্যে","many":"{{value}} সপ্তাহের মধ্যে","other":"{{value}} সপ্তাহের মধ্যে"}},"months-until-long":{"_index":["plural","value"],"_":{"zero":"এই মাস","one":"পরবর্তী মাস","two":"{{value}} মাসের মধ্যে","few":"{{value}} মাসের মধ্যে","many":"{{value}} মাসের মধ্যে","other":"{{value}} মাসের মধ্যে"}},"years-until-long":{"_index":["plural","value"],"_":{"zero":"এই বছর","one":"আগামী বছর","two":"{{value}} বছরের মধ্যে","few":"{{value}} বছরের মধ্যে","many":"{{value}} বছরের মধ্যে","other":"{{value}} বছরের মধ্যে"}},"minutes-ago-short":{"_index":["plural","value"],"_":{"zero":"এইমাত্র","other":"{{value}}মি. পূর্বে"}},"hours-ago-short":{"_index":["plural","value"],"_":{"zero":"এইমাত্র","other":"{{value}}ঘ. পূর্বে"}},"days-ago-short":{"_index":["plural","value"],"_":{"zero":"আজ","other":"{{value}}দিন পূর্বে"}},"minutes-until-short":{"_index":["plural","value"],"_":{"zero":"এখন","other":"{{value}} মিনিটের মধ্যে"}},"hours-until-short":{"_index":["plural","value"],"_":{"zero":"এখন","other":"{{value}}ঘন্টার মধ্যে"}},"days-until-short":{"_index":["plural","value"],"_":{"zero":"আজ","other":"{{value}}দিনের মধ্যে"}},"incorrectDate":"(ভুল তারিখ)","dateTimeFormat_%c":"%a %b %e %Y %I:%M:%S %p","dateTimeFormat_%x":"%m/%d/%Y","dateTimeFormat_%X":"%I:%M:%S %p","shortTimeFormat":"%I:%M %p","shortDateTimeFormat":"%x %I:%M %p","weekStartsOnMonday":"0","time_am":"AM","time_pm":"PM"}