{"setup-app-name-header":"Pošta","setup-empty-account-prompt":"Nemáte nastaveno příjímání a odesílání e-mailů. Chcete ho nyní nastavit?","setup-pick-service":"Pro přímání a odesílání e-mailů potřebujete nastavit poštovní účet.","setup-account-header3":"Nový účet","setup-info-name":{"placeholder":"Vaše jméno"},"setup-info-email":{"placeholder":"vase@adresa.cz"},"setup-info-password":{"placeholder":"Heslo"},"setup-info-next":"Další","setup-progress-wait-msg":"Nastavování účtu","setup-completed-header":"Nastavení účtu","setup-completed-label":"Vše hotovo!","setup-add-another-account":"Přidat další účet","setup-show-mail":"Přejít do pošty","setup-error-offline":"Toto zařízení je aktuálně offline. Připojte ho k síti a zkuste to znovu.","setup-error-bad-user-or-pass2":"Neplatné uživatelské jméno nebo heslo","setup-error-bad-address":"Neplatná e-mailová adresa. Proveďte kontrolu na překlepy.","setup-error-not-authorized":"Dle odpovědi serveru nejste autorizováni vytvořit účet","setup-error-pop-server-not-great":"Server není podporován. POP3 server neimplementuje požadované funkce.","setup-error-unknown2":"Nastala neznámá chyba. Zkontrolujte připojení k síti a nebo zkuste manuální nastavení. ","setup-error-needs-app-pass":"Pro účet Gmail s dvoufázovým ověřením je nutné použít aplikační heslo","setup-error-imap-disabled":"V účtu Gmail je potřeba povolit IMAP","setup-error-pop3-disabled":"U svého účtu Gmail musíte povolit POP3.","setup-error-bad-security":"Nepodařilo se navázat spojení s „{{server}}“. Pravděpodobně se jedná o problémy sítě nebo serveru.","setup-error-unresponsive-server":"Nepodařilo se navázat spojení s „{{server}}“. Pravděpodobně se jedná o problémy sítě.","setup-error-server-problem":"Vyskytl se problém s „{{server}}“. Zkuste to znovu později.","setup-error-no-config-info":"Váš účet se nepodařilo automaticky nastavit. Opravte svoji e-mailovou adresu nebo použijte manuální nastavení.","setup-error-server-maintenance":"Server „{{server}}“ je offline z důvodů údržby. Zkuste to znovu později.","setup-error-account-already-exists":"Tento účet je již nakonfigurován.","setup-manual-config2":"Manuální nastavení","setup-manual-config-header":"Manuální nastavení","setup-manual-account-type":"Typ účtu","setup-manual-imap-header":"Nastavení IMAP","setup-manual-pop3-header":"Nastavení POP3","setup-manual-smtp-header":"Nastavení SMTP","setup-manual-activesync-header":"Nastavení ActiveSync","setup-manual-next":"Další","setup-manual-socket":"Typ soketu","setup-manual-socket-ssl":"SSL","setup-manual-socket-starttls":"STARTTLS","setup-manual-hostname":{"placeholder":"Server"},"setup-manual-port":{"placeholder":"Číslo portu"},"setup-manual-username":{"placeholder":"Uživatelské jméno"},"setup-manual-activesync-username":{"placeholder":"Domain\\Username"},"setup-bad-password-header":"Chybné heslo!","setup-bad-password":"Přihlášení k serveru se nezdařilo. Možná je chybné heslo?","setup-new-password":{"placeholder":"Nové heslo"},"setup-fix-password":"Opakujte s novým heslem","setup-gmail-twofactor-header":"Povolen two-factor","setup-gmail-twofactor-message":"Je nutné vložit aplikační heslo.","setup-gmail-twofactor-fix":"Použít aplikační heslo","setup-gmail-imap-header":"IMAP zakázán","setup-gmail-imap-message":"V účtu Gmail je nutné povolit IMAP","setup-gmail-imap-retry":"Opakovat","setup-gmail-pop3-header":"POP3 zakázáno","setup-gmail-pop3-message":"V účtu Gmail je nutné povolit POP3","setup-gmail-pop3-retry":"Opakovat","settings-main-header":"Nastavení pošty","settings-sub-header-account":"Účet","settings-account-name":"Vaše jméno","settings-account-display-notifications":"Zobrazovat upozornění na nové zprávy","settings-sub-header-data":"Data","settings-account-check-mail":"Kontrola nových zpráv","settings-sub-header-server":"Nastavení serveru","settings-account-userpass":"Uživatelské jméno a heslo","fld-account-picker-last-sync":"Synchronizováno:","settings-done":"Hotovo","settings-account-section":"Účty","settings-account-add":"Přidat účet","settings-account-delete":"Smazat účet","settings-account-delete-prompt":"Opravdu chcete smazat poštovní účet {{account}}? Při opětovném vytvoření účtu budete muset znovu stáhnout poštu.","settings-account-delete-cancel":"Zrušit","settings-account-delete-confirm":"Smazat","settings-account-clarify-imap":"{{account-name}} (IMAP)","settings-account-clarify-pop3":"{{account-name}} (POP3)","settings-account-clarify-smtp":"{{account-name}} (SMTP)","settings-general-section":"Obecné nastavení","settings-show-images":"Vždy zobrazit obrázky","settings-download-attachments":"Stahovat přílohy","settings-check-every-5min":"Každých 5 minut","settings-check-every-10min":"Každých 10 minut","settings-check-every-15min":"Každých 15 minut","settings-check-every-30min":"Každých 30 minut","settings-check-every-60min":"Každou hodinu","settings-check-every-manual":"Ručně","settings-check-dynamic":{"_index":["plural","n"],"_":{"zero":"sekund","one":"{{ n }} sekunda","two":"{{ n }} sekundy","few":"{{ n }} sekundy","many":"{{ n }} sekund","other":"{{ n }} sekund"}},"settings-default-account":"Výchozí účet","settings-account-type":"Typ účtu","settings-account-credentials":"Přihlašovací údaje","settings-activesync-label":"Nastavení ActiveSync","settings-imap-label":"Nastavení IMAP","settings-pop3-label":"Nastavení POP3","settings-smtp-label":"Nastavení SMTP","settings-hostname":"Server","settings-port":"Port","settings-username":"Uživatelské jméno","settings-password":"Heslo","settings-save":"Uložit","settings-password-empty":"Heslo nesmí být prázdné","settings-account-synchronize-window":"Dny pro synchronizaci","settings-synchronize-auto":"Automaticky","settings-synchronize-one-day":"1 den","settings-synchronize-three-days":"3 dny","settings-synchronize-one-week":"1 týden","settings-synchronize-two-weeks":"2 týden","settings-synchronize-one-month":"1 měsíc","settings-synchronize-all":"Všechny zprávy","envelope-from":"Od","envelope-to":"Komu","envelope-cc":"Kopie","envelope-bcc":"Skrytá kopie","reader-header":"Přečíst","compose-header":"Vytvořit zprávu","compose-header-short":"Vytvoření","compose-send":"Poslat","compose-to":"Komu","compose-cc":"Kopie","compose-bcc":"Skrytá kopie","compose-attachments":{"_index":["plural","n"],"_":{"zero":"Přílohy","one":"{{ n }} příloha","two":"{{ n }} přílohy","few":"{{ n }} přílohy","many":"{{ n }} příloh","other":"{{ n }} příloh"}},"compose-subject":"Předmět","compose-draft-save":"Uložit do Místní koncepty","compose-discard-message":"Zahodit e-mail?","compose-discard-confirm":"Zahodit","compose-sending-message":"Odesílání e-mailu","compose-send-message-failed":"Odeslání e-mailu skočilo chybou","composer-attachment-large":"Příloha je příliš velká","composer-attachments-large":"Přílohy jsou příliš velké","compose-attchment-size-exceeded":"Zvolená příloha je příliš velká na to, aby byla odeslána s touto zprávou.","compose-attchments-size-exceeded":"Zvolené přílohy jsou příliš velké na to, aby byly odeslány s touto zprávou. Zvolte menší počet souborů.","dialog-button-ok":"OK","default-attachment-filename":"attachment{{ n }}","attachment-size-kib":"{{kilobytes}}K","message-attachment-view":{"textContent":"Zobrazit"},"message-attachment-too-large":"This file is too large to download.","message-no-subject":"(bez předmětu)","message-edit-menu-delete":"Smazat","message-edit-delete-confirm":"Smazat e-mailovou zprávu?","message-send-attachment-disabled-confirm":"Přílohy nemohou být přeposlány.","message-multiedit-header":{"_index":["plural","n"],"_":{"zero":"Úprava","one":"Jedna vybrána","two":"Dvě vybrány","few":"{{ n }} vybrány","many":"{{ n }} vybráno","other":"{{ n }} vybráno"}},"browse-to-url-prompt":"Přejít na adresu?: {{ url }}","message-download-images":{"_index":["plural","n"],"_":{"one":"Tento e-mail obsahuje obrázek. Klepněte pro stažení.","two":"Tento e-mail obsahuje dva obrázky. Klepněte pro stažení.","few":"Tento e-mail obsahuje {{ n }} obrázky. Klepněte pro stažení.","many":"Tento e-mail obsahuje {{ n }} obrázků. Klepněte pro stažení.","other":"Tento e-mail obsahuje {{ n }} obrázků. Klepněte pro stažení."}},"message-show-external-images":"Zobrazit externí obrázky","message-multiedit-cancel":"Zrušit","message-multiedit-delete-confirm":{"_index":["plural","n"],"_":{"one":"Smazat tuto e-mailovou zprávu?","two":"Smazat dvě e-mailové zprávy?","few":"Smazat {{ n }} e-mailové zprávy?","many":"Smazat {{ n }} e-mailových zpráv?","other":"Smazat {{ n }} e-mailových zpráv?"}},"message-large-message-cancel":"Zrušit","message-large-message-ok":"Pokračovat","message-large-message-confirm":"Tato zpráva je velká a její stažení může trvat nějaký čas.","message-search-from":"Od","message-search-to":"Komu","message-search-subject":"Předmět","message-search-body":"Tělo","message-search-all":"Vše","message-search-input":{"placeholder":"Hledat poštu"},"message-search-cancel-accessible":"Zrušit hledání","messages-syncing":"Nahrávání zpráv","messages-sync-more":"Nahrát více zpráv ze serveru","messages-folder-empty":"Ve složce není žádná zpráva","messages-search-empty":"Ve zprávách z mezipaměti nebyla nalezena shoda","messages-folder-select":"Vybrat složku","message-contact-menu-create":"Uložit nový kontakt","message-contact-menu-add-existing":"Přidat k existujícímu kontaktu","message-contact-menu-view":"Zobrazit kontakt","message-contact-menu-reply":"Odpovědět","message-contact-menu-new":"Odeslat nový e-mail","message-reply-menu-reply":"Odpovědět","message-reply-menu-reply-all":"Odpovědět všem","message-reply-menu-forward":"Přeposlat","message-reply-menu-cancel":"Zrušit","folder-list-header":"Složky","account-last-synced-label":"Synchronizováno:","account-never-synced":"Nikdy","reply-quoting-wrote":"{name} napsal/a","forward-original-message":"Původní zpráva","forward-header-subject":"Předmět","forward-header-date":"Datum","forward-header-from":"Od","forward-header-reply-to":"Odpovědět","forward-header-to":"Komu","forward-header-cc":"Kopie","folder-inbox":"Doručená","folder-sent":"Odeslaná","folder-drafts":"Koncepty","folder-trash":"Koš","folder-queue":"Neodeslaná","folder-junk":"Nevyžádaná","folder-archives":"Archiv","folder-localdrafts":"Místní koncepty","toaster-undo":"Zpět","toaster-retry":"Opakovat","toaster-message-star":{"_index":["plural","n"],"_":{"one":"U zprávy přidána hvězdička","two":"U dvou zpráv přidána hvězdička","few":"U {{ n }} zpráv přidána hvězdička","many":"U {{ n }} zpráv přidána hvězdička","other":"U {{ n }} zpráv přidána hvězdička"}},"toaster-message-unstar":{"_index":["plural","n"],"_":{"one":"U zprávy odebrána hvězdička","two":"U dvou zpráv odebrána hvězdička","few":"U {{ n }} zpráv odebrána hvězdička","many":"U {{ n }} zpráv odebrána hvězdička","other":"U {{ n }} zpráv odebrána hvězdička"}},"toaster-message-read":{"_index":["plural","n"],"_":{"one":"Zpráva označena jako přečtená","two":"Dvě zprávy označeny jako přečtené","few":"{{ n }} zprávy označeny jako přečtené","many":"{{ n }} zpráv označeno jako přečtené","other":"{{ n }} zpráv označeno jako přečtené"}},"toaster-message-unread":{"_index":["plural","n"],"_":{"one":"Zpráva označena jako nepřečtená","two":"Dvě zprávy označeny jako nepřečtené","few":"{{ n }} zprávy označeny jako nepřečtené","many":"{{ n }} zpráv označeno jako nepřečtené","other":"{{ n }} zpráv označeno jako nepřečtené"}},"toaster-message-move":{"_index":["plural","n"],"_":{"one":"Zpráva přesunuta","two":"Dvě zprávy přesunuty","few":"{{ n }} zprávy přesunuty","many":"{{ n }} zpráv přesunuto","other":"{{ n }} zpráv přesunuto"}},"toaster-message-delete":{"_index":["plural","n"],"_":{"one":"Zpráva smazána","two":"Dvě zprávy smazány","few":"{{ n }} zprávy smazány","many":"{{ n }} zpráv smazáno","other":"{{ n }} zpráv smazáno"}},"toaster-retryable-syncfailed":"Nepodařilo se připojit k serveru","form-clear-input":"Odebrat text","confirm-dialog-title":"Potvrzení","senders-separation-sign":", ","new-emails":{"_index":["plural","n"],"_":{"one":"1 nový e-mail","two":"{{ n }} nové e-maily","few":"{{ n }} nové e-maily","many":"{{ n }} nových e-mailů","other":"{{ n }} nových e-mailů"}},"new-emails-notify-one-account":{"_index":["plural","n"],"_":{"one":"1 nový e-mail","two":"{{ n }} nové e-maily","few":"{{ n }} nové e-maily","many":"{{ n }} nových e-mailů","other":"{{ n }} nových e-mailů"}},"new-emails-notify-multiple-accounts":{"_index":["plural","n"],"_":{"one":"1 nový e-mail ({{ accountName }})","two":"{{ n }} nové e-maily ({{ accountName }})","few":"{{ n }} nové e-maily ({{ accountName }})","many":"{{ n }} nových e-mailů ({{ accountName }})","other":"{{ n }} nových e-mailů ({{ accountName }})"}},"new-emails-notify-multiple-accounts-body":"{{ from }} “{{ subject }}”","weekday-0-long":"Neděle","weekday-1-long":"Pondělí","weekday-2-long":"Úterý","weekday-3-long":"Středa","weekday-4-long":"Čtvrtek","weekday-5-long":"Pátek","weekday-6-long":"Sobota","weekday-0-short":"Ne","weekday-1-short":"Po","weekday-2-short":"Út","weekday-3-short":"St","weekday-4-short":"Čt","weekday-5-short":"Pá","weekday-6-short":"So","month-0-long":"Leden","month-1-long":"Únor","month-2-long":"Březen","month-3-long":"Duben","month-4-long":"Květen","month-5-long":"Červen","month-6-long":"Červenec","month-7-long":"Srpen","month-8-long":"Září","month-9-long":"Říjen","month-10-long":"Listopad","month-11-long":"Prosinec","month-0-genitive":"Leden","month-1-genitive":"Únor","month-2-genitive":"Březen","month-3-genitive":"Duben","month-4-genitive":"Květen","month-5-genitive":"Červen","month-6-genitive":"Červenec","month-7-genitive":"Srpen","month-8-genitive":"Září","month-9-genitive":"Říjen","month-10-genitive":"Listopad","month-11-genitive":"Prosinec","month-0-short":"leden","month-1-short":"únor","month-2-short":"březen","month-3-short":"duben","month-4-short":"květen","month-5-short":"červen","month-6-short":"červenec","month-7-short":"srpen","month-8-short":"září","month-9-short":"říjen","month-10-short":"listopad","month-11-short":"prosinec","minutes-ago-long":{"_index":["plural","value"],"_":{"zero":"právě teď","one":"před minutou","two":"před 2 minutami","few":"před {{value}} minutami","many":"před {{value}} minutami","other":"před {{value}} minutami"}},"hours-ago-long":{"_index":["plural","value"],"_":{"zero":"právě teď","one":"před hodinou","two":"před 2 hodinami","few":"před {{value}} hodinami","many":"před {{value}} hodinami","other":"před {{value}} hodinami"}},"days-ago-long":{"_index":["plural","value"],"_":{"zero":"dnes","one":"včera","two":"předevčírem","few":"před {{value}} dny","many":"před {{value}} dny","other":"před {{value}} dny"}},"weeks-ago-long":{"_index":["plural","value"],"_":{"zero":"tento týden","one":"minutý týden","two":"před {{value}} týdny","few":"před {{value}} týdny","many":"před {{value}} týdny","other":"před {{value}} týdny"}},"months-ago-long":{"_index":["plural","value"],"_":{"zero":"tento měsíc","one":"minulý měsíc","two":"před {{value}} měsíci","few":"před {{value}} měsíci","many":"před {{value}} měsíci","other":"před {{value}} měsíci"}},"years-ago-long":{"_index":["plural","value"],"_":{"zero":"tento rok","one":"minulý rok","two":"před {{value}} roky","few":"před {{value}} roky","many":"před {{value}} roky","other":"před {{value}} roky"}},"minutes-until-long":{"_index":["plural","value"],"_":{"zero":"nyní","one":"za minutu","two":"za 2 minuty","few":"za {{value}} minuty","many":"za {{value}} minut","other":"za {{value}} minut"}},"hours-until-long":{"_index":["plural","value"],"_":{"zero":"nyní","one":"za hodinu","two":"za 2 hodiny","few":"za {{value}} hodiny","many":"za {{value}} hodin","other":"za {{value}} hodin"}},"days-until-long":{"_index":["plural","value"],"_":{"zero":"dnes","one":"zítra","two":"pozítří","few":"za {{value}} dny","many":"za {{value}} dnů","other":"za {{value}} dnů"}},"weeks-until-long":{"_index":["plural","value"],"_":{"zero":"tento týden","one":"příští týden","two":"za {{value}} týdny","few":"za {{value}} týdny","many":"za {{value}} týdnů","other":"za {{value}} týdnů"}},"months-until-long":{"_index":["plural","value"],"_":{"zero":"tento měsíc","one":"příští měsíc","two":"za {{value}} měsíce","few":"za {{value}} měsíce","many":"za {{value}} měsíců","other":"za {{value}} měsíců"}},"years-until-long":{"_index":["plural","value"],"_":{"zero":"tento rok","one":"příští rok","two":"za {{value}} roky","few":"za {{value}} roky","many":"za {{value}} roků","other":"za {{value}} roků"}},"minutes-ago-short":{"_index":["plural","value"],"_":{"zero":"právě teď","other":"před {{value}} min"}},"hours-ago-short":{"_index":["plural","value"],"_":{"zero":"právě teď","other":"před {{value}} hod"}},"days-ago-short":{"_index":["plural","value"],"_":{"zero":"dnes","other":"před {{value}} dny"}},"minutes-until-short":{"_index":["plural","value"],"_":{"zero":"nyní","other":"za {{value}} min"}},"hours-until-short":{"_index":["plural","value"],"_":{"zero":"nyní","other":"za {{value}} hod"}},"days-until-short":{"_index":["plural","value"],"_":{"zero":"dnes","other":"za {{value}} dny"}},"incorrectDate":"(neplatné datum)","dateTimeFormat_%c":"%a %e. %b %Y %H:%M:%S","dateTimeFormat_%x":"%e. %m. %Y","dateTimeFormat_%X":"%H:%M:%S","shortTimeFormat":"%H:%M","shortDateTimeFormat":"%x %H:%M","weekStartsOnMonday":"1","time_am":"AM","time_pm":"PM"}