{"setup-app-name-header":"E-Mail","setup-empty-account-prompt":"Senden und Empfangen von E-Mails wurde noch nicht eingerichtet. Soll dies jetzt vorgenommen werden?","setup-pick-service":"Um Nachrichten senden und empfangen zu können, müssen Sie ein Konto einrichten.","setup-account-header3":"Neues Konto","setup-info-name":{"placeholder":"Ihr Name"},"setup-info-email":{"placeholder":"jemand@beispiel.example"},"setup-info-password":{"placeholder":"Passwort"},"setup-info-next":"Weiter","setup-progress-wait-msg":"Bitte warten Sie, Ihr Konto wird eingerichtet…","setup-completed-header":"E-Mail-Konto einrichten","setup-completed-label":"Kontoeinrichtung abgeschlossen","setup-add-another-account":"Weiteres Konto hinzufügen","setup-show-mail":"Weiter zu den Nachrichten","setup-error-offline":"Das Gerät ist derzeit offline. Stellen Sie eine Internetverbindung her und versuchen Sie es erneut.","setup-error-bad-user-or-pass2":"Benutzername oder Passwort sind ungültig. Bitte überprüfen Sie die Angaben auf Tippfehler.","setup-error-bad-address":"Ungültige E-Mail-Adresse. Bitte auf Tippfehler überprüfen.","setup-error-not-authorized":"Laut Server verfügen Sie nicht über die Berechtigung, ein Konto anzulegen.","setup-error-pop-server-not-great":"Dieser POP3-Server wird nicht unterstützt, da er nicht alle benötigten Funktionen bereitstellt.","setup-error-unknown2":"Ein unbekannter Fehler trat auf. Überprüfen Sie die Internetverbindung oder versuchen Sie die manuelle Einrichtung.","setup-error-needs-app-pass":"Sie müssen ein anwendungsspezifisches Passwort für Gmail-Konten mit Zwei-Faktor-Autorisierung verwenden.","setup-error-imap-disabled":"Sie müssen IMAP für Ihr Gmail-Konto aktivieren.","setup-error-pop3-disabled":"Sie müssen POP3 für Ihr Gmail-Konto aktivieren.","setup-error-bad-security":"Es konnte keine sichere Verbindung mit \"{{server}}\" hergestellt werden. Eventuell gibt es ein Problem mit dem Netzwerk oder dem Server.","setup-error-unresponsive-server":"Es konnte keine Verbindung mit \"{{server}}\" hergestellt werden. Eventuell gibt es ein Problem mit dem Netzwerk.","setup-error-server-problem":"Es tritt ein Problem mit dem Server \"{{server}}\" auf. Versuchen Sie es später erneut.","setup-error-no-config-info":"Das Konto konnte nicht automatisch eingerichtet werden. Korrigieren Sie die E-Mail-Adresse oder versuchen Sie die manuelle Einrichtung.","setup-error-server-maintenance":"Der Server \"{{server}}\" ist wegen Wartungsarbeiten offline. Versuchen Sie es später erneut.","setup-error-account-already-exists":"Dieses Konto wurde bereits eingerichtet.","setup-manual-config2":"Manuelle Einrichtung","setup-manual-config-header":"Einrichtung","setup-manual-account-type":"Kontotyp","setup-manual-imap-header":"IMAP-Einstellungen","setup-manual-pop3-header":"POP3-Einstellungen","setup-manual-smtp-header":"SMTP-Einstellungen","setup-manual-activesync-header":"ActiveSync-Einstellungen","setup-manual-next":"Weiter","setup-manual-socket":"Socket-Typ","setup-manual-socket-ssl":"SSL","setup-manual-socket-starttls":"STARTTLS","setup-manual-hostname":{"placeholder":"Hostname"},"setup-manual-port":{"placeholder":"Port"},"setup-manual-username":{"placeholder":"Benutzername"},"setup-manual-activesync-username":{"placeholder":"Domain\\Username"},"setup-bad-password-header":"Falsches Passwort!","setup-bad-password":"Die Anmeldung am Server ist fehlgeschlagen. Vielleicht ist Ihr Passwort falsch?","setup-new-password":{"placeholder":"Neues Passwort"},"setup-fix-password":"Nochmal mit anderem Passwort versuchen","setup-gmail-twofactor-header":"Bestätigung in zwei Schritten aktiviert","setup-gmail-twofactor-message":"Geben Sie unten ein anwendungsspezifisches Passwort ein.","setup-gmail-twofactor-fix":"Anwendungspasswort verwenden","setup-gmail-imap-header":"IMAP deaktiviert","setup-gmail-imap-message":"Sie müssen IMAP in Ihrem Gmail-Konto aktivieren","setup-gmail-imap-retry":"Erneut versuchen","setup-gmail-pop3-header":"POP3 deaktiviert","setup-gmail-pop3-message":"Sie müssen POP3 in Ihrem Gmail-Konto aktivieren","setup-gmail-pop3-retry":"Erneut versuchen","settings-main-header":"Einstellungen","settings-sub-header-account":"Konto","settings-account-name":"Ihr Name","settings-account-display-notifications":"Benachrichtigung über neue Nachrichten","settings-sub-header-data":"Daten","settings-account-check-mail":"Auf neue Nachrichten überprüfen","settings-sub-header-server":"Server-Einstellungen","settings-account-userpass":"Benutzername und Passwort","fld-account-picker-last-sync":"Letzte Synchronisation:","settings-done":"Fertig","settings-account-section":"Konten","settings-account-add":"Konto hinzufügen","settings-account-delete":"Konto löschen","settings-account-delete-prompt":"Soll das E-Mail-Konto {{account}} wirklich gelöscht werden? Die Nachrichten müssen erneut heruntergeladen werden, falls es wieder angelegt wird.","settings-account-delete-cancel":"Abbrechen","settings-account-delete-confirm":"Löschen","settings-account-clarify-imap":"{{account-name}} (IMAP)","settings-account-clarify-pop3":"{{account-name}} (POP3)","settings-account-clarify-smtp":"{{account-name}} (SMTP)","settings-general-section":"Allgemeine Einstellungen","settings-show-images":"Grafiken immer anzeigen","settings-download-attachments":"Anhänge herunterladen","settings-check-every-5min":"Alle 5 Minuten","settings-check-every-10min":"Alle 10 Minuten","settings-check-every-15min":"Alle 15 Minuten","settings-check-every-30min":"Alle 30 Minuten","settings-check-every-60min":"Stündlich","settings-check-every-manual":"Manuell","settings-check-dynamic":{"_index":["plural","n"],"_":{"zero":"Sekunden","one":"Jede Sekunde","two":"Alle {{ n }} Sekunden","few":"Alle {{ n }} Sekunden","many":"Alle {{ n }} Sekunden","other":"Alle {{ n }} Sekunden"}},"settings-default-account":"Standardkonto","settings-account-type":"Kontotyp","settings-account-credentials":"Zugangsdaten","settings-activesync-label":"ActiveSync-Einstellungen","settings-imap-label":"IMAP-Einstellungen","settings-pop3-label":"POP3-Einstellungen","settings-smtp-label":"SMTP-Einstellungen","settings-hostname":"Serveradresse","settings-port":"Port","settings-username":"Benutzername","settings-password":"Passwort","settings-save":"Speichern","settings-password-empty":"Das Passwort sollte nicht leer bleiben!","settings-account-synchronize-window":"Zu synchronisierende Tage","settings-synchronize-auto":"Automatisch","settings-synchronize-one-day":"1 Tag","settings-synchronize-three-days":"3 Tage","settings-synchronize-one-week":"1 Woche","settings-synchronize-two-weeks":"2 Wochen","settings-synchronize-one-month":"1 Monat","settings-synchronize-all":"Alle Nachrichten","envelope-from":"Von","envelope-to":"An","envelope-cc":"CC","envelope-bcc":"BCC","reader-header":"Lesen","compose-header":"Nachricht schreiben","compose-header-short":"Verfassen","compose-send":"Senden","compose-to":"An","compose-cc":"CC","compose-bcc":"BCC","compose-attachments":{"_index":["plural","n"],"_":{"zero":"Anhang","one":"{{ n }} Anhang","two":"{{ n }} Anhänge","few":"{{ n }} Anhänge","many":"{{ n }} Anhänge","other":"{{ n }} Anhänge"}},"compose-subject":"Betreff","compose-draft-save":"In Lokalen Entwürfe speichern","compose-discard-message":"E-Mail verwerfen?","compose-discard-confirm":"Verwerfen","compose-sending-message":"E-Mail senden…","compose-send-message-failed":"Senden der E-Mail schlug fehl","composer-attachment-large":"Anhang zu groß","composer-attachments-large":"Anhänge zu groß","compose-attchment-size-exceeded":"Der gewählte Anhang ist zu groß, um mit dieser Nachricht gesendet zu werden.","compose-attchments-size-exceeded":"Die gewählten Anhänge sind zu groß, um mit dieser Nachricht gesendet zu werden. Versuchen Sie, weniger Anhänge zu senden.","dialog-button-ok":"OK","default-attachment-filename":"Anhang{{ n }}","attachment-size-kib":"{{kilobytes}}K","message-attachment-view":{"textContent":"Anzeigen"},"message-attachment-too-large":"This file is too large to download.","message-no-subject":"(Kein Betreff)","message-edit-menu-delete":"Löschen","message-edit-delete-confirm":"Nachricht löschen?","message-send-attachment-disabled-confirm":"Anhänge können nicht weitergeleitet werden.","message-multiedit-header":{"_index":["plural","n"],"_":{"zero":"Bearbeiten","one":"{{ n }} ausgewählt","two":"{{ n }} ausgewählt","few":"{{ n }} ausgewählt","many":"{{ n }} ausgewählt","other":"{{ n }} ausgewählt"}},"browse-to-url-prompt":"Diese Adresse öffnen? {{ url }}","message-download-images":{"_index":["plural","n"],"_":{"one":"Diese Nachricht enthält eine Grafik. Zum Herunterladen antippen.","two":"Diese Nachricht enthält {{ n }} Grafiken. Zum Herunterladen antippen.","few":"Diese Nachricht enthält {{ n }} Grafiken. Zum Herunterladen antippen.","many":"Diese Nachricht enthält {{ n }} Grafiken. Zum Herunterladen antippen.","other":"Diese Nachricht enthält {{ n }} Grafiken. Zum Herunterladen antippen."}},"message-show-external-images":"Externe Grafiken anzeigen","message-multiedit-cancel":"Abbrechen","message-multiedit-delete-confirm":{"_index":["plural","n"],"_":{"one":"Diese Nachricht löschen?","two":"{{ n }} Nachrichten löschen?","few":"{{ n }} Nachrichten löschen?","many":"{{ n }} Nachrichten löschen?","other":"{{ n }} Nachrichten löschen?"}},"message-large-message-cancel":"Abbrechen","message-large-message-ok":"Fortsetzen","message-large-message-confirm":"Diese Nachricht ist sehr groß. Der Download kann einige Zeit in Anspruch nehmen.","message-search-from":"Von","message-search-to":"An","message-search-subject":"Betreff","message-search-body":"Inhalt","message-search-all":"Alles","message-search-input":{"placeholder":"E-Mails suchen"},"message-search-cancel-accessible":"Suche abbrechen","messages-syncing":"Nachrichten laden…","messages-sync-more":"Weitere Nachrichten vom Server laden","messages-folder-empty":"Keine Nachrichten in diesem Ordner","messages-search-empty":"Keine Übereinstimmungen mit lokal zwischengespeicherten Nachrichten","messages-folder-select":"Ordner auswählen","message-contact-menu-create":"Als neuen Kontakt speichern","message-contact-menu-add-existing":"Zu bestehendem Kontakt hinzufügen","message-contact-menu-view":"Kontaktdaten anzeigen","message-contact-menu-reply":"Antworten","message-contact-menu-new":"Neue E-Mail schreiben","message-reply-menu-reply":"Antworten","message-reply-menu-reply-all":"Allen antworten","message-reply-menu-forward":"Weiterleiten","message-reply-menu-cancel":"Abbrechen","folder-list-header":"Ordner","account-last-synced-label":"Letzte Synchronisation: ","account-never-synced":"Nie","reply-quoting-wrote":"{name} schrieb","forward-original-message":"Ursprüngliche Nachricht","forward-header-subject":"Betreff","forward-header-date":"Datum","forward-header-from":"Von","forward-header-reply-to":"Antwort an","forward-header-to":"An","forward-header-cc":"CC","folder-inbox":"Posteingang","folder-sent":"Gesendet","folder-drafts":"Entwürfe","folder-trash":"Papierkorb","folder-queue":"Postausgang","folder-junk":"Junk","folder-archives":"Archiv","folder-localdrafts":"Lokale Entwürfe","toaster-undo":"Rückgängig","toaster-retry":"Erneut versuchen","toaster-message-star":{"_index":["plural","n"],"_":{"one":"1 Nachricht gekennzeichnet","two":"{{ n }} Nachrichten gekennzeichnet","few":"{{ n }} Nachrichten gekennzeichnet","many":"{{ n }} Nachrichten gekennzeichnet","other":"{{ n }} Nachrichten gekennzeichnet"}},"toaster-message-unstar":{"_index":["plural","n"],"_":{"one":"Kennzeichnung für 1 Nachricht entfernt","two":"Kennzeichnung für {{ n }} Nachrichten entfernt","few":"Kennzeichnung für {{ n }} Nachrichten entfernt","many":"Kennzeichnung für {{ n }} Nachrichten entfernt","other":"Kennzeichnung für {{ n }} Nachrichten entfernt"}},"toaster-message-read":{"_index":["plural","n"],"_":{"one":"1 Nachricht als gelesen markiert","two":"{{ n }} Nachrichten als gelesen markiert","few":"{{ n }} Nachrichten als gelesen markiert","many":"{{ n }} Nachrichten als gelesen markiert","other":"{{ n }} Nachrichten als gelesen markiert"}},"toaster-message-unread":{"_index":["plural","n"],"_":{"one":"1 Nachricht als ungelesen markiert","two":"{{ n }} Nachrichten als ungelesen markiert","few":"{{ n }} Nachrichten als ungelesen markiert","many":"{{ n }} Nachrichten als ungelesen markiert","other":"{{ n }} Nachrichten als ungelesen markiert"}},"toaster-message-move":{"_index":["plural","n"],"_":{"one":"1 Nachricht verschoben","two":"{{ n }} Nachrichten verschoben","few":"{{ n }} Nachrichten verschoben","many":"{{ n }} Nachrichten verschoben","other":"{{ n }} Nachrichten verschoben"}},"toaster-message-delete":{"_index":["plural","n"],"_":{"one":"1 Nachricht gelöscht","two":"{{ n }} Nachrichten gelöscht","few":"{{ n }} Nachrichten gelöscht","many":"{{ n }} Nachrichten gelöscht","other":"{{ n }} Nachrichten gelöscht"}},"toaster-retryable-syncfailed":"Fehler beim Verbinden mit Server","form-clear-input":"Text löschen","confirm-dialog-title":"Bestätigung","senders-separation-sign":", ","new-emails":{"_index":["plural","n"],"_":{"one":"1 neue Nachricht","two":"{{ n }} neue Nachrichten","few":"{{ n }} neue Nachrichten","many":"{{ n }} neue Nachrichten","other":"{{ n }} neue Nachrichten"}},"new-emails-notify-one-account":{"_index":["plural","n"],"_":{"one":"1 neue Nachricht","two":"{{ n }} neue Nachrichten","few":"{{ n }} neue Nachrichten","many":"{{ n }} neue Nachrichten","other":"{{ n }} neue Nachrichten"}},"new-emails-notify-multiple-accounts":{"_index":["plural","n"],"_":{"one":"1 neue Nachricht ({{ accountName }})","two":"{{ n }} neue Nachrichten ({{ accountName }})","few":"{{ n }} neue Nachrichten ({{ accountName }})","many":"{{ n }} neue Nachrichten ({{ accountName }})","other":"{{ n }} neue Nachrichten ({{ accountName }})"}},"new-emails-notify-multiple-accounts-body":"{{ from }} “{{ subject }}”","weekday-0-long":"Sonntag","weekday-1-long":"Montag","weekday-2-long":"Dienstag","weekday-3-long":"Mittwoch","weekday-4-long":"Donnerstag","weekday-5-long":"Freitag","weekday-6-long":"Samstag","weekday-0-short":"So","weekday-1-short":"Mo","weekday-2-short":"Di","weekday-3-short":"Mi","weekday-4-short":"Do","weekday-5-short":"Fr","weekday-6-short":"Sa","month-0-long":"Januar","month-1-long":"Februar","month-2-long":"März","month-3-long":"April","month-4-long":"Mai","month-5-long":"Juni","month-6-long":"Juli","month-7-long":"August","month-8-long":"September","month-9-long":"Oktober","month-10-long":"November","month-11-long":"Dezember","month-0-genitive":"Januar","month-1-genitive":"Februar","month-2-genitive":"März","month-3-genitive":"April","month-4-genitive":"Mai","month-5-genitive":"Juni","month-6-genitive":"Juli","month-7-genitive":"August","month-8-genitive":"September","month-9-genitive":"Oktober","month-10-genitive":"November","month-11-genitive":"Dezember","month-0-short":"Jan","month-1-short":"Feb","month-2-short":"Mär","month-3-short":"Apr","month-4-short":"Mai","month-5-short":"Jun","month-6-short":"Jul","month-7-short":"Aug","month-8-short":"Sep","month-9-short":"Okt","month-10-short":"Nov","month-11-short":"Dez","minutes-ago-long":{"_index":["plural","value"],"_":{"zero":"gerade eben","one":"vor 1 Minute","two":"vor {{value}} Minuten","few":"vor {{value}} Minuten","many":"vor {{value}} Minuten","other":"vor {{value}} Minuten"}},"hours-ago-long":{"_index":["plural","value"],"_":{"zero":"gerade eben","one":"vor 1 Stunde","two":"vor {{value}} Stunden","few":"vor {{value}} Stunden","many":"vor {{value}} Stunden","other":"vor {{value}} Stunden"}},"days-ago-long":{"_index":["plural","value"],"_":{"zero":"heute","one":"gestern","two":"vor {{value}} Tagen","few":"vor {{value}} Tagen","many":"vor {{value}} Tagen","other":"vor {{value}} Tagen"}},"weeks-ago-long":{"_index":["plural","value"],"_":{"zero":"diese Woche","one":"letzte Woche","two":"vor {{value}} Wochen","few":"vor {{value}} Wochen","many":"vor {{value}} Wochen","other":"vor {{value}} Wochen"}},"months-ago-long":{"_index":["plural","value"],"_":{"zero":"diesen Monat","one":"letzten Monat","two":"vor {{value}} Monaten","few":"vor {{value}} Monaten","many":"vor {{value}} Monaten","other":"vor {{value}} Monaten"}},"years-ago-long":{"_index":["plural","value"],"_":{"zero":"dieses Jahr","one":"letztes Jahr","two":"vor {{value}} Jahren","few":"vor {{value}} Jahren","many":"vor {{value}} Jahren","other":"vor {{value}} Jahren"}},"minutes-until-long":{"_index":["plural","value"],"_":{"zero":"jetzt","one":"in 1 Minute","two":"in {{value}} Minuten","few":"in {{value}} Minuten","many":"in {{value}} Minuten","other":"in {{value}} Minuten"}},"hours-until-long":{"_index":["plural","value"],"_":{"zero":"jetzt","one":"in einer Stunde","two":"in {{value}} Stunden","few":"in {{value}} Stunden","many":"in {{value}} Stunden","other":"in {{value}} Stunden"}},"days-until-long":{"_index":["plural","value"],"_":{"zero":"heute","one":"morgen","two":"in {{value}} Tagen","few":"in {{value}} Tagen","many":"in {{value}} Tagen","other":"in {{value}} Tagen"}},"weeks-until-long":{"_index":["plural","value"],"_":{"zero":"diese Woche","one":"nächste Woche","two":"in {{value}} Wochen","few":"in {{value}} Wochen","many":"in {{value}} Wochen","other":"in {{value}} Wochen"}},"months-until-long":{"_index":["plural","value"],"_":{"zero":"diesen Monat","one":"nächsten Monat","two":"in {{value}} Monaten","few":"in {{value}} Monaten","many":"in {{value}} Monaten","other":"in {{value}} Monaten"}},"years-until-long":{"_index":["plural","value"],"_":{"zero":"dieses Jahr","one":"nächstes Jahr","two":"in {{value}} Jahren","few":"in {{value}} Jahren","many":"in {{value}} Jahren","other":"in {{value}} Jahren"}},"minutes-ago-short":{"_index":["plural","value"],"_":{"zero":"jetzt","other":"vor {{value}} m"}},"hours-ago-short":{"_index":["plural","value"],"_":{"zero":"jetzt","other":"vor {{value}} h"}},"days-ago-short":{"_index":["plural","value"],"_":{"zero":"heute","other":"vor {{value}} d"}},"minutes-until-short":{"_index":["plural","value"],"_":{"zero":"jetzt","other":"in {{value}} m"}},"hours-until-short":{"_index":["plural","value"],"_":{"zero":"jetzt","other":"in {{value}} h"}},"days-until-short":{"_index":["plural","value"],"_":{"zero":"heute","other":"in {{value}} d"}},"incorrectDate":"(ungültiges Datum)","dateTimeFormat_%c":"%a, %e. %b %Y %H:%M:%S","dateTimeFormat_%x":"%d.%m.%Y","dateTimeFormat_%X":"%H:%M:%S","shortTimeFormat":"%H:%M","shortDateTimeFormat":"%x %H:%M","weekStartsOnMonday":"1","time_am":"AM","time_pm":"PM"}