{"setup-app-name-header":"Mail","setup-empty-account-prompt":"You are not set up to send or receive email. Would you like to do that now?","setup-pick-service":"To send and receive email, you will need to set up an account.","setup-account-header3":"New Account","setup-info-name":{"placeholder":"Your name"},"setup-info-email":{"placeholder":"someone@example.com"},"setup-info-password":{"placeholder":"Password"},"setup-info-next":"Next","setup-progress-wait-msg":"Setting up account","setup-completed-header":"Mail account setup","setup-completed-label":"All done!","setup-add-another-account":"Add another account","setup-show-mail":"Continue to Mail","setup-error-offline":"This device is currently offline. Connect to a network and try again.","setup-error-bad-user-or-pass2":"Invalid username or password. Check for typos.","setup-error-bad-address":"Invalid e-mail address. Check for typos.","setup-error-not-authorized":"The server said you’re not authorized to create an account","setup-error-pop-server-not-great":"Server unsupported. The POP3 server does not implement required features.","setup-error-unknown2":"An unknown error occurred. Check your network connection or try the manual configuration option.","setup-error-needs-app-pass":"You must use an application specific password for two-factor Gmail accounts","setup-error-imap-disabled":"You must enable IMAP for your Gmail account","setup-error-pop3-disabled":"You must enable POP3 for your Gmail account","setup-error-bad-security":"Unable to establish a secure connection with \"{{server}}\". There may be a problem with your network or the server.","setup-error-unresponsive-server":"Unable to establish a connection with \"{{server}}\". There may be a problem with the network.","setup-error-server-problem":"There is a problem with the server \"{{server}}\". Try again later.","setup-error-no-config-info":"Unable to automatically configure your account. Correct your e-mail address or try the manual configuration option.","setup-error-server-maintenance":"The server \"{{server}}\" is offline for maintenance. Try again later.","setup-error-account-already-exists":"This account is already configured.","setup-manual-config2":"Manual setup","setup-manual-config-header":"Manual Setup","setup-manual-account-type":"Account type","setup-manual-imap-header":"IMAP settings","setup-manual-pop3-header":"POP3 settings","setup-manual-smtp-header":"SMTP settings","setup-manual-activesync-header":"ActiveSync settings","setup-manual-next":"Next","setup-manual-socket":"Socket Type","setup-manual-socket-ssl":"SSL","setup-manual-socket-starttls":"STARTTLS","setup-manual-hostname":{"placeholder":"Hostname"},"setup-manual-port":{"placeholder":"Port Number"},"setup-manual-username":{"placeholder":"Username"},"setup-manual-activesync-username":{"placeholder":"Domain\\Username"},"setup-bad-password-header":"Bad password!","setup-bad-password":"We could not sign in to the server. Maybe your password is wrong?","setup-new-password":{"placeholder":"New password"},"setup-fix-password":"Retry with new password","setup-gmail-twofactor-header":"Two-Factor Enabled","setup-gmail-twofactor-message":"You need to enter an application-specific password below.","setup-gmail-twofactor-fix":"Use application password","setup-gmail-imap-header":"IMAP Disabled","setup-gmail-imap-message":"You must enable IMAP on your Gmail account","setup-gmail-imap-retry":"Retry","setup-gmail-pop3-header":"POP3 Disabled","setup-gmail-pop3-message":"You must enable POP3 on your Gmail account","setup-gmail-pop3-retry":"Retry","settings-main-header":"Mail Settings","settings-sub-header-account":"Account","settings-account-name":"Your name","settings-account-display-notifications":"Display notifications for new messages","settings-sub-header-data":"Data","settings-account-check-mail":"Check for new messages","settings-sub-header-server":"Server settings","settings-account-userpass":"Username and password","fld-account-picker-last-sync":"Last sync:","settings-done":"Done","settings-account-section":"Accounts","settings-account-add":"Add Account","settings-account-delete":"Delete account","settings-account-delete-prompt":"Are you sure you want to delete your {{account}} mail account? You will have to re-download your mail if you re-create the account.","settings-account-delete-cancel":"Cancel","settings-account-delete-confirm":"Delete","settings-account-clarify-imap":"{{account-name}} (IMAP)","settings-account-clarify-pop3":"{{account-name}} (POP3)","settings-account-clarify-smtp":"{{account-name}} (SMTP)","settings-general-section":"General settings","settings-show-images":"Always show images","settings-download-attachments":"Download attachments","settings-check-every-5min":"Every 5 minutes","settings-check-every-10min":"Every 10 minutes","settings-check-every-15min":"Every 15 minutes","settings-check-every-30min":"Every 30 minutes","settings-check-every-60min":"Every hour","settings-check-every-manual":"Manually","settings-check-dynamic":{"_index":["plural","n"],"_":{"zero":"seconds","one":"{{ n }} seconds","two":"{{ n }} seconds","few":"{{ n }} seconds","many":"{{ n }} seconds","other":"{{ n }} seconds"}},"settings-default-account":"Set as default email","settings-account-type":"Account type","settings-account-credentials":"Credentials","settings-activesync-label":"ActiveSync settings","settings-imap-label":"IMAP settings","settings-pop3-label":"POP3 settings","settings-smtp-label":"SMTP settings","settings-hostname":"Hostname","settings-port":"Port","settings-username":"Username","settings-password":"Password","settings-save":"Save","settings-password-empty":"Password field should not be empty","settings-account-synchronize-window":"Days to sync","settings-synchronize-auto":"Automatic","settings-synchronize-one-day":"1 day","settings-synchronize-three-days":"3 days","settings-synchronize-one-week":"1 week","settings-synchronize-two-weeks":"2 weeks","settings-synchronize-one-month":"1 month","settings-synchronize-all":"All messages","envelope-from":"From","envelope-to":"To","envelope-cc":"Cc","envelope-bcc":"Bcc","reader-header":"Read","compose-header":"Compose message","compose-header-short":"Compose","compose-send":"Send","compose-to":"To","compose-cc":"cc","compose-bcc":"bcc","compose-attachments":{"_index":["plural","n"],"_":{"zero":"Attachments","one":"{{ n }} attachment","two":"{{ n }} attachments","few":"{{ n }} attachments","many":"{{ n }} attachments","other":"{{ n }} attachments"}},"compose-subject":"Subject","compose-draft-save":"Save to Local Drafts","compose-discard-message":"Discard email?","compose-discard-confirm":"Discard","compose-sending-message":"Sending email","compose-send-message-failed":"Sending email failed","composer-attachment-large":"Attachment too large","composer-attachments-large":"Attachments too large","compose-attchment-size-exceeded":"The selected attachment is too large to send with this message.","compose-attchments-size-exceeded":"The selected attachments are too large to send with this message. Try selecting fewer files.","dialog-button-ok":"OK","default-attachment-filename":"attachment{{ n }}","attachment-size-kib":"{{kilobytes}}K","message-attachment-view":{"textContent":"View"},"message-attachment-too-large":"This file is too large to download.","message-no-subject":"(no subject)","message-edit-menu-delete":"Delete","message-edit-delete-confirm":"Delete email message?","message-send-attachment-disabled-confirm":"Attachments can not be forwarded.","message-multiedit-header":{"_index":["plural","n"],"_":{"zero":"Edit","one":"{{ n }} selected","two":"{{ n }} selected","few":"{{ n }} selected","many":"{{ n }} selected","other":"{{ n }} selected"}},"browse-to-url-prompt":"Browse to URL?: {{ url }}","message-download-images":{"_index":["plural","n"],"_":{"one":"This email contains one image. Click to download.","two":"This email contains {{ n }} images. Click to download.","few":"This email contains {{ n }} images. Click to download.","many":"This email contains {{ n }} images. Click to download.","other":"This email contains {{ n }} images. Click to download."}},"message-show-external-images":"Show external images","message-multiedit-cancel":"Cancel","message-multiedit-delete-confirm":{"_index":["plural","n"],"_":{"one":"Delete this email message?","two":"Delete {{ n }} email messages?","few":"Delete {{ n }} email messages?","many":"Delete {{ n }} email messages?","other":"Delete {{ n }} email messages?"}},"message-large-message-cancel":"Cancel","message-large-message-ok":"Continue","message-large-message-confirm":"This message is large and may take some time to download.","message-search-from":"From","message-search-to":"To","message-search-subject":"Subject","message-search-body":"Body","message-search-all":"All","message-search-input":{"placeholder":"Search Mail"},"message-search-cancel-accessible":"Cancel search","messages-syncing":"Loading Messages","messages-sync-more":"Load more messages from server","messages-folder-empty":"No mail in this Folder","messages-search-empty":"No matches in locally cached messages","messages-folder-select":"Select folder","message-contact-menu-create":"Save new contact","message-contact-menu-add-existing":"Add to existing contact","message-contact-menu-view":"View contact","message-contact-menu-reply":"Reply","message-contact-menu-new":"Send new mail","message-reply-menu-reply":"Reply","message-reply-menu-reply-all":"Reply All","message-reply-menu-forward":"Forward","message-reply-menu-cancel":"Cancel","folder-list-header":"Folders","account-last-synced-label":"Last sync:","account-never-synced":"Never","reply-quoting-wrote":"{name} wrote","forward-original-message":"Original message","forward-header-subject":"Subject","forward-header-date":"Date","forward-header-from":"From","forward-header-reply-to":"Reply-To","forward-header-to":"To","forward-header-cc":"Cc","folder-inbox":"Inbox","folder-sent":"Sent","folder-drafts":"Drafts","folder-trash":"Trash","folder-queue":"Unsent","folder-junk":"Junk","folder-archives":"Archives","folder-localdrafts":"Local Drafts","toaster-undo":"Undo","toaster-retry":"Retry","toaster-message-star":{"_index":["plural","n"],"_":{"one":"1 message flag set","two":"{{ n }} message flags set","few":"{{ n }} message flags set","many":"{{ n }} message flags set","other":"{{ n }} message flags set"}},"toaster-message-unstar":{"_index":["plural","n"],"_":{"one":"1 message flag removed","two":"{{ n }} message flags removed","few":"{{ n }} message flags removed","many":"{{ n }} message flags removed","other":"{{ n }} message flags removed"}},"toaster-message-read":{"_index":["plural","n"],"_":{"one":"1 message marked as read","two":"{{ n }} messages marked as read","few":"{{ n }} messages marked as read","many":"{{ n }} messages marked as read","other":"{{ n }} messages marked as read"}},"toaster-message-unread":{"_index":["plural","n"],"_":{"one":"1 message marked as unread","two":"{{ n }} messages marked as unread","few":"{{ n }} messages marked as unread","many":"{{ n }} messages marked as unread","other":"{{ n }} messages marked as unread"}},"toaster-message-move":{"_index":["plural","n"],"_":{"one":"1 message moved","two":"{{ n }} messages moved","few":"{{ n }} messages moved","many":"{{ n }} messages moved","other":"{{ n }} messages moved"}},"toaster-message-delete":{"_index":["plural","n"],"_":{"one":"1 message deleted","two":"{{ n }} messages deleted","few":"{{ n }} messages deleted","many":"{{ n }} messages deleted","other":"{{ n }} messages deleted"}},"toaster-retryable-syncfailed":"Unable to connect to server","form-clear-input":"Remove text","confirm-dialog-title":"Confirmation","senders-separation-sign":", ","new-emails":{"_index":["plural","n"],"_":{"one":"1 New Email","two":"{{ n }} New Emails","few":"{{ n }} New Emails","many":"{{ n }} New Emails","other":"{{ n }} New Emails"}},"new-emails-notify-one-account":{"_index":["plural","n"],"_":{"one":"1 New Email","two":"{{ n }} New Emails","few":"{{ n }} New Emails","many":"{{ n }} New Emails","other":"{{ n }} New Emails"}},"new-emails-notify-multiple-accounts":{"_index":["plural","n"],"_":{"one":"1 New Email ({{ accountName }})","two":"{{ n }} New Emails ({{ accountName }})","few":"{{ n }} New Emails ({{ accountName }})","many":"{{ n }} New Emails ({{ accountName }})","other":"{{ n }} New Emails ({{ accountName }})"}},"new-emails-notify-multiple-accounts-body":"{{ from }} “{{ subject }}”","weekday-0-long":"Sunday","weekday-1-long":"Monday","weekday-2-long":"Tuesday","weekday-3-long":"Wednesday","weekday-4-long":"Thursday","weekday-5-long":"Friday","weekday-6-long":"Saturday","weekday-0-short":"Sun","weekday-1-short":"Mon","weekday-2-short":"Tue","weekday-3-short":"Wed","weekday-4-short":"Thu","weekday-5-short":"Fri","weekday-6-short":"Sat","month-0-long":"January","month-1-long":"February","month-2-long":"March","month-3-long":"April","month-4-long":"May","month-5-long":"June","month-6-long":"July","month-7-long":"August","month-8-long":"September","month-9-long":"October","month-10-long":"November","month-11-long":"December","month-0-genitive":"January","month-1-genitive":"February","month-2-genitive":"March","month-3-genitive":"April","month-4-genitive":"May","month-5-genitive":"June","month-6-genitive":"July","month-7-genitive":"August","month-8-genitive":"September","month-9-genitive":"October","month-10-genitive":"November","month-11-genitive":"December","month-0-short":"Jan","month-1-short":"Feb","month-2-short":"Mar","month-3-short":"Apr","month-4-short":"May","month-5-short":"Jun","month-6-short":"Jul","month-7-short":"Aug","month-8-short":"Sep","month-9-short":"Oct","month-10-short":"Nov","month-11-short":"Dec","minutes-ago-long":{"_index":["plural","value"],"_":{"zero":"just now","one":"a minute ago","two":"{{value}} minutes ago","few":"{{value}} minutes ago","many":"{{value}} minutes ago","other":"{{value}} minutes ago"}},"hours-ago-long":{"_index":["plural","value"],"_":{"zero":"just now","one":"an hour ago","two":"{{value}} hours ago","few":"{{value}} hours ago","many":"{{value}} hours ago","other":"{{value}} hours ago"}},"days-ago-long":{"_index":["plural","value"],"_":{"zero":"today","one":"yesterday","two":"{{value}} days ago","few":"{{value}} days ago","many":"{{value}} days ago","other":"{{value}} days ago"}},"weeks-ago-long":{"_index":["plural","value"],"_":{"zero":"this week","one":"last week","two":"{{value}} weeks ago","few":"{{value}} weeks ago","many":"{{value}} weeks ago","other":"{{value}} weeks ago"}},"months-ago-long":{"_index":["plural","value"],"_":{"zero":"this month","one":"last month","two":"{{value}} months ago","few":"{{value}} months ago","many":"{{value}} months ago","other":"{{value}} months ago"}},"years-ago-long":{"_index":["plural","value"],"_":{"zero":"this year","one":"last year","two":"{{value}} years ago","few":"{{value}} years ago","many":"{{value}} years ago","other":"{{value}} years ago"}},"minutes-until-long":{"_index":["plural","value"],"_":{"zero":"now","one":"in a minute","two":"in {{value}} minutes","few":"in {{value}} minutes","many":"in {{value}} minutes","other":"in {{value}} minutes"}},"hours-until-long":{"_index":["plural","value"],"_":{"zero":"now","one":"in an hour","two":"in {{value}} hours","few":"in {{value}} hours","many":"in {{value}} hours","other":"in {{value}} hours"}},"days-until-long":{"_index":["plural","value"],"_":{"zero":"today","one":"tomorrow","two":"in {{value}} days","few":"in {{value}} days","many":"in {{value}} days","other":"in {{value}} days"}},"weeks-until-long":{"_index":["plural","value"],"_":{"zero":"this week","one":"next week","two":"in {{value}} weeks","few":"in {{value}} weeks","many":"in {{value}} weeks","other":"in {{value}} weeks"}},"months-until-long":{"_index":["plural","value"],"_":{"zero":"this month","one":"next month","two":"in {{value}} months","few":"in {{value}} months","many":"in {{value}} months","other":"in {{value}} months"}},"years-until-long":{"_index":["plural","value"],"_":{"zero":"this year","one":"next year","two":"in {{value}} years","few":"in {{value}} years","many":"in {{value}} years","other":"in {{value}} years"}},"minutes-ago-short":{"_index":["plural","value"],"_":{"zero":"just now","other":"{{value}}m ago"}},"hours-ago-short":{"_index":["plural","value"],"_":{"zero":"just now","other":"{{value}}h ago"}},"days-ago-short":{"_index":["plural","value"],"_":{"zero":"today","other":"{{value}}d ago"}},"minutes-until-short":{"_index":["plural","value"],"_":{"zero":"now","other":"in {{value}}m"}},"hours-until-short":{"_index":["plural","value"],"_":{"zero":"now","other":"in {{value}}h"}},"days-until-short":{"_index":["plural","value"],"_":{"zero":"today","other":"in {{value}}d"}},"incorrectDate":"(incorrect date)","dateTimeFormat_%c":"%a %b %e %Y %I:%M:%S %p","dateTimeFormat_%x":"%m/%d/%Y","dateTimeFormat_%X":"%I:%M:%S %p","shortTimeFormat":"%I:%M %p","shortDateTimeFormat":"%x %I:%M %p","weekStartsOnMonday":"0","time_am":"AM","time_pm":"PM"}