{"setup-app-name-header":"Correo","setup-empty-account-prompt":"Su configuración no permite enviar ni recibir correo. ¿Desea cambiarla ahora?","setup-pick-service":"Para enviar y recibir correo, necesitará configurar una cuenta.","setup-account-header3":"Nueva cuenta","setup-info-name":{"placeholder":"Su nombre"},"setup-info-email":{"placeholder":"alguien@ejemplo.com"},"setup-info-password":{"placeholder":"Contraseña"},"setup-info-next":"Siguiente","setup-progress-wait-msg":"Configurando cuenta","setup-completed-header":"Config. de cuenta","setup-completed-label":"¡Todo listo!","setup-add-another-account":"Agregar otra cuenta","setup-show-mail":"Continuar con el correo","setup-error-offline":"El dispositivo está desconectado. Conéctese y pruebe de nuevo.","setup-error-bad-user-or-pass2":"Usuario o contraseña no válido. Compruébelos.","setup-error-bad-address":"Dirección de correo no válida. Compruébela.","setup-error-not-authorized":"El servidor dice que no está autorizado para crear una cuenta","setup-error-pop-server-not-great":"Servidor no admitido. El servidor POP3 no implementa las funcionalidades requeridas.","setup-error-unknown2":"Se produjo un error desconocido. Compruebe su conexión de red o pruebe con la configuración manual.","setup-error-needs-app-pass":"Debe usar una contraseña específica de la aplicación para habilitar la doble identificación en las cuentas Gmail","setup-error-imap-disabled":"Debe activar IMAP en su cuenta Gmail","setup-error-pop3-disabled":"Debe activar POP3 en su cuenta Gmail","setup-error-bad-security":"No se pudo establecer una conexión segura con \"{{server}}\".  Habrá un problema con su red o con el servidor.","setup-error-unresponsive-server":"No se pudo establecer una conexión con \"{{server}}\".  Habrá un problema con la red.","setup-error-server-problem":"Hay un problema con \"{{server}}\". Pruebe de nuevo pasados unos minutos.","setup-error-no-config-info":"No se pudo configurar automáticamente su cuenta. Corrija su dirección de correo o pruebe con la configuración manual.","setup-error-server-maintenance":"\"{{server}}\" no tiene conexión debido a tareas de mantenimiento. Pruebe de nuevo pasados unos minutos.","setup-error-account-already-exists":"Esta cuenta ya está configurada.","setup-manual-config2":"Conf. manual","setup-manual-config-header":"Conf. manual","setup-manual-account-type":"Tipo de cuenta","setup-manual-imap-header":"Ajustes IMAP","setup-manual-pop3-header":"Ajustes POP3","setup-manual-smtp-header":"Ajustes SMTP","setup-manual-activesync-header":"Ajustes ActiveSync","setup-manual-next":"Siguiente","setup-manual-socket":"Tipo de socket","setup-manual-socket-ssl":"SSL","setup-manual-socket-starttls":"STARTTLS","setup-manual-hostname":{"placeholder":"Nombre de host"},"setup-manual-port":{"placeholder":"Número de puerto"},"setup-manual-username":{"placeholder":"Usuario/a"},"setup-manual-activesync-username":{"placeholder":"Domain\\Username"},"setup-bad-password-header":"¡Contraseña incorrecta!","setup-bad-password":"No pudimos identificarle en el servidor. ¿Tal vez esté mal su contraseña?","setup-new-password":{"placeholder":"Nueva contraseña"},"setup-fix-password":"Pruebe con una contraseña nueva","setup-gmail-twofactor-header":"Doble identificación activada","setup-gmail-twofactor-message":"Tiene que escribir debajo una contraseña específica de la aplicación.","setup-gmail-twofactor-fix":"Usar contraseña de aplicaciones","setup-gmail-imap-header":"IMAP activado","setup-gmail-imap-message":"Debe activar IMAP en su cuenta de Gmail","setup-gmail-imap-retry":"Intentar de nuevo","setup-gmail-pop3-header":"POP3 desactivado","setup-gmail-pop3-message":"Debe activar POP3 en su cuenta Gmail","setup-gmail-pop3-retry":"Reintentar","settings-main-header":"Ajustes correo","settings-sub-header-account":"Cuenta","settings-account-name":"Su nombre","settings-account-display-notifications":"Mostrar notificaciones de nuevos mensajes","settings-sub-header-data":"Datos","settings-account-check-mail":"Comprobar si hay nuevos mensajes","settings-sub-header-server":"Ajustes del servidor","settings-account-userpass":"Nombre de usuario y contraseña","fld-account-picker-last-sync":"Últ. sincr:","settings-done":"Hecho","settings-account-section":"Cuentas","settings-account-add":"Agregar cuenta","settings-account-delete":"Borrar cuenta","settings-account-delete-prompt":"¿Seguro que desea borrar la cuenta de correo {{account}}? Si vuelve a crearla, tendrá que descargar todo su correo de nuevo.","settings-account-delete-cancel":"Cancelar","settings-account-delete-confirm":"Borrar","settings-account-clarify-imap":"{{account-name}} (IMAP)","settings-account-clarify-pop3":"{{account-name}} (POP3)","settings-account-clarify-smtp":"{{account-name}} (SMTP)","settings-general-section":"Ajustes generales","settings-show-images":"Mostrar imágenes siempre","settings-download-attachments":"Descargar adjuntos","settings-check-every-5min":"Cada 5 minutos","settings-check-every-10min":"Cada 10 minutos","settings-check-every-15min":"Cada 15 minutos","settings-check-every-30min":"Cada 30 minutos","settings-check-every-60min":"Cada hora","settings-check-every-manual":"Manualmente","settings-check-dynamic":{"_index":["plural","n"],"_":{"zero":"segundos","one":"{{ n }} segundo","two":"{{ n }} segundos","few":"{{ n }} segundos","many":"{{ n }} segundos","other":"{{ n }} segundos"}},"settings-default-account":"Establecer como predeterminado","settings-account-type":"Tipo de cuenta","settings-account-credentials":"Credenciales","settings-activesync-label":"Ajustes ActiveSync","settings-imap-label":"Ajustes IMAP","settings-pop3-label":"Ajustes POP3","settings-smtp-label":"Ajustes SMTP","settings-hostname":"Nombre de host","settings-port":"Puerto","settings-username":"Usuario/a","settings-password":"Contraseña","settings-save":"Guardar","settings-password-empty":"¡El campo Contraseña no puede estar vacío!","settings-account-synchronize-window":"Días para sincronizar","settings-synchronize-auto":"Automático","settings-synchronize-one-day":"1 día","settings-synchronize-three-days":"3 días","settings-synchronize-one-week":"1 semana","settings-synchronize-two-weeks":"2 semanas","settings-synchronize-one-month":"1 mes","settings-synchronize-all":"Todos","envelope-from":"De","envelope-to":"Para","envelope-cc":"Cc","envelope-bcc":"Cco","reader-header":"Leídos","compose-header":"Redactar mensaje","compose-header-short":"Redactar","compose-send":"Enviar","compose-to":"Para","compose-cc":"Cc","compose-bcc":"Cco","compose-attachments":{"_index":["plural","n"],"_":{"zero":"Adjuntos","one":"{{ n }} adjunto","two":"{{ n }} adjuntos","few":"{{ n }} adjuntos","many":"{{ n }} adjuntos","other":"{{ n }} adjuntos"}},"compose-subject":"Asunto","compose-draft-save":"Guardar en borradores locales","compose-discard-message":"¿Descartar correo?","compose-discard-confirm":"Descartar","compose-sending-message":"Enviando correo","compose-send-message-failed":"Error al enviar correo","composer-attachment-large":"Adjunto demasiado grande","composer-attachments-large":"Adjuntos demasiado grandes","compose-attchment-size-exceeded":"El adjunto seleccionado es demasiado grande para enviarlo con este mensaje.","compose-attchments-size-exceeded":"Los adjuntos seleccionados son demasiado grandes para enviarlos con este mensaje. Pruebe con menos archivos.","dialog-button-ok":"Aceptar","default-attachment-filename":"adjunto{{ n }}","attachment-size-kib":"{{kilobytes}} K","message-attachment-view":{"textContent":"Ver"},"message-attachment-too-large":"This file is too large to download.","message-no-subject":"(sin asunto)","message-edit-menu-delete":"Borrar","message-edit-delete-confirm":"¿Desea borrar el mensaje de correo?","message-send-attachment-disabled-confirm":"Los adjuntos no pueden reenviarse.","message-multiedit-header":{"_index":["plural","n"],"_":{"zero":"Editar","one":"{{ n }} seleccionado","two":"{{ n }} seleccionados","few":"{{ n }} seleccionados","many":"{{ n }} seleccionados","other":"{{ n }} seleccionados"}},"browse-to-url-prompt":"¿Ir a la URL?: {{ url }}","message-download-images":{"_index":["plural","n"],"_":{"one":"Este correo contiene una imagen. Pulse para descargar.","two":"Este correo contiene {{ n }} imágenes. Pulse para descargar.","few":"Este correo contiene {{ n }} imágenes. Pulse para descargar.","many":"Este correo contiene {{ n }} imágenes. Pulse para descargar.","other":"Este correo contiene {{ n }} imágenes. Pulse para descargar."}},"message-show-external-images":"Mostrar imágenes externas","message-multiedit-cancel":"Cancelar","message-multiedit-delete-confirm":{"_index":["plural","n"],"_":{"one":"¿Desea borrar este mensaje de correo?","two":"¿Desea borrar {{ n }} mensajes de correo?","few":"¿Desea borrar {{ n }} mensajes de correo?","many":"¿Desea borrar {{ n }} mensajes de correo?","other":"¿Desea borrar {{ n }} mensajes de correo?"}},"message-large-message-cancel":"Cancelar","message-large-message-ok":"Continuar","message-large-message-confirm":"Debido a la extensión del mensaje, puede tardar un poco en descargarse.","message-search-from":"De","message-search-to":"Para","message-search-subject":"Asunto","message-search-body":"Cuerpo","message-search-all":"Todos","message-search-input":{"placeholder":"Buscar en correo"},"message-search-cancel-accessible":"Cancelar búsqueda","messages-syncing":"Cargando mensajes","messages-sync-more":"Cargar más mensajes","messages-folder-empty":"Carpeta vacía","messages-search-empty":"No hay coincidencias en los mensajes locales en caché","messages-folder-select":"Seleccionar carpeta","message-contact-menu-create":"Guardar nuevo contacto","message-contact-menu-add-existing":"Agregar a contacto existente","message-contact-menu-view":"Ver contacto","message-contact-menu-reply":"Responder","message-contact-menu-new":"Enviar nuevo correo","message-reply-menu-reply":"Responder","message-reply-menu-reply-all":"Responder a todos","message-reply-menu-forward":"Reenviar","message-reply-menu-cancel":"Cancelar","folder-list-header":"Carpetas","account-last-synced-label":"Últ. sincr:","account-never-synced":"Nunca","reply-quoting-wrote":"{name} escribió","forward-original-message":"Mensaje original","forward-header-subject":"Asunto","forward-header-date":"Fecha","forward-header-from":"De","forward-header-reply-to":"Responder a","forward-header-to":"Para","forward-header-cc":"Cc","folder-inbox":"Bandeja de entrada","folder-sent":"Enviados","folder-drafts":"Borradores","folder-trash":"Papelera","folder-queue":"Sin enviar","folder-junk":"Basura","folder-archives":"Archivos","folder-localdrafts":"Borradores locales","toaster-undo":"Deshacer","toaster-retry":"Intentar de nuevo","toaster-message-star":{"_index":["plural","n"],"_":{"one":"Establecido indicador de 1 mensaje","two":"Establecido indicador de {{ n }} mensajes","few":"Establecido indicador de {{ n }} mensajes","many":"Establecido indicador de {{ n }} mensajes","other":"Establecido indicador de {{ n }} mensajes"}},"toaster-message-unstar":{"_index":["plural","n"],"_":{"one":"Eliminado indicador de 1 mensaje","two":"Eliminado indicador de {{ n }} mensajes","few":"Eliminado indicador de {{ n }} mensajes","many":"Eliminado indicador de {{ n }} mensajes","other":"Eliminado indicador de {{ n }} mensajes"}},"toaster-message-read":{"_index":["plural","n"],"_":{"one":"1 mensaje marcado como leído","two":"{{ n }} mensajes marcados como leídos","few":"{{ n }} mensajes marcados como leídos","many":"{{ n }} mensajes marcados como leídos","other":"{{ n }} mensajes marcados como leídos"}},"toaster-message-unread":{"_index":["plural","n"],"_":{"one":"1 mensaje marcado como no leído","two":"{{ n }} mensajes marcados como no leídos","few":"{{ n }} mensajes marcados como no leídos","many":"{{ n }} mensajes marcados como no leídos","other":"{{ n }} mensajes marcados como no leídos"}},"toaster-message-move":{"_index":["plural","n"],"_":{"one":"1 mensaje movido","two":"{{ n }} mensajes movidos","few":"{{ n }} mensajes movidos","many":"{{ n }} mensajes movidos","other":"{{ n }} mensajes movidos"}},"toaster-message-delete":{"_index":["plural","n"],"_":{"one":"1 mensaje borrado","two":"{{ n }} mensajes borrados","few":"{{ n }} mensajes borrados","many":"{{ n }} mensajes borrados","other":"{{ n }} mensajes borrados"}},"toaster-retryable-syncfailed":"No se pudo conectar con el servidor","form-clear-input":"Eliminar texto","confirm-dialog-title":"Confirmación","senders-separation-sign":",","new-emails":{"_index":["plural","n"],"_":{"one":"1 correo nuevo","two":"{{ n }} correos nuevos","few":"{{ n }} correos nuevos","many":"{{ n }} correos nuevos","other":"{{ n }} correos nuevos"}},"new-emails-notify-one-account":{"_index":["plural","n"],"_":{"one":"1 correo nuevo","two":"{{ n }} correos nuevos","few":"{{ n }} correos nuevos","many":"{{ n }} correos nuevos","other":"{{ n }} correos nuevos"}},"new-emails-notify-multiple-accounts":{"_index":["plural","n"],"_":{"one":"1 correo nuevo ({{ accountName }})","two":"{{ n }} correos nuevos ({{ accountName }})","few":"{{ n }} correos nuevos ({{ accountName }})","many":"{{ n }} correos nuevos ({{ accountName }})","other":"{{ n }} correos nuevos ({{ accountName }})"}},"new-emails-notify-multiple-accounts-body":"{{ from }} “{{ subject }}”","weekday-0-long":"domingo","weekday-1-long":"lunes","weekday-2-long":"martes","weekday-3-long":"miércoles","weekday-4-long":"jueves","weekday-5-long":"viernes","weekday-6-long":"sábado","weekday-0-short":"do.","weekday-1-short":"lu.","weekday-2-short":"ma.","weekday-3-short":"mi.","weekday-4-short":"ju.","weekday-5-short":"vi.","weekday-6-short":"sá.","month-0-long":"enero","month-1-long":"febrero","month-2-long":"marzo","month-3-long":"abril","month-4-long":"mayo","month-5-long":"junio","month-6-long":"julio","month-7-long":"agosto","month-8-long":"septiembre","month-9-long":"octubre","month-10-long":"noviembre","month-11-long":"diciembre","month-0-genitive":"enero","month-1-genitive":"febrero","month-2-genitive":"marzo","month-3-genitive":"abril","month-4-genitive":"mayo","month-5-genitive":"junio","month-6-genitive":"julio","month-7-genitive":"agosto","month-8-genitive":"septiembre","month-9-genitive":"octubre","month-10-genitive":"noviembre","month-11-genitive":"diciembre","month-0-short":"ene.","month-1-short":"feb.","month-2-short":"mar.","month-3-short":"abr.","month-4-short":"may.","month-5-short":"jun.","month-6-short":"jul.","month-7-short":"ago.","month-8-short":"sep.","month-9-short":"oct.","month-10-short":"nov.","month-11-short":"dic.","minutes-ago-long":{"_index":["plural","value"],"_":{"zero":"ahora","one":"hace un minuto","two":"hace {{value}} minutos","few":"hace {{value}} minutos","many":"hace {{value}} minutos","other":"hace {{value}} minutos"}},"hours-ago-long":{"_index":["plural","value"],"_":{"zero":"ahora","one":"hace una hora","two":"hace {{value}} horas","few":"hace {{value}} horas","many":"hace {{value}} horas","other":"hace {{value}} horas"}},"days-ago-long":{"_index":["plural","value"],"_":{"zero":"hoy","one":"ayer","two":"hace {{value}} días","few":"hace {{value}} días","many":"hace {{value}} días","other":"hace {{value}} días"}},"weeks-ago-long":{"_index":["plural","value"],"_":{"zero":"esta semana","one":"la semana pasada","two":"hace {{value}} semanas","few":"hace {{value}} semanas","many":"hace {{value}} semanas","other":"hace {{value}} semanas"}},"months-ago-long":{"_index":["plural","value"],"_":{"zero":"este mes","one":"el último mes","two":"hace {{value}} meses","few":"hace {{value}} meses","many":"hace {{value}} meses","other":"hace {{value}} meses"}},"years-ago-long":{"_index":["plural","value"],"_":{"zero":"este año","one":"último año","two":"hace {{value}} años","few":"hace {{value}} años","many":"hace {{value}} años","other":"hace {{value}} años"}},"minutes-until-long":{"_index":["plural","value"],"_":{"zero":"ahora","one":"en un minuto","two":"en {{value}} minutos","few":"en {{value}} minutos","many":"en {{value}} minutos","other":"en {{value}} minutos"}},"hours-until-long":{"_index":["plural","value"],"_":{"zero":"ahora","one":"en una hora","two":"en {{value}} horas","few":"en {{value}} horas","many":"en {{value}} horas","other":"en {{value}} horas"}},"days-until-long":{"_index":["plural","value"],"_":{"zero":"hoy","one":"mañana","two":"en {{value}} días","few":"en {{value}} días","many":"en {{value}} días","other":"en {{value}} días"}},"weeks-until-long":{"_index":["plural","value"],"_":{"zero":"esta semana","one":"la próxima semana","two":"en {{value}} semanas","few":"en {{value}} semanas","many":"en {{value}} semanas","other":"en {{value}} semanas"}},"months-until-long":{"_index":["plural","value"],"_":{"zero":"este mes","one":"próximo mes","two":"en {{value}} meses","few":"en {{value}} meses","many":"en {{value}} meses","other":"en {{value}} meses"}},"years-until-long":{"_index":["plural","value"],"_":{"zero":"este año","one":"próximo año","two":"en {{value}} años","few":"en {{value}} años","many":"en {{value}} años","other":"en {{value}} años"}},"minutes-ago-short":{"_index":["plural","value"],"_":{"zero":"ahora","other":"hace {{value}} m"}},"hours-ago-short":{"_index":["plural","value"],"_":{"zero":"ahora","other":"hace {{value}} h"}},"days-ago-short":{"_index":["plural","value"],"_":{"zero":"hoy","other":"hace {{value}} d"}},"minutes-until-short":{"_index":["plural","value"],"_":{"zero":"ahora","other":"en {{value}} m"}},"hours-until-short":{"_index":["plural","value"],"_":{"zero":"ahora","other":"en {{value}} h"}},"days-until-short":{"_index":["plural","value"],"_":{"zero":"hoy","other":"en {{value}} d"}},"incorrectDate":"(fecha incorrecta)","dateTimeFormat_%c":"%a, %e de %b, %Y %H:%M:%S","dateTimeFormat_%x":"%d/%m/%Y","dateTimeFormat_%X":"%H:%M:%S","shortTimeFormat":"%H:%M","shortDateTimeFormat":"%x %H:%M %p","weekStartsOnMonday":"1","time_am":"AM","time_pm":"PM"}