{"setup-app-name-header":"Posta","setup-empty-account-prompt":"Posta elektronikoa ez daukazu konfiguratuta. Orain egin nahi duzu?","setup-pick-service":"Posta bidali eta jasotzeko kontu bat konfiguratu beharko duzu.","setup-account-header3":"Kontu berria","setup-info-name":{"placeholder":"Zure izena"},"setup-info-email":{"placeholder":"norbait@adibidea.com"},"setup-info-password":{"placeholder":"Pasahitza"},"setup-info-next":"Hurrengoa","setup-progress-wait-msg":"Kontua konfiguratzen","setup-completed-header":"Posta-kontuaren konfigurazioa","setup-completed-label":"Dena eginda!","setup-add-another-account":"Gehitu beste kontu bat","setup-show-mail":"Jarraitu postara","setup-error-offline":"Une honetan gailua lineaz kanpo dago. Konektatu sare batera eta saiatu berriro.","setup-error-bad-user-or-pass2":"Erabiltzaile-izen edo pasahitz baliogabea. Egiaztatu ondo idatzi duzula.","setup-error-bad-address":"Helbide elektroniko baliogabea. Egiaztatu ondo idatzi duzula.","setup-error-not-authorized":"Zerbitzariak dio ez daukazula kontu bat sortzeko baimenik","setup-error-pop-server-not-great":"Ez da zerbitzaria onartzen. POP3 zerbitzariak ez ditu beharrezko eginbideak inplementatzen.","setup-error-unknown2":"Errore ezezaguna gertatu da. Egiaztatu sareko konexioa edo saiatu eskuzko konfigurazioaren aukera.","setup-error-needs-app-pass":"Aplikazioarentzat espezifikoa den pasahitza erabili behar duzu bi faktoreko autentifikaziodun Gmail kontuetarako","setup-error-imap-disabled":"IMAP gaitu behar duzu zure Gmail kontuarentzako","setup-error-pop3-disabled":"POP3 gaitu behar duzu zure Gmail kontuarentzako","setup-error-bad-security":"Ezin da konexio segurua ezarri \"{{server}}\" zerbitzariarekin. Sarearekin edo zerbitzariarekin arazoak egon litezke.","setup-error-unresponsive-server":"Ezin da konexio segurua ezarri \"{{server}}\" zerbitzariarekin. Sarearekin arazoak egon litezke.","setup-error-server-problem":"Arazo bat dago \"{{server}}\" zerbitzariarekin. Saiatu berriro beranduago.","setup-error-no-config-info":"Ezin da zure kontua automatikoki konfiguratu. Zuzendu helbide elektronikoa edo saiatu eskuzko konfigurazioaren aukera.","setup-error-server-maintenance":"\"{{server}}\" zerbitzaria lineaz kanpo dago mantenu-lanengatik. Saiatu berriro beranduago.","setup-error-account-already-exists":"Kontu hau konfiguratuta dago dagoeneko.","setup-manual-config2":"Eskuzko konfigurazioa","setup-manual-config-header":"Eskuzko konfigurazioa","setup-manual-account-type":"Kontu mota","setup-manual-imap-header":"IMAP ezarpenak","setup-manual-pop3-header":"POP3 ezarpenak","setup-manual-smtp-header":"SMTP ezarpenak","setup-manual-activesync-header":"ActiveSync ezarpenak","setup-manual-next":"Hurrengoa","setup-manual-socket":"Socket mota","setup-manual-socket-ssl":"SSL","setup-manual-socket-starttls":"STARTTLS","setup-manual-hostname":{"placeholder":"Ostalari-izena"},"setup-manual-port":{"placeholder":"Ataka zenbakia"},"setup-manual-username":{"placeholder":"Erabiltzaile-izena"},"setup-manual-activesync-username":{"placeholder":"Domain\\Username"},"setup-bad-password-header":"Pasahitz okerra!","setup-bad-password":"Ezin izan da zerbitzarian saioa hasi. Zure pasahitza okerra da?","setup-new-password":{"placeholder":"Pasahitz berria"},"setup-fix-password":"Saiatu berriro pasahitz berriarekin","setup-gmail-twofactor-header":"Bi faktoreko autentifikazioa gaituta","setup-gmail-twofactor-message":"Aplikazioarentzat espezifikoa den pasahitza idatzi behar duzu azpian.","setup-gmail-twofactor-fix":"Erabili aplikazio-pasahitza","setup-gmail-imap-header":"IMAP desgaituta","setup-gmail-imap-message":"IMAP gaitu behar duzu zure Gmail kontuan","setup-gmail-imap-retry":"Saiatu berriro","setup-gmail-pop3-header":"POP3 desgaituta","setup-gmail-pop3-message":"POP3 gaitu behar duzu zure Gmail kontuan","setup-gmail-pop3-retry":"Saiatu berriro","settings-main-header":"Posta-ezarpenak","settings-sub-header-account":"Kontua","settings-account-name":"Zure izena","settings-account-display-notifications":"Bistaratu mezu berrien jakinarazpenak","settings-sub-header-data":"Datuak","settings-account-check-mail":"Begiratu mezu berririk dagoen","settings-sub-header-server":"Zerbitzariaren ezarpenak","settings-account-userpass":"Erabiltzaile-izena eta pasahitza","fld-account-picker-last-sync":"Azken sinkronizazioa:","settings-done":"Eginda","settings-account-section":"Kontuak","settings-account-add":"Gehitu kontua","settings-account-delete":"Ezabatu kontua","settings-account-delete-prompt":"Ziur zaude zure {{account}} posta-kontua ezabatu nahi duzula? Posta berriro deskargatu beharko duzu kontua berriro sortuz gero.","settings-account-delete-cancel":"Utzi","settings-account-delete-confirm":"Ezabatu","settings-account-clarify-imap":"{{account-name}} (IMAP)","settings-account-clarify-pop3":"{{account-name}} (POP3)","settings-account-clarify-smtp":"{{account-name}} (SMTP)","settings-general-section":"Ezarpen orokorrak","settings-show-images":"Erakutsi beti irudiak","settings-download-attachments":"Deskargatu eranskinak","settings-check-every-5min":"5 minuturo","settings-check-every-10min":"10 minuturo","settings-check-every-15min":"15 minuturo","settings-check-every-30min":"30 minuturo","settings-check-every-60min":"Orduro","settings-check-every-manual":"Eskuz","settings-check-dynamic":{"_index":["plural","n"],"_":{"zero":"segundo","one":"{{ n }} segundo","two":"{{ n }} segundo","few":"{{ n }} segundo","many":"{{ n }} segundo","other":"{{ n }} segundo"}},"settings-default-account":"Kontu lehentsia","settings-account-type":"Kontu mota","settings-account-credentials":"Kredentzialak","settings-activesync-label":"ActiveSync ezarpenak","settings-imap-label":"IMAP ezarpenak","settings-pop3-label":"POP3 ezarpenak","settings-smtp-label":"SMTP ezarpenak","settings-hostname":"Ostalari-izena","settings-port":"Ataka","settings-username":"Erabiltzaile-izena","settings-password":"Pasahitza","settings-save":"Gorde","settings-password-empty":"Pasahitzaren eremuak ezin du hutsik egon","settings-account-synchronize-window":"Sinkronizatzeko egunak","settings-synchronize-auto":"Automatikoa","settings-synchronize-one-day":"egun bat","settings-synchronize-three-days":"3 egun","settings-synchronize-one-week":"astebete","settings-synchronize-two-weeks":"bi aste","settings-synchronize-one-month":"hilabete","settings-synchronize-all":"Mezu guztiak","envelope-from":"Nork","envelope-to":"Nori","envelope-cc":"Cc","envelope-bcc":"Bcc","reader-header":"Irakurriak","compose-header":"Idatzi mezua","compose-header-short":"Idatzi","compose-send":"Bidali","compose-to":"Nori","compose-cc":"cc","compose-bcc":"bcc","compose-attachments":{"_index":["plural","n"],"_":{"zero":"Eranskinak","one":"Eranskin bat","two":"{{ n }} eranskin","few":"{{ n }} eranskin","many":"{{ n }} eranskin","other":"{{ n }} eranskin"}},"compose-subject":"Gaia","compose-draft-save":"Gorde zirriborro lokaletan","compose-discard-message":"Baztertu mezua?","compose-discard-confirm":"Baztertu","compose-sending-message":"Mezuak bidaltzea","compose-send-message-failed":"Huts egin du mezua bidaltzean","composer-attachment-large":"Eranskina handiegia da","composer-attachments-large":"Eranskinak handiegiak dira","compose-attchment-size-exceeded":"Hautatutako eranskina handiegia da mezu honekin bidaltzeko.","compose-attchments-size-exceeded":"Hautatutako eranskinak handiegiak dira mezu honekin bidaltzeko. Saiatu fitxategi gutxiago hautatzen.","dialog-button-ok":"Ados","default-attachment-filename":"{{ n }}. eranskina","attachment-size-kib":"{{kilobytes}}K","message-attachment-view":{"textContent":"Ikusi"},"message-attachment-too-large":"This file is too large to download.","message-no-subject":"(gairik ez)","message-edit-menu-delete":"Ezabatu","message-edit-delete-confirm":"Ezabatu mezua?","message-send-attachment-disabled-confirm":"Eranskinak ezin dira birbidali.","message-multiedit-header":{"_index":["plural","n"],"_":{"zero":"Editatu","one":"Bat hautatuta","two":"{{ n }} hautatuta","few":"{{ n }} hautatuta","many":"{{ n }} hautatuta","other":"{{ n }} hautatuta"}},"browse-to-url-prompt":"Nabigatu URLra?: {{ url }}","message-download-images":{"_index":["plural","n"],"_":{"one":"Mezu honek irudi bat dauka. Egin klik deskargatzeko.","two":"Mezu honek {{ n }} irudi dauzka. Egin klik deskargatzeko.","few":"Mezu honek {{ n }} irudi dauzka. Egin klik deskargatzeko.","many":"Mezu honek {{ n }} irudi dauzka. Egin klik deskargatzeko.","other":"Mezu honek {{ n }} irudi dauzka. Egin klik deskargatzeko."}},"message-show-external-images":"Erakutsi kanpoko irudiak","message-multiedit-cancel":"Utzi","message-multiedit-delete-confirm":{"_index":["plural","n"],"_":{"one":"Ezabatu mezu hau?","two":"Ezabatu {{ n }} mezu?","few":"Ezabatu {{ n }} mezu?","many":"Ezabatu {{ n }} mezu?","other":"Ezabatu {{ n }} mezu?"}},"message-large-message-cancel":"Utzi","message-large-message-ok":"Jarraitu","message-large-message-confirm":"Mezu hau handia da eta denbora pixka bat har lezake deskargatzeko.","message-search-from":"Nork","message-search-to":"Nori","message-search-subject":"Gaia","message-search-body":"Gorputza","message-search-all":"Denak","message-search-input":{"placeholder":"Bilatu mezuak"},"message-search-cancel-accessible":"Utzi bilaketa","messages-syncing":"Mezuak kargatzen","messages-sync-more":"Kargatu mezu gehiago zerbitzaritik","messages-folder-empty":"Mezurik ez karpeta honetan","messages-search-empty":"Bat datorrenik ez cache lokaleko mezuetan","messages-folder-select":"Hautatu karpeta","message-contact-menu-create":"Gorde kontaktu berria","message-contact-menu-add-existing":"Gehitu badagoen kontaktuari","message-contact-menu-view":"Ikusi kontaktua","message-contact-menu-reply":"Erantzun","message-contact-menu-new":"Bidali mezu berria","message-reply-menu-reply":"Erantzun","message-reply-menu-reply-all":"Erantzun denei","message-reply-menu-forward":"Birbidali","message-reply-menu-cancel":"Utzi","folder-list-header":"Karpetak","account-last-synced-label":"Azken sinkronizazioa: ","account-never-synced":"Inoiz ez","reply-quoting-wrote":"{name} igorleak idatzi zuen","forward-original-message":"Jatorrizko mezua","forward-header-subject":"Gaia","forward-header-date":"Data","forward-header-from":"Nork","forward-header-reply-to":"Erantzun honi","forward-header-to":"Nori","forward-header-cc":"Cc","folder-inbox":"Sarrera-ontzia","folder-sent":"Bidalitakoak","folder-drafts":"Zirriborroak","folder-trash":"Zakarrontzia","folder-queue":"Bidali gabekoak","folder-junk":"Spama","folder-archives":"Artxiboak","folder-localdrafts":"Zirriborro lokalak","toaster-undo":"Desegin","toaster-retry":"Saiatu berriro","toaster-message-star":{"_index":["plural","n"],"_":{"one":"Mezu-marka bat ezarrita","two":"{{ n }} mezu-marka ezarrita","few":"{{ n }} mezu-marka ezarrita","many":"{{ n }} mezu-marka ezarrita","other":"{{ n }} mezu-marka ezarrita"}},"toaster-message-unstar":{"_index":["plural","n"],"_":{"one":"Mezu-marka bat kenduta","two":"{{ n }} mezu-marka kenduta","few":"{{ n }} mezu-marka kenduta","many":"{{ n }} mezu-marka kenduta","other":"{{ n }} mezu-marka kenduta"}},"toaster-message-read":{"_index":["plural","n"],"_":{"one":"Mezu bat irakurritako gisa markatuta","two":"{{ n }} mezu irakurritako gisa markatuta","few":"{{ n }} mezu irakurritako gisa markatuta","many":"{{ n }} mezu irakurritako gisa markatuta","other":"{{ n }} mezu irakurritako gisa markatuta"}},"toaster-message-unread":{"_index":["plural","n"],"_":{"one":"Mezu bat irakurri gabeko gisa markatuta","two":"{{ n }} mezu irakurri gabeko gisa markatuta","few":"{{ n }} mezu irakurri gabeko gisa markatuta","many":"{{ n }} mezu irakurri gabeko gisa markatuta","other":"{{ n }} mezu irakurri gabeko gisa markatuta"}},"toaster-message-move":{"_index":["plural","n"],"_":{"one":"Mezu bat lekuz aldatuta","two":"{{ n }} mezu lekuz aldatuta","few":"{{ n }} mezu lekuz aldatuta","many":"{{ n }} mezu lekuz aldatuta","other":"{{ n }} mezu lekuz aldatuta"}},"toaster-message-delete":{"_index":["plural","n"],"_":{"one":"Mezu bat ezabatuta","two":"{{ n }} mezu ezabatuta","few":"{{ n }} mezu ezabatuta","many":"{{ n }} mezu ezabatuta","other":"{{ n }} mezu ezabatuta"}},"toaster-retryable-syncfailed":"Ezin da zerbitzariarekin konektatu","form-clear-input":"Kendu testua","confirm-dialog-title":"Berrespena","senders-separation-sign":", ","new-emails":{"_index":["plural","n"],"_":{"one":"Mezu berri bat","two":"{{ n }} mezu berri","few":"{{ n }} mezu berri","many":"{{ n }} mezu berri","other":"{{ n }} mezu berri"}},"new-emails-notify-one-account":{"_index":["plural","n"],"_":{"one":"Mezu berri bat","two":"{{ n }} mezu berri","few":"{{ n }} mezu berri","many":"{{ n }} mezu berri","other":"{{ n }} mezu berri"}},"new-emails-notify-multiple-accounts":{"_index":["plural","n"],"_":{"one":"Mezu berri bat ({{ accountName }})","two":"{{ n }} mezu berri ({{ accountName }})","few":"{{ n }} mezu berri ({{ accountName }})","many":"{{ n }} mezu berri ({{ accountName }})","other":"{{ n }} mezu berri ({{ accountName }})"}},"new-emails-notify-multiple-accounts-body":"{{ from }} “{{ subject }}”","weekday-0-long":"igandea","weekday-1-long":"astelehena","weekday-2-long":"asteartea","weekday-3-long":"asteazkena","weekday-4-long":"osteguna","weekday-5-long":"ostirala","weekday-6-long":"larunbata","weekday-0-short":"ig.","weekday-1-short":"al.","weekday-2-short":"ar.","weekday-3-short":"az.","weekday-4-short":"og.","weekday-5-short":"or.","weekday-6-short":"lr.","month-0-long":"urtarrila","month-1-long":"otsaila","month-2-long":"martxoa","month-3-long":"apirila","month-4-long":"maiatza","month-5-long":"ekaina","month-6-long":"uztaila","month-7-long":"abuztua","month-8-long":"iraila","month-9-long":"urria","month-10-long":"azaroa","month-11-long":"abendua","month-0-genitive":"urtarrila","month-1-genitive":"otsaila","month-2-genitive":"martxoa","month-3-genitive":"apirila","month-4-genitive":"maiatza","month-5-genitive":"ekaina","month-6-genitive":"uztaila","month-7-genitive":"abuztua","month-8-genitive":"iraila","month-9-genitive":"urria","month-10-genitive":"azaroa","month-11-genitive":"abendua","month-0-short":"urt","month-1-short":"ots","month-2-short":"mar","month-3-short":"api","month-4-short":"mai","month-5-short":"eka","month-6-short":"uzt","month-7-short":"abu","month-8-short":"ira","month-9-short":"urr","month-10-short":"aza","month-11-short":"abe","minutes-ago-long":{"_index":["plural","value"],"_":{"zero":"oraintxe bertan","one":"duela minutu bat","two":"duela {{value}} minutu","few":"duela {{value}} minutu","many":"duela {{value}} minutu","other":"duela {{value}} minutu"}},"hours-ago-long":{"_index":["plural","value"],"_":{"zero":"oraintxe bertan","one":"duela ordubete","two":"duela {{value}} ordu","few":"duela {{value}} ordu","many":"duela {{value}} ordu","other":"duela {{value}} ordu"}},"days-ago-long":{"_index":["plural","value"],"_":{"zero":"gaur","one":"atzo","two":"herenegun","few":"duela {{value}} egun","many":"duela {{value}} egun","other":"duela {{value}} egun"}},"weeks-ago-long":{"_index":["plural","value"],"_":{"zero":"aste honetan","one":"azken astean","two":"duela {{value}} aste","few":"duela {{value}} aste","many":"duela {{value}} aste","other":"duela {{value}} aste"}},"months-ago-long":{"_index":["plural","value"],"_":{"zero":"hilabete honetan","one":"azken hilabetean","two":"duela {{value}} hilabete","few":"duela {{value}} hilabete","many":"duela {{value}} hilabete","other":"duela {{value}} hilabete"}},"years-ago-long":{"_index":["plural","value"],"_":{"zero":"aurten","one":"iaz","two":"duela {{value}} urte","few":"duela {{value}} urte","many":"duela {{value}} urte","other":"duela {{value}} urte"}},"minutes-until-long":{"_index":["plural","value"],"_":{"zero":"orain","one":"minutu barru","two":"{{value}} minutu barru","few":"{{value}} minutu barru","many":"{{value}} minutu barru","other":"{{value}} minutu barru"}},"hours-until-long":{"_index":["plural","value"],"_":{"zero":"orain","one":"ordubete barru","two":"{{value}} ordu barru","few":"{{value}} ordu barru","many":"{{value}} ordu barru","other":"{{value}} ordu barru"}},"days-until-long":{"_index":["plural","value"],"_":{"zero":"gaur","one":"bihar","two":"etzi","few":"{{value}} egun barru","many":"{{value}} egun barru","other":"{{value}} egun barru"}},"weeks-until-long":{"_index":["plural","value"],"_":{"zero":"aste honetan","one":"hurrengo astean","two":"{{value}} aste barru","few":"{{value}} aste barru","many":"{{value}} aste barru","other":"{{value}} aste barru"}},"months-until-long":{"_index":["plural","value"],"_":{"zero":"hil honetan","one":"hurrengo hilean","two":"{{value}} hilabete barru","few":"{{value}} hilabete barru","many":"{{value}} hilabete barru","other":"{{value}} hilabete barru"}},"years-until-long":{"_index":["plural","value"],"_":{"zero":"aurten","one":"hurrengo urtean","two":"{{value}} urte barru","few":"{{value}} urte barru","many":"{{value}} urte barru","other":"{{value}} urte barru"}},"minutes-ago-short":{"_index":["plural","value"],"_":{"zero":"oraintxe bertan","other":"duela {{value}}m"}},"hours-ago-short":{"_index":["plural","value"],"_":{"zero":"oraintxe bertan","other":"duela {{value}}h"}},"days-ago-short":{"_index":["plural","value"],"_":{"zero":"gaur","other":"duela {{value}}eg."}},"minutes-until-short":{"_index":["plural","value"],"_":{"zero":"orain","other":"{{value}}m barru"}},"hours-until-short":{"_index":["plural","value"],"_":{"zero":"orain","other":"{{value}}h barru"}},"days-until-short":{"_index":["plural","value"],"_":{"zero":"gaur","other":"{{value}}eg. barru"}},"incorrectDate":"(data okerra)","dateTimeFormat_%c":"%a, %Y.eko %Bren %ea %H:%M:%S","dateTimeFormat_%x":"%Y/%m/%d","dateTimeFormat_%X":"%H:%M:%S","shortTimeFormat":"%H:%M","shortDateTimeFormat":"%x %H:%M","weekStartsOnMonday":"1","time_am":"AM","time_pm":"PM"}