{"setup-app-name-header":"Courriel","setup-empty-account-prompt":"Votre compte n’est pas configuré pour envoyer ni recevoir des messages. Voulez-vous le configurer maintenant ?","setup-pick-service":"Pour envoyer et recevoir des messages, vous devez configurer un compte.","setup-account-header3":"Nouveau compte","setup-info-name":{"placeholder":"Votre nom"},"setup-info-email":{"placeholder":"vous@exemple.com"},"setup-info-password":{"placeholder":"Mot de passe"},"setup-info-next":"Suivant","setup-progress-wait-msg":"Configuration du compte","setup-completed-header":"Configuration du compte","setup-completed-label":"C’est fini !","setup-add-another-account":"Ajouter un autre compte","setup-show-mail":"Continuer vers les messages","setup-error-offline":"Cet appareil est actuellement hors connexion. Veuillez vous connecter à un réseau puis réessayer.","setup-error-bad-user-or-pass2":"Nom d’utilisateur ou mot de passe incorrect. Veuillez vérifier ces informations.","setup-error-bad-address":"Adresse électronique incorrecte. Veuillez vérifier cette information.","setup-error-not-authorized":"Le serveur répond que vous n’êtes pas autorisé à créer un compte","setup-error-pop-server-not-great":"Serveur non pris en charge. Le serveur POP3 ne possède pas les fonctionnalités requises.","setup-error-unknown2":"Une erreur inconnue s’est produite. Veuillez vérifier votre connexion réseau ou essayer la configuration manuelle.","setup-error-needs-app-pass":"Vous devez utiliser un mot de passe spécifique à l’application pour la validation en deux étapes de vos comptes Gmail","setup-error-imap-disabled":"Vous devez activer IMAP pour votre compte Gmail","setup-error-pop3-disabled":"Vous devez activer POP3 pour votre compte Gmail","setup-error-bad-security":"Impossible d’établir une connexion sécurisée avec « {{server}} ». Il y a peut-être un problème avec le serveur ou votre réseau.","setup-error-unresponsive-server":"Impossible d’établir une connexion avec « {{server}} ». Il y a peut-être un problème réseau.","setup-error-server-problem":"Il y a un problème avec le serveur « {{server}} ». Veuillez réessayer plus tard.","setup-error-no-config-info":"Impossible de configurer automatiquement votre compte. Veuillez corriger votre adresse électronique ou essayer la configuration manuelle.","setup-error-server-maintenance":"Le serveur « {{server}} » est hors connexion pour cause de maintenance. Veuillez réessayer plus tard.","setup-error-account-already-exists":"Ce compte est déjà configuré.","setup-manual-config2":"Configuration manuelle","setup-manual-config-header":"Config. manuelle","setup-manual-account-type":"Type de compte","setup-manual-imap-header":"Paramètres IMAP","setup-manual-pop3-header":"Paramètres POP3","setup-manual-smtp-header":"Paramètres SMTP","setup-manual-activesync-header":"Paramètres ActiveSync","setup-manual-next":"Suivant","setup-manual-socket":"Type de protocole","setup-manual-socket-ssl":"SSL","setup-manual-socket-starttls":"STARTTLS","setup-manual-hostname":{"placeholder":"Nom d’hôte"},"setup-manual-port":{"placeholder":"Numéro de port"},"setup-manual-username":{"placeholder":"Nom d’utilisateur"},"setup-manual-activesync-username":{"placeholder":"Domain\\Username"},"setup-bad-password-header":"Mauvais mot de passe","setup-bad-password":"Impossible de s’identifier sur le serveur. Peut-être le mot de passe est-il incorrect ?","setup-new-password":{"placeholder":"Nouveau mot de passe"},"setup-fix-password":"Réessayer avec ce mot de passe","setup-gmail-twofactor-header":"Validation en deux étapes activée","setup-gmail-twofactor-message":"Vous devez saisir ci-dessous un mot de passe spécifique à l’application.","setup-gmail-twofactor-fix":"Utiliser mot de passe de l’application","setup-gmail-imap-header":"IMAP désactivé","setup-gmail-imap-message":"Vous devez activer IMAP sur votre compte Gmail","setup-gmail-imap-retry":"Réessayer","setup-gmail-pop3-header":"POP3 désactivé","setup-gmail-pop3-message":"Vous devez activer POP3 sur votre compte Gmail","setup-gmail-pop3-retry":"Réessayer","settings-main-header":"Paramètres","settings-sub-header-account":"Compte","settings-account-name":"Votre nom","settings-account-display-notifications":"Afficher notification à chaque message reçu","settings-sub-header-data":"Données","settings-account-check-mail":"Vérifier les nouveaux messages","settings-sub-header-server":"Paramètres du serveur","settings-account-userpass":"Nom d’utilisateur et mot de passe","fld-account-picker-last-sync":"Dernière sync. :","settings-done":"Terminé","settings-account-section":"Comptes","settings-account-add":"Ajouter un compte","settings-account-delete":"Supprimer le compte","settings-account-delete-prompt":"Voulez-vous vraiment supprimer votre compte de messagerie {{account}} ? Vous devrez télécharger à nouveau vos messages si vous re-créez ce compte.","settings-account-delete-cancel":"Annuler","settings-account-delete-confirm":"Supprimer","settings-account-clarify-imap":"{{account-name}} (IMAP)","settings-account-clarify-pop3":"{{account-name}} (POP3)","settings-account-clarify-smtp":"{{account-name}} (SMTP)","settings-general-section":"Paramètres généraux","settings-show-images":"Toujours afficher les images","settings-download-attachments":"Télécharger les pièces jointes","settings-check-every-5min":"Toutes les 5 minutes","settings-check-every-10min":"Toutes les 10 minutes","settings-check-every-15min":"Toutes les 15 minutes","settings-check-every-30min":"Toutes les 30 minutes","settings-check-every-60min":"Chaque heure","settings-check-every-manual":"Manuellement","settings-check-dynamic":{"_index":["plural","n"],"_":{"zero":"secondes","one":"{{ n }} seconde","two":"{{ n }} secondes","few":"{{ n }} secondes","many":"{{ n }} secondes","other":"{{ n }} secondes"}},"settings-default-account":"Compte par défaut","settings-account-type":"Type de compte","settings-account-credentials":"Identifiants","settings-activesync-label":"Paramètres ActiveSync","settings-imap-label":"Paramètres IMAP","settings-pop3-label":"Paramètres POP3","settings-smtp-label":"Paramètres SMTP","settings-hostname":"Nom d’hôte","settings-port":"Port","settings-username":"Nom d’utilisateur","settings-password":"Mot de passe","settings-save":"Enregistrer","settings-password-empty":"Le champ mot de passe ne peut être vide","settings-account-synchronize-window":"Période à synchroniser","settings-synchronize-auto":"Automatiquement","settings-synchronize-one-day":"1 jour","settings-synchronize-three-days":"3 jours","settings-synchronize-one-week":"1 semaine","settings-synchronize-two-weeks":"2 semaines","settings-synchronize-one-month":"1 mois","settings-synchronize-all":"Tous les messages","envelope-from":"De ","envelope-to":"À ","envelope-cc":"Cc ","envelope-bcc":"Cci ","reader-header":"Lire","compose-header":"Écrire un message","compose-header-short":"Écrire","compose-send":"Envoyer","compose-to":"À ","compose-cc":"Cc ","compose-bcc":"Cci ","compose-attachments":{"_index":["plural","n"],"_":{"zero":"Pièces jointes","one":"{{ n }} pièce jointe ","two":"{{ n }} pièces jointes ","few":"{{ n }} pièces jointes ","many":"{{ n }} pièces jointes ","other":"{{ n }} pièces jointes "}},"compose-subject":"Objet ","compose-draft-save":"Enregistrer dans Brouillons locaux","compose-discard-message":"Effacer le message ?","compose-discard-confirm":"Effacer","compose-sending-message":"Envoi du message","compose-send-message-failed":"Échec de l’envoi du message","composer-attachment-large":"Pièce jointe trop volumineuse","composer-attachments-large":"Pièces jointes trop volumineuses","compose-attchment-size-exceeded":"La pièce jointe sélectionnée est trop volumineuse pour être envoyée avec ce message.","compose-attchments-size-exceeded":"Les pièces jointes sélectionnées sont trop volumineuses pour être envoyées avec ce message. Essayez de sélectionner moins de fichiers.","dialog-button-ok":"OK","default-attachment-filename":"pièce jointe{{ n }}","attachment-size-kib":"{{kilobytes}} Ko","message-attachment-view":{"textContent":"Voir"},"message-attachment-too-large":"Ce fichier est trop volumineux pour être téléchargé.","message-no-subject":"(aucun objet)","message-edit-menu-delete":"Supprimer","message-edit-delete-confirm":"Supprimer le message ?","message-send-attachment-disabled-confirm":"Les pièces jointes ne peuvent pas être transférées.","message-multiedit-header":{"_index":["plural","n"],"_":{"zero":"Modifier","one":"{{ n }} sélectionné","two":"{{ n }} sélectionnés","few":"{{ n }} sélectionnés","many":"{{ n }} sélectionnés","other":"{{ n }} sélectionnés"}},"browse-to-url-prompt":"Ouvrir l’URL ? : {{ url }}","message-download-images":{"_index":["plural","n"],"_":{"one":"Ce message contient une image. Appuyer pour la télécharger.","two":"Ce message contient {{ n }} images. Appuyer pour les télécharger.","few":"Ce message contient {{ n }} images. Appuyer pour les télécharger.","many":"Ce message contient {{ n }} images. Appuyer pour les télécharger.","other":"Ce message contient {{ n }} images. Appuyer pour les télécharger."}},"message-show-external-images":"Afficher les images externes","message-multiedit-cancel":"Annuler","message-multiedit-delete-confirm":{"_index":["plural","n"],"_":{"one":"Supprimer ce message ?","two":"Supprimer {{ n }} messages ?","few":"Supprimer {{ n }} messages ?","many":"Supprimer {{ n }} messages ?","other":"Supprimer {{ n }} messages ?"}},"message-large-message-cancel":"Annuler","message-large-message-ok":"Continuer","message-large-message-confirm":"Ce message est volumineux et peut mettre du temps à charger.","message-search-from":"De","message-search-to":"À","message-search-subject":"Objet","message-search-body":"Corps","message-search-all":"Tout","message-search-input":{"placeholder":"Rechercher dans les messages"},"message-search-cancel-accessible":"Annuler la recherche","messages-syncing":"Chargement des messages","messages-sync-more":"Charger davantage de messages","messages-folder-empty":"Aucun message dans ce dossier","messages-search-empty":"Aucun résultat parmi les messages du cache local","messages-folder-select":"Choisir un dossier","message-contact-menu-create":"Enregistrer comme nouveau contact","message-contact-menu-add-existing":"Ajouter à un contact existant","message-contact-menu-view":"Voir le contact","message-contact-menu-reply":"Répondre","message-contact-menu-new":"Envoyer un nouveau message","message-reply-menu-reply":"Répondre","message-reply-menu-reply-all":"Répondre à tous","message-reply-menu-forward":"Transférer","message-reply-menu-cancel":"Annuler","folder-list-header":"Dossiers","account-last-synced-label":"Dernière sync. : ","account-never-synced":"jamais","reply-quoting-wrote":"{name} a écrit","forward-original-message":"Message d’origine","forward-header-subject":"Objet","forward-header-date":"Date","forward-header-from":"De","forward-header-reply-to":"Répondre à","forward-header-to":"Pour","forward-header-cc":"CC","folder-inbox":"Courrier entrant","folder-sent":"Envoyés","folder-drafts":"Brouillons","folder-trash":"Corbeille","folder-queue":"Messages en attente","folder-junk":"Indésirables","folder-archives":"Archives","folder-localdrafts":"Brouillons locaux","toaster-undo":"Annuler","toaster-retry":"Réessayer","toaster-message-star":{"_index":["plural","n"],"_":{"one":"1 message marqué comme suivi","two":"{{ n }} messages marqués comme suivis","few":"{{ n }} messages marqués comme suivis","many":"{{ n }} messages marqués comme suivis","other":"{{ n }} messages marqués comme suivis"}},"toaster-message-unstar":{"_index":["plural","n"],"_":{"one":"1 message marqué comme non suivi","two":"{{ n }} messages marqués comme non suivis","few":"{{ n }} messages marqués comme non suivis","many":"{{ n }} messages marqués comme non suivis","other":"{{ n }} messages marqués comme non suivis"}},"toaster-message-read":{"_index":["plural","n"],"_":{"one":"1 message marqué comme lu","two":"{{ n }} messages marqués comme lus","few":"{{ n }} messages marqués comme lus","many":"{{ n }} messages marqués comme lus","other":"{{ n }} messages marqués comme lus"}},"toaster-message-unread":{"_index":["plural","n"],"_":{"one":"1 message marqué comme non lu","two":"{{ n }} messages marqués comme non lus","few":"{{ n }} messages marqués comme non lus","many":"{{ n }} messages marqués comme non lus","other":"{{ n }} messages marqués comme non lus"}},"toaster-message-move":{"_index":["plural","n"],"_":{"one":"1 message déplacé","two":"{{ n }} messages déplacés","few":"{{ n }} messages déplacés","many":"{{ n }} messages déplacés","other":"{{ n }} messages déplacés"}},"toaster-message-delete":{"_index":["plural","n"],"_":{"one":"1 message supprimé","two":"{{ n }} messages supprimés","few":"{{ n }} messages supprimés","many":"{{ n }} messages supprimés","other":"{{ n }} messages supprimés"}},"toaster-retryable-syncfailed":"Connexion serveur impossible","form-clear-input":"Effacer le texte","confirm-dialog-title":"Confirmation","senders-separation-sign":", ","new-emails":{"_index":["plural","n"],"_":{"one":"1 nouveau message","two":"{{ n }} nouveaux messages","few":"{{ n }} nouveaux messages","many":"{{ n }} nouveaux messages","other":"{{ n }} nouveaux messages"}},"new-emails-notify-one-account":{"_index":["plural","n"],"_":{"one":"1 nouveau message","two":"{{ n }} nouveaux messages","few":"{{ n }} nouveaux messages","many":"{{ n }} nouveaux messages","other":"{{ n }} nouveaux messages"}},"new-emails-notify-multiple-accounts":{"_index":["plural","n"],"_":{"one":"1 nouveau message ({{ accountName }})","two":"{{ n }} nouveaux messages ({{ accountName }})","few":"{{ n }} nouveaux messages ({{ accountName }})","many":"{{ n }} nouveaux messages ({{ accountName }})","other":"{{ n }} nouveaux messages ({{ accountName }})"}},"new-emails-notify-multiple-accounts-body":"{{ from }} « {{ subject }} »","weekday-0-long":"Dimanche","weekday-1-long":"Lundi","weekday-2-long":"Mardi","weekday-3-long":"Mercredi","weekday-4-long":"Jeudi","weekday-5-long":"Vendredi","weekday-6-long":"Samedi","weekday-0-short":"dim","weekday-1-short":"lun","weekday-2-short":"mar","weekday-3-short":"mer","weekday-4-short":"jeu","weekday-5-short":"ven","weekday-6-short":"sam","month-0-long":"Janvier","month-1-long":"Février","month-2-long":"Mars","month-3-long":"Avril","month-4-long":"Mai","month-5-long":"Juin","month-6-long":"Juillet","month-7-long":"Août","month-8-long":"Septembre","month-9-long":"Octobre","month-10-long":"Novembre","month-11-long":"Décembre","month-0-genitive":"janvier","month-1-genitive":"février","month-2-genitive":"mars","month-3-genitive":"avril","month-4-genitive":"mai","month-5-genitive":"juin","month-6-genitive":"juillet","month-7-genitive":"août","month-8-genitive":"septembre","month-9-genitive":"octobre","month-10-genitive":"novembre","month-11-genitive":"décembre","month-0-short":"jan.","month-1-short":"fév.","month-2-short":"mars","month-3-short":"avr.","month-4-short":"mai","month-5-short":"juin","month-6-short":"juil.","month-7-short":"août","month-8-short":"sep.","month-9-short":"oct.","month-10-short":"nov.","month-11-short":"déc.","minutes-ago-long":{"_index":["plural","value"],"_":{"zero":"à l’instant","one":"il y a {{value}} minute","two":"il y a {{value}} minutes","few":"il y a {{value}} minutes","many":"il y a {{value}} minutes","other":"il y a {{value}} minutes"}},"hours-ago-long":{"_index":["plural","value"],"_":{"zero":"à l’instant","one":"il y a {{value}} heure","two":"il y a {{value}} heures","few":"il y a {{value}} heures","many":"il y a {{value}} heures","other":"il y a {{value}} heures"}},"days-ago-long":{"_index":["plural","value"],"_":{"zero":"aujourd’hui","one":"hier","two":"il y a {{value}} jours","few":"il y a {{value}} jours","many":"il y a {{value}} jours","other":"il y a {{value}} jours"}},"weeks-ago-long":{"_index":["plural","value"],"_":{"zero":"cette semaine","one":"la semaine dernière","two":"il y a {{value}} semaines","few":"il y a {{value}} semaines","many":"il y a {{value}} semaines","other":"il y a {{value}} semaines"}},"months-ago-long":{"_index":["plural","value"],"_":{"zero":"ce mois-ci","one":"le mois dernier","two":"il y a {{value}} mois","few":"il y a {{value}} mois","many":"il y a {{value}} mois","other":"il y a {{value}} mois"}},"years-ago-long":{"_index":["plural","value"],"_":{"zero":"cette année","one":"l’année dernière","two":"il y a {{value}} ans","few":"il y a {{value}} ans","many":"il y a {{value}} ans","other":"il y a {{value}} ans"}},"minutes-until-long":{"_index":["plural","value"],"_":{"zero":"maintenant","one":"dans {{value}} minute","two":"dans {{value}} minutes","few":"dans {{value}} minutes","many":"dans {{value}} minutes","other":"dans {{value}} minutes"}},"hours-until-long":{"_index":["plural","value"],"_":{"zero":"maintenant","one":"dans {{value}} heure","two":"dans {{value}} heures","few":"dans {{value}} heures","many":"dans {{value}} heures","other":"dans {{value}} heures"}},"days-until-long":{"_index":["plural","value"],"_":{"zero":"aujourd’hui","one":"demain","two":"dans {{value}} jours","few":"dans {{value}} jours","many":"dans {{value}} jours","other":"dans {{value}} jours"}},"weeks-until-long":{"_index":["plural","value"],"_":{"zero":"cette semaine","one":"la semaine prochaine","two":"dans {{value}} semaines","few":"dans {{value}} semaines","many":"dans {{value}} semaines","other":"dans {{value}} semaines"}},"months-until-long":{"_index":["plural","value"],"_":{"zero":"ce mois-ci","one":"le mois prochain","two":"dans {{value}} mois","few":"dans {{value}} mois","many":"dans {{value}} mois","other":"dans {{value}} mois"}},"years-until-long":{"_index":["plural","value"],"_":{"zero":"cette année","one":"l’année prochaine","two":"dans {{value}} ans","few":"dans {{value}} ans","many":"dans {{value}} ans","other":"dans {{value}} ans"}},"minutes-ago-short":{"_index":["plural","value"],"_":{"zero":"à l’instant","other":"il y a {{value}} min"}},"hours-ago-short":{"_index":["plural","value"],"_":{"zero":"à l’instant","other":"il y a {{value}}h"}},"days-ago-short":{"_index":["plural","value"],"_":{"zero":"aujourd’hui","other":"il y a {{value}}j"}},"minutes-until-short":{"_index":["plural","value"],"_":{"zero":"maintenant","other":"dans {{value}}m"}},"hours-until-short":{"_index":["plural","value"],"_":{"zero":"maintenant","other":"dans {{value}}h"}},"days-until-short":{"_index":["plural","value"],"_":{"zero":"aujourd’hui","other":"dans {{value}}j"}},"incorrectDate":"(date incorrecte)","dateTimeFormat_%c":"%a %e %b %Y %H:%M:%S","dateTimeFormat_%x":"%d/%m/%Y","dateTimeFormat_%X":"%H:%M:%S","shortTimeFormat":"%H:%M","shortDateTimeFormat":"%x %H:%M","weekStartsOnMonday":"1","time_am":"AM","time_pm":"PM"}