{"setup-app-name-header":"Levelező","setup-empty-account-prompt":"Az e-mailek küldése és fogadása nincs beállítva. Szeretné ezt most elvégezni?","setup-pick-service":"Az e-mailek küldéséhez és fogadásához be kell állítania egy fiókot.","setup-account-header3":"Új postafiók","setup-info-name":{"placeholder":"Az Ön neve"},"setup-info-email":{"placeholder":"valaki@példa.hu"},"setup-info-password":{"placeholder":"Jelszó"},"setup-info-next":"Tovább","setup-progress-wait-msg":"Kis türelmet, amíg a fiók beállítása megtörténik","setup-completed-header":"Postafiók beállítása","setup-completed-label":"Elkészült!","setup-add-another-account":"Másik fiók hozzáadása","setup-show-mail":"Tovább a Levelezőbe","setup-error-offline":"Az eszköz nincs kapcsolódva. Csatlakozzon egy hálózathoz, és próbálja újra.","setup-error-bad-user-or-pass2":"Érvénytelen felhasználónév vagy jelszó, ellenőrizze.","setup-error-bad-address":"Érvénytelen e-mail cím, ellenőrizze.","setup-error-not-authorized":"A kiszolgáló szerint Ön nem hozhat létre fiókot","setup-error-pop-server-not-great":"A kiszolgáló nem támogatott. A POP3 kiszolgáló nem valósít meg szükséges funkciókat.","setup-error-unknown2":"Ismeretlen hiba történt. Ellenőrizze a hálózati kapcsolatot, vagy próbálja meg a kézi beállítási lehetőséget.","setup-error-needs-app-pass":"Az alkalmazáshoz tartozó jelszót kell megadnia a kétfaktorú Gmail fiókokhoz","setup-error-imap-disabled":"Engedélyeznie kell az IMAP protokollt a Gmail fiók használatához","setup-error-pop3-disabled":"Engedélyeznie kell a POP3 protokollt a Gmail fiók használatához","setup-error-bad-security":"Nem hozható létre biztonságos kapcsolat ehhez: „{{server}}”. Probléma lehet a hálózattal vagy a kiszolgálóval.","setup-error-unresponsive-server":"Nem hozható létre kapcsolat ehhez: „{{server}}”. Probléma lehet a kiszolgálóval.","setup-error-server-problem":"Probléma van ezzel a kiszolgálóval: „{{server}}”. Próbálja újra később.","setup-error-no-config-info":"Nem lehet automatikusan beállítani a fiókját. Javítsa e-mail címét, vagy próbálja a kézi beállítási lehetőséget.","setup-error-server-maintenance":"A(z) „{{server}}” karbantartás miatt nem érhető el. Próbálja újra később.","setup-error-account-already-exists":"A fiók már be van állítva.","setup-manual-config2":"Kézi beállítás","setup-manual-config-header":"Kézi beállítás","setup-manual-account-type":"Fióktípus","setup-manual-imap-header":"IMAP-beállítások","setup-manual-pop3-header":"POP3-beállítások","setup-manual-smtp-header":"SMTP-beállítások","setup-manual-activesync-header":"ActiveSync beállítások","setup-manual-next":"Tovább","setup-manual-socket":"Foglalattípus","setup-manual-socket-ssl":"SSL","setup-manual-socket-starttls":"STARTTLS","setup-manual-hostname":{"placeholder":"Gép neve"},"setup-manual-port":{"placeholder":"Portszám"},"setup-manual-username":{"placeholder":"Felhasználónév"},"setup-manual-activesync-username":{"placeholder":"Domain\\Username"},"setup-bad-password-header":"Hibás jelszó!","setup-bad-password":"Nem sikerült bejelentkezni a kiszolgálóra. Nem lehet, hogy hibás a jelszó?","setup-new-password":{"placeholder":"Új jelszó"},"setup-fix-password":"Újra másik jelszóval","setup-gmail-twofactor-header":"Kétfaktorú hitelesítés engedélyezve","setup-gmail-twofactor-message":"Az alkalmazáshoz tartozó jelszót kell megadnia.","setup-gmail-twofactor-fix":"Használja az alkalmazás jelszavát","setup-gmail-imap-header":"IMAP letiltva","setup-gmail-imap-message":"Engedélyezze az IMAP-ot a Gmail fiókjához","setup-gmail-imap-retry":"Újra","setup-gmail-pop3-header":"POP3 letiltva","setup-gmail-pop3-message":"Engedélyezze a POP3-at a Gmail fiókjához","setup-gmail-pop3-retry":"Próbálja újra","settings-main-header":"Levelezés","settings-sub-header-account":"Fiók","settings-account-name":"Az Ön neve","settings-account-display-notifications":"Figyelmeztetés új üzenet érkezésekor","settings-sub-header-data":"Adatok","settings-account-check-mail":"Új üzenet keresése","settings-sub-header-server":"Beállítások","settings-account-userpass":"Felhasználónév és jelszó","fld-account-picker-last-sync":"Utolsó szinkronizálás","settings-done":"Kész","settings-account-section":"Fiókok","settings-account-add":"Fiók hozzáadása","settings-account-delete":"Fiók törlése","settings-account-delete-prompt":"Biztos benne, hogy törli a következő fiókot: {{account}}? Ha újra létrehozza a fiókot az összes levelet ismét le kell majd töltenie.","settings-account-delete-cancel":"Mégse","settings-account-delete-confirm":"Törlés","settings-account-clarify-imap":"{{account-name}} (IMAP)","settings-account-clarify-pop3":"{{account-name}} (POP3)","settings-account-clarify-smtp":"{{account-name}} (SMTP)","settings-general-section":"Általános beállítások","settings-show-images":"Képek megjelenítése mindig","settings-download-attachments":"Mellékletek letöltése","settings-check-every-5min":"5 percenként","settings-check-every-10min":"10 percenként","settings-check-every-15min":"15 percenként","settings-check-every-30min":"30 percenként","settings-check-every-60min":"Óránként","settings-check-every-manual":"Kézzel","settings-check-dynamic":{"_index":["plural","n"],"_":{"zero":"másodperc","one":"{{ n }} másodperc","two":"{{ n }} másodperc","few":"{{ n }} másodperc","many":"{{ n }} másodperc","other":"{{ n }} másodperc"}},"settings-default-account":"Alapértelmezett fiók","settings-account-type":"Fióktípus","settings-account-credentials":"Hitelesítési adatok","settings-activesync-label":"ActiveSync beállítások","settings-imap-label":"IMAP-beállítások","settings-pop3-label":"POP3-beállítások","settings-smtp-label":"SMTP-beállítások","settings-hostname":"Gép neve","settings-port":"Port","settings-username":"Felhasználónév","settings-password":"Jelszó","settings-save":"Mentés","settings-password-empty":"A jelszó nem lehet üres!","settings-account-synchronize-window":"Szinkronizálandó napok száma","settings-synchronize-auto":"Automatikus","settings-synchronize-one-day":"1 nap","settings-synchronize-three-days":"3 nap","settings-synchronize-one-week":"1 hét","settings-synchronize-two-weeks":"2 hét","settings-synchronize-one-month":"1 hónap","settings-synchronize-all":"Minden üzenet","envelope-from":"Feladó","envelope-to":"Címzett","envelope-cc":"Másolat","envelope-bcc":"Rejtett másolat","reader-header":"Olvasott","compose-header":"Üzenet írása","compose-header-short":"Írás","compose-send":"Küldés","compose-to":"Címzett","compose-cc":"Másolat","compose-bcc":"Rejtett másolat","compose-attachments":{"_index":["plural","n"],"_":{"zero":"Mellékletek","one":"{{ n }} melléklet","two":"{{ n }} melléklet","few":"{{ n }} melléklet","many":"{{ n }} melléklet","other":"{{ n }} melléklet"}},"compose-subject":"Tárgy","compose-draft-save":"Mentés helyi piszkozatként","compose-discard-message":"Eltávolítja a levelet?","compose-discard-confirm":"Eldobás","compose-sending-message":"Levél küldése","compose-send-message-failed":"A levélküldés meghiúsult","composer-attachment-large":"A melléklet túl nagy","composer-attachments-large":"A mellékletek túl nagyok","compose-attchment-size-exceeded":"A kiválasztott melléklet túl nagy ahhoz, hogy ehhez az üzenethez csatolni lehessen.","compose-attchments-size-exceeded":"A kiválasztott mellékletek túl nagyok ehhez az üzenethez. Érdemes megpróbálni kevesebb fájllal.","dialog-button-ok":"OK","default-attachment-filename":"melleklet{{ n }}","attachment-size-kib":"{{kilobytes}}K","message-attachment-view":{"textContent":"Megjelenítés"},"message-attachment-too-large":"This file is too large to download.","message-no-subject":"(nincs tárgy)","message-edit-menu-delete":"Törlés","message-edit-delete-confirm":"Törli az e-mailt?","message-send-attachment-disabled-confirm":"A mellékletek nem továbbíthatók.","message-multiedit-header":{"_index":["plural","n"],"_":{"zero":"Szerkesztés","one":"{{ n }} kijelölve","two":"{{ n }} kijelölve","few":"{{ n }} kijelölve","many":"{{ n }} kijelölve","other":"{{ n }} kijelölve"}},"browse-to-url-prompt":"Megnyitja az URL-t: {{ url }}?","message-download-images":{"_index":["plural","n"],"_":{"one":"Ez az e-mail egy képet tartalmaz. Kattintson a letöltéshez.","two":"Ez az e-mail {{ n }} képet tartalmaz. Kattintson a letöltéshez.","few":"Ez az e-mail {{ n }} képet tartalmaz. Kattintson a letöltéshez.","many":"Ez az e-mail {{ n }} képet tartalmaz. Kattintson a letöltéshez.","other":"Ez az e-mail {{ n }} képet tartalmaz. Kattintson a letöltéshez."}},"message-show-external-images":"Külső képek megjelenítése","message-multiedit-cancel":"Mégse","message-multiedit-delete-confirm":{"_index":["plural","n"],"_":{"one":"Törli ezt az e-mailt?","two":"Töröl {{ n }} e-mailt?","few":"Töröl {{ n }} e-mailt?","many":"Töröl {{ n }} e-mailt?","other":"Töröl {{ n }} e-mailt?"}},"message-large-message-cancel":"Mégse","message-large-message-ok":"Folytatás","message-large-message-confirm":"Ez az üzenet nagy, és letöltése sokáig tarthat.","message-search-from":"Feladó","message-search-to":"Cím","message-search-subject":"Tárgy","message-search-body":"Szöveg","message-search-all":"Mind","message-search-input":{"placeholder":"Levelek keresése"},"message-search-cancel-accessible":"Keresés megszakítása","messages-syncing":"Üzenetek betöltése","messages-sync-more":"További üzenetek betöltése a kiszolgálóról","messages-folder-empty":"Nincsenek levelek ebben a mappában","messages-search-empty":"Nincs találat a helyileg tárolt üzenetekben","messages-folder-select":"Válasszon mappát","message-contact-menu-create":"Új névjegy mentése","message-contact-menu-add-existing":"Hozzáadás meglévő névjegyhez","message-contact-menu-view":"Névjegy megtekintése","message-contact-menu-reply":"Válasz","message-contact-menu-new":"Új levél küldése","message-reply-menu-reply":"Válasz","message-reply-menu-reply-all":"Válasz mindenkinek","message-reply-menu-forward":"Továbbítás","message-reply-menu-cancel":"Mégse","folder-list-header":"Mappák","account-last-synced-label":"Utolsó szinkronizálás","account-never-synced":"Soha","reply-quoting-wrote":"{name} írta","forward-original-message":"Eredeti üzenet","forward-header-subject":"Tárgy","forward-header-date":"Dátum","forward-header-from":"Feladó","forward-header-reply-to":"Válaszcím","forward-header-to":"Címzett","forward-header-cc":"CC","folder-inbox":"Beérkezett","folder-sent":"Elküldött","folder-drafts":"Piszkozatok","folder-trash":"Törölt elemek","folder-queue":"Postázandó","folder-junk":"Szemét","folder-archives":"Archívum","folder-localdrafts":"Helyi piszkozatok","toaster-undo":"Visszavonás","toaster-retry":"Próbálja újra","toaster-message-star":{"_index":["plural","n"],"_":{"one":"1 üzenetjelző beállítva","two":"{{ n }} üzenetjelző beállítva","few":"{{ n }} üzenetjelző beállítva","many":"{{ n }} üzenetjelző beállítva","other":"{{ n }} üzenetjelző beállítva"}},"toaster-message-unstar":{"_index":["plural","n"],"_":{"one":"1 üzenetjelző eltávolítva","two":"{{ n }} üzenetjelző eltávolítva","few":"{{ n }} üzenetjelző eltávolítva","many":"{{ n }} üzenetjelző eltávolítva","other":"{{ n }} üzenetjelző eltávolítva"}},"toaster-message-read":{"_index":["plural","n"],"_":{"one":"1 üzenet megjelölve olvasottként","two":"{{ n }} üzenet megjelölve olvasottként","few":"{{ n }} üzenet megjelölve olvasottként","many":"{{ n }} üzenet megjelölve olvasottként","other":"{{ n }} üzenet megjelölve olvasottként"}},"toaster-message-unread":{"_index":["plural","n"],"_":{"one":"1 üzenet megjelölve olvasatlanként","two":"{{ n }} üzenet megjelölve olvasatlanként","few":"{{ n }} üzenet megjelölve olvasatlanként","many":"{{ n }} üzenet megjelölve olvasatlanként","other":"{{ n }} üzenet megjelölve olvasatlanként"}},"toaster-message-move":{"_index":["plural","n"],"_":{"one":"1 üzenet áthelyezve","two":"{{ n }} üzenet áthelyezve","few":"{{ n }} üzenet áthelyezve","many":"{{ n }} üzenet áthelyezve","other":"{{ n }} üzenet áthelyezve"}},"toaster-message-delete":{"_index":["plural","n"],"_":{"one":"1 üzenet törölve","two":"{{ n }} üzenet törölve","few":"{{ n }} üzenet törölve","many":"{{ n }} üzenet törölve","other":"{{ n }} üzenet törölve"}},"toaster-retryable-syncfailed":"Nem lehet csatlakozni a kiszolgálóhoz","form-clear-input":"Szöveg eltávolítása","confirm-dialog-title":"Megerősítés","senders-separation-sign":",","new-emails":{"_index":["plural","n"],"_":{"one":"1 új e-mail","two":"{{n}} új e-mail","few":"{{n}} új e-mail","many":"{{n}} új e-mail","other":"{{n}} új e-mail"}},"new-emails-notify-one-account":{"_index":["plural","n"],"_":{"one":"1 új e-mail","two":"{{n}} új e-mail","few":"{{n}} új e-mail","many":"{{n}} új e-mail","other":"{{n}} új e-mail"}},"new-emails-notify-multiple-accounts":{"_index":["plural","n"],"_":{"one":"1 új üzenet ({{ accountName }})","two":"{{ n }} új üzenet ({{ accountName }})","few":"{{ n }} új üzenet ({{ accountName }})","many":"{{ n }} új üzenet ({{ accountName }})","other":"{{ n }} új üzenet ({{ accountName }})"}},"new-emails-notify-multiple-accounts-body":"{{ from }} „{{ subject }}”","weekday-0-long":"Vasárnap","weekday-1-long":"Hétfő","weekday-2-long":"Kedd","weekday-3-long":"Szerda","weekday-4-long":"Csütörtök","weekday-5-long":"Péntek","weekday-6-long":"Szombat","weekday-0-short":"Va.","weekday-1-short":"Hé.","weekday-2-short":"Ke.","weekday-3-short":"Sze.","weekday-4-short":"Csü.","weekday-5-short":"Pé.","weekday-6-short":"Szo.","month-0-long":"Január","month-1-long":"Február","month-2-long":"Március","month-3-long":"Április","month-4-long":"Május","month-5-long":"Június","month-6-long":"Július","month-7-long":"Augusztus","month-8-long":"Szeptember","month-9-long":"Október","month-10-long":"November","month-11-long":"December","month-0-genitive":"Január","month-1-genitive":"Február","month-2-genitive":"Március","month-3-genitive":"Április","month-4-genitive":"Május","month-5-genitive":"Június","month-6-genitive":"Július","month-7-genitive":"Augusztus","month-8-genitive":"Szeptember","month-9-genitive":"Október","month-10-genitive":"November","month-11-genitive":"December","month-0-short":"Jan","month-1-short":"Feb","month-2-short":"Már","month-3-short":"Ápr","month-4-short":"Máj","month-5-short":"Jún","month-6-short":"Júl","month-7-short":"Aug","month-8-short":"Szep","month-9-short":"Okt","month-10-short":"Nov","month-11-short":"Dec","minutes-ago-long":{"_index":["plural","value"],"_":{"zero":"épp most","one":"egy perccel ezelőtt","two":"{{value}} perccel ezelőtt","few":"{{value}} perccel ezelőtt","many":"{{value}} perccel ezelőtt","other":"{{value}} perccel ezelőtt"}},"hours-ago-long":{"_index":["plural","value"],"_":{"zero":"épp most","one":"egy órája","two":"{{value}} órával ezelőtt","few":"{{value}} órával ezelőtt","many":"{{value}} órával ezelőtt","other":"{{value}} órával ezelőtt"}},"days-ago-long":{"_index":["plural","value"],"_":{"zero":"ma","one":"tegnap","two":"{{value}} nappal ezelőtt","few":"{{value}} nappal ezelőtt","many":"{{value}} nappal ezelőtt","other":"{{value}} nappal ezelőtt"}},"weeks-ago-long":{"_index":["plural","value"],"_":{"zero":"ez a hét","one":"múlt hét","two":"{{value}} héttel ezelőtt","few":"{{value}} héttel ezelőtt","many":"{{value}} héttel ezelőtt","other":"{{value}} héttel ezelőtt"}},"months-ago-long":{"_index":["plural","value"],"_":{"zero":"ez a hónap","one":"előző hónap","two":"{{value}} hónappal ezelőtt","few":"{{value}} hónappal ezelőtt","many":"{{value}} hónappal ezelőtt","other":"{{value}} hónappal ezelőtt"}},"years-ago-long":{"_index":["plural","value"],"_":{"zero":"ez az év","one":"tavaly","two":"{{value}} évvel ezelőtt","few":"{{value}} évvel ezelőtt","many":"{{value}} évvel ezelőtt","other":"{{value}} évvel ezelőtt"}},"minutes-until-long":{"_index":["plural","value"],"_":{"zero":"most","one":"egy percen belül","two":"{{value}} percen belül","few":"{{value}} percen belül","many":"{{value}} percen belül","other":"{{value}} percen belül"}},"hours-until-long":{"_index":["plural","value"],"_":{"zero":"most","one":"egy órán belül","two":"{{value}} órán belül","few":"{{value}} órán belül","many":"{{value}} órán belül","other":"{{value}} órán belül"}},"days-until-long":{"_index":["plural","value"],"_":{"zero":"ma","one":"holnap","two":"{{value}} napon belül","few":"{{value}} napon belül","many":"{{value}} napon belül","other":"{{value}} napon belül"}},"weeks-until-long":{"_index":["plural","value"],"_":{"zero":"ez a hét","one":"következő hét","two":"{{value}} héten belül","few":"{{value}} héten belül","many":"{{value}} héten belül","other":"{{value}} héten belül"}},"months-until-long":{"_index":["plural","value"],"_":{"zero":"ez a hónap","one":"következő hónap","two":"{{value}} héten belül","few":"{{value}} héten belül","many":"{{value}} héten belül","other":"{{value}} héten belül"}},"years-until-long":{"_index":["plural","value"],"_":{"zero":"ez az év","one":"következő év","two":"{{value}} éven belül","few":"{{value}} éven belül","many":"{{value}} éven belül","other":"{{value}} éven belül"}},"minutes-ago-short":{"_index":["plural","value"],"_":{"zero":"épp most","other":"{{value}}p ezelőtt"}},"hours-ago-short":{"_index":["plural","value"],"_":{"zero":"épp most","other":"{{value}}ó ezelőtt"}},"days-ago-short":{"_index":["plural","value"],"_":{"zero":"ma","other":"{{value}}n ezelőtt"}},"minutes-until-short":{"_index":["plural","value"],"_":{"zero":"most","other":"{{value}} percen belül"}},"hours-until-short":{"_index":["plural","value"],"_":{"zero":"most","other":"{{value}} órán belül"}},"days-until-short":{"_index":["plural","value"],"_":{"zero":"ma","other":"{{value}} napon belül"}},"incorrectDate":"(helytelen dátum)","dateTimeFormat_%c":"%Y. %b %d %a %H:%M:%S","dateTimeFormat_%x":"%Y. %m. %d.","dateTimeFormat_%X":"%H:%M:%S","shortTimeFormat":"%H:%M","shortDateTimeFormat":"%x %H:%M","weekStartsOnMonday":"0","time_am":"DE","time_pm":"DU"}