{"setup-app-name-header":"Posta","setup-empty-account-prompt":"Non è presente la configurazione per inviare e ricevere la posta. Iniziare la configurazione adesso?","setup-pick-service":"Per inviare e ricevere email è necessario configurare un account.","setup-account-header3":"Nuovo account","setup-info-name":{"placeholder":"Nome"},"setup-info-email":{"placeholder":"nome@example.com"},"setup-info-password":{"placeholder":"Password"},"setup-info-next":"Avanti","setup-progress-wait-msg":"Configurazione account","setup-completed-header":"Config. account","setup-completed-label":"Completato.","setup-add-another-account":"Aggiungi un altro account","setup-show-mail":"Entra in Posta","setup-error-offline":"Il dispositivo è attualmente non in linea. Connetterlo a una rete e riprovare.","setup-error-bad-user-or-pass2":"Nome utente o password non corretti. Verificare eventuali errori.","setup-error-bad-address":"Indirizzo email non corretto. Verificare eventuali errori.","setup-error-not-authorized":"Risposta del server: non si possiedono i permessi per creare un account","setup-error-pop-server-not-great":"Server non supportato. Il server POP3 non implementa le caratteristiche richieste.","setup-error-unknown2":"Si è verificato un errore sconosciuto. Controllare la connessione di rete o riprovare con la configurazione manuale.","setup-error-needs-app-pass":"È necessario indicare una password specifica per l’applicazione per account Gmail con verifica in due passaggi","setup-error-imap-disabled":"È necessario attivare IMAP nell’account Gmail","setup-error-pop3-disabled":"È necessario attivare POP3 nell’account Gmail","setup-error-bad-security":"Impossibile stabilire una connessione sicura con “{{server}}”. Potrebbe trattarsi di un problema della rete oppure del server.","setup-error-unresponsive-server":"Impossibile stabilire una connessione con “{{server}}”. Potrebbe trattarsi di un problema della rete.","setup-error-server-problem":"Si è verificato un problema con il server “{{server}}”. Riprovare più tardi.","setup-error-no-config-info":"Impossibile configurare automaticamente l’account. Verificare l’indirizzo email o riprovare con la configurazione manuale.","setup-error-server-maintenance":"Il server “{{server}}” non è disponibile per manutenzione. Riprovare più tardi.","setup-error-account-already-exists":"Questo account è già configurato.","setup-manual-config2":"Configurazione manuale","setup-manual-config-header":"Impost. manuale","setup-manual-account-type":"Tipo account","setup-manual-imap-header":"Impostazioni IMAP","setup-manual-pop3-header":"Impostazioni POP3","setup-manual-smtp-header":"Impostazioni SMTP","setup-manual-activesync-header":"Impostazioni ActiveSync","setup-manual-next":"Avanti","setup-manual-socket":"Tipo socket","setup-manual-socket-ssl":"SSL","setup-manual-socket-starttls":"STARTTLS","setup-manual-hostname":{"placeholder":"Server"},"setup-manual-port":{"placeholder":"Numero porta"},"setup-manual-username":{"placeholder":"Nome utente"},"setup-manual-activesync-username":{"placeholder":"Dominio\\Nome utente"},"setup-bad-password-header":"Password errata.","setup-bad-password":"Impossibile collegarsi al server. Probabilmente la password è errata.","setup-new-password":{"placeholder":"Nuova password"},"setup-fix-password":"Riprova con una nuova password","setup-gmail-twofactor-header":"Autenticazione in due passaggi attivata","setup-gmail-twofactor-message":"Indicare di seguito una password specifica per l’applicazione.","setup-gmail-twofactor-fix":"Utilizza password applicazione","setup-gmail-imap-header":"IMAP disattivato","setup-gmail-imap-message":"È necessario attivare IMAP nell’account Gmail","setup-gmail-imap-retry":"Riprova","setup-gmail-pop3-header":"POP3 disattivato","setup-gmail-pop3-message":"È necessario attivare POP3 nell’account Gmail","setup-gmail-pop3-retry":"Riprova","settings-main-header":"Impostazioni email","settings-sub-header-account":"Account","settings-account-name":"Nome","settings-account-display-notifications":"Visualizza notifiche per nuovi messaggi","settings-sub-header-data":"Dati","settings-account-check-mail":"Controlla nuovi messaggi","settings-sub-header-server":"Impostazioni server","settings-account-userpass":"Nome utente e password","fld-account-picker-last-sync":"Ultima sinc.:","settings-done":"Fine","settings-account-section":"Account","settings-account-add":"Aggiungi account","settings-account-delete":"Elimina account","settings-account-delete-prompt":"Eliminare l’account email {{account}}? Sarà necessario riscaricare i messaggi se si crea nuovamente l’account.","settings-account-delete-cancel":"Annulla","settings-account-delete-confirm":"Elimina","settings-account-clarify-imap":"{{account-name}} (IMAP)","settings-account-clarify-pop3":"{{account-name}} (POP3)","settings-account-clarify-smtp":"{{account-name}} (SMTP)","settings-general-section":"Impostazioni generali","settings-show-images":"Visualizza sempre le immagini","settings-download-attachments":"Scarica allegati","settings-check-every-5min":"Ogni 5 minuti","settings-check-every-10min":"Ogni 10 minuti","settings-check-every-15min":"Ogni 15 minuti","settings-check-every-30min":"Ogni 30 minuti","settings-check-every-60min":"Ogni ora","settings-check-every-manual":"Manualmente","settings-check-dynamic":{"_index":["plural","n"],"_":{"zero":"secondi","one":"{{ n }} secondi","two":"{{ n }} secondi","few":"{{ n }} secondi","many":"{{ n }} secondi","other":"{{ n }} secondi"}},"settings-default-account":"Imposta come predefinito","settings-account-type":"Tipo di account","settings-account-credentials":"Credenziali","settings-activesync-label":"Impostazioni ActiveSync","settings-imap-label":"Impostazioni IMAP","settings-pop3-label":"Impostazioni POP3","settings-smtp-label":"Impostazioni SMTP","settings-hostname":"Indirizzo server","settings-port":"Porta","settings-username":"Nome utente","settings-password":"Password","settings-save":"Salva","settings-password-empty":"È necessario inserire una password","settings-account-synchronize-window":"Giorni da sincronizzare","settings-synchronize-auto":"Automatico","settings-synchronize-one-day":"1 giorno","settings-synchronize-three-days":"3 giorni","settings-synchronize-one-week":"1 settimana","settings-synchronize-two-weeks":"2 settimane","settings-synchronize-one-month":"1 mese","settings-synchronize-all":"Tutti i messaggi","envelope-from":"Da","envelope-to":"A","envelope-cc":"Cc","envelope-bcc":"Ccn","reader-header":"Letto","compose-header":"Scrivi messaggio","compose-header-short":"Componi","compose-send":"Invia","compose-to":"A","compose-cc":"Cc","compose-bcc":"Ccn","compose-attachments":{"_index":["plural","n"],"_":{"zero":"Allegati","one":"{{ n }} allegato","two":"{{ n }} allegati","few":"{{ n }} allegati","many":"{{ n }} allegati","other":"{{ n }} allegati"}},"compose-subject":"Oggetto","compose-draft-save":"Salva in bozze locali","compose-discard-message":"Rimuovere email?","compose-discard-confirm":"Rimuovi","compose-sending-message":"Invio email","compose-send-message-failed":"Invio email non riuscito","composer-attachment-large":"Dimensione allegato eccessiva","composer-attachments-large":"Dimensione allegati eccessiva","compose-attchment-size-exceeded":"La dimensione dell’allegato selezionato è eccessiva per l’invio in questo messaggio.","compose-attchments-size-exceeded":"La dimensione degli allegati selezionati è eccessiva per l’invio in questo messaggio. Provare a selezionare meno file.","dialog-button-ok":"OK","default-attachment-filename":"allegato{{ n }}","attachment-size-kib":"{{kilobytes}}K","message-attachment-view":{"textContent":"Visualizza"},"message-attachment-too-large":"File troppo grande per essere scaricato.","message-no-subject":"(nessun oggetto)","message-edit-menu-delete":"Elimina","message-edit-delete-confirm":"Eliminare il messaggio?","message-send-attachment-disabled-confirm":"Impossibile inoltrare gli allegati.","message-multiedit-header":{"_index":["plural","n"],"_":{"zero":"Modifica","one":"{{ n }} selezionato","two":"{{ n }} selezionati","few":"{{ n }} selezionati","many":"{{ n }} selezionati","other":"{{ n }} selezionati"}},"browse-to-url-prompt":"Aprire URL?: {{ url }}","message-download-images":{"_index":["plural","n"],"_":{"one":"Questa email contiene un’immagine. Toccare per scaricarla.","two":"Questa email contiene {{ n }} immagini. Toccare per scaricarle.","few":"Questa email contiene {{ n }} immagini. Toccare per scaricarle.","many":"Questa email contiene {{ n }} immagini. Toccare per scaricarle.","other":"Questa email contiene {{ n }} immagini. Toccare per scaricarle."}},"message-show-external-images":"Mostra immagini esterne","message-multiedit-cancel":"Annulla","message-multiedit-delete-confirm":{"_index":["plural","n"],"_":{"one":"Eliminare questo messaggio?","two":"Eliminare {{ n }} messaggi?","few":"Eliminare {{ n }} messaggi?","many":"Eliminare {{ n }} messaggi?","other":"Eliminare {{ n }} messaggi?"}},"message-large-message-cancel":"Annulla","message-large-message-ok":"Continua","message-large-message-confirm":"A causa delle dimensioni il download di questo messaggio potrebbe richiedere tempo.","message-search-from":"Da","message-search-to":"A","message-search-subject":"Ogg.","message-search-body":"Corpo","message-search-all":"Tutto","message-search-input":{"placeholder":"Cerca messaggio"},"message-search-cancel-accessible":"Annulla ricerca","messages-syncing":"Caricamento messaggi","messages-sync-more":"Carica altri messaggi dal server","messages-folder-empty":"Nessun messaggio in questa cartella","messages-search-empty":"Nessuna corrispondenza nei messaggi salvati sul dispositivo","messages-folder-select":"Seleziona cartella","message-contact-menu-create":"Salva nuovo contatto","message-contact-menu-add-existing":"Aggiungi a contatto esistente","message-contact-menu-view":"Visualizza contatto","message-contact-menu-reply":"Rispondi","message-contact-menu-new":"Invia nuova email","message-reply-menu-reply":"Rispondi","message-reply-menu-reply-all":"Rispondi a tutti","message-reply-menu-forward":"Inoltra","message-reply-menu-cancel":"Annulla","folder-list-header":"Cartelle","account-last-synced-label":"Ultima sinc.:","account-never-synced":"Mai","reply-quoting-wrote":"{name} ha scritto","forward-original-message":"Messaggio originale","forward-header-subject":"Oggetto","forward-header-date":"Data","forward-header-from":"Da","forward-header-reply-to":"Rispondi a","forward-header-to":"A","forward-header-cc":"Cc","folder-inbox":"Posta in arrivo","folder-sent":"Posta inviata","folder-drafts":"Bozze","folder-trash":"Cestino","folder-queue":"Posta in uscita","folder-junk":"Spam","folder-archives":"Archivio","folder-localdrafts":"Bozze locali","toaster-undo":"Annulla","toaster-retry":"Riprova","toaster-message-star":{"_index":["plural","n"],"_":{"one":"1 contrassegno impostato","two":"{{ n }} contrassegni impostati","few":"{{ n }} contrassegni impostati","many":"{{ n }} contrassegni impostati","other":"{{ n }} contrassegni impostati"}},"toaster-message-unstar":{"_index":["plural","n"],"_":{"one":"{{ n }} contrassegno eliminato","two":"{{ n }} contrassegni eliminati","few":"{{ n }} contrassegni eliminati","many":"{{ n }} contrassegni eliminati","other":"{{ n }} contrassegni eliminati"}},"toaster-message-read":{"_index":["plural","n"],"_":{"one":"1 messaggio segnato come letto","two":"{{ n }} messaggi segnati come letti","few":"{{ n }} messaggi segnati come letti","many":"{{ n }} messaggi segnati come letti","other":"{{ n }} messaggi segnati come letti"}},"toaster-message-unread":{"_index":["plural","n"],"_":{"one":"1 messaggio segnato come non letto","two":"{{ n }} messaggi segnati come non letti","few":"{{ n }} messaggi segnati come non letti","many":"{{ n }} messaggi segnati come non letti","other":"{{ n }} messaggi segnati come non letti"}},"toaster-message-move":{"_index":["plural","n"],"_":{"one":"Eliminato 1 messaggio","two":"{{ n }} messaggi spostati","few":"{{ n }} messaggi spostati","many":"{{ n }} messaggi spostati","other":"Eliminati {{ n }} messaggi"}},"toaster-message-delete":{"_index":["plural","n"],"_":{"one":"Eliminato 1 messaggio","two":"{{ n }} messaggi eliminati","few":"{{ n }} messaggi eliminati","many":"{{ n }} messaggi eliminati","other":"Eliminati {{ n }} messaggi"}},"toaster-retryable-syncfailed":"Impossibile contattare il server","form-clear-input":"Rimuovi testo","confirm-dialog-title":"Conferma","senders-separation-sign":", ","new-emails":{"_index":["plural","n"],"_":{"one":"1 nuova email","two":"{{ n }} nuove email","few":"{{ n }} nuove email","many":"{{ n }} nuove email","other":"{{ n }} nuove email"}},"new-emails-notify-one-account":{"_index":["plural","n"],"_":{"one":"1 nuova email","two":"{{ n }} nuove email","few":"{{ n }} nuove email","many":"{{ n }} nuove email","other":"{{ n }} nuove email"}},"new-emails-notify-multiple-accounts":{"_index":["plural","n"],"_":{"one":"1 nuova email ({{ accountName }})","two":"{{ n }} nuove email ({{ accountName }})","few":"{{ n }} nuove email ({{ accountName }})","many":"{{ n }} nuove email ({{ accountName }})","other":"{{ n }} nuove email ({{ accountName }})"}},"new-emails-notify-multiple-accounts-body":"{{ from }} “{{ subject }}”","weekday-0-long":"domenica","weekday-1-long":"lunedì","weekday-2-long":"martedì","weekday-3-long":"mercoledì","weekday-4-long":"giovedì","weekday-5-long":"venerdì","weekday-6-long":"sabato","weekday-0-short":"dom","weekday-1-short":"lun","weekday-2-short":"mar","weekday-3-short":"mer","weekday-4-short":"gio","weekday-5-short":"ven","weekday-6-short":"sab","month-0-long":"gennaio","month-1-long":"febbraio","month-2-long":"marzo","month-3-long":"aprile","month-4-long":"maggio","month-5-long":"giugno","month-6-long":"luglio","month-7-long":"agosto","month-8-long":"settembre","month-9-long":"ottobre","month-10-long":"novembre","month-11-long":"dicembre","month-0-genitive":"gennaio","month-1-genitive":"febbraio","month-2-genitive":"marzo","month-3-genitive":"aprile","month-4-genitive":"maggio","month-5-genitive":"giugno","month-6-genitive":"luglio","month-7-genitive":"agosto","month-8-genitive":"settembre","month-9-genitive":"ottobre","month-10-genitive":"novembre","month-11-genitive":"dicembre","month-0-short":"gen","month-1-short":"feb","month-2-short":"mar","month-3-short":"apr","month-4-short":"mag","month-5-short":"giu","month-6-short":"lug","month-7-short":"ago","month-8-short":"set","month-9-short":"ott","month-10-short":"nov","month-11-short":"dic","minutes-ago-long":{"_index":["plural","value"],"_":{"zero":"adesso","one":"un minuto fa","two":"{{value}} minuti fa","few":"{{value}} minuti fa","many":"{{value}} minuti fa","other":"{{value}} minuti fa"}},"hours-ago-long":{"_index":["plural","value"],"_":{"zero":"adesso","one":"un’ora fa","two":"{{value}} ore fa","few":"{{value}} ore fa","many":"{{value}} ore fa","other":"{{value}} ore fa"}},"days-ago-long":{"_index":["plural","value"],"_":{"zero":"oggi","one":"ieri","two":"{{value}} giorni fa","few":"{{value}} giorni fa","many":"{{value}} giorni fa","other":"{{value}} giorni fa"}},"weeks-ago-long":{"_index":["plural","value"],"_":{"zero":"questa settimana","one":"settimana scorsa","two":"{{value}} settimane fa","few":"{{value}} settimane fa","many":"{{value}} settimane fa","other":"{{value}} settimane fa"}},"months-ago-long":{"_index":["plural","value"],"_":{"zero":"questo mese","one":"mese scorso","two":"{{value}} mesi fa","few":"{{value}} mesi fa","many":"{{value}} mesi fa","other":"{{value}} mesi fa"}},"years-ago-long":{"_index":["plural","value"],"_":{"zero":"quest’anno","one":"anno scorso","two":"{{value}} anni fa","few":"{{value}} anni fa","many":"{{value}} anni fa","other":"{{value}} anni fa"}},"minutes-until-long":{"_index":["plural","value"],"_":{"zero":"adesso","one":"tra un minuto","two":"tra {{value}} minuti","few":"tra {{value}} minuti","many":"tra {{value}} minuti","other":"tra {{value}} minuti"}},"hours-until-long":{"_index":["plural","value"],"_":{"zero":"adesso","one":"tra un’ora","two":"tra {{value}} ore","few":"tra {{value}} ore","many":"tra {{value}} ore","other":"tra {{value}} ore"}},"days-until-long":{"_index":["plural","value"],"_":{"zero":"oggi","one":"domani","two":"tra {{value}} giorni","few":"tra {{value}} giorni","many":"tra {{value}} giorni","other":"tra {{value}} giorni"}},"weeks-until-long":{"_index":["plural","value"],"_":{"zero":"questa settimana","one":"prossima settimana","two":"tra {{value}} settimane","few":"tra {{value}} settimane","many":"tra {{value}} settimane","other":"tra {{value}} settimane"}},"months-until-long":{"_index":["plural","value"],"_":{"zero":"questo mese","one":"prossimo mese","two":"in {{value}} mesi","few":"tra {{value}} mesi","many":"tra {{value}} mesi","other":"in {{value}} mesi"}},"years-until-long":{"_index":["plural","value"],"_":{"zero":"quest’anno","one":"prossimo anno","two":"tra {{value}} anni","few":"tra {{value}} anni","many":"tra {{value}} anni","other":"tra {{value}} anni"}},"minutes-ago-short":{"_index":["plural","value"],"_":{"zero":"adesso","other":"{{value}}m fa"}},"hours-ago-short":{"_index":["plural","value"],"_":{"zero":"adesso","other":"{{value}}h fa"}},"days-ago-short":{"_index":["plural","value"],"_":{"zero":"oggi","other":"{{value}}g fa"}},"minutes-until-short":{"_index":["plural","value"],"_":{"zero":"adesso","other":"tra {{value}}m"}},"hours-until-short":{"_index":["plural","value"],"_":{"zero":"adesso","other":"tra {{value}}h"}},"days-until-short":{"_index":["plural","value"],"_":{"zero":"oggi","other":"tra {{value}}d"}},"incorrectDate":"(data errata)","dateTimeFormat_%c":"%a %e %b %Y %H:%M:%S","dateTimeFormat_%x":"%d/%m/%Y","dateTimeFormat_%X":"%H:%M:%S","shortTimeFormat":"%H:%M","shortDateTimeFormat":"%x %H:%M","weekStartsOnMonday":"1","time_am":"AM","time_pm":"PM"}