{"setup-app-name-header":"El. paštas","setup-empty-account-prompt":"Kol kas elektroninio pašto siuntimas ir gavimas nenustatytas. Ar norite tai padaryti dabar?","setup-pick-service":"Norėdami siųsti ir gauti elektroninį paštą, turite užregistruoti paskyrą.","setup-account-header3":"Nauja paskyra","setup-info-name":{"placeholder":"Jūsų vardas"},"setup-info-email":{"placeholder":"v.pavarde@pvz.lt"},"setup-info-password":{"placeholder":"Slaptažodis"},"setup-info-next":"Toliau","setup-progress-wait-msg":"Paskyra kuriama","setup-completed-header":"Pašto paskyros kūrimas","setup-completed-label":"Atlikta!","setup-add-another-account":"Kurti naują paskyrą","setup-show-mail":"Eiti į gautųjų aplanką","setup-error-offline":"Šiuo metu neprisijungta prie interneto. Prisijunkite ir bandykite dar kartą.","setup-error-bad-user-or-pass2":"Neteisingas abonento vardas arba slaptažodis. Patikslinkite ir bandykite dar kartą.","setup-error-bad-address":"Neteisingas el. pašto adresas. Patikrinkite, ar jame nėra klaidų.","setup-error-not-authorized":"Serveris informavo, jog jums neleista kurti paskyros","setup-error-pop-server-not-great":"Šis POP3 serveris nepalaikomas, nes jame nėra realizuotos visos reikalaujamos funkcijos.","setup-error-unknown2":"Įvyko nežinoma klaida. Patikrinkite ryšį su internetu arba bandykite paskyrą suderinti rankiniu būdu.","setup-error-needs-app-pass":"Su „Gmail“ paskyromis, reikalaujančiomis dviejų faktorių tapatybės tikrinimo, būtina naudoti specifinį programos slaptažodį","setup-error-imap-disabled":"Jūsų „Gmail“ paskyrai reikia įjungti IMAP palaikymą","setup-error-pop3-disabled":"Jūsų „Gmail“ paskyrai reikia įjungti POP3 palaikymą","setup-error-bad-security":"Su serveriu {{server}} nepavyko užmegzti šifruoto ryšio. Gali būti, jog tai – jūsų tinklo arba serverio problema.","setup-error-unresponsive-server":"Su serveriu {{server}} nepavyko užmegzti ryšio. Gali būti, jog tai – jūsų tinklo problema.","setup-error-server-problem":"Užmezgant ryšį su serveriu {{server}}, iškilo problema. Bandykite jungtis vėliau.","setup-error-no-config-info":"Jūsų paskyos automatiškai sukonfigūruoti nepavyko. Patikslinkite savo el. pašto adresą arba bandykite paskyrą suderinti rankiniu būdu.","setup-error-server-maintenance":"Serveris {{server}} šiuo metu atjungtas nuo tinklo ir tvarkomas. Bandykite jungtis vėliau.","setup-error-account-already-exists":"Ši paskyra jau sukonfigūruota.","setup-manual-config2":"Rankinis derinimas","setup-manual-config-header":"Rankinis derinimas","setup-manual-account-type":"Paskyros tipas","setup-manual-imap-header":"IMAP nuostatos","setup-manual-pop3-header":"POP3 nuostatos","setup-manual-smtp-header":"SMTP nuostatos","setup-manual-activesync-header":"„ActiveSync“ nuostatos","setup-manual-next":"Toliau","setup-manual-socket":"Prievado tipas","setup-manual-socket-ssl":"SSL","setup-manual-socket-starttls":"STARTTLS","setup-manual-hostname":{"placeholder":"Serverio vardas"},"setup-manual-port":{"placeholder":"Prievado numeris"},"setup-manual-username":{"placeholder":"Abonento vardas"},"setup-manual-activesync-username":{"placeholder":"Domain\\Username"},"setup-bad-password-header":"Blogas slaptažodis!","setup-bad-password":"Prie serverio prisijungti nepavyko. Galbūt įvedėte blogą slaptažodį?","setup-new-password":{"placeholder":"Naujas slaptažodis"},"setup-fix-password":"Bandyti su nauju slaptažodžiu","setup-gmail-twofactor-header":"Įgalintas dviejų faktorių tapatybės tikrinimas","setup-gmail-twofactor-message":"Žemiau privalote įvesti specifinį šios programos slaptažodį.","setup-gmail-twofactor-fix":"Naudoti programos slaptažodį","setup-gmail-imap-header":"IMAP neįjungtas","setup-gmail-imap-message":"Savo „Gmail“ paskyroje privalote įjungti IMAP protokolo palaikymą","setup-gmail-imap-retry":"Bandyti vėl","setup-gmail-pop3-header":"POP3 neįjungtas","setup-gmail-pop3-message":"Savo „Gmail“ paskyroje privalote įjungti POP3 protokolo palaikymą","setup-gmail-pop3-retry":"Bandyti vėl","settings-main-header":"Pašto nuostatos","settings-sub-header-account":"Paskyra","settings-account-name":"Jūsų vardas","settings-account-display-notifications":"Pranešti apie naujus laiškus","settings-sub-header-data":"Duomenų perdavimas","settings-account-check-mail":"Tikrinti, ar yra naujų laiškų","settings-sub-header-server":"Serverio nuostatos","settings-account-userpass":"Abonento vardas ir slaptažodis","fld-account-picker-last-sync":"Sinchronizuota","settings-done":"Baigta","settings-account-section":"Paskyros","settings-account-add":"Kurti paskyrą","settings-account-delete":"Šalinti paskyrą","settings-account-delete-prompt":"Ar tikrai norite pašalinti {{account}} el. pašto paskyrą? Jeigu ją sukursite iš naujo, laiškus turėsite atsisiųsti pakartotinai.","settings-account-delete-cancel":"Atsisakyti","settings-account-delete-confirm":"Šalinti","settings-account-clarify-imap":"{{account-name}} (IMAP)","settings-account-clarify-pop3":"{{account-name}} (POP3)","settings-account-clarify-smtp":"{{account-name}} (SMTP)","settings-general-section":"Bendrosios nuostatos","settings-show-images":"Visada rodyti paveikslus","settings-download-attachments":"Parsiųsti priedus","settings-check-every-5min":"Kas 5 minutes","settings-check-every-10min":"Kas 10 minučių","settings-check-every-15min":"Kas 15 minučių","settings-check-every-30min":"Kas 30 minučių","settings-check-every-60min":"Kas valandą","settings-check-every-manual":"Rankiniu būdu","settings-check-dynamic":{"_index":["plural","n"],"_":{"zero":"Sekundės","one":"Kas {{ n }} sekundę","two":"Kas {{ n }} sekundes","few":"Kas {{ n }} sekundes","many":"Kas {{ n }} sekundžių","other":"Kas {{ n }} sekundžių"}},"settings-default-account":"Skirti numatytąja el. pašto paskyra","settings-account-type":"Paskyros tipas","settings-account-credentials":"Kredencialai","settings-activesync-label":"„ActiveSync“ nuostatos","settings-imap-label":"IMAP nuostatos","settings-pop3-label":"POP3 nuostatos","settings-smtp-label":"SMTP nuostatos","settings-hostname":"Serverio vardas","settings-port":"Prievadas","settings-username":"Abonento vardas","settings-password":"Slaptažodis","settings-save":"Įrašyti","settings-password-empty":"Slaptažodžio laukas negali būti tuščias","settings-account-synchronize-window":"Sinchronizuojamas laikotarpis","settings-synchronize-auto":"Parinkti automatiškai","settings-synchronize-one-day":"1 diena","settings-synchronize-three-days":"3 dienos","settings-synchronize-one-week":"1 savaitė","settings-synchronize-two-weeks":"2 savaitės","settings-synchronize-one-month":"1 mėnuo","settings-synchronize-all":"Visi laiškai","envelope-from":"Nuo","envelope-to":"Kam","envelope-cc":"Kopija","envelope-bcc":"Slapta kopija","reader-header":"Skaitomas laiškas","compose-header":"Rašomas laiškas","compose-header-short":"Rašomas","compose-send":"Siųsti","compose-to":"Kam","compose-cc":"Kopija","compose-bcc":"Slaptai","compose-attachments":{"_index":["plural","n"],"_":{"zero":"Priedai","one":"{{ n }} priedas","two":"{{ n }} priedai","few":"{{ n }} priedai","many":"{{ n }} priedų","other":"{{ n }} priedų"}},"compose-subject":"Tema","compose-draft-save":"Įrašyti kaip vietinį juodraštį","compose-discard-message":"Išmesti laišką?","compose-discard-confirm":"Išmesti","compose-sending-message":"Laiškas siunčiamas","compose-send-message-failed":"Laiško išsiųsti nepavyko","composer-attachment-large":"Priedas per didelis","composer-attachments-large":"Priedai per dideli","compose-attchment-size-exceeded":"Pasirinktasis priedas yra per didelis siuntimui su šiuo laišku.","compose-attchments-size-exceeded":"Pasirinktieji priedai yra per dideli siuntimui su šiuo laišku. Pabandykite pasirinkti mažiau failų.","dialog-button-ok":"Gerai","default-attachment-filename":"priedas{{ n }}","attachment-size-kib":"{{kilobytes}} KB","message-attachment-view":{"textContent":"Rodyti"},"message-attachment-too-large":"This file is too large to download.","message-no-subject":"(be temos)","message-edit-menu-delete":"Šalinti","message-edit-delete-confirm":"Pašalinti laišką?","message-send-attachment-disabled-confirm":"Priedai nebus persiųsti.","message-multiedit-header":{"_index":["plural","n"],"_":{"zero":"Pažymėkite laišką","one":"{{ n }} pažymėtas laiškas","two":"{{ n }} pažymėti laiškai","few":"{{ n }} pažymėti laiškai","many":"{{ n }} pažymėtų laiškų","other":"{{ n }} pažymėtų laiškų"}},"browse-to-url-prompt":"Atverti URL?: {{ url }}","message-download-images":{"_index":["plural","n"],"_":{"one":"Prie šio laiško pridėtas {{ n }} paveikslas. Bakstelėkite jam parsiųsti.","two":"Prie šio laiško pridėti {{ n }} paveikslai. Bakstelėkite jiems parsiųsti.","few":"Prie šio laiško pridėti {{ n }} paveikslai. Bakstelėkite jiems parsiųsti.","many":"Prie šio laiško pridėta {{ n }} paveikslų. Bakstelėkite jiems parsiųsti.","other":"Prie šio laiško pridėta {{ n }} paveikslų. Bakstelėkite jiems parsiųsti."}},"message-show-external-images":"Rodyti paveikslus iš interneto","message-multiedit-cancel":"Atsisakyti","message-multiedit-delete-confirm":{"_index":["plural","n"],"_":{"one":"Pašalinti {{ n }} laišką?","two":"Pašalinti {{ n }} laiškus?","few":"Pašalinti {{ n }} laiškus?","many":"Pašalinti {{ n }} laiškų?","other":"Pašalinti {{ n }} laiškų?"}},"message-large-message-cancel":"Atsisakyti","message-large-message-ok":"Tęsti","message-large-message-confirm":"Šis laiškas yra gan didelis, jo parsiuntimas gali kiek užtrukti.","message-search-from":"Nuo","message-search-to":"Kam","message-search-subject":"Tema","message-search-body":"Tekstas","message-search-all":"Visur","message-search-input":{"placeholder":"Ieškoti laiškų"},"message-search-cancel-accessible":"Nutraukti paiešką","messages-syncing":"Laiškai įkeliami","messages-sync-more":"Įkelti daugiau laiškų iš serverio","messages-folder-empty":"Šiame aplanke laiškų nėra","messages-search-empty":"Atitikmenų tarp laiškų, esančių vietiniame podėlyje, neaptikta","messages-folder-select":"Pasirinkite aplanką","message-contact-menu-create":"Kurti naują adresatą","message-contact-menu-add-existing":"Papildyti esamą adresatą","message-contact-menu-view":"Rodyti adresatą","message-contact-menu-reply":"Atsakyti","message-contact-menu-new":"Rašyti naują laišką","message-reply-menu-reply":"Atsakyti","message-reply-menu-reply-all":"Atsakyti visiems","message-reply-menu-forward":"Persiųsti","message-reply-menu-cancel":"Atsisakyti","folder-list-header":"Aplankai","account-last-synced-label":"Sinchronizuota:","account-never-synced":"niekada","reply-quoting-wrote":"{name} rašė","forward-original-message":"Persiųstas laiškas","forward-header-subject":"Tema","forward-header-date":"Data","forward-header-from":"Autorius","forward-header-reply-to":"Atgalinis adresas","forward-header-to":"Kam","forward-header-cc":"Kopija","folder-inbox":"Gautieji","folder-sent":"Išsiųstieji","folder-drafts":"Juodraščiai","folder-trash":"Šiukšlinė","folder-queue":"Neišsiųsti","folder-junk":"Brukalas","folder-archives":"Archyvas","folder-localdrafts":"Vietiniai juodraščiai","toaster-undo":"Atšaukti","toaster-retry":"Bandyti vėl","toaster-message-star":{"_index":["plural","n"],"_":{"one":"{{ n }} laiškas pažymėtas žvaigždute","two":"{{ n }} laiškai pažymėti žvaigždute","few":"{{ n }} laiškai pažymėti žvaigždute","many":"{{ n }} laiškų pažymėta žvaigždute","other":"{{ n }} laiškų pažymėta žvaigždute"}},"toaster-message-unstar":{"_index":["plural","n"],"_":{"one":"Nuo {{ n }} laiško pašalinta žvaigždutė","two":"Nuo {{ n }} laiškų pašalintos žvaigždutės","few":"Nuo {{ n }} laiškų pašalintis žvaigždutės","many":"Nuo {{ n }} laiškų pašalintos žvaigždutės","other":"Nuo {{ n }} laiškų pašalintos žvaigždutės"}},"toaster-message-read":{"_index":["plural","n"],"_":{"one":"{{ n }} laiškas pažymėtas kaip skaitytas","two":"{{ n }} laiškai pažymėti kaip skaityti","few":"{{ n }} laiškai pažymėti kaip skaityti","many":"{{ n }} laiškų pažymėti kaip skaityti","other":"{{ n }} laiškų pažymėti kaip skaityti"}},"toaster-message-unread":{"_index":["plural","n"],"_":{"one":"{{ n }} laiškas pažymėtas kaip neskaitytas","two":"{{ n }} laiškai pažymėti kaip neskaityti","few":"{{ n }} laiškai pažymėti kaip neskaityti","many":"{{ n }} laiškų pažymėti kaip neskaityti","other":"{{ n }} laiškų pažymėti kaip neskaityti"}},"toaster-message-move":{"_index":["plural","n"],"_":{"one":"{{ n }} laiškas perkeltas","two":"{{ n }} laiškai perkelti","few":"{{ n }} laiškai perkelti","many":"{{ n }} laiškų perkelti","other":"{{ n }} laiškų perkelti"}},"toaster-message-delete":{"_index":["plural","n"],"_":{"one":"{{ n }} laiškas pašalintas","two":"{{ n }} laiškai pašalinti","few":"{{ n }} laiškai pašalinti","many":"{{ n }} laiškų pašalinti","other":"{{ n }} laiškų pašalinti"}},"toaster-retryable-syncfailed":"Nepavyko prisijungti prie serverio","form-clear-input":"Pašalinti tekstą","confirm-dialog-title":"Patvirtinkite","senders-separation-sign":", ","new-emails":{"_index":["plural","n"],"_":{"one":"{{ n }} naujas laiškas","two":"{{ n }} nauji laiškai","few":"{{ n }} nauji laiškai","many":"{{ n }} naujų laiškų","other":"{{ n }} naujų laiškų"}},"new-emails-notify-one-account":{"_index":["plural","n"],"_":{"one":"{{ n }} naujas laiškas","two":"{{ n }} nauji laiškai","few":"{{ n }} nauji laiškai","many":"{{ n }} naujų laiškų","other":"{{ n }} naujų laiškų"}},"new-emails-notify-multiple-accounts":{"_index":["plural","n"],"_":{"one":"{{ n }} naujas laiškas ({{ accountName }})","two":"{{ n }} nauji laiškai ({{ accountName }})","few":"{{ n }} nauji laiškai ({{ accountName }})","many":"{{ n }} naujų laiškų ({{ accountName }})","other":"{{ n }} naujų laiškų ({{ accountName }})"}},"new-emails-notify-multiple-accounts-body":"{{ from }}: „{{ subject }}“","weekday-0-long":"Sekmadienis","weekday-1-long":"Pirmadienis","weekday-2-long":"Antradienis","weekday-3-long":"Trečiadienis","weekday-4-long":"Ketvirtadienis","weekday-5-long":"Penktadienis","weekday-6-long":"Šeštadienis","weekday-0-short":"Sk","weekday-1-short":"Pr","weekday-2-short":"An","weekday-3-short":"Tr","weekday-4-short":"Kt","weekday-5-short":"Pn","weekday-6-short":"Št","month-0-long":"sausis","month-1-long":"vasaris","month-2-long":"kovas","month-3-long":"balandis","month-4-long":"gegužė","month-5-long":"birželis","month-6-long":"liepa","month-7-long":"rugpjūtis","month-8-long":"rugsėjis","month-9-long":"spalis","month-10-long":"lapkritis","month-11-long":"gruodis","month-0-genitive":"sausio","month-1-genitive":"vasario","month-2-genitive":"kovo","month-3-genitive":"balandžio","month-4-genitive":"gegužės","month-5-genitive":"birželio","month-6-genitive":"liepos","month-7-genitive":"rugpjūčio","month-8-genitive":"rugsėjo","month-9-genitive":"spalio","month-10-genitive":"lapkričio","month-11-genitive":"gruodžio","month-0-short":"Sau","month-1-short":"Vas","month-2-short":"Kov","month-3-short":"Bal","month-4-short":"Geg","month-5-short":"Bir","month-6-short":"Lie","month-7-short":"Rgp","month-8-short":"Rgs","month-9-short":"Spa","month-10-short":"Lap","month-11-short":"Grd","minutes-ago-long":{"_index":["plural","value"],"_":{"zero":"ką tik","one":"prieš {{value}} minutę","two":"prieš {{value}} minutes","few":"prieš {{value}} minutes","many":"prieš {{value}} minučių","other":"prieš {{value}} minučių"}},"hours-ago-long":{"_index":["plural","value"],"_":{"zero":"ką tik","one":"prieš {{value}} valandą","two":"prieš {{value}} valandas","few":"prieš {{value}} valandas","many":"prieš {{value}} valandų","other":"prieš {{value}} valandų"}},"days-ago-long":{"_index":["plural","value"],"_":{"zero":"šiandien","one":"vakar","two":"prieš {{value}} dienas","few":"prieš {{value}} dienas","many":"prieš {{value}} dienų","other":"prieš {{value}} dienų"}},"weeks-ago-long":{"_index":["plural","value"],"_":{"zero":"šią savaitę","one":"praėjusią savaitę","two":"prieš {{value}} savaites","few":"prieš {{value}} savaites","many":"prieš {{value}} savaičių","other":"prieš {{value}} savaičių"}},"months-ago-long":{"_index":["plural","value"],"_":{"zero":"šį mėnesį","one":"praėjusį mėnesį","two":"prieš {{value}} mėnesius","few":"prieš {{value}} mėnesius","many":"prieš {{value}} mėnesių","other":"prieš {{value}} mėnesių"}},"years-ago-long":{"_index":["plural","value"],"_":{"zero":"šiemet","one":"prieš {{value}} metus","two":"prieš {{value}} metus","few":"prieš {{value}} metus","many":"prieš {{value}} metų","other":"prieš {{value}} metų"}},"minutes-until-long":{"_index":["plural","value"],"_":{"zero":"dabar","one":"už {{value}} minutės","two":"už {{value}} minučių","few":"už {{value}} minučių","many":"už {{value}} minučių","other":"už {{value}} minučių"}},"hours-until-long":{"_index":["plural","value"],"_":{"zero":"dabar","one":"už {{value}} valandos","two":"už {{value}} valandų","few":"už {{value}} valandų","many":"už {{value}} valandų","other":"už {{value}} valandų"}},"days-until-long":{"_index":["plural","value"],"_":{"zero":"šiandien","one":"rytoj","two":"už {{value}} dienų","few":"už {{value}} dienų","many":"už {{value}} dienų","other":"už {{value}} dienų"}},"weeks-until-long":{"_index":["plural","value"],"_":{"zero":"šią savaitę","one":"kitą savaitę","two":"už {{value}} savaičių","few":"už {{value}} savaičių","many":"už {{value}} savaičių","other":"už {{value}} savaičių"}},"months-until-long":{"_index":["plural","value"],"_":{"zero":"šį mėnesį","one":"kitą mėnesį","two":"už {{value}} mėnesių","few":"už {{value}} mėnesių","many":"už {{value}} mėnesių","other":"už {{value}} mėnesių"}},"years-until-long":{"_index":["plural","value"],"_":{"zero":"šiemet","one":"kitais metais","two":"už {{value}} metų","few":"už {{value}} metų","many":"už {{value}} metų","other":"už {{value}} metų"}},"minutes-ago-short":{"_index":["plural","value"],"_":{"zero":"ką tik","other":"prieš {{value}} min."}},"hours-ago-short":{"_index":["plural","value"],"_":{"zero":"ką tik","other":"prieš {{value}} val."}},"days-ago-short":{"_index":["plural","value"],"_":{"zero":"šiandien","other":"prieš {{value}} d."}},"minutes-until-short":{"_index":["plural","value"],"_":{"zero":"dabar","other":"už {{value}} min."}},"hours-until-short":{"_index":["plural","value"],"_":{"zero":"dabar","other":"už {{value}} val."}},"days-until-short":{"_index":["plural","value"],"_":{"zero":"šiandien","other":"už {{value}} d."}},"incorrectDate":"(negalima data)","dateTimeFormat_%c":"%Y m. %Eb %e d. %H:%M:%S","dateTimeFormat_%x":"%Y-%m-%d","dateTimeFormat_%X":"%H:%M:%S","shortTimeFormat":"%H:%M","shortDateTimeFormat":"%x %H:%M","weekStartsOnMonday":"1","time_am":"priešpiet","time_pm":"popiet"}