{"setup-app-name-header":"Mel","setup-empty-account-prompt":"Anda tidak bersedia untuk menghantar dan menerima emel. Adakah anda mahukan sekarang?","setup-pick-service":"Untuk menghantar dan menerima emel, anda perlu menyediakan satu akaun.","setup-account-header3":"Akaun Baru","setup-info-name":{"placeholder":"Nama Anda"},"setup-info-email":{"placeholder":"seseorang@contoh.com"},"setup-info-password":{"placeholder":"Kata laluan"},"setup-info-next":"Maju","setup-progress-wait-msg":"Menetapkan akaun","setup-completed-header":"Penyediaan akaun mel","setup-completed-label":"Semua selesai!","setup-add-another-account":"Tambah akaun lain","setup-show-mail":"Teruskan ke Mel","setup-error-offline":"Peranti ini berada di luar talian. Sila sambungkan ke rangkaian dan cuba lagi.","setup-error-bad-user-or-pass2":"Nama pengguna atau kata laluan tidak sah. Periksa kesilapan ejaan.","setup-error-bad-address":"Alamat emel tidak sah. Sila semak ejaan.","setup-error-not-authorized":"Menurut server, anda tidak mempunyai kebenaran untuk membuat akaun ","setup-error-pop-server-not-great":"Pelayan tidak disokong. Pelayan POP3 tidak mengimplemen ciri yang diperlukan.","setup-error-unknown2":"Kesilapan yang tidak diketahui telah berlaku, sila periksa sambungan talian anda atau cuba pilih konfigurasi manual.","setup-error-needs-app-pass":"Anda mesti gunakan pengaplikasian kata laluan spesifik untuk akaun Gmail dua fakor","setup-error-imap-disabled":"Anda mesti bolehkan IMAP pada akaun Gmail anda","setup-error-pop3-disabled":"Anda mesti bolehkan POP3 pada akaun Gmail anda","setup-error-bad-security":"Tidak dapat menubuhkan sambungan selamat ke \"{{server}}\". Mungkin terdapat masalah pada rangkaian atau pelayan anda.","setup-error-unresponsive-server":"Tidak dapat menubuhkan sambungan ke \"{{server}}\". Mungkin terdapat masalah pada rangkaian atau pelayan anda.","setup-error-server-problem":"Terdapat masalah dengan pelayan \"{{server}}\". Cuba lagi nanti.","setup-error-no-config-info":"Tidak dapat mengkonfigur akaun anda secara automatik. Betulkan alamat email atau cuba pilih konfigurasi manual.","setup-error-server-maintenance":"Pelayan \"{{server}}\" diluar talian kerana penyelenggaraan. Cuba lagi nanti.","setup-error-account-already-exists":"Akaun ini telah pun dikonfigur.","setup-manual-config2":"Penetapan manual","setup-manual-config-header":"Penetapan Manual","setup-manual-account-type":"Jenis akaun","setup-manual-imap-header":"Tetapan IMAP","setup-manual-pop3-header":"Tetapan POP3","setup-manual-smtp-header":"Tetapan SMTP","setup-manual-activesync-header":"Tetapan ActiveSync","setup-manual-next":"Maju","setup-manual-socket":"Jenis Soket","setup-manual-socket-ssl":"SSL","setup-manual-socket-starttls":"STARTTLS","setup-manual-hostname":{"placeholder":"Nama hos"},"setup-manual-port":{"placeholder":"Nombor Port"},"setup-manual-username":{"placeholder":"Nama pengguna"},"setup-manual-activesync-username":{"placeholder":"Domain\\Username"},"setup-bad-password-header":"Kata laluan buruk!","setup-bad-password":"Kami tidak dapat log masuk anda ke pelayan. Mungkin kata laluan anda salah?","setup-new-password":{"placeholder":"Kata laluan baru"},"setup-fix-password":"Cuba semua dengan kata laluan baru","setup-gmail-twofactor-header":"Dua-Faktor Dibolehkan","setup-gmail-twofactor-message":"Anda perlu memasukkan katalaluan spesifik-aplikasi di bawah.","setup-gmail-twofactor-fix":"Gunakan katalaluan aplikasi","setup-gmail-imap-header":"IMAP Dilumpuhkan","setup-gmail-imap-message":"Anda mesti bolehkan IMAP pada akaun Gmail anda","setup-gmail-imap-retry":"Cuba lagi","setup-gmail-pop3-header":"POP3 Dilumpuhkan","setup-gmail-pop3-message":"Anda mesti bolehkan POP3 pada akaun Gmail anda","setup-gmail-pop3-retry":"Cuba lagi","settings-main-header":"Tetapan Mel","settings-sub-header-account":"Akaun","settings-account-name":"Nama Anda","settings-account-display-notifications":"Paparkan nitifikasi untuk mesej baru","settings-sub-header-data":"Data","settings-account-check-mail":"Periksa mesej baru","settings-sub-header-server":"Tetapan pelayan","settings-account-userpass":"Nama pengguna dan kata laluan","fld-account-picker-last-sync":"Sync terakhir:","settings-done":"Selesai","settings-account-section":"Akaun","settings-account-add":"Tambah akaun","settings-account-delete":"Hapus akaun","settings-account-delete-prompt":"Anda pasti untuk menghapus akaun mail {{account}} anda? Anda perlu memuat turun semula mel anda jika anda mencipta semula akaun.","settings-account-delete-cancel":"Batal","settings-account-delete-confirm":"Hapus","settings-account-clarify-imap":"{{account-name}} (IMAP)","settings-account-clarify-pop3":"{{account-name}} (POP3)","settings-account-clarify-smtp":"{{account-name}} (SMTP)","settings-general-section":"Tetapan Umum","settings-show-images":"Sentiasa tunjuk imej","settings-download-attachments":"Muat turun kepilan","settings-check-every-5min":"Setiap 5 minit","settings-check-every-10min":"Setiap 10 minit","settings-check-every-15min":"Setiap 15 minit","settings-check-every-30min":"Setiap 30 minit","settings-check-every-60min":"Setiap jam","settings-check-every-manual":"Secara Manual","settings-check-dynamic":{"_index":["plural","n"],"_":{"zero":"saat","one":"{{ n }} saat","two":"{{ n }} saat","few":"{{ n }} saat","many":"{{ n }} saat","other":"{{ n }} saat"}},"settings-default-account":"Tetapkan sebagai email lalai","settings-account-type":"Jenis akaun","settings-account-credentials":"Tauliah","settings-activesync-label":"Tetapan ActiveSync","settings-imap-label":"Tetapan IMAP","settings-pop3-label":"Tetapan POP3","settings-smtp-label":"Tetapan SMTP","settings-hostname":"Nama hos","settings-port":"Port","settings-username":"Nama pengguna","settings-password":"Kata laluan","settings-save":"Simpan","settings-password-empty":"Medan kata laluan tidak boleh kosong","settings-account-synchronize-window":"Hari untuk sync","settings-synchronize-auto":"Automatik","settings-synchronize-one-day":"1 hari","settings-synchronize-three-days":"3 hari","settings-synchronize-one-week":"1 minggu","settings-synchronize-two-weeks":"2 minggu","settings-synchronize-one-month":"1 bulan","settings-synchronize-all":"Semua mesej","envelope-from":"Daripada","envelope-to":"Kepada","envelope-cc":"Cc","envelope-bcc":"Bcc","reader-header":"Baca","compose-header":"Karang mesej","compose-header-short":"Karang","compose-send":"Hantar","compose-to":"Kepada","compose-cc":"cc","compose-bcc":"bcc","compose-attachments":{"_index":["plural","n"],"_":{"zero":"Kepilan","one":"{{ n }} kepilan","two":"{{ n }} kepilan","few":"{{ n }} kepilan","many":"{{ n }} kepilan","other":"{{ n }} kepilan"}},"compose-subject":"Subjek","compose-draft-save":"Simpan pada Draf Lokal","compose-discard-message":"Buang email?","compose-discard-confirm":"Buang","compose-sending-message":"Menghantar email","compose-send-message-failed":"Menghantar email gagal","composer-attachment-large":"Kepilan terlalu besar","composer-attachments-large":"Kepilan terlalu besar","compose-attchment-size-exceeded":"Kepilan dipilih terlalu besar untuk dihantar dengan mesej ini.","compose-attchments-size-exceeded":"Kepilan dipilih terlalu besar untuk dihantar dengan mesej ini. Cuba pilihan yang kurang baris.","dialog-button-ok":"OK","default-attachment-filename":"kepilan{{ n }}","attachment-size-kib":"{{kilobytes}}K","message-attachment-view":{"textContent":"Lihat"},"message-attachment-too-large":"This file is too large to download.","message-no-subject":"(tiada subjek)","message-edit-menu-delete":"Hapus","message-edit-delete-confirm":"Hapus mesej email?","message-send-attachment-disabled-confirm":"Kepilan tidak dapat dimajukan.","message-multiedit-header":{"_index":["plural","n"],"_":{"zero":"Sunting","one":"{{ n }} dipilih","two":"{{ n }} dipilih","few":"{{ n }} dipilih","many":"{{ n }} dipilih","other":"{{ n }} dipilih"}},"browse-to-url-prompt":"Layari URL?: {{ url }}","message-download-images":{"_index":["plural","n"],"_":{"one":"Email ini mengandungi satu imej. Klik untuk muat turun.","two":"Email ini mengandungi {{ n }} imej. Klik untuk muat turun.","few":"Email ini mengandungi {{ n }} imej. Klik untuk muat turun.","many":"Email ini mengandungi {{ n }} imej. Klik untuk muat turun.","other":"Email ini mengandungi {{ n }} imej. Klik untuk muat turun."}},"message-show-external-images":"Tunjuk imej luaran","message-multiedit-cancel":"Batal","message-multiedit-delete-confirm":{"_index":["plural","n"],"_":{"one":"Hapus mesej email ini?","two":"Hapus {{ n }} mesej email?","few":"Hapus {{ n }} mesej email?","many":"Hapus {{ n }} mesej email?","other":"Hapus {{ n }} mesej email?"}},"message-large-message-cancel":"Batal","message-large-message-ok":"Teruskan","message-large-message-confirm":"Mesej ini besar dan akan mengambil sedikit masa untuk dimuat turun.","message-search-from":"Daripada","message-search-to":"Kepada","message-search-subject":"Subjek","message-search-body":"Badan","message-search-all":"Semua","message-search-input":{"placeholder":"Carian Mel"},"message-search-cancel-accessible":"Batal carian","messages-syncing":"Memuat Mesej","messages-sync-more":"Muatkan lebih mesej daripada pelayan","messages-folder-empty":"Tiada mel dalam Folder ini","messages-search-empty":"Tiada padanan dalam mesej yang dicached lokal","messages-folder-select":"Pilih folder","message-contact-menu-create":"Simpan kenalan baru","message-contact-menu-add-existing":"Tambah kepada kenalan sedia ada","message-contact-menu-view":"Lihat kenalan","message-contact-menu-reply":"Balas","message-contact-menu-new":"Hantar mel baru","message-reply-menu-reply":"Balas","message-reply-menu-reply-all":"Balas Semua","message-reply-menu-forward":"Majukan","message-reply-menu-cancel":"Batal","folder-list-header":"Folder","account-last-synced-label":"Sync terakhir:","account-never-synced":"Tidak sekali","reply-quoting-wrote":"{name} menulis","forward-original-message":"Mesej asal","forward-header-subject":"Subjek","forward-header-date":"Tarikh","forward-header-from":"Daripada","forward-header-reply-to":"Balasan Kepada","forward-header-to":"Kepada","forward-header-cc":"Cc","folder-inbox":"Inbox","folder-sent":"Hantar","folder-drafts":"Draf","folder-trash":"Tong","folder-queue":"Belum hantar","folder-junk":"Sampah","folder-archives":"Arkib","folder-localdrafts":"Draf Lokal","toaster-undo":"Buat asal","toaster-retry":"Cubaan","toaster-message-star":{"_index":["plural","n"],"_":{"one":"1 mesej dibendera","two":"{{ n }} mesej dibendera","few":"{{ n }} mesej dibendera","many":"{{ n }} mesej dibendera","other":"{{ n }} mesej dibendera"}},"toaster-message-unstar":{"_index":["plural","n"],"_":{"one":"1 mesej bendera disingkir","two":"{{ n }} mesej bendera disingkir","few":"{{ n }} mesej bendera disingkir","many":"{{ n }} mesej bendera disingkir","other":"{{ n }} mesej bendera disingkir"}},"toaster-message-read":{"_index":["plural","n"],"_":{"one":"1 mesej ditanda sebagai baca","two":"{{ n }} mesej ditanda sebagai baca","few":"{{ n }} mesej ditanda sebagai baca","many":"{{ n }} mesej ditanda sebagai baca","other":"{{ n }} mesej ditanda sebagai baca"}},"toaster-message-unread":{"_index":["plural","n"],"_":{"one":"1 mesej ditanda sebagai belum baca","two":"{{ n }} mesej ditanda sebagai belum baca","few":"{{ n }} mesej ditanda sebagai belum baca","many":"{{ n }} mesej ditanda sebagai belum baca","other":"{{ n }} mesej ditanda sebagai belum baca"}},"toaster-message-move":{"_index":["plural","n"],"_":{"one":"1 mesej dipindah","two":"{{ n }} mesej dipindah","few":"{{ n }} mesej dipindah","many":"{{ n }} mesej dipindah","other":"{{ n }} mesej dipindah"}},"toaster-message-delete":{"_index":["plural","n"],"_":{"one":"1 mesej diphapus","two":"{{ n }} mesej dihapus","few":"{{ n }} mesej dihapus","many":"{{ n }} mesej dihapus","other":"{{ n }} mesej dihapus"}},"toaster-retryable-syncfailed":"Tidak dapat menyambung ke pelayan","form-clear-input":"Singkir teks","confirm-dialog-title":"Pengesahan","senders-separation-sign":", ","new-emails":{"_index":["plural","n"],"_":{"one":"1 Emel Baru","two":"{{ n }} Emel Baru","few":"{{ n }} Emel Baru","many":"{{ n }} Emel Baru","other":"{{ n }} Emel Baru"}},"new-emails-notify-one-account":{"_index":["plural","n"],"_":{"one":"1 Emel Baru","two":"{{ n }} Emel Baru","few":"{{ n }} Emel Baru","many":"{{ n }} Emel Baru","other":"{{ n }} Emel Baru"}},"new-emails-notify-multiple-accounts":{"_index":["plural","n"],"_":{"one":"1 Emel Baru ({{ accountName }})","two":"{{ n }} Emel Baru ({{ accountName }})","few":"{{ n }} Emel Baru ({{ accountName }})","many":"{{ n }} Emel Baru ({{ accountName }})","other":"{{ n }} Emel Baru ({{ accountName }})"}},"new-emails-notify-multiple-accounts-body":"{{ from }} “{{ subject }}”","weekday-0-long":"Ahad","weekday-1-long":"Isnin","weekday-2-long":"Selasa","weekday-3-long":"Rabu","weekday-4-long":"Khamis","weekday-5-long":"Jumaat","weekday-6-long":"Sabtu","weekday-0-short":"Ahad","weekday-1-short":"Isnin","weekday-2-short":"Selasa","weekday-3-short":"Rabu","weekday-4-short":"Khamis","weekday-5-short":"Jumaat","weekday-6-short":"Sabtu","month-0-long":"Januari","month-1-long":"Februari","month-2-long":"Mac","month-3-long":"April","month-4-long":"Mei","month-5-long":"Jun","month-6-long":"Julai","month-7-long":"Ogos","month-8-long":"September","month-9-long":"Oktober","month-10-long":"November","month-11-long":"Disember","month-0-genitive":"Januari","month-1-genitive":"Februari","month-2-genitive":"Mac","month-3-genitive":"April","month-4-genitive":"Mei","month-5-genitive":"Jun","month-6-genitive":"Julai","month-7-genitive":"Ogos","month-8-genitive":"September","month-9-genitive":"Oktober","month-10-genitive":"November","month-11-genitive":"Disember","month-0-short":"Jan","month-1-short":"Feb","month-2-short":"Mac","month-3-short":"Apr","month-4-short":"Mei","month-5-short":"Jun","month-6-short":"Jul","month-7-short":"Ogos","month-8-short":"Sep","month-9-short":"Okt","month-10-short":"Nov","month-11-short":"Dis","minutes-ago-long":{"_index":["plural","value"],"_":{"zero":"sebentar tadi","one":"satu minit lalu","two":"{{value}} minit lalu","few":"{{value}} minit lalu","many":"{{value}} minit lalu","other":"{{value}} minit lalu"}},"hours-ago-long":{"_index":["plural","value"],"_":{"zero":"sebentar tadi","one":"sejam yang lalu","two":"{{value}} jam lalu","few":"{{value}} jam lalu","many":"{{value}} jam lalu","other":"{{value}} jam lalu"}},"days-ago-long":{"_index":["plural","value"],"_":{"zero":"hari ini","one":"semalam","two":"{{value}} hari lalu","few":"{{value}} hari lalu","many":"{{value}} hari lalu","other":"{{value}} hari lalu"}},"weeks-ago-long":{"_index":["plural","value"],"_":{"zero":"minggu ini","one":"minggu lalu","two":"{{value}} minggu lalu","few":"{{value}} minggu lalu","many":"{{value}} minggu lalu","other":"{{value}} minggu lalu"}},"months-ago-long":{"_index":["plural","value"],"_":{"zero":"bulan ini","one":"bulan lalu","two":"{{value}} bulan lalu","few":"{{value}} bulan lalu","many":"{{value}} minit lalu","other":"{{value}} minit lalu"}},"years-ago-long":{"_index":["plural","value"],"_":{"zero":"tahun ini","one":"tahun lalu","two":"{{value}} tahun lalu","few":"{{value}} tahun lalu","many":"{{value}} tahun lalu","other":"{{value}} tahun lalu"}},"minutes-until-long":{"_index":["plural","value"],"_":{"zero":"sekarang","one":"dalam satu minit","two":"dalam {{value}} minit","few":"dalam {{value}} minit","many":"dalam {{value}} minit","other":"dalam {{value}} minit"}},"hours-until-long":{"_index":["plural","value"],"_":{"zero":"sekarang","one":"dalam satu jam","two":"dalam {{value}} jam","few":"dalam {{value}} jam","many":"dalam {{value}} jam","other":"dalam {{value}} jam"}},"days-until-long":{"_index":["plural","value"],"_":{"zero":"hari ini","one":"esok","two":"dalam {{value}} hari","few":"dalam {{value}} hari","many":"dalam {{value}} hari","other":"dalam {{value}} hari"}},"weeks-until-long":{"_index":["plural","value"],"_":{"zero":"minggu ini","one":"minggu depan","two":"dalam {{value}} minggu","few":"dalam {{value}} minggu","many":"dalam {{value}} minggu","other":"dalam {{value}} minggu"}},"months-until-long":{"_index":["plural","value"],"_":{"zero":"bulan ini","one":"bulan depan","two":"dalam {{value}} bulan","few":"dalam {{value}} bulan","many":"dalam {{value}} bulan","other":"dalam {{value}} bulan"}},"years-until-long":{"_index":["plural","value"],"_":{"zero":"tahun ini","one":"tahun depan","two":"dalam {{value}} tahun","few":"dalam {{value}} tahun","many":"dalam {{value}} tahun","other":"dalam {{value}} tahun"}},"minutes-ago-short":{"_index":["plural","value"],"_":{"zero":"sebentar tadi","other":"{{value}} minit lalu"}},"hours-ago-short":{"_index":["plural","value"],"_":{"zero":"sebentar tadi","other":"{{value}} jam lalu"}},"days-ago-short":{"_index":["plural","value"],"_":{"zero":"hari ini","other":"{{value}} hari lalu"}},"minutes-until-short":{"_index":["plural","value"],"_":{"zero":"sekarang","other":"dalam {{value}} minit"}},"hours-until-short":{"_index":["plural","value"],"_":{"zero":"sekarang","other":"dalam {{value}} jam"}},"days-until-short":{"_index":["plural","value"],"_":{"zero":"hari ini","other":"dalam {{value}} hari"}},"incorrectDate":"(tarikh tidak betul)","dateTimeFormat_%c":"%a %b %e %Y %I:%M:%S %p","dateTimeFormat_%x":"%m/%d/%Y","dateTimeFormat_%X":"%I:%M:%S %p","shortTimeFormat":"%I:%M %p","shortDateTimeFormat":"%x %I:%M %p","weekStartsOnMonday":"0","time_am":"PG","time_pm":"PTG"}