{"setup-app-name-header":"पत्र","setup-empty-account-prompt":"तपाई इमेल पठाउन वा पाउनका लागि व्यवस्थित हुनुहुन्न। के तपाई अहिले गर्न चाहनुहुन्छ?","setup-pick-service":"इमेल पठाउन र पाउनका लागि तपाईले एउटा खाताको स्थापना गर्नु पर्छ।","setup-account-header3":"नयाँ खाता","setup-info-name":{"placeholder":"तपाईंको नाम"},"setup-info-email":{"placeholder":"someone@example.com"},"setup-info-password":{"placeholder":"पासवर्ड"},"setup-info-next":"पछिल्लो","setup-progress-wait-msg":"खाता स्थापना गर्दै","setup-completed-header":"मेल खाता स्थापना","setup-completed-label":"सबै गरियो !","setup-add-another-account":"अर्को खाता थप्नुहोस्","setup-show-mail":"Continue to Mail","setup-error-offline":"यो यन्त्र अहिले अफलाइन छ।कुनै सञ्जालमा जडान गरी पुन प्रयास गर्नुहोस्।","setup-error-bad-user-or-pass2":"अमान्य प्रयोगकर्ता नाम वा पासवर्ड | त्रुटीहरु जाँच्नुहोस् |","setup-error-bad-address":"अवैध इमेल ठेगाना। टाईपसको लागि जाँच गर्नुहोस्।","setup-error-not-authorized":"सर्भरले तपाईसँग खाता सृजना गर्नका लागि अधिकार छैन भनेर भन्यो","setup-error-pop-server-not-great":"सर्भर असमर्थित। यस POP3 सर्भरले आवश्यक सुविधाहरु लागू गर्दैन।","setup-error-unknown2":"अज्ञात त्रुटि आउन पुग्यो | तपाईको सञ्जाल जडान जाँच्नुहोस् वा आफैँले सञ्जाल जडान  मिलाउन कोसिस गर्नुहोस् |","setup-error-needs-app-pass":"You must use an application specific password for two-factor Gmail accounts","setup-error-imap-disabled":"तपाईँको जीमेल खाताका लागि तपाईँले IMAP सक्षम पार्नुपर्दछ","setup-error-pop3-disabled":"तपाईँको जीमेल खाताका लागि तपाईँले POP3 सक्षम पार्नुपर्दछ","setup-error-bad-security":"\"{{server}}\"सँग सुरक्षित जडान गर्न असफल | तपाईको सञ्जाल वा सर्भरमा समस्या हुन सक्छ |","setup-error-unresponsive-server":"\"{{server}}\"सँग जडान गर्न असफल | तपाईको सञ्जालमा समस्या हुन सक्छ |","setup-error-server-problem":"\"{{server}}\"मा समस्या छ | पुन प्रयास गर्नुहोस् |","setup-error-no-config-info":"तपाईको खाता स्वतह मिलाउन असक्षम | तपाईको आफ्नो ईमेल ठेगाना मिलाउनुस् वा आफै वैकलकिप मिलाउन कोसिस गर्नुहोस् |","setup-error-server-maintenance":"यस सरभर \"{{server}}\" सुधार्नका लागि अफलाइन छ | पछि पुन प्रयास गर्नुहोस् |","setup-error-account-already-exists":"यो खाता पाहिले नै कन्फिगर छ।","setup-manual-config2":"हाते स्थापना","setup-manual-config-header":"हाते स्थापना","setup-manual-account-type":"खाताको प्रकार","setup-manual-imap-header":"IMAP सेटिङहरू","setup-manual-pop3-header":"POP3 सेटिङहरू","setup-manual-smtp-header":"SMTP सेटिङहरू","setup-manual-activesync-header":"ActiveSync सेटिङहरू","setup-manual-next":"अर्को","setup-manual-socket":"सकेटको प्रकार","setup-manual-socket-ssl":"SSL","setup-manual-socket-starttls":"STARTTLS","setup-manual-hostname":{"placeholder":"होस्टनाम"},"setup-manual-port":{"placeholder":"पोर्ट नम्बर"},"setup-manual-username":{"placeholder":"प्रयोगकर्ताको नाम"},"setup-manual-activesync-username":{"placeholder":"Domain\\Username"},"setup-bad-password-header":"खराब पासवर्ड!","setup-bad-password":"हामीले सर्भरमा साइन-इन गर्न सकेनौ। शायद तपाईको पासवर्ड गलत छ कि?","setup-new-password":{"placeholder":"नयाँ पासवर्ड"},"setup-fix-password":"नँया पासवर्डले पुन: प्रयास गर्नुहोस्","setup-gmail-twofactor-header":"दुई-फ्याक्टर सक्षम पारियो","setup-gmail-twofactor-message":"तपाईले तल एप्लिकेसन-विशेष पासवर्ड प्रविष्ट गर्नुपर्दछ।","setup-gmail-twofactor-fix":"एप्लिकेसन पासवर्ड प्रयोग गर्नुहोस्","setup-gmail-imap-header":"IMAP अक्षम पारिएको","setup-gmail-imap-message":"तपाईंको आफ्नो जीमेल खातामा तपाईंले IMAP सक्षम पार्नुपर्दछ","setup-gmail-imap-retry":"पुन: प्रयास गर्नुहोस्","setup-gmail-pop3-header":"POP3 अक्षम पारियो","setup-gmail-pop3-message":"तपाईंले आफ्नो जीमेल खातामा POP3 सक्षम पार्नुपर्छ","setup-gmail-pop3-retry":"पुन: प्रयास गर्नुहोस्","settings-main-header":"मेल सेटिङहरू","settings-sub-header-account":"खाता","settings-account-name":"तपाईंको नाम","settings-account-display-notifications":"नयाँ सन्देशहारुको लागि सूचनाहरु प्रदर्शन गर्नुहोस्","settings-sub-header-data":"डेटा","settings-account-check-mail":"नयाँ सन्देशहरुको लागि जाँच्नुहोस्","settings-sub-header-server":"सर्भर सेटिङहरू","settings-account-userpass":"प्रयोगकर्ताको नाम र पासवर्ड","fld-account-picker-last-sync":"अन्तिम सिङ्क:","settings-done":"गरियो","settings-account-section":"खाताहरू","settings-account-add":"खाता थप्नुहोस्","settings-account-delete":"खाता मेटाउनेहोस्","settings-account-delete-prompt":"के तपाई अाफ्नो {{account}} मेल खाता मेटाउने बारे निश्चित हुनुहुन्छ? यदि तपाईले खातालाई पुन: सृजना गर्नुभयो भने तपाईले आफ्नो मेल पुन: डाउनलोड गर्नुपर्नेछ।","settings-account-delete-cancel":"रद्द गर्नुहोस्","settings-account-delete-confirm":"मेट्नुहोस्","settings-account-clarify-imap":"{{account-name}} (IMAP)","settings-account-clarify-pop3":"{{account-name}} (POP3)","settings-account-clarify-smtp":"{{account-name}} (SMTP)","settings-general-section":"साधारण सेटिङ्गहरु","settings-show-images":"सधै छविहरु देखाउनुहोस्","settings-download-attachments":"संलगितहरु डाउनलोड गर्नुहोस्","settings-check-every-5min":"प्रत्येक ५ मिनेटमा","settings-check-every-10min":"प्रत्येक १० मिनेटमा","settings-check-every-15min":"प्रत्येक १५ मिनेटमा","settings-check-every-30min":"प्रत्येक ३० मिनेटमा","settings-check-every-60min":"प्रत्येक घण्टा","settings-check-every-manual":"म्यानुअल तरिकाले","settings-check-dynamic":{"_index":["plural","n"],"_":{"zero":"सेकेण्ड","one":"{{ n }} सेकेण्ड","two":"{{ n }} सेकेण्ड","few":"{{ n }} सेकेण्ड","many":"{{ n }} सेकेण्ड","other":"{{ n }} सेकेन्ड्स्"}},"settings-default-account":"पूर्वनिर्धारित इमेलको रूपमा सेट गर्नुहोस्","settings-account-type":"खाता प्रकार","settings-account-credentials":"कागजात","settings-activesync-label":"ActiveSync सेटिङहरू","settings-imap-label":"IMAP सेटिङहरू","settings-pop3-label":"POP3 सेटिङहरू","settings-smtp-label":"SMTP सेटिङहरू","settings-hostname":"होस्टनाम","settings-port":"पोर्ट","settings-username":"प्रयोगकर्ता नाम","settings-password":"पासवर्ड","settings-save":"बचत गर्नुहोस्","settings-password-empty":"पासवर्ड फाँट खाली हुनु हुँदैनन","settings-account-synchronize-window":"समक्रमण गर्न दिनहरु","settings-synchronize-auto":"स्वचालित","settings-synchronize-one-day":"१ दिन","settings-synchronize-three-days":"३ दिनहरू","settings-synchronize-one-week":"१ हप्ता","settings-synchronize-two-weeks":"२ हप्ता","settings-synchronize-one-month":"१ महिना","settings-synchronize-all":"सबै सन्देशहरू","envelope-from":"बाट","envelope-to":"लाई","envelope-cc":"बोधार्थ","envelope-bcc":"गुप्त बोधार्थ","reader-header":"पढ्नुहोस्","compose-header":"सन्देश रचना गर्नुहोस्","compose-header-short":"रचना गर्नुहोस्","compose-send":"पठाउँनुहोस्","compose-to":"लाई","compose-cc":"बोधार्थ","compose-bcc":"bcc","compose-attachments":{"_index":["plural","n"],"_":{"zero":"संलग्न फाइलहरू","one":"{{ n }} संलग्न फाइलहरू","two":"{{ n }} संलग्न फाइलहरू","few":"{{ n }} संलग्न फाइलहरू","many":"{{ n }} संलग्न फाइलहरू","other":"{{ n }} संलग्न फाइलहरू"}},"compose-subject":"विषय","compose-draft-save":"स्थानीय ड्राफ्टसमा बचत गर्नुहोस","compose-discard-message":"इमेल छोड्न चाहनुहुन्छ?","compose-discard-confirm":"छाड्नुहोस्","compose-sending-message":"इमेल पठाउँदै","compose-send-message-failed":"इमेल पठाउन असफल भयो","composer-attachment-large":"संलग्न धेरै ठुलो भयो","composer-attachments-large":"संलग्नहरु धेरै ठूला भए","compose-attchment-size-exceeded":"चयन गरिएको संलग्न यस सन्देशमा पठाउन धेरै ठूलो छ।","compose-attchments-size-exceeded":"चयन गरिएका संलग्नहरु यस सन्देशमा पठाउन धेरै ठूला छन्। कम फाइलहरु चयन गर्न खोज्नुहोस्।","dialog-button-ok":"ठीक छ","default-attachment-filename":"बधीएको{{ n }}","attachment-size-kib":"{{kilobytes}}K","message-attachment-view":{"textContent":"दृश्य गर्नुहोस्"},"message-attachment-too-large":"This file is too large to download.","message-no-subject":"(विषय नभएको)","message-edit-menu-delete":"मेट्नुहोस्","message-edit-delete-confirm":"इमेल सन्देश मेट्नुहुन्छ?","message-send-attachment-disabled-confirm":"संलग्नहरु फरवार्ड गर्न साकिदैन।","message-multiedit-header":{"_index":["plural","n"],"_":{"zero":"सम्पादन गर्नुहोस्","one":"{{ n }} वटा चयन गरिएको","two":"{{ n }} वटा चयन गरिएको","few":"{{ n }} वटा चयन गरिएको","many":"{{ n }} वटा चयन गरिएको","other":"{{ n }} वटा चयन गरिएको"}},"browse-to-url-prompt":"यो URL ब्राउज गर्ने?: {{ url }}","message-download-images":{"_index":["plural","n"],"_":{"one":"यो इमेल मा एउटा छवि शामिल छ। डाउनलोड गर्न क्लिक गर्नुहोस्।","two":"यो इमेलमा {{ n }} वटा छविहरु शामिल छन्। डाउनलोड गर्न क्लिक गर्नुहोस्।","few":"यो इमेलमा {{ n }} वटा छविहरु शामिल छन्। डाउनलोड गर्न क्लिक गर्नुहोस्।","many":"यो इमेलमा {{ n }} वटा छविहरु शामिल छन्। डाउनलोड गर्न क्लिक गर्नुहोस्।","other":"यो इमेलमा {{ n }} वटा छविहरु समाविष्ट छन्। डाउनलोड गर्न क्लिक गर्नुहोस्।"}},"message-show-external-images":"बाह्य तस्वीरहरु देखाउनुहोस्","message-multiedit-cancel":"रद्द गर्नुहोस्","message-multiedit-delete-confirm":{"_index":["plural","n"],"_":{"one":"यो इमेल सन्देश मेटाउने?","two":"{{ n }} वटा इमेल सन्देशहरु मेटाउने?","few":"{{ n }} वटा इमेल सन्देशहरु मेटाउने?","many":"{{ n }} वटा इमेल सन्देशहरु मेटाउने?","other":"{{ n }} वटा इमेल सन्देशहरु मेटाउने?"}},"message-large-message-cancel":"रद्द गर्नुहोस्","message-large-message-ok":"जारी राख्नुहोस्","message-large-message-confirm":"यो सन्देश ठूलो छ र डाउनलोड हुन केहि समय लाग्नसक्छ।","message-search-from":"बाट","message-search-to":"लागि","message-search-subject":"विषय","message-search-body":"मुख्य भाग","message-search-all":"सबै","message-search-input":{"placeholder":"मेल खोजी गर्नुहोस्"},"message-search-cancel-accessible":"खोजी रद्द गर्नुहोस्","messages-syncing":"सन्देशहरु लोड हुँदैछ","messages-sync-more":"सर्भरबाट बढि सन्देशहरू लोड गर्नुहोस्","messages-folder-empty":"यस फोल्डरमा मेल छैन","messages-search-empty":"स्थानीय क्याचे गरिएका सन्देशहरुमा जोडा फेला परेन","messages-folder-select":"फोल्डर चयन गर्नुहोस्","message-contact-menu-create":"नयाँ सम्पर्क बचत गर्नुहोस्","message-contact-menu-add-existing":"अवस्थित सम्पर्कमा थप्नुहोस्","message-contact-menu-view":"सम्पर्क हेर्नुहोस्","message-contact-menu-reply":"जवाफ पठाउनुहोस्","message-contact-menu-new":"नयाँ पत्र पठाउनुहोस्","message-reply-menu-reply":"जवाफ पठाउनुहोस्","message-reply-menu-reply-all":"सबैलाई जवाफ दिनुहोस्","message-reply-menu-forward":"अगाडि","message-reply-menu-cancel":"रद्द गर्नुहोस्","folder-list-header":"फोल्डरहरू","account-last-synced-label":"अन्तिम सिङ्क:","account-never-synced":"कहिल्यै पनि","reply-quoting-wrote":"{name}ले लेख्यो","forward-original-message":"मौलिक सन्देश","forward-header-subject":"विषय","forward-header-date":"मिति","forward-header-from":"बाट","forward-header-reply-to":"लाई-जवाफ","forward-header-to":"लाई","forward-header-cc":"बोधार्थ","folder-inbox":"प्राप्तिमञ्जूषा","folder-sent":"पठाइयो","folder-drafts":"ड्राफ्टहरू","folder-trash":"रद्दीटोकरी","folder-queue":"नपठाइएको","folder-junk":"जङ्क","folder-archives":"सङ्ग्रह","folder-localdrafts":"स्थानीय ड्राफ्टस","toaster-undo":"पूर्वस्थितिमा फर्काउनुहोस्","toaster-retry":"पुन:प्रयास गर्नुहोस्","toaster-message-star":{"_index":["plural","n"],"_":{"one":"१ सन्देश ध्वजा स्थापित","two":"{{ n }} सन्देश ध्वजाहरु स्थापित","few":"{{ n }} सन्देश ध्वजाहरु स्थापित","many":"{{ n }} सन्देश ध्वजाहरु स्थापित","other":"{{ n }} सन्देश ध्वजाहरु स्थापित"}},"toaster-message-unstar":{"_index":["plural","n"],"_":{"one":"१ सन्देश ध्वजा हटाइयो","two":"{{ n }} सन्देशहरुबाट ध्वजा हटाइयो","few":"{{ n }} सन्देशहरुबाट ध्वजा हटाइयो","many":"{{ n }} सन्देशहरुबाट ध्वजा हटाइयो","other":"{{ n }} सन्देशहरुबाट ध्वजा हटाइयो"}},"toaster-message-read":"{{ n }} सन्देशहरुबाट ध्वजा हटाइयो","toaster-message-unread":{"_index":["plural","n"],"_":{"one":"१ सन्देश पढिएको रुपमा चिन्ह लगाइयो","two":"{{ n }} सन्देशहरू नपढिएको रुपमा चिन्ह लगाइयो","few":"{{ n }} सन्देशहरू नपढिएको रुपमा चिन्ह लगाइयो","many":"{{ n }} सन्देशहरू नपढिएको रुपमा चिन्ह लगाइयो","other":"{{ n }} सन्देशहरू नपढिएको रुपमा चिन्ह लगाइयो"}},"toaster-message-move":{"_index":["plural","n"],"_":{"one":"१ सन्देश सारियो","two":"{{ n }} सन्देशहरू सारिए","few":"{{ n }} सन्देशहरू सारिए","many":"{{ n }} सन्देशहरू सारियो","other":"{{ n }} सन्देशहरू सारियो"}},"toaster-message-delete":{"_index":["plural","n"],"_":{"one":"१ सन्देश मेटाइयो","two":"{{ n }} सन्देशहरू मेटाइयो","few":"{{ n }} सन्देशहरू मेटाइए","many":"{{ n }} सन्देशहरू मेटाइयो","other":"{{ n }} सन्देशहरू मेटाइयो"}},"toaster-retryable-syncfailed":"सर्भरमा जडान गर्न अक्षम भयो","form-clear-input":"पाठ हटाउनुहोस्","confirm-dialog-title":"पुष्टि गर्नुहोस्","senders-separation-sign":", ","new-emails":{"_index":["plural","n"],"_":{"one":"१ नयाँ इमेल","two":"{{ n }} वटा नयाँ इमेलहरु","few":"{{ n }} वटा नयाँ इमेलहरु","many":"{{ n }} वटा नयाँ इमेलहरु","other":"{{ n }} वटा नयाँ इमेलहरु"}},"new-emails-notify-one-account":{"_index":["plural","n"],"_":{"one":"१ नयाँ इमेल","two":"{{ n }} नयाँ इमेलहरु","few":"{{ n }} नयाँ इमेलहरु","many":"{{ n }} नयाँ इमेलहरु","other":"{{ n }} नयाँ इमेलहरु"}},"new-emails-notify-multiple-accounts":{"_index":["plural","n"],"_":{"one":"१ नँया इमेल ({{ accountName }})","two":"{{ n }} नँया इमेलहरु ({{ accountName }})","few":"{{ n }} नँया इमेलहरु ({{ accountName }})","many":"{{ n }} नँया इमेलहरु ({{ accountName }})","other":"{{ n }} नँया इमेलहरु ({{ accountName }})"}},"new-emails-notify-multiple-accounts-body":"{{ बाट }} “{{ विषय}}”","weekday-0-long":"आइतबार","weekday-1-long":"सोमबार","weekday-2-long":"मंगलबार","weekday-3-long":"बुधबार","weekday-4-long":"बिहिबार","weekday-5-long":"शुक्रबार","weekday-6-long":"शनिबार","weekday-0-short":"आइत","weekday-1-short":"सोम","weekday-2-short":"मङ्गल","weekday-3-short":"बुध","weekday-4-short":"बिहि","weekday-5-short":"शुक्र","weekday-6-short":"शनि","month-0-long":"जनवरी","month-1-long":"फेब्रुअरी","month-2-long":"ंमार्च","month-3-long":"अप्रिल","month-4-long":"मे","month-5-long":"जुन","month-6-long":"जुलाई","month-7-long":"अगस्ट","month-8-long":"सेप्टेम्बर","month-9-long":"अक्टोबर","month-10-long":"नोभेम्बर","month-11-long":"डिसेम्बर","month-0-genitive":"जनवरी","month-1-genitive":"फेब्रुअरी","month-2-genitive":"ंमार्च","month-3-genitive":"अप्रिल","month-4-genitive":"मे","month-5-genitive":"जुन","month-6-genitive":"जुलाई","month-7-genitive":"अगस्ट","month-8-genitive":"सेप्टेम्बर","month-9-genitive":"अक्टोबर","month-10-genitive":"नोभेम्बर","month-11-genitive":"डिसेम्बर","month-0-short":"जन","month-1-short":"फेब","month-2-short":"मार्च","month-3-short":"अप्रिल","month-4-short":"मे","month-5-short":"जुन","month-6-short":"जुलाई","month-7-short":"अगस्ट","month-8-short":"सेप्टेम्वर","month-9-short":"अक्टुवर","month-10-short":"नोभेम्वर","month-11-short":"डिसेम्वर","minutes-ago-long":{"_index":["plural","value"],"_":{"zero":"भर्खरै","one":"एक मिनेट अगाडि","two":"{{value}} मिनेट अगाडि","few":"{{value}} मिनेट अगाडि","many":"{{value}} मिनेट अगाडि","other":"{{value}} मिनेट अगाडि"}},"hours-ago-long":{"_index":["plural","value"],"_":{"zero":"भर्खरै","one":"एक घन्टा अगाडि","two":"{{value}} घण्टा अगाडि","few":"{{value}} घण्टा अगाडि","many":"{{value}} घण्टा अगाडि","other":"{{value}} घण्टा अगाडि"}},"days-ago-long":{"_index":["plural","value"],"_":{"zero":"आज","one":"हिजो","two":"{{value}} दिन अगाडि","few":"{{value}} दिन अगाडि","many":"{{value}} दिन अगाडि","other":"{{value}} दिन अगाडि"}},"weeks-ago-long":{"_index":["plural","value"],"_":{"zero":"यो हप्ता","one":"गएको हप्ता","two":"{{value}} हप्ता अगाडि","few":"{{value}} हप्ता अगाडि","many":"{{value}} हप्ता अगाडि","other":"{{value}} हप्ता अगाडि"}},"months-ago-long":{"_index":["plural","value"],"_":{"zero":"यो महिना","one":"गएको महिना","two":"{{value}} महिना अगाडि","few":"{{value}} महिना अगाडि","many":"{{value}} महिना अगाडि","other":"{{value}} महिना अगाडि"}},"years-ago-long":{"_index":["plural","value"],"_":{"zero":"यो वर्ष","one":"अघिल्लो वर्ष","two":"{{value}} वर्ष अगाडि","few":"{{value}} वर्ष अगाडि","many":"{{value}} वर्ष अगाडि","other":"{{value}} वर्ष अगाडि"}},"minutes-until-long":{"_index":["plural","value"],"_":{"zero":"अहिले","one":"एक मिनेटमा","two":"{{value}} मिनेटमा","few":"{{value}} मिनेटमा","many":"{{value}} मिनेटमा","other":"{{value}} मिनेटमा"}},"hours-until-long":{"_index":["plural","value"],"_":{"zero":"अहिले","one":"एक घण्टामा","two":"{{value}} घण्टामा","few":"{{value}} घण्टामा","many":"{{value}} घण्टामा","other":"{{value}} घण्टामा"}},"days-until-long":{"_index":["plural","value"],"_":{"zero":"आज","one":"भोलि","two":"{{value}} दिनमा","few":"{{value}} दिनमा","many":"{{value}} दिनमा","other":"{{value}} दिनमा"}},"weeks-until-long":{"_index":["plural","value"],"_":{"zero":"यो हप्ता","one":"पछिल्लो हप्ता","two":"{{value}} हप्तामा","few":"{{value}} हप्तामा","many":"{{value}} हप्तामा","other":"{{value}} हप्तामा"}},"months-until-long":{"_index":["plural","value"],"_":{"zero":"यस महिना","one":"पछिल्लो महिना","two":"{{value}} महिनामा","few":"{{value}} महिनामा","many":"{{value}} महिनामा","other":"{{value}} महिनामा"}},"years-until-long":{"_index":["plural","value"],"_":{"zero":"यस बर्ष","one":"आर्को बर्ष","two":"{{value}} बर्षमा","few":"{{value}} बर्षमा","many":"{{value}} वर्षमा","other":"{{value}} वर्षमा"}},"minutes-ago-short":{"_index":["plural","value"],"_":{"zero":"भर्खरै","other":"{{value}}मिनेट अघि"}},"hours-ago-short":{"_index":["plural","value"],"_":{"zero":"भर्खरै","other":"{{value}}घण्टा अघि"}},"days-ago-short":{"_index":["plural","value"],"_":{"zero":"आज","other":"{{value}}दिन अघि"}},"minutes-until-short":{"_index":["plural","value"],"_":{"zero":"अहिले","other":"{{value}}मिनेटमा"}},"hours-until-short":{"_index":["plural","value"],"_":{"zero":"अहिले","other":"{{value}}घण्टामा"}},"days-until-short":{"_index":["plural","value"],"_":{"zero":"आज","other":"{{value}}दिनमा"}},"incorrectDate":"(गलत मिति)","dateTimeFormat_%c":"%a %b %e %Y %I:%M:%S %p","dateTimeFormat_%x":"%m/%d/%Y","dateTimeFormat_%X":"%I:%M:%S %p","shortTimeFormat":"%I:%M %p","shortDateTimeFormat":"%x %I:%M %p","weekStartsOnMonday":"0","time_am":"ए एम","time_pm":"पी एम"}