{"setup-app-name-header":"Mail","setup-empty-account-prompt":"Nu ai configurat niciun cont pentru a trimite și a primi e-mailuri. Dorești să o faci acum?","setup-pick-service":"Pentru a trimite și a primi e-mailuri, va trebui să configurezi un cont.","setup-account-header3":"Cont nou","setup-info-name":{"placeholder":"Numele tău"},"setup-info-email":{"placeholder":"cineva@exemplu.ro"},"setup-info-password":{"placeholder":"Parolă"},"setup-info-next":"Înainte","setup-progress-wait-msg":"Te rugăm să aștepți cât timp contul este configurat","setup-completed-header":"Configurarea contului","setup-completed-label":"Totul a fost finalizat!","setup-add-another-account":"Adaugă alt cont","setup-show-mail":"Continuă pe mail","setup-error-offline":"Acest dispozitiv este în prezent offline. Conectează-te la o rețea și reîncearcă.","setup-error-bad-user-or-pass2":"Nume de utilizator sau parolă invalide. Verifică greșelile.","setup-error-bad-address":"Adresă de email invalidă. Verifică greșelile.","setup-error-not-authorized":"Serverul a spus că nu ești autorizat să îți creezi un cont","setup-error-pop-server-not-great":"Server nesuportat. Serverul POP3 nu implementează funcțiile necesare.","setup-error-unknown2":"S-a produs o eroare necunoscută. Verifică conexiunea la rețea sau încearcă opțiunea de configurare manuală.","setup-error-needs-app-pass":"Trebuie să folosești o parolă specifică aplicației pe două niveluri pentru conturile Gmail","setup-error-imap-disabled":"Trebuie să activezi IMAP pentru contul tău de Gmail","setup-error-pop3-disabled":"Trebuie să activezi POP3 pentru contul tău de Gmail","setup-error-bad-security":"Nu s-a putut stabili o conexiune securizată cu „{{server}}”. S-ar putea să fie o problemă cu rețeaua ta sau serverul.","setup-error-unresponsive-server":"Nu s-a putut stabili o conexiune cu „{{server}}”. S-ar putea să fie o problemă cu rețeaua.","setup-error-server-problem":"Este o problemă cu serverul „{{server}}”. Reîncearcă mai târziu.","setup-error-no-config-info":"Nu s-a putut configura în mod automat contul tău. Corectează adresa de email sau încearcă opțiunea de configurare manuală.","setup-error-server-maintenance":"Serverul „{{server}}” este offline pentru mentenanță. Reîncearcă mai târziu.","setup-error-account-already-exists":"Acest cont este deja configurat.","setup-manual-config2":"Setare manuală","setup-manual-config-header":"Setare manuală","setup-manual-account-type":"Tip de cont","setup-manual-imap-header":"Setări IMAP","setup-manual-pop3-header":"Setări POP3","setup-manual-smtp-header":"Setări SMTP","setup-manual-activesync-header":"Setări ActiveSync","setup-manual-next":"Înainte","setup-manual-socket":"Tipul socketului","setup-manual-socket-ssl":"SSL","setup-manual-socket-starttls":"STARTTLS","setup-manual-hostname":{"placeholder":"Nume gazdă"},"setup-manual-port":{"placeholder":"Numărul de port"},"setup-manual-username":{"placeholder":"Utilizator"},"setup-manual-activesync-username":{"placeholder":"Domain\\Username"},"setup-bad-password-header":"Parolă greșită!","setup-bad-password":"Nu ne-am putut autentifica pe server. Posibil ca parola să fie greșită?","setup-new-password":{"placeholder":"Parolă nouă"},"setup-fix-password":"Reîncearcă cu parola nouă","setup-gmail-twofactor-header":"Autentificarea pe două niveluri activată","setup-gmail-twofactor-message":"Trebuie să introduci o parolă specifică aplicației mai jos.","setup-gmail-twofactor-fix":"Folosește parola aplicației","setup-gmail-imap-header":"IMAP dezactivat","setup-gmail-imap-message":"Trebuie să activezi IMAP pe contul tău de Gmail","setup-gmail-imap-retry":"Reîncearcă","setup-gmail-pop3-header":"POP3 dezactivat","setup-gmail-pop3-message":"Trebuie să activezi POP3 pe contul tău de Gmail","setup-gmail-pop3-retry":"Reîncearcă","settings-main-header":"Setări de mail","settings-sub-header-account":"Cont","settings-account-name":"Numele tău","settings-account-display-notifications":"Afișează notificări pentru mesaje noi","settings-sub-header-data":"Date","settings-account-check-mail":"Caută mesaje noi","settings-sub-header-server":"Setări pt. server","settings-account-userpass":"Utilizator și parolă","fld-account-picker-last-sync":"Ultima sincronizare:","settings-done":"Gata","settings-account-section":"Conturi","settings-account-add":"Adaugă cont","settings-account-delete":"Șterge contul","settings-account-delete-prompt":"Sigur dorești să stergi contul de mail {{account}}? Va trebui să redescarci mailul dacă recreezi contul.","settings-account-delete-cancel":"Renunță","settings-account-delete-confirm":"Șterge","settings-account-clarify-imap":"{{account-name}} (IMAP)","settings-account-clarify-pop3":"{{account-name}} (POP3)","settings-account-clarify-smtp":"{{account-name}} (SMTP)","settings-general-section":"Setări generale","settings-show-images":"Arată mereu imaginile","settings-download-attachments":"Descarcă atașamentele","settings-check-every-5min":"La fiecare 5 minute","settings-check-every-10min":"La fiecare 10 minute","settings-check-every-15min":"La fiecare 15 minute","settings-check-every-30min":"La fiecare 30 de minute","settings-check-every-60min":"În fiecare oră","settings-check-every-manual":"Manual","settings-check-dynamic":{"_index":["plural","n"],"_":{"zero":"secunde","one":"{{ n }} secunde","two":"{{ n }} secunde","few":"{{ n }} secunde","many":"{{ n }} secunde","other":"{{ n }} secunde"}},"settings-default-account":"Setează ca email implicit","settings-account-type":"Tip de cont","settings-account-credentials":"Acreditări","settings-activesync-label":"Setări ActiveSync","settings-imap-label":"Setări IMAP","settings-pop3-label":"Setări POP3","settings-smtp-label":"Setări SMTP","settings-hostname":"Nume gazdă","settings-port":"Port","settings-username":"Utilizator","settings-password":"Parolă","settings-save":"Salvează","settings-password-empty":"Câmpul destinat parolei nu ar trebui să fie gol","settings-account-synchronize-window":"Zile pentru sincronizare","settings-synchronize-auto":"Automat","settings-synchronize-one-day":"1 zi","settings-synchronize-three-days":"3 zile","settings-synchronize-one-week":"1 săptămână","settings-synchronize-two-weeks":"2 săptămâni","settings-synchronize-one-month":"1 lună","settings-synchronize-all":"Toate mesajele","envelope-from":"De la","envelope-to":"Către","envelope-cc":"CC","envelope-bcc":"Bcc","reader-header":"Citit","compose-header":"Compune mesajul","compose-header-short":"Compune","compose-send":"Trimite","compose-to":"Către","compose-cc":"CC","compose-bcc":"bcc","compose-attachments":{"_index":["plural","n"],"_":{"zero":"Atașamente","one":"{{ n }} atașament","two":"{{ n }} atașamente","few":"{{ n }} atașamente","many":"{{ n }} atașamente","other":"{{ n }} atașamente"}},"compose-subject":"Subiect","compose-draft-save":"Salvează în mesaje nefinalizate local","compose-discard-message":"Înlături emailul?","compose-discard-confirm":"Înlătură","compose-sending-message":"Se trimite emailul","compose-send-message-failed":"Trimiterea emailului a eșuat","composer-attachment-large":"Atașament prea mare","composer-attachments-large":"Atașamente prea mari","compose-attchment-size-exceeded":"Atașamentul selectat este prea mare pentru a fi trimis cu acest mesaj.","compose-attchments-size-exceeded":"Atașamentele selectate sunt prea mari pentru a fi trimise cu acest mesaj. Încearcă să selectezi mai puține fișiere.","dialog-button-ok":"Ok","default-attachment-filename":"atașament{{ n }}","attachment-size-kib":"{{kilobytes}}K","message-attachment-view":{"textContent":"Vezi"},"message-attachment-too-large":"This file is too large to download.","message-no-subject":"(fără subiect)","message-edit-menu-delete":"Șterge","message-edit-delete-confirm":"Ștergi emailul?","message-send-attachment-disabled-confirm":"Atașamentele nu pot fi redirecționate.","message-multiedit-header":{"_index":["plural","n"],"_":{"zero":"Editează","one":"{{ n }} selectate","two":"{{ n }} selectate","few":"{{ n }} selectate","many":"{{ n }} selectate","other":"{{ n }} selectate"}},"browse-to-url-prompt":"Navighezi la adresa web?: {{ url }}","message-download-images":{"_index":["plural","n"],"_":{"one":"Acest email conține o imagine. Clic pentru a descărca.","two":"Acest email conține {{ n }} imagini. Clic pentru a descărca.","few":"Acest email conține {{ n }} imagini. Clic pentru a descărca.","many":"Acest email conține {{ n }} imagini. Clic pentru a descărca.","other":"Acest email conține {{ n }} imagini. Clic pentru a descărca."}},"message-show-external-images":"Arată imaginile externe","message-multiedit-cancel":"Renunță","message-multiedit-delete-confirm":{"_index":["plural","n"],"_":{"one":"Ștergi acest email?","two":"Ștergi cele {{ n }} e-mailuri?","few":"Ștergi cele {{ n }} e-mailuri?","many":"Ștergi cele {{ n }} e-mailuri?","other":"Ștergi cele {{ n }} e-mailuri?"}},"message-large-message-cancel":"Renunță","message-large-message-ok":"Continuă","message-large-message-confirm":"Acest mesaj este mare și poate lua ceva timp pentru a-l descărca.","message-search-from":"De la","message-search-to":"Către","message-search-subject":"Subiect","message-search-body":"Corp","message-search-all":"Toate","message-search-input":{"placeholder":"Caută mail"},"message-search-cancel-accessible":"Anulează căutarea","messages-syncing":"Se încarcă mesajele","messages-sync-more":"Încarcă mai multe mesaje de pe server","messages-folder-empty":"Niciun mail în acest dosar","messages-search-empty":"Nicio potrivire în mesajele stocate local","messages-folder-select":"Selectează dosarul","message-contact-menu-create":"Salvează contactul nou","message-contact-menu-add-existing":"Adaugă la contactul existent","message-contact-menu-view":"Vezi contactul","message-contact-menu-reply":"Răspunde","message-contact-menu-new":"Trimite un e-mail nou","message-reply-menu-reply":"Răspunde","message-reply-menu-reply-all":"Răspunde la toate","message-reply-menu-forward":"Redirecționare","message-reply-menu-cancel":"Renunță","folder-list-header":"Dosare","account-last-synced-label":"Ultima sincronizare:","account-never-synced":"Niciodată","reply-quoting-wrote":"{name} a scris","forward-original-message":"Mesaj original","forward-header-subject":"Subiect","forward-header-date":"Dată","forward-header-from":"De la","forward-header-reply-to":"Răspuns către","forward-header-to":"Către","forward-header-cc":"CC","folder-inbox":"Mesaje primite","folder-sent":"Mesaje trimise","folder-drafts":"Mesaje nefinalizate","folder-trash":"Coș de gunoi","folder-queue":"Mesaje netrimise","folder-junk":"Mesaje nesolicitate","folder-archives":"Arhive","folder-localdrafts":"Nefinalizate local","toaster-undo":"Revocă acțiunea","toaster-retry":"Reîncearcă","toaster-message-star":{"_index":["plural","n"],"_":{"one":"Marcaj stabilit pentru 1 mesaj","two":"Marcaj stabilit pentru {{ n }} mesaje","few":"Marcaj stabilit pentru {{ n }} mesaje","many":"Marcaj stabilit pentru {{ n }} mesaje","other":"Marcaj stabilit pentru {{ n }} mesaje"}},"toaster-message-unstar":{"_index":["plural","n"],"_":{"one":"Marcaj eliminat pentru 1 mesaj","two":"Marcaj eliminat pentru {{ n }} mesaje","few":"Marcaj eliminat pentru {{ n }} mesaje","many":"Marcaj eliminat pentru {{ n }} mesaje","other":"Marcaj eliminat pentru {{ n }} mesaje"}},"toaster-message-read":{"_index":["plural","n"],"_":{"one":"1 mesaj marcat ca citit","two":"{{ n }} mesaje marcate ca citite","few":"{{ n }} mesaje marcate ca citite","many":"{{ n }} mesaje marcate ca citite","other":"{{ n }} mesaje marcate ca citite"}},"toaster-message-unread":{"_index":["plural","n"],"_":{"one":"1 mesaj marcat ca necitit","two":"{{ n }} mesaje marcate ca necitite","few":"{{ n }} mesaje marcate ca necitite","many":"{{ n }} mesaje marcate ca necitite","other":"{{ n }} mesaje marcate ca necitite"}},"toaster-message-move":{"_index":["plural","n"],"_":{"one":"1 mesaj mutat","two":"{{ n }} mesaje mutate","few":"{{ n }} mesaje mutate","many":"{{ n }} mesaje mutate","other":"{{ n }} mesaje mutate"}},"toaster-message-delete":{"_index":["plural","n"],"_":{"one":"1 mesaj șters","two":"{{ n }} mesaje șterse","few":"{{ n }} mesaje șterse","many":"{{ n }} mesaje șterse","other":"{{ n }} mesaje șterse"}},"toaster-retryable-syncfailed":"Nu se poate conecta la server","form-clear-input":"Elimină textul","confirm-dialog-title":"Confirmare","senders-separation-sign":", ","new-emails":{"_index":["plural","n"],"_":{"one":"1 e-mail nou","two":"{{ n }} e-mailuri noi","few":"{{ n }} e-mailuri noi","many":"{{ n }} e-mailuri noi","other":"{{ n }} e-mailuri noi"}},"new-emails-notify-one-account":{"_index":["plural","n"],"_":{"one":"1 e-mail nou","two":"{{ n }} e-mailuri noi","few":"{{ n }} e-mailuri noi","many":"{{ n }} e-mailuri noi","other":"{{ n }} e-mailuri noi"}},"new-emails-notify-multiple-accounts":{"_index":["plural","n"],"_":{"one":"1 email nou ({{ accountName }})","two":"{{ n }} emailuri noi ({{ accountName }})","few":"{{ n }} emailuri noi ({{ accountName }})","many":"{{ n }} emailuri noi ({{ accountName }})","other":"{{ n }} emailuri noi ({{ accountName }})"}},"new-emails-notify-multiple-accounts-body":"{{ from }} „{{ subject }}”","weekday-0-long":"duminică","weekday-1-long":"luni","weekday-2-long":"marți","weekday-3-long":"miercuri","weekday-4-long":"joi","weekday-5-long":"vineri","weekday-6-long":"sâmbătă","weekday-0-short":"dum","weekday-1-short":"lun","weekday-2-short":"mar","weekday-3-short":"mie","weekday-4-short":"joi","weekday-5-short":"vin","weekday-6-short":"sâm","month-0-long":"ianuarie","month-1-long":"februarie","month-2-long":"martie","month-3-long":"aprilie","month-4-long":"mai","month-5-long":"iunie","month-6-long":"iulie","month-7-long":"august","month-8-long":"septembrie","month-9-long":"octombrie","month-10-long":"noiembrie","month-11-long":"decembrie","month-0-genitive":"ianuarie","month-1-genitive":"februarie","month-2-genitive":"martie","month-3-genitive":"aprilie","month-4-genitive":"mai","month-5-genitive":"iunie","month-6-genitive":"iulie","month-7-genitive":"august","month-8-genitive":"septembrie","month-9-genitive":"octombrie","month-10-genitive":"noiembrie","month-11-genitive":"decembrie","month-0-short":"ian","month-1-short":"feb","month-2-short":"mar","month-3-short":"apr","month-4-short":"mai","month-5-short":"iun","month-6-short":"iul","month-7-short":"aug","month-8-short":"sep","month-9-short":"oct","month-10-short":"noi","month-11-short":"dec","minutes-ago-long":{"_index":["plural","value"],"_":{"zero":"chiar acum","one":"acum un minut","two":"acum {{value}} minute","few":"acum {{value}} minute","many":"acum {{value}} minute","other":"acum {{value}} minute"}},"hours-ago-long":{"_index":["plural","value"],"_":{"zero":"chiar acum","one":"acum cu o oră","two":"acum {{value}} ore","few":"acum {{value}} ore","many":"acum {{value}} ore","other":"acum {{value}} ore"}},"days-ago-long":{"_index":["plural","value"],"_":{"zero":"astăzi","one":"ieri","two":"acum {{value}} zile","few":"acum {{value}} zile","many":"acum {{value}} zile","other":"acum {{value}} zile"}},"weeks-ago-long":{"_index":["plural","value"],"_":{"zero":"săptămâna aceasta","one":"săptămâna trecută","two":"acum {{value}} săptămâni","few":"acum {{value}} săptămâni","many":"acum {{value}} săptămâni","other":"acum {{value}} săptămâni"}},"months-ago-long":{"_index":["plural","value"],"_":{"zero":"luna aceasta","one":"luna trecută","two":"acum {{value}} luni","few":"acum {{value}} luni","many":"acum {{value}} luni","other":"acum {{value}} luni"}},"years-ago-long":{"_index":["plural","value"],"_":{"zero":"anul acesta","one":"anul trecut","two":"acum {{value}} ani","few":"acum {{value}} ani","many":"acum {{value}} ani","other":"acum {{value}} ani"}},"minutes-until-long":{"_index":["plural","value"],"_":{"zero":"acum","one":"într-un minut","two":"în {{value}} minute","few":"în {{value}} minute","many":"în {{value}} minute","other":"în {{value}} minute"}},"hours-until-long":{"_index":["plural","value"],"_":{"zero":"acum","one":"într-o oră","two":"în {{value}} ore","few":"în {{value}} ore","many":"în {{value}} ore","other":"în {{value}} ore"}},"days-until-long":{"_index":["plural","value"],"_":{"zero":"astăzi","one":"mâine","two":"în {{value}} zile","few":"în {{value}} zile","many":"în {{value}} zile","other":"în {{value}} zile"}},"weeks-until-long":{"_index":["plural","value"],"_":{"zero":"săptămâna aceasta","one":"săptămâna următoare","two":"în {{value}} săptămâni","few":"în {{value}} săptămâni","many":"în {{value}} săptămâni","other":"în {{value}} săptămâni"}},"months-until-long":{"_index":["plural","value"],"_":{"zero":"luna aceasta","one":"luna următoare","two":"în {{value}} luni","few":"în {{value}} luni","many":"în {{value}} luni","other":"în {{value}} luni"}},"years-until-long":{"_index":["plural","value"],"_":{"zero":"anul acesta","one":"anul următor","two":"în {{value}} ani","few":"în {{value}} ani","many":"în {{value}} ani","other":"în {{value}} ani"}},"minutes-ago-short":{"_index":["plural","value"],"_":{"zero":"chiar acum","other":"acum {{value}} min."}},"hours-ago-short":{"_index":["plural","value"],"_":{"zero":"chiar acum","other":"acum {{value}}h"}},"days-ago-short":{"_index":["plural","value"],"_":{"zero":"astăzi","other":"acum {{value}}z"}},"minutes-until-short":{"_index":["plural","value"],"_":{"zero":"acum","other":"în {{value}}m"}},"hours-until-short":{"_index":["plural","value"],"_":{"zero":"acum","other":"în {{value}}h"}},"days-until-short":{"_index":["plural","value"],"_":{"zero":"astăzi","other":"în {{value}}z"}},"incorrectDate":"(dată incorectă)","dateTimeFormat_%c":"%a, %e %b %Y %H:%M:%S","dateTimeFormat_%x":"%d/%m/%Y","dateTimeFormat_%X":"%H:%M:%S","shortTimeFormat":"%H:%M","shortDateTimeFormat":"%x %H:%M","weekStartsOnMonday":"0","time_am":"AM","time_pm":"PM"}