{"setup-app-name-header":"Posta","setup-empty-account-prompt":"Nuk keni rregulluar dërgimin ose marrjen e email-eve. Do të donit ta bënit këtë tani?","setup-pick-service":"Që të dërgoni dhe merrni email, do t'ju duhet të rregulloni një llogari.","setup-account-header3":"Llogari e Re","setup-info-name":{"placeholder":"Emri juaj"},"setup-info-email":{"placeholder":"dikush@shembull.com"},"setup-info-password":{"placeholder":"Fjalëkalim"},"setup-info-next":"Pasuesi","setup-progress-wait-msg":"Po rregullohet llogaria","setup-completed-header":"Rregullim llogarie poste","setup-completed-label":"Kaq qe!","setup-add-another-account":"Shtoni një llogari tjetër","setup-show-mail":"Vazhdoni te Posta","setup-error-offline":"Kjo pajisje tani është e palidhur. Lidhuni te një rrjet dhe riprovoni.","setup-error-bad-user-or-pass2":"Emër përdoruesi ose fjalëkalim i pavlefshëm. Kontrollojini për gabime shkrimi.","setup-error-bad-address":"Adresë e-mail e pavlefshme. Kontrollojeni për gabime.","setup-error-not-authorized":"Shërbyesi u përgjigj se nuk jeni të autorizuar të krijoni llogari","setup-error-pop-server-not-great":"Shërbyes që nuk mbulohet. Shërbyesi POP3 nuk i ka të sendërtuara veçoritë e kërkuara.","setup-error-unknown2":"Ndodhi një gabim i panjohur. Kontrolloni lidhjen tuaj në rrjet ose provoni mundësinë e formësimit dorazi.","setup-error-needs-app-pass":"Për llogari Gmail two-factor duhet të përdorni një fjalëkalim specifik për zbatimin","setup-error-imap-disabled":"Për llogarinë tuaj Gmail duhet të aktivizoni IMAP-in","setup-error-pop3-disabled":"Për llogarinë tuaj Gmail duhet të aktivizoni POP3-shin","setup-error-bad-security":"Nuk arrin të vendosë një lidhje të sigurt me \"{{server}}\". Mund të ketë ndonjë problem me rrjetin ose shërbyesin tuaj.","setup-error-unresponsive-server":"Nuk arrin të vendosë një lidhje me \"{{server}}\". Mund të ketë ndonjë problem me rrjetin.","setup-error-server-problem":"Ka një problem me shërbyesin \"{{server}}\". Riprovoni më vonë.","setup-error-no-config-info":"Nuk arrin të formësojë vetvetiu llogarinë tuaj. Saktësoni adresën tuaj e-mail ose provoni mundësinë e formësimit dorazi.","setup-error-server-maintenance":"Shërbyesi \"{{server}}\" është jashtë funksionimi, për mirëmbajtje. Riprovoni më vonë.","setup-error-account-already-exists":"Kjo llogari është e formësuar tashmë.","setup-manual-config2":"Rregullim dorazi","setup-manual-config-header":"Rregullim Dorazi","setup-manual-account-type":"Lloj llogarie","setup-manual-imap-header":"Rregullime IMAP-i","setup-manual-pop3-header":"Rregullime POP3-shi","setup-manual-smtp-header":"Rregullime SMTP-je","setup-manual-activesync-header":"Rregullime ActiveSync-u","setup-manual-next":"Pasuesi","setup-manual-socket":"Lloj Socket-i","setup-manual-socket-ssl":"SSL","setup-manual-socket-starttls":"STARTTLS","setup-manual-hostname":{"placeholder":"Strehëemër"},"setup-manual-port":{"placeholder":"Numër Porte"},"setup-manual-username":{"placeholder":"Emër përdoruesi"},"setup-manual-activesync-username":{"placeholder":"Domain\\Username"},"setup-bad-password-header":"Fjalëkalim i gabuar!","setup-bad-password":"Nuk hymë dot te shërbyesi.  Mos ndoshta fjalëkalimi juaj është gabim?","setup-new-password":{"placeholder":"Fjalëkalim i ri"},"setup-fix-password":"Riprovoni me fjalëkalimin e ri","setup-gmail-twofactor-header":"Two-Factor Aktiv","setup-gmail-twofactor-message":"Lypset të jepni më poshtë një fjalëkalim specifik për zbatimin.","setup-gmail-twofactor-fix":"Përdor fjalëkalim zbatimi","setup-gmail-imap-header":"IMAP i Çaktivizuar","setup-gmail-imap-message":"Duhet të aktivizoni IMAP-in te llogaria juaj Gmail ","setup-gmail-imap-retry":"Riprovoni","setup-gmail-pop3-header":"POP3 i Çaktivizuar","setup-gmail-pop3-message":"Duhet të aktivizoni POP3-shin te llogaria juaj Gmail","setup-gmail-pop3-retry":"Riprovoni","settings-main-header":"Rregullime Poste","settings-sub-header-account":"Llogari","settings-account-name":"Emri juaj","settings-account-display-notifications":"Shfaq njoftime për mesazhe të reja","settings-sub-header-data":"Të dhëna","settings-account-check-mail":"Kontrollo për mesazhe të reja","settings-sub-header-server":"Rregullime shërbyesi","settings-account-userpass":"Emër përdoruesi dhe fjalëkalim","fld-account-picker-last-sync":"Njëkohësimi më i ri:","settings-done":"U bë","settings-account-section":"Llogari","settings-account-add":"Shtoni Llogari","settings-account-delete":"Fshini llogari","settings-account-delete-prompt":"Jeni i sigurt se doni të fshihet llogaria juaj e postës {{account}}? Nëse e rikrijoni llogarinë, do t'ju duhet të rishkarkoni postën tuaj.","settings-account-delete-cancel":"Anuloje","settings-account-delete-confirm":"Fshije","settings-account-clarify-imap":"{{account-name}} (IMAP)","settings-account-clarify-pop3":"{{account-name}} (POP3)","settings-account-clarify-smtp":"{{account-name}} (SMTP)","settings-general-section":"Rregullime të përgjithshme","settings-show-images":"Figurat shfaqi përherë","settings-download-attachments":"Bashkëngjitjet shkarkoji","settings-check-every-5min":"Çdo 5 minuta","settings-check-every-10min":"Çdo 10 minuta","settings-check-every-15min":"Çdo 15 minuta","settings-check-every-30min":"Çdo 3o minuta","settings-check-every-60min":"Çdo orë","settings-check-every-manual":"Dorazi","settings-check-dynamic":{"_index":["plural","n"],"_":{"zero":"sekonda","one":"{{ n }} sekondë","two":"{{ n }} sekonda","few":"{{ n }} sekonda","many":"{{ n }} sekonda","other":"{{ n }} sekonda"}},"settings-default-account":"Caktoje si email parazgjedhje","settings-account-type":"Lloj llogarie","settings-account-credentials":"Kredenciale","settings-activesync-label":"Rregullime ActiveSync-u","settings-imap-label":"Rregullime IMAP-i","settings-pop3-label":"Rregullime POP3-shi","settings-smtp-label":"Rregullime SMTP-je","settings-hostname":"Strehëemër","settings-port":"Portë","settings-username":"Emër përdoruesi","settings-password":"Fjalëkalim","settings-save":"Ruaje","settings-password-empty":"Fjalëkalimi nuk duhet lënë i zbrazët","settings-account-synchronize-window":"Ditë për njëkohësim","settings-synchronize-auto":"Vetvetiu","settings-synchronize-one-day":"1 ditë","settings-synchronize-three-days":"3 ditë","settings-synchronize-one-week":"1 javë","settings-synchronize-two-weeks":"2 javë","settings-synchronize-one-month":"1 muaj","settings-synchronize-all":"Krejt mesazhet","envelope-from":"Nga","envelope-to":"Për","envelope-cc":"Cc","envelope-bcc":"Bcc","reader-header":"Lexoni","compose-header":"Hartoni mesazh","compose-header-short":"Hartoni","compose-send":"Dërgoje","compose-to":"Për","compose-cc":"Cc","compose-bcc":"Bcc","compose-attachments":{"_index":["plural","n"],"_":{"zero":"Bashkëngjitje","one":"{{ n }} bashkëngjitje","two":"{{ n }} bashkëngjitje","few":"{{ n }} bashkëngjitje","many":"{{ n }} bashkëngjitje","other":"{{ n }} bashkëngjitje"}},"compose-subject":"Subjekt","compose-draft-save":"Ruaje te Skicat Vendore","compose-discard-message":"Të hidhet tej email-i?","compose-discard-confirm":"Hidhe tej","compose-sending-message":"Email-i po dërgohet","compose-send-message-failed":"Dërgimi i email-it dështoi","composer-attachment-large":"Bashkëngjitje shumë e madhe","composer-attachments-large":"Bashkëngjitje shumë të mëdha","compose-attchment-size-exceeded":"Bashkëngjitja e përzgjedhur është shumë e madhe për dërgim me këtë mesazh.","compose-attchments-size-exceeded":"Bashkëngjitjet e përzgjedhura janë shumë të mëdha për dërgim me këtë mesazh. Provoni të përzgjidhni më pak kartela.","dialog-button-ok":"OK","default-attachment-filename":"bashkëngjitje{{ n }}","attachment-size-kib":"{{kilobytes}}K","message-attachment-view":{"textContent":"Shiheni"},"message-attachment-too-large":"This file is too large to download.","message-no-subject":"(pa subjekt)","message-edit-menu-delete":"Fshije","message-edit-delete-confirm":"Të fshihet mesazhi email?","message-send-attachment-disabled-confirm":"Bashkëngjitjet nuk mund të përcillen.","message-multiedit-header":{"_index":["plural","n"],"_":{"zero":"Përpuno","one":"{{ n }} i përzgjedhur","two":"{{ n }} të përzgjedhur","few":"{{ n }} të përzgjedhur","many":"{{ n }} të përzgjedhur","other":"{{ n }} të përzgjedhur"}},"browse-to-url-prompt":"Të shfletohet te URL-ja?: {{ url }}","message-download-images":{"_index":["plural","n"],"_":{"one":"Ky email përmban një figurë. Klikoni që të shkarkohet.","two":"Ky email përmban {{ n }} figura. Klikoni që të shkarkohen","few":"Ky email përmban {{ n }} figura. Klikoni që të shkarkohen","many":"Ky email përmban {{ n }} figura. Klikoni që të shkarkohen","other":"Ky email përmban {{ n }} figura. Klikoni që të shkarkohen"}},"message-show-external-images":"Shfaq figura të jashtme","message-multiedit-cancel":"Anuloje","message-multiedit-delete-confirm":{"_index":["plural","n"],"_":{"one":"Të fshihet ky mesazh email?","two":"Të fshihen {{ n }} mesazhet email?","few":"Të fshihen {{ n }} mesazhet email?","many":"Të fshihen {{ n }} mesazhet email?","other":"Të fshihen {{ n }} mesazhet email?"}},"message-large-message-cancel":"Anuloje","message-large-message-ok":"Vazhdo","message-large-message-confirm":"Ky mesazh është i madh dhe mund të dojë ca kohë të shkarkohet.","message-search-from":"Nga","message-search-to":"Për","message-search-subject":"Subjekti","message-search-body":"Lënda","message-search-all":"Krejt","message-search-input":{"placeholder":"Kërkoni te Posta"},"message-search-cancel-accessible":"Anuloje kërkimin","messages-syncing":"Po ngarkohen mesazhet","messages-sync-more":"Ngarko më tepër mesazhe prej shërbyesit","messages-folder-empty":"Nuk ka postë në këtë Dosje","messages-search-empty":"Pa përputhje te mesazhe të ruajtur në fshehtinë vendore","messages-folder-select":"Përzgjidhni dosje","message-contact-menu-create":"Ruaje kontaktin e ri","message-contact-menu-add-existing":"Shtoje te kontakt ekzistues","message-contact-menu-view":"Shihni kontaktin","message-contact-menu-reply":"Përgjigjjuni","message-contact-menu-new":"Dërgoni postë të re","message-reply-menu-reply":"Përgjigjiuni","message-reply-menu-reply-all":"Përgjigjiuni të Tërëve","message-reply-menu-forward":"Përcille","message-reply-menu-cancel":"Anuloje","folder-list-header":"Dosje","account-last-synced-label":"Njëkohësuar së fundmi:","account-never-synced":"Kurrë","reply-quoting-wrote":"{name} shkroi","forward-original-message":"Mesazhi origjinal","forward-header-subject":"Subjekt","forward-header-date":"Datë","forward-header-from":"Nga","forward-header-reply-to":"Përgjigjuni-Te","forward-header-to":"Për","forward-header-cc":"Cc","folder-inbox":"Të marra","folder-sent":"Të dërguara","folder-drafts":"Skica","folder-trash":"Hedhurina","folder-queue":"Të padërguara","folder-junk":"Të pavlera","folder-archives":"Arkiva","folder-localdrafts":"Skica Vendore","toaster-undo":"Zhbëje","toaster-retry":"Riprovoni","toaster-message-star":{"_index":["plural","n"],"_":{"one":"Iu vu shenjë 1 mesazhi","two":"Iu vu shenjë {{ n }} mesazheve","few":"Iu vu shenjë {{ n }} mesazheve","many":"Iu vu shenjë {{ n }} mesazheve","other":"Iu vu shenjë {{ n }} mesazheve"}},"toaster-message-unstar":{"_index":["plural","n"],"_":{"one":"Iu hoq shenja 1 mesazhi","two":"Iu hoq shenja {{ n }} mesazheve","few":"Iu hoq shenja {{ n }} mesazheve","many":"Iu hoq shenja {{ n }} mesazheve","other":"Iu hoq shenja {{ n }} mesazheve"}},"toaster-message-read":{"_index":["plural","n"],"_":{"one":"U shënua si i lexuar 1 mesazh","two":"U shënuan si të lexuar {{ n }} mesazhe","few":"U shënuan si të lexuar {{ n }} mesazhe","many":"U shënuan si të lexuar {{ n }} mesazhe","other":"U shënuan si të lexuar {{ n }} mesazhe"}},"toaster-message-unread":{"_index":["plural","n"],"_":{"one":"U shënua si i palexuar 1 mesazh","two":"U shënuan si të palexuar {{ n }} mesazhe","few":"U shënuan si të palexuar {{ n }} mesazhe","many":"U shënuan si të palexuar {{ n }} mesazhe","other":"U shënuan si të palexuar {{ n }} mesazhe"}},"toaster-message-move":{"_index":["plural","n"],"_":{"one":"U hoq 1 mesazh","two":"U hoqën {{ n }} mesazhe","few":"U hoqën {{ n }} mesazhe","many":"U hoqën {{ n }} mesazhe","other":"U hoqën {{ n }} mesazhe"}},"toaster-message-delete":{"_index":["plural","n"],"_":{"one":"U fshi 1 mesazh","two":"U fshinë {{ n }} mesazhe","few":"U fshinë {{ n }} mesazhe","many":"U fshinë {{ n }} mesazhe","other":"U fshinë {{ n }} mesazhe"}},"toaster-retryable-syncfailed":"Nuk arrin të lidhet me shërbyesin","form-clear-input":"Hiqe tekstin","confirm-dialog-title":"Ripohim","senders-separation-sign":", ","new-emails":{"_index":["plural","n"],"_":{"one":"1 Email i Ri","two":"{{ n }} Email-e të Rinj","few":"{{ n }} Email-e të Rinj","many":"{{ n }} Email-e të Rinj","other":"{{ n }} Email-e të Rinj"}},"new-emails-notify-one-account":{"_index":["plural","n"],"_":{"one":"1 Email i Ri","two":"{{ n }} Email-e të Rinj","few":"{{ n }} Email-e të Rinj","many":"{{ n }} Email-e të Rinj","other":"{{ n }} Email-e të Rinj"}},"new-emails-notify-multiple-accounts":{"_index":["plural","n"],"_":{"one":"1 Email i Ri te ({{ accountName }})","two":"{{ n }} Email-e të Rinj te ({{ accountName }})","few":"{{ n }} Email-e të Rinj te ({{ accountName }})","many":"{{ n }} Email-e të Rinj te ({{ accountName }})","other":"{{ n }} Email-e të Rinj te ({{ accountName }})"}},"new-emails-notify-multiple-accounts-body":"{{ from }} “{{ subject }}”","weekday-0-long":"E diel","weekday-1-long":"E hënë","weekday-2-long":"E martë","weekday-3-long":"E mërkurë","weekday-4-long":"E enjte","weekday-5-long":"E premte","weekday-6-long":"E shtunë","weekday-0-short":"Die","weekday-1-short":"Hën","weekday-2-short":"Mar","weekday-3-short":"Mër","weekday-4-short":"Enj","weekday-5-short":"Pre","weekday-6-short":"Sht","month-0-long":"Janar","month-1-long":"Shkurt","month-2-long":"Mars","month-3-long":"Prill","month-4-long":"Maj","month-5-long":"Qershor","month-6-long":"Korrik","month-7-long":"Gusht","month-8-long":"Shtator","month-9-long":"Tetor","month-10-long":"Nëntor","month-11-long":"Dhjetor","month-0-genitive":"të Janarit","month-1-genitive":"të Shkurtit","month-2-genitive":"të Marsit","month-3-genitive":"të Prillit","month-4-genitive":"të Majit","month-5-genitive":"të Qershorit","month-6-genitive":"të Korrikut","month-7-genitive":"të Gushtit","month-8-genitive":"të Shtatorit","month-9-genitive":"të Tetorit","month-10-genitive":"të Nëntorit","month-11-genitive":"të Dhjetorit","month-0-short":"Jan","month-1-short":"Shk","month-2-short":"Mar","month-3-short":"Pri","month-4-short":"Maj","month-5-short":"Qer","month-6-short":"Kor","month-7-short":"Gus","month-8-short":"Sht","month-9-short":"Tet","month-10-short":"Nën","month-11-short":"Dhj","minutes-ago-long":{"_index":["plural","value"],"_":{"zero":"mu tani","one":"një minutë më parë","two":"{{value}} minuta më parë","few":"{{value}} minuta më parë","many":"{{value}} minuta më parë","other":"{{value}} minuta më parë"}},"hours-ago-long":{"_index":["plural","value"],"_":{"zero":"mu tani","one":"një orë më parë","two":"{{value}} orë më parë","few":"{{value}} orë më parë","many":"{{value}} orë më parë","other":"{{value}} orë më parë"}},"days-ago-long":{"_index":["plural","value"],"_":{"zero":"sot","one":"dje","two":"{{value}} ditë më parë","few":"{{value}} ditë më parë","many":"{{value}} ditë më parë","other":"{{value}} ditë më parë"}},"weeks-ago-long":{"_index":["plural","value"],"_":{"zero":"këtë javë","one":"javën e kaluar","two":"{{value}} javë më parë","few":"{{value}} javë më parë","many":"{{value}} javë më parë","other":"{{value}} javë më parë"}},"months-ago-long":{"_index":["plural","value"],"_":{"zero":"këtë muaj","one":"muajin e kaluar","two":"{{value}} muaj më parë","few":"{{value}} muaj më parë","many":"{{value}} muaj më parë","other":"{{value}} muaj më parë"}},"years-ago-long":{"_index":["plural","value"],"_":{"zero":"këtë vit","one":"vitin e kaluar","two":"{{value}} vite më parë","few":"{{value}} vite më parë","many":"{{value}} vite më parë","other":"{{value}} vite më parë"}},"minutes-until-long":{"_index":["plural","value"],"_":{"zero":"tani","one":"për një minutë","two":"për {{value}} minuta","few":"për {{value}} minuta","many":"për {{value}} minuta","other":"për {{value}} minuta"}},"hours-until-long":{"_index":["plural","value"],"_":{"zero":"tani","one":"për një orë","two":"për {{value}} orë","few":"për {{value}} orë","many":"për {{value}} orë","other":"për {{value}} orë"}},"days-until-long":{"_index":["plural","value"],"_":{"zero":"sot","one":"nesër","two":"për {{value}} ditë","few":"për {{value}} ditë","many":"për {{value}} ditë","other":"për {{value}} ditë"}},"weeks-until-long":{"_index":["plural","value"],"_":{"zero":"këtë javë","one":"javën pasuese","two":"për {{value}} javë","few":"për {{value}} javë","many":"për {{value}} javë","other":"për {{value}} javë"}},"months-until-long":{"_index":["plural","value"],"_":{"zero":"këtë muaj","one":"muajin pasues","two":"për {{value}} muaj","few":"për {{value}} muaj","many":"për {{value}} muaj","other":"për {{value}} muaj"}},"years-until-long":{"_index":["plural","value"],"_":{"zero":"këtë vit","one":"vitin pasues","two":"për {{value}} vjet","few":"për {{value}} vjet","many":"për {{value}} vjet","other":"për {{value}} vjet"}},"minutes-ago-short":{"_index":["plural","value"],"_":{"zero":"mu tani","other":"{{value}}m më parë"}},"hours-ago-short":{"_index":["plural","value"],"_":{"zero":"mu tani","other":"{{value}}h më parë"}},"days-ago-short":{"_index":["plural","value"],"_":{"zero":"sot","other":"{{value}}d më parë"}},"minutes-until-short":{"_index":["plural","value"],"_":{"zero":"tani","other":"për {{value}}m"}},"hours-until-short":{"_index":["plural","value"],"_":{"zero":"tani","other":"për {{value}}h"}},"days-until-short":{"_index":["plural","value"],"_":{"zero":"sot","other":"për {{value}}d"}},"incorrectDate":"(datë e pasaktë)","dateTimeFormat_%c":"%a %e %b %Y %I:%M:%S %p","dateTimeFormat_%x":"%m/%d/%Y","dateTimeFormat_%X":"%I:%M:%S %p","shortTimeFormat":"%I:%M %p","shortDateTimeFormat":"%x %I:%M %p","weekStartsOnMonday":"0","time_am":"AM","time_pm":"PM"}