{"setup-app-name-header":"E-post","setup-empty-account-prompt":"Du har inte skapat ett konto för att skicka och ta emot e-post. Vill du göra det nu?","setup-pick-service":"För att skicka och ta emot e-post, måste du skapa ett konto.","setup-account-header3":"Nytt konto","setup-info-name":{"placeholder":"Ditt namn"},"setup-info-email":{"placeholder":"someone@example.com"},"setup-info-password":{"placeholder":"Lösenord"},"setup-info-next":"Nästa","setup-progress-wait-msg":"Konfigurerar konto","setup-completed-header":"Kontoinställningar e-post","setup-completed-label":"Allt klart!","setup-add-another-account":"Lägg till ett annat konto","setup-show-mail":"Fortsätt till e-post","setup-error-offline":"Denna enhet är för närvarande offline. Anslut till internet och försök igen.","setup-error-bad-user-or-pass2":"Ogiltigt användarnamn eller lösenord. Kontrollera skrivfel.","setup-error-bad-address":"Ogiltig e-postadress. Kontrollera skrivfel.","setup-error-not-authorized":"Servern sa att du inte har behörighet att skapa ett konto","setup-error-pop-server-not-great":"Servern stöds ej. POP3-servern tillämpar inte nödvändiga funktioner.","setup-error-unknown2":"Ett okänt fel uppstod. Kontrollera din nätverksanslutning eller prova alternativet manuell konfiguration.","setup-error-needs-app-pass":"Du måste använda ett programspecifikt lösenord för att tvåstegsverifiera Gmail-konto","setup-error-imap-disabled":"Du måste aktivera IMAP för ditt Gmail-konto","setup-error-pop3-disabled":"Du måste aktivera POP3 för ditt Gmail-konto","setup-error-bad-security":"Det gick inte att upprätta en säker anslutning med \"{{server}}\". Det kan vara problem med nätverket eller servern.","setup-error-unresponsive-server":"Det gick inte att upprätta en anslutning med \"{{server}}\". Det kan finnas ett problem med nätverket.","setup-error-server-problem":"Det finns ett problem med servern \"{{server}}\". Försök igen senare.","setup-error-no-config-info":"Det gick inte att automatiskt konfigurera ditt konto. Rätta till din e-postadress eller prova alternativet manuell konfiguration.","setup-error-server-maintenance":"Servern \"{{server}}\" är offline för underhåll. Försök igen senare.","setup-error-account-already-exists":"Kontot är redan konfigurerat.","setup-manual-config2":"Manuell konfiguration","setup-manual-config-header":"Manuell konfiguration","setup-manual-account-type":"Kontotyp","setup-manual-imap-header":"IMAP inställningar","setup-manual-pop3-header":"POP3 inställningar","setup-manual-smtp-header":"SMTP inställningar","setup-manual-activesync-header":"ActiveSync inställningar","setup-manual-next":"Nästa","setup-manual-socket":"Socket typ","setup-manual-socket-ssl":"SSL","setup-manual-socket-starttls":"STARTTLS","setup-manual-hostname":{"placeholder":"Värdnamn"},"setup-manual-port":{"placeholder":"Portnummer"},"setup-manual-username":{"placeholder":"Användarnamn"},"setup-manual-activesync-username":{"placeholder":"Domain\\Username"},"setup-bad-password-header":"Felaktigt lösenord!","setup-bad-password":"Vi kunde inte logga in på servern. Kanske är ditt lösenord fel?","setup-new-password":{"placeholder":"Nytt lösenord"},"setup-fix-password":"Försök igen med nytt lösenord","setup-gmail-twofactor-header":"Tvåvägsverifiering aktiverad","setup-gmail-twofactor-message":"Du måste ange ett programspecifikt lösenord nedan.","setup-gmail-twofactor-fix":"Använd programspecifikt lösenord","setup-gmail-imap-header":"IMAP inaktiverat","setup-gmail-imap-message":"Du måste aktivera IMAP på ditt Gmail-konto","setup-gmail-imap-retry":"Försök igen","setup-gmail-pop3-header":"POP3 inaktiverad","setup-gmail-pop3-message":"Du måste aktivera POP3 på ditt Gmail-konto","setup-gmail-pop3-retry":"Försök igen","settings-main-header":"E-postinställningar","settings-sub-header-account":"Konto","settings-account-name":"Ditt namn","settings-account-display-notifications":"Visa aviseringar om nya meddelanden","settings-sub-header-data":"Data","settings-account-check-mail":"Hämta nya meddelanden","settings-sub-header-server":"Serverinställningar","settings-account-userpass":"Användarnamn och lösenord","fld-account-picker-last-sync":"Senaste synk:","settings-done":"Klar","settings-account-section":"Konton","settings-account-add":"Lägg till konto","settings-account-delete":"Ta bort konto","settings-account-delete-prompt":"Är du säker på att du vill ta bort ditt e-postkonto {{konto}}? Du måste hämta din e-post igen om du återskapar kontot. ","settings-account-delete-cancel":"Avbryt","settings-account-delete-confirm":"Ta bort","settings-account-clarify-imap":"{{account-name}} (IMAP)","settings-account-clarify-pop3":"{{account-name}} (POP3)","settings-account-clarify-smtp":"{{account-name}} (SMTP)","settings-general-section":"Allmänna inställningar","settings-show-images":"Visa alltid bilder","settings-download-attachments":"Ladda ner bilagor","settings-check-every-5min":"Var 5:e minut","settings-check-every-10min":"Var 10:e minut","settings-check-every-15min":"Var 15:e minut","settings-check-every-30min":"Var 30:e minut","settings-check-every-60min":"Varje timme","settings-check-every-manual":"Manuellt","settings-check-dynamic":{"_index":["plural","n"],"_":{"zero":"sekunder","one":"{{ n }} sekunder","two":"{{ n }} sekunder","few":"{{ n }} sekunder","many":"{{ n }} sekunder","other":"{{ n }} sekunder"}},"settings-default-account":"Standardkonto","settings-account-type":"Kontotyp","settings-account-credentials":"Inloggningsuppgifter","settings-activesync-label":"ActiveSync inställningar","settings-imap-label":"IMAP inställningar","settings-pop3-label":"POP3 inställningar","settings-smtp-label":"SMTP inställningar","settings-hostname":"Värdnamn","settings-port":"Port","settings-username":"Användarnamn","settings-password":"Lösenord","settings-save":"Spara","settings-password-empty":"Lösenordet bör inte vara tomt","settings-account-synchronize-window":"Dagar till synk","settings-synchronize-auto":"Automatisk","settings-synchronize-one-day":"1 dag","settings-synchronize-three-days":"3 dagar","settings-synchronize-one-week":"1 vecka","settings-synchronize-two-weeks":"2 veckor","settings-synchronize-one-month":"1 månad","settings-synchronize-all":"Alla meddelanden","envelope-from":"Från","envelope-to":"Till","envelope-cc":"Kopia","envelope-bcc":"Dold kopia","reader-header":"Läs","compose-header":"Skapa meddelande","compose-header-short":"Skriv","compose-send":"Skicka","compose-to":"Till","compose-cc":"kopia","compose-bcc":"dold kopia","compose-attachments":{"_index":["plural","n"],"_":{"zero":"Bilagor","one":"{{ n }} bilaga","two":"{{ n }} bilagor","few":"{{ n }} bilagor","many":"{{ n }} bilagor","other":"{{ n }} bilagor"}},"compose-subject":"Ämne","compose-draft-save":"Spara till lokala utkast","compose-discard-message":"Släng e-post?","compose-discard-confirm":"Släng","compose-sending-message":"Skickar e-post","compose-send-message-failed":"Skicka e-post misslyckades","composer-attachment-large":"Bilagan är för stor","composer-attachments-large":"Bilagorna är för stora","compose-attchment-size-exceeded":"Vald bilaga är för stor för att skicka med meddelandet.","compose-attchments-size-exceeded":"Valda bilagor är för stora att skicka med meddelandet. Prova att välja färre filer.","dialog-button-ok":"OK","default-attachment-filename":"bilaga{{ n }}","attachment-size-kib":"{{kilobytes}}kB","message-attachment-view":{"textContent":"Visa"},"message-attachment-too-large":"This file is too large to download.","message-no-subject":"(inget ämne)","message-edit-menu-delete":"Ta bort","message-edit-delete-confirm":"Ta bort e-postmeddelande?","message-send-attachment-disabled-confirm":"Bilagor kan inte vidarebefordras.","message-multiedit-header":{"_index":["plural","n"],"_":{"zero":"Redigera","one":"{{ n }} markerad","two":"{{ n }} markerade","few":"{{ n }} markerade","many":"{{ n }} markerade","other":"{{ n }} markerade"}},"browse-to-url-prompt":"Surfa till URL?: {{ url }}","message-download-images":{"_index":["plural","n"],"_":{"one":"E-postmeddelandet innehåller en bild. Klicka för att hämta.","two":"E-postmeddelandet innehåller {{ n }} bilder. Klicka för att hämta.","few":"E-postmeddelandet innehåller {{ n }} bilder. Klicka för att hämta.","many":"E-postmeddelandet innehåller {{ n }} bilder. Klicka för att hämta.","other":"E-postmeddelandet innehåller {{ n }} bilder. Klicka för att hämta."}},"message-show-external-images":"Visa externa bilder","message-multiedit-cancel":"Avbryt","message-multiedit-delete-confirm":{"_index":["plural","n"],"_":{"one":"Ta bort e-postmeddelandet?","two":"Ta bort {{ n }} e-postmeddelanden?","few":"Ta bort {{ n }} e-postmeddelanden?","many":"Ta bort {{ n }} e-postmeddelanden?","other":"Ta bort {{ n }} e-postmeddelanden?"}},"message-large-message-cancel":"Avbryt","message-large-message-ok":"Fortsätt","message-large-message-confirm":"Meddelandet är stort och kan ta lite tid att hämta.","message-search-from":"Från","message-search-to":"Till","message-search-subject":"Ämne","message-search-body":"Meddelandetext","message-search-all":"Alla","message-search-input":{"placeholder":"Sök e-post"},"message-search-cancel-accessible":"Avbryt sökning","messages-syncing":"Hämtar meddelanden","messages-sync-more":"Hämta fler meddelanden från servern","messages-folder-empty":"Inga e-post i mappen","messages-search-empty":"Ingen träff i lokalt lagrade meddelanden","messages-folder-select":"Välj mapp","message-contact-menu-create":"Spara ny kontakt","message-contact-menu-add-existing":"Lägg till i befintlig kontakt","message-contact-menu-view":"Visa kontakt","message-contact-menu-reply":"Svara","message-contact-menu-new":"Skicka ny e-post","message-reply-menu-reply":"Svara","message-reply-menu-reply-all":"Svara alla","message-reply-menu-forward":"Vidarebefordra","message-reply-menu-cancel":"Avbryt","folder-list-header":"Mappar","account-last-synced-label":"Senaste synk:","account-never-synced":"Aldrig","reply-quoting-wrote":"{name} skrev","forward-original-message":"Ursprungligt meddelande","forward-header-subject":"Ämne","forward-header-date":"Datum","forward-header-from":"Från","forward-header-reply-to":"Svar-till","forward-header-to":"Till","forward-header-cc":"Kopia","folder-inbox":"Inkorgen","folder-sent":"Skickat","folder-drafts":"Utkast","folder-trash":"Papperskorgen","folder-queue":"Utkorgen","folder-junk":"Skräp","folder-archives":"Arkiv","folder-localdrafts":"Lokala utkast","toaster-undo":"Ångra","toaster-retry":"Försök igen","toaster-message-star":{"_index":["plural","n"],"_":{"one":"1 meddelande märkt","two":"{{ n }} meddelanden märkt","few":"{{ n }} meddelanden märkt","many":"{{ n }} meddelanden märkt","other":"{{ n }} meddelanden märkt"}},"toaster-message-unstar":{"_index":["plural","n"],"_":{"one":"1 meddelande ej märkt","two":"{{ n }} meddelanden ej märkta","few":"{{ n }} meddelanden ej märkta","many":"{{ n }} meddelanden ej märkta","other":"{{ n }} meddelanden ej märkta"}},"toaster-message-read":{"_index":["plural","n"],"_":{"one":"1 meddelande markerat som läst","two":"{{ n }} meddelanden markerade som lästa","few":"{{ n }} meddelanden markerade som lästa","many":"{{ n }} meddelanden markerade som lästa","other":"{{ n }} meddelanden markerade som lästa"}},"toaster-message-unread":{"_index":["plural","n"],"_":{"one":"1 meddelande markerat som oläst","two":"{{ n }} meddelanden markerade som olästa","few":"{{ n }} meddelanden markerade som olästa","many":"{{ n }} meddelanden markerade som olästa","other":"{{ n }} meddelanden markerade som olästa"}},"toaster-message-move":{"_index":["plural","n"],"_":{"one":"1 meddelande flyttat","two":"{{ n }} meddelanden flyttade","few":"{{ n }} meddelanden flyttade","many":"{{ n }} meddelanden flyttade","other":"{{ n }} meddelanden flyttade"}},"toaster-message-delete":{"_index":["plural","n"],"_":{"one":"1 meddelande raderat","two":"{{ n }} meddelanden raderade","few":"{{ n }} meddelanden raderade","many":"{{ n }} meddelanden raderade","other":"{{ n }} meddelanden raderade"}},"toaster-retryable-syncfailed":"Kan inte ansluta till servern","form-clear-input":"Ta bort text","confirm-dialog-title":"Bekräftelse","senders-separation-sign":", ","new-emails":{"_index":["plural","n"],"_":{"one":"1 nytt e-postmeddelande","two":"{{ n }} nya e-postmeddelanden","few":"{{ n }} nya e-postmeddelanden","many":"{{ n }} nya e-postmeddelanden","other":"{{ n }} nya e-postmeddelanden"}},"new-emails-notify-one-account":{"_index":["plural","n"],"_":{"one":"1 nytt e-postmeddelande","two":"{{ n }} nya e-postmeddelanden","few":"{{ n }} nya e-postmeddelanden","many":"{{ n }} nya e-postmeddelanden","other":"{{ n }} nya e-postmeddelanden"}},"new-emails-notify-multiple-accounts":{"_index":["plural","n"],"_":{"one":"1 nytt e-postmeddelande ({{ accountName }})","two":"{{ n }} nya e-postmeddelanden ({{ accountName }})","few":"{{ n }} nya e-postmeddelanden ({{ accountName }})","many":"{{ n }} nya e-postmeddelanden ({{ accountName }})","other":"{{ n }} nya e-postmeddelanden ({{ accountName }})"}},"new-emails-notify-multiple-accounts-body":"{{ from }} “{{ subject }}”","weekday-0-long":"Söndag","weekday-1-long":"Måndag","weekday-2-long":"Tisdag","weekday-3-long":"Onsdag","weekday-4-long":"Torsdag","weekday-5-long":"Fredag","weekday-6-long":"Lördag","weekday-0-short":"Sön","weekday-1-short":"Mån","weekday-2-short":"Tis","weekday-3-short":"Ons","weekday-4-short":"Tor","weekday-5-short":"Fre","weekday-6-short":"Lör","month-0-long":"Januari","month-1-long":"Februari","month-2-long":"Mars","month-3-long":"April","month-4-long":"Maj","month-5-long":"Juni","month-6-long":"Juli","month-7-long":"Augusti","month-8-long":"September","month-9-long":"Oktober","month-10-long":"November","month-11-long":"December","month-0-genitive":"Januari","month-1-genitive":"Februari","month-2-genitive":"Mars","month-3-genitive":"April","month-4-genitive":"Maj","month-5-genitive":"Juni","month-6-genitive":"Juli","month-7-genitive":"Augusti","month-8-genitive":"September","month-9-genitive":"Oktober","month-10-genitive":"November","month-11-genitive":"December","month-0-short":"Jan","month-1-short":"Feb","month-2-short":"Mar","month-3-short":"Apr","month-4-short":"Maj","month-5-short":"Jun","month-6-short":"Jul","month-7-short":"Aug","month-8-short":"Sep","month-9-short":"Okt","month-10-short":"Nov","month-11-short":"Dec","minutes-ago-long":{"_index":["plural","value"],"_":{"zero":"nyss","one":"en minut sen","two":"{{value}} minuter sen","few":"{{value}} minuter sen","many":"{{value}} minuter sen","other":"{{value}} minuter sen"}},"hours-ago-long":{"_index":["plural","value"],"_":{"zero":"nyss","one":"en timme sen","two":"{{value}} timmar sen","few":"{{value}} timmar sen","many":"{{value}} timmar sen","other":"{{value}} timmar sen"}},"days-ago-long":{"_index":["plural","value"],"_":{"zero":"idag","one":"igår","two":"{{value}} dagar sen","few":"{{value}} dagar sen","many":"{{value}} dagar sen","other":"{{value}} dagar sen"}},"weeks-ago-long":{"_index":["plural","value"],"_":{"zero":"denna vecka","one":"förra veckan","two":"{{value}} veckor sen","few":"{{value}} veckor sen","many":"{{value}} veckor sen","other":"{{value}} veckor sen"}},"months-ago-long":{"_index":["plural","value"],"_":{"zero":"denna månad","one":"förra månaden","two":"{{value}} månader sen","few":"{{value}} månader sen","many":"{{value}} månader sen","other":"{{value}} månader sen"}},"years-ago-long":{"_index":["plural","value"],"_":{"zero":"detta år","one":"förra året","two":"{{value}} år sen","few":"{{value}} år sen","many":"{{value}} år sen","other":"{{value}} år sen"}},"minutes-until-long":{"_index":["plural","value"],"_":{"zero":"nu","one":"om en minut","two":"om {{value}} minuter","few":"om {{value}} minuter","many":"om {{value}} minuter","other":"om {{value}} minuter"}},"hours-until-long":{"_index":["plural","value"],"_":{"zero":"nu","one":"om en timme","two":"om {{value}} timmar","few":"om {{value}} timmar","many":"om {{value}} timmar","other":"om {{value}} timmar"}},"days-until-long":{"_index":["plural","value"],"_":{"zero":"idag","one":"imorgon","two":"om {{value}} dagar","few":"om {{value}} dagar","many":"om {{value}} dagar","other":"om {{value}} dagar"}},"weeks-until-long":{"_index":["plural","value"],"_":{"zero":"denna vecka","one":"nästa vecka","two":"om {{value}} veckor","few":"om {{value}} veckor","many":"om {{value}} veckor","other":"om {{value}} veckor"}},"months-until-long":{"_index":["plural","value"],"_":{"zero":"denna månad","one":"nästa månad","two":"om {{value}} månader","few":"om {{value}} månader","many":"om {{value}} månader","other":"om {{value}} månader"}},"years-until-long":{"_index":["plural","value"],"_":{"zero":"detta år","one":"nästa år","two":"om {{value}} år","few":"om {{value}} år","many":"om {{value}} år","other":"om {{value}} år"}},"minutes-ago-short":{"_index":["plural","value"],"_":{"zero":"nyss","other":"{{value}}min sen"}},"hours-ago-short":{"_index":["plural","value"],"_":{"zero":"nyss","other":"{{value}}tim. sen"}},"days-ago-short":{"_index":["plural","value"],"_":{"zero":"idag","other":"{{value}}dygn sen"}},"minutes-until-short":{"_index":["plural","value"],"_":{"zero":"nu","other":"om {{value}}min"}},"hours-until-short":{"_index":["plural","value"],"_":{"zero":"nu","other":"om {{value}}tim."}},"days-until-short":{"_index":["plural","value"],"_":{"zero":"idag","other":"om {{value}}dygn"}},"incorrectDate":"(felaktigt datum)","dateTimeFormat_%c":"%a %e %b %Y %H:%M:%S","dateTimeFormat_%x":"%d/%m/%Y","dateTimeFormat_%X":"%H:%M:%S","shortTimeFormat":"%H:%M","shortDateTimeFormat":"%x %H:%M","weekStartsOnMonday":"1","time_am":"AM","time_pm":"PM"}