{"setup-app-name-header":"Posta","setup-empty-account-prompt":"E-posta göndermek ve almak kurulum yapmadınız. Bunu şimdi yapmak ister misiniz?","setup-pick-service":"E-posta göndermek ve almak için bir hesap kurmanız gerekir.","setup-account-header3":"Yeni Hesap","setup-info-name":{"placeholder":"Adınız"},"setup-info-email":{"placeholder":"birisi@ornek.com"},"setup-info-password":{"placeholder":"Parola"},"setup-info-next":"İleri","setup-progress-wait-msg":"Hesap kuruluyor","setup-completed-header":"Posta hesabı kurulumu","setup-completed-label":"İşlem tamam!","setup-add-another-account":"Başka bir hesap ekle","setup-show-mail":"Posta'ya devam et","setup-error-offline":"Bu aygıt şu anda çevrimdışı. Bir ağa bağlanıp tekrar deneyin.","setup-error-bad-user-or-pass2":"Geçersiz kullanıcı adı veya parola. Yazım hatalarını denetleyin.","setup-error-bad-address":"Geçersiz e-posta adresi. Yazım hatalarını kontrol edin.","setup-error-not-authorized":"Sunucu bir hesap oluşturmaya izniniz olmadığını bildirdi","setup-error-pop-server-not-great":"Sunucu desteklenmiyor. POP3 sunucusu gerekli özelliklere sahip değil.","setup-error-unknown2":"Bilinmeyen bir hata oluştu. Ağ bağlantınızı denetleyin veya elle yapılandırma seçeneğini deneyin.","setup-error-needs-app-pass":"İki faktörlü Gmail hesapları için uygulamaya özel bir parola kullanmalısınız","setup-error-imap-disabled":"Gmail hesabınız için IMAP'i etkinleştirmelisiniz","setup-error-pop3-disabled":"Gmail hesabınız için POP3'ü etkinleştirmelisiniz","setup-error-bad-security":"\"{{server}}\" ile güvenli bir bağlantı kurulamadı. Ağınızla veya sunucunuzla ilgili bir sorun olabilir.","setup-error-unresponsive-server":"\"{{server}}\" ile güvenli bir bağlantı kurulamadı. Ağ ile ilgili bir sorun olabilir.","setup-error-server-problem":"\"{{server}}\" sunucusuyla ilgili bir sorun var. Daha sonra tekrar deneyin.","setup-error-no-config-info":"Hesabınız otomatik olarak yapılandırılamadı. E-posta adresinizi düzeltin veya elle yapılandırma seçeneğini deneyin.","setup-error-server-maintenance":"\"{{server}}\" sunucusu bakım nedeniyle çevrimdışı. Daha sonra tekrar deneyin.","setup-error-account-already-exists":"Bu hesap zaten yapılandırılmış.","setup-manual-config2":"Elle kurulum","setup-manual-config-header":"Elle Kurulum","setup-manual-account-type":"Hesap türü","setup-manual-imap-header":"IMAP ayarları","setup-manual-pop3-header":"POP3 ayarları","setup-manual-smtp-header":"SMTP ayarları","setup-manual-activesync-header":"ActiveSync ayarları","setup-manual-next":"İleri","setup-manual-socket":"Soket Türü","setup-manual-socket-ssl":"SSL","setup-manual-socket-starttls":"STARTTLS","setup-manual-hostname":{"placeholder":"Sunucu adı"},"setup-manual-port":{"placeholder":"Port Numarası"},"setup-manual-username":{"placeholder":"Kullanıcı adı"},"setup-manual-activesync-username":{"placeholder":"Domain\\Username"},"setup-bad-password-header":"Yanlış parola!","setup-bad-password":"Sunucuya giriş yapamadık. Parolanız yanlış olabilir mi?","setup-new-password":{"placeholder":"Yeni parola"},"setup-fix-password":"Yeni parola ile tekrar dene","setup-gmail-twofactor-header":"İki Faktör Etkin","setup-gmail-twofactor-message":"Aşağıya uygulamaya özel bir parola girmeniz gerekiyor.","setup-gmail-twofactor-fix":"Uygulama parolası kullan","setup-gmail-imap-header":"IMAP devre dışı","setup-gmail-imap-message":"Gmail hesabınızda IMAP'i etkinleştirmelisiniz ","setup-gmail-imap-retry":"Tekrar dene","setup-gmail-pop3-header":"POP3 devre dışı","setup-gmail-pop3-message":"Gmail hesabınızda POP3'ü etkinleştirmelisiniz","setup-gmail-pop3-retry":"Yeniden dene","settings-main-header":"Posta Ayarları","settings-sub-header-account":"Hesap","settings-account-name":"Adınız","settings-account-display-notifications":"Yeni ileti alındığında bildirim göster","settings-sub-header-data":"Veri","settings-account-check-mail":"Yeni iletileri denetle","settings-sub-header-server":"Sunucu ayarları","settings-account-userpass":"Kullanıcı adı ve parola","fld-account-picker-last-sync":"Son eşitleme: ","settings-done":"Bitti","settings-account-section":"Hesaplar","settings-account-add":"Hesap ekle","settings-account-delete":"Hesabı sil","settings-account-delete-prompt":"{{account}} e-posta hesabınızı silmek istediğinizden emin misiniz? Eğer hesabı tekrar oluşturursanız postalarınızı yeniden indirmek zorunda kalacaksınız.","settings-account-delete-cancel":"İptal","settings-account-delete-confirm":"Sil","settings-account-clarify-imap":"{{account-name}} (IMAP)","settings-account-clarify-pop3":"{{account-name}} (POP3)","settings-account-clarify-smtp":"{{account-name}} (SMTP)","settings-general-section":"Genel ayarlar","settings-show-images":"Resimleri her zaman göster","settings-download-attachments":"Ekleri indir","settings-check-every-5min":"5 dakikada bir","settings-check-every-10min":"10 dakikada bir","settings-check-every-15min":"15 dakikada bir","settings-check-every-30min":"30 dakikada bir","settings-check-every-60min":"Saatte bir","settings-check-every-manual":"Elle","settings-check-dynamic":{"_index":["plural","n"],"_":{"zero":"saniye","one":"{{ n }} saniye","two":"{{ n }} saniye","few":"{{ n }} saniye","many":"{{ n }} saniye","other":"{{ n }} saniye"}},"settings-default-account":"Varsayılan e-posta olarak ata","settings-account-type":"Hesap türü","settings-account-credentials":"Kimlik bilgileri","settings-activesync-label":"ActiveSync ayarları","settings-imap-label":"IMAP ayarları","settings-pop3-label":"POP3 ayarları","settings-smtp-label":"SMTP ayarları","settings-hostname":"Sunucu adı","settings-port":"Port","settings-username":"Kullanıcı adı","settings-password":"Parola","settings-save":"Kaydet","settings-password-empty":"Parola alanı boş olamaz","settings-account-synchronize-window":"Eşitlenecek gün sayısı","settings-synchronize-auto":"Otomatik","settings-synchronize-one-day":"1 gün","settings-synchronize-three-days":"3 gün","settings-synchronize-one-week":"1 hafta","settings-synchronize-two-weeks":"2 hafta","settings-synchronize-one-month":"1 ay","settings-synchronize-all":"Tüm iletiler","envelope-from":"Kimden","envelope-to":"Kime","envelope-cc":"Cc","envelope-bcc":"Bcc","reader-header":"Oku","compose-header":"Yeni ileti yaz","compose-header-short":"Yaz","compose-send":"Gönder","compose-to":"Kime","compose-cc":"cc","compose-bcc":"bcc","compose-attachments":{"_index":["plural","n"],"_":{"zero":"Ekler","one":"{{ n }} ek","two":"{{ n }} ek","few":"{{ n }} ek","many":"{{ n }} ek","other":"{{ n }} ek"}},"compose-subject":"Konu","compose-draft-save":"Yerel Taslaklar'a kaydet","compose-discard-message":"E-posta yok sayılsın mı?","compose-discard-confirm":"Yok say","compose-sending-message":"E-posta gönderiliyor","compose-send-message-failed":"E-posta gönderimi başarısız","composer-attachment-large":"Ek çok büyük","composer-attachments-large":"Ekler çok büyük","compose-attchment-size-exceeded":"Seçilen ek, bu mesajla gönderilemeyecek kadar büyük.","compose-attchments-size-exceeded":"Seçilen ekler bu mesajla gönderilemeyecek kadar büyük. Daha az dosya seçmeyi deneyin.","dialog-button-ok":"Tamam","default-attachment-filename":"ek{{ n }}","attachment-size-kib":"{{kilobytes}} K","message-attachment-view":{"textContent":"Göster"},"message-attachment-too-large":"This file is too large to download.","message-no-subject":"(konu yok)","message-edit-menu-delete":"Sil","message-edit-delete-confirm":"E-posta iletisi silinsin mi?","message-send-attachment-disabled-confirm":"Ekler iletilemiyor.","message-multiedit-header":{"_index":["plural","n"],"_":{"zero":"Düzenle","one":"{{ n }} seçildi","two":"{{ n }} seçildi","few":"{{ n }} seçildi","many":"{{ n }} seçildi","other":"{{ n }} seçildi"}},"browse-to-url-prompt":"Adrese git?: {{ url }}","message-download-images":{"_index":["plural","n"],"_":{"one":"Bu e-posta bir resim içeriyor. İndirmek için dokunun.","two":"Bu e-posta {{ n }} resim içeriyor. İndirmek için dokunun.","few":"Bu e-posta {{ n }} resim içeriyor. İndirmek için dokunun.","many":"Bu e-posta {{ n }} resim içeriyor. İndirmek için dokunun.","other":"Bu e-posta {{ n }} resim içeriyor. İndirmek için dokunun."}},"message-show-external-images":"Harici resimleri göster","message-multiedit-cancel":"İptal","message-multiedit-delete-confirm":{"_index":["plural","n"],"_":{"one":"Bu e-posta iletisi silinsin mi?","two":"{{ n }} e-posta iletisi silinsin mi?","few":"{{ n }} e-posta iletisi silinsin mi?","many":"{{ n }} e-posta iletisi silinsin mi?","other":"{{ n }} e-posta iletisi silinsin mi?"}},"message-large-message-cancel":"İptal","message-large-message-ok":"Devam et","message-large-message-confirm":"Bu mesaj büyük olduğu için indirilmesi biraz zaman alabilir.","message-search-from":"Kimden","message-search-to":"Kime","message-search-subject":"Konu","message-search-body":"Gövde","message-search-all":"Tümü","message-search-input":{"placeholder":"E-posta ara"},"message-search-cancel-accessible":"Aramayı iptal et","messages-syncing":"İletiler yükleniyor","messages-sync-more":"Sunucudan daha fazla ileti yükle","messages-folder-empty":"Bu klasörde posta yok","messages-search-empty":"Yerel önbellekteki iletilerde eşleşme bulunamadı","messages-folder-select":"Klasör seçin","message-contact-menu-create":"Yeni kişi kaydet","message-contact-menu-add-existing":"Mevcut kişiye ekle","message-contact-menu-view":"Kişiyi gör","message-contact-menu-reply":"Yanıtla","message-contact-menu-new":"Yeni posta gönder","message-reply-menu-reply":"Yanıtla","message-reply-menu-reply-all":"Tümüne yanıtla","message-reply-menu-forward":"İlet","message-reply-menu-cancel":"İptal","folder-list-header":"Klasörler","account-last-synced-label":"Son eşitleme: ","account-never-synced":"Hiçbir zaman","reply-quoting-wrote":"{name} şunu yazdı","forward-original-message":"Özgün ileti","forward-header-subject":"Konu","forward-header-date":"Tarih","forward-header-from":"Kimden","forward-header-reply-to":"Reply-To","forward-header-to":"Kime","forward-header-cc":"Cc","folder-inbox":"Gelen Kutusu","folder-sent":"Gönderilen","folder-drafts":"Taslaklar","folder-trash":"Çöp Kutusu","folder-queue":"Gönderilmemiş","folder-junk":"Önemsiz","folder-archives":"Arşiv","folder-localdrafts":"Yerel Taslaklar","toaster-undo":"Geri al","toaster-retry":"Tekrar dene","toaster-message-star":{"_index":["plural","n"],"_":{"one":"1 ileti işaretlendi","two":"{{ n }} ileti işaretlendi","few":"{{ n }} ileti işaretlendi","many":"{{ n }} ileti işaretlendi","other":"{{ n }} ileti işaretlendi"}},"toaster-message-unstar":{"_index":["plural","n"],"_":{"one":"1 iletinin işareti kaldırıldı","two":"{{ n }} iletinin işareti kaldırıldı","few":"{{ n }} iletinin işareti kaldırıldı","many":"{{ n }} iletinin işareti kaldırıldı","other":"{{ n }} iletinin işareti kaldırıldı"}},"toaster-message-read":{"_index":["plural","n"],"_":{"one":"1 ileti okundu olarak işaretlendi","two":"{{ n }} ileti okundu olarak işaretlendi","few":"{{ n }} ileti okundu olarak işaretlendi","many":"{{ n }} ileti okundu olarak işaretlendi","other":"{{ n }} ileti okundu olarak işaretlendi"}},"toaster-message-unread":{"_index":["plural","n"],"_":{"one":"1 ileti okunmadı olarak işaretlendi","two":"{{ n }} ileti okunmadı olarak işaretlendi","few":"{{ n }} ileti okunmadı olarak işaretlendi","many":"{{ n }} ileti okunmadı olarak işaretlendi","other":"{{ n }} ileti okunmadı olarak işaretlendi"}},"toaster-message-move":{"_index":["plural","n"],"_":{"one":"1 ileti taşındı","two":"{{ n }} ileti taşındı","few":"{{ n }} ileti taşındı","many":"{{ n }} ileti taşındı","other":"{{ n }} ileti taşındı"}},"toaster-message-delete":{"_index":["plural","n"],"_":{"one":"1 ileti silindi","two":"{{ n }} ileti silindi","few":"{{ n }} ileti silindi","many":"{{ n }} ileti silindi","other":"{{ n }} ileti silindi"}},"toaster-retryable-syncfailed":"Sunucuya bağlanılamadı","form-clear-input":"Metni kaldır","confirm-dialog-title":"Onay","senders-separation-sign":", ","new-emails":{"_index":["plural","n"],"_":{"one":"1 yeni e-posta","two":"{{ n }} yeni e-posta","few":"{{ n }} yeni e-posta","many":"{{ n }} yeni e-posta","other":"{{ n }} yeni e-posta"}},"new-emails-notify-one-account":{"_index":["plural","n"],"_":{"one":"1 yeni e-posta","two":"{{ n }} yeni e-posta","few":"{{ n }} yeni e-posta","many":"{{ n }} yeni e-posta","other":"{{ n }} yeni e-posta"}},"new-emails-notify-multiple-accounts":{"_index":["plural","n"],"_":{"one":"1 yeni e-posta ({{ accountName }})","two":"{{ n }} yeni e-posta ({{ accountName }})","few":"{{ n }} yeni e-posta ({{ accountName }})","many":"{{ n }} yeni e-posta ({{ accountName }})","other":"{{ n }} yeni e-posta ({{ accountName }})"}},"new-emails-notify-multiple-accounts-body":"{{ from }} “{{ subject }}”","weekday-0-long":"Pazar","weekday-1-long":"Pazartesi","weekday-2-long":"Salı","weekday-3-long":"Çarşamba","weekday-4-long":"Perşembe","weekday-5-long":"Cuma","weekday-6-long":"Cumartesi","weekday-0-short":"Pzr","weekday-1-short":"Pzt","weekday-2-short":"Sal","weekday-3-short":"Çar","weekday-4-short":"Per","weekday-5-short":"Cum","weekday-6-short":"Cmt","month-0-long":"Ocak","month-1-long":"Şubat","month-2-long":"Mart","month-3-long":"Nisan","month-4-long":"Mayıs","month-5-long":"Haziran","month-6-long":"Temmuz","month-7-long":"Ağustos","month-8-long":"Eylül","month-9-long":"Ekim","month-10-long":"Kasım","month-11-long":"Aralık","month-0-genitive":"Ocak","month-1-genitive":"Şubat","month-2-genitive":"Mart","month-3-genitive":"Nisan","month-4-genitive":"Mayıs","month-5-genitive":"Haziran","month-6-genitive":"Temmuz","month-7-genitive":"Ağustos","month-8-genitive":"Eylül","month-9-genitive":"Ekim","month-10-genitive":"Kasım","month-11-genitive":"Aralık","month-0-short":"Oca","month-1-short":"Şub","month-2-short":"Mar","month-3-short":"Nis","month-4-short":"May","month-5-short":"Haz","month-6-short":"Tem","month-7-short":"Ağu","month-8-short":"Eyl","month-9-short":"Eki","month-10-short":"Kas","month-11-short":"Ara","minutes-ago-long":{"_index":["plural","value"],"_":{"zero":"biraz önce","one":"bir dakika önce","two":"{{value}} dakika önce","few":"{{value}} dakika önce","many":"{{value}} dakika önce","other":"{{value}} dakika önce"}},"hours-ago-long":{"_index":["plural","value"],"_":{"zero":"biraz önce","one":"bir saat önce","two":"{{value}} saat önce","few":"{{value}} saat önce","many":"{{value}} saat önce","other":"{{value}} saat önce"}},"days-ago-long":{"_index":["plural","value"],"_":{"zero":"bugün","one":"dün","two":"{{value}} gün önce","few":"{{value}} gün önce","many":"{{value}} gün önce","other":"{{value}} gün önce"}},"weeks-ago-long":{"_index":["plural","value"],"_":{"zero":"bu hafta","one":"geçen hafta","two":"{{value}} hafta önce","few":"{{value}} hafta önce","many":"{{value}} hafta önce","other":"{{value}} hafta önce"}},"months-ago-long":{"_index":["plural","value"],"_":{"zero":"bu ay","one":"geçen ay","two":"{{value}} ay önce","few":"{{value}} ay önce","many":"{{value}} ay önce","other":"{{value}} ay önce"}},"years-ago-long":{"_index":["plural","value"],"_":{"zero":"bu yıl","one":"geçen yıl","two":"{{value}} yıl önce","few":"{{value}} yıl önce","many":"{{value}} yıl önce","other":"{{value}} yıl önce"}},"minutes-until-long":{"_index":["plural","value"],"_":{"zero":"şimdi","one":"bir dakika önce","two":"{{value}} dakika içinde","few":"{{value}} dakika içinde","many":"{{value}} dakika içinde","other":"{{value}} dakika içinde"}},"hours-until-long":{"_index":["plural","value"],"_":{"zero":"şimdi","one":"bir saat içinde","two":"{{value}} saat içinde","few":"{{value}} saat içinde","many":"{{value}} saat içinde","other":"{{value}} saat içinde"}},"days-until-long":{"_index":["plural","value"],"_":{"zero":"bugün","one":"dün","two":"{{value}} gün içinde","few":"{{value}} gün içinde","many":"{{value}} gün içinde","other":"{{value}} gün içinde"}},"weeks-until-long":{"_index":["plural","value"],"_":{"zero":"bu hafta","one":"gelecek hafta","two":"{{value}} hafta içinde","few":"{{value}} hafta içinde","many":"{{value}} hafta içinde","other":"{{value}} hafta içinde"}},"months-until-long":{"_index":["plural","value"],"_":{"zero":"bu ay","one":"gelecek ay","two":"{{value}} ay içinde","few":"{{value}} ay içinde","many":"{{value}} ay içinde","other":"{{value}} ay içinde"}},"years-until-long":{"_index":["plural","value"],"_":{"zero":"bu yıl","one":"gelecek yıl","two":"{{value}} yıl içinde","few":"{{value}} yıl içinde","many":"{{value}} yıl içinde","other":"{{value}} yıl içinde"}},"minutes-ago-short":{"_index":["plural","value"],"_":{"zero":"biraz önce","other":"{{value}} dk önce"}},"hours-ago-short":{"_index":["plural","value"],"_":{"zero":"biraz önce","other":"{{value}} saat önce"}},"days-ago-short":{"_index":["plural","value"],"_":{"zero":"bugün","other":"{{value}} gün önce"}},"minutes-until-short":{"_index":["plural","value"],"_":{"zero":"şimdi","other":"{{value}} dk içinde"}},"hours-until-short":{"_index":["plural","value"],"_":{"zero":"şimdi","other":"{{value}} saat içinde"}},"days-until-short":{"_index":["plural","value"],"_":{"zero":"bugün","other":"{{value}} gün içinde"}},"incorrectDate":"(geçersiz tarih)","dateTimeFormat_%c":"%e %b %Y %a %H:%M:%S","dateTimeFormat_%x":"%d/%m/%Y","dateTimeFormat_%X":"%H:%M:%S","shortTimeFormat":"%H:%M","shortDateTimeFormat":"%x %H:%M","weekStartsOnMonday":"1","time_am":"ÖÖ","time_pm":"ÖS"}